2 1
3 1
4 1
5 1
6 1
8 1
17 1
21 1
23 1
24 1
28 1
45 1
50 1
51 1
53 1
63 1
65 1
71 1
73 1
74 1
75 1
86 1
87 1
96 1
99 1
107 1
120 1
129 1
132 1
134 1
143 1
144 1
145 1
149 1
164 1
165 1
173 1
181 1
184 1
190 1
193 1
201 1
216 1
224 1
225 1
253 1
264 1
269 1
283 1
290 1
296 1
297 1
302 1
311 1
312 1
315 1
325 1
326 1
329 1
335 1
340 1
343 1
347 1
358 1
359 1
364 1
368 1
377 1
378 1
396 1
405 1
417 1
429 1
434 1
435 1
436 1
447 1
453 1
456 1
463 1
465 1
473 1
474 1
485 1
496 1
1 2
3 2
4 2
5 2
6 2
7 2
8 2
9 2
10 2
11 2
12 2
13 2
14 2
15 2
16 2
17 2
18 2
19 2
20 2
21 2
22 2
23 2
24 2
25 2
26 2
27 2
28 2
29 2
30 2
31 2
32 2
33 2
34 2
37 2
38 2
39 2
40 2
41 2
42 2
43 2
44 2
45 2
46 2
47 2
48 2
49 2
50 2
51 2
52 2
53 2
54 2
56 2
57 2
58 2
59 2
61 2
62 2
63 2
64 2
65 2
66 2
67 2
68 2
69 2
70 2
71 2
72 2
73 2
75 2
77 2
79 2
80 2
81 2
83 2
85 2
86 2
87 2
88 2
89 2
90 2
91 2
92 2
93 2
94 2
96 2
98 2
99 2
101 2
102 2
105 2
106 2
107 2
108 2
110 2
112 2
114 2
115 2
117 2
118 2
119 2
120 2
121 2
123 2
124 2
125 2
126 2
127 2
128 2
129 2
130 2
132 2
133 2
134 2
135 2
136 2
137 2
138 2
139 2
140 2
142 2
143 2
144 2
145 2
146 2
147 2
149 2
150 2
151 2
152 2
153 2
154 2
155 2
156 2
157 2
158 2
159 2
160 2
162 2
163 2
164 2
165 2
166 2
167 2
168 2
169 2
170 2
173 2
175 2
176 2
177 2
178 2
179 2
180 2
181 2
182 2
183 2
184 2
185 2
186 2
187 2
188 2
189 2
190 2
191 2
193 2
194 2
195 2
196 2
197 2
199 2
201 2
203 2
204 2
206 2
207 2
208 2
209 2
211 2
212 2
214 2
215 2
216 2
217 2
218 2
219 2
220 2
222 2
223 2
224 2
225 2
226 2
228 2
229 2
230 2
231 2
233 2
234 2
236 2
237 2
238 2
239 2
241 2
243 2
244 2
245 2
246 2
247 2
249 2
250 2
251 2
252 2
253 2
254 2
255 2
256 2
257 2
258 2
259 2
260 2
261 2
262 2
264 2
265 2
267 2
268 2
269 2
270 2
271 2
274 2
276 2
277 2
278 2
279 2
280 2
281 2
282 2
283 2
284 2
285 2
286 2
287 2
288 2
289 2
290 2
291 2
293 2
294 2
295 2
296 2
297 2
299 2
301 2
302 2
303 2
305 2
306 2
307 2
308 2
309 2
310 2
311 2
312 2
313 2
315 2
316 2
317 2
318 2
319 2
320 2
322 2
323 2
324 2
325 2
326 2
327 2
328 2
329 2
330 2
331 2
333 2
334 2
335 2
336 2
340 2
341 2
343 2
345 2
346 2
347 2
348 2
349 2
350 2
351 2
352 2
354 2
357 2
358 2
359 2
361 2
364 2
365 2
366 2
367 2
368 2
369 2
370 2
371 2
372 2
373 2
374 2
375 2
377 2
378 2
379 2
380 2
381 2
382 2
383 2
387 2
389 2
390 2
392 2
393 2
395 2
396 2
399 2
400 2
402 2
403 2
404 2
405 2
406 2
407 2
408 2
409 2
410 2
412 2
413 2
414 2
415 2
417 2
419 2
420 2
423 2
424 2
425 2
426 2
427 2
428 2
429 2
430 2
431 2
432 2
433 2
434 2
435 2
436 2
437 2
438 2
439 2
441 2
442 2
443 2
444 2
446 2
447 2
448 2
449 2
450 2
451 2
453 2
454 2
456 2
457 2
458 2
459 2
460 2
461 2
462 2
463 2
465 2
466 2
467 2
468 2
469 2
470 2
471 2
472 2
473 2
474 2
475 2
476 2
477 2
478 2
479 2
481 2
482 2
483 2
484 2
485 2
486 2
487 2
488 2
489 2
490 2
492 2
494 2
495 2
496 2
497 2
498 2
499 2
500 2
1 3
2 3
4 3
5 3
6 3
7 3
8 3
9 3
10 3
11 3
12 3
13 3
14 3
15 3
16 3
17 3
18 3
19 3
20 3
21 3
22 3
23 3
24 3
25 3
26 3
27 3
28 3
29 3
30 3
31 3
32 3
33 3
34 3
35 3
36 3
37 3
38 3
39 3
40 3
41 3
42 3
43 3
44 3
45 3
46 3
47 3
48 3
49 3
50 3
51 3
52 3
53 3
54 3
56 3
57 3
58 3
59 3
60 3
61 3
62 3
63 3
64 3
65 3
66 3
67 3
68 3
69 3
70 3
71 3
72 3
73 3
74 3
75 3
77 3
78 3
79 3
80 3
81 3
83 3
85 3
86 3
87 3
88 3
89 3
90 3
91 3
92 3
93 3
94 3
96 3
97 3
98 3
99 3
101 3
102 3
103 3
105 3
106 3
107 3
108 3
110 3
111 3
112 3
113 3
114 3
115 3
117 3
118 3
119 3
120 3
121 3
123 3
124 3
125 3
127 3
128 3
129 3
130 3
132 3
133 3
134 3
135 3
136 3
137 3
138 3
139 3
140 3
141 3
142 3
143 3
144 3
145 3
146 3
147 3
148 3
149 3
150 3
151 3
152 3
153 3
154 3
155 3
156 3
157 3
158 3
159 3
160 3
162 3
163 3
164 3
165 3
166 3
167 3
168 3
169 3
170 3
171 3
172 3
173 3
174 3
175 3
176 3
177 3
178 3
179 3
180 3
181 3
182 3
183 3
184 3
185 3
186 3
187 3
188 3
189 3
190 3
191 3
192 3
193 3
194 3
195 3
196 3
197 3
199 3
201 3
202 3
203 3
204 3
206 3
207 3
208 3
209 3
211 3
212 3
213 3
214 3
215 3
216 3
217 3
218 3
219 3
220 3
222 3
224 3
225 3
226 3
227 3
228 3
229 3
230 3
231 3
233 3
234 3
235 3
236 3
237 3
238 3
239 3
241 3
243 3
244 3
245 3
246 3
247 3
249 3
250 3
251 3
252 3
253 3
254 3
255 3
257 3
258 3
259 3
260 3
261 3
262 3
264 3
265 3
267 3
268 3
269 3
270 3
271 3
274 3
276 3
277 3
278 3
279 3
280 3
281 3
282 3
283 3
284 3
285 3
286 3
287 3
288 3
289 3
290 3
291 3
292 3
293 3
294 3
295 3
296 3
297 3
299 3
301 3
302 3
303 3
305 3
306 3
307 3
308 3
309 3
310 3
311 3
312 3
313 3
315 3
316 3
317 3
318 3
319 3
320 3
322 3
323 3
324 3
325 3
326 3
327 3
328 3
329 3
330 3
331 3
333 3
334 3
335 3
336 3
339 3
340 3
341 3
342 3
343 3
345 3
346 3
347 3
348 3
349 3
350 3
351 3
352 3
354 3
357 3
358 3
359 3
360 3
361 3
364 3
365 3
366 3
367 3
368 3
369 3
370 3
371 3
372 3
373 3
374 3
375 3
376 3
377 3
378 3
379 3
380 3
381 3
382 3
383 3
384 3
386 3
387 3
389 3
390 3
392 3
393 3
395 3
396 3
399 3
400 3
402 3
403 3
404 3
405 3
406 3
407 3
408 3
409 3
410 3
412 3
413 3
414 3
415 3
417 3
419 3
420 3
422 3
423 3
424 3
425 3
426 3
427 3
428 3
429 3
430 3
431 3
432 3
434 3
435 3
436 3
437 3
438 3
439 3
441 3
442 3
443 3
444 3
446 3
447 3
448 3
449 3
450 3
451 3
453 3
454 3
456 3
457 3
458 3
459 3
460 3
461 3
462 3
463 3
465 3
466 3
467 3
468 3
469 3
470 3
471 3
472 3
473 3
474 3
475 3
476 3
477 3
478 3
479 3
481 3
482 3
483 3
484 3
485 3
486 3
487 3
488 3
489 3
490 3
492 3
494 3
495 3
496 3
497 3
498 3
499 3
500 3
2 4
3 4
5 4
6 4
7 4
9 4
14 4
15 4
17 4
18 4
19 4
21 4
23 4
24 4
25 4
26 4
27 4
28 4
30 4
31 4
34 4
39 4
42 4
43 4
45 4
47 4
48 4
50 4
51 4
52 4
53 4
56 4
59 4
60 4
62 4
63 4
64 4
65 4
66 4
67 4
68 4
70 4
72 4
73 4
75 4
81 4
85 4
86 4
88 4
89 4
91 4
96 4
97 4
98 4
99 4
101 4
102 4
108 4
110 4
111 4
112 4
118 4
119 4
120 4
121 4
123 4
125 4
128 4
129 4
130 4
133 4
134 4
135 4
138 4
140 4
142 4
143 4
145 4
147 4
149 4
151 4
152 4
153 4
155 4
159 4
165 4
166 4
167 4
168 4
173 4
176 4
183 4
189 4
190 4
191 4
194 4
195 4
197 4
203 4
207 4
209 4
214 4
217 4
219 4
222 4
224 4
225 4
226 4
228 4
229 4
235 4
239 4
243 4
244 4
245 4
247 4
251 4
253 4
258 4
267 4
268 4
274 4
276 4
277 4
283 4
285 4
287 4
290 4
291 4
295 4
297 4
301 4
302 4
307 4
311 4
312 4
317 4
325 4
329 4
345 4
347 4
358 4
359 4
364 4
369 4
378 4
392 4
393 4
399 4
402 4
403 4
405 4
408 4
412 4
414 4
415 4
417 4
420 4
423 4
425 4
428 4
429 4
431 4
432 4
435 4
436 4
441 4
443 4
444 4
446 4
448 4
453 4
454 4
457 4
496 4
2 5
3 5
4 5
6 5
9 5
14 5
17 5
22 5
23 5
30 5
38 5
40 5
45 5
50 5
53 5
56 5
62 5
63 5
65 5
71 5
73 5
86 5
87 5
93 5
96 5
99 5
120 5
124 5
130 5
134 5
145 5
149 5
159 5
165 5
190 5
207 5
222 5
225 5
228 5
229 5
234 5
235 5
243 5
244 5
245 5
246 5
247 5
255 5
258 5
264 5
269 5
271 5
280 5
287 5
294 5
297 5
303 5
312 5
318 5
326 5
350 5
359 5
366 5
369 5
390 5
396 5
399 5
404 5
412 5
432 5
436 5
446 5
462 5
468 5
474 5
497 5
2 6
3 6
4 6
5 6
7 6
8 6
9 6
12 6
15 6
17 6
18 6
20 6
21 6
23 6
24 6
25 6
26 6
28 6
31 6
32 6
34 6
35 6
38 6
39 6
42 6
43 6
45 6
50 6
51 6
52 6
53 6
54 6
56 6
57 6
58 6
62 6
63 6
64 6
65 6
66 6
67 6
71 6
72 6
73 6
74 6
75 6
77 6
85 6
86 6
88 6
89 6
91 6
94 6
96 6
97 6
98 6
99 6
101 6
106 6
108 6
111 6
112 6
117 6
118 6
119 6
120 6
121 6
128 6
129 6
133 6
134 6
135 6
138 6
143 6
145 6
148 6
149 6
153 6
154 6
159 6
162 6
165 6
166 6
169 6
170 6
171 6
173 6
176 6
180 6
182 6
183 6
184 6
185 6
190 6
194 6
195 6
197 6
199 6
201 6
207 6
209 6
212 6
214 6
219 6
222 6
224 6
225 6
228 6
229 6
235 6
236 6
238 6
243 6
244 6
245 6
247 6
249 6
251 6
253 6
254 6
257 6
258 6
262 6
264 6
268 6
269 6
271 6
274 6
276 6
277 6
279 6
283 6
285 6
288 6
294 6
295 6
296 6
297 6
301 6
307 6
309 6
311 6
312 6
317 6
325 6
327 6
329 6
335 6
336 6
347 6
351 6
359 6
364 6
367 6
368 6
369 6
378 6
392 6
393 6
399 6
402 6
403 6
405 6
406 6
408 6
412 6
414 6
415 6
417 6
420 6
423 6
425 6
428 6
429 6
431 6
432 6
434 6
435 6
436 6
441 6
442 6
444 6
446 6
451 6
453 6
454 6
456 6
457 6
458 6
460 6
461 6
463 6
465 6
468 6
469 6
474 6
476 6
482 6
483 6
486 6
490 6
492 6
494 6
495 6
496 6
497 6
498 6
500 6
3 7
4 7
5 7
6 7
9 7
15 7
18 7
19 7
21 7
23 7
24 7
25 7
28 7
30 7
33 7
34 7
35 7
38 7
39 7
42 7
47 7
51 7
52 7
53 7
56 7
60 7
62 7
63 7
64 7
65 7
67 7
68 7
71 7
73 7
74 7
83 7
86 7
89 7
97 7
107 7
112 7
120 7
121 7
134 7
135 7
143 7
145 7
149 7
152 7
165 7
176 7
183 7
190 7
195 7
203 7
207 7
209 7
212 7
216 7
219 7
228 7
235 7
243 7
247 7
257 7
288 7
297 7
307 7
311 7
345 7
359 7
364 7
368 7
380 7
399 7
432 7
446 7
462 7
463 7
473 7
2 8
3 8
4 8
5 8
6 8
9 8
12 8
13 8
15 8
16 8
17 8
18 8
21 8
23 8
24 8
25 8
26 8
27 8
28 8
30 8
31 8
34 8
37 8
38 8
39 8
40 8
43 8
45 8
46 8
47 8
48 8
49 8
51 8
52 8
53 8
54 8
56 8
57 8
58 8
59 8
60 8
62 8
64 8
65 8
66 8
67 8
71 8
73 8
74 8
75 8
77 8
78 8
79 8
80 8
81 8
83 8
85 8
86 8
87 8
88 8
92 8
93 8
98 8
99 8
101 8
106 8
110 8
111 8
114 8
115 8
118 8
121 8
123 8
124 8
125 8
127 8
129 8
132 8
134 8
135 8
138 8
139 8
141 8
142 8
143 8
145 8
146 8
149 8
150 8
152 8
155 8
158 8
160 8
162 8
164 8
165 8
166 8
167 8
168 8
169 8
170 8
173 8
175 8
176 8
177 8
178 8
180 8
181 8
183 8
184 8
185 8
186 8
188 8
189 8
190 8
191 8
193 8
194 8
196 8
199 8
206 8
207 8
212 8
214 8
215 8
216 8
217 8
223 8
224 8
225 8
228 8
229 8
233 8
234 8
235 8
238 8
239 8
243 8
244 8
246 8
247 8
251 8
252 8
253 8
257 8
258 8
260 8
261 8
264 8
265 8
267 8
268 8
269 8
270 8
274 8
276 8
277 8
278 8
280 8
281 8
283 8
284 8
285 8
287 8
288 8
289 8
290 8
291 8
294 8
295 8
296 8
297 8
299 8
301 8
302 8
303 8
305 8
306 8
308 8
309 8
311 8
312 8
315 8
316 8
318 8
320 8
324 8
325 8
327 8
328 8
329 8
331 8
333 8
335 8
336 8
340 8
342 8
343 8
347 8
350 8
354 8
358 8
359 8
365 8
366 8
368 8
369 8
371 8
373 8
375 8
377 8
378 8
379 8
380 8
382 8
383 8
384 8
389 8
392 8
393 8
395 8
399 8
402 8
403 8
405 8
408 8
409 8
412 8
413 8
414 8
415 8
417 8
420 8
423 8
425 8
427 8
428 8
429 8
430 8
431 8
432 8
434 8
435 8
436 8
437 8
438 8
439 8
441 8
442 8
443 8
444 8
446 8
447 8
448 8
449 8
450 8
451 8
453 8
454 8
456 8
457 8
459 8
460 8
461 8
462 8
463 8
466 8
468 8
469 8
470 8
471 8
472 8
473 8
474 8
476 8
477 8
478 8
479 8
484 8
485 8
487 8
488 8
489 8
490 8
496 8
2 9
3 9
4 9
5 9
12 9
14 9
16 9
17 9
20 9
21 9
23 9
26 9
30 9
31 9
32 9
39 9
40 9
42 9
51 9
53 9
56 9
62 9
63 9
65 9
73 9
75 9
86 9
87 9
118 9
119 9
120 9
121 9
124 9
128 9
134 9
135 9
136 9
143 9
145 9
147 9
149 9
156 9
165 9
168 9
170 9
176 9
183 9
190 9
191 9
194 9
199 9
201 9
207 9
208 9
212 9
216 9
222 9
224 9
228 9
229 9
233 9
236 9
237 9
241 9
243 9
244 9
245 9
247 9
251 9
253 9
255 9
260 9
262 9
264 9
265 9
276 9
277 9
279 9
280 9
285 9
287 9
291 9
293 9
297 9
301 9
302 9
311 9
312 9
317 9
318 9
319 9
325 9
326 9
327 9
335 9
340 9
349 9
358 9
359 9
372 9
374 9
377 9
393 9
399 9
402 9
403 9
405 9
408 9
410 9
412 9
414 9
415 9
420 9
423 9
425 9
428 9
429 9
432 9
435 9
436 9
441 9
444 9
446 9
447 9
451 9
453 9
454 9
457 9
458 9
460 9
461 9
462 9
463 9
465 9
468 9
469 9
473 9
482 9
483 9
486 9
490 9
492 9
494 9
495 9
496 9
497 9
498 9
500 9
2 10
3 10
4 10
5 10
6 10
7 10
9 10
12 10
14 10
15 10
16 10
17 10
18 10
19 10
21 10
23 10
24 10
25 10
26 10
27 10
28 10
29 10
30 10
31 10
32 10
33 10
34 10
35 10
38 10
39 10
40 10
42 10
43 10
45 10
47 10
48 10
49 10
51 10
52 10
53 10
54 10
56 10
57 10
59 10
60 10
61 10
62 10
63 10
64 10
65 10
66 10
67 10
68 10
69 10
71 10
72 10
73 10
74 10
75 10
77 10
78 10
79 10
80 10
81 10
83 10
85 10
86 10
87 10
89 10
91 10
92 10
93 10
94 10
96 10
97 10
98 10
99 10
101 10
102 10
105 10
107 10
110 10
111 10
112 10
114 10
117 10
118 10
119 10
120 10
121 10
123 10
124 10
125 10
128 10
129 10
132 10
133 10
134 10
135 10
137 10
138 10
139 10
141 10
142 10
143 10
144 10
145 10
147 10
148 10
149 10
151 10
152 10
153 10
154 10
156 10
157 10
159 10
162 10
165 10
166 10
167 10
168 10
169 10
170 10
172 10
173 10
174 10
176 10
180 10
181 10
182 10
183 10
184 10
185 10
187 10
190 10
191 10
194 10
195 10
197 10
198 10
199 10
201 10
202 10
203 10
204 10
207 10
208 10
209 10
213 10
214 10
216 10
219 10
222 10
224 10
227 10
228 10
233 10
234 10
235 10
236 10
237 10
238 10
241 10
243 10
245 10
246 10
247 10
249 10
251 10
253 10
254 10
257 10
258 10
259 10
260 10
262 10
264 10
268 10
269 10
271 10
274 10
276 10
277 10
279 10
283 10
285 10
286 10
288 10
291 10
292 10
293 10
294 10
295 10
296 10
297 10
299 10
301 10
302 10
303 10
306 10
307 10
310 10
311 10
312 10
313 10
316 10
317 10
319 10
325 10
327 10
329 10
334 10
340 10
342 10
345 10
349 10
350 10
351 10
359 10
364 10
368 10
369 10
370 10
372 10
378 10
380 10
392 10
393 10
396 10
399 10
402 10
403 10
405 10
406 10
408 10
410 10
412 10
414 10
415 10
419 10
420 10
423 10
425 10
427 10
428 10
429 10
431 10
432 10
434 10
435 10
436 10
439 10
441 10
442 10
443 10
444 10
446 10
451 10
453 10
454 10
456 10
457 10
459 10
460 10
463 10
468 10
473 10
474 10
486 10
487 10
496 10
499 10
5 11
9 11
12 11
13 11
17 11
21 11
23 11
25 11
26 11
31 11
45 11
51 11
52 11
63 11
65 11
73 11
86 11
99 11
119 11
145 11
149 11
190 11
207 11
214 11
234 11
243 11
264 11
307 11
326 11
432 11
2 12
3 12
4 12
5 12
6 12
8 12
9 12
10 12
11 12
12 12
13 12
16 12
17 12
18 12
19 12
20 12
21 12
23 12
24 12
25 12
26 12
28 12
29 12
30 12
31 12
32 12
34 12
35 12
37 12
38 12
39 12
40 12
43 12
44 12
45 12
46 12
47 12
48 12
49 12
50 12
51 12
52 12
53 12
54 12
56 12
57 12
58 12
59 12
60 12
61 12
62 12
63 12
64 12
65 12
66 12
68 12
71 12
73 12
75 12
77 12
78 12
79 12
80 12
81 12
83 12
85 12
86 12
87 12
88 12
92 12
96 12
98 12
99 12
101 12
102 12
105 12
106 12
110 12
111 12
112 12
114 12
115 12
117 12
119 12
120 12
121 12
124 12
125 12
126 12
128 12
129 12
130 12
132 12
133 12
134 12
135 12
138 12
139 12
140 12
142 12
143 12
144 12
145 12
146 12
147 12
148 12
149 12
150 12
151 12
152 12
154 12
155 12
156 12
158 12
159 12
164 12
165 12
167 12
168 12
169 12
170 12
171 12
172 12
173 12
175 12
176 12
177 12
178 12
179 12
180 12
181 12
183 12
184 12
186 12
187 12
188 12
189 12
190 12
191 12
193 12
194 12
195 12
196 12
197 12
199 12
204 12
206 12
207 12
209 12
211 12
212 12
214 12
215 12
216 12
217 12
219 12
222 12
224 12
225 12
228 12
229 12
230 12
233 12
234 12
235 12
238 12
239 12
243 12
245 12
246 12
247 12
251 12
253 12
254 12
257 12
258 12
259 12
260 12
261 12
264 12
265 12
268 12
269 12
270 12
271 12
274 12
276 12
277 12
278 12
279 12
280 12
281 12
282 12
283 12
285 12
286 12
287 12
288 12
289 12
290 12
291 12
294 12
295 12
296 12
297 12
299 12
301 12
302 12
303 12
305 12
306 12
308 12
311 12
312 12
315 12
316 12
317 12
318 12
324 12
325 12
326 12
327 12
328 12
330 12
331 12
333 12
335 12
336 12
340 12
341 12
342 12
343 12
347 12
350 12
351 12
354 12
357 12
358 12
359 12
361 12
364 12
365 12
366 12
368 12
369 12
370 12
371 12
373 12
374 12
375 12
377 12
378 12
379 12
380 12
381 12
383 12
384 12
393 12
395 12
396 12
399 12
400 12
402 12
403 12
404 12
405 12
408 12
409 12
412 12
414 12
415 12
417 12
420 12
423 12
424 12
425 12
426 12
427 12
428 12
429 12
430 12
431 12
432 12
434 12
435 12
436 12
438 12
439 12
441 12
442 12
443 12
444 12
446 12
447 12
450 12
451 12
453 12
454 12
456 12
457 12
459 12
460 12
461 12
462 12
463 12
465 12
467 12
469 12
470 12
472 12
473 12
474 12
476 12
478 12
479 12
481 12
482 12
483 12
487 12
488 12
489 12
493 12
494 12
496 12
499 12
2 13
3 13
5 13
9 13
12 13
17 13
21 13
22 13
23 13
25 13
26 13
34 13
38 13
39 13
45 13
48 13
51 13
52 13
53 13
56 13
63 13
65 13
66 13
86 13
98 13
99 13
119 13
145 13
149 13
180 13
184 13
190 13
207 13
224 13
229 13
234 13
243 13
245 13
247 13
251 13
264 13
280 13
294 13
301 13
302 13
311 13
312 13
326 13
368 13
377 13
378 13
414 13
432 13
436 13
446 13
453 13
476 13
2 14
3 14
4 14
5 14
17 14
21 14
23 14
25 14
51 14
56 14
65 14
73 14
86 14
124 14
145 14
149 14
167 14
177 14
190 14
199 14
207 14
216 14
225 14
228 14
229 14
243 14
247 14
276 14
294 14
297 14
311 14
340 14
359 14
399 14
408 14
412 14
436 14
447 14
457 14
474 14
2 15
3 15
4 15
5 15
7 15
8 15
9 15
12 15
17 15
18 15
19 15
22 15
27 15
28 15
51 15
52 15
54 15
56 15
62 15
63 15
65 15
66 15
70 15
73 15
75 15
78 15
80 15
85 15
86 15
102 15
108 15
119 15
120 15
121 15
124 15
128 15
133 15
143 15
144 15
145 15
147 15
149 15
176 15
183 15
190 15
194 15
195 15
207 15
214 15
216 15
224 15
225 15
228 15
229 15
243 15
257 15
258 15
276 15
280 15
283 15
285 15
293 15
297 15
299 15
301 15
302 15
307 15
312 15
317 15
347 15
350 15
359 15
364 15
366 15
368 15
370 15
372 15
377 15
412 15
417 15
436 15
457 15
463 15
474 15
498 15
2 16
3 16
9 16
12 16
14 16
17 16
18 16
22 16
23 16
24 16
30 16
38 16
39 16
40 16
47 16
53 16
54 16
56 16
58 16
59 16
63 16
64 16
65 16
80 16
81 16
93 16
98 16
110 16
129 16
133 16
145 16
149 16
151 16
152 16
165 16
167 16
168 16
173 16
189 16
190 16
194 16
197 16
214 16
216 16
217 16
223 16
224 16
225 16
229 16
234 16
239 16
246 16
247 16
264 16
280 16
303 16
312 16
315 16
317 16
323 16
350 16
368 16
369 16
378 16
380 16
399 16
400 16
425 16
431 16
446 16
451 16
453 16
459 16
463 16
473 16
496 16
2 17
3 17
4 17
5 17
6 17
8 17
9 17
10 17
11 17
12 17
13 17
14 17
15 17
16 17
18 17
19 17
20 17
21 17
23 17
24 17
25 17
28 17
30 17
32 17
37 17
40 17
43 17
44 17
45 17
46 17
47 17
48 17
50 17
51 17
52 17
54 17
56 17
58 17
59 17
60 17
61 17
62 17
63 17
64 17
65 17
66 17
73 17
75 17
81 17
86 17
87 17
88 17
92 17
96 17
99 17
101 17
105 17
110 17
112 17
120 17
123 17
124 17
125 17
128 17
129 17
132 17
133 17
134 17
135 17
136 17
139 17
142 17
143 17
144 17
145 17
146 17
149 17
152 17
154 17
155 17
158 17
162 17
165 17
167 17
168 17
170 17
171 17
173 17
176 17
177 17
178 17
179 17
180 17
181 17
183 17
184 17
189 17
190 17
191 17
193 17
194 17
199 17
201 17
207 17
209 17
212 17
216 17
217 17
222 17
224 17
228 17
229 17
230 17
233 17
234 17
239 17
241 17
243 17
244 17
245 17
246 17
247 17
249 17
251 17
253 17
254 17
257 17
258 17
262 17
264 17
267 17
269 17
274 17
276 17
277 17
279 17
280 17
283 17
285 17
286 17
294 17
295 17
296 17
297 17
299 17
301 17
302 17
303 17
307 17
311 17
312 17
315 17
316 17
317 17
318 17
323 17
324 17
325 17
326 17
330 17
333 17
340 17
345 17
347 17
349 17
350 17
358 17
359 17
361 17
365 17
366 17
368 17
369 17
373 17
375 17
377 17
378 17
381 17
389 17
392 17
393 17
396 17
399 17
402 17
403 17
405 17
407 17
408 17
412 17
414 17
415 17
417 17
420 17
423 17
425 17
428 17
429 17
432 17
435 17
436 17
437 17
441 17
442 17
443 17
444 17
446 17
447 17
451 17
453 17
454 17
456 17
457 17
458 17
459 17
460 17
461 17
462 17
463 17
465 17
466 17
468 17
469 17
472 17
473 17
474 17
479 17
482 17
483 17
485 17
486 17
489 17
490 17
492 17
494 17
495 17
496 17
497 17
498 17
500 17
2 18
3 18
4 18
5 18
6 18
9 18
12 18
16 18
17 18
19 18
20 18
21 18
23 18
25 18
27 18
28 18
30 18
31 18
32 18
33 18
34 18
35 18
38 18
39 18
41 18
42 18
43 18
45 18
47 18
49 18
51 18
52 18
53 18
54 18
56 18
57 18
58 18
59 18
60 18
62 18
63 18
65 18
66 18
67 18
68 18
71 18
72 18
73 18
74 18
75 18
78 18
80 18
81 18
83 18
85 18
86 18
88 18
89 18
92 18
93 18
96 18
98 18
99 18
101 18
102 18
105 18
106 18
108 18
110 18
111 18
112 18
117 18
118 18
119 18
120 18
121 18
123 18
124 18
125 18
128 18
129 18
130 18
132 18
133 18
134 18
135 18
139 18
140 18
143 18
145 18
147 18
148 18
149 18
150 18
151 18
152 18
153 18
155 18
157 18
163 18
164 18
165 18
166 18
167 18
168 18
173 18
174 18
175 18
176 18
182 18
183 18
185 18
187 18
188 18
190 18
191 18
194 18
195 18
197 18
199 18
201 18
206 18
207 18
208 18
209 18
212 18
214 18
216 18
219 18
222 18
224 18
225 18
228 18
229 18
230 18
233 18
234 18
235 18
236 18
237 18
239 18
241 18
243 18
244 18
245 18
246 18
247 18
251 18
254 18
255 18
257 18
258 18
260 18
261 18
262 18
264 18
267 18
268 18
269 18
271 18
274 18
276 18
277 18
278 18
279 18
280 18
281 18
283 18
285 18
287 18
288 18
289 18
293 18
294 18
295 18
296 18
297 18
299 18
301 18
305 18
307 18
311 18
312 18
315 18
316 18
317 18
320 18
324 18
325 18
327 18
331 18
334 18
335 18
336 18
342 18
345 18
347 18
348 18
350 18
351 18
358 18
359 18
367 18
369 18
375 18
377 18
378 18
383 18
389 18
392 18
393 18
395 18
399 18
402 18
403 18
405 18
407 18
408 18
412 18
414 18
415 18
417 18
420 18
422 18
425 18
427 18
428 18
429 18
430 18
431 18
432 18
434 18
435 18
436 18
441 18
442 18
443 18
444 18
446 18
447 18
449 18
451 18
453 18
454 18
456 18
457 18
458 18
459 18
460 18
461 18
462 18
463 18
465 18
469 18
471 18
482 18
483 18
486 18
490 18
492 18
494 18
495 18
496 18
497 18
498 18
499 18
500 18
2 19
3 19
4 19
5 19
6 19
7 19
9 19
12 19
15 19
16 19
17 19
18 19
21 19
23 19
24 19
25 19
26 19
28 19
29 19
30 19
31 19
33 19
34 19
35 19
38 19
39 19
40 19
41 19
42 19
43 19
45 19
48 19
51 19
52 19
53 19
56 19
57 19
58 19
59 19
60 19
61 19
63 19
65 19
66 19
67 19
68 19
71 19
72 19
73 19
75 19
83 19
85 19
86 19
92 19
93 19
99 19
101 19
102 19
105 19
107 19
110 19
119 19
120 19
121 19
123 19
124 19
127 19
128 19
129 19
134 19
142 19
143 19
145 19
148 19
149 19
152 19
153 19
154 19
159 19
162 19
165 19
169 19
170 19
173 19
185 19
190 19
193 19
194 19
195 19
199 19
201 19
207 19
209 19
212 19
224 19
225 19
228 19
236 19
237 19
239 19
241 19
243 19
251 19
257 19
258 19
265 19
268 19
274 19
280 19
283 19
285 19
295 19
296 19
297 19
302 19
303 19
311 19
312 19
317 19
325 19
347 19
350 19
359 19
364 19
366 19
368 19
369 19
370 19
378 19
399 19
402 19
403 19
405 19
417 19
426 19
436 19
441 19
442 19
446 19
451 19
453 19
457 19
460 19
463 19
468 19
469 19
473 19
474 19
483 19
496 19
2 20
3 20
4 20
5 20
6 20
8 20
9 20
12 20
13 20
14 20
16 20
17 20
18 20
19 20
21 20
22 20
23 20
24 20
25 20
26 20
27 20
28 20
29 20
30 20
31 20
33 20
34 20
35 20
38 20
39 20
41 20
42 20
43 20
45 20
46 20
47 20
48 20
49 20
50 20
51 20
52 20
53 20
56 20
58 20
59 20
60 20
61 20
62 20
63 20
64 20
65 20
66 20
67 20
68 20
71 20
72 20
73 20
75 20
77 20
78 20
80 20
81 20
83 20
85 20
86 20
88 20
93 20
94 20
96 20
98 20
99 20
101 20
105 20
106 20
107 20
108 20
110 20
114 20
119 20
120 20
124 20
125 20
127 20
128 20
129 20
130 20
132 20
134 20
138 20
142 20
143 20
145 20
148 20
149 20
151 20
152 20
153 20
155 20
158 20
159 20
160 20
162 20
165 20
166 20
168 20
169 20
171 20
173 20
175 20
176 20
177 20
180 20
181 20
183 20
184 20
185 20
189 20
190 20
191 20
193 20
194 20
198 20
199 20
201 20
207 20
212 20
213 20
214 20
216 20
222 20
223 20
224 20
225 20
228 20
229 20
233 20
234 20
235 20
241 20
243 20
246 20
247 20
251 20
253 20
257 20
258 20
262 20
264 20
265 20
268 20
269 20
271 20
276 20
279 20
280 20
281 20
283 20
285 20
290 20
291 20
292 20
294 20
295 20
296 20
297 20
299 20
301 20
302 20
303 20
305 20
306 20
307 20
308 20
309 20
310 20
311 20
312 20
313 20
315 20
316 20
317 20
322 20
324 20
325 20
326 20
329 20
334 20
340 20
341 20
342 20
343 20
347 20
350 20
351 20
357 20
358 20
359 20
364 20
368 20
369 20
370 20
374 20
375 20
377 20
378 20
379 20
380 20
381 20
383 20
387 20
395 20
399 20
403 20
412 20
413 20
417 20
422 20
425 20
427 20
429 20
431 20
432 20
435 20
436 20
439 20
442 20
443 20
444 20
447 20
451 20
453 20
456 20
457 20
459 20
460 20
463 20
465 20
468 20
469 20
471 20
472 20
473 20
474 20
479 20
485 20
496 20
497 20
2 21
3 21
4 21
9 21
12 21
13 21
14 21
17 21
18 21
25 21
31 21
38 21
39 21
40 21
43 21
51 21
56 21
59 21
63 21
65 21
66 21
73 21
78 21
86 21
102 21
129 21
134 21
143 21
145 21
146 21
149 21
173 21
190 21
191 21
194 21
207 21
217 21
224 21
225 21
228 21
229 21
239 21
243 21
247 21
251 21
268 21
302 21
307 21
311 21
312 21
317 21
325 21
326 21
350 21
359 21
368 21
369 21
378 21
412 21
453 21
457 21
473 21
474 21
2 22
3 22
4 22
5 22
9 22
16 22
17 22
21 22
23 22
25 22
28 22
30 22
34 22
40 22
45 22
51 22
52 22
56 22
62 22
63 22
65 22
73 22
80 22
86 22
87 22
99 22
112 22
124 22
128 22
134 22
145 22
149 22
152 22
165 22
173 22
189 22
190 22
207 22
212 22
224 22
225 22
228 22
234 22
239 22
243 22
245 22
247 22
254 22
257 22
258 22
264 22
267 22
286 22
294 22
295 22
311 22
312 22
325 22
347 22
350 22
358 22
359 22
369 22
378 22
405 22
412 22
432 22
436 22
446 22
457 22
459 22
474 22
485 22
492 22
2 23
3 23
4 23
5 23
8 23
9 23
12 23
14 23
16 23
17 23
18 23
21 23
22 23
25 23
28 23
30 23
31 23
34 23
38 23
39 23
40 23
42 23
45 23
48 23
50 23
51 23
52 23
53 23
58 23
59 23
60 23
63 23
64 23
65 23
66 23
73 23
75 23
81 23
85 23
86 23
87 23
88 23
90 23
93 23
98 23
99 23
101 23
102 23
110 23
111 23
112 23
117 23
119 23
120 23
121 23
123 23
124 23
125 23
128 23
129 23
134 23
135 23
136 23
142 23
143 23
145 23
149 23
152 23
157 23
160 23
165 23
166 23
167 23
169 23
176 23
177 23
180 23
183 23
184 23
190 23
191 23
194 23
195 23
198 23
199 23
207 23
214 23
216 23
219 23
222 23
224 23
225 23
229 23
234 23
241 23
243 23
246 23
247 23
249 23
251 23
257 23
258 23
264 23
268 23
270 23
274 23
276 23
279 23
280 23
281 23
285 23
293 23
294 23
295 23
296 23
297 23
299 23
301 23
303 23
311 23
312 23
316 23
317 23
319 23
323 23
325 23
326 23
327 23
329 23
334 23
335 23
347 23
349 23
350 23
357 23
359 23
367 23
368 23
369 23
374 23
380 23
386 23
393 23
399 23
402 23
403 23
408 23
412 23
414 23
415 23
417 23
420 23
423 23
424 23
425 23
428 23
429 23
431 23
432 23
434 23
435 23
436 23
441 23
442 23
443 23
444 23
446 23
447 23
453 23
454 23
456 23
457 23
459 23
461 23
463 23
465 23
469 23
474 23
483 23
494 23
496 23
2 24
3 24
4 24
5 24
6 24
8 24
9 24
12 24
15 24
16 24
18 24
21 24
22 24
23 24
25 24
27 24
28 24
30 24
31 24
34 24
40 24
42 24
43 24
44 24
45 24
46 24
47 24
48 24
49 24
51 24
52 24
53 24
54 24
56 24
57 24
58 24
59 24
60 24
62 24
63 24
64 24
65 24
66 24
67 24
68 24
71 24
75 24
78 24
79 24
80 24
81 24
83 24
85 24
86 24
88 24
91 24
92 24
98 24
99 24
101 24
102 24
105 24
106 24
110 24
111 24
112 24
114 24
115 24
120 24
121 24
123 24
124 24
125 24
128 24
129 24
132 24
133 24
138 24
139 24
142 24
143 24
145 24
148 24
149 24
151 24
152 24
153 24
154 24
155 24
166 24
167 24
168 24
169 24
175 24
176 24
177 24
181 24
183 24
184 24
185 24
187 24
190 24
191 24
193 24
194 24
195 24
197 24
199 24
203 24
204 24
206 24
207 24
212 24
214 24
216 24
217 24
219 24
224 24
225 24
228 24
229 24
233 24
235 24
239 24
243 24
247 24
253 24
261 24
262 24
267 24
268 24
276 24
277 24
280 24
285 24
289 24
290 24
291 24
294 24
296 24
297 24
303 24
307 24
310 24
311 24
312 24
315 24
317 24
320 24
323 24
324 24
327 24
329 24
331 24
336 24
343 24
347 24
358 24
359 24
368 24
369 24
375 24
377 24
378 24
379 24
380 24
399 24
400 24
402 24
406 24
409 24
412 24
425 24
427 24
431 24
432 24
436 24
442 24
444 24
446 24
447 24
456 24
462 24
463 24
468 24
473 24
474 24
476 24
478 24
483 24
489 24
496 24
2 25
3 25
4 25
5 25
6 25
7 25
8 25
9 25
11 25
12 25
13 25
14 25
15 25
16 25
17 25
18 25
19 25
20 25
21 25
22 25
23 25
24 25
26 25
27 25
28 25
29 25
30 25
31 25
32 25
33 25
34 25
35 25
37 25
38 25
39 25
40 25
42 25
43 25
44 25
45 25
46 25
47 25
48 25
49 25
50 25
51 25
52 25
53 25
54 25
56 25
57 25
58 25
59 25
60 25
61 25
62 25
63 25
64 25
65 25
66 25
67 25
68 25
69 25
70 25
71 25
72 25
73 25
74 25
75 25
77 25
78 25
79 25
80 25
81 25
83 25
85 25
86 25
87 25
89 25
91 25
92 25
93 25
94 25
96 25
97 25
98 25
99 25
101 25
102 25
105 25
106 25
107 25
108 25
110 25
111 25
112 25
114 25
115 25
117 25
118 25
119 25
120 25
121 25
123 25
124 25
125 25
127 25
128 25
129 25
130 25
132 25
133 25
134 25
135 25
137 25
138 25
139 25
140 25
142 25
143 25
144 25
145 25
146 25
147 25
148 25
149 25
151 25
152 25
153 25
154 25
155 25
157 25
158 25
159 25
160 25
162 25
163 25
164 25
165 25
166 25
167 25
168 25
169 25
170 25
172 25
173 25
174 25
175 25
176 25
177 25
180 25
181 25
182 25
183 25
184 25
185 25
187 25
188 25
189 25
190 25
191 25
193 25
194 25
195 25
196 25
197 25
199 25
201 25
203 25
204 25
206 25
207 25
208 25
209 25
212 25
213 25
214 25
215 25
216 25
217 25
218 25
219 25
222 25
224 25
225 25
226 25
227 25
228 25
229 25
230 25
231 25
233 25
234 25
235 25
236 25
238 25
239 25
241 25
243 25
244 25
246 25
247 25
249 25
251 25
252 25
253 25
255 25
257 25
258 25
259 25
262 25
264 25
265 25
267 25
268 25
269 25
270 25
271 25
274 25
276 25
277 25
279 25
280 25
281 25
283 25
284 25
285 25
286 25
287 25
288 25
289 25
290 25
291 25
292 25
294 25
295 25
296 25
297 25
299 25
301 25
302 25
303 25
305 25
306 25
307 25
308 25
310 25
311 25
312 25
315 25
316 25
317 25
319 25
320 25
323 25
324 25
325 25
326 25
327 25
329 25
330 25
333 25
334 25
335 25
340 25
341 25
342 25
343 25
345 25
347 25
349 25
350 25
351 25
354 25
357 25
358 25
359 25
364 25
365 25
366 25
368 25
369 25
375 25
377 25
378 25
379 25
380 25
381 25
382 25
383 25
387 25
389 25
390 25
392 25
393 25
395 25
396 25
399 25
402 25
403 25
404 25
405 25
406 25
408 25
409 25
410 25
412 25
413 25
414 25
415 25
417 25
419 25
420 25
422 25
423 25
424 25
425 25
426 25
427 25
428 25
429 25
430 25
431 25
432 25
434 25
435 25
436 25
437 25
439 25
441 25
442 25
443 25
444 25
446 25
447 25
448 25
449 25
450 25
451 25
453 25
454 25
456 25
457 25
458 25
459 25
460 25
461 25
462 25
463 25
465 25
466 25
468 25
469 25
470 25
471 25
472 25
473 25
474 25
476 25
478 25
479 25
482 25
483 25
485 25
486 25
487 25
489 25
490 25
492 25
494 25
495 25
496 25
497 25
498 25
499 25
500 25
2 26
3 26
4 26
6 26
7 26
8 26
9 26
12 26
13 26
16 26
17 26
18 26
19 26
21 26
23 26
24 26
25 26
27 26
28 26
29 26
30 26
31 26
33 26
34 26
35 26
38 26
39 26
41 26
42 26
45 26
46 26
47 26
49 26
51 26
52 26
53 26
56 26
57 26
58 26
62 26
64 26
65 26
66 26
67 26
68 26
71 26
72 26
73 26
74 26
79 26
80 26
81 26
83 26
85 26
93 26
97 26
99 26
101 26
105 26
106 26
107 26
108 26
119 26
120 26
121 26
124 26
125 26
127 26
128 26
129 26
134 26
142 26
143 26
145 26
147 26
149 26
151 26
152 26
153 26
158 26
159 26
160 26
165 26
166 26
175 26
184 26
185 26
187 26
190 26
191 26
193 26
194 26
195 26
201 26
207 26
216 26
222 26
224 26
225 26
228 26
229 26
233 26
235 26
239 26
243 26
252 26
253 26
258 26
262 26
264 26
265 26
268 26
269 26
276 26
285 26
290 26
291 26
295 26
296 26
297 26
299 26
302 26
303 26
307 26
310 26
311 26
312 26
315 26
317 26
326 26
341 26
342 26
345 26
347 26
351 26
358 26
368 26
369 26
375 26
377 26
378 26
380 26
399 26
412 26
422 26
427 26
429 26
431 26
432 26
442 26
444 26
451 26
453 26
456 26
460 26
463 26
469 26
474 26
477 26
2 27
3 27
4 27
5 27
8 27
9 27
17 27
18 27
21 27
23 27
24 27
25 27
28 27
30 27
44 27
46 27
48 27
49 27
51 27
52 27
54 27
62 27
63 27
65 27
66 27
67 27
71 27
75 27
79 27
81 27
83 27
86 27
88 27
98 27
102 27
106 27
110 27
112 27
114 27
120 27
121 27
128 27
129 27
133 27
135 27
143 27
145 27
149 27
155 27
160 27
165 27
176 27
184 27
187 27
190 27
203 27
206 27
207 27
225 27
228 27
243 27
247 27
252 27
253 27
260 27
268 27
274 27
285 27
290 27
301 27
306 27
333 27
358 27
368 27
377 27
387 27
393 27
399 27
402 27
403 27
408 27
414 27
415 27
420 27
423 27
425 27
428 27
429 27
431 27
432 27
434 27
435 27
436 27
441 27
442 27
444 27
447 27
453 27
454 27
456 27
457 27
462 27
496 27
2 28
3 28
4 28
6 28
7 28
9 28
12 28
15 28
16 28
17 28
18 28
19 28
21 28
22 28
24 28
25 28
27 28
30 28
31 28
34 28
38 28
39 28
42 28
45 28
48 28
51 28
52 28
53 28
54 28
56 28
57 28
58 28
59 28
60 28
62 28
63 28
64 28
65 28
66 28
67 28
68 28
69 28
70 28
71 28
72 28
73 28
75 28
78 28
79 28
83 28
85 28
86 28
89 28
91 28
92 28
97 28
98 28
105 28
106 28
107 28
108 28
110 28
111 28
112 28
114 28
115 28
117 28
119 28
120 28
121 28
123 28
124 28
126 28
127 28
128 28
129 28
132 28
133 28
134 28
135 28
139 28
142 28
144 28
145 28
146 28
149 28
151 28
152 28
153 28
155 28
162 28
165 28
166 28
170 28
173 28
175 28
176 28
182 28
183 28
184 28
185 28
189 28
190 28
194 28
195 28
199 28
206 28
207 28
209 28
212 28
213 28
214 28
215 28
216 28
219 28
222 28
223 28
224 28
225 28
226 28
228 28
229 28
233 28
235 28
238 28
239 28
243 28
244 28
246 28
247 28
250 28
251 28
252 28
253 28
257 28
267 28
268 28
269 28
270 28
271 28
274 28
276 28
280 28
283 28
284 28
285 28
288 28
294 28
296 28
297 28
299 28
301 28
302 28
303 28
306 28
311 28
312 28
315 28
317 28
323 28
325 28
328 28
329 28
333 28
347 28
358 28
359 28
366 28
368 28
369 28
373 28
377 28
380 28
383 28
392 28
399 28
402 28
405 28
412 28
413 28
414 28
417 28
425 28
429 28
430 28
431 28
432 28
433 28
436 28
442 28
446 28
447 28
451 28
453 28
456 28
457 28
460 28
463 28
470 28
473 28
474 28
476 28
478 28
483 28
496 28
499 28
3 29
19 29
21 29
23 29
25 29
31 29
33 29
34 29
35 29
38 29
39 29
42 29
51 29
52 29
53 29
62 29
63 29
65 29
67 29
72 29
78 29
119 29
120 29
128 29
134 29
149 29
184 29
185 29
190 29
207 29
228 29
243 29
247 29
271 29
290 29
307 29
345 29
368 29
432 29
446 29
2 30
3 30
9 30
12 30
16 30
17 30
18 30
19 30
21 30
24 30
25 30
27 30
28 30
34 30
38 30
45 30
46 30
49 30
51 30
52 30
53 30
54 30
56 30
57 30
58 30
59 30
60 30
63 30
65 30
66 30
73 30
74 30
75 30
83 30
85 30
88 30
99 30
101 30
114 30
115 30
120 30
125 30
128 30
129 30
133 30
134 30
139 30
144 30
145 30
149 30
155 30
159 30
165 30
168 30
175 30
181 30
183 30
184 30
187 30
190 30
194 30
199 30
206 30
207 30
211 30
216 30
224 30
226 30
227 30
228 30
229 30
230 30
233 30
235 30
239 30
243 30
251 30
253 30
264 30
268 30
270 30
271 30
274 30
285 30
290 30
291 30
294 30
303 30
307 30
310 30
312 30
313 30
315 30
317 30
323 30
324 30
327 30
331 30
341 30
342 30
343 30
345 30
347 30
348 30
350 30
351 30
358 30
368 30
369 30
375 30
377 30
380 30
399 30
409 30
412 30
425 30
427 30
429 30
431 30
436 30
437 30
442 30
444 30
447 30
451 30
453 30
456 30
460 30
462 30
463 30
468 30
473 30
474 30
476 30
483 30
488 30
496 30
498 30
499 30
2 31
3 31
9 31
17 31
21 31
22 31
23 31
25 31
34 31
38 31
39 31
43 31
45 31
51 31
52 31
60 31
63 31
65 31
67 31
68 31
73 31
75 31
78 31
85 31
86 31
88 31
96 31
99 31
110 31
120 31
121 31
124 31
128 31
134 31
135 31
136 31
143 31
145 31
147 31
149 31
157 31
165 31
166 31
167 31
173 31
175 31
176 31
183 31
190 31
194 31
195 31
197 31
199 31
203 31
207 31
209 31
219 31
224 31
225 31
228 31
236 31
243 31
245 31
247 31
274 31
287 31
290 31
291 31
297 31
307 31
311 31
312 31
359 31
368 31
392 31
399 31
404 31
412 31
432 31
446 31
460 31
482 31
3 32
17 32
21 32
51 32
54 32
59 32
65 32
75 32
128 32
145 32
149 32
165 32
190 32
207 32
228 32
243 32
303 32
307 32
359 32
3 33
7 33
18 33
19 33
21 33
25 33
28 33
29 33
35 33
38 33
41 33
49 33
51 33
56 33
62 33
63 33
65 33
68 33
71 33
73 33
80 33
81 33
83 33
85 33
107 33
124 33
128 33
137 33
145 33
149 33
159 33
177 33
190 33
201 33
207 33
214 33
228 33
243 33
247 33
264 33
271 33
307 33
311 33
359 33
375 33
390 33
402 33
427 33
431 33
460 33
463 33
487 33
496 33
2 34
3 34
4 34
6 34
7 34
9 34
12 34
13 34
15 34
16 34
17 34
18 34
19 34
21 34
23 34
24 34
25 34
27 34
28 34
29 34
30 34
31 34
35 34
38 34
39 34
42 34
43 34
45 34
46 34
49 34
51 34
52 34
53 34
54 34
56 34
57 34
58 34
59 34
60 34
62 34
63 34
64 34
65 34
66 34
67 34
68 34
71 34
72 34
73 34
74 34
78 34
79 34
80 34
81 34
83 34
86 34
88 34
97 34
99 34
101 34
105 34
106 34
107 34
110 34
111 34
112 34
114 34
119 34
120 34
121 34
124 34
125 34
128 34
132 34
133 34
134 34
135 34
137 34
138 34
139 34
142 34
144 34
145 34
148 34
149 34
151 34
152 34
153 34
155 34
160 34
165 34
166 34
167 34
169 34
170 34
173 34
175 34
176 34
177 34
183 34
184 34
185 34
190 34
191 34
193 34
194 34
195 34
197 34
207 34
212 34
213 34
214 34
215 34
222 34
224 34
225 34
228 34
229 34
233 34
234 34
235 34
238 34
241 34
243 34
244 34
247 34
250 34
253 34
254 34
262 34
264 34
265 34
268 34
269 34
276 34
285 34
291 34
296 34
297 34
302 34
303 34
307 34
310 34
311 34
312 34
315 34
316 34
317 34
318 34
324 34
326 34
329 34
339 34
351 34
358 34
359 34
368 34
369 34
375 34
377 34
378 34
380 34
399 34
406 34
412 34
422 34
425 34
427 34
431 34
436 34
442 34
444 34
446 34
453 34
456 34
457 34
463 34
468 34
472 34
476 34
478 34
496 34
2 35
3 35
6 35
7 35
9 35
12 35
15 35
18 35
19 35
21 35
23 35
25 35
29 35
31 35
34 35
38 35
39 35
51 35
52 35
53 35
56 35
62 35
63 35
64 35
65 35
68 35
72 35
73 35
74 35
77 35
85 35
86 35
88 35
89 35
92 35
94 35
96 35
101 35
102 35
118 35
120 35
121 35
124 35
128 35
132 35
133 35
134 35
137 35
145 35
148 35
149 35
151 35
153 35
154 35
159 35
165 35
166 35
174 35
176 35
183 35
190 35
195 35
207 35
214 35
219 35
224 35
225 35
228 35
233 35
235 35
243 35
247 35
292 35
307 35
310 35
311 35
312 35
315 35
364 35
380 35
406 35
427 35
443 35
446 35
460 35
463 35
474 35
2 36
3 36
7 36
9 36
13 36
15 36
21 36
28 36
48 36
49 36
51 36
52 36
56 36
60 36
63 36
65 36
77 36
79 36
86 36
92 36
98 36
101 36
103 36
107 36
110 36
112 36
121 36
128 36
144 36
149 36
165 36
176 36
183 36
190 36
195 36
207 36
213 36
214 36
219 36
228 36
235 36
243 36
257 36
269 36
294 36
319 36
368 36
376 36
377 36
446 36
457 36
2 37
3 37
4 37
5 37
6 37
8 37
9 37
12 37
15 37
16 37
17 37
18 37
19 37
21 37
23 37
24 37
25 37
26 37
27 37
28 37
32 37
34 37
35 37
38 37
39 37
40 37
41 37
42 37
43 37
45 37
46 37
47 37
48 37
49 37
50 37
51 37
52 37
53 37
54 37
56 37
57 37
58 37
60 37
62 37
63 37
64 37
65 37
66 37
67 37
68 37
71 37
73 37
74 37
75 37
77 37
80 37
81 37
83 37
85 37
86 37
90 37
92 37
93 37
94 37
96 37
98 37
99 37
101 37
105 37
106 37
107 37
108 37
110 37
112 37
114 37
117 37
119 37
120 37
121 37
123 37
124 37
125 37
127 37
128 37
129 37
132 37
133 37
134 37
135 37
137 37
138 37
139 37
140 37
141 37
142 37
143 37
145 37
149 37
150 37
151 37
152 37
153 37
155 37
159 37
160 37
162 37
165 37
166 37
167 37
168 37
169 37
173 37
174 37
175 37
176 37
177 37
180 37
181 37
182 37
183 37
184 37
185 37
186 37
187 37
188 37
189 37
190 37
191 37
193 37
194 37
196 37
198 37
199 37
201 37
204 37
206 37
207 37
209 37
212 37
213 37
214 37
216 37
217 37
222 37
224 37
225 37
226 37
228 37
229 37
231 37
233 37
234 37
235 37
236 37
237 37
238 37
239 37
241 37
243 37
244 37
246 37
247 37
249 37
251 37
253 37
257 37
258 37
259 37
260 37
261 37
262 37
264 37
265 37
268 37
269 37
271 37
274 37
276 37
277 37
279 37
280 37
284 37
285 37
287 37
288 37
290 37
291 37
292 37
294 37
295 37
296 37
297 37
299 37
301 37
302 37
303 37
305 37
306 37
307 37
308 37
309 37
310 37
311 37
312 37
315 37
316 37
317 37
319 37
320 37
323 37
324 37
325 37
326 37
328 37
329 37
333 37
334 37
335 37
339 37
341 37
342 37
343 37
345 37
347 37
350 37
351 37
352 37
357 37
358 37
359 37
364 37
366 37
368 37
369 37
370 37
375 37
377 37
378 37
379 37
380 37
381 37
382 37
384 37
387 37
389 37
392 37
393 37
395 37
396 37
399 37
402 37
403 37
405 37
406 37
408 37
409 37
410 37
412 37
413 37
414 37
415 37
417 37
419 37
420 37
423 37
424 37
425 37
426 37
427 37
428 37
429 37
430 37
431 37
434 37
435 37
436 37
437 37
438 37
439 37
441 37
442 37
443 37
444 37
447 37
448 37
449 37
450 37
451 37
453 37
454 37
456 37
457 37
459 37
460 37
463 37
467 37
471 37
472 37
473 37
476 37
478 37
479 37
483 37
485 37
487 37
488 37
489 37
496 37
497 37
2 38
3 38
5 38
6 38
9 38
12 38
13 38
16 38
18 38
21 38
23 38
25 38
28 38
29 38
30 38
31 38
34 38
39 38
42 38
45 38
51 38
53 38
56 38
62 38
63 38
65 38
71 38
73 38
74 38
75 38
77 38
83 38
85 38
86 38
87 38
91 38
93 38
94 38
98 38
99 38
101 38
102 38
105 38
110 38
112 38
117 38
118 38
119 38
120 38
121 38
124 38
125 38
128 38
130 38
133 38
134 38
137 38
138 38
140 38
145 38
147 38
148 38
149 38
151 38
152 38
153 38
154 38
157 38
158 38
159 38
162 38
165 38
166 38
173 38
175 38
176 38
180 38
182 38
183 38
184 38
185 38
187 38
190 38
195 38
199 38
201 38
204 38
207 38
219 38
225 38
228 38
235 38
236 38
241 38
243 38
247 38
251 38
255 38
257 38
264 38
267 38
274 38
276 38
290 38
299 38
307 38
311 38
312 38
317 38
324 38
342 38
351 38
358 38
364 38
370 38
375 38
380 38
399 38
403 38
427 38
443 38
446 38
453 38
462 38
463 38
474 38
483 38
496 38
2 39
3 39
4 39
6 39
8 39
9 39
15 39
17 39
19 39
21 39
23 39
25 39
28 39
30 39
31 39
38 39
42 39
50 39
51 39
53 39
56 39
58 39
59 39
63 39
65 39
66 39
73 39
74 39
75 39
81 39
83 39
86 39
101 39
108 39
110 39
120 39
121 39
128 39
129 39
133 39
134 39
143 39
145 39
149 39
152 39
162 39
165 39
167 39
175 39
177 39
178 39
190 39
191 39
194 39
197 39
199 39
201 39
207 39
209 39
212 39
213 39
219 39
222 39
224 39
225 39
228 39
229 39
234 39
236 39
241 39
243 39
244 39
245 39
247 39
251 39
253 39
257 39
258 39
268 39
269 39
271 39
276 39
279 39
280 39
283 39
285 39
287 39
291 39
296 39
297 39
299 39
301 39
302 39
306 39
309 39
311 39
312 39
317 39
325 39
333 39
335 39
345 39
347 39
349 39
350 39
358 39
359 39
368 39
369 39
370 39
378 39
384 39
390 39
399 39
404 39
405 39
412 39
415 39
417 39
429 39
432 39
435 39
436 39
442 39
443 39
446 39
451 39
453 39
456 39
457 39
460 39
463 39
466 39
468 39
469 39
472 39
473 39
474 39
482 39
494 39
496 39
499 39
2 40
3 40
5 40
9 40
16 40
17 40
21 40
23 40
30 40
45 40
51 40
53 40
56 40
63 40
65 40
73 40
75 40
86 40
99 40
124 40
128 40
145 40
149 40
165 40
190 40
199 40
207 40
217 40
222 40
225 40
228 40
234 40
239 40
243 40
247 40
251 40
268 40
285 40
294 40
295 40
297 40
301 40
302 40
303 40
311 40
312 40
325 40
326 40
331 40
345 40
350 40
359 40
368 40
402 40
412 40
417 40
436 40
446 40
451 40
459 40
463 40
474 40
485 40
3 41
12 41
19 41
21 41
28 41
31 41
33 41
42 41
51 41
65 41
120 41
128 41
145 41
149 41
165 41
190 41
201 41
207 41
224 41
228 41
237 41
243 41
307 41
311 41
359 41
368 41
370 41
399 41
2 42
3 42
4 42
5 42
6 42
9 42
12 42
16 42
18 42
19 42
21 42
25 42
28 42
30 42
31 42
38 42
41 42
44 42
45 42
51 42
53 42
56 42
57 42
61 42
62 42
63 42
65 42
67 42
68 42
72 42
73 42
74 42
83 42
85 42
86 42
93 42
94 42
111 42
112 42
120 42
121 42
124 42
128 42
130 42
135 42
139 42
145 42
149 42
151 42
152 42
153 42
165 42
173 42
176 42
183 42
189 42
190 42
194 42
201 42
207 42
212 42
213 42
224 42
225 42
228 42
229 42
236 42
237 42
238 42
241 42
243 42
244 42
247 42
251 42
257 42
258 42
264 42
267 42
269 42
271 42
274 42
276 42
295 42
297 42
301 42
303 42
306 42
311 42
312 42
317 42
324 42
325 42
358 42
359 42
368 42
399 42
427 42
432 42
434 42
437 42
442 42
446 42
451 42
462 42
463 42
469 42
474 42
496 42
497 42
2 43
3 43
4 43
5 43
6 43
8 43
9 43
11 43
12 43
16 43
17 43
18 43
19 43
21 43
23 43
24 43
25 43
28 43
30 43
31 43
34 43
37 43
38 43
39 43
42 43
44 43
45 43
46 43
47 43
48 43
49 43
50 43
51 43
52 43
53 43
54 43
56 43
57 43
58 43
59 43
60 43
61 43
62 43
63 43
64 43
65 43
66 43
67 43
68 43
71 43
72 43
73 43
74 43
75 43
77 43
78 43
79 43
80 43
81 43
83 43
85 43
86 43
87 43
90 43
91 43
92 43
93 43
94 43
96 43
98 43
99 43
101 43
102 43
105 43
106 43
107 43
110 43
114 43
117 43
118 43
119 43
120 43
121 43
123 43
124 43
125 43
128 43
129 43
130 43
133 43
134 43
135 43
137 43
138 43
139 43
141 43
142 43
143 43
144 43
145 43
148 43
149 43
150 43
152 43
154 43
155 43
157 43
159 43
160 43
164 43
165 43
166 43
168 43
169 43
173 43
175 43
176 43
177 43
181 43
182 43
183 43
184 43
185 43
187 43
190 43
191 43
193 43
194 43
195 43
197 43
199 43
201 43
202 43
204 43
206 43
207 43
209 43
211 43
212 43
213 43
215 43
216 43
218 43
219 43
222 43
224 43
225 43
226 43
228 43
229 43
230 43
233 43
234 43
236 43
237 43
239 43
241 43
243 43
244 43
245 43
246 43
247 43
252 43
253 43
254 43
255 43
257 43
258 43
259 43
262 43
264 43
265 43
267 43
268 43
269 43
271 43
276 43
277 43
278 43
280 43
285 43
286 43
287 43
288 43
289 43
290 43
291 43
292 43
294 43
295 43
296 43
297 43
299 43
301 43
302 43
303 43
309 43
311 43
312 43
315 43
316 43
317 43
319 43
323 43
324 43
325 43
329 43
330 43
334 43
335 43
341 43
342 43
343 43
347 43
350 43
351 43
357 43
358 43
359 43
360 43
364 43
365 43
368 43
369 43
374 43
375 43
377 43
378 43
380 43
381 43
383 43
384 43
387 43
390 43
393 43
399 43
402 43
403 43
404 43
405 43
406 43
408 43
409 43
410 43
412 43
414 43
415 43
417 43
420 43
423 43
424 43
425 43
427 43
428 43
429 43
431 43
432 43
434 43
435 43
436 43
437 43
438 43
441 43
442 43
443 43
444 43
446 43
447 43
453 43
454 43
456 43
457 43
460 43
462 43
463 43
468 43
469 43
470 43
471 43
473 43
474 43
476 43
478 43
482 43
483 43
485 43
489 43
494 43
496 43
499 43
2 44
3 44
9 44
12 44
16 44
21 44
24 44
25 44
27 44
43 44
46 44
47 44
48 44
49 44
50 44
51 44
52 44
53 44
56 44
58 44
60 44
63 44
65 44
73 44
75 44
86 44
106 44
110 44
121 44
128 44
134 44
145 44
149 44
152 44
155 44
165 44
175 44
176 44
181 44
183 44
190 44
207 44
214 44
216 44
225 44
228 44
243 44
244 44
247 44
267 44
276 44
289 44
294 44
295 44
299 44
312 44
323 44
368 44
380 44
392 44
399 44
405 44
412 44
431 44
436 44
442 44
443 44
457 44
463 44
474 44
2 45
3 45
9 45
17 45
19 45
21 45
24 45
25 45
40 45
48 45
51 45
56 45
58 45
65 45
66 45
73 45
88 45
99 45
124 45
128 45
144 45
145 45
149 45
181 45
190 45
191 45
207 45
228 45
229 45
243 45
278 45
280 45
295 45
296 45
312 45
323 45
368 45
369 45
377 45
384 45
412 45
427 45
429 45
436 45
447 45
456 45
463 45
469 45
474 45
496 45
3 46
9 46
21 46
25 46
27 46
47 46
48 46
49 46
50 46
51 46
53 46
56 46
57 46
58 46
65 46
124 46
128 46
149 46
172 46
181 46
190 46
204 46
207 46
228 46
229 46
243 46
251 46
253 46
280 46
294 46
402 46
429 46
456 46
463 46
472 46
473 46
12 47
21 47
25 47
28 47
44 47
46 47
48 47
49 47
50 47
51 47
57 47
65 47
66 47
73 47
75 47
105 47
125 47
128 47
129 47
134 47
145 47
149 47
181 47
184 47
190 47
204 47
207 47
217 47
224 47
228 47
243 47
312 47
317 47
325 47
368 47
399 47
422 47
431 47
443 47
496 47
2 48
3 48
4 48
5 48
8 48
9 48
12 48
13 48
16 48
17 48
21 48
24 48
25 48
27 48
28 48
40 48
43 48
44 48
45 48
46 48
49 48
50 48
51 48
52 48
53 48
54 48
56 48
57 48
58 48
59 48
60 48
65 48
66 48
68 48
73 48
75 48
80 48
81 48
85 48
86 48
92 48
99 48
105 48
114 48
119 48
120 48
123 48
124 48
125 48
128 48
129 48
134 48
138 48
139 48
142 48
144 48
145 48
149 48
150 48
155 48
160 48
164 48
175 48
177 48
181 48
182 48
183 48
184 48
189 48
190 48
191 48
193 48
194 48
197 48
204 48
207 48
215 48
224 48
228 48
235 48
238 48
239 48
243 48
253 48
254 48
261 48
267 48
268 48
276 48
278 48
280 48
283 48
289 48
296 48
297 48
302 48
303 48
305 48
308 48
311 48
312 48
315 48
317 48
347 48
349 48
350 48
358 48
359 48
368 48
369 48
375 48
377 48
378 48
380 48
395 48
402 48
409 48
412 48
427 48
429 48
431 48
432 48
436 48
438 48
442 48
453 48
456 48
457 48
460 48
463 48
468 48
470 48
471 48
472 48
474 48
496 48
3 49
7 49
9 49
12 49
18 49
21 49
25 49
27 49
46 49
47 49
48 49
50 49
51 49
53 49
60 49
63 49
65 49
85 49
86 49
120 49
121 49
128 49
142 49
145 49
149 49
152 49
165 49
181 49
184 49
190 49
207 49
212 49
213 49
217 49
224 49
228 49
243 49
252 49
253 49
267 49
276 49
279 49
290 49
296 49
303 49
311 49
312 49
315 49
359 49
375 49
376 49
402 49
427 49
434 49
442 49
446 49
447 49
456 49
463 49
468 49
2 50
3 50
5 50
9 50
12 50
16 50
17 50
21 50
25 50
28 50
30 50
40 50
44 50
46 50
47 50
48 50
49 50
51 50
53 50
56 50
58 50
60 50
63 50
65 50
66 50
73 50
75 50
81 50
110 50
124 50
128 50
129 50
134 50
139 50
142 50
144 50
145 50
149 50
152 50
153 50
155 50
158 50
165 50
173 50
180 50
181 50
183 50
190 50
193 50
194 50
197 50
207 50
214 50
224 50
225 50
228 50
229 50
235 50
239 50
243 50
247 50
251 50
253 50
257 50
258 50
268 50
274 50
276 50
278 50
280 50
283 50
285 50
295 50
296 50
297 50
299 50
301 50
302 50
303 50
306 50
308 50
311 50
312 50
315 50
317 50
323 50
325 50
341 50
347 50
350 50
354 50
358 50
359 50
367 50
368 50
373 50
377 50
378 50
380 50
392 50
399 50
429 50
431 50
435 50
436 50
438 50
442 50
446 50
448 50
451 50
456 50
457 50
459 50
463 50
465 50
468 50
469 50
472 50
473 50
474 50
476 50
479 50
483 50
497 50
2 51
3 51
4 51
5 51
6 51
7 51
8 51
9 51
11 51
12 51
13 51
14 51
15 51
16 51
17 51
18 51
19 51
20 51
21 51
22 51
23 51
24 51
25 51
26 51
27 51
28 51
29 51
30 51
31 51
32 51
33 51
34 51
35 51
37 51
38 51
39 51
40 51
41 51
42 51
43 51
44 51
45 51
46 51
47 51
48 51
49 51
50 51
52 51
53 51
54 51
56 51
57 51
58 51
59 51
60 51
61 51
62 51
63 51
64 51
65 51
66 51
67 51
68 51
69 51
70 51
71 51
72 51
73 51
74 51
75 51
77 51
78 51
79 51
80 51
81 51
83 51
85 51
86 51
87 51
88 51
89 51
90 51
91 51
92 51
93 51
94 51
96 51
97 51
98 51
99 51
101 51
102 51
105 51
106 51
107 51
108 51
110 51
111 51
112 51
114 51
117 51
118 51
119 51
120 51
121 51
123 51
124 51
125 51
127 51
128 51
129 51
130 51
132 51
133 51
134 51
135 51
136 51
137 51
138 51
139 51
140 51
141 51
142 51
143 51
145 51
146 51
147 51
148 51
149 51
151 51
152 51
153 51
154 51
155 51
157 51
158 51
159 51
160 51
165 51
166 51
167 51
168 51
169 51
170 51
171 51
173 51
174 51
175 51
176 51
177 51
180 51
181 51
182 51
183 51
184 51
185 51
187 51
189 51
190 51
191 51
193 51
194 51
195 51
196 51
197 51
198 51
199 51
201 51
202 51
204 51
206 51
207 51
208 51
209 51
211 51
212 51
213 51
214 51
216 51
218 51
219 51
222 51
224 51
225 51
226 51
229 51
230 51
231 51
233 51
234 51
235 51
236 51
237 51
238 51
241 51
243 51
244 51
245 51
246 51
247 51
249 51
251 51
252 51
253 51
254 51
255 51
257 51
258 51
260 51
262 51
264 51
265 51
267 51
268 51
269 51
271 51
274 51
276 51
277 51
280 51
283 51
285 51
286 51
287 51
288 51
290 51
291 51
292 51
294 51
295 51
296 51
297 51
299 51
301 51
302 51
303 51
305 51
307 51
308 51
309 51
310 51
311 51
312 51
315 51
316 51
317 51
318 51
319 51
323 51
324 51
325 51
326 51
327 51
329 51
330 51
331 51
334 51
339 51
340 51
341 51
342 51
343 51
345 51
347 51
349 51
350 51
351 51
352 51
357 51
358 51
359 51
364 51
365 51
366 51
368 51
369 51
373 51
374 51
375 51
377 51
379 51
380 51
381 51
387 51
390 51
392 51
393 51
396 51
399 51
403 51
404 51
405 51
406 51
407 51
408 51
409 51
410 51
412 51
414 51
415 51
420 51
422 51
423 51
425 51
426 51
427 51
428 51
429 51
431 51
432 51
434 51
435 51
436 51
437 51
439 51
441 51
442 51
443 51
444 51
446 51
447 51
448 51
451 51
453 51
454 51
456 51
457 51
458 51
459 51
460 51
461 51
462 51
463 51
465 51
466 51
467 51
468 51
469 51
471 51
472 51
473 51
474 51
476 51
478 51
479 51
482 51
483 51
485 51
486 51
487 51
489 51
490 51
492 51
494 51
495 51
496 51
497 51
498 51
499 51
500 51
2 52
3 52
9 52
12 52
13 52
15 52
16 52
18 52
21 52
22 52
25 52
27 52
28 52
30 52
31 52
36 52
48 52
51 52
53 52
54 52
56 52
58 52
62 52
65 52
66 52
71 52
75 52
79 52
80 52
86 52
98 52
99 52
101 52
107 52
112 52
114 52
118 52
120 52
121 52
124 52
129 52
133 52
140 52
141 52
142 52
143 52
144 52
145 52
147 52
149 52
155 52
165 52
168 52
170 52
176 52
177 52
183 52
184 52
189 52
190 52
191 52
194 52
195 52
199 52
207 52
214 52
220 52
222 52
224 52
226 52
228 52
229 52
235 52
239 52
243 52
247 52
254 52
255 52
258 52
269 52
276 52
280 52
290 52
294 52
295 52
296 52
303 52
307 52
312 52
315 52
317 52
325 52
346 52
359 52
367 52
368 52
369 52
377 52
378 52
379 52
414 52
435 52
446 52
447 52
453 52
456 52
462 52
470 52
473 52
476 52
485 52
2 53
3 53
4 53
5 53
8 53
9 53
12 53
15 53
16 53
17 53
18 53
19 53
21 53
23 53
24 53
25 53
28 53
29 53
30 53
33 53
34 53
35 53
38 53
39 53
40 53
41 53
42 53
43 53
45 53
46 53
47 53
48 53
51 53
56 53
57 53
58 53
59 53
60 53
63 53
64 53
65 53
66 53
68 53
71 53
72 53
73 53
74 53
75 53
77 53
78 53
85 53
86 53
88 53
90 53
92 53
97 53
99 53
101 53
102 53
105 53
110 53
111 53
115 53
120 53
121 53
123 53
124 53
125 53
128 53
129 53
133 53
134 53
136 53
137 53
138 53
139 53
142 53
145 53
147 53
148 53
149 53
151 53
152 53
153 53
154 53
155 53
159 53
162 53
165 53
168 53
169 53
170 53
173 53
175 53
176 53
177 53
181 53
183 53
184 53
187 53
190 53
191 53
194 53
195 53
197 53
199 53
201 53
202 53
204 53
207 53
209 53
213 53
214 53
216 53
219 53
222 53
223 53
224 53
225 53
226 53
228 53
229 53
233 53
234 53
236 53
238 53
239 53
241 53
243 53
244 53
246 53
247 53
250 53
251 53
255 53
257 53
258 53
261 53
264 53
267 53
268 53
269 53
271 53
274 53
276 53
277 53
278 53
280 53
283 53
285 53
287 53
288 53
291 53
294 53
295 53
296 53
297 53
301 53
302 53
303 53
307 53
309 53
311 53
312 53
315 53
317 53
323 53
324 53
325 53
327 53
329 53
333 53
334 53
335 53
345 53
347 53
350 53
352 53
357 53
358 53
359 53
360 53
364 53
367 53
369 53
377 53
378 53
381 53
384 53
390 53
399 53
405 53
409 53
410 53
412 53
417 53
422 53
425 53
427 53
429 53
431 53
434 53
435 53
436 53
437 53
439 53
442 53
443 53
446 53
451 53
453 53
456 53
459 53
460 53
463 53
469 53
472 53
473 53
474 53
483 53
485 53
487 53
496 53
497 53
499 53
2 54
3 54
4 54
8 54
9 54
11 54
12 54
13 54
15 54
16 54
18 54
21 54
23 54
24 54
25 54
26 54
27 54
28 54
30 54
31 54
34 54
37 54
42 54
48 54
51 54
52 54
54 54
56 54
58 54
60 54
61 54
63 54
64 54
65 54
67 54
71 54
73 54
75 54
79 54
80 54
85 54
86 54
92 54
96 54
98 54
101 54
102 54
106 54
107 54
110 54
111 54
119 54
121 54
124 54
126 54
128 54
129 54
133 54
134 54
139 54
142 54
143 54
144 54
145 54
149 54
160 54
165 54
166 54
175 54
176 54
181 54
182 54
183 54
184 54
189 54
190 54
193 54
195 54
199 54
207 54
209 54
213 54
215 54
219 54
220 54
222 54
224 54
225 54
228 54
229 54
231 54
243 54
244 54
247 54
250 54
252 54
257 54
260 54
264 54
267 54
268 54
274 54
277 54
278 54
286 54
287 54
290 54
294 54
303 54
311 54
312 54
323 54
328 54
330 54
347 54
359 54
365 54
368 54
369 54
377 54
384 54
399 54
405 54
429 54
430 54
431 54
432 54
434 54
436 54
442 54
443 54
446 54
449 54
453 54
457 54
460 54
463 54
474 54
476 54
477 54
485 54
489 54
3 55
9 55
15 55
28 55
51 55
63 55
64 55
65 55
68 55
86 55
121 55
128 55
149 55
154 55
159 55
176 55
183 55
190 55
195 55
207 55
214 55
218 55
228 55
243 55
245 55
257 55
307 55
446 55
2 56
3 56
4 56
5 56
6 56
8 56
9 56
10 56
11 56
12 56
13 56
14 56
15 56
17 56
19 56
20 56
21 56
23 56
24 56
25 56
28 56
30 56
31 56
32 56
33 56
34 56
36 56
39 56
40 56
42 56
43 56
45 56
46 56
47 56
48 56
49 56
50 56
51 56
52 56
54 56
58 56
59 56
60 56
61 56
62 56
63 56
65 56
66 56
71 56
73 56
75 56
79 56
80 56
81 56
83 56
86 56
92 56
96 56
98 56
99 56
101 56
103 56
106 56
107 56
108 56
110 56
115 56
118 56
120 56
121 56
123 56
124 56
126 56
128 56
129 56
132 56
133 56
134 56
136 56
139 56
140 56
142 56
143 56
144 56
145 56
146 56
149 56
150 56
152 56
153 56
154 56
155 56
157 56
158 56
159 56
160 56
162 56
164 56
165 56
167 56
168 56
173 56
176 56
177 56
178 56
179 56
181 56
183 56
186 56
188 56
189 56
190 56
191 56
193 56
194 56
195 56
197 56
199 56
201 56
206 56
207 56
209 56
214 56
215 56
216 56
217 56
219 56
220 56
222 56
224 56
225 56
226 56
228 56
229 56
230 56
231 56
233 56
234 56
237 56
238 56
239 56
241 56
243 56
244 56
245 56
247 56
250 56
251 56
252 56
253 56
254 56
255 56
257 56
258 56
259 56
260 56
261 56
262 56
264 56
269 56
274 56
276 56
277 56
278 56
279 56
280 56
283 56
284 56
285 56
286 56
289 56
290 56
291 56
294 56
295 56
296 56
297 56
299 56
301 56
302 56
303 56
305 56
306 56
307 56
308 56
309 56
311 56
312 56
313 56
319 56
320 56
323 56
324 56
325 56
327 56
328 56
329 56
330 56
335 56
340 56
341 56
342 56
343 56
345 56
347 56
349 56
350 56
358 56
359 56
361 56
365 56
366 56
367 56
368 56
369 56
370 56
371 56
372 56
373 56
375 56
376 56
377 56
378 56
379 56
384 56
390 56
392 56
395 56
399 56
402 56
404 56
405 56
407 56
412 56
414 56
417 56
419 56
425 56
428 56
429 56
430 56
431 56
432 56
435 56
436 56
437 56
438 56
439 56
442 56
443 56
446 56
447 56
448 56
449 56
450 56
451 56
453 56
456 56
457 56
458 56
459 56
460 56
461 56
462 56
463 56
465 56
466 56
468 56
469 56
470 56
471 56
472 56
473 56
474 56
476 56
477 56
478 56
479 56
482 56
483 56
485 56
486 56
488 56
489 56
490 56
492 56
494 56
495 56
496 56
497 56
498 56
500 56
2 57
3 57
4 57
5 57
6 57
9 57
12 57
16 57
18 57
24 57
25 57
28 57
30 57
31 57
34 57
38 57
39 57
40 57
45 57
46 57
47 57
48 57
50 57
51 57
53 57
56 57
58 57
59 57
60 57
62 57
63 57
64 57
65 57
66 57
67 57
68 57
73 57
74 57
75 57
78 57
81 57
83 57
85 57
86 57
92 57
93 57
94 57
99 57
101 57
102 57
106 57
108 57
110 57
111 57
112 57
114 57
115 57
117 57
118 57
120 57
121 57
123 57
124 57
125 57
128 57
129 57
130 57
133 57
134 57
137 57
138 57
139 57
142 57
145 57
148 57
149 57
151 57
152 57
153 57
154 57
155 57
159 57
160 57
165 57
168 57
169 57
170 57
173 57
175 57
176 57
177 57
180 57
181 57
182 57
183 57
187 57
190 57
191 57
194 57
195 57
196 57
197 57
207 57
208 57
212 57
213 57
217 57
219 57
224 57
225 57
226 57
228 57
229 57
233 57
235 57
239 57
243 57
247 57
252 57
253 57
257 57
258 57
262 57
264 57
267 57
268 57
269 57
270 57
271 57
276 57
279 57
285 57
290 57
291 57
294 57
295 57
296 57
297 57
301 57
303 57
305 57
307 57
309 57
310 57
311 57
312 57
313 57
315 57
317 57
323 57
324 57
325 57
329 57
333 57
334 57
336 57
342 57
343 57
350 57
352 57
358 57
359 57
368 57
369 57
370 57
372 57
375 57
377 57
378 57
379 57
380 57
389 57
390 57
399 57
417 57
425 57
427 57
429 57
431 57
432 57
434 57
442 57
443 57
446 57
447 57
453 57
456 57
457 57
461 57
462 57
463 57
474 57
476 57
483 57
485 57
496 57
499 57
3 58
4 58
8 58
12 58
15 58
18 58
24 58
25 58
26 58
28 58
45 58
47 58
48 58
51 58
52 58
53 58
54 58
56 58
57 58
59 58
60 58
63 58
65 58
66 58
71 58
73 58
74 58
75 58
80 58
83 58
85 58
88 58
92 58
96 58
98 58
99 58
106 58
114 58
115 58
125 58
129 58
132 58
133 58
139 58
142 58
145 58
149 58
155 58
166 58
167 58
168 58
169 58
176 58
180 58
184 58
185 58
189 58
190 58
193 58
194 58
206 58
214 58
224 58
225 58
228 58
229 58
239 58
243 58
258 58
260 58
274 58
291 58
294 58
296 58
299 58
303 58
309 58
312 58
315 58
317 58
323 58
324 58
325 58
333 58
347 58
358 58
366 58
367 58
368 58
369 58
377 58
378 58
380 58
382 58
383 58
409 58
425 58
427 58
431 58
435 58
442 58
444 58
447 58
451 58
456 58
457 58
463 58
468 58
472 58
473 58
488 58
498 58
2 59
3 59
4 59
5 59
6 59
8 59
9 59
12 59
16 59
17 59
18 59
24 59
25 59
27 59
28 59
30 59
31 59
32 59
34 59
42 59
51 59
52 59
53 59
54 59
56 59
58 59
60 59
61 59
63 59
65 59
66 59
67 59
71 59
72 59
73 59
75 59
83 59
85 59
86 59
88 59
99 59
101 59
106 59
107 59
108 59
112 59
120 59
121 59
125 59
128 59
129 59
133 59
134 59
135 59
142 59
143 59
145 59
149 59
153 59
154 59
155 59
165 59
166 59
168 59
169 59
176 59
177 59
183 59
184 59
189 59
190 59
191 59
193 59
194 59
195 59
199 59
203 59
206 59
207 59
213 59
214 59
216 59
219 59
222 59
224 59
225 59
228 59
229 59
239 59
243 59
245 59
247 59
251 59
253 59
254 59
255 59
267 59
269 59
280 59
287 59
290 59
294 59
296 59
302 59
303 59
307 59
311 59
312 59
315 59
317 59
325 59
347 59
350 59
358 59
359 59
369 59
373 59
375 59
377 59
378 59
380 59
409 59
412 59
418 59
425 59
429 59
431 59
432 59
434 59
436 59
441 59
442 59
446 59
451 59
453 59
456 59
457 59
460 59
465 59
468 59
472 59
473 59
474 59
479 59
488 59
496 59
2 60
3 60
4 60
5 60
6 60
7 60
8 60
9 60
10 60
11 60
12 60
16 60
17 60
18 60
19 60
20 60
21 60
23 60
24 60
25 60
28 60
30 60
31 60
32 60
34 60
37 60
38 60
39 60
41 60
42 60
44 60
45 60
46 60
47 60
48 60
49 60
50 60
51 60
53 60
56 60
58 60
59 60
61 60
62 60
63 60
65 60
66 60
67 60
71 60
73 60
75 60
78 60
81 60
83 60
85 60
86 60
88 60
90 60
92 60
93 60
96 60
99 60
101 60
102 60
106 60
108 60
110 60
111 60
114 60
118 60
120 60
121 60
124 60
125 60
127 60
128 60
129 60
132 60
133 60
134 60
135 60
138 60
139 60
140 60
141 60
142 60
143 60
144 60
145 60
146 60
147 60
149 60
152 60
154 60
155 60
157 60
164 60
165 60
166 60
167 60
168 60
171 60
173 60
175 60
176 60
178 60
179 60
181 60
183 60
184 60
187 60
189 60
190 60
191 60
194 60
195 60
197 60
198 60
199 60
201 60
203 60
206 60
207 60
209 60
212 60
214 60
216 60
217 60
219 60
220 60
222 60
224 60
225 60
228 60
229 60
230 60
233 60
235 60
236 60
239 60
241 60
243 60
244 60
245 60
247 60
249 60
251 60
253 60
254 60
255 60
257 60
258 60
259 60
260 60
261 60
262 60
264 60
267 60
268 60
269 60
270 60
276 60
277 60
278 60
279 60
280 60
285 60
286 60
287 60
289 60
290 60
291 60
293 60
294 60
295 60
296 60
297 60
301 60
303 60
305 60
306 60
307 60
309 60
311 60
312 60
313 60
317 60
318 60
323 60
324 60
325 60
327 60
328 60
330 60
333 60
335 60
336 60
341 60
342 60
345 60
346 60
347 60
350 60
351 60
352 60
354 60
357 60
358 60
359 60
361 60
365 60
366 60
369 60
373 60
374 60
375 60
377 60
378 60
381 60
382 60
383 60
384 60
393 60
399 60
402 60
403 60
404 60
405 60
407 60
408 60
412 60
414 60
415 60
417 60
420 60
423 60
425 60
428 60
429 60
431 60
432 60
434 60
435 60
436 60
437 60
441 60
442 60
443 60
444 60
446 60
447 60
448 60
451 60
453 60
454 60
456 60
457 60
458 60
460 60
461 60
462 60
463 60
465 60
468 60
469 60
471 60
472 60
476 60
478 60
482 60
483 60
485 60
486 60
489 60
490 60
492 60
494 60
495 60
496 60
497 60
498 60
500 60
3 61
4 61
12 61
51 61
59 61
63 61
65 61
72 61
85 61
120 61
145 61
149 61
151 61
190 61
207 61
243 61
359 61
368 61
2 62
3 62
4 62
5 62
6 62
7 62
8 62
9 62
12 62
13 62
15 62
16 62
17 62
18 62
19 62
20 62
22 62
23 62
24 62
25 62
27 62
28 62
29 62
32 62
33 62
34 62
36 62
38 62
39 62
42 62
45 62
48 62
51 62
52 62
53 62
54 62
56 62
57 62
58 62
59 62
60 62
63 62
64 62
65 62
66 62
67 62
68 62
71 62
72 62
73 62
74 62
77 62
78 62
79 62
80 62
83 62
85 62
86 62
87 62
88 62
89 62
91 62
92 62
93 62
94 62
96 62
98 62
99 62
101 62
102 62
105 62
107 62
110 62
111 62
112 62
118 62
119 62
120 62
121 62
123 62
124 62
125 62
128 62
129 62
130 62
133 62
134 62
135 62
136 62
137 62
142 62
143 62
144 62
145 62
147 62
148 62
149 62
152 62
153 62
154 62
157 62
159 62
160 62
165 62
166 62
167 62
168 62
170 62
173 62
174 62
175 62
176 62
177 62
180 62
183 62
184 62
185 62
187 62
189 62
190 62
191 62
193 62
194 62
195 62
197 62
199 62
203 62
204 62
207 62
213 62
216 62
217 62
219 62
220 62
222 62
224 62
225 62
227 62
228 62
229 62
233 62
235 62
236 62
241 62
243 62
247 62
251 62
253 62
254 62
255 62
257 62
258 62
262 62
264 62
267 62
268 62
269 62
271 62
276 62
279 62
283 62
285 62
288 62
291 62
292 62
294 62
296 62
297 62
301 62
302 62
303 62
307 62
310 62
311 62
312 62
315 62
317 62
319 62
324 62
325 62
326 62
331 62
335 62
340 62
342 62
345 62
350 62
351 62
359 62
364 62
368 62
370 62
380 62
387 62
390 62
393 62
399 62
402 62
403 62
404 62
408 62
410 62
414 62
415 62
419 62
420 62
423 62
425 62
427 62
428 62
429 62
431 62
434 62
435 62
436 62
441 62
442 62
443 62
444 62
446 62
447 62
453 62
454 62
456 62
457 62
458 62
459 62
460 62
461 62
462 62
463 62
465 62
469 62
474 62
476 62
478 62
482 62
483 62
485 62
486 62
487 62
490 62
492 62
494 62
495 62
496 62
497 62
498 62
500 62
2 63
3 63
5 63
6 63
9 63
17 63
18 63
19 63
31 63
38 63
39 63
40 63
41 63
51 63
60 63
64 63
65 63
73 63
75 63
81 63
86 63
102 63
118 63
120 63
121 63
124 63
128 63
134 63
135 63
136 63
143 63
145 63
149 63
152 63
165 63
166 63
167 63
176 63
183 63
190 63
191 63
195 63
197 63
201 63
203 63
207 63
208 63
212 63
219 63
222 63
224 63
225 63
228 63
237 63
241 63
243 63
244 63
245 63
247 63
251 63
257 63
274 63
276 63
279 63
283 63
285 63
293 63
297 63
301 63
307 63
311 63
312 63
319 63
325 63
327 63
329 63
335 63
340 63
349 63
350 63
359 63
366 63
368 63
370 63
372 63
387 63
393 63
396 63
399 63
402 63
403 63
408 63
410 63
412 63
414 63
415 63
420 63
423 63
425 63
428 63
429 63
435 63
436 63
441 63
444 63
446 63
453 63
454 63
457 63
496 63
497 63
2 64
3 64
4 64
5 64
6 64
7 64
9 64
12 64
16 64
17 64
19 64
23 64
25 64
28 64
45 64
51 64
54 64
62 64
63 64
65 64
68 64
73 64
74 64
75 64
86 64
99 64
101 64
108 64
120 64
124 64
128 64
133 64
143 64
145 64
149 64
167 64
190 64
207 64
217 64
224 64
228 64
229 64
234 64
241 64
243 64
247 64
264 64
290 64
294 64
297 64
307 64
310 64
312 64
315 64
364 64
370 64
399 64
406 64
427 64
446 64
447 64
462 64
473 64
2 65
3 65
4 65
5 65
9 65
12 65
13 65
14 65
16 65
17 65
18 65
20 65
23 65
24 65
25 65
27 65
31 65
32 65
34 65
38 65
39 65
40 65
41 65
42 65
43 65
45 65
51 65
52 65
53 65
56 65
60 65
62 65
63 65
64 65
66 65
67 65
71 65
73 65
75 65
77 65
80 65
83 65
85 65
86 65
87 65
88 65
92 65
94 65
96 65
98 65
99 65
101 65
102 65
105 65
108 65
110 65
112 65
114 65
118 65
119 65
120 65
121 65
124 65
128 65
129 65
130 65
132 65
133 65
134 65
135 65
136 65
138 65
141 65
142 65
143 65
145 65
146 65
147 65
148 65
149 65
152 65
157 65
159 65
165 65
166 65
167 65
168 65
173 65
175 65
176 65
177 65
180 65
183 65
187 65
189 65
190 65
191 65
194 65
195 65
197 65
199 65
201 65
203 65
207 65
208 65
209 65
212 65
213 65
214 65
217 65
219 65
220 65
222 65
224 65
225 65
228 65
229 65
233 65
235 65
236 65
237 65
238 65
241 65
243 65
244 65
245 65
247 65
251 65
253 65
254 65
255 65
260 65
262 65
264 65
265 65
267 65
269 65
271 65
274 65
276 65
277 65
279 65
280 65
285 65
287 65
291 65
294 65
295 65
296 65
297 65
301 65
303 65
307 65
310 65
311 65
312 65
313 65
315 65
319 65
323 65
324 65
327 65
329 65
330 65
333 65
335 65
336 65
340 65
343 65
345 65
347 65
348 65
349 65
350 65
351 65
352 65
359 65
366 65
367 65
372 65
380 65
383 65
387 65
390 65
392 65
393 65
396 65
399 65
402 65
403 65
404 65
407 65
408 65
410 65
412 65
414 65
415 65
420 65
423 65
425 65
428 65
429 65
431 65
432 65
434 65
435 65
436 65
439 65
441 65
444 65
446 65
447 65
453 65
454 65
457 65
458 65
459 65
460 65
461 65
462 65
463 65
465 65
468 65
469 65
473 65
474 65
478 65
482 65
483 65
484 65
485 65
486 65
487 65
490 65
492 65
494 65
495 65
496 65
497 65
498 65
500 65
2 66
3 66
4 66
9 66
12 66
25 66
28 66
30 66
39 66
47 66
51 66
53 66
56 66
58 66
59 66
60 66
63 66
65 66
66 66
69 66
73 66
75 66
81 66
86 66
99 66
108 66
110 66
114 66
120 66
121 66
126 66
128 66
129 66
132 66
133 66
134 66
139 66
143 66
144 66
145 66
149 66
150 66
158 66
165 66
168 66
173 66
176 66
177 66
178 66
183 66
189 66
190 66
191 66
194 66
195 66
199 66
207 66
209 66
214 66
215 66
216 66
224 66
225 66
229 66
233 66
239 66
243 66
244 66
251 66
258 66
267 66
269 66
274 66
276 66
277 66
278 66
283 66
285 66
291 66
296 66
297 66
299 66
301 66
302 66
303 66
306 66
311 66
312 66
323 66
325 66
335 66
340 66
341 66
347 66
350 66
358 66
359 66
368 66
369 66
373 66
375 66
377 66
378 66
384 66
399 66
405 66
409 66
412 66
413 66
417 66
425 66
431 66
436 66
442 66
443 66
446 66
451 66
453 66
454 66
456 66
457 66
460 66
463 66
467 66
468 66
472 66
473 66
474 66
483 66
496 66
2 67
3 67
4 67
5 67
6 67
7 67
9 67
12 67
16 67
18 67
22 67
23 67
24 67
25 67
27 67
28 67
34 67
38 67
39 67
43 67
45 67
51 67
52 67
56 67
57 67
58 67
59 67
60 67
63 67
65 67
68 67
71 67
72 67
73 67
74 67
75 67
77 67
78 67
83 67
85 67
86 67
87 67
89 67
91 67
92 67
93 67
98 67
99 67
101 67
102 67
105 67
106 67
110 67
111 67
112 67
114 67
118 67
120 67
121 67
123 67
124 67
125 67
127 67
128 67
130 67
133 67
134 67
135 67
137 67
138 67
139 67
145 67
147 67
148 67
149 67
151 67
154 67
157 67
159 67
160 67
163 67
165 67
166 67
171 67
173 67
174 67
175 67
176 67
182 67
183 67
184 67
185 67
187 67
189 67
190 67
193 67
195 67
197 67
203 67
204 67
207 67
211 67
212 67
213 67
214 67
219 67
225 67
233 67
241 67
243 67
247 67
252 67
253 67
254 67
257 67
264 67
265 67
267 67
269 67
285 67
301 67
307 67
310 67
311 67
312 67
315 67
319 67
323 67
329 67
342 67
350 67
359 67
368 67
380 67
393 67
402 67
403 67
405 67
408 67
410 67
414 67
415 67
420 67
423 67
425 67
427 67
428 67
429 67
435 67
436 67
441 67
442 67
444 67
446 67
447 67
453 67
454 67
457 67
462 67
463 67
469 67
474 67
496 67
2 68
3 68
5 68
7 68
8 68
9 68
12 68
15 68
17 68
18 68
23 68
24 68
25 68
28 68
30 68
31 68
33 68
34 68
38 68
39 68
45 68
48 68
50 68
51 68
53 68
58 68
59 68
60 68
62 68
63 68
64 68
65 68
66 68
67 68
70 68
71 68
73 68
74 68
75 68
78 68
83 68
85 68
86 68
89 68
92 68
93 68
94 68
99 68
102 68
106 68
111 68
117 68
120 68
121 68
124 68
125 68
128 68
129 68
132 68
137 68
138 68
139 68
145 68
147 68
148 68
149 68
151 68
153 68
154 68
159 68
165 68
168 68
173 68
176 68
177 68
183 68
187 68
190 68
193 68
194 68
195 68
201 68
207 68
212 68
219 68
224 68
225 68
229 68
235 68
239 68
243 68
244 68
246 68
247 68
253 68
254 68
257 68
258 68
264 68
265 68
268 68
274 68
276 68
283 68
285 68
288 68
290 68
291 68
294 68
295 68
296 68
299 68
303 68
307 68
309 68
311 68
312 68
315 68
317 68
324 68
342 68
345 68
350 68
358 68
359 68
369 68
370 68
377 68
380 68
381 68
408 68
412 68
417 68
427 68
429 68
431 68
435 68
436 68
446 68
451 68
453 68
456 68
457 68
460 68
463 68
474 68
485 68
496 68
2 69
3 69
4 69
9 69
28 69
51 69
63 69
65 69
66 69
70 69
73 69
124 69
128 69
143 69
149 69
163 69
190 69
191 69
194 69
224 69
243 69
250 69
294 69
307 69
312 69
317 69
347 69
468 69
473 69
474 69
476 69
2 70
3 70
9 70
18 70
28 70
51 70
63 70
65 70
68 70
69 70
73 70
102 70
128 70
129 70
136 70
145 70
149 70
151 70
190 70
207 70
214 70
229 70
243 70
250 70
253 70
307 70
368 70
378 70
380 70
431 70
442 70
446 70
2 71
3 71
4 71
6 71
7 71
8 71
9 71
12 71
16 71
18 71
24 71
25 71
26 71
27 71
28 71
34 71
38 71
39 71
43 71
51 71
53 71
54 71
56 71
58 71
60 71
63 71
65 71
66 71
67 71
68 71
72 71
73 71
79 71
83 71
85 71
86 71
97 71
101 71
106 71
107 71
110 71
114 71
120 71
121 71
125 71
127 71
128 71
132 71
133 71
135 71
137 71
142 71
149 71
151 71
152 71
170 71
173 71
176 71
177 71
183 71
184 71
190 71
193 71
195 71
207 71
212 71
216 71
225 71
229 71
235 71
243 71
250 71
253 71
254 71
265 71
268 71
274 71
280 71
285 71
296 71
303 71
311 71
315 71
323 71
358 71
368 71
369 71
377 71
380 71
399 71
425 71
427 71
436 71
444 71
446 71
453 71
456 71
462 71
463 71
473 71
476 71
477 71
496 71
2 72
3 72
4 72
5 72
6 72
9 72
12 72
16 72
17 72
18 72
22 72
23 72
25 72
28 72
29 72
30 72
34 72
38 72
39 72
43 72
45 72
48 72
51 72
52 72
53 72
56 72
57 72
58 72
59 72
62 72
63 72
65 72
66 72
71 72
73 72
74 72
75 72
77 72
79 72
80 72
83 72
85 72
86 72
91 72
93 72
94 72
97 72
98 72
99 72
101 72
106 72
107 72
110 72
114 72
119 72
120 72
121 72
124 72
128 72
129 72
130 72
133 72
134 72
137 72
139 72
142 72
143 72
145 72
148 72
149 72
151 72
152 72
153 72
155 72
156 72
158 72
159 72
165 72
166 72
167 72
174 72
175 72
177 72
181 72
184 72
185 72
189 72
190 72
194 72
196 72
197 72
207 72
212 72
213 72
216 72
224 72
225 72
229 72
233 72
237 72
238 72
239 72
241 72
243 72
244 72
247 72
249 72
253 72
257 72
264 72
267 72
268 72
269 72
271 72
276 72
283 72
285 72
290 72
291 72
292 72
294 72
295 72
296 72
297 72
299 72
301 72
302 72
303 72
306 72
307 72
308 72
311 72
312 72
315 72
316 72
317 72
323 72
324 72
325 72
326 72
329 72
331 72
334 72
341 72
342 72
345 72
350 72
351 72
358 72
359 72
364 72
368 72
369 72
375 72
377 72
378 72
381 72
399 72
403 72
409 72
412 72
427 72
429 72
431 72
432 72
434 72
435 72
436 72
437 72
442 72
443 72
451 72
453 72
456 72
457 72
460 72
463 72
465 72
468 72
469 72
472 72
473 72
474 72
476 72
479 72
483 72
485 72
496 72
499 72
2 73
3 73
4 73
5 73
6 73
7 73
8 73
9 73
10 73
11 73
12 73
14 73
17 73
18 73
19 73
21 73
22 73
23 73
25 73
28 73
30 73
31 73
35 73
37 73
38 73
39 73
40 73
42 73
44 73
47 73
48 73
50 73
51 73
53 73
54 73
56 73
58 73
60 73
61 73
62 73
63 73
64 73
65 73
66 73
68 73
69 73
75 73
79 73
81 73
86 73
92 73
98 73
108 73
110 73
111 73
113 73
120 73
121 73
124 73
128 73
129 73
132 73
133 73
134 73
136 73
137 73
143 73
144 73
145 73
146 73
149 73
155 73
162 73
165 73
168 73
173 73
176 73
178 73
179 73
181 73
183 73
186 73
190 73
193 73
194 73
195 73
199 73
207 73
209 73
212 73
216 73
219 73
222 73
224 73
225 73
229 73
230 73
233 73
239 73
243 73
244 73
247 73
251 73
252 73
257 73
258 73
260 73
267 73
268 73
269 73
274 73
276 73
277 73
278 73
279 73
280 73
283 73
285 73
286 73
291 73
295 73
296 73
297 73
301 73
307 73
308 73
309 73
311 73
312 73
317 73
323 73
325 73
327 73
329 73
330 73
335 73
336 73
340 73
347 73
350 73
358 73
359 73
361 73
364 73
365 73
368 73
369 73
371 73
375 73
377 73
378 73
381 73
384 73
392 73
396 73
399 73
404 73
405 73
412 73
414 73
417 73
425 73
431 73
435 73
436 73
438 73
439 73
443 73
446 73
447 73
451 73
456 73
457 73
460 73
463 73
467 73
468 73
472 73
473 73
474 73
481 73
483 73
489 73
493 73
496 73
2 74
3 74
6 74
7 74
9 74
18 74
38 74
39 74
51 74
57 74
63 74
64 74
65 74
73 74
75 74
83 74
86 74
114 74
145 74
149 74
162 74
165 74
176 74
177 74
190 74
207 74
225 74
233 74
235 74
241 74
243 74
257 74
267 74
271 74
307 74
312 74
319 74
351 74
368 74
399 74
406 74
408 74
412 74
446 74
447 74
474 74
496 74
2 75
3 75
4 75
5 75
9 75
10 75
12 75
17 75
18 75
20 75
23 75
24 75
25 75
28 75
31 75
32 75
38 75
42 75
45 75
47 75
50 75
51 75
52 75
53 75
54 75
58 75
59 75
63 75
65 75
66 75
73 75
86 75
88 75
92 75
96 75
99 75
101 75
105 75
110 75
113 75
114 75
117 75
118 75
120 75
121 75
123 75
124 75
128 75
129 75
133 75
134 75
135 75
136 75
139 75
142 75
143 75
144 75
145 75
149 75
155 75
157 75
162 75
165 75
166 75
168 75
173 75
176 75
183 75
189 75
190 75
191 75
194 75
195 75
196 75
197 75
199 75
201 75
203 75
207 75
208 75
209 75
211 75
214 75
219 75
222 75
224 75
225 75
226 75
228 75
229 75
233 75
238 75
241 75
243 75
244 75
245 75
247 75
251 75
254 75
255 75
257 75
258 75
260 75
262 75
264 75
267 75
268 75
269 75
271 75
274 75
276 75
277 75
279 75
280 75
285 75
287 75
290 75
291 75
294 75
295 75
296 75
297 75
301 75
302 75
306 75
311 75
312 75
315 75
319 75
325 75
327 75
329 75
335 75
336 75
340 75
347 75
350 75
357 75
358 75
359 75
369 75
372 75
377 75
378 75
387 75
390 75
392 75
393 75
396 75
399 75
402 75
403 75
404 75
405 75
408 75
412 75
414 75
415 75
417 75
420 75
423 75
425 75
428 75
429 75
431 75
432 75
434 75
435 75
436 75
441 75
442 75
443 75
444 75
446 75
447 75
451 75
453 75
454 75
456 75
457 75
458 75
460 75
461 75
462 75
463 75
465 75
468 75
469 75
473 75
474 75
478 75
481 75
482 75
483 75
485 75
486 75
490 75
492 75
493 75
494 75
495 75
496 75
497 75
499 75
500 75
51 76
63 76
65 76
145 76
149 76
190 76
307 76
368 76
406 76
3 77
4 77
6 77
23 77
25 77
34 77
38 77
39 77
45 77
51 77
53 77
56 77
62 77
63 77
65 77
67 77
71 77
74 77
75 77
86 77
93 77
94 77
99 77
102 77
105 77
111 77
121 77
125 77
128 77
130 77
133 77
145 77
148 77
149 77
165 77
166 77
175 77
176 77
183 77
185 77
190 77
195 77
203 77
207 77
212 77
219 77
225 77
241 77
243 77
247 77
268 77
288 77
297 77
299 77
302 77
359 77
368 77
412 77
446 77
462 77
473 77
474 77
499 77
3 78
8 78
9 78
12 78
15 78
18 78
24 78
25 78
31 78
48 78
51 78
54 78
56 78
57 78
58 78
60 78
63 78
65 78
67 78
83 78
86 78
88 78
98 78
99 78
102 78
106 78
120 78
121 78
125 78
133 78
134 78
139 78
141 78
143 78
149 78
168 78
169 78
175 78
185 78
189 78
190 78
193 78
207 78
227 78
228 78
247 78
296 78
303 78
315 78
343 78
427 78
442 78
496 78
499 78
2 79
3 79
9 79
12 79
24 79
25 79
27 79
28 79
30 79
34 79
51 79
56 79
63 79
65 79
73 79
75 79
83 79
86 79
92 79
98 79
101 79
102 79
107 79
120 79
121 79
128 79
134 79
145 79
149 79
165 79
166 79
176 79
177 79
183 79
184 79
190 79
195 79
197 79
207 79
217 79
219 79
225 79
231 79
235 79
243 79
247 79
311 79
368 79
376 79
380 79
399 79
442 79
446 79
447 79
453 79
460 79
474 79
485 79
496 79
2 80
3 80
9 80
12 80
14 80
16 80
18 80
24 80
25 80
28 80
30 80
43 80
45 80
48 80
50 80
51 80
52 80
54 80
56 80
58 80
59 80
62 80
63 80
65 80
66 80
71 80
75 80
80 80
81 80
88 80
98 80
99 80
101 80
102 80
106 80
107 80
124 80
129 80
133 80
142 80
143 80
144 80
145 80
149 80
153 80
184 80
188 80
189 80
190 80
194 80
207 80
225 80
229 80
243 80
247 80
251 80
268 80
276 80
285 80
290 80
296 80
309 80
312 80
317 80
320 80
325 80
328 80
347 80
350 80
359 80
368 80
369 80
377 80
378 80
379 80
380 80
395 80
402 80
406 80
425 80
430 80
431 80
436 80
437 80
442 80
446 80
449 80
450 80
453 80
456 80
463 80
468 80
473 80
474 80
485 80
496 80
2 81
3 81
4 81
5 81
9 81
12 81
16 81
18 81
23 81
24 81
25 81
26 81
27 81
28 81
30 81
34 81
38 81
39 81
45 81
46 81
47 81
48 81
49 81
50 81
51 81
53 81
54 81
56 81
57 81
59 81
62 81
63 81
65 81
66 81
67 81
68 81
71 81
73 81
75 81
77 81
78 81
80 81
83 81
85 81
86 81
91 81
94 81
99 81
110 81
112 81
114 81
120 81
121 81
124 81
125 81
129 81
132 81
133 81
134 81
137 81
138 81
143 81
145 81
148 81
149 81
151 81
152 81
155 81
157 81
165 81
166 81
168 81
175 81
176 81
177 81
181 81
183 81
189 81
190 81
193 81
194 81
203 81
206 81
207 81
214 81
216 81
222 81
224 81
225 81
228 81
229 81
233 81
239 81
247 81
250 81
251 81
253 81
258 81
264 81
267 81
268 81
269 81
271 81
274 81
276 81
280 81
283 81
287 81
291 81
296 81
297 81
299 81
301 81
302 81
307 81
310 81
311 81
312 81
324 81
325 81
331 81
333 81
334 81
343 81
345 81
347 81
350 81
358 81
359 81
368 81
369 81
375 81
377 81
378 81
390 81
399 81
403 81
405 81
407 81
412 81
422 81
425 81
427 81
431 81
436 81
437 81
439 81
442 81
443 81
447 81
456 81
457 81
459 81
460 81
462 81
463 81
468 81
469 81
472 81
473 81
483 81
487 81
499 81
9 82
31 82
51 82
62 82
63 82
65 82
118 82
149 82
190 82
207 82
228 82
368 82
399 82
462 82
2 83
3 83
4 83
5 83
6 83
7 83
8 83
9 83
10 83
11 83
12 83
16 83
17 83
18 83
19 83
20 83
21 83
23 83
25 83
27 83
28 83
31 83
32 83
34 83
37 83
38 83
39 83
41 83
42 83
45 83
47 83
48 83
49 83
50 83
51 83
52 83
53 83
56 83
57 83
58 83
59 83
60 83
61 83
62 83
63 83
65 83
66 83
67 83
68 83
71 83
73 83
74 83
75 83
77 83
78 83
79 83
80 83
81 83
85 83
86 83
92 83
93 83
94 83
96 83
98 83
99 83
102 83
105 83
106 83
108 83
110 83
111 83
112 83
113 83
114 83
115 83
118 83
120 83
121 83
123 83
125 83
127 83
128 83
129 83
130 83
132 83
133 83
134 83
135 83
137 83
138 83
139 83
140 83
141 83
142 83
143 83
144 83
145 83
147 83
148 83
149 83
151 83
152 83
153 83
155 83
157 83
165 83
166 83
167 83
168 83
169 83
170 83
171 83
173 83
174 83
175 83
176 83
177 83
178 83
179 83
181 83
182 83
183 83
184 83
186 83
187 83
189 83
190 83
191 83
194 83
195 83
196 83
197 83
199 83
201 83
204 83
207 83
209 83
212 83
214 83
216 83
217 83
218 83
219 83
222 83
224 83
225 83
226 83
227 83
228 83
229 83
230 83
233 83
236 83
237 83
238 83
239 83
241 83
243 83
244 83
245 83
246 83
247 83
252 83
253 83
254 83
255 83
257 83
259 83
260 83
262 83
264 83
268 83
269 83
271 83
276 83
277 83
280 83
281 83
285 83
286 83
287 83
288 83
291 83
293 83
294 83
295 83
296 83
297 83
301 83
303 83
305 83
307 83
310 83
311 83
313 83
315 83
316 83
317 83
323 83
324 83
325 83
327 83
329 83
330 83
333 83
334 83
335 83
336 83
341 83
342 83
343 83
346 83
347 83
348 83
349 83
350 83
351 83
352 83
354 83
357 83
358 83
359 83
361 83
365 83
367 83
368 83
369 83
370 83
371 83
372 83
375 83
377 83
378 83
379 83
380 83
381 83
382 83
383 83
389 83
390 83
392 83
393 83
399 83
402 83
403 83
405 83
408 83
412 83
414 83
415 83
417 83
420 83
422 83
423 83
425 83
427 83
428 83
429 83
431 83
432 83
435 83
436 83
437 83
441 83
442 83
443 83
446 83
447 83
448 83
451 83
453 83
454 83
456 83
457 83
458 83
459 83
460 83
461 83
462 83
463 83
465 83
468 83
469 83
470 83
476 83
478 83
479 83
481 83
482 83
483 83
485 83
486 83
487 83
488 83
489 83
490 83
492 83
493 83
494 83
495 83
496 83
497 83
498 83
499 83
500 83
9 84
15 84
51 84
56 84
63 84
65 84
78 84
149 84
190 84
207 84
247 84
294 84
368 84
446 84
3 85
4 85
9 85
12 85
16 85
17 85
18 85
23 85
24 85
25 85
34 85
38 85
39 85
45 85
49 85
51 85
54 85
57 85
58 85
62 85
63 85
65 85
73 85
81 85
86 85
94 85
97 85
98 85
99 85
101 85
102 85
105 85
108 85
112 85
118 85
120 85
121 85
125 85
128 85
134 85
137 85
138 85
145 85
147 85
149 85
151 85
152 85
165 85
166 85
168 85
170 85
176 85
183 85
184 85
187 85
190 85
195 85
197 85
207 85
217 85
219 85
222 85
225 85
228 85
247 85
250 85
255 85
268 85
269 85
285 85
307 85
347 85
380 85
399 85
435 85
442 85
446 85
447 85
462 85
463 85
3 86
4 86
8 86
9 86
11 86
14 86
17 86
18 86
19 86
25 86
28 86
31 86
37 86
40 86
42 86
45 86
51 86
56 86
58 86
61 86
62 86
63 86
65 86
66 86
73 86
96 86
99 86
110 86
120 86
123 86
124 86
128 86
134 86
136 86
145 86
146 86
149 86
165 86
167 86
168 86
173 86
175 86
177 86
181 86
183 86
190 86
191 86
194 86
201 86
207 86
208 86
209 86
217 86
222 86
224 86
225 86
228 86
229 86
237 86
243 86
244 86
247 86
267 86
269 86
271 86
274 86
278 86
279 86
280 86
283 86
286 86
290 86
291 86
293 86
295 86
296 86
297 86
301 86
303 86
311 86
312 86
325 86
327 86
329 86
330 86
336 86
340 86
350 86
359 86
365 86
392 86
393 86
399 86
405 86
412 86
427 86
431 86
435 86
436 86
443 86
446 86
447 86
453 86
457 86
462 86
473 86
474 86
483 86
489 86
496 86
497 86
2 87
3 87
5 87
9 87
17 87
23 87
45 87
51 87
56 87
62 87
63 87
65 87
75 87
86 87
91 87
96 87
99 87
101 87
108 87
112 87
120 87
124 87
128 87
129 87
130 87
133 87
134 87
145 87
149 87
165 87
190 87
207 87
217 87
222 87
225 87
228 87
234 87
243 87
245 87
246 87
247 87
251 87
255 87
264 87
268 87
269 87
279 87
287 87
303 87
307 87
309 87
311 87
312 87
325 87
326 87
350 87
351 87
359 87
369 87
399 87
410 87
412 87
422 87
436 87
446 87
447 87
457 87
462 87
473 87
474 87
499 87
2 88
3 88
4 88
8 88
9 88
14 88
17 88
23 88
24 88
25 88
27 88
28 88
30 88
31 88
34 88
45 88
49 88
51 88
53 88
54 88
56 88
58 88
60 88
62 88
63 88
65 88
66 88
73 88
78 88
86 88
96 88
99 88
101 88
102 88
106 88
110 88
111 88
114 88
118 88
121 88
128 88
129 88
133 88
134 88
138 88
139 88
142 88
143 88
144 88
145 88
147 88
149 88
150 88
152 88
155 88
165 88
166 88
176 88
180 88
183 88
187 88
189 88
190 88
191 88
193 88
194 88
195 88
206 88
207 88
214 88
217 88
219 88
224 88
225 88
228 88
229 88
239 88
244 88
247 88
255 88
258 88
268 88
277 88
285 88
289 88
296 88
297 88
299 88
303 88
306 88
308 88
312 88
317 88
324 88
331 88
336 88
343 88
347 88
359 88
369 88
377 88
378 88
381 88
383 88
399 88
414 88
417 88
425 88
431 88
436 88
442 88
446 88
447 88
453 88
456 88
460 88
462 88
468 88
469 88
471 88
474 88
488 88
498 88
3 89
6 89
51 89
63 89
65 89
110 89
145 89
149 89
190 89
307 89
368 89
446 89
2 90
3 90
9 90
16 90
23 90
43 90
45 90
51 90
53 90
60 90
63 90
65 90
85 90
93 90
99 90
102 90
120 90
145 90
149 90
165 90
181 90
190 90
194 90
207 90
214 90
234 90
264 90
299 90
325 90
350 90
366 90
369 90
474 90
3 91
38 91
51 91
63 91
65 91
87 91
105 91
149 91
190 91
3 92
9 92
12 92
18 92
24 92
25 92
28 92
45 92
51 92
54 92
56 92
57 92
60 92
63 92
65 92
67 92
70 92
73 92
79 92
83 92
99 92
101 92
102 92
110 92
111 92
121 92
125 92
127 92
128 92
129 92
139 92
145 92
149 92
165 92
168 92
176 92
187 92
190 92
207 92
217 92
244 92
252 92
283 92
295 92
296 92
303 92
306 92
329 92
369 92
379 92
399 92
408 92
427 92
436 92
442 92
447 92
496 92
498 92
2 93
3 93
5 93
6 93
9 93
14 93
16 93
17 93
18 93
23 93
25 93
31 93
38 93
39 93
40 93
42 93
43 93
45 93
51 93
56 93
63 93
65 93
67 93
75 93
77 93
85 93
86 93
98 93
99 93
101 93
102 93
121 93
124 93
128 93
130 93
134 93
143 93
145 93
149 93
153 93
159 93
165 93
167 93
173 93
174 93
175 93
176 93
177 93
179 93
180 93
183 93
187 93
190 93
194 93
195 93
207 93
209 93
212 93
217 93
219 93
225 93
228 93
229 93
234 93
236 93
243 93
244 93
245 93
246 93
247 93
249 93
254 93
255 93
257 93
260 93
264 93
265 93
268 93
280 93
287 93
294 93
297 93
301 93
311 93
312 93
315 93
316 93
318 93
325 93
326 93
334 93
369 93
375 93
377 93
389 93
392 93
412 93
432 93
434 93
435 93
443 93
446 93
447 93
457 93
459 93
463 93
474 93
3 94
4 94
5 94
6 94
9 94
18 94
23 94
25 94
28 94
38 94
39 94
42 94
43 94
51 94
56 94
57 94
59 94
62 94
63 94
64 94
65 94
66 94
67 94
73 94
74 94
75 94
77 94
83 94
85 94
86 94
87 94
91 94
93 94
98 94
101 94
105 94
111 94
112 94
114 94
118 94
119 94
121 94
124 94
125 94
127 94
129 94
134 94
143 94
145 94
149 94
151 94
152 94
153 94
157 94
159 94
169 94
175 94
176 94
183 94
184 94
185 94
187 94
189 94
190 94
193 94
195 94
207 94
218 94
222 94
224 94
227 94
228 94
229 94
239 94
241 94
243 94
247 94
252 94
255 94
258 94
267 94
268 94
269 94
270 94
271 94
285 94
287 94
288 94
291 94
296 94
305 94
307 94
311 94
315 94
330 94
342 94
345 94
346 94
351 94
359 94
360 94
364 94
368 94
378 94
399 94
417 94
427 94
429 94
434 94
442 94
446 94
447 94
451 94
458 94
462 94
463 94
468 94
474 94
476 94
496 94
499 94
31 95
51 95
63 95
65 95
125 95
149 95
168 95
185 95
190 95
207 95
307 95
368 95
3 96
5 96
6 96
9 96
23 96
31 96
51 96
56 96
65 96
87 96
88 96
101 96
120 96
145 96
149 96
180 96
190 96
207 96
264 96
299 96
307 96
312 96
326 96
345 96
368 96
399 96
447 96
474 96
2 97
3 97
4 97
6 97
7 97
9 97
16 97
18 97
25 97
26 97
34 97
49 97
50 97
51 97
53 97
56 97
59 97
60 97
63 97
65 97
67 97
71 97
73 97
80 97
85 97
86 97
93 97
96 97
98 97
101 97
102 97
106 97
110 97
111 97
114 97
120 97
121 97
124 97
125 97
128 97
133 97
134 97
137 97
138 97
140 97
142 97
143 97
144 97
145 97
146 97
149 97
151 97
152 97
154 97
160 97
162 97
165 97
166 97
168 97
170 97
173 97
175 97
176 97
177 97
180 97
183 97
184 97
187 97
190 97
195 97
197 97
207 97
217 97
219 97
224 97
229 97
234 97
239 97
243 97
245 97
247 97
253 97
264 97
276 97
285 97
290 97
291 97
294 97
296 97
297 97
299 97
307 97
311 97
312 97
315 97
334 97
359 97
368 97
369 97
377 97
380 97
399 97
412 97
427 97
429 97
436 97
442 97
446 97
447 97
453 97
456 97
459 97
463 97
2 98
3 98
4 98
9 98
12 98
13 98
16 98
18 98
23 98
24 98
38 98
49 98
51 98
52 98
58 98
60 98
62 98
65 98
73 98
79 98
80 98
85 98
101 98
102 98
107 98
111 98
112 98
124 98
125 98
142 98
144 98
145 98
149 98
168 98
175 98
183 98
184 98
189 98
190 98
206 98
207 98
234 98
239 98
250 98
251 98
276 98
282 98
288 98
294 98
307 98
347 98
358 98
368 98
369 98
380 98
387 98
399 98
473 98
476 98
2 99
3 99
4 99
5 99
6 99
7 99
8 99
9 99
10 99
11 99
12 99
13 99
15 99
16 99
17 99
18 99
19 99
20 99
21 99
22 99
23 99
24 99
25 99
26 99
27 99
28 99
30 99
31 99
32 99
34 99
35 99
37 99
38 99
39 99
40 99
43 99
45 99
46 99
47 99
48 99
49 99
50 99
51 99
52 99
53 99
56 99
57 99
58 99
59 99
60 99
61 99
62 99
63 99
64 99
65 99
66 99
67 99
68 99
70 99
71 99
72 99
73 99
75 99
77 99
78 99
79 99
80 99
81 99
83 99
85 99
86 99
87 99
88 99
90 99
91 99
92 99
93 99
96 99
98 99
99 99
101 99
102 99
105 99
106 99
107 99
108 99
110 99
111 99
112 99
114 99
115 99
117 99
118 99
119 99
120 99
121 99
124 99
125 99
128 99
129 99
130 99
132 99
133 99
134 99
137 99
138 99
139 99
140 99
142 99
143 99
144 99
145 99
146 99
149 99
150 99
151 99
152 99
153 99
154 99
155 99
158 99
160 99
164 99
165 99
166 99
167 99
168 99
169 99
171 99
172 99
173 99
175 99
176 99
177 99
179 99
180 99
181 99
182 99
183 99
184 99
185 99
186 99
187 99
188 99
189 99
190 99
191 99
192 99
193 99
194 99
195 99
196 99
197 99
198 99
199 99
203 99
204 99
206 99
207 99
209 99
211 99
212 99
213 99
214 99
215 99
216 99
217 99
218 99
219 99
222 99
223 99
224 99
225 99
227 99
228 99
229 99
230 99
233 99
234 99
238 99
239 99
243 99
244 99
245 99
246 99
247 99
249 99
250 99
251 99
252 99
253 99
254 99
257 99
258 99
260 99
261 99
262 99
264 99
265 99
267 99
268 99
269 99
270 99
271 99
274 99
276 99
277 99
279 99
280 99
281 99
283 99
285 99
286 99
287 99
289 99
290 99
291 99
293 99
294 99
295 99
296 99
297 99
299 99
301 99
302 99
303 99
305 99
306 99
307 99
308 99
309 99
311 99
312 99
313 99
315 99
316 99
317 99
318 99
320 99
323 99
324 99
325 99
326 99
327 99
328 99
329 99
330 99
331 99
333 99
335 99
340 99
341 99
342 99
343 99
345 99
346 99
347 99
349 99
350 99
354 99
357 99
358 99
359 99
361 99
365 99
366 99
367 99
368 99
369 99
370 99
371 99
372 99
373 99
374 99
375 99
377 99
378 99
379 99
380 99
382 99
383 99
387 99
389 99
390 99
392 99
395 99
399 99
400 99
402 99
403 99
404 99
405 99
408 99
409 99
412 99
413 99
414 99
417 99
422 99
424 99
425 99
426 99
427 99
429 99
430 99
431 99
435 99
436 99
437 99
438 99
441 99
442 99
443 99
444 99
446 99
447 99
449 99
450 99
451 99
453 99
454 99
456 99
457 99
459 99
460 99
461 99
462 99
463 99
465 99
466 99
467 99
468 99
469 99
470 99
471 99
472 99
473 99
474 99
476 99
478 99
479 99
482 99
483 99
484 99
485 99
487 99
488 99
489 99
490 99
492 99
496 99
497 99
498 99
499 99
3 100
4 100
9 100
18 100
38 100
39 100
51 100
65 100
67 100
98 100
106 100
112 100
125 100
132 100
149 100
185 100
190 100
207 100
254 100
315 100
368 100
442 100
2 101
3 101
4 101
5 101
6 101
7 101
8 101
9 101
10 101
11 101
12 101
16 101
17 101
18 101
19 101
20 101
21 101
23 101
24 101
25 101
26 101
27 101
28 101
30 101
32 101
37 101
38 101
39 101
43 101
44 101
45 101
46 101
47 101
50 101
51 101
52 101
53 101
54 101
56 101
58 101
59 101
60 101
61 101
62 101
63 101
64 101
65 101
66 101
71 101
74 101
75 101
77 101
79 101
81 101
83 101
85 101
86 101
87 101
88 101
90 101
92 101
93 101
96 101
98 101
99 101
102 101
106 101
110 101
112 101
114 101
119 101
120 101
121 101
124 101
126 101
128 101
129 101
130 101
132 101
133 101
134 101
135 101
136 101
139 101
141 101
142 101
143 101
144 101
145 101
146 101
147 101
149 101
152 101
155 101
165 101
166 101
167 101
168 101
173 101
175 101
176 101
178 101
179 101
180 101
181 101
183 101
184 101
185 101
187 101
188 101
189 101
190 101
191 101
193 101
194 101
195 101
196 101
199 101
203 101
207 101
209 101
212 101
213 101
214 101
215 101
216 101
217 101
219 101
224 101
225 101
228 101
229 101
230 101
231 101
233 101
234 101
235 101
236 101
239 101
241 101
243 101
245 101
246 101
247 101
250 101
255 101
257 101
258 101
261 101
262 101
264 101
267 101
268 101
269 101
270 101
274 101
276 101
280 101
281 101
284 101
285 101
286 101
287 101
289 101
290 101
294 101
295 101
296 101
297 101
299 101
301 101
302 101
303 101
305 101
308 101
311 101
312 101
315 101
316 101
317 101
318 101
319 101
323 101
324 101
326 101
328 101
330 101
331 101
335 101
341 101
345 101
346 101
347 101
350 101
354 101
357 101
358 101
359 101
361 101
365 101
368 101
369 101
375 101
378 101
379 101
382 101
383 101
387 101
389 101
393 101
395 101
396 101
402 101
403 101
405 101
408 101
410 101
412 101
413 101
414 101
415 101
417 101
420 101
423 101
424 101
425 101
428 101
429 101
431 101
432 101
435 101
436 101
438 101
441 101
442 101
443 101
444 101
446 101
447 101
449 101
450 101
453 101
454 101
456 101
457 101
458 101
459 101
460 101
461 101
462 101
463 101
465 101
468 101
469 101
472 101
473 101
474 101
482 101
483 101
485 101
486 101
488 101
489 101
490 101
492 101
494 101
495 101
496 101
497 101
498 101
500 101
2 102
3 102
4 102
9 102
12 102
16 102
18 102
23 102
27 102
38 102
39 102
45 102
51 102
56 102
60 102
65 102
67 102
70 102
85 102
86 102
88 102
97 102
98 102
99 102
110 102
111 102
112 102
118 102
121 102
128 102
130 102
134 102
135 102
143 102
145 102
149 102
151 102
152 102
165 102
166 102
170 102
176 102
183 102
184 102
187 102
190 102
191 102
195 102
203 102
207 102
212 102
219 102
228 102
230 102
247 102
252 102
254 102
255 102
264 102
271 102
285 102
301 102
303 102
359 102
369 102
399 102
414 102
431 102
442 102
446 102
447 102
453 102
462 102
3 103
4 103
23 103
31 103
51 103
65 103
129 103
149 103
190 103
231 103
3 104
9 104
23 104
31 104
38 104
39 104
51 104
59 104
60 104
63 104
65 104
73 104
75 104
85 104
86 104
108 104
114 104
120 104
121 104
124 104
128 104
133 104
136 104
145 104
149 104
165 104
166 104
176 104
183 104
190 104
195 104
199 104
207 104
219 104
225 104
247 104
280 104
290 104
291 104
359 104
368 104
446 104
462 104
2 105
3 105
9 105
12 105
17 105
18 105
25 105
30 105
38 105
39 105
51 105
53 105
56 105
63 105
65 105
66 105
75 105
77 105
85 105
86 105
91 105
111 105
118 105
124 105
128 105
145 105
149 105
165 105
183 105
190 105
191 105
207 105
222 105
228 105
229 105
234 105
243 105
247 105
268 105
276 105
291 105
295 105
297 105
301 105
303 105
307 105
312 105
325 105
351 105
359 105
404 105
412 105
425 105
431 105
436 105
442 105
446 105
473 105
496 105
2 106
3 106
4 106
6 106
8 106
9 106
12 106
15 106
17 106
18 106
23 106
24 106
25 106
27 106
28 106
29 106
43 106
51 106
52 106
54 106
56 106
57 106
58 106
59 106
60 106
65 106
66 106
67 106
68 106
71 106
75 106
78 106
79 106
83 106
85 106
86 106
88 106
92 106
93 106
101 106
110 106
111 106
114 106
115 106
120 106
121 106
124 106
125 106
127 106
128 106
129 106
130 106
133 106
134 106
137 106
138 106
139 106
141 106
142 106
144 106
145 106
148 106
149 106
152 106
155 106
160 106
162 106
163 106
165 106
166 106
171 106
173 106
175 106
176 106
177 106
183 106
184 106
185 106
187 106
189 106
190 106
193 106
194 106
195 106
196 106
197 106
199 106
204 106
206 106
207 106
212 106
214 106
219 106
224 106
225 106
228 106
229 106
239 106
247 106
265 106
268 106
277 106
278 106
283 106
285 106
291 106
295 106
296 106
297 106
301 106
302 106
303 106
308 106
310 106
311 106
312 106
315 106
324 106
325 106
342 106
346 106
350 106
358 106
369 106
373 106
377 106
378 106
380 106
384 106
399 106
422 106
427 106
429 106
431 106
433 106
435 106
442 106
443 106
446 106
447 106
453 106
456 106
457 106
462 106
463 106
468 106
470 106
472 106
473 106
474 106
476 106
496 106
3 107
7 107
9 107
28 107
36 107
51 107
52 107
56 107
59 107
65 107
71 107
98 107
149 107
165 107
190 107
207 107
307 107
359 107
368 107
2 108
3 108
4 108
5 108
6 108
8 108
9 108
10 108
11 108
12 108
15 108
16 108
17 108
18 108
19 108
20 108
21 108
23 108
24 108
25 108
26 108
27 108
28 108
30 108
31 108
32 108
37 108
38 108
39 108
42 108
43 108
45 108
46 108
48 108
49 108
50 108
51 108
52 108
53 108
56 108
57 108
58 108
59 108
60 108
61 108
62 108
63 108
64 108
65 108
66 108
67 108
70 108
73 108
75 108
78 108
81 108
83 108
85 108
86 108
90 108
92 108
93 108
96 108
99 108
101 108
102 108
105 108
106 108
110 108
111 108
112 108
114 108
115 108
117 108
120 108
121 108
123 108
124 108
125 108
128 108
129 108
132 108
133 108
134 108
135 108
136 108
138 108
139 108
142 108
143 108
145 108
146 108
147 108
149 108
150 108
151 108
152 108
155 108
157 108
160 108
165 108
166 108
167 108
168 108
169 108
170 108
171 108
173 108
175 108
176 108
178 108
179 108
180 108
181 108
182 108
183 108
184 108
185 108
186 108
190 108
191 108
192 108
193 108
194 108
195 108
197 108
199 108
206 108
207 108
208 108
209 108
212 108
214 108
216 108
217 108
219 108
222 108
224 108
225 108
226 108
228 108
229 108
230 108
233 108
236 108
238 108
239 108
243 108
244 108
245 108
246 108
247 108
251 108
252 108
253 108
255 108
257 108
258 108
260 108
262 108
267 108
268 108
269 108
270 108
271 108
274 108
276 108
277 108
279 108
280 108
281 108
283 108
285 108
286 108
287 108
288 108
289 108
291 108
294 108
296 108
297 108
301 108
303 108
306 108
309 108
311 108
312 108
315 108
316 108
317 108
319 108
324 108
325 108
328 108
329 108
330 108
331 108
333 108
343 108
347 108
350 108
351 108
357 108
358 108
359 108
361 108
364 108
365 108
366 108
367 108
368 108
369 108
370 108
371 108
375 108
377 108
378 108
379 108
380 108
381 108
383 108
387 108
389 108
393 108
396 108
399 108
402 108
403 108
405 108
408 108
409 108
410 108
412 108
414 108
415 108
417 108
420 108
423 108
425 108
427 108
428 108
429 108
431 108
434 108
435 108
436 108
441 108
442 108
443 108
444 108
446 108
447 108
451 108
453 108
454 108
456 108
457 108
458 108
459 108
460 108
461 108
462 108
463 108
465 108
468 108
469 108
470 108
473 108
474 108
476 108
479 108
482 108
483 108
485 108
486 108
489 108
490 108
492 108
494 108
495 108
496 108
497 108
498 108
500 108
2 109
3 109
9 109
18 109
23 109
31 109
34 109
38 109
39 109
51 109
60 109
65 109
67 109
71 109
75 109
85 109
86 109
97 109
98 109
101 109
102 109
106 109
108 109
110 109
119 109
120 109
121 109
124 109
128 109
133 109
134 109
143 109
145 109
149 109
152 109
157 109
165 109
166 109
167 109
173 109
176 109
183 109
184 109
190 109
195 109
197 109
199 109
207 109
212 109
216 109
219 109
222 109
225 109
236 109
243 109
247 109
268 109
285 109
301 109
380 109
436 109
446 109
462 109
496 109
2 110
3 110
4 110
9 110
12 110
25 110
31 110
38 110
39 110
51 110
56 110
62 110
63 110
65 110
73 110
75 110
83 110
85 110
86 110
92 110
98 110
108 110
111 110
120 110
121 110
125 110
128 110
129 110
133 110
134 110
136 110
143 110
145 110
149 110
151 110
176 110
183 110
184 110
187 110
190 110
191 110
195 110
199 110
207 110
212 110
217 110
219 110
224 110
225 110
228 110
229 110
243 110
247 110
251 110
253 110
254 110
258 110
261 110
271 110
276 110
277 110
285 110
291 110
295 110
296 110
297 110
303 110
310 110
311 110
312 110
315 110
317 110
323 110
325 110
329 110
340 110
350 110
359 110
377 110
396 110
399 110
405 110
431 110
435 110
436 110
443 110
446 110
447 110
457 110
462 110
473 110
474 110
2 111
3 111
4 111
6 111
9 111
12 111
18 111
23 111
25 111
28 111
38 111
43 111
45 111
51 111
56 111
57 111
60 111
62 111
63 111
64 111
65 111
67 111
68 111
73 111
77 111
83 111
85 111
86 111
93 111
98 111
99 111
102 111
105 111
110 111
112 111
117 111
118 111
120 111
121 111
123 111
125 111
128 111
132 111
134 111
135 111
138 111
142 111
143 111
145 111
148 111
149 111
151 111
153 111
157 111
159 111
165 111
166 111
169 111
174 111
175 111
176 111
182 111
183 111
185 111
187 111
190 111
191 111
195 111
204 111
207 111
212 111
217 111
219 111
222 111
228 111
236 111
241 111
243 111
247 111
252 111
254 111
264 111
268 111
288 111
293 111
294 111
301 111
307 111
315 111
317 111
342 111
345 111
359 111
368 111
377 111
399 111
427 111
442 111
446 111
458 111
463 111
496 111
2 112
3 112
4 112
6 112
7 112
9 112
12 112
17 112
18 112
23 112
38 112
39 112
42 112
51 112
59 112
62 112
63 112
65 112
75 112
83 112
85 112
86 112
93 112
98 112
102 112
111 112
118 112
120 112
121 112
124 112
127 112
128 112
134 112
145 112
147 112
149 112
151 112
153 112
157 112
165 112
168 112
175 112
176 112
177 112
183 112
187 112
189 112
190 112
191 112
195 112
201 112
204 112
207 112
209 112
219 112
222 112
224 112
225 112
228 112
229 112
234 112
235 112
236 112
241 112
243 112
244 112
245 112
247 112
254 112
255 112
257 112
260 112
264 112
265 112
269 112
277 112
287 112
291 112
297 112
301 112
307 112
311 112
327 112
359 112
367 112
392 112
399 112
412 112
434 112
435 112
442 112
446 112
462 112
497 112
2 113
3 113
4 113
16 113
17 113
25 113
27 113
29 113
38 113
56 113
57 113
58 113
62 113
64 113
65 113
66 113
73 113
85 113
110 113
111 113
118 113
119 113
120 113
121 113
124 113
125 113
138 113
145 113
149 113
151 113
152 113
159 113
160 113
165 113
173 113
184 113
185 113
190 113
194 113
213 113
222 113
234 113
236 113
239 113
243 113
251 113
264 113
265 113
271 113
276 113
283 113
285 113
291 113
294 113
295 113
296 113
297 113
301 113
306 113
307 113
311 113
312 113
317 113
323 113
325 113
329 113
340 113
345 113
352 113
368 113
377 113
412 113
427 113
435 113
436 113
439 113
442 113
451 113
453 113
456 113
460 113
487 113
496 113
499 113
2 114
3 114
8 114
9 114
12 114
25 114
27 114
28 114
30 114
45 114
51 114
56 114
58 114
60 114
63 114
65 114
66 114
71 114
75 114
81 114
83 114
86 114
88 114
96 114
99 114
101 114
106 114
108 114
110 114
115 114
120 114
121 114
129 114
132 114
133 114
139 114
142 114
145 114
149 114
155 114
160 114
165 114
176 114
183 114
189 114
190 114
193 114
194 114
196 114
199 114
206 114
207 114
212 114
217 114
225 114
229 114
239 114
245 114
247 114
251 114
253 114
260 114
270 114
274 114
276 114
285 114
290 114
296 114
297 114
299 114
303 114
306 114
307 114
312 114
323 114
324 114
325 114
350 114
369 114
373 114
377 114
378 114
380 114
399 114
402 114
425 114
427 114
429 114
431 114
446 114
447 114
451 114
453 114
456 114
463 114
468 114
472 114
473 114
476 114
479 114
483 114
3 115
4 115
8 115
9 115
25 115
30 115
47 115
49 115
53 115
56 115
57 115
58 115
60 115
65 115
75 115
83 115
86 115
106 115
112 115
120 115
121 115
124 115
129 115
133 115
139 115
147 115
149 115
152 115
155 115
169 115
175 115
183 115
185 115
187 115
190 115
206 115
207 115
212 115
214 115
217 115
222 115
224 115
225 115
227 115
229 115
233 115
239 115
247 115
253 115
260 115
285 115
290 115
291 115
296 115
297 115
303 115
305 115
310 115
312 115
315 115
323 115
324 115
325 115
327 115
342 115
343 115
368 115
369 115
377 115
378 115
379 115
417 115
427 115
429 115
431 115
436 115
442 115
446 115
447 115
456 115
462 115
468 115
473 115
474 115
476 115
496 115
65 116
93 116
149 116
190 116
368 116
3 117
5 117
9 117
12 117
18 117
38 117
57 117
65 117
73 117
111 117
149 117
169 117
190 117
207 117
234 117
317 117
368 117
3 118
5 118
9 118
18 118
38 118
56 118
62 118
63 118
65 118
74 118
86 118
94 118
105 118
120 118
121 118
134 118
145 118
149 118
157 118
176 118
185 118
190 118
195 118
201 118
217 118
222 118
224 118
228 118
241 118
247 118
264 118
271 118
277 118
279 118
295 118
311 118
327 118
329 118
330 118
359 118
368 118
399 118
434 118
446 118
447 118
458 118
462 118
463 118
2 119
3 119
4 119
6 119
9 119
16 119
18 119
25 119
27 119
28 119
30 119
38 119
48 119
51 119
54 119
56 119
65 119
71 119
79 119
86 119
93 119
99 119
120 119
124 119
129 119
145 119
149 119
151 119
165 119
167 119
175 119
177 119
190 119
191 119
207 119
216 119
222 119
225 119
230 119
239 119
247 119
251 119
265 119
280 119
285 119
286 119
294 119
297 119
303 119
312 119
315 119
323 119
324 119
325 119
335 119
368 119
378 119
399 119
408 119
409 119
431 119
442 119
446 119
456 119
462 119
469 119
473 119
2 120
3 120
4 120
9 120
15 120
18 120
19 120
23 120
25 120
28 120
42 120
51 120
56 120
63 120
65 120
73 120
75 120
85 120
86 120
110 120
121 120
124 120
128 120
129 120
134 120
145 120
149 120
159 120
165 120
169 120
176 120
183 120
190 120
191 120
195 120
199 120
201 120
203 120
207 120
213 120
219 120
222 120
224 120
225 120
228 120
229 120
236 120
241 120
243 120
245 120
247 120
251 120
254 120
255 120
258 120
271 120
276 120
280 120
283 120
287 120
297 120
307 120
311 120
312 120
317 120
325 120
327 120
350 120
399 120
436 120
446 120
447 120
457 120
465 120
474 120
496 120
2 121
3 121
5 121
9 121
17 121
23 121
51 121
53 121
56 121
57 121
60 121
63 121
65 121
73 121
75 121
86 121
106 121
114 121
118 121
124 121
128 121
133 121
134 121
135 121
136 121
145 121
147 121
149 121
160 121
165 121
167 121
176 121
183 121
187 121
190 121
193 121
195 121
203 121
207 121
212 121
217 121
219 121
222 121
224 121
225 121
228 121
229 121
234 121
238 121
241 121
243 121
245 121
247 121
249 121
251 121
254 121
255 121
265 121
269 121
274 121
285 121
291 121
293 121
295 121
296 121
297 121
303 121
306 121
307 121
312 121
315 121
316 121
323 121
327 121
329 121
335 121
336 121
343 121
359 121
393 121
396 121
402 121
403 121
408 121
414 121
415 121
420 121
424 121
425 121
428 121
429 121
435 121
436 121
441 121
444 121
446 121
447 121
448 121
453 121
454 121
457 121
474 121
496 121
3 122
9 122
56 122
65 122
85 122
120 122
149 122
190 122
207 122
3 123
9 123
17 123
21 123
23 123
25 123
51 123
63 123
65 123
75 123
86 123
145 123
149 123
190 123
199 123
225 123
243 123
247 123
311 123
359 123
368 123
381 123
436 123
446 123
447 123
2 124
3 124
4 124
5 124
6 124
8 124
9 124
10 124
11 124
12 124
14 124
15 124
17 124
18 124
19 124
20 124
21 124
23 124
25 124
28 124
30 124
31 124
32 124
38 124
39 124
40 124
41 124
42 124
44 124
45 124
47 124
48 124
50 124
51 124
53 124
54 124
60 124
61 124
62 124
63 124
64 124
65 124
66 124
73 124
75 124
81 124
86 124
92 124
96 124
99 124
105 124
108 124
110 124
113 124
118 124
120 124
121 124
126 124
128 124
129 124
132 124
133 124
134 124
136 124
137 124
139 124
142 124
143 124
145 124
146 124
147 124
149 124
150 124
152 124
155 124
156 124
157 124
158 124
159 124
160 124
162 124
165 124
166 124
167 124
168 124
170 124
173 124
176 124
177 124
178 124
179 124
180 124
181 124
183 124
186 124
188 124
189 124
190 124
191 124
194 124
195 124
197 124
199 124
201 124
203 124
207 124
208 124
209 124
213 124
214 124
215 124
216 124
217 124
219 124
222 124
224 124
225 124
226 124
229 124
230 124
233 124
234 124
235 124
236 124
239 124
241 124
243 124
244 124
245 124
247 124
250 124
251 124
252 124
255 124
257 124
258 124
259 124
260 124
261 124
262 124
264 124
267 124
268 124
269 124
271 124
276 124
277 124
278 124
279 124
280 124
283 124
284 124
285 124
286 124
287 124
289 124
290 124
291 124
294 124
295 124
296 124
297 124
299 124
301 124
302 124
305 124
306 124
307 124
308 124
309 124
311 124
312 124
315 124
317 124
320 124
323 124
324 124
325 124
327 124
329 124
330 124
333 124
334 124
335 124
336 124
339 124
340 124
341 124
342 124
347 124
349 124
350 124
351 124
358 124
359 124
361 124
364 124
365 124
366 124
367 124
369 124
371 124
372 124
373 124
375 124
377 124
378 124
379 124
383 124
384 124
390 124
392 124
393 124
399 124
402 124
403 124
404 124
405 124
407 124
408 124
409 124
412 124
413 124
414 124
415 124
417 124
423 124
425 124
426 124
428 124
429 124
431 124
432 124
434 124
435 124
436 124
437 124
438 124
441 124
442 124
443 124
444 124
446 124
447 124
449 124
450 124
451 124
453 124
454 124
456 124
457 124
458 124
460 124
461 124
462 124
471 124
472 124
473 124
481 124
482 124
483 124
485 124
486 124
487 124
489 124
490 124
492 124
493 124
494 124
495 124
496 124
500 124
2 125
3 125
4 125
5 125
9 125
12 125
16 125
17 125
18 125
23 125
24 125
25 125
29 125
30 125
38 125
40 125
43 125
45 125
47 125
48 125
50 125
51 125
53 125
56 125
57 125
58 125
65 125
66 125
73 125
75 125
77 125
78 125
86 125
92 125
98 125
99 125
106 125
110 125
111 125
115 125
120 125
121 125
128 125
129 125
130 125
133 125
134 125
138 125
139 125
140 125
143 125
144 125
145 125
148 125
149 125
151 125
155 125
162 125
165 125
168 125
169 125
175 125
176 125
177 125
181 125
182 125
183 125
185 125
187 125
190 125
193 125
194 125
195 125
196 125
199 125
203 125
204 125
206 125
207 125
212 125
214 125
219 125
222 125
224 125
228 125
229 125
234 125
236 125
243 125
244 125
247 125
255 125
257 125
258 125
268 125
276 125
278 125
280 125
283 125
285 125
288 125
296 125
297 125
299 125
301 125
303 125
307 125
311 125
312 125
315 125
317 125
324 125
325 125
329 125
334 125
342 125
343 125
347 125
350 125
358 125
359 125
366 125
367 125
369 125
375 125
378 125
381 125
405 125
407 125
408 125
415 125
422 125
429 125
430 125
431 125
436 125
442 125
446 125
447 125
453 125
456 125
457 125
462 125
463 125
467 125
468 125
469 125
474 125
478 125
488 125
499 125
3 126
13 126
65 126
149 126
190 126
368 126
473 126
2 127
3 127
4 127
8 127
9 127
11 127
17 127
18 127
19 127
21 127
23 127
25 127
27 127
28 127
37 127
45 127
47 127
48 127
50 127
51 127
56 127
58 127
60 127
61 127
63 127
64 127
65 127
66 127
71 127
73 127
75 127
81 127
83 127
86 127
92 127
96 127
99 127
101 127
106 127
108 127
110 127
112 127
114 127
120 127
121 127
128 127
129 127
133 127
134 127
139 127
141 127
143 127
144 127
145 127
146 127
149 127
152 127
155 127
165 127
166 127
167 127
168 127
173 127
175 127
176 127
178 127
179 127
180 127
181 127
183 127
187 127
190 127
194 127
195 127
196 127
199 127
204 127
207 127
209 127
213 127
214 127
216 127
219 127
222 127
224 127
225 127
226 127
228 127
229 127
230 127
233 127
234 127
235 127
243 127
244 127
245 127
247 127
257 127
258 127
259 127
260 127
264 127
269 127
276 127
277 127
285 127
286 127
295 127
296 127
297 127
301 127
306 127
309 127
311 127
317 127
323 127
327 127
329 127
330 127
333 127
335 127
345 127
347 127
350 127
358 127
359 127
361 127
364 127
365 127
366 127
368 127
369 127
375 127
378 127
382 127
399 127
404 127
405 127
412 127
414 127
417 127
427 127
431 127
436 127
442 127
443 127
446 127
447 127
457 127
460 127
467 127
469 127
477 127
483 127
489 127
496 127
2 128
3 128
4 128
5 128
9 128
17 128
23 128
25 128
31 128
40 128
42 128
51 128
56 128
63 128
65 128
73 128
75 128
86 128
101 128
105 128
106 128
110 128
121 128
124 128
129 128
134 128
135 128
136 128
144 128
145 128
149 128
162 128
165 128
166 128
167 128
168 128
170 128
176 128
183 128
190 128
195 128
199 128
203 128
207 128
217 128
219 128
222 128
224 128
226 128
228 128
229 128
236 128
243 128
245 128
247 128
251 128
254 128
257 128
258 128
260 128
268 128
274 128
280 128
283 128
287 128
295 128
297 128
301 128
307 128
311 128
312 128
315 128
317 128
319 128
325 128
334 128
339 128
359 128
368 128
378 128
392 128
399 128
403 128
407 128
408 128
412 128
414 128
432 128
446 128
448 128
457 128
473 128
474 128
483 128
2 129
3 129
4 129
6 129
8 129
9 129
10 129
11 129
12 129
16 129
17 129
18 129
19 129
21 129
23 129
25 129
27 129
28 129
30 129
31 129
37 129
38 129
39 129
45 129
46 129
47 129
50 129
51 129
52 129
53 129
56 129
58 129
59 129
60 129
63 129
65 129
66 129
67 129
71 129
73 129
75 129
77 129
81 129
83 129
86 129
88 129
92 129
96 129
99 129
106 129
108 129
110 129
113 129
114 129
118 129
119 129
120 129
121 129
124 129
125 129
126 129
128 129
129 129
132 129
133 129
134 129
135 129
136 129
138 129
139 129
142 129
143 129
144 129
145 129
146 129
147 129
149 129
150 129
152 129
155 129
156 129
158 129
165 129
166 129
168 129
169 129
170 129
173 129
175 129
176 129
178 129
179 129
180 129
181 129
183 129
186 129
188 129
189 129
190 129
191 129
193 129
194 129
195 129
196 129
199 129
201 129
206 129
207 129
208 129
209 129
211 129
212 129
214 129
215 129
216 129
217 129
219 129
222 129
224 129
225 129
226 129
228 129
229 129
230 129
233 129
234 129
236 129
238 129
239 129
243 129
244 129
245 129
247 129
251 129
252 129
254 129
255 129
257 129
258 129
259 129
260 129
261 129
262 129
267 129
268 129
269 129
270 129
271 129
274 129
276 129
277 129
279 129
280 129
283 129
284 129
285 129
286 129
287 129
289 129
290 129
291 129
294 129
295 129
296 129
297 129
301 129
302 129
305 129
306 129
308 129
309 129
310 129
311 129
312 129
315 129
317 129
320 129
323 129
324 129
325 129
327 129
329 129
330 129
331 129
333 129
334 129
335 129
340 129
343 129
346 129
347 129
350 129
354 129
357 129
358 129
359 129
361 129
365 129
369 129
371 129
373 129
375 129
377 129
378 129
379 129
381 129
382 129
383 129
384 129
389 129
392 129
395 129
399 129
405 129
408 129
409 129
412 129
417 129
422 129
425 129
426 129
429 129
430 129
431 129
435 129
436 129
438 129
439 129
441 129
442 129
443 129
446 129
447 129
449 129
450 129
451 129
453 129
456 129
457 129
458 129
463 129
465 129
468 129
471 129
472 129
473 129
474 129
481 129
483 129
485 129
489 129
490 129
493 129
496 129
2 130
3 130
4 130
5 130
6 130
9 130
17 130
18 130
20 130
23 130
25 130
26 130
32 130
38 130
39 130
42 130
43 130
45 130
51 130
53 130
56 130
57 130
62 130
63 130
65 130
73 130
74 130
75 130
77 130
86 130
87 130
88 130
93 130
99 130
101 130
106 130
118 130
119 130
120 130
121 130
124 130
125 130
128 130
129 130
134 130
135 130
138 130
145 130
147 130
148 130
149 130
152 130
153 130
157 130
159 130
162 130
165 130
166 130
170 130
173 130
175 130
176 130
180 130
183 130
185 130
187 130
190 130
194 130
195 130
199 130
207 130
209 130
219 130
222 130
224 130
225 130
228 130
234 130
236 130
238 130
239 130
241 130
243 130
244 130
245 130
247 130
249 130
255 130
257 130
262 130
264 130
271 130
276 130
277 130
279 130
280 130
283 130
285 130
287 130
288 130
291 130
292 130
294 130
296 130
297 130
301 130
307 130
311 130
312 130
315 130
319 130
334 130
345 130
347 130
359 130
375 130
387 130
393 130
399 130
402 130
403 130
408 130
410 130
412 130
414 130
415 130
420 130
423 130
425 130
427 130
428 130
429 130
431 130
434 130
435 130
436 130
437 130
441 130
442 130
444 130
446 130
447 130
448 130
453 130
454 130
456 130
457 130
458 130
460 130
461 130
462 130
463 130
465 130
469 130
474 130
482 130
483 130
485 130
486 130
490 130
492 130
494 130
495 130
496 130
497 130
498 130
499 130
500 130
23 131
65 131
128 131
149 131
190 131
368 131
2 132
3 132
5 132
7 132
9 132
12 132
16 132
18 132
24 132
25 132
28 132
38 132
45 132
51 132
53 132
56 132
58 132
59 132
63 132
65 132
68 132
71 132
73 132
75 132
86 132
93 132
94 132
99 132
101 132
105 132
108 132
110 132
112 132
118 132
119 132
120 132
121 132
124 132
128 132
129 132
134 132
137 132
138 132
143 132
145 132
149 132
150 132
151 132
156 132
162 132
165 132
167 132
168 132
169 132
173 132
176 132
182 132
183 132
189 132
190 132
195 132
197 132
207 132
212 132
213 132
214 132
219 132
222 132
224 132
228 132
236 132
238 132
239 132
241 132
243 132
245 132
247 132
249 132
253 132
257 132
258 132
264 132
265 132
267 132
268 132
269 132
271 132
276 132
279 132
280 132
285 132
288 132
291 132
294 132
295 132
297 132
303 132
308 132
310 132
311 132
312 132
315 132
323 132
327 132
329 132
336 132
340 132
341 132
349 132
351 132
357 132
358 132
359 132
366 132
367 132
368 132
375 132
379 132
380 132
392 132
393 132
400 132
404 132
412 132
425 132
431 132
435 132
436 132
442 132
444 132
446 132
448 132
451 132
456 132
457 132
459 132
462 132
463 132
466 132
473 132
474 132
478 132
492 132
496 132
3 133
9 133
12 133
28 133
31 133
38 133
47 133
51 133
52 133
53 133
58 133
60 133
65 133
66 133
75 133
77 133
83 133
99 133
106 133
110 133
114 133
120 133
121 133
125 133
128 133
129 133
139 133
140 133
141 133
142 133
143 133
145 133
146 133
149 133
155 133
164 133
165 133
168 133
176 133
183 133
187 133
189 133
190 133
192 133
193 133
194 133
206 133
207 133
215 133
220 133
224 133
225 133
229 133
239 133
243 133
247 133
251 133
253 133
254 133
260 133
261 133
271 133
274 133
278 133
296 133
301 133
303 133
306 133
309 133
311 133
312 133
313 133
317 133
323 133
324 133
325 133
329 133
343 133
346 133
347 133
350 133
354 133
358 133
359 133
368 133
369 133
373 133
375 133
377 133
378 133
382 133
399 133
404 133
409 133
414 133
417 133
422 133
425 133
427 133
429 133
431 133
436 133
447 133
448 133
453 133
456 133
457 133
463 133
468 133
469 133
472 133
473 133
474 133
485 133
488 133
499 133
2 134
3 134
4 134
5 134
8 134
9 134
10 134
11 134
17 134
18 134
19 134
20 134
21 134
22 134
23 134
25 134
28 134
31 134
32 134
37 134
38 134
39 134
41 134
42 134
43 134
44 134
45 134
46 134
47 134
48 134
50 134
51 134
53 134
54 134
56 134
57 134
59 134
60 134
61 134
62 134
63 134
65 134
66 134
73 134
75 134
81 134
83 134
86 134
92 134
93 134
96 134
99 134
105 134
110 134
112 134
118 134
120 134
121 134
124 134
128 134
129 134
132 134
133 134
135 134
136 134
143 134
145 134
146 134
147 134
149 134
150 134
152 134
155 134
157 134
164 134
165 134
168 134
173 134
176 134
178 134
179 134
181 134
183 134
186 134
187 134
190 134
191 134
193 134
194 134
195 134
199 134
201 134
203 134
204 134
207 134
209 134
213 134
214 134
216 134
217 134
219 134
222 134
224 134
225 134
226 134
228 134
229 134
230 134
233 134
236 134
237 134
241 134
243 134
244 134
245 134
247 134
251 134
252 134
254 134
255 134
257 134
258 134
260 134
262 134
264 134
265 134
267 134
268 134
269 134
271 134
274 134
276 134
277 134
279 134
280 134
283 134
285 134
286 134
287 134
289 134
291 134
292 134
294 134
295 134
296 134
297 134
301 134
302 134
303 134
307 134
309 134
311 134
312 134
315 134
317 134
319 134
323 134
324 134
325 134
327 134
329 134
330 134
333 134
334 134
335 134
336 134
339 134
340 134
341 134
342 134
345 134
347 134
350 134
352 134
357 134
358 134
359 134
361 134
365 134
367 134
369 134
371 134
372 134
375 134
377 134
378 134
381 134
383 134
384 134
393 134
396 134
399 134
402 134
403 134
404 134
405 134
408 134
412 134
414 134
415 134
417 134
420 134
423 134
424 134
425 134
428 134
429 134
431 134
435 134
436 134
438 134
441 134
443 134
444 134
446 134
447 134
451 134
453 134
454 134
456 134
457 134
458 134
460 134
461 134
462 134
463 134
465 134
469 134
471 134
474 134
482 134
483 134
485 134
486 134
489 134
490 134
492 134
494 134
495 134
496 134
497 134
498 134
500 134
2 135
3 135
7 135
9 135
17 135
18 135
23 135
25 135
31 135
39 135
42 135
51 135
62 135
63 135
65 135
71 135
73 135
75 135
86 135
102 135
106 135
108 135
110 135
111 135
118 135
120 135
121 135
128 135
134 135
144 135
145 135
149 135
153 135
157 135
160 135
165 135
166 135
168 135
171 135
173 135
176 135
183 135
185 135
190 135
195 135
197 135
199 135
207 135
212 135
214 135
219 135
222 135
224 135
225 135
228 135
229 135
233 135
236 135
241 135
243 135
245 135
247 135
254 135
257 135
260 135
264 135
269 135
277 135
279 135
287 135
295 135
297 135
301 135
311 135
312 135
325 135
327 135
335 135
350 135
351 135
359 135
383 135
392 135
399 135
412 135
436 135
442 135
446 135
457 135
460 135
462 135
474 135
496 135
2 136
3 136
9 136
17 136
23 136
31 136
51 136
56 136
62 136
63 136
65 136
70 136
73 136
75 136
86 136
108 136
110 136
121 136
124 136
128 136
134 136
143 136
145 136
147 136
149 136
151 136
165 136
176 136
183 136
190 136
191 136
195 136
207 136
211 136
216 136
219 136
222 136
225 136
228 136
234 136
243 136
245 136
247 136
251 136
252 136
255 136
264 136
265 136
274 136
280 136
285 136
291 136
294 136
297 136
301 136
306 136
311 136
312 136
315 136
317 136
325 136
327 136
329 136
331 136
340 136
352 136
357 136
359 136
367 136
368 136
369 136
374 136
377 136
381 136
392 136
399 136
412 136
414 136
415 136
432 136
436 136
446 136
447 136
457 136
462 136
473 136
474 136
2 137
3 137
5 137
9 137
13 137
17 137
18 137
23 137
25 137
28 137
33 137
38 137
45 137
47 137
51 137
53 137
57 137
60 137
65 137
66 137
67 137
73 137
75 137
81 137
83 137
93 137
97 137
99 137
106 137
110 137
124 137
127 137
128 137
129 137
133 137
134 137
138 137
139 137
141 137
143 137
145 137
147 137
149 137
151 137
152 137
153 137
154 137
162 137
165 137
167 137
170 137
174 137
182 137
190 137
195 137
196 137
201 137
203 137
207 137
213 137
224 137
225 137
226 137
228 137
229 137
234 137
247 137
253 137
258 137
262 137
264 137
267 137
268 137
271 137
276 137
279 137
283 137
285 137
295 137
297 137
301 137
307 137
310 137
311 137
312 137
359 137
364 137
368 137
412 137
427 137
429 137
436 137
442 137
443 137
456 137
457 137
463 137
469 137
483 137
496 137
3 138
4 138
9 138
12 138
16 138
23 138
25 138
38 138
46 138
49 138
50 138
56 138
57 138
65 138
71 138
83 138
86 138
88 138
118 138
125 138
128 138
129 138
130 138
134 138
140 138
143 138
145 138
146 138
149 138
151 138
152 138
157 138
176 138
177 138
182 138
187 138
190 138
206 138
207 138
216 138
217 138
222 138
225 138
228 138
243 138
252 138
253 138
254 138
255 138
267 138
288 138
303 138
311 138
341 138
342 138
343 138
358 138
360 138
368 138
399 138
427 138
442 138
447 138
453 138
456 138
463 138
468 138
2 139
3 139
8 139
9 139
12 139
16 139
18 139
24 139
25 139
28 139
30 139
43 139
45 139
49 139
51 139
53 139
56 139
57 139
58 139
60 139
63 139
65 139
66 139
68 139
75 139
78 139
83 139
86 139
92 139
99 139
106 139
108 139
110 139
114 139
115 139
121 139
124 139
125 139
128 139
129 139
132 139
133 139
138 139
140 139
141 139
142 139
143 139
144 139
145 139
149 139
152 139
155 139
165 139
168 139
169 139
175 139
177 139
180 139
187 139
189 139
190 139
193 139
194 139
196 139
206 139
207 139
211 139
212 139
214 139
216 139
224 139
225 139
229 139
233 139
239 139
244 139
247 139
251 139
253 139
258 139
268 139
270 139
274 139
276 139
277 139
280 139
285 139
295 139
296 139
297 139
299 139
301 139
302 139
303 139
305 139
307 139
310 139
311 139
312 139
315 139
317 139
323 139
324 139
325 139
331 139
341 139
342 139
350 139
358 139
359 139
366 139
369 139
377 139
378 139
379 139
383 139
399 139
405 139
409 139
425 139
427 139
431 139
442 139
447 139
451 139
456 139
463 139
468 139
472 139
473 139
474 139
476 139
483 139
496 139
499 139
2 140
4 140
9 140
12 140
18 140
53 140
60 140
62 140
65 140
86 140
120 140
125 140
130 140
133 140
134 140
143 140
145 140
146 140
149 140
175 140
190 140
207 140
217 140
230 140
252 140
254 140
264 140
285 140
295 140
303 140
311 140
399 140
447 140
462 140
2 141
3 141
9 141
51 141
53 141
56 141
65 141
75 141
83 141
110 141
114 141
133 141
145 141
149 141
155 141
190 141
207 141
247 141
347 141
359 141
399 141
2 142
3 142
9 142
12 142
23 142
25 142
28 142
30 142
48 142
50 142
51 142
52 142
54 142
56 142
58 142
59 142
60 142
63 142
65 142
66 142
71 142
75 142
85 142
86 142
98 142
99 142
101 142
106 142
108 142
110 142
114 142
121 142
124 142
129 142
133 142
144 142
145 142
149 142
155 142
169 142
176 142
183 142
189 142
190 142
191 142
193 142
194 142
195 142
206 142
207 142
212 142
216 142
219 142
220 142
224 142
229 142
239 142
241 142
243 142
245 142
247 142
260 142
280 142
288 142
290 142
296 142
299 142
301 142
303 142
311 142
312 142
323 142
325 142
347 142
354 142
358 142
368 142
369 142
373 142
377 142
378 142
379 142
412 142
414 142
426 142
429 142
431 142
446 142
451 142
453 142
465 142
472 142
473 142
476 142
485 142
2 143
3 143
4 143
5 143
7 143
8 143
9 143
10 143
11 143
15 143
17 143
18 143
19 143
20 143
21 143
23 143
25 143
26 143
27 143
28 143
31 143
32 143
37 143
39 143
40 143
41 143
42 143
45 143
47 143
50 143
51 143
52 143
53 143
56 143
61 143
62 143
63 143
65 143
66 143
75 143
81 143
83 143
86 143
92 143
96 143
99 143
101 143
105 143
108 143
110 143
112 143
113 143
114 143
118 143
120 143
121 143
125 143
128 143
129 143
132 143
133 143
134 143
135 143
136 143
139 143
144 143
145 143
146 143
147 143
149 143
155 143
157 143
158 143
160 143
165 143
166 143
168 143
173 143
175 143
176 143
177 143
178 143
179 143
181 143
183 143
186 143
190 143
191 143
194 143
195 143
197 143
199 143
201 143
206 143
207 143
208 143
209 143
211 143
214 143
216 143
217 143
219 143
220 143
222 143
224 143
225 143
228 143
229 143
230 143
233 143
234 143
236 143
238 143
241 143
243 143
244 143
245 143
247 143
251 143
252 143
255 143
257 143
258 143
259 143
260 143
262 143
264 143
265 143
267 143
268 143
269 143
271 143
274 143
276 143
277 143
279 143
280 143
283 143
285 143
286 143
287 143
290 143
291 143
293 143
295 143
296 143
297 143
299 143
301 143
303 143
307 143
309 143
311 143
312 143
315 143
324 143
325 143
327 143
329 143
330 143
333 143
334 143
335 143
336 143
341 143
342 143
347 143
349 143
350 143
352 143
358 143
359 143
361 143
365 143
367 143
368 143
369 143
371 143
375 143
377 143
378 143
380 143
381 143
383 143
384 143
389 143
390 143
392 143
393 143
399 143
402 143
403 143
404 143
405 143
408 143
412 143
414 143
415 143
417 143
420 143
423 143
424 143
425 143
428 143
429 143
431 143
432 143
434 143
435 143
436 143
439 143
441 143
442 143
443 143
444 143
446 143
447 143
449 143
451 143
453 143
454 143
456 143
457 143
458 143
460 143
461 143
462 143
463 143
465 143
466 143
469 143
470 143
472 143
473 143
474 143
478 143
481 143
482 143
483 143
485 143
486 143
487 143
489 143
490 143
492 143
493 143
494 143
495 143
496 143
498 143
500 143
2 144
3 144
9 144
15 144
25 144
31 144
45 144
51 144
56 144
65 144
66 144
73 144
86 144
88 144
98 144
99 144
101 144
128 144
129 144
135 144
142 144
145 144
149 144
156 144
165 144
168 144
176 144
183 144
190 144
195 144
207 144
211 144
213 144
214 144
217 144
219 144
224 144
225 144
229 144
235 144
236 144
238 144
243 144
247 144
254 144
257 144
274 144
280 144
297 144
312 144
323 144
325 144
340 144
346 144
347 144
350 144
376 144
377 144
378 144
382 144
392 144
399 144
412 144
428 144
429 144
431 144
436 144
446 144
447 144
451 144
453 144
462 144
468 144
473 144
474 144
485 144
2 145
3 145
4 145
5 145
6 145
8 145
9 145
11 145
14 145
15 145
17 145
19 145
20 145
21 145
23 145
25 145
28 145
32 145
37 145
40 145
45 145
47 145
51 145
56 145
58 145
61 145
63 145
65 145
66 145
73 145
75 145
81 145
86 145
87 145
92 145
93 145
96 145
99 145
101 145
110 145
112 145
124 145
133 145
134 145
135 145
136 145
143 145
149 145
152 145
155 145
165 145
167 145
168 145
178 145
179 145
180 145
181 145
183 145
190 145
191 145
194 145
201 145
203 145
207 145
208 145
209 145
214 145
216 145
217 145
222 145
224 145
228 145
229 145
230 145
233 145
234 145
237 145
243 145
244 145
245 145
247 145
251 145
258 145
260 145
262 145
264 145
269 145
276 145
277 145
279 145
280 145
285 145
286 145
287 145
293 145
295 145
297 145
299 145
301 145
302 145
303 145
307 145
311 145
312 145
316 145
317 145
318 145
325 145
326 145
327 145
329 145
330 145
335 145
336 145
340 145
343 145
347 145
348 145
349 145
350 145
352 145
359 145
361 145
364 145
365 145
366 145
367 145
368 145
369 145
375 145
377 145
378 145
381 145
389 145
392 145
393 145
399 145
402 145
403 145
404 145
405 145
407 145
408 145
412 145
414 145
415 145
417 145
420 145
423 145
425 145
428 145
429 145
431 145
432 145
434 145
435 145
436 145
437 145
441 145
443 145
444 145
446 145
447 145
451 145
453 145
454 145
457 145
458 145
460 145
461 145
462 145
463 145
465 145
466 145
468 145
469 145
473 145
474 145
482 145
483 145
484 145
486 145
489 145
490 145
492 145
494 145
495 145
496 145
497 145
498 145
500 145
3 146
9 146
21 146
28 146
65 146
114 146
124 146
129 146
143 146
145 146
149 146
190 146
207 146
225 146
228 146
245 146
274 146
399 146
473 146
496 146
2 147
3 147
9 147
23 147
31 147
42 147
51 147
56 147
63 147
65 147
75 147
86 147
110 147
120 147
121 147
128 147
134 147
136 147
145 147
149 147
151 147
165 147
173 147
176 147
183 147
190 147
194 147
195 147
199 147
203 147
207 147
218 147
219 147
222 147
224 147
225 147
228 147
236 147
241 147
243 147
245 147
247 147
251 147
254 147
287 147
301 147
311 147
312 147
347 147
359 147
364 147
368 147
399 147
412 147
415 147
446 147
457 147
474 147
2 148
3 148
5 148
12 148
16 148
18 148
23 148
25 148
38 148
45 148
51 148
53 148
62 148
65 148
77 148
83 148
86 148
87 148
92 148
93 148
106 148
121 148
124 148
125 148
128 148
129 148
130 148
134 148
145 148
147 148
149 148
151 148
152 148
158 148
159 148
165 148
167 148
169 148
173 148
177 148
181 148
183 148
185 148
187 148
190 148
195 148
197 148
201 148
207 148
209 148
211 148
219 148
222 148
230 148
236 148
241 148
243 148
247 148
253 148
264 148
276 148
277 148
307 148
310 148
317 148
319 148
329 148
345 148
368 148
399 148
412 148
427 148
429 148
436 148
443 148
446 148
456 148
463 148
478 148
499 148
3 149
9 149
40 149
63 149
65 149
75 149
134 149
136 149
143 149
145 149
165 149
167 149
168 149
183 149
190 149
203 149
207 149
208 149
217 149
247 149
312 149
340 149
359 149
446 149
474 149
3 150
4 150
9 150
16 150
18 150
31 150
63 150
65 150
108 150
112 150
117 150
121 150
133 150
134 150
143 150
146 150
148 150
149 150
151 150
152 150
169 150
190 150
197 150
207 150
209 150
214 150
222 150
228 150
247 150
255 150
260 150
264 150
268 150
286 150
317 150
368 150
370 150
381 150
446 150
447 150
463 150
3 151
4 151
9 151
16 151
56 151
65 151
97 151
125 151
136 151
145 151
147 151
149 151
152 151
159 151
165 151
168 151
184 151
190 151
207 151
228 151
243 151
280 151
285 151
399 151
446 151
453 151
2 152
3 152
9 152
17 152
23 152
56 152
62 152
65 152
97 152
134 152
145 152
149 152
151 152
183 152
190 152
207 152
225 152
247 152
251 152
311 152
312 152
325 152
326 152
329 152
341 152
350 152
359 152
399 152
446 152
451 152
462 152
474 152
3 153
42 153
63 153
65 153
73 153
86 153
93 153
121 153
145 153
149 153
185 153
190 153
222 153
247 153
251 153
350 153
359 153
399 153
414 153
432 153
446 153
500 153
3 154
5 154
9 154
12 154
13 154
17 154
19 154
53 154
56 154
57 154
59 154
60 154
65 154
66 154
73 154
74 154
124 154
137 154
139 154
144 154
145 154
149 154
153 154
159 154
162 154
190 154
207 154
212 154
243 154
288 154
296 154
311 154
319 154
359 154
442 154
446 154
474 154
2 155
3 155
9 155
12 155
25 155
27 155
28 155
30 155
45 155
46 155
48 155
49 155
50 155
52 155
53 155
57 155
58 155
59 155
60 155
62 155
65 155
66 155
71 155
86 155
98 155
99 155
101 155
112 155
114 155
118 155
121 155
129 155
134 155
139 155
141 155
142 155
143 155
145 155
147 155
149 155
165 155
166 155
175 155
176 155
181 155
190 155
191 155
194 155
197 155
206 155
207 155
212 155
216 155
225 155
228 155
229 155
239 155
243 155
245 155
247 155
250 155
251 155
254 155
255 155
260 155
268 155
274 155
285 155
288 155
290 155
291 155
296 155
298 155
299 155
301 155
303 155
312 155
315 155
323 155
328 155
329 155
331 155
333 155
350 155
358 155
367 155
369 155
377 155
378 155
399 155
412 155
429 155
431 155
436 155
442 155
447 155
453 155
456 155
462 155
463 155
468 155
472 155
473 155
476 155
496 155
3 156
9 156
23 156
149 156
190 156
195 156
247 156
446 156
2 157
5 157
9 157
18 157
51 157
59 157
62 157
63 157
65 157
86 157
118 157
134 157
143 157
145 157
147 157
149 157
165 157
190 157
207 157
225 157
228 157
243 157
245 157
247 157
254 157
255 157
287 157
329 157
359 157
399 157
412 157
435 157
446 157
462 157
3 158
9 158
17 158
25 158
51 158
65 158
66 158
110 158
129 158
145 158
149 158
158 158
165 158
190 158
199 158
207 158
224 158
225 158
239 158
260 158
269 158
280 158
283 158
297 158
307 158
312 158
359 158
369 158
377 158
378 158
417 158
431 158
453 158
468 158
472 158
473 158
483 158
2 159
3 159
5 159
6 159
9 159
15 159
19 159
25 159
28 159
42 159
51 159
53 159
56 159
57 159
63 159
64 159
65 159
66 159
71 159
73 159
74 159
75 159
80 159
86 159
114 159
118 159
120 159
121 159
124 159
128 159
129 159
132 159
134 159
142 159
145 159
147 159
148 159
149 159
154 159
158 159
165 159
174 159
176 159
177 159
183 159
190 159
194 159
195 159
199 159
201 159
207 159
209 159
219 159
222 159
224 159
225 159
228 159
233 159
234 159
238 159
239 159
241 159
243 159
245 159
247 159
249 159
262 159
269 159
277 159
279 159
283 159
285 159
287 159
296 159
297 159
301 159
311 159
312 159
317 159
323 159
324 159
327 159
368 159
390 159
392 159
399 159
412 159
417 159
427 159
429 159
435 159
446 159
451 159
453 159
456 159
457 159
460 159
473 159
474 159
476 159
496 159
497 159
2 160
3 160
4 160
5 160
8 160
9 160
12 160
17 160
18 160
23 160
25 160
27 160
28 160
30 160
42 160
47 160
49 160
51 160
54 160
56 160
57 160
58 160
59 160
60 160
63 160
65 160
66 160
68 160
71 160
75 160
81 160
86 160
88 160
96 160
99 160
101 160
106 160
108 160
110 160
114 160
120 160
121 160
123 160
124 160
128 160
129 160
132 160
133 160
134 160
135 160
138 160
139 160
143 160
145 160
146 160
149 160
150 160
152 160
156 160
158 160
163 160
165 160
166 160
167 160
168 160
169 160
175 160
176 160
177 160
182 160
183 160
187 160
189 160
190 160
193 160
194 160
195 160
197 160
199 160
204 160
206 160
207 160
217 160
219 160
220 160
222 160
224 160
225 160
229 160
239 160
243 160
247 160
252 160
253 160
254 160
255 160
260 160
264 160
267 160
269 160
274 160
276 160
277 160
280 160
285 160
287 160
288 160
289 160
290 160
291 160
296 160
297 160
301 160
302 160
303 160
305 160
306 160
311 160
312 160
313 160
324 160
331 160
334 160
341 160
342 160
343 160
347 160
357 160
358 160
359 160
366 160
367 160
369 160
377 160
380 160
384 160
387 160
389 160
393 160
399 160
402 160
403 160
408 160
412 160
413 160
414 160
415 160
417 160
420 160
423 160
425 160
427 160
428 160
429 160
431 160
434 160
435 160
436 160
437 160
441 160
444 160
446 160
447 160
453 160
454 160
456 160
457 160
458 160
460 160
463 160
465 160
471 160
479 160
485 160
496 160
499 160
3 161
4 161
9 161
17 161
31 161
40 161
43 161
51 161
56 161
60 161
62 161
63 161
65 161
73 161
75 161
86 161
121 161
130 161
134 161
143 161
145 161
149 161
165 161
166 161
173 161
175 161
176 161
183 161
190 161
195 161
197 161
207 161
219 161
222 161
224 161
228 161
241 161
243 161
244 161
245 161
247 161
249 161
255 161
264 161
276 161
279 161
297 161
301 161
307 161
329 161
340 161
349 161
359 161
399 161
446 161
462 161
496 161
2 162
3 162
6 162
9 162
17 162
20 162
23 162
25 162
28 162
32 162
40 162
42 162
45 162
51 162
56 162
63 162
65 162
73 162
75 162
86 162
99 162
118 162
121 162
124 162
125 162
128 162
130 162
132 162
133 162
134 162
145 162
148 162
149 162
152 162
165 162
190 162
199 162
201 162
207 162
214 162
217 162
222 162
224 162
225 162
228 162
229 162
236 162
238 162
243 162
244 162
245 162
247 162
262 162
265 162
267 162
269 162
277 162
279 162
280 162
287 162
290 162
297 162
301 162
302 162
311 162
312 162
317 162
325 162
327 162
336 162
340 162
347 162
359 162
377 162
378 162
383 162
384 162
392 162
399 162
405 162
412 162
417 162
432 162
436 162
446 162
447 162
451 162
453 162
457 162
458 162
460 162
461 162
462 162
463 162
465 162
469 162
474 162
482 162
483 162
486 162
490 162
492 162
494 162
495 162
496 162
497 162
498 162
500 162
65 163
149 163
153 163
176 163
190 163
236 163
2 164
3 164
9 164
17 164
18 164
44 164
46 164
50 164
53 164
65 164
68 164
73 164
92 164
115 164
133 164
134 164
144 164
145 164
149 164
152 164
173 164
181 164
183 164
185 164
190 164
191 164
194 164
209 164
224 164
247 164
253 164
257 164
296 164
301 164
303 164
312 164
315 164
317 164
324 164
325 164
341 164
369 164
377 164
378 164
425 164
442 164
447 164
457 164
473 164
496 164
2 165
3 165
4 165
5 165
7 165
8 165
9 165
11 165
17 165
19 165
20 165
23 165
25 165
28 165
31 165
32 165
37 165
39 165
40 165
42 165
45 165
50 165
51 165
53 165
56 165
61 165
62 165
63 165
65 165
66 165
73 165
75 165
86 165
96 165
110 165
112 165
121 165
124 165
129 165
133 165
134 165
135 165
136 165
143 165
144 165
145 165
149 165
152 165
158 165
162 165
173 165
176 165
177 165
181 165
183 165
190 165
191 165
194 165
196 165
197 165
207 165
209 165
219 165
222 165
224 165
225 165
228 165
229 165
230 165
234 165
236 165
239 165
241 165
243 165
244 165
245 165
247 165
251 165
254 165
258 165
261 165
262 165
264 165
265 165
267 165
269 165
274 165
276 165
279 165
280 165
283 165
285 165
286 165
297 165
299 165
301 165
302 165
303 165
309 165
311 165
312 165
313 165
315 165
317 165
323 165
325 165
326 165
327 165
329 165
330 165
336 165
340 165
347 165
349 165
352 165
358 165
359 165
365 165
366 165
369 165
372 165
377 165
382 165
387 165
390 165
393 165
396 165
399 165
402 165
403 165
405 165
408 165
412 165
414 165
415 165
420 165
423 165
425 165
428 165
429 165
431 165
434 165
435 165
436 165
437 165
441 165
442 165
443 165
444 165
446 165
447 165
451 165
453 165
454 165
456 165
457 165
458 165
460 165
461 165
462 165
463 165
465 165
466 165
468 165
469 165
473 165
474 165
482 165
483 165
485 165
486 165
489 165
490 165
492 165
494 165
495 165
496 165
497 165
498 165
500 165
2 166
3 166
4 166
5 166
8 166
16 166
17 166
18 166
24 166
25 166
26 166
27 166
31 166
42 166
45 166
47 166
48 166
53 166
54 166
56 166
60 166
62 166
64 166
65 166
71 166
77 166
83 166
86 166
92 166
96 166
99 166
101 166
106 166
110 166
112 166
119 166
121 166
124 166
129 166
143 166
145 166
147 166
149 166
152 166
155 166
160 166
165 166
172 166
175 166
176 166
180 166
183 166
184 166
187 166
189 166
190 166
191 166
194 166
197 166
201 166
207 166
214 166
222 166
224 166
225 166
229 166
233 166
241 166
245 166
247 166
250 166
252 166
258 166
260 166
264 166
267 166
268 166
269 166
276 166
277 166
285 166
287 166
290 166
291 166
294 166
296 166
297 166
301 166
311 166
312 166
326 166
329 166
335 166
347 166
359 166
393 166
399 166
402 166
403 166
405 166
408 166
414 166
415 166
420 166
423 166
425 166
428 166
429 166
434 166
435 166
436 166
441 166
442 166
444 166
446 166
447 166
453 166
454 166
456 166
457 166
462 166
463 166
472 166
474 166
483 166
487 166
496 166
2 167
3 167
4 167
5 167
9 167
12 167
14 167
16 167
17 167
18 167
23 167
25 167
31 167
45 167
51 167
56 167
58 167
63 167
64 167
65 167
73 167
75 167
86 167
93 167
99 167
101 167
105 167
110 167
120 167
121 167
124 167
128 167
145 167
149 167
158 167
165 167
176 167
177 167
179 167
180 167
183 167
190 167
195 167
199 167
203 167
207 167
213 167
217 167
219 167
222 167
224 167
225 167
228 167
229 167
234 167
239 167
243 167
245 167
247 167
264 167
280 167
287 167
294 167
297 167
301 167
303 167
308 167
311 167
312 167
316 167
325 167
327 167
340 167
343 167
347 167
350 167
359 167
369 167
373 167
412 167
446 167
447 167
456 167
457 167
460 167
474 167
3 168
4 168
9 168
12 168
16 168
18 168
24 168
25 168
45 168
51 168
52 168
53 168
54 168
57 168
58 168
59 168
65 168
73 168
83 168
86 168
98 168
99 168
101 168
112 168
124 168
125 168
128 168
129 168
133 168
135 168
144 168
145 168
149 168
151 168
169 168
170 168
176 168
183 168
184 168
185 168
189 168
190 168
191 168
194 168
195 168
207 168
212 168
214 168
219 168
235 168
236 168
245 168
247 168
253 168
254 168
268 168
274 168
280 168
285 168
294 168
296 168
303 168
306 168
307 168
312 168
315 168
323 168
324 168
325 168
336 168
342 168
346 168
350 168
358 168
369 168
377 168
378 168
379 168
380 168
399 168
427 168
437 168
442 168
446 168
453 168
456 168
462 168
463 168
472 168
473 168
2 169
3 169
4 169
5 169
6 169
8 169
9 169
12 169
13 169
15 169
16 169
17 169
18 169
19 169
20 169
21 169
23 169
24 169
25 169
28 169
30 169
34 169
35 169
38 169
39 169
42 169
43 169
45 169
47 169
48 169
49 169
50 169
51 169
52 169
53 169
54 169
56 169
57 169
58 169
59 169
61 169
62 169
64 169
65 169
66 169
71 169
73 169
74 169
75 169
77 169
78 169
83 169
86 169
88 169
89 169
91 169
92 169
93 169
94 169
96 169
98 169
99 169
101 169
105 169
106 169
107 169
110 169
111 169
112 169
114 169
115 169
117 169
119 169
120 169
121 169
123 169
124 169
125 169
128 169
129 169
132 169
133 169
134 169
135 169
138 169
139 169
142 169
143 169
145 169
146 169
147 169
148 169
149 169
151 169
152 169
153 169
155 169
158 169
159 169
160 169
162 169
165 169
166 169
168 169
170 169
173 169
176 169
177 169
180 169
181 169
182 169
183 169
184 169
185 169
189 169
190 169
191 169
192 169
193 169
194 169
195 169
197 169
198 169
199 169
201 169
204 169
206 169
207 169
208 169
209 169
212 169
214 169
215 169
216 169
219 169
224 169
225 169
227 169
228 169
229 169
233 169
234 169
236 169
238 169
239 169
241 169
243 169
244 169
245 169
246 169
247 169
252 169
253 169
254 169
257 169
258 169
262 169
264 169
265 169
268 169
271 169
274 169
276 169
277 169
279 169
280 169
282 169
283 169
285 169
286 169
288 169
289 169
290 169
291 169
292 169
294 169
296 169
297 169
299 169
301 169
303 169
306 169
307 169
308 169
309 169
311 169
312 169
315 169
316 169
317 169
324 169
325 169
331 169
333 169
334 169
336 169
339 169
341 169
342 169
345 169
346 169
347 169
350 169
351 169
357 169
358 169
359 169
366 169
367 169
368 169
369 169
375 169
377 169
378 169
379 169
380 169
381 169
382 169
383 169
389 169
399 169
402 169
403 169
405 169
412 169
414 169
417 169
425 169
426 169
427 169
429 169
431 169
435 169
436 169
437 169
439 169
442 169
443 169
444 169
446 169
451 169
453 169
456 169
463 169
465 169
466 169
468 169
469 169
472 169
474 169
476 169
478 169
482 169
496 169
497 169
499 169
3 170
9 170
53 170
63 170
65 170
124 170
149 170
165 170
168 170
173 170
190 170
207 170
225 170
243 170
245 170
247 170
271 170
446 170
457 170
3 171
9 171
54 171
60 171
65 171
83 171
88 171
106 171
135 171
149 171
176 171
185 171
190 171
212 171
247 171
254 171
268 171
311 171
462 171
3 172
4 172
7 172
8 172
9 172
12 172
16 172
17 172
24 172
25 172
31 172
43 172
45 172
46 172
49 172
50 172
51 172
56 172
59 172
65 172
73 172
75 172
86 172
88 172
96 172
98 172
99 172
110 172
121 172
125 172
129 172
130 172
134 172
137 172
143 172
145 172
148 172
149 172
155 172
166 172
167 172
173 172
176 172
177 172
181 172
187 172
190 172
196 172
197 172
206 172
207 172
217 172
224 172
225 172
228 172
245 172
247 172
258 172
276 172
285 172
290 172
294 172
297 172
301 172
312 172
317 172
342 172
345 172
350 172
359 172
368 172
370 172
399 172
432 172
442 172
446 172
463 172
474 172
499 172
2 173
3 173
18 173
28 173
38 173
43 173
51 173
53 173
65 173
73 173
75 173
93 173
130 173
145 173
148 173
149 173
176 173
190 173
209 173
229 173
247 173
257 173
285 173
290 173
307 173
329 173
345 173
399 173
446 173
474 173
3 174
6 174
18 174
23 174
31 174
43 174
63 174
65 174
75 174
77 174
93 174
98 174
111 174
135 174
145 174
149 174
154 174
159 174
165 174
173 174
176 174
185 174
190 174
195 174
209 174
217 174
228 174
243 174
247 174
254 174
307 174
311 174
358 174
364 174
366 174
372 174
412 174
442 174
446 174
474 174
499 174
3 175
9 175
25 175
31 175
38 175
43 175
65 175
73 175
77 175
93 175
98 175
121 175
125 175
130 175
139 175
143 175
145 175
148 175
149 175
176 175
190 175
207 175
245 175
253 175
268 175
335 175
463 175
2 176
3 176
9 176
17 176
18 176
23 176
25 176
27 176
31 176
42 176
51 176
53 176
58 176
62 176
63 176
65 176
73 176
74 176
75 176
86 176
106 176
110 176
118 176
121 176
128 176
129 176
133 176
136 176
143 176
145 176
149 176
152 176
155 176
165 176
167 176
168 176
183 176
190 176
195 176
201 176
203 176
207 176
217 176
219 176
222 176
225 176
228 176
241 176
243 176
245 176
247 176
251 176
254 176
255 176
264 176
271 176
277 176
285 176
287 176
297 176
301 176
306 176
311 176
312 176
315 176
325 176
327 176
329 176
331 176
333 176
334 176
335 176
336 176
342 176
343 176
347 176
352 176
358 176
359 176
369 176
377 176
392 176
399 176
412 176
414 176
431 176
442 176
446 176
447 176
462 176
463 176
466 176
468 176
473 176
474 176
488 176
496 176
2 177
3 177
9 177
12 177
17 177
22 177
23 177
31 177
40 177
43 177
45 177
51 177
60 177
62 177
63 177
65 177
75 177
86 177
93 177
120 177
121 177
129 177
134 177
143 177
145 177
149 177
165 177
167 177
168 177
176 177
183 177
185 177
190 177
194 177
207 177
208 177
216 177
217 177
222 177
225 177
228 177
237 177
241 177
243 177
244 177
245 177
247 177
251 177
255 177
265 177
274 177
276 177
277 177
279 177
280 177
290 177
296 177
297 177
301 177
303 177
307 177
311 177
312 177
313 177
315 177
316 177
317 177
327 177
329 177
335 177
336 177
340 177
343 177
345 177
347 177
348 177
349 177
350 177
352 177
358 177
359 177
366 177
367 177
369 177
372 177
377 177
381 177
393 177
399 177
407 177
409 177
412 177
427 177
429 177
431 177
432 177
435 177
436 177
446 177
447 177
453 177
456 177
457 177
459 177
462 177
463 177
469 177
474 177
484 177
496 177
497 177
17 178
65 178
66 178
73 178
101 178
145 178
149 178
173 178
190 178
207 178
245 178
283 178
473 178
16 179
23 179
43 179
65 179
93 179
101 179
121 179
145 179
149 179
167 179
176 179
190 179
207 179
217 179
399 179
2 180
3 180
8 180
9 180
12 180
13 180
17 180
25 180
45 180
51 180
65 180
88 180
96 180
99 180
124 180
145 180
149 180
167 180
190 180
207 180
247 180
297 180
301 180
303 180
312 180
399 180
403 180
436 180
447 180
474 180
2 181
3 181
25 181
46 181
48 181
50 181
51 181
56 181
57 181
65 181
73 181
134 181
149 181
190 181
213 181
224 181
225 181
251 181
274 181
283 181
297 181
312 181
323 181
325 181
347 181
359 181
380 181
399 181
427 181
431 181
456 181
473 181
474 181
3 182
38 182
138 182
149 182
158 182
176 182
190 182
207 182
225 182
254 182
260 182
311 182
341 182
442 182
2 183
3 183
9 183
30 183
31 183
42 183
43 183
44 183
48 183
50 183
51 183
63 183
65 183
66 183
73 183
75 183
86 183
121 183
128 183
134 183
136 183
145 183
149 183
152 183
165 183
167 183
168 183
176 183
190 183
207 183
224 183
228 183
229 183
243 183
245 183
247 183
251 183
255 183
274 183
287 183
293 183
297 183
311 183
312 183
315 183
325 183
329 183
347 183
358 183
359 183
399 183
417 183
431 183
437 183
446 183
447 183
457 183
474 183
496 183
3 184
12 184
27 184
45 184
54 184
60 184
71 184
73 184
99 184
101 184
145 184
149 184
151 184
165 184
168 184
190 184
323 184
358 184
473 184
6 185
43 185
73 185
77 185
121 185
148 185
149 185
153 185
168 185
190 185
212 185
254 185
375 186
3 187
9 187
18 187
25 187
43 187
53 187
62 187
63 187
65 187
86 187
92 187
121 187
124 187
133 187
143 187
145 187
148 187
149 187
190 187
191 187
197 187
204 187
207 187
225 187
228 187
243 187
245 187
247 187
251 187
296 187
303 187
310 187
311 187
312 187
399 187
422 187
436 187
446 187
447 187
462 187
2 188
3 188
4 188
6 188
9 188
17 188
18 188
23 188
25 188
38 188
39 188
42 188
43 188
51 188
62 188
63 188
65 188
73 188
74 188
75 188
77 188
86 188
92 188
93 188
101 188
105 188
112 188
118 188
128 188
130 188
145 188
149 188
152 188
153 188
165 188
167 188
175 188
176 188
183 188
185 188
190 188
194 188
195 188
207 188
209 188
213 188
222 188
224 188
225 188
228 188
229 188
233 188
241 188
243 188
244 188
245 188
247 188
249 188
254 188
257 188
264 188
268 188
271 188
276 188
279 188
280 188
285 188
287 188
288 188
295 188
297 188
307 188
311 188
312 188
324 188
327 188
329 188
331 188
340 188
347 188
359 188
360 188
364 188
367 188
368 188
375 188
378 188
392 188
399 188
408 188
412 188
415 188
435 188
436 188
442 188
446 188
458 188
460 188
463 188
469 188
470 188
474 188
483 188
3 189
9 189
12 189
16 189
28 189
30 189
52 189
54 189
56 189
58 189
59 189
60 189
65 189
66 189
71 189
75 189
80 189
86 189
98 189
101 189
112 189
114 189
124 189
129 189
139 189
142 189
144 189
149 189
190 189
191 189
194 189
206 189
214 189
216 189
220 189
229 189
239 189
246 189
288 189
290 189
291 189
295 189
296 189
299 189
303 189
312 189
317 189
323 189
347 189
366 189
369 189
373 189
377 189
378 189
379 189
412 189
414 189
426 189
429 189
431 189
451 189
453 189
472 189
473 189
2 190
3 190
9 190
14 190
31 190
38 190
40 190
50 190
51 190
53 190
63 190
65 190
66 190
73 190
86 190
110 190
121 190
124 190
128 190
134 190
136 190
143 190
145 190
149 190
153 190
154 190
165 190
167 190
168 190
173 190
176 190
183 190
187 190
194 190
195 190
197 190
203 190
207 190
208 190
209 190
212 190
219 190
222 190
237 190
241 190
243 190
245 190
247 190
251 190
276 190
280 190
285 190
291 190
297 190
307 190
312 190
345 190
359 190
406 190
431 190
446 190
456 190
474 190
2 191
3 191
5 191
8 191
9 191
12 191
16 191
17 191
21 191
24 191
25 191
30 191
40 191
45 191
52 191
56 191
58 191
59 191
63 191
65 191
66 191
73 191
75 191
86 191
92 191
99 191
110 191
121 191
127 191
129 191
133 191
136 191
142 191
143 191
145 191
146 191
149 191
152 191
155 191
165 191
168 191
169 191
186 191
189 191
190 191
193 191
194 191
198 191
199 191
207 191
214 191
215 191
216 191
217 191
222 191
224 191
225 191
228 191
229 191
231 191
239 191
243 191
244 191
245 191
247 191
251 191
260 191
274 191
276 191
279 191
280 191
284 191
289 191
291 191
294 191
296 191
297 191
299 191
302 191
303 191
311 191
312 191
315 191
317 191
322 191
325 191
326 191
327 191
341 191
347 191
350 191
358 191
359 191
369 191
377 191
378 191
384 191
395 191
399 191
402 191
408 191
409 191
412 191
413 191
425 191
429 191
430 191
431 191
436 191
442 191
446 191
449 191
451 191
456 191
457 191
459 191
463 191
468 191
469 191
473 191
474 191
476 191
479 191
488 191
3 192
193 192
296 192
2 193
3 193
4 193
9 193
12 193
17 193
25 193
30 193
47 193
48 193
51 193
54 193
56 193
65 193
66 193
68 193
71 193
73 193
75 193
83 193
88 193
99 193
108 193
110 193
114 193
121 193
129 193
133 193
134 193
139 193
142 193
145 193
149 193
160 193
164 193
165 193
168 193
169 193
177 193
189 193
190 193
192 193
194 193
199 193
206 193
214 193
224 193
247 193
251 193
260 193
262 193
274 193
279 193
280 193
285 193
296 193
297 193
299 193
301 193
303 193
306 193
311 193
312 193
315 193
324 193
325 193
347 193
350 193
359 193
366 193
368 193
373 193
377 193
378 193
379 193
399 193
409 193
412 193
417 193
429 193
431 193
435 193
436 193
442 193
443 193
451 193
453 193
463 193
472 193
473 193
483 193
2 194
3 194
4 194
5 194
8 194
9 194
10 194
11 194
12 194
16 194
17 194
18 194
19 194
20 194
21 194
23 194
24 194
25 194
28 194
30 194
32 194
37 194
39 194
41 194
42 194
43 194
45 194
46 194
49 194
50 194
51 194
52 194
53 194
54 194
58 194
59 194
60 194
61 194
62 194
63 194
65 194
66 194
69 194
71 194
73 194
75 194
81 194
83 194
86 194
87 194
88 194
90 194
96 194
99 194
101 194
105 194
106 194
108 194
110 194
113 194
114 194
118 194
119 194
120 194
121 194
124 194
125 194
128 194
129 194
132 194
133 194
134 194
135 194
139 194
142 194
143 194
145 194
147 194
149 194
152 194
155 194
157 194
160 194
162 194
164 194
165 194
168 194
169 194
173 194
176 194
177 194
178 194
181 194
186 194
189 194
190 194
191 194
193 194
195 194
198 194
199 194
201 194
203 194
204 194
206 194
207 194
209 194
212 194
214 194
215 194
216 194
217 194
219 194
222 194
223 194
224 194
225 194
228 194
229 194
233 194
236 194
238 194
239 194
241 194
243 194
244 194
245 194
246 194
247 194
250 194
251 194
253 194
254 194
255 194
257 194
258 194
260 194
262 194
264 194
265 194
267 194
268 194
269 194
271 194
274 194
276 194
277 194
278 194
279 194
280 194
281 194
283 194
284 194
285 194
286 194
287 194
289 194
291 194
295 194
296 194
297 194
299 194
301 194
302 194
303 194
306 194
307 194
309 194
311 194
312 194
313 194
315 194
316 194
317 194
322 194
323 194
324 194
325 194
326 194
327 194
330 194
331 194
333 194
335 194
336 194
341 194
343 194
347 194
349 194
350 194
352 194
358 194
359 194
365 194
367 194
368 194
369 194
371 194
373 194
374 194
375 194
377 194
378 194
379 194
383 194
384 194
390 194
392 194
393 194
399 194
402 194
403 194
404 194
405 194
408 194
409 194
412 194
413 194
414 194
415 194
417 194
420 194
422 194
423 194
425 194
426 194
428 194
429 194
430 194
431 194
432 194
433 194
434 194
435 194
436 194
437 194
441 194
442 194
443 194
444 194
446 194
447 194
451 194
453 194
454 194
456 194
457 194
458 194
459 194
460 194
461 194
462 194
463 194
465 194
467 194
468 194
469 194
472 194
473 194
474 194
476 194
477 194
479 194
481 194
482 194
483 194
485 194
486 194
488 194
489 194
490 194
492 194
493 194
494 194
495 194
496 194
498 194
500 194
2 195
3 195
4 195
7 195
12 195
15 195
18 195
38 195
39 195
43 195
62 195
63 195
65 195
73 195
75 195
86 195
88 195
112 195
118 195
124 195
128 195
134 195
136 195
143 195
144 195
145 195
149 195
151 195
165 195
167 195
168 195
190 195
199 195
207 195
208 195
214 195
219 195
228 195
233 195
236 195
243 195
245 195
246 195
247 195
268 195
271 195
285 195
307 195
359 195
399 195
412 195
446 195
459 195
462 195
496 195
149 196
190 196
2 197
3 197
9 197
25 197
43 197
56 197
63 197
65 197
75 197
145 197
149 197
165 197
190 197
207 197
214 197
225 197
243 197
268 197
276 197
296 197
317 197
358 197
378 197
399 197
412 197
431 197
446 197
474 197
3 198
43 198
56 198
60 198
73 198
145 198
149 198
165 198
177 198
190 198
191 198
194 198
216 198
217 198
239 198
243 198
245 198
247 198
251 198
260 198
303 198
322 198
329 198
368 198
399 198
446 198
462 198
2 199
3 199
5 199
9 199
17 199
28 199
38 199
42 199
51 199
56 199
60 199
62 199
63 199
65 199
73 199
86 199
112 199
121 199
124 199
134 199
143 199
145 199
149 199
165 199
173 199
176 199
177 199
190 199
191 199
197 199
199 199
203 199
207 199
212 199
222 199
224 199
225 199
228 199
229 199
236 199
239 199
241 199
243 199
244 199
245 199
247 199
251 199
254 199
255 199
257 199
258 199
265 199
267 199
274 199
276 199
277 199
280 199
287 199
294 199
295 199
297 199
301 199
306 199
309 199
311 199
312 199
329 199
340 199
347 199
349 199
359 199
392 199
399 199
436 199
439 199
446 199
447 199
451 199
457 199
462 199
473 199
474 199
43 200
73 200
112 200
120 200
135 200
149 200
173 200
190 200
254 200
399 200
3 201
9 201
17 201
19 201
23 201
39 201
41 201
42 201
51 201
53 201
63 201
65 201
75 201
86 201
118 201
120 201
121 201
124 201
128 201
134 201
145 201
149 201
165 201
176 201
190 201
207 201
222 201
224 201
228 201
236 201
237 201
241 201
243 201
245 201
247 201
251 201
277 201
279 201
287 201
297 201
311 201
312 201
315 201
327 201
329 201
335 201
341 201
359 201
412 201
435 201
446 201
457 201
3 202
5 202
9 202
53 202
56 202
57 202
59 202
73 202
101 202
106 202
124 202
134 202
145 202
149 202
159 202
173 202
187 202
190 202
194 202
201 202
207 202
224 202
243 202
269 202
280 202
292 202
414 202
427 202
429 202
446 202
456 202
457 202
473 202
499 202
2 203
3 203
7 203
9 203
13 203
15 203
17 203
23 203
24 203
25 203
28 203
30 203
45 203
51 203
56 203
63 203
65 203
66 203
67 203
73 203
75 203
86 203
99 203
112 203
124 203
128 203
134 203
136 203
145 203
149 203
165 203
167 203
190 203
199 203
207 203
209 203
212 203
217 203
219 203
224 203
225 203
226 203
228 203
243 203
244 203
245 203
247 203
257 203
285 203
288 203
293 203
294 203
297 203
307 203
311 203
312 203
317 203
319 203
329 203
340 203
357 203
359 203
372 203
399 203
405 203
414 203
427 203
435 203
436 203
446 203
457 203
2 204
3 204
5 204
9 204
12 204
18 204
23 204
25 204
28 204
30 204
38 204
43 204
44 204
45 204
46 204
47 204
53 204
54 204
63 204
65 204
66 204
68 204
74 204
75 204
77 204
83 204
86 204
93 204
106 204
110 204
111 204
112 204
121 204
123 204
124 204
125 204
129 204
130 204
133 204
134 204
138 204
143 204
145 204
148 204
149 204
151 204
152 204
153 204
157 204
159 204
165 204
167 204
176 204
182 204
183 204
187 204
190 204
194 204
195 204
197 204
201 204
207 204
224 204
229 204
236 204
239 204
243 204
245 204
247 204
252 204
253 204
264 204
267 204
268 204
271 204
276 204
279 204
285 204
294 204
295 204
296 204
297 204
299 204
301 204
303 204
307 204
309 204
310 204
311 204
312 204
315 204
317 204
324 204
329 204
333 204
342 204
347 204
351 204
357 204
358 204
359 204
377 204
378 204
380 204
386 204
399 204
402 204
407 204
412 204
422 204
425 204
427 204
429 204
434 204
436 204
442 204
443 204
444 204
446 204
447 204
457 204
462 204
463 204
473 204
474 204
478 204
482 204
483 204
484 204
496 204
3 205
9 205
65 205
149 205
190 205
446 205
2 206
3 206
4 206
8 206
9 206
12 206
17 206
18 206
23 206
24 206
25 206
27 206
28 206
30 206
43 206
46 206
49 206
50 206
51 206
53 206
56 206
58 206
59 206
60 206
65 206
66 206
71 206
78 206
81 206
83 206
86 206
88 206
98 206
99 206
106 206
108 206
110 206
112 206
114 206
115 206
120 206
121 206
123 206
125 206
128 206
129 206
130 206
132 206
133 206
134 206
138 206
139 206
142 206
143 206
145 206
149 206
150 206
152 206
155 206
158 206
160 206
164 206
165 206
167 206
168 206
169 206
176 206
177 206
180 206
181 206
183 206
184 206
187 206
188 206
189 206
190 206
193 206
194 206
207 206
211 206
214 206
215 206
216 206
217 206
218 206
219 206
225 206
229 206
230 206
236 206
239 206
244 206
245 206
246 206
247 206
251 206
253 206
255 206
260 206
261 206
264 206
268 206
269 206
270 206
271 206
274 206
276 206
278 206
280 206
284 206
285 206
288 206
289 206
290 206
291 206
296 206
303 206
305 206
307 206
308 206
309 206
310 206
311 206
315 206
316 206
317 206
318 206
320 206
323 206
325 206
327 206
329 206
331 206
333 206
340 206
341 206
343 206
350 206
358 206
359 206
369 206
370 206
375 206
377 206
378 206
379 206
380 206
383 206
384 206
395 206
399 206
402 206
409 206
412 206
413 206
414 206
422 206
425 206
427 206
429 206
430 206
431 206
437 206
438 206
441 206
446 206
447 206
449 206
450 206
453 206
456 206
458 206
459 206
461 206
462 206
471 206
472 206
473 206
479 206
496 206
2 207
3 207
4 207
5 207
6 207
7 207
8 207
9 207
10 207
11 207
12 207
13 207
14 207
16 207
17 207
18 207
19 207
20 207
21 207
23 207
24 207
25 207
27 207
28 207
30 207
31 207
32 207
34 207
37 207
39 207
40 207
42 207
43 207
44 207
45 207
46 207
47 207
48 207
49 207
50 207
51 207
52 207
53 207
54 207
56 207
58 207
59 207
60 207
61 207
62 207
63 207
65 207
66 207
67 207
71 207
73 207
75 207
79 207
80 207
81 207
86 207
88 207
92 207
96 207
98 207
99 207
101 207
105 207
106 207
107 207
110 207
111 207
112 207
113 207
114 207
118 207
119 207
120 207
121 207
124 207
125 207
126 207
128 207
129 207
132 207
133 207
134 207
135 207
136 207
138 207
139 207
140 207
141 207
142 207
143 207
144 207
145 207
146 207
147 207
149 207
150 207
151 207
152 207
154 207
155 207
157 207
158 207
160 207
165 207
168 207
171 207
173 207
175 207
176 207
177 207
178 207
179 207
181 207
183 207
184 207
186 207
188 207
189 207
190 207
191 207
193 207
194 207
197 207
199 207
201 207
203 207
206 207
208 207
209 207
213 207
214 207
215 207
216 207
217 207
219 207
222 207
224 207
225 207
226 207
228 207
229 207
230 207
231 207
233 207
234 207
235 207
236 207
237 207
238 207
239 207
241 207
243 207
244 207
245 207
246 207
247 207
250 207
251 207
253 207
254 207
255 207
257 207
258 207
260 207
261 207
262 207
264 207
265 207
267 207
268 207
269 207
270 207
274 207
276 207
277 207
278 207
279 207
280 207
283 207
284 207
285 207
286 207
287 207
289 207
290 207
291 207
294 207
295 207
296 207
297 207
299 207
301 207
305 207
306 207
307 207
308 207
311 207
312 207
316 207
317 207
320 207
324 207
325 207
327 207
328 207
329 207
330 207
333 207
335 207
336 207
340 207
341 207
345 207
347 207
350 207
351 207
358 207
359 207
361 207
365 207
368 207
369 207
371 207
374 207
375 207
377 207
378 207
379 207
381 207
384 207
389 207
390 207
392 207
393 207
395 207
399 207
400 207
402 207
403 207
404 207
405 207
408 207
412 207
413 207
414 207
415 207
417 207
420 207
423 207
424 207
425 207
427 207
428 207
429 207
430 207
431 207
434 207
435 207
436 207
437 207
438 207
439 207
441 207
442 207
443 207
444 207
446 207
447 207
448 207
449 207
450 207
451 207
453 207
454 207
456 207
457 207
458 207
460 207
461 207
462 207
463 207
465 207
466 207
467 207
469 207
470 207
471 207
472 207
473 207
474 207
476 207
478 207
479 207
481 207
482 207
483 207
486 207
487 207
489 207
490 207
492 207
493 207
494 207
495 207
496 207
497 207
498 207
500 207
2 208
3 208
62 208
63 208
65 208
75 208
86 208
108 208
124 208
143 208
145 208
149 208
165 208
190 208
207 208
225 208
228 208
243 208
245 208
247 208
251 208
274 208
290 208
329 208
340 208
392 208
399 208
412 208
446 208
457 208
462 208
474 208
3 209
4 209
5 209
6 209
9 209
12 209
17 209
18 209
19 209
28 209
39 209
51 209
63 209
65 209
66 209
73 209
86 209
112 209
120 209
124 209
125 209
128 209
134 209
139 209
145 209
148 209
149 209
159 209
165 209
170 209
173 209
189 209
190 209
203 209
207 209
219 209
222 209
224 209
225 209
226 209
229 209
243 209
245 209
247 209
251 209
257 209
258 209
271 209
274 209
297 209
307 209
312 209
317 209
329 209
347 209
359 209
368 209
372 209
399 209
405 209
408 209
419 209
436 209
446 209
457 209
473 209
474 209
496 209
2 210
3 210
5 210
6 210
17 210
23 210
31 210
40 210
42 210
51 210
56 210
60 210
63 210
65 210
75 210
86 210
87 210
118 210
120 210
124 210
128 210
134 210
145 210
147 210
149 210
159 210
165 210
190 210
191 210
197 210
199 210
207 210
208 210
222 210
224 210
228 210
231 210
236 210
241 210
243 210
245 210
247 210
257 210
264 210
269 210
276 210
277 210
279 210
280 210
283 210
285 210
287 210
297 210
301 210
307 210
311 210
312 210
317 210
318 210
326 210
349 210
351 210
359 210
366 210
396 210
406 210
412 210
436 210
446 210
134 211
136 211
143 211
144 211
149 211
190 211
214 211
3 212
9 212
23 212
28 212
42 212
56 212
63 212
73 212
86 212
106 212
114 212
115 212
128 212
135 212
145 212
149 212
165 212
168 212
185 212
190 212
207 212
244 212
247 212
251 212
254 212
257 212
287 212
296 212
311 212
325 212
329 212
442 212
446 212
447 212
466 212
473 212
9 213
25 213
43 213
49 213
65 213
86 213
120 213
144 213
145 213
149 213
165 213
181 213
190 213
207 213
214 213
226 213
251 213
257 213
258 213
274 213
312 213
399 213
447 213
453 213
473 213
25 214
52 214
143 214
144 214
149 214
177 214
189 214
190 214
211 214
224 214
274 214
290 214
346 214
359 214
451 214
3 215
6 215
9 215
24 215
43 215
65 215
101 215
134 215
143 215
145 215
149 215
176 215
190 215
207 215
213 215
228 215
245 215
255 215
359 215
446 215
447 215
2 216
3 216
5 216
8 216
9 216
16 216
23 216
24 216
28 216
43 216
53 216
56 216
60 216
66 216
101 216
129 216
136 216
142 216
149 216
155 216
167 216
177 216
178 216
190 216
191 216
194 216
197 216
198 216
217 216
229 216
239 216
251 216
264 216
268 216
270 216
274 216
276 216
280 216
295 216
296 216
299 216
303 216
306 216
316 216
323 216
325 216
350 216
358 216
369 216
374 216
377 216
378 216
431 216
436 216
451 216
453 216
456 216
469 216
473 216
2 217
3 217
9 217
17 217
21 217
23 217
25 217
28 217
39 217
40 217
44 217
45 217
47 217
51 217
56 217
60 217
62 217
63 217
65 217
75 217
86 217
87 217
92 217
93 217
99 217
101 217
110 217
114 217
118 217
120 217
121 217
124 217
128 217
129 217
133 217
134 217
143 217
144 217
145 217
149 217
165 217
167 217
177 217
190 217
191 217
194 217
195 217
199 217
207 217
212 217
214 217
216 217
219 217
224 217
228 217
229 217
230 217
233 217
241 217
243 217
244 217
245 217
247 217
254 217
255 217
258 217
265 217
267 217
268 217
280 217
285 217
297 217
298 217
299 217
301 217
302 217
303 217
310 217
311 217
312 217
313 217
315 217
316 217
317 217
318 217
326 217
327 217
335 217
336 217
340 217
343 217
347 217
350 217
358 217
359 217
369 217
382 217
410 217
414 217
417 217
431 217
436 217
442 217
446 217
447 217
457 217
462 217
463 217
465 217
473 217
485 217
496 217
2 218
3 218
4 218
5 218
6 218
9 218
15 218
17 218
22 218
23 218
24 218
25 218
28 218
38 218
39 218
43 218
45 218
48 218
51 218
56 218
65 218
66 218
74 218
77 218
83 218
86 218
88 218
99 218
106 218
108 218
110 218
112 218
124 218
125 218
128 218
130 218
134 218
135 218
143 218
145 218
147 218
149 218
151 218
152 218
153 218
157 218
158 218
159 218
162 218
173 218
174 218
176 218
177 218
181 218
190 218
193 218
207 218
209 218
213 218
217 218
224 218
228 218
234 218
239 218
245 218
254 218
257 218
258 218
267 218
268 218
271 218
283 218
288 218
296 218
297 218
307 218
311 218
312 218
315 218
317 218
329 218
345 218
358 218
364 218
399 218
405 218
427 218
429 218
436 218
442 218
443 218
466 218
468 218
469 218
474 218
496 218
499 218
9 219
43 219
53 219
65 219
73 219
112 219
124 219
134 219
136 219
143 219
145 219
168 219
199 219
203 219
207 219
222 219
228 219
264 219
290 219
3 220
9 220
22 220
56 220
60 220
63 220
65 220
86 220
133 220
142 220
143 220
145 220
180 220
189 220
190 220
199 220
207 220
224 220
225 220
228 220
243 220
244 220
245 220
247 220
280 220
303 220
345 220
446 220
447 220
473 220
3 221
9 221
18 221
65 221
112 221
207 221
225 221
228 221
245 221
446 221
2 222
3 222
4 222
5 222
9 222
17 222
20 222
23 222
28 222
32 222
39 222
40 222
42 222
51 222
52 222
53 222
62 222
63 222
65 222
73 222
75 222
86 222
87 222
105 222
118 222
121 222
123 222
124 222
128 222
130 222
134 222
135 222
136 222
143 222
145 222
146 222
147 222
148 222
165 222
176 222
190 222
191 222
194 222
199 222
201 222
207 222
209 222
212 222
214 222
224 222
225 222
228 222
229 222
234 222
236 222
237 222
239 222
241 222
243 222
244 222
245 222
247 222
251 222
252 222
255 222
260 222
262 222
264 222
267 222
269 222
271 222
274 222
277 222
279 222
280 222
285 222
286 222
287 222
291 222
297 222
301 222
307 222
311 222
312 222
316 222
326 222
327 222
329 222
331 222
335 222
336 222
340 222
341 222
347 222
349 222
358 222
359 222
367 222
372 222
381 222
387 222
393 222
399 222
402 222
403 222
404 222
405 222
408 222
410 222
412 222
414 222
415 222
419 222
420 222
423 222
425 222
428 222
429 222
431 222
435 222
436 222
441 222
444 222
446 222
453 222
454 222
457 222
458 222
459 222
460 222
461 222
462 222
463 222
465 222
468 222
469 222
473 222
474 222
475 222
482 222
483 222
484 222
486 222
490 222
492 222
494 222
495 222
496 222
497 222
498 222
500 222
2 223
3 223
16 223
28 223
53 223
229 223
239 223
303 223
378 223
429 223
473 223
2 224
3 224
4 224
5 224
6 224
8 224
9 224
11 224
16 224
17 224
19 224
20 224
21 224
23 224
25 224
28 224
30 224
31 224
32 224
37 224
39 224
41 224
42 224
45 224
48 224
50 224
51 224
53 224
56 224
59 224
60 224
61 224
63 224
65 224
66 224
73 224
75 224
81 224
86 224
92 224
96 224
99 224
101 224
110 224
118 224
120 224
121 224
123 224
124 224
128 224
129 224
132 224
133 224
134 224
135 224
139 224
143 224
144 224
145 224
146 224
147 224
149 224
150 224
155 224
156 224
157 224
158 224
162 224
164 224
165 224
168 224
173 224
176 224
178 224
179 224
181 224
187 224
189 224
190 224
191 224
194 224
199 224
201 224
203 224
207 224
209 224
214 224
216 224
217 224
222 224
224 224
225 224
226 224
228 224
229 224
230 224
233 224
235 224
236 224
237 224
239 224
241 224
243 224
244 224
245 224
247 224
251 224
255 224
257 224
258 224
260 224
262 224
264 224
267 224
269 224
274 224
276 224
277 224
278 224
279 224
280 224
283 224
285 224
286 224
287 224
289 224
291 224
293 224
295 224
296 224
297 224
299 224
301 224
302 224
305 224
306 224
311 224
312 224
315 224
317 224
320 224
323 224
324 224
325 224
327 224
329 224
330 224
335 224
336 224
340 224
341 224
347 224
350 224
351 224
358 224
359 224
361 224
364 224
365 224
367 224
369 224
375 224
377 224
378 224
381 224
383 224
387 224
390 224
392 224
393 224
396 224
399 224
402 224
403 224
404 224
405 224
412 224
413 224
414 224
415 224
417 224
418 224
420 224
423 224
424 224
425 224
428 224
429 224
431 224
432 224
435 224
436 224
441 224
443 224
444 224
446 224
447 224
450 224
451 224
453 224
454 224
456 224
457 224
458 224
460 224
461 224
462 224
463 224
465 224
468 224
471 224
472 224
473 224
474 224
482 224
483 224
485 224
486 224
487 224
489 224
490 224
492 224
494 224
495 224
496 224
497 224
498 224
500 224
2 225
3 225
6 225
7 225
9 225
14 225
17 225
18 225
19 225
23 225
24 225
25 225
28 225
31 225
38 225
39 225
41 225
42 225
45 225
47 225
51 225
53 225
54 225
58 225
59 225
62 225
63 225
65 225
66 225
71 225
73 225
75 225
86 225
92 225
99 225
101 225
108 225
110 225
118 225
120 225
121 225
123 225
124 225
128 225
129 225
134 225
136 225
138 225
139 225
143 225
144 225
145 225
146 225
147 225
152 225
153 225
155 225
158 225
160 225
165 225
167 225
168 225
169 225
173 225
176 225
177 225
183 225
190 225
191 225
194 225
199 225
201 225
203 225
207 225
208 225
209 225
222 225
224 225
228 225
229 225
233 225
237 225
238 225
239 225
241 225
243 225
244 225
245 225
247 225
251 225
253 225
254 225
255 225
257 225
258 225
260 225
264 225
271 225
274 225
276 225
277 225
279 225
280 225
283 225
285 225
287 225
291 225
295 225
296 225
297 225
301 225
302 225
303 225
306 225
307 225
309 225
311 225
312 225
313 225
317 225
323 225
325 225
329 225
335 225
340 225
341 225
343 225
347 225
348 225
350 225
358 225
359 225
366 225
369 225
372 225
377 225
378 225
379 225
392 225
393 225
396 225
399 225
404 225
405 225
409 225
410 225
412 225
417 225
425 225
426 225
428 225
430 225
431 225
432 225
434 225
435 225
436 225
442 225
446 225
447 225
451 225
456 225
457 225
460 225
462 225
463 225
466 225
468 225
472 225
473 225
474 225
475 225
482 225
483 225
484 225
487 225
496 225
2 226
3 226
4 226
9 226
25 226
28 226
51 226
56 226
73 226
75 226
108 226
110 226
128 226
134 226
145 226
165 226
203 226
213 226
224 226
225 226
244 226
251 226
257 226
258 226
267 226
274 226
283 226
297 226
301 226
307 226
312 226
317 226
319 226
325 226
339 226
347 226
350 226
359 226
368 226
378 226
399 226
402 226
405 226
417 226
457 226
473 226
474 226
496 226
3 227
5 227
9 227
23 227
45 227
65 227
93 227
94 227
99 227
130 227
145 227
152 227
153 227
191 227
207 227
288 227
315 227
345 227
441 227
442 227
3 228
9 228
14 228
30 228
38 228
40 228
56 228
62 228
63 228
136 228
145 228
147 228
165 228
176 228
183 228
207 228
208 228
222 228
224 228
225 228
234 228
237 228
243 228
244 228
247 228
249 228
251 228
254 228
271 228
279 228
291 228
297 228
311 228
312 228
340 228
351 228
359 228
372 228
399 228
417 228
446 228
462 228
3 229
5 229
6 229
9 229
12 229
16 229
18 229
23 229
52 229
56 229
60 229
65 229
71 229
73 229
75 229
86 229
88 229
92 229
101 229
112 229
114 229
121 229
133 229
142 229
143 229
144 229
145 229
165 229
167 229
168 229
170 229
183 229
189 229
199 229
207 229
216 229
217 229
222 229
224 229
225 229
228 229
229 229
234 229
243 229
244 229
245 229
251 229
252 229
254 229
257 229
258 229
274 229
276 229
285 229
296 229
297 229
312 229
329 229
340 229
347 229
350 229
369 229
399 229
431 229
436 229
446 229
447 229
453 229
462 229
469 229
473 229
474 229
2 230
3 230
9 230
18 230
25 230
45 230
51 230
56 230
66 230
73 230
86 230
99 230
102 230
119 230
145 230
152 230
165 230
177 230
191 230
217 230
274 230
297 230
301 230
312 230
359 230
408 230
417 230
446 230
473 230
474 230
2 231
3 231
9 231
54 231
56 231
63 231
65 231
75 231
86 231
103 231
145 231
165 231
190 231
191 231
207 231
228 231
243 231
245 231
247 231
359 231
446 231
473 231
485 231
3 232
9 232
42 232
63 232
65 232
86 232
128 232
143 232
145 232
165 232
190 232
207 232
222 232
228 232
243 232
245 232
247 232
287 232
446 232
3 233
9 233
28 233
62 233
65 233
86 233
124 233
134 233
143 233
145 233
159 233
207 233
217 233
224 233
228 233
243 233
244 233
245 233
247 233
255 233
285 233
359 233
368 233
399 233
446 233
447 233
462 233
473 233
2 234
3 234
5 234
9 234
12 234
14 234
16 234
17 234
23 234
26 234
39 234
40 234
42 234
45 234
48 234
50 234
56 234
63 234
64 234
65 234
86 234
87 234
90 234
99 234
105 234
117 234
119 234
121 234
124 234
128 234
129 234
134 234
136 234
145 234
152 234
153 234
159 234
165 234
167 234
190 234
194 234
199 234
207 234
222 234
225 234
228 234
229 234
236 234
243 234
245 234
246 234
247 234
251 234
258 234
264 234
274 234
277 234
285 234
287 234
295 234
299 234
311 234
312 234
315 234
316 234
318 234
325 234
326 234
359 234
369 234
377 234
381 234
403 234
435 234
446 234
459 234
463 234
2 235
3 235
9 235
28 235
56 235
65 235
79 235
86 235
112 235
124 235
134 235
143 235
144 235
145 235
168 235
183 235
190 235
207 235
224 235
228 235
236 235
243 235
244 235
245 235
247 235
255 235
269 235
285 235
425 235
442 235
446 235
447 235
485 235
3 236
9 236
19 236
63 236
65 236
86 236
124 236
134 236
145 236
165 236
168 236
190 236
207 236
222 236
224 236
228 236
235 236
243 236
245 236
247 236
312 236
359 236
399 236
446 236
2 237
3 237
9 237
18 237
19 237
23 237
41 237
42 237
43 237
56 237
63 237
86 237
121 237
128 237
134 237
145 237
165 237
190 237
201 237
207 237
222 237
224 237
225 237
228 237
243 237
245 237
247 237
277 237
287 237
291 237
297 237
312 237
319 237
327 237
359 237
368 237
410 237
412 237
435 237
446 237
2 238
3 238
4 238
5 238
6 238
7 238
8 238
9 238
11 238
12 238
17 238
20 238
23 238
25 238
28 238
32 238
37 238
42 238
45 238
48 238
51 238
53 238
56 238
61 238
63 238
65 238
66 238
75 238
86 238
96 238
99 238
108 238
110 238
120 238
121 238
128 238
129 238
134 238
135 238
144 238
145 238
152 238
157 238
165 238
170 238
173 238
176 238
181 238
190 238
194 238
199 238
201 238
207 238
209 238
222 238
224 238
225 238
229 238
236 238
239 238
241 238
243 238
244 238
245 238
247 238
249 238
251 238
260 238
262 238
264 238
269 238
274 238
277 238
279 238
280 238
285 238
286 238
287 238
296 238
297 238
299 238
301 238
307 238
311 238
312 238
317 238
324 238
325 238
327 238
329 238
330 238
333 238
335 238
347 238
359 238
365 238
367 238
378 238
383 238
390 238
392 238
393 238
399 238
402 238
403 238
404 238
405 238
408 238
412 238
414 238
415 238
420 238
423 238
425 238
428 238
429 238
431 238
434 238
435 238
436 238
441 238
443 238
444 238
446 238
447 238
453 238
454 238
457 238
458 238
460 238
461 238
462 238
463 238
465 238
469 238
472 238
473 238
482 238
483 238
485 238
486 238
489 238
490 238
492 238
494 238
495 238
496 238
497 238
498 238
500 238
2 239
3 239
4 239
5 239
8 239
9 239
10 239
11 239
12 239
15 239
16 239
17 239
18 239
19 239
21 239
24 239
25 239
28 239
30 239
31 239
34 239
37 239
38 239
43 239
45 239
46 239
47 239
49 239
50 239
51 239
52 239
53 239
54 239
56 239
57 239
58 239
59 239
60 239
61 239
63 239
65 239
66 239
68 239
69 239
71 239
73 239
75 239
80 239
81 239
83 239
86 239
88 239
92 239
96 239
98 239
99 239
101 239
102 239
105 239
106 239
108 239
110 239
113 239
114 239
115 239
117 239
120 239
121 239
123 239
124 239
125 239
126 239
128 239
129 239
132 239
133 239
134 239
138 239
139 239
142 239
143 239
145 239
146 239
150 239
152 239
153 239
155 239
158 239
164 239
165 239
168 239
169 239
173 239
175 239
177 239
178 239
179 239
181 239
182 239
183 239
186 239
188 239
189 239
190 239
191 239
193 239
194 239
196 239
199 239
206 239
207 239
209 239
214 239
215 239
216 239
222 239
223 239
224 239
225 239
229 239
230 239
234 239
238 239
243 239
244 239
246 239
247 239
250 239
251 239
253 239
257 239
258 239
259 239
260 239
261 239
264 239
267 239
268 239
269 239
270 239
274 239
276 239
277 239
279 239
280 239
281 239
283 239
284 239
285 239
286 239
289 239
290 239
291 239
294 239
295 239
296 239
297 239
299 239
301 239
302 239
303 239
305 239
308 239
311 239
312 239
313 239
315 239
320 239
323 239
324 239
325 239
327 239
328 239
330 239
331 239
333 239
334 239
335 239
340 239
341 239
343 239
347 239
349 239
350 239
354 239
358 239
359 239
361 239
364 239
365 239
366 239
367 239
368 239
369 239
371 239
373 239
375 239
377 239
378 239
379 239
380 239
381 239
382 239
383 239
384 239
389 239
390 239
392 239
395 239
396 239
399 239
404 239
405 239
409 239
412 239
413 239
417 239
422 239
425 239
426 239
427 239
429 239
431 239
435 239
436 239
437 239
438 239
441 239
442 239
443 239
446 239
447 239
449 239
450 239
451 239
453 239
454 239
456 239
457 239
458 239
459 239
460 239
463 239
465 239
466 239
468 239
469 239
471 239
472 239
473 239
474 239
478 239
479 239
481 239
483 239
485 239
488 239
489 239
490 239
493 239
496 239
499 239
9 240
65 240
168 240
222 240
268 240
334 240
2 241
3 241
5 241
9 241
17 241
20 241
23 241
32 241
39 241
41 241
42 241
45 241
51 241
53 241
62 241
63 241
65 241
71 241
73 241
75 241
86 241
99 241
118 241
120 241
121 241
124 241
134 241
135 241
143 241
145 241
147 241
149 241
157 241
165 241
176 241
190 241
199 241
201 241
207 241
217 241
222 241
224 241
225 241
228 241
229 241
236 241
243 241
244 241
245 241
247 241
252 241
254 241
260 241
262 241
264 241
269 241
274 241
276 241
277 241
279 241
280 241
285 241
287 241
291 241
297 241
301 241
311 241
312 241
315 241
317 241
319 241
327 241
329 241
335 241
336 241
359 241
378 241
381 241
383 241
390 241
392 241
393 241
396 241
399 241
402 241
403 241
408 241
410 241
412 241
414 241
415 241
420 241
423 241
425 241
428 241
429 241
432 241
434 241
435 241
436 241
441 241
444 241
446 241
453 241
454 241
456 241
457 241
458 241
460 241
461 241
462 241
463 241
465 241
469 241
474 241
482 241
483 241
486 241
490 241
492 241
494 241
495 241
496 241
497 241
498 241
500 241
9 242
62 242
65 242
112 242
118 242
120 242
133 242
134 242
143 242
145 242
147 242
153 242
157 242
165 242
169 242
176 242
207 242
228 242
236 242
245 242
252 242
255 242
399 242
432 242
442 242
462 242
2 243
3 243
9 243
14 243
15 243
19 243
25 243
30 243
40 243
51 243
60 243
63 243
65 243
73 243
86 243
129 243
134 243
142 243
145 243
152 243
159 243
165 243
183 243
190 243
201 243
207 243
208 243
222 243
224 243
225 243
228 243
233 243
235 243
237 243
239 243
241 243
244 243
245 243
247 243
249 243
251 243
269 243
274 243
279 243
280 243
287 243
297 243
301 243
311 243
312 243
317 243
325 243
329 243
340 243
349 243
350 243
351 243
352 243
359 243
364 243
366 243
368 243
393 243
396 243
399 243
405 243
406 243
412 243
431 243
435 243
436 243
437 243
446 243
447 243
453 243
457 243
460 243
466 243
473 243
474 243
475 243
484 243
496 243
2 244
3 244
4 244
5 244
9 244
17 244
18 244
25 244
28 244
45 244
51 244
53 244
63 244
65 244
66 244
72 244
73 244
86 244
92 244
99 244
120 244
129 244
134 244
139 244
143 244
145 244
165 244
171 244
207 244
209 244
212 244
222 244
224 244
225 244
226 244
228 244
233 244
241 244
243 244
245 244
247 244
251 244
253 244
255 244
257 244
274 244
276 244
283 244
285 244
287 244
295 244
296 244
297 244
303 244
311 244
312 244
315 244
317 244
318 244
329 244
340 244
347 244
350 244
358 244
359 244
367 244
378 244
399 244
405 244
412 244
427 244
436 244
446 244
453 244
457 244
473 244
474 244
496 244
3 245
5 245
9 245
56 245
63 245
65 245
86 245
87 245
112 245
134 245
136 245
145 245
153 245
165 245
168 245
177 245
183 245
190 245
207 245
208 245
222 245
224 245
228 245
237 245
241 245
243 245
244 245
247 245
251 245
285 245
293 245
297 245
309 245
312 245
359 245
435 245
446 245
473 245
474 245
5 246
8 246
9 246
18 246
23 246
45 246
53 246
63 246
99 246
152 246
189 246
191 246
222 246
228 246
253 246
262 246
288 246
317 246
326 246
378 246
442 246
446 246
447 246
2 247
3 247
5 247
9 247
14 247
17 247
21 247
23 247
29 247
39 247
40 247
42 247
43 247
44 247
45 247
51 247
53 247
56 247
63 247
65 247
73 247
75 247
86 247
99 247
106 247
112 247
118 247
120 247
121 247
128 247
133 247
134 247
135 247
136 247
143 247
145 247
147 247
152 247
157 247
165 247
168 247
173 247
176 247
183 247
187 247
190 247
201 247
203 247
207 247
208 247
209 247
222 247
224 247
225 247
228 247
237 247
238 247
241 247
243 247
244 247
245 247
249 247
251 247
258 247
260 247
264 247
265 247
267 247
269 247
274 247
276 247
279 247
280 247
283 247
285 247
287 247
291 247
293 247
297 247
303 247
307 247
311 247
312 247
317 247
325 247
329 247
335 247
340 247
349 247
352 247
358 247
359 247
367 247
370 247
372 247
378 247
383 247
390 247
392 247
393 247
396 247
404 247
412 247
428 247
432 247
435 247
436 247
437 247
446 247
447 247
457 247
474 247
482 247
483 247
496 247
6 248
60 248
124 248
153 248
159 248
176 248
207 248
228 248
252 248
474 248
2 249
3 249
9 249
17 249
23 249
63 249
86 249
121 249
145 249
165 249
190 249
207 249
228 249
243 249
247 249
257 249
269 249
287 249
297 249
307 249
311 249
364 249
412 249
419 249
436 249
446 249
462 249
463 249
3 250
9 250
28 250
121 250
228 250
247 250
431 250
446 250
3 251
4 251
6 251
9 251
10 251
11 251
17 251
18 251
19 251
21 251
23 251
25 251
28 251
30 251
37 251
38 251
39 251
40 251
42 251
45 251
46 251
49 251
50 251
51 251
53 251
56 251
60 251
61 251
62 251
63 251
65 251
66 251
71 251
73 251
75 251
81 251
86 251
87 251
92 251
96 251
99 251
108 251
110 251
113 251
114 251
118 251
120 251
121 251
128 251
129 251
132 251
133 251
134 251
136 251
139 251
143 251
145 251
146 251
147 251
152 251
153 251
155 251
160 251
165 251
168 251
173 251
176 251
177 251
178 251
179 251
181 251
183 251
186 251
187 251
190 251
193 251
194 251
199 251
201 251
206 251
207 251
208 251
209 251
212 251
213 251
214 251
216 251
222 251
224 251
225 251
226 251
228 251
229 251
230 251
233 251
234 251
238 251
241 251
243 251
244 251
245 251
247 251
251 251
252 251
253 251
254 251
257 251
258 251
259 251
260 251
264 251
265 251
267 251
269 251
271 251
274 251
276 251
277 251
279 251
280 251
283 251
286 251
287 251
291 251
293 251
295 251
296 251
297 251
301 251
303 251
306 251
307 251
309 251
311 251
312 251
313 251
317 251
323 251
325 251
327 251
329 251
330 251
334 251
335 251
340 251
342 251
343 251
345 251
347 251
348 251
349 251
350 251
352 251
358 251
359 251
361 251
365 251
366 251
367 251
369 251
371 251
372 251
375 251
377 251
378 251
379 251
381 251
383 251
384 251
390 251
392 251
393 251
395 251
396 251
399 251
402 251
404 251
405 251
408 251
410 251
412 251
414 251
415 251
417 251
419 251
425 251
429 251
431 251
432 251
434 251
435 251
436 251
437 251
439 251
443 251
446 251
447 251
448 251
451 251
453 251
456 251
457 251
459 251
460 251
463 251
466 251
467 251
468 251
469 251
472 251
473 251
474 251
475 251
476 251
478 251
479 251
481 251
483 251
484 251
487 251
488 251
489 251
493 251
494 251
496 251
497 251
499 251
3 252
6 252
9 252
14 252
25 252
27 252
56 252
62 252
65 252
73 252
92 252
121 252
134 252
136 252
143 252
145 252
160 252
207 252
214 252
222 252
224 252
228 252
247 252
264 252
274 252
276 252
290 252
296 252
297 252
329 252
358 252
399 252
442 252
474 252
3 253
4 253
9 253
30 253
56 253
65 253
86 253
99 253
114 253
121 253
132 253
133 253
139 253
168 253
177 253
207 253
217 253
228 253
246 253
247 253
297 253
303 253
350 253
369 253
399 253
446 253
463 253
473 253
3 254
9 254
18 254
23 254
30 254
56 254
63 254
65 254
86 254
121 254
124 254
135 254
143 254
145 254
165 254
168 254
190 254
207 254
214 254
222 254
228 254
229 254
247 254
251 254
257 254
287 254
288 254
307 254
341 254
361 254
377 254
446 254
469 254
3 255
9 255
62 255
63 255
65 255
86 255
121 255
134 255
136 255
143 255
177 255
183 255
190 255
191 255
207 255
222 255
228 255
244 255
247 255
271 255
280 255
285 255
399 255
446 255
462 255
3 256
9 256
17 256
56 256
62 256
63 256
65 256
86 256
118 256
120 256
121 256
124 256
128 256
134 256
145 256
147 256
165 256
183 256
190 256
191 256
207 256
208 256
222 256
224 256
228 256
234 256
241 256
244 256
247 256
254 256
255 256
257 256
271 256
280 256
293 256
301 256
319 256
399 256
446 256
462 256
2 257
3 257
4 257
5 257
6 257
7 257
8 257
9 257
17 257
18 257
19 257
25 257
28 257
50 257
51 257
54 257
56 257
63 257
65 257
73 257
75 257
86 257
110 257
121 257
124 257
128 257
129 257
134 257
144 257
145 257
162 257
165 257
177 257
189 257
194 257
199 257
207 257
209 257
212 257
213 257
224 257
225 257
226 257
228 257
229 257
233 257
243 257
244 257
247 257
249 257
251 257
258 257
267 257
271 257
274 257
283 257
301 257
307 257
311 257
312 257
319 257
324 257
329 257
342 257
347 257
350 257
359 257
361 257
364 257
368 257
369 257
378 257
399 257
405 257
408 257
414 257
417 257
419 257
435 257
436 257
446 257
457 257
465 257
473 257
474 257
483 257
496 257
497 257
2 258
3 258
4 258
5 258
9 258
12 258
15 258
17 258
18 258
19 258
21 258
23 258
25 258
28 258
30 258
39 258
42 258
50 258
51 258
53 258
56 258
60 258
62 258
63 258
65 258
66 258
73 258
75 258
81 258
86 258
101 258
106 258
108 258
110 258
114 258
118 258
120 258
121 258
124 258
128 258
129 258
133 258
134 258
143 258
145 258
146 258
152 258
155 258
165 258
169 258
173 258
176 258
179 258
181 258
183 258
190 258
193 258
194 258
199 258
207 258
209 258
213 258
214 258
216 258
217 258
222 258
224 258
225 258
226 258
228 258
229 258
230 258
234 258
236 258
243 258
244 258
247 258
251 258
257 258
259 258
265 258
267 258
268 258
269 258
274 258
276 258
280 258
283 258
285 258
287 258
291 258
295 258
296 258
297 258
301 258
302 258
311 258
312 258
315 258
317 258
325 258
327 258
329 258
335 258
347 258
350 258
358 258
359 258
361 258
364 258
366 258
378 258
381 258
392 258
399 258
404 258
405 258
408 258
412 258
417 258
429 258
431 258
435 258
436 258
442 258
443 258
446 258
447 258
448 258
457 258
460 258
462 258
463 258
466 258
467 258
473 258
474 258
478 258
483 258
487 258
496 258
499 258
3 259
9 259
56 259
62 259
86 259
121 259
124 259
128 259
145 259
177 259
217 259
224 259
225 259
228 259
229 259
251 259
258 259
269 259
343 259
399 259
446 259
462 259
483 259
2 260
3 260
9 260
18 260
24 260
25 260
27 260
51 260
54 260
56 260
58 260
63 260
83 260
86 260
108 260
114 260
115 260
121 260
129 260
134 260
138 260
143 260
145 260
155 260
165 260
190 260
194 260
206 260
207 260
214 260
222 260
224 260
225 260
229 260
239 260
244 260
247 260
251 260
255 260
268 260
274 260
280 260
285 260
296 260
301 260
303 260
306 260
309 260
311 260
312 260
315 260
325 260
341 260
347 260
350 260
358 260
359 260
369 260
373 260
377 260
378 260
379 260
383 260
399 260
409 260
412 260
425 260
426 260
429 260
431 260
446 260
447 260
448 260
451 260
456 260
457 260
462 260
463 260
473 260
479 260
9 262
56 262
65 262
129 262
207 262
228 262
311 262
358 262
359 262
447 262
65 263
121 263
153 263
183 263
222 263
228 263
293 263
447 263
2 264
3 264
5 264
9 264
14 264
16 264
17 264
23 264
42 264
45 264
63 264
65 264
75 264
86 264
99 264
101 264
120 264
121 264
128 264
136 264
145 264
153 264
162 264
165 264
167 264
176 264
177 264
183 264
190 264
222 264
225 264
228 264
234 264
241 264
243 264
247 264
251 264
279 264
285 264
287 264
297 264
301 264
311 264
312 264
316 264
318 264
326 264
327 264
329 264
335 264
359 264
378 264
383 264
392 264
399 264
412 264
434 264
436 264
446 264
447 264
456 264
457 264
460 264
474 264
483 264
2 265
3 265
19 265
26 265
56 265
67 265
119 265
121 265
136 265
165 265
177 265
217 265
247 265
251 265
340 265
422 265
446 265
447 265
183 266
222 266
2 267
3 267
4 267
5 267
9 267
21 267
25 267
28 267
40 267
42 267
45 267
50 267
51 267
53 267
54 267
60 267
62 267
63 267
65 267
66 267
73 267
75 267
86 267
99 267
110 267
112 267
119 267
121 267
124 267
129 267
133 267
134 267
143 267
145 267
158 267
162 267
164 267
165 267
168 267
176 267
183 267
190 267
194 267
197 267
199 267
204 267
207 267
209 267
213 267
216 267
222 267
224 267
225 267
226 267
228 267
241 267
243 267
244 267
247 267
251 267
257 267
258 267
260 267
264 267
268 267
271 267
274 267
276 267
277 267
279 267
283 267
285 267
287 267
294 267
295 267
296 267
297 267
301 267
303 267
309 267
311 267
312 267
315 267
325 267
333 267
334 267
335 267
342 267
343 267
347 267
350 267
352 267
357 267
359 267
368 267
374 267
378 267
399 267
404 267
405 267
414 267
417 267
431 267
442 267
443 267
446 267
447 267
456 267
457 267
462 267
463 267
469 267
473 267
474 267
482 267
485 267
25 268
168 268
329 268
333 268
359 268
2 269
3 269
5 269
9 269
21 269
23 269
28 269
39 269
59 269
63 269
65 269
66 269
73 269
75 269
86 269
112 269
128 269
129 269
134 269
143 269
145 269
152 269
153 269
165 269
176 269
190 269
207 269
222 269
224 269
225 269
228 269
229 269
235 269
243 269
247 269
251 269
257 269
258 269
274 269
280 269
283 269
287 269
297 269
310 269
311 269
312 269
325 269
346 269
359 269
376 269
399 269
404 269
412 269
446 269
447 269
469 269
473 269
474 269
484 269
496 269
3 270
9 270
12 270
25 270
30 270
49 270
53 270
56 270
114 270
124 270
129 270
139 270
162 270
184 270
190 270
206 270
229 270
247 270
303 270
312 270
323 270
325 270
375 270
380 270
399 270
425 270
429 270
431 270
463 270
3 271
5 271
6 271
17 271
18 271
19 271
20 271
25 271
28 271
32 271
42 271
51 271
53 271
54 271
56 271
57 271
62 271
63 271
64 271
65 271
74 271
81 271
83 271
86 271
93 271
94 271
98 271
101 271
110 271
111 271
112 271
118 271
119 271
121 271
124 271
125 271
130 271
134 271
135 271
143 271
145 271
147 271
152 271
157 271
165 271
170 271
176 271
185 271
190 271
191 271
196 271
201 271
207 271
217 271
222 271
224 271
225 271
228 271
241 271
243 271
247 271
249 271
250 271
251 271
255 271
257 271
262 271
264 271
267 271
269 271
277 271
279 271
285 271
287 271
288 271
292 271
294 271
295 271
297 271
307 271
310 271
311 271
317 271
318 271
327 271
334 271
335 271
342 271
345 271
351 271
359 271
393 271
399 271
402 271
403 271
408 271
414 271
415 271
420 271
423 271
425 271
428 271
429 271
434 271
435 271
436 271
441 271
443 271
444 271
446 271
453 271
454 271
457 271
458 271
460 271
461 271
462 271
463 271
465 271
469 271
482 271
483 271
486 271
487 271
490 271
492 271
494 271
495 271
496 271
497 271
498 271
500 271
3 272
6 272
50 272
60 272
62 272
63 272
65 272
86 272
121 272
124 272
128 272
145 272
165 272
190 272
207 272
213 272
217 272
224 272
243 272
247 272
255 272
257 272
260 272
277 272
287 272
311 272
331 272
340 272
359 272
392 272
399 272
446 272
447 272
462 272
474 272
497 272
130 273
135 273
145 273
153 273
185 273
212 273
2 274
3 274
4 274
6 274
8 274
9 274
10 274
11 274
12 274
14 274
17 274
18 274
19 274
21 274
23 274
25 274
27 274
28 274
30 274
31 274
37 274
38 274
42 274
45 274
46 274
47 274
49 274
50 274
51 274
53 274
54 274
61 274
62 274
63 274
65 274
66 274
73 274
75 274
81 274
86 274
92 274
96 274
99 274
108 274
110 274
113 274
114 274
120 274
121 274
128 274
129 274
132 274
133 274
134 274
136 274
139 274
143 274
144 274
145 274
146 274
155 274
158 274
160 274
165 274
168 274
173 274
176 274
177 274
178 274
179 274
181 274
183 274
186 274
190 274
191 274
193 274
194 274
199 274
206 274
207 274
208 274
209 274
212 274
213 274
214 274
215 274
216 274
222 274
224 274
225 274
226 274
228 274
229 274
230 274
234 274
238 274
239 274
241 274
243 274
244 274
247 274
251 274
252 274
253 274
254 274
257 274
258 274
259 274
260 274
265 274
267 274
269 274
274 274
276 274
277 274
279 274
280 274
283 274
286 274
287 274
291 274
295 274
296 274
297 274
299 274
301 274
303 274
306 274
309 274
311 274
312 274
313 274
317 274
323 274
324 274
325 274
327 274
329 274
330 274
333 274
335 274
340 274
342 274
343 274
345 274
347 274
348 274
349 274
350 274
352 274
358 274
359 274
361 274
364 274
365 274
366 274
369 274
371 274
372 274
373 274
375 274
377 274
378 274
381 274
390 274
392 274
393 274
396 274
399 274
402 274
404 274
405 274
407 274
409 274
410 274
412 274
414 274
417 274
419 274
425 274
429 274
431 274
432 274
435 274
436 274
437 274
439 274
442 274
443 274
446 274
447 274
448 274
451 274
453 274
456 274
457 274
460 274
462 274
463 274
465 274
466 274
468 274
469 274
472 274
473 274
474 274
478 274
479 274
481 274
483 274
489 274
490 274
493 274
496 274
497 274
499 274
3 275
5 275
25 275
134 275
176 275
247 275
279 275
404 275
499 275
2 276
3 276
9 276
14 276
17 276
25 276
28 276
30 276
38 276
39 276
42 276
45 276
51 276
56 276
63 276
65 276
66 276
73 276
75 276
86 276
99 276
105 276
110 276
112 276
120 276
121 276
126 276
128 276
129 276
134 276
143 276
144 276
145 276
152 276
153 276
165 276
168 276
177 276
178 276
183 276
190 276
191 276
194 276
199 276
214 276
216 276
222 276
224 276
225 276
228 276
229 276
243 276
244 276
247 276
251 276
258 276
267 276
274 276
280 276
283 276
287 276
295 276
296 276
297 276
301 276
302 276
306 276
309 276
311 276
312 276
317 276
323 276
325 276
327 276
340 276
347 276
349 276
350 276
359 276
368 276
377 276
378 276
380 276
384 276
392 276
399 276
412 276
417 276
429 276
431 276
435 276
436 276
442 276
443 276
446 276
447 276
451 276
453 276
456 276
457 276
460 276
463 276
467 276
469 276
471 276
472 276
473 276
474 276
478 276
479 276
482 276
485 276
496 276
500 276
17 277
73 277
121 277
145 277
201 277
222 277
378 277
389 277
436 277
457 277
474 277
3 278
63 278
86 278
121 278
130 278
145 278
165 278
176 278
190 278
201 278
228 278
237 278
243 278
247 278
287 278
301 278
319 278
410 278
446 278
447 278
2 279
3 279
17 279
23 279
45 279
63 279
65 279
86 279
99 279
124 279
134 279
145 279
162 279
165 279
191 279
222 279
225 279
228 279
243 279
247 279
274 279
311 279
312 279
329 279
383 279
392 279
393 279
404 279
412 279
446 279
474 279
2 280
3 280
6 280
8 280
9 280
11 280
17 280
23 280
25 280
28 280
30 280
37 280
45 280
48 280
50 280
51 280
58 280
61 280
62 280
63 280
65 280
66 280
73 280
75 280
86 280
96 280
99 280
110 280
120 280
121 280
129 280
134 280
136 280
139 280
142 280
145 280
157 280
158 280
162 280
165 280
175 280
177 280
181 280
190 280
194 280
199 280
207 280
209 280
222 280
224 280
225 280
228 280
229 280
239 280
243 280
244 280
245 280
247 280
251 280
257 280
258 280
260 280
268 280
269 280
274 280
276 280
283 280
285 280
286 280
290 280
296 280
297 280
301 280
303 280
311 280
312 280
325 280
330 280
347 280
359 280
365 280
367 280
369 280
372 280
373 280
375 280
377 280
378 280
379 280
390 280
399 280
404 280
405 280
409 280
412 280
414 280
425 280
429 280
431 280
436 280
437 280
442 280
443 280
446 280
451 280
453 280
456 280
457 280
463 280
468 280
472 280
473 280
474 280
489 280
496 280
18 281
56 281
86 281
145 281
177 281
217 281
246 281
350 281
422 281
447 281
3 282
9 282
63 282
86 282
145 282
165 282
247 282
446 282
2 283
3 283
4 283
6 283
8 283
9 283
10 283
11 283
17 283
18 283
19 283
21 283
23 283
25 283
28 283
30 283
39 283
42 283
47 283
48 283
50 283
51 283
53 283
54 283
61 283
63 283
65 283
66 283
68 283
73 283
75 283
81 283
86 283
92 283
96 283
108 283
110 283
113 283
120 283
121 283
124 283
126 283
128 283
132 283
133 283
134 283
139 283
143 283
144 283
145 283
146 283
155 283
158 283
159 283
165 283
168 283
173 283
175 283
178 283
179 283
181 283
186 283
190 283
194 283
199 283
207 283
209 283
213 283
215 283
216 283
222 283
224 283
225 283
226 283
228 283
229 283
230 283
233 283
239 283
243 283
244 283
247 283
251 283
252 283
257 283
258 283
259 283
260 283
267 283
269 283
274 283
276 283
277 283
279 283
280 283
284 283
285 283
286 283
287 283
296 283
297 283
299 283
301 283
305 283
306 283
307 283
309 283
311 283
315 283
317 283
324 283
325 283
328 283
329 283
330 283
335 283
341 283
342 283
347 283
350 283
358 283
359 283
361 283
364 283
365 283
369 283
371 283
373 283
375 283
377 283
378 283
379 283
384 283
390 283
392 283
399 283
404 283
405 283
412 283
413 283
414 283
417 283
418 283
425 283
431 283
432 283
436 283
438 283
442 283
443 283
446 283
447 283
450 283
451 283
456 283
457 283
460 283
463 283
468 283
473 283
474 283
481 283
482 283
483 283
489 283
493 283
494 283
496 283
3 284
23 284
42 284
53 284
63 284
65 284
86 284
118 284
121 284
128 284
134 284
145 284
149 284
165 284
176 284
183 284
190 284
201 284
222 284
224 284
228 284
237 284
241 284
243 284
244 284
247 284
277 284
279 284
287 284
297 284
301 284
315 284
324 284
327 284
329 284
335 284
336 284
341 284
399 284
446 284
3 285
17 285
56 285
62 285
63 285
65 285
73 285
86 285
121 285
136 285
143 285
145 285
165 285
168 285
176 285
190 285
222 285
225 285
243 285
244 285
247 285
255 285
312 285
315 285
340 285
359 285
377 285
399 285
412 285
435 285
446 285
447 285
462 285
3 286
40 286
42 286
63 286
73 286
75 286
124 286
135 286
145 286
162 286
165 286
222 286
225 286
228 286
243 286
244 286
247 286
271 286
307 286
436 286
446 286
469 286
474 286
3 287
4 287
5 287
9 287
23 287
42 287
62 287
63 287
65 287
101 287
121 287
128 287
143 287
145 287
165 287
177 287
180 287
183 287
201 287
207 287
244 287
247 287
255 287
264 287
316 287
399 287
446 287
447 287
462 287
2 288
3 288
5 288
9 288
12 288
17 288
18 288
19 288
23 288
25 288
27 288
28 288
30 288
42 288
45 288
47 288
49 288
50 288
51 288
52 288
53 288
54 288
56 288
62 288
63 288
65 288
66 288
68 288
73 288
74 288
75 288
77 288
86 288
87 288
92 288
93 288
98 288
99 288
106 288
110 288
111 288
118 288
119 288
121 288
124 288
125 288
129 288
130 288
133 288
134 288
138 288
142 288
143 288
145 288
147 288
151 288
152 288
153 288
154 288
155 288
165 288
175 288
176 288
177 288
180 288
181 288
182 288
183 288
189 288
190 288
191 288
194 288
196 288
197 288
199 288
201 288
206 288
209 288
212 288
213 288
216 288
217 288
222 288
224 288
225 288
227 288
228 288
231 288
234 288
236 288
237 288
239 288
241 288
243 288
244 288
245 288
246 288
247 288
253 288
254 288
259 288
264 288
265 288
269 288
271 288
276 288
279 288
280 288
281 288
285 288
287 288
291 288
294 288
295 288
296 288
297 288
299 288
301 288
303 288
307 288
309 288
310 288
311 288
312 288
313 288
315 288
316 288
317 288
318 288
324 288
325 288
327 288
329 288
330 288
331 288
333 288
334 288
335 288
336 288
341 288
342 288
343 288
345 288
347 288
348 288
350 288
351 288
357 288
358 288
359 288
364 288
366 288
367 288
368 288
369 288
377 288
386 288
390 288
392 288
399 288
405 288
408 288
410 288
412 288
417 288
422 288
427 288
428 288
429 288
431 288
432 288
434 288
435 288
436 288
439 288
443 288
444 288
446 288
447 288
451 288
453 288
457 288
459 288
460 288
462 288
463 288
466 288
468 288
469 288
471 288
472 288
474 288
476 288
479 288
482 288
483 288
487 288
488 288
489 288
494 288
496 288
497 288
2 289
3 289
23 289
63 289
86 289
99 289
105 289
145 289
317 289
390 289
399 289
436 289
446 289
3 290
52 290
66 290
75 290
114 290
129 290
134 290
143 290
189 290
211 290
214 290
229 290
239 290
247 290
280 290
291 290
299 290
312 290
331 290
347 290
359 290
447 290
472 290
473 290
3 291
4 291
23 291
25 291
30 291
51 291
63 291
65 291
66 291
73 291
86 291
105 291
134 291
136 291
145 291
146 291
165 291
190 291
199 291
217 291
224 291
225 291
228 291
237 291
239 291
243 291
244 291
247 291
251 291
257 291
258 291
274 291
280 291
295 291
311 291
312 291
317 291
325 291
349 291
350 291
352 291
359 291
366 291
369 291
399 291
412 291
425 291
431 291
437 291
446 291
447 291
451 291
457 291
460 291
463 291
468 291
469 291
473 291
474 291
487 291
17 292
63 292
145 292
247 292
311 292
359 292
446 292
2 293
3 293
23 293
63 293
86 293
121 293
145 293
165 293
183 293
190 293
224 293
228 293
243 293
244 293
247 293
251 293
291 293
297 293
330 293
399 293
412 293
446 293
2 294
3 294
5 294
9 294
12 294
13 294
14 294
16 294
17 294
18 294
23 294
40 294
45 294
51 294
56 294
59 294
62 294
63 294
64 294
65 294
66 294
73 294
75 294
80 294
86 294
98 294
99 294
121 294
129 294
132 294
134 294
136 294
143 294
145 294
152 294
165 294
167 294
168 294
180 294
190 294
191 294
216 294
222 294
225 294
228 294
234 294
243 294
247 294
264 294
267 294
280 294
285 294
288 294
295 294
301 294
302 294
311 294
312 294
315 294
316 294
318 294
325 294
327 294
347 294
359 294
368 294
369 294
399 294
412 294
431 294
441 294
446 294
447 294
454 294
459 294
462 294
474 294
2 295
3 295
9 295
17 295
23 295
32 295
40 295
45 295
51 295
63 295
65 295
73 295
75 295
86 295
99 295
105 295
110 295
121 295
129 295
145 295
165 295
190 295
199 295
207 295
224 295
225 295
243 295
247 295
257 295
268 295
274 295
297 295
299 295
301 295
303 295
311 295
312 295
324 295
325 295
327 295
347 295
357 295
366 295
392 295
399 295
408 295
436 295
437 295
446 295
451 295
457 295
460 295
473 295
474 295
482 295
496 295
3 296
12 296
18 296
24 296
25 296
28 296
49 296
53 296
56 296
58 296
60 296
65 296
66 296
68 296
73 296
75 296
86 296
99 296
110 296
114 296
121 296
124 296
129 296
133 296
138 296
139 296
142 296
143 296
145 296
155 296
158 296
165 296
177 296
187 296
189 296
191 296
192 296
193 296
194 296
197 296
199 296
206 296
212 296
214 296
217 296
222 296
224 296
225 296
229 296
239 296
251 296
253 296
260 296
267 296
274 296
280 296
283 296
285 296
301 296
303 296
305 296
306 296
311 296
312 296
315 296
317 296
323 296
324 296
325 296
329 296
347 296
354 296
359 296
369 296
373 296
377 296
378 296
380 296
382 296
408 296
409 296
412 296
417 296
422 296
427 296
429 296
431 296
435 296
442 296
443 296
446 296
447 296
451 296
457 296
463 296
468 296
472 296
473 296
474 296
485 296
496 296
2 297
3 297
9 297
14 297
15 297
17 297
23 297
25 297
28 297
51 297
56 297
63 297
65 297
66 297
73 297
75 297
77 297
86 297
105 297
110 297
112 297
120 297
121 297
128 297
129 297
134 297
136 297
145 297
165 297
176 297
190 297
199 297
203 297
207 297
222 297
224 297
225 297
226 297
228 297
229 297
241 297
243 297
244 297
245 297
247 297
251 297
253 297
258 297
268 297
274 297
276 297
280 297
293 297
295 297
301 297
311 297
312 297
317 297
325 297
329 297
335 297
340 297
347 297
359 297
377 297
378 297
392 297
399 297
405 297
412 297
417 297
431 297
436 297
446 297
448 297
451 297
453 297
457 297
463 297
473 297
474 297
496 297
2 298
3 298
51 298
56 298
62 298
96 298
129 298
134 298
145 298
217 298
224 298
225 298
269 298
276 298
312 298
347 298
386 298
399 298
412 298
442 298
447 298
456 298
462 298
466 298
468 298
490 298
496 298
2 299
3 299
17 299
23 299
30 299
48 299
66 299
99 299
129 299
142 299
145 299
189 299
224 299
234 299
239 299
268 299
274 299
290 299
302 299
303 299
306 299
312 299
325 299
341 299
347 299
359 299
369 299
429 299
431 299
453 299
456 299
457 299
463 299
473 299
474 299
170 300
3 301
17 301
19 301
39 301
40 301
51 301
63 301
73 301
86 301
110 301
136 301
145 301
165 301
199 301
224 301
243 301
247 301
251 301
285 301
297 301
311 301
312 301
329 301
340 301
358 301
359 301
436 301
446 301
447 301
474 301
2 302
3 302
4 302
5 302
8 302
9 302
11 302
12 302
13 302
15 302
16 302
17 302
19 302
21 302
24 302
25 302
28 302
30 302
37 302
39 302
40 302
43 302
44 302
45 302
47 302
50 302
51 302
53 302
54 302
56 302
58 302
59 302
60 302
61 302
63 302
65 302
66 302
71 302
73 302
75 302
81 302
86 302
88 302
96 302
99 302
101 302
110 302
124 302
129 302
132 302
133 302
134 302
139 302
142 302
143 302
145 302
155 302
158 302
162 302
165 302
168 302
173 302
176 302
177 302
178 302
179 302
181 302
183 302
184 302
189 302
190 302
191 302
193 302
194 302
199 302
207 302
209 302
216 302
217 302
222 302
224 302
225 302
229 302
230 302
234 302
239 302
243 302
247 302
251 302
258 302
268 302
269 302
276 302
280 302
283 302
286 302
291 302
294 302
295 302
296 302
297 302
299 302
301 302
302 302
303 302
306 302
311 302
312 302
315 302
317 302
323 302
325 302
330 302
340 302
341 302
347 302
350 302
358 302
359 302
361 302
365 302
366 302
368 302
369 302
375 302
377 302
378 302
381 302
387 302
399 302
405 302
412 302
417 302
425 302
429 302
431 302
436 302
437 302
442 302
443 302
446 302
447 302
451 302
453 302
456 302
457 302
462 302
463 302
465 302
466 302
468 302
469 302
472 302
473 302
474 302
477 302
479 302
483 302
485 302
488 302
489 302
496 302
497 302
2 303
3 303
4 303
8 303
12 303
16 303
25 303
28 303
30 303
47 303
51 303
52 303
53 303
56 303
58 303
59 303
60 303
63 303
65 303
66 303
71 303
75 303
86 303
87 303
88 303
99 303
101 303
106 303
108 303
110 303
114 303
121 303
125 303
126 303
129 303
132 303
133 303
134 303
138 303
139 303
142 303
144 303
145 303
150 303
155 303
162 303
164 303
165 303
168 303
177 303
180 303
187 303
188 303
189 303
191 303
193 303
194 303
198 303
206 303
212 303
214 303
215 303
216 303
217 303
222 303
224 303
225 303
229 303
239 303
243 303
244 303
247 303
251 303
253 303
254 303
260 303
261 303
267 303
269 303
270 303
276 303
277 303
280 303
281 303
284 303
285 303
289 303
294 303
295 303
296 303
297 303
299 303
301 303
302 303
305 303
306 303
308 303
311 303
312 303
315 303
317 303
320 303
322 303
323 303
324 303
325 303
329 303
331 303
333 303
334 303
340 303
341 303
347 303
350 303
354 303
358 303
359 303
367 303
369 303
373 303
375 303
377 303
378 303
379 303
382 303
383 303
399 303
409 303
412 303
413 303
417 303
422 303
425 303
426 303
427 303
429 303
431 303
436 303
438 303
442 303
446 303
447 303
449 303
450 303
451 303
453 303
456 303
458 303
463 303
467 303
469 303
470 303
471 303
472 303
473 303
498 303
145 304
446 304
2 305
3 305
9 305
25 305
27 305
47 305
48 305
60 305
62 305
63 305
65 305
86 305
110 305
114 305
129 305
134 305
139 305
145 305
160 305
165 305
166 305
225 305
239 305
276 305
296 305
301 305
312 305
333 305
359 305
399 305
412 305
417 305
427 305
429 305
431 305
443 305
446 305
447 305
451 305
499 305
3 306
27 306
28 306
30 306
50 306
60 306
66 306
73 306
75 306
108 306
114 306
121 306
133 306
136 306
165 306
168 306
176 306
193 306
194 306
197 306
199 306
224 306
229 306
239 306
251 306
253 306
260 306
274 306
296 306
303 306
311 306
312 306
323 306
324 306
325 306
340 306
347 306
350 306
359 306
366 306
377 306
378 306
399 306
405 306
412 306
417 306
431 306
436 306
446 306
447 306
448 306
451 306
456 306
463 306
468 306
472 306
473 306
474 306
476 306
484 306
2 307
3 307
7 307
17 307
18 307
38 307
51 307
60 307
63 307
65 307
73 307
86 307
112 307
120 307
121 307
124 307
125 307
145 307
162 307
168 307
190 307
225 307
229 307
247 307
254 307
257 307
271 307
292 307
296 307
297 307
301 307
311 307
324 307
325 307
347 307
368 307
377 307
387 307
399 307
408 307
434 307
436 307
446 307
451 307
457 307
463 307
474 307
2 309
3 309
17 309
51 309
53 309
58 309
62 309
75 309
133 309
145 309
165 309
177 309
207 309
213 309
222 309
224 309
225 309
239 309
243 309
244 309
247 309
251 309
258 309
265 309
274 309
279 309
280 309
301 309
311 309
313 309
317 309
325 309
335 309
340 309
347 309
350 309
359 309
368 309
396 309
399 309
407 309
431 309
436 309
446 309
447 309
451 309
457 309
460 309
462 309
473 309
483 309
21 310
26 310
64 310
65 310
106 310
119 310
187 310
312 310
399 310
2 311
3 311
6 311
8 311
11 311
14 311
17 311
19 311
20 311
23 311
25 311
26 311
28 311
32 311
39 311
40 311
42 311
45 311
51 311
56 311
60 311
61 311
62 311
63 311
65 311
66 311
73 311
75 311
86 311
96 311
99 311
110 311
118 311
120 311
123 311
124 311
129 311
134 311
136 311
138 311
145 311
147 311
152 311
165 311
173 311
176 311
181 311
190 311
191 311
194 311
199 311
207 311
209 311
212 311
215 311
217 311
222 311
224 311
225 311
228 311
229 311
234 311
239 311
241 311
243 311
244 311
247 311
251 311
257 311
258 311
260 311
262 311
265 311
267 311
269 311
274 311
276 311
279 311
280 311
283 311
285 311
286 311
297 311
301 311
306 311
312 311
317 311
323 311
325 311
327 311
329 311
330 311
335 311
340 311
341 311
347 311
350 311
358 311
359 311
365 311
366 311
369 311
370 311
375 311
377 311
383 311
384 311
392 311
399 311
404 311
405 311
412 311
417 311
431 311
432 311
433 311
436 311
443 311
446 311
447 311
451 311
457 311
458 311
460 311
461 311
462 311
463 311
465 311
466 311
468 311
469 311
473 311
474 311
482 311
483 311
485 311
486 311
489 311
490 311
492 311
494 311
495 311
496 311
497 311
498 311
500 311
3 312
4 312
5 312
8 312
10 312
11 312
12 312
14 312
15 312
17 312
18 312
19 312
21 312
25 312
28 312
30 312
39 312
40 312
42 312
47 312
48 312
50 312
51 312
53 312
56 312
58 312
59 312
60 312
61 312
62 312
63 312
65 312
66 312
73 312
75 312
80 312
81 312
86 312
92 312
96 312
99 312
101 312
105 312
108 312
110 312
114 312
118 312
120 312
121 312
124 312
125 312
128 312
132 312
133 312
134 312
136 312
139 312
143 312
145 312
146 312
147 312
149 312
152 312
155 312
157 312
158 312
160 312
164 312
165 312
167 312
168 312
169 312
173 312
176 312
178 312
179 312
181 312
183 312
189 312
190 312
191 312
193 312
194 312
199 312
201 312
203 312
207 312
209 312
213 312
214 312
216 312
217 312
222 312
224 312
225 312
226 312
229 312
230 312
233 312
234 312
236 312
238 312
239 312
241 312
243 312
244 312
245 312
247 312
249 312
251 312
252 312
255 312
257 312
258 312
259 312
260 312
264 312
268 312
269 312
274 312
276 312
277 312
279 312
280 312
290 312
291 312
294 312
296 312
297 312
301 312
303 312
306 312
309 312
310 312
311 312
313 312
315 312
317 312
323 312
324 312
325 312
327 312
329 312
330 312
335 312
340 312
341 312
347 312
349 312
350 312
354 312
358 312
359 312
361 312
364 312
365 312
366 312
367 312
369 312
371 312
372 312
373 312
374 312
375 312
377 312
378 312
381 312
383 312
390 312
392 312
393 312
396 312
399 312
404 312
405 312
407 312
409 312
410 312
412 312
415 312
417 312
419 312
425 312
428 312
431 312
432 312
433 312
435 312
436 312
442 312
443 312
446 312
447 312
451 312
453 312
454 312
456 312
458 312
460 312
462 312
463 312
465 312
467 312
471 312
472 312
473 312
474 312
478 312
482 312
483 312
487 312
489 312
496 312
499 312
3 313
17 313
30 313
56 313
62 313
63 313
65 313
86 313
133 313
134 313
145 313
165 313
217 313
225 313
243 313
274 313
301 313
309 313
311 313
312 313
317 313
329 313
331 313
341 313
347 313
392 313
399 313
412 313
431 313
446 313
447 313
457 313
462 313
65 314
128 314
133 314
214 314
224 314
258 314
269 314
329 314
340 314
2 315
3 315
8 315
12 315
16 315
17 315
18 315
24 315
25 315
28 315
30 315
35 315
44 315
49 315
50 315
51 315
53 315
56 315
58 315
60 315
62 315
63 315
64 315
65 315
66 315
67 315
71 315
73 315
75 315
83 315
86 315
99 315
101 315
106 315
108 315
110 315
112 315
114 315
115 315
121 315
123 315
124 315
129 315
134 315
136 315
139 315
145 315
155 315
157 315
165 315
168 315
175 315
176 315
177 315
183 315
191 315
193 315
194 315
197 315
206 315
207 315
214 315
217 315
224 315
225 315
229 315
234 315
239 315
258 315
260 315
267 315
268 315
271 315
276 315
280 315
283 315
285 315
296 315
299 315
301 315
302 315
303 315
312 315
323 315
325 315
329 315
331 315
333 315
336 315
341 315
347 315
350 315
358 315
359 315
369 315
373 315
377 315
378 315
379 315
399 315
400 315
429 315
431 315
434 315
437 315
446 315
447 315
451 315
462 315
468 315
473 315
474 315
477 315
488 315
56 316
145 316
167 316
217 316
222 316
446 316
447 316
2 317
3 317
21 317
51 317
63 317
73 317
145 317
152 317
165 317
224 317
243 317
251 317
274 317
297 317
301 317
302 317
311 317
359 317
399 317
412 317
436 317
437 317
446 317
451 317
469 317
473 317
474 317
483 317
5 318
17 318
56 318
145 318
217 318
244 318
264 318
299 318
326 318
329 318
446 318
447 318
2 319
3 319
23 319
63 319
75 319
86 319
128 319
145 319
165 319
224 319
225 319
228 319
243 319
247 319
257 319
311 319
312 319
399 319
410 319
412 319
446 319
457 319
460 319
474 319
23 320
60 320
121 320
134 320
145 320
165 320
198 320
322 320
329 320
399 320
3 321
23 321
63 321
65 321
134 321
145 321
165 321
201 321
218 321
222 321
446 321
198 322
2 323
3 323
12 323
30 323
51 323
53 323
56 323
59 323
60 323
66 323
71 323
73 323
83 323
110 323
114 323
115 323
121 323
124 323
133 323
139 323
142 323
144 323
145 323
155 323
165 323
181 323
184 323
189 323
194 323
196 323
217 323
225 323
239 323
251 323
276 323
280 323
296 323
297 323
303 323
306 323
312 323
324 323
325 323
327 323
329 323
347 323
369 323
377 323
378 323
382 323
399 323
409 323
412 323
446 323
447 323
451 323
453 323
463 323
473 323
479 323
496 323
2 324
3 324
18 324
25 324
30 324
38 324
45 324
47 324
51 324
56 324
58 324
59 324
75 324
88 324
101 324
106 324
110 324
114 324
115 324
121 324
125 324
133 324
139 324
145 324
176 324
224 324
225 324
229 324
239 324
247 324
257 324
260 324
290 324
295 324
296 324
301 324
302 324
303 324
306 324
307 324
311 324
312 324
323 324
325 324
327 324
334 324
342 324
347 324
358 324
364 324
368 324
369 324
377 324
378 324
399 324
412 324
417 324
422 324
425 324
427 324
429 324
431 324
439 324
442 324
443 324
446 324
447 324
453 324
456 324
463 324
468 324
469 324
472 324
473 324
474 324
476 324
2 325
3 325
4 325
5 325
6 325
8 325
10 325
11 325
12 325
14 325
17 325
18 325
19 325
20 325
21 325
23 325
25 325
27 325
28 325
30 325
31 325
32 325
37 325
38 325
39 325
40 325
42 325
45 325
47 325
49 325
50 325
51 325
53 325
56 325
58 325
59 325
60 325
61 325
62 325
63 325
65 325
66 325
73 325
75 325
80 325
81 325
83 325
86 325
87 325
90 325
92 325
93 325
96 325
99 325
101 325
106 325
108 325
110 325
113 325
114 325
119 325
120 325
123 325
124 325
125 325
126 325
128 325
129 325
132 325
133 325
134 325
135 325
136 325
139 325
143 325
144 325
145 325
146 325
152 325
155 325
157 325
164 325
165 325
167 325
168 325
173 325
176 325
178 325
179 325
180 325
181 325
183 325
186 325
189 325
190 325
191 325
193 325
194 325
199 325
206 325
207 325
209 325
212 325
214 325
215 325
216 325
222 325
224 325
225 325
226 325
228 325
229 325
230 325
233 325
234 325
238 325
239 325
241 325
243 325
244 325
247 325
251 325
252 325
253 325
257 325
258 325
259 325
260 325
262 325
267 325
269 325
270 325
274 325
276 325
277 325
279 325
280 325
283 325
286 325
291 325
293 325
294 325
295 325
296 325
297 325
299 325
301 325
302 325
303 325
306 325
309 325
311 325
312 325
313 325
315 325
317 325
319 325
323 325
324 325
327 325
329 325
330 325
333 325
335 325
340 325
341 325
342 325
343 325
346 325
347 325
349 325
350 325
351 325
354 325
357 325
358 325
359 325
361 325
365 325
366 325
367 325
369 325
371 325
372 325
373 325
374 325
375 325
377 325
378 325
381 325
382 325
383 325
392 325
396 325
399 325
402 325
404 325
405 325
409 325
412 325
414 325
417 325
424 325
425 325
429 325
431 325
432 325
435 325
436 325
439 325
442 325
443 325
446 325
447 325
451 325
453 325
456 325
457 325
458 325
460 325
461 325
462 325
463 325
465 325
467 325
468 325
469 325
472 325
473 325
474 325
478 325
481 325
482 325
483 325
485 325
486 325
487 325
488 325
489 325
490 325
492 325
493 325
494 325
495 325
496 325
497 325
498 325
500 325
2 326
3 326
5 326
9 326
17 326
21 326
40 326
63 326
86 326
87 326
145 326
165 326
217 326
222 326
228 326
243 326
247 326
264 326
265 326
291 326
318 326
359 326
446 326
474 326
2 327
3 327
17 327
60 327
62 327
63 327
65 327
73 327
75 327
83 327
86 327
93 327
115 327
118 327
124 327
129 327
134 327
136 327
143 327
145 327
152 327
162 327
165 327
176 327
177 327
217 327
224 327
225 327
247 327
285 327
311 327
312 327
315 327
323 327
325 327
329 327
342 327
347 327
368 327
377 327
399 327
425 327
431 327
446 327
447 327
462 327
463 327
474 327
3 328
54 328
377 328
446 328
473 328
2 329
3 329
4 329
6 329
23 329
28 329
45 329
51 329
63 329
65 329
73 329
75 329
86 329
92 329
99 329
110 329
118 329
121 329
129 329
133 329
134 329
136 329
145 329
152 329
156 329
165 329
173 329
176 329
183 329
190 329
199 329
201 329
208 329
209 329
212 329
222 329
224 329
225 329
228 329
229 329
238 329
241 329
243 329
244 329
247 329
252 329
257 329
264 329
265 329
268 329
274 329
279 329
283 329
297 329
301 329
303 329
311 329
312 329
313 329
315 329
317 329
327 329
335 329
340 329
341 329
348 329
349 329
352 329
358 329
359 329
366 329
378 329
383 329
392 329
399 329
405 329
412 329
446 329
457 329
460 329
474 329
483 329
496 329
3 330
5 330
62 330
63 330
65 330
73 330
86 330
118 330
121 330
134 330
145 330
165 330
217 330
368 330
399 330
412 330
447 330
462 330
474 330
2 331
3 331
17 331
18 331
27 331
56 331
62 331
63 331
65 331
86 331
121 331
133 331
134 331
136 331
145 331
155 331
165 331
176 331
177 331
222 331
276 331
285 331
301 331
303 331
311 331
317 331
336 331
343 331
359 331
377 331
396 331
399 331
429 331
431 331
442 331
447 331
462 331
468 331
474 331
488 331
496 331
3 332
65 332
145 332
165 332
243 332
247 332
311 332
399 332
446 332
447 332
2 333
3 333
27 333
49 333
50 333
65 333
78 333
121 333
129 333
138 333
152 333
155 333
165 333
196 333
206 333
229 333
238 333
247 333
268 333
294 333
303 333
305 333
311 333
312 333
323 333
331 333
354 333
358 333
368 333
369 333
377 333
399 333
422 333
431 333
442 333
446 333
447 333
459 333
462 333
473 333
476 333
3 334
25 334
63 334
65 334
110 334
121 334
145 334
160 334
162 334
165 334
176 334
177 334
222 334
243 334
267 334
288 334
317 334
324 334
342 334
343 334
349 334
359 334
386 334
399 334
436 334
446 334
453 334
3 335
23 335
25 335
63 335
65 335
73 335
118 335
121 335
145 335
165 335
175 335
176 335
177 335
222 335
225 335
247 335
251 335
254 335
274 335
297 335
301 335
311 335
312 335
329 335
341 335
342 335
343 335
347 335
369 335
399 335
442 335
446 335
447 335
462 335
474 335
3 336
6 336
24 336
28 336
50 336
62 336
65 336
73 336
86 336
88 336
121 336
145 336
165 336
169 336
176 336
217 336
222 336
224 336
301 336
331 336
442 336
446 336
447 336
462 336
468 336
488 336
3 337
23 337
56 337
62 337
63 337
65 337
86 337
134 337
145 337
165 337
217 337
222 337
247 337
265 337
267 337
302 337
329 337
399 337
446 337
462 337
25 338
134 338
145 338
222 338
2 339
3 339
73 339
75 339
124 339
134 339
165 339
189 339
225 339
226 339
229 339
460 339
473 339
2 340
3 340
14 340
25 340
51 340
56 340
62 340
63 340
65 340
66 340
73 340
75 340
86 340
110 340
124 340
129 340
134 340
136 340
145 340
149 340
165 340
167 340
177 340
199 340
203 340
208 340
217 340
222 340
224 340
225 340
228 340
243 340
244 340
247 340
251 340
265 340
274 340
276 340
285 340
297 340
301 340
306 340
309 340
311 340
312 340
325 340
329 340
347 340
350 340
352 340
359 340
369 340
392 340
399 340
405 340
412 340
417 340
436 340
446 340
447 340
451 340
456 340
457 340
460 340
462 340
463 340
466 340
473 340
474 340
483 340
496 340
499 340
3 341
23 341
56 341
63 341
65 341
75 341
110 341
138 341
139 341
145 341
176 341
177 341
182 341
214 341
216 341
222 341
225 341
239 341
247 341
254 341
260 341
274 341
299 341
301 341
302 341
311 341
313 341
315 341
323 341
329 341
335 341
343 341
347 341
364 341
366 341
369 341
389 341
399 341
431 341
435 341
442 341
446 341
457 341
468 341
472 341
474 341
3 342
17 342
25 342
45 342
51 342
56 342
65 342
86 342
99 342
110 342
114 342
125 342
134 342
138 342
145 342
165 342
168 342
176 342
177 342
182 342
214 342
217 342
222 342
224 342
247 342
251 342
267 342
277 342
285 342
303 342
311 342
312 342
324 342
327 342
330 342
334 342
335 342
343 342
350 342
359 342
378 342
399 342
405 342
422 342
427 342
446 342
447 342
454 342
462 342
463 342
474 342
483 342
497 342
499 342
3 343
56 343
65 343
86 343
134 343
145 343
165 343
217 343
239 343
251 343
254 343
334 343
341 343
342 343
378 343
399 343
431 343
446 343
447 343
457 343
462 343
496 343
3 345
17 345
56 345
63 345
65 345
73 345
145 345
247 345
251 345
315 345
446 345
473 345
65 346
144 346
145 346
165 346
168 346
214 346
217 346
247 346
269 346
350 346
380 346
446 346
447 346
2 347
3 347
4 347
6 347
8 347
9 347
10 347
11 347
12 347
14 347
15 347
17 347
18 347
19 347
21 347
24 347
25 347
27 347
28 347
30 347
37 347
39 347
40 347
42 347
43 347
45 347
46 347
47 347
48 347
49 347
50 347
51 347
53 347
54 347
56 347
58 347
59 347
60 347
61 347
65 347
66 347
69 347
73 347
75 347
80 347
81 347
83 347
86 347
87 347
88 347
92 347
96 347
98 347
99 347
101 347
108 347
110 347
113 347
114 347
118 347
120 347
124 347
125 347
126 347
129 347
132 347
133 347
134 347
139 347
141 347
142 347
143 347
144 347
145 347
146 347
147 347
150 347
152 347
155 347
157 347
158 347
160 347
162 347
165 347
168 347
169 347
173 347
175 347
176 347
177 347
178 347
179 347
181 347
183 347
186 347
188 347
189 347
190 347
191 347
193 347
194 347
199 347
207 347
209 347
212 347
213 347
214 347
215 347
216 347
217 347
222 347
224 347
225 347
226 347
229 347
230 347
233 347
234 347
239 347
241 347
243 347
244 347
246 347
247 347
250 347
251 347
252 347
254 347
255 347
257 347
258 347
259 347
260 347
261 347
267 347
268 347
269 347
274 347
276 347
277 347
279 347
280 347
283 347
284 347
285 347
286 347
287 347
288 347
289 347
290 347
291 347
294 347
295 347
296 347
297 347
298 347
299 347
301 347
302 347
303 347
305 347
306 347
307 347
308 347
309 347
311 347
312 347
313 347
315 347
317 347
320 347
323 347
324 347
325 347
327 347
329 347
330 347
333 347
334 347
335 347
340 347
341 347
342 347
343 347
347 347
350 347
354 347
357 347
358 347
359 347
361 347
364 347
365 347
366 347
369 347
371 347
373 347
375 347
377 347
378 347
379 347
381 347
390 347
392 347
395 347
399 347
402 347
404 347
405 347
407 347
408 347
412 347
413 347
414 347
417 347
419 347
425 347
426 347
429 347
430 347
431 347
432 347
435 347
436 347
437 347
438 347
439 347
442 347
443 347
446 347
447 347
448 347
449 347
450 347
451 347
453 347
454 347
456 347
457 347
460 347
463 347
465 347
466 347
468 347
469 347
471 347
472 347
473 347
474 347
476 347
479 347
481 347
482 347
483 347
485 347
488 347
489 347
493 347
496 347
497 347
498 347
65 348
145 348
399 348
446 348
2 349
3 349
17 349
23 349
63 349
65 349
86 349
143 349
145 349
165 349
194 349
199 349
222 349
225 349
228 349
243 349
247 349
251 349
274 349
276 349
279 349
301 349
311 349
312 349
329 349
334 349
335 349
359 349
392 349
399 349
412 349
436 349
446 349
466 349
472 349
474 349
2 350
3 350
5 350
12 350
15 350
17 350
19 350
22 350
25 350
30 350
40 350
51 350
56 350
59 350
60 350
63 350
66 350
73 350
75 350
83 350
93 350
99 350
108 350
110 350
114 350
124 350
126 350
129 350
133 350
135 350
139 350
144 350
145 350
152 350
165 350
168 350
176 350
177 350
194 350
196 350
214 350
217 350
224 350
225 350
226 350
229 350
239 350
243 350
244 350
251 350
253 350
254 350
257 350
258 350
260 350
267 350
274 350
276 350
278 350
279 350
283 350
297 350
299 350
302 350
303 350
306 350
311 350
312 350
315 350
317 350
325 350
333 350
340 350
341 350
347 350
359 350
368 350
369 350
377 350
378 350
383 350
392 350
399 350
409 350
412 350
417 350
431 350
435 350
436 350
442 350
443 350
446 350
447 350
451 350
453 350
456 350
457 350
463 350
465 350
468 350
472 350
473 350
474 350
485 350
3 351
6 351
18 351
25 351
38 351
65 351
74 351
94 351
105 351
112 351
145 351
165 351
176 351
213 351
222 351
224 351
225 351
228 351
243 351
257 351
279 351
288 351
330 351
345 351
408 351
412 351
436 351
442 351
447 351
457 351
468 351
474 351
492 351
3 352
65 352
134 352
136 352
145 352
165 352
176 352
243 352
247 352
329 352
340 352
368 352
399 352
446 352
3 353
56 353
63 353
65 353
86 353
145 353
165 353
217 353
228 353
311 353
329 353
340 353
359 353
399 353
446 353
447 353
463 353
2 354
3 354
56 354
60 354
83 354
124 354
129 354
140 354
142 354
189 354
229 354
239 354
260 354
285 354
296 354
303 354
309 354
312 354
323 354
347 354
354 354
366 354
377 354
409 354
429 354
431 354
473 354
446 356
2 357
3 357
17 357
23 357
51 357
56 357
62 357
63 357
65 357
66 357
75 357
86 357
108 357
128 357
134 357
136 357
145 357
165 357
199 357
203 357
217 357
222 357
224 357
225 357
226 357
228 357
243 357
247 357
267 357
274 357
280 357
295 357
301 357
311 357
312 357
317 357
319 357
325 357
347 357
350 357
359 357
366 357
372 357
392 357
399 357
407 357
412 357
432 357
436 357
446 357
447 357
457 357
460 357
462 357
469 357
2 358
3 358
4 358
8 358
9 358
11 358
12 358
14 358
17 358
19 358
21 358
25 358
27 358
28 358
30 358
37 358
39 358
42 358
47 358
50 358
51 358
53 358
56 358
58 358
59 358
61 358
63 358
65 358
66 358
73 358
75 358
81 358
86 358
92 358
96 358
98 358
99 358
102 358
105 358
108 358
110 358
120 358
124 358
125 358
129 358
132 358
133 358
134 358
138 358
139 358
144 358
145 358
146 358
150 358
155 358
158 358
164 358
165 358
168 358
173 358
175 358
176 358
177 358
178 358
179 358
181 358
183 358
189 358
190 358
193 358
194 358
197 358
199 358
206 358
207 358
209 358
212 358
214 358
215 358
216 358
222 358
224 358
225 358
228 358
229 358
230 358
238 358
239 358
243 358
244 358
247 358
251 358
253 358
258 358
260 358
262 358
269 358
274 358
276 358
277 358
279 358
280 358
283 358
285 358
286 358
289 358
290 358
291 358
296 358
297 358
301 358
303 358
311 358
312 358
325 358
329 358
330 358
331 358
335 358
341 358
347 358
350 358
357 358
359 358
361 358
365 358
366 358
369 358
370 358
373 358
375 358
377 358
378 358
379 358
382 358
384 358
392 358
399 358
405 358
412 358
417 358
425 358
429 358
431 358
432 358
435 358
436 358
437 358
438 358
442 358
443 358
446 358
447 358
451 358
453 358
456 358
457 358
458 358
460 358
463 358
468 358
469 358
471 358
473 358
479 358
482 358
483 358
485 358
487 358
488 358
489 358
499 358
2 359
3 359
4 359
5 359
8 359
9 359
10 359
11 359
12 359
14 359
17 359
19 359
20 359
21 359
25 359
28 359
30 359
31 359
32 359
37 359
39 359
40 359
42 359
45 359
47 359
49 359
50 359
51 359
52 359
53 359
56 359
59 359
60 359
61 359
62 359
63 359
65 359
66 359
73 359
75 359
81 359
86 359
92 359
99 359
105 359
108 359
110 359
112 359
113 359
119 359
120 359
123 359
128 359
129 359
132 359
134 359
135 359
136 359
143 359
145 359
146 359
150 359
152 359
155 359
158 359
165 359
168 359
173 359
178 359
179 359
181 359
183 359
186 359
188 359
190 359
191 359
194 359
197 359
199 359
206 359
207 359
209 359
213 359
214 359
215 359
216 359
217 359
222 359
224 359
225 359
226 359
228 359
229 359
230 359
234 359
239 359
241 359
243 359
244 359
245 359
247 359
251 359
257 359
258 359
260 359
262 359
267 359
269 359
274 359
276 359
279 359
280 359
283 359
286 359
290 359
291 359
294 359
295 359
296 359
297 359
299 359
301 359
302 359
305 359
306 359
309 359
311 359
312 359
315 359
317 359
320 359
324 359
325 359
329 359
330 359
335 359
340 359
347 359
349 359
350 359
358 359
359 359
361 359
365 359
369 359
371 359
372 359
373 359
374 359
375 359
377 359
378 359
379 359
381 359
390 359
392 359
396 359
399 359
404 359
405 359
408 359
412 359
413 359
417 359
418 359
425 359
429 359
431 359
432 359
435 359
436 359
437 359
443 359
446 359
447 359
448 359
449 359
450 359
451 359
453 359
456 359
457 359
458 359
460 359
461 359
462 359
463 359
465 359
467 359
468 359
469 359
473 359
474 359
476 359
481 359
482 359
483 359
484 359
485 359
486 359
487 359
488 359
489 359
490 359
492 359
493 359
495 359
496 359
497 359
498 359
500 359
53 360
65 360
134 360
143 360
145 360
165 360
222 360
264 360
399 360
65 361
145 361
254 361
257 361
63 362
65 362
86 362
145 362
165 362
359 362
446 362
447 362
2 363
3 363
12 363
15 363
17 363
24 363
25 363
48 363
51 363
52 363
54 363
56 363
63 363
65 363
66 363
71 363
73 363
75 363
79 363
80 363
86 363
92 363
103 363
107 363
108 363
112 363
124 363
128 363
142 363
144 363
145 363
158 363
165 363
222 363
224 363
239 363
243 363
257 363
274 363
276 363
280 363
294 363
297 363
299 363
311 363
312 363
325 363
331 363
340 363
347 363
365 363
368 363
377 363
387 363
392 363
402 363
412 363
429 363
431 363
432 363
436 363
446 363
447 363
451 363
453 363
457 363
463 363
467 363
468 363
473 363
474 363
479 363
485 363
2 364
3 364
25 364
35 364
64 364
73 364
110 364
124 364
145 364
147 364
158 364
247 364
257 364
274 364
283 364
285 364
293 364
297 364
312 364
317 364
324 364
341 364
396 364
417 364
436 364
446 364
474 364
483 364
3 365
56 365
145 365
446 365
474 365
2 366
3 366
12 366
15 366
17 366
56 366
58 366
60 366
63 366
90 366
129 366
145 366
165 366
191 366
225 366
228 366
239 366
243 366
251 366
295 366
302 366
311 366
312 366
341 366
357 366
377 366
390 366
412 366
446 366
451 366
482 366
3 367
145 367
177 367
247 367
251 367
378 367
446 367
2 368
3 368
4 368
5 368
6 368
7 368
8 368
9 368
10 368
11 368
12 368
13 368
14 368
15 368
16 368
17 368
18 368
19 368
21 368
23 368
24 368
25 368
28 368
29 368
30 368
31 368
34 368
36 368
37 368
39 368
40 368
45 368
47 368
48 368
50 368
51 368
52 368
53 368
54 368
56 368
58 368
59 368
61 368
62 368
63 368
65 368
66 368
71 368
73 368
75 368
77 368
79 368
80 368
81 368
83 368
86 368
88 368
92 368
96 368
98 368
99 368
101 368
102 368
106 368
107 368
108 368
110 368
113 368
114 368
117 368
120 368
124 368
125 368
126 368
128 368
129 368
132 368
133 368
134 368
136 368
138 368
139 368
142 368
143 368
144 368
145 368
147 368
150 368
152 368
154 368
155 368
158 368
159 368
160 368
165 368
168 368
170 368
171 368
172 368
173 368
178 368
179 368
180 368
181 368
183 368
184 368
186 368
189 368
190 368
191 368
193 368
194 368
197 368
199 368
203 368
207 368
208 368
209 368
212 368
213 368
215 368
216 368
217 368
222 368
224 368
225 368
226 368
228 368
229 368
230 368
231 368
233 368
234 368
238 368
239 368
243 368
244 368
247 368
249 368
250 368
253 368
257 368
258 368
260 368
264 368
267 368
268 368
269 368
276 368
277 368
278 368
279 368
280 368
283 368
285 368
286 368
288 368
289 368
291 368
293 368
294 368
296 368
297 368
299 368
301 368
303 368
305 368
309 368
311 368
312 368
317 368
320 368
324 368
325 368
327 368
328 368
329 368
330 368
331 368
333 368
334 368
335 368
336 368
340 368
346 368
347 368
349 368
350 368
352 368
358 368
359 368
361 368
364 368
365 368
366 368
367 368
369 368
371 368
375 368
376 368
377 368
378 368
381 368
382 368
389 368
390 368
392 368
395 368
396 368
399 368
402 368
405 368
412 368
414 368
417 368
425 368
427 368
429 368
430 368
431 368
435 368
436 368
437 368
439 368
441 368
442 368
443 368
444 368
446 368
447 368
453 368
454 368
456 368
457 368
459 368
460 368
462 368
463 368
466 368
467 368
468 368
469 368
470 368
471 368
472 368
474 368
476 368
478 368
481 368
482 368
484 368
485 368
487 368
489 368
493 368
496 368
2 369
3 369
4 369
5 369
8 369
9 369
12 369
17 369
18 369
25 369
28 369
30 369
45 369
49 369
51 369
52 369
53 369
56 369
58 369
59 369
60 369
66 369
73 369
75 369
81 369
83 369
87 369
90 369
92 369
99 369
101 369
106 369
108 369
110 369
114 369
115 369
126 369
129 369
133 369
134 369
136 369
139 369
143 369
144 369
145 369
155 369
158 369
164 369
165 369
168 369
189 369
191 369
194 369
199 369
206 369
212 369
214 369
215 369
216 369
217 369
224 369
225 369
229 369
234 369
239 369
251 369
252 369
257 369
258 369
264 369
269 369
274 369
277 369
280 369
285 369
290 369
291 369
296 369
297 369
299 369
301 369
302 369
303 369
306 369
311 369
312 369
315 369
317 369
320 369
323 369
325 369
333 369
335 369
341 369
347 369
350 369
354 369
358 369
359 369
366 369
368 369
375 369
377 369
378 369
379 369
383 369
399 369
402 369
409 369
412 369
413 369
417 369
425 369
426 369
429 369
430 369
431 369
433 369
436 369
442 369
446 369
447 369
451 369
453 369
456 369
463 369
468 369
471 369
472 369
473 369
474 369
477 369
479 369
483 369
488 369
490 369
496 369
3 370
12 370
28 370
38 370
39 370
56 370
63 370
65 370
108 370
145 370
165 370
177 370
217 370
228 370
243 370
260 370
295 370
301 370
311 370
317 370
326 370
358 370
399 370
446 370
2 372
3 372
15 372
45 372
56 372
63 372
65 372
75 372
83 372
86 372
99 372
124 372
134 372
145 372
149 372
165 372
203 372
209 372
217 372
222 372
224 372
228 372
243 372
247 372
274 372
280 372
312 372
319 372
336 372
359 372
412 372
417 372
436 372
442 372
443 372
446 372
474 372
2 373
3 373
4 373
8 373
9 373
10 373
12 373
18 373
19 373
21 373
25 373
28 373
30 373
47 373
48 373
49 373
50 373
51 373
52 373
53 373
57 373
58 373
59 373
60 373
63 373
66 373
69 373
75 373
81 373
87 373
92 373
99 373
106 373
108 373
110 373
113 373
114 373
118 373
124 373
125 373
129 373
132 373
133 373
134 373
136 373
138 373
139 373
142 373
144 373
145 373
146 373
152 373
155 373
158 373
164 373
165 373
167 373
168 373
170 373
173 373
175 373
176 373
178 373
179 373
181 373
183 373
186 373
187 373
189 373
190 373
191 373
193 373
194 373
199 373
207 373
209 373
214 373
216 373
224 373
225 373
226 373
229 373
230 373
233 373
234 373
239 373
244 373
247 373
251 373
260 373
261 373
267 373
268 373
269 373
274 373
276 373
279 373
280 373
283 373
284 373
285 373
288 373
291 373
296 373
297 373
299 373
301 373
303 373
306 373
309 373
311 373
312 373
315 373
317 373
323 373
324 373
325 373
329 373
331 373
333 373
335 373
340 373
345 373
347 373
350 373
354 373
357 373
358 373
359 373
361 373
366 373
368 373
369 373
371 373
375 373
377 373
378 373
379 373
383 373
399 373
400 373
404 373
405 373
409 373
412 373
417 373
425 373
426 373
429 373
431 373
436 373
437 373
438 373
443 373
446 373
447 373
448 373
451 373
453 373
454 373
456 373
457 373
460 373
462 373
463 373
468 373
469 373
472 373
473 373
474 373
481 373
483 373
493 373
497 373
499 373
63 374
65 374
136 374
165 374
194 374
303 374
312 374
359 374
399 374
446 374
474 374
2 375
3 375
12 375
17 375
18 375
24 375
25 375
45 375
46 375
48 375
53 375
58 375
59 375
62 375
65 375
66 375
73 375
75 375
99 375
108 375
125 375
129 375
130 375
132 375
133 375
138 375
145 375
160 375
165 375
169 375
193 375
194 375
224 375
225 375
229 375
239 375
251 375
254 375
274 375
276 375
280 375
285 375
296 375
299 375
306 375
312 375
324 375
325 375
329 375
354 375
359 375
369 375
377 375
378 375
399 375
422 375
429 375
431 375
436 375
442 375
453 375
456 375
462 375
463 375
465 375
468 375
472 375
473 375
476 375
499 375
28 376
48 376
49 376
50 376
56 376
65 376
79 376
144 376
145 376
217 376
269 376
368 376
399 376
2 377
3 377
25 377
28 377
30 377
50 377
51 377
56 377
58 377
62 377
63 377
65 377
66 377
73 377
75 377
108 377
114 377
129 377
133 377
134 377
136 377
144 377
145 377
158 377
165 377
168 377
176 377
177 377
194 377
206 377
222 377
224 377
225 377
228 377
234 377
239 377
243 377
244 377
247 377
251 377
254 377
260 377
274 377
276 377
277 377
280 377
291 377
296 377
297 377
306 377
307 377
312 377
317 377
323 377
325 377
340 377
350 377
358 377
359 377
377 377
387 377
399 377
408 377
409 377
412 377
417 377
429 377
431 377
434 377
436 377
446 377
448 377
451 377
453 377
457 377
462 377
472 377
473 377
474 377
475 377
496 377
2 378
3 378
4 378
5 378
6 378
8 378
9 378
10 378
11 378
12 378
13 378
16 378
17 378
18 378
19 378
20 378
21 378
22 378
24 378
25 378
26 378
28 378
30 378
37 378
39 378
40 378
43 378
45 378
46 378
47 378
50 378
51 378
52 378
53 378
56 378
58 378
59 378
60 378
61 378
63 378
65 378
66 378
69 378
70 378
71 378
73 378
75 378
81 378
83 378
86 378
96 378
99 378
101 378
105 378
106 378
110 378
112 378
113 378
114 378
120 378
121 378
124 378
125 378
126 378
128 378
129 378
132 378
133 378
134 378
136 378
139 378
140 378
142 378
143 378
144 378
145 378
146 378
152 378
155 378
157 378
158 378
160 378
164 378
165 378
168 378
169 378
173 378
178 378
179 378
181 378
183 378
186 378
188 378
189 378
190 378
191 378
193 378
194 378
196 378
197 378
199 378
203 378
206 378
207 378
208 378
209 378
212 378
213 378
214 378
215 378
216 378
222 378
224 378
225 378
228 378
229 378
230 378
233 378
234 378
237 378
239 378
243 378
244 378
246 378
247 378
251 378
252 378
253 378
254 378
257 378
258 378
260 378
261 378
265 378
267 378
269 378
270 378
274 378
276 378
277 378
278 378
279 378
280 378
281 378
283 378
284 378
286 378
291 378
294 378
295 378
296 378
297 378
299 378
301 378
302 378
303 378
305 378
306 378
307 378
308 378
309 378
311 378
312 378
315 378
317 378
320 378
323 378
324 378
325 378
328 378
329 378
330 378
331 378
333 378
334 378
335 378
340 378
343 378
347 378
350 378
352 378
354 378
357 378
358 378
359 378
361 378
364 378
365 378
366 378
367 378
368 378
369 378
371 378
372 378
373 378
374 378
375 378
377 378
379 378
380 378
381 378
383 378
390 378
392 378
393 378
395 378
399 378
402 378
404 378
405 378
408 378
412 378
413 378
417 378
425 378
427 378
429 378
430 378
431 378
433 378
435 378
436 378
437 378
438 378
442 378
443 378
446 378
447 378
448 378
449 378
450 378
451 378
453 378
456 378
457 378
460 378
463 378
465 378
468 378
469 378
472 378
473 378
474 378
476 378
478 378
479 378
481 378
482 378
483 378
485 378
487 378
488 378
489 378
493 378
496 378
497 378
498 378
499 378
3 379
17 379
27 379
49 379
52 379
62 379
63 379
65 379
86 379
108 379
133 379
139 379
143 379
145 379
165 379
189 379
206 379
217 379
222 379
229 379
247 379
260 379
268 379
285 379
350 379
358 379
369 379
378 379
399 379
422 379
427 379
446 379
447 379
456 379
462 379
3 380
8 380
17 380
25 380
63 380
65 380
96 380
143 380
145 380
201 380
214 380
222 380
267 380
276 380
280 380
296 380
346 380
427 380
446 380
461 380
3 381
63 381
68 381
73 381
75 381
129 381
136 381
143 381
145 381
177 381
214 381
222 381
224 381
251 381
258 381
274 381
285 381
294 381
297 381
301 381
312 381
317 381
359 381
417 381
431 381
446 381
462 381
3 382
56 382
58 382
60 382
63 382
65 382
133 382
144 382
145 382
165 382
214 382
217 382
222 382
247 382
285 382
296 382
301 382
303 382
311 382
323 382
325 382
346 382
442 382
446 382
447 382
474 382
3 383
12 383
18 383
28 383
58 383
61 383
86 383
114 383
129 383
145 383
177 383
193 383
206 383
229 383
239 383
247 383
260 383
285 383
296 383
303 383
312 383
323 383
324 383
325 383
343 383
350 383
369 383
379 383
431 383
447 383
451 383
468 383
472 383
473 383
496 383
251 384
2 386
3 386
9 386
17 386
51 386
63 386
65 386
86 386
145 386
165 386
177 386
222 386
224 386
225 386
228 386
243 386
247 386
280 386
311 386
312 386
359 386
392 386
412 386
446 386
457 386
474 386
3 387
63 387
65 387
98 387
145 387
165 387
224 387
228 387
269 387
302 387
312 387
377 387
409 387
446 387
475 387
2 389
3 389
18 389
56 389
124 389
129 389
143 389
229 389
234 389
341 389
417 389
462 389
3 390
31 390
63 390
65 390
165 390
224 390
243 390
247 390
251 390
276 390
311 390
312 390
317 390
347 390
359 390
366 390
392 390
435 390
436 390
446 390
457 390
460 390
474 390
483 390
18 391
2 392
3 392
27 392
50 392
51 392
63 392
86 392
136 392
145 392
165 392
199 392
208 392
225 392
243 392
247 392
251 392
257 392
276 392
297 392
312 392
340 392
347 392
350 392
359 392
365 392
412 392
431 392
435 392
436 392
446 392
457 392
460 392
474 392
496 392
2 393
3 393
63 393
65 393
86 393
145 393
165 393
222 393
225 393
241 393
243 393
247 393
279 393
412 393
446 393
145 395
197 395
301 395
341 395
2 396
3 396
5 396
17 396
21 396
25 396
45 396
51 396
63 396
65 396
73 396
75 396
86 396
99 396
110 396
120 396
133 396
134 396
145 396
165 396
167 396
176 396
199 396
207 396
222 396
224 396
225 396
241 396
243 396
244 396
247 396
269 396
274 396
276 396
279 396
280 396
291 396
297 396
301 396
309 396
311 396
312 396
335 396
342 396
347 396
349 396
359 396
364 396
378 396
390 396
392 396
393 396
399 396
407 396
412 396
419 396
432 396
436 396
441 396
446 396
447 396
457 396
460 396
463 396
473 396
487 396
497 396
3 397
17 397
56 397
63 397
65 397
145 397
165 397
191 397
217 397
222 397
224 397
243 397
247 397
285 397
359 397
399 397
446 397
29 398
65 398
226 398
2 399
3 399
4 399
9 399
14 399
25 399
28 399
51 399
62 399
63 399
65 399
71 399
73 399
75 399
86 399
110 399
134 399
136 399
138 399
139 399
143 399
145 399
146 399
152 399
165 399
168 399
173 399
183 399
190 399
194 399
199 399
207 399
209 399
222 399
224 399
225 399
228 399
229 399
243 399
251 399
254 399
257 399
260 399
274 399
276 399
283 399
285 399
291 399
294 399
297 399
301 399
306 399
309 399
311 399
312 399
313 399
315 399
324 399
325 399
329 399
333 399
340 399
341 399
342 399
343 399
347 399
348 399
350 399
352 399
359 399
369 399
377 399
378 399
405 399
412 399
417 399
431 399
436 399
443 399
446 399
447 399
448 399
451 399
456 399
457 399
462 399
463 399
474 399
478 399
483 399
494 399
496 399
3 400
17 400
63 400
65 400
134 400
143 400
145 400
176 400
222 400
243 400
244 400
247 400
269 400
288 400
312 400
315 400
317 400
374 400
399 400
442 400
446 400
466 400
3 401
17 401
28 401
57 401
65 401
74 401
133 401
145 401
165 401
176 401
177 401
222 401
225 401
243 401
285 401
368 401
406 401
462 401
499 401
3 402
4 402
5 402
8 402
9 402
12 402
16 402
17 402
18 402
24 402
25 402
27 402
28 402
46 402
49 402
50 402
51 402
53 402
62 402
63 402
65 402
66 402
68 402
73 402
75 402
86 402
106 402
110 402
112 402
114 402
124 402
129 402
132 402
145 402
151 402
152 402
165 402
169 402
176 402
180 402
184 402
191 402
194 402
204 402
206 402
214 402
222 402
224 402
225 402
226 402
229 402
238 402
239 402
243 402
250 402
251 402
253 402
257 402
262 402
264 402
268 402
274 402
276 402
280 402
285 402
288 402
296 402
297 402
299 402
301 402
303 402
311 402
312 402
317 402
323 402
324 402
325 402
333 402
342 402
350 402
358 402
359 402
369 402
378 402
380 402
399 402
405 402
406 402
408 402
410 402
412 402
424 402
429 402
431 402
442 402
444 402
446 402
447 402
451 402
453 402
459 402
463 402
473 402
474 402
483 402
489 402
496 402
499 402
3 403
8 403
9 403
12 403
38 403
63 403
86 403
96 403
99 403
145 403
165 403
180 403
222 403
234 403
243 403
299 403
326 403
399 403
412 403
446 403
447 403
459 403
2 404
3 404
5 404
25 404
43 404
51 404
56 404
63 404
65 404
73 404
75 404
86 404
108 404
145 404
165 404
213 404
222 404
243 404
247 404
251 404
258 404
280 404
312 404
341 404
359 404
378 404
392 404
412 404
446 404
473 404
483 404
3 405
51 405
65 405
86 405
110 405
145 405
165 405
214 405
222 405
224 405
225 405
243 405
245 405
297 405
311 405
312 405
340 405
347 405
359 405
392 405
399 405
412 405
446 405
462 405
473 405
474 405
74 406
243 406
3 407
17 407
56 407
65 407
86 407
145 407
165 407
243 407
312 407
446 407
2 408
3 408
14 408
17 408
51 408
56 408
65 408
75 408
86 408
110 408
120 408
134 408
143 408
145 408
165 408
199 408
222 408
224 408
225 408
241 408
243 408
251 408
257 408
276 408
295 408
297 408
301 408
311 408
312 408
359 408
378 408
392 408
399 408
412 408
431 408
432 408
436 408
446 408
447 408
457 408
474 408
482 408
3 409
12 409
30 409
58 409
99 409
177 409
191 409
206 409
239 409
260 409
274 409
296 409
312 409
323 409
373 409
377 409
387 409
431 409
435 409
451 409
472 409
473 409
2 410
3 410
25 410
51 410
62 410
63 410
86 410
145 410
165 410
222 410
225 410
237 410
243 410
251 410
274 410
312 410
319 410
359 410
368 410
412 410
431 410
436 410
446 410
447 410
462 410
469 410
222 411
243 411
2 412
3 412
12 412
17 412
25 412
28 412
30 412
39 412
45 412
51 412
53 412
56 412
59 412
63 412
65 412
73 412
75 412
81 412
86 412
99 412
101 412
105 412
108 412
110 412
129 412
135 412
136 412
139 412
142 412
145 412
155 412
165 412
168 412
173 412
177 412
189 412
190 412
194 412
208 412
222 412
224 412
225 412
229 412
239 412
241 412
243 412
244 412
247 412
251 412
258 412
260 412
269 412
274 412
276 412
277 412
278 412
280 412
283 412
291 412
296 412
297 412
299 412
306 412
311 412
312 412
323 412
325 412
330 412
340 412
343 412
347 412
349 412
350 412
358 412
359 412
364 412
366 412
369 412
373 412
375 412
377 412
378 412
393 412
395 412
396 412
399 412
405 412
408 412
409 412
417 412
425 412
430 412
431 412
436 412
446 412
447 412
451 412
453 412
456 412
457 412
463 412
466 412
468 412
473 412
474 412
476 412
484 412
496 412
65 413
133 413
165 413
222 413
243 413
447 413
496 413
3 414
17 414
52 414
65 414
75 414
128 414
136 414
145 414
165 414
189 414
217 414
243 414
247 414
257 414
280 414
341 414
399 414
431 414
446 414
447 414
462 414
473 414
3 415
16 415
63 415
86 415
125 415
136 415
145 415
165 415
222 415
243 415
251 415
285 415
312 415
412 415
446 415
2 417
3 417
17 417
19 417
21 417
25 417
47 417
51 417
56 417
66 417
75 417
145 417
152 417
165 417
168 417
194 417
224 417
225 417
251 417
274 417
277 417
280 417
283 417
285 417
291 417
297 417
302 417
306 417
307 417
312 417
324 417
335 417
340 417
341 417
349 417
350 417
378 417
393 417
399 417
431 417
435 417
436 417
447 417
448 417
451 417
463 417
466 417
468 417
473 417
474 417
496 417
3 418
59 418
73 418
145 418
165 418
224 418
243 418
283 418
312 418
359 418
496 418
2 419
3 419
4 419
5 419
8 419
11 419
17 419
20 419
21 419
25 419
28 419
32 419
37 419
43 419
44 419
48 419
50 419
51 419
56 419
59 419
61 419
63 419
66 419
75 419
86 419
96 419
110 419
120 419
128 419
134 419
143 419
145 419
165 419
170 419
173 419
174 419
176 419
181 419
185 419
190 419
194 419
197 419
199 419
202 419
207 419
209 419
218 419
222 419
224 419
225 419
229 419
241 419
243 419
244 419
245 419
249 419
251 419
257 419
262 419
268 419
269 419
271 419
274 419
276 419
279 419
280 419
285 419
286 419
294 419
295 419
297 419
301 419
307 419
311 419
312 419
317 419
330 419
334 419
335 419
347 419
351 419
359 419
365 419
368 419
390 419
392 419
396 419
399 419
403 419
405 419
410 419
412 419
432 419
435 419
436 419
442 419
443 419
446 419
447 419
457 419
458 419
460 419
461 419
462 419
465 419
466 419
467 419
469 419
474 419
476 419
482 419
483 419
485 419
486 419
487 419
489 419
490 419
492 419
494 419
495 419
496 419
498 419
500 419
3 420
65 420
165 420
301 420
2 421
3 421
17 421
25 421
28 421
56 421
65 421
74 421
145 421
165 421
176 421
181 421
212 421
224 421
225 421
244 421
257 421
269 421
297 421
312 421
347 421
399 421
405 421
446 421
457 421
463 421
474 421
2 422
3 422
14 422
47 422
56 422
65 422
87 422
145 422
152 422
165 422
168 422
175 422
177 422
225 422
243 422
244 422
265 422
285 422
295 422
297 422
303 422
311 422
312 422
336 422
340 422
349 422
350 422
352 422
359 422
366 422
399 422
412 422
435 422
436 422
447 422
457 422
460 422
474 422
496 422
65 423
145 423
165 423
243 423
392 423
428 423
446 423
145 424
165 424
243 424
446 424
496 424
30 425
58 425
65 425
133 425
145 425
165 425
239 425
241 425
260 425
378 425
442 425
447 425
456 425
2 426
3 426
4 426
5 426
7 426
9 426
11 426
12 426
15 426
16 426
17 426
18 426
19 426
21 426
24 426
25 426
28 426
30 426
37 426
39 426
42 426
44 426
45 426
47 426
48 426
50 426
51 426
52 426
53 426
56 426
58 426
59 426
61 426
62 426
65 426
66 426
67 426
73 426
75 426
77 426
81 426
83 426
86 426
92 426
96 426
99 426
101 426
105 426
108 426
110 426
114 426
118 426
120 426
124 426
125 426
128 426
129 426
132 426
134 426
137 426
138 426
139 426
142 426
143 426
145 426
146 426
149 426
152 426
155 426
160 426
164 426
165 426
168 426
169 426
173 426
175 426
176 426
178 426
179 426
181 426
183 426
189 426
190 426
191 426
193 426
194 426
196 426
199 426
206 426
207 426
209 426
212 426
215 426
216 426
222 426
224 426
225 426
226 426
229 426
230 426
233 426
234 426
239 426
243 426
244 426
247 426
252 426
254 426
257 426
258 426
260 426
267 426
269 426
270 426
271 426
274 426
276 426
277 426
278 426
279 426
280 426
283 426
285 426
286 426
294 426
295 426
296 426
297 426
299 426
301 426
302 426
303 426
306 426
311 426
312 426
315 426
317 426
319 426
323 426
324 426
325 426
329 426
330 426
335 426
340 426
341 426
347 426
350 426
357 426
358 426
359 426
361 426
365 426
368 426
369 426
372 426
373 426
375 426
377 426
378 426
379 426
381 426
383 426
384 426
390 426
392 426
399 426
400 426
402 426
405 426
408 426
409 426
412 426
414 426
417 426
422 426
425 426
429 426
431 426
436 426
439 426
442 426
443 426
446 426
447 426
451 426
456 426
457 426
460 426
463 426
466 426
468 426
469 426
472 426
473 426
474 426
482 426
483 426
485 426
489 426
496 426
2 427
3 427
53 427
65 427
86 427
114 427
145 427
165 427
222 427
243 427
313 427
375 427
380 427
399 427
432 427
446 427
447 427
462 427
56 428
65 428
165 428
243 428
247 428
2 429
3 429
17 429
25 429
30 429
39 429
51 429
65 429
75 429
110 429
129 429
132 429
133 429
142 429
145 429
165 429
177 429
191 429
194 429
206 429
224 429
225 429
229 429
243 429
251 429
258 429
274 429
280 429
283 429
296 429
307 429
312 429
315 429
350 429
359 429
369 429
375 429
377 429
378 429
379 429
389 429
399 429
417 429
425 429
431 429
432 429
446 429
447 429
451 429
458 429
463 429
473 429
474 429
2 431
3 431
4 431
10 431
12 431
17 431
18 431
19 431
21 431
24 431
25 431
27 431
28 431
30 431
49 431
50 431
51 431
54 431
58 431
59 431
60 431
62 431
65 431
66 431
75 431
81 431
86 431
99 431
105 431
106 431
108 431
110 431
114 431
119 431
124 431
125 431
129 431
132 431
133 431
134 431
139 431
143 431
144 431
145 431
146 431
152 431
155 431
160 431
164 431
165 431
168 431
169 431
173 431
176 431
177 431
178 431
179 431
181 431
183 431
186 431
189 431
190 431
191 431
193 431
194 431
197 431
199 431
206 431
207 431
214 431
216 431
217 431
222 431
224 431
225 431
229 431
230 431
238 431
239 431
243 431
247 431
251 431
254 431
255 431
258 431
260 431
267 431
268 431
269 431
274 431
276 431
277 431
278 431
280 431
283 431
285 431
291 431
296 431
297 431
301 431
303 431
305 431
306 431
309 431
311 431
312 431
315 431
317 431
324 431
325 431
328 431
331 431
333 431
335 431
340 431
343 431
347 431
349 431
350 431
354 431
358 431
359 431
361 431
369 431
371 431
373 431
375 431
377 431
378 431
381 431
383 431
384 431
392 431
399 431
402 431
405 431
408 431
409 431
410 431
412 431
414 431
417 431
425 431
429 431
435 431
436 431
442 431
443 431
446 431
447 431
451 431
453 431
456 431
457 431
458 431
460 431
462 431
463 431
468 431
470 431
472 431
473 431
474 431
478 431
479 431
483 431
496 431
3 432
17 432
65 432
145 432
153 432
165 432
243 432
247 432
311 432
312 432
359 432
412 432
446 432
474 432
2 433
3 433
145 433
165 433
177 433
208 433
222 433
224 433
225 433
243 433
247 433
269 433
297 433
312 433
340 433
359 433
393 433
399 433
410 433
412 433
432 433
436 433
446 433
447 433
3 434
17 434
145 434
165 434
177 434
243 434
251 434
399 434
412 434
446 434
2 435
3 435
65 435
75 435
86 435
145 435
165 435
224 435
225 435
234 435
243 435
245 435
247 435
251 435
257 435
285 435
312 435
341 435
359 435
368 435
392 435
417 435
436 435
447 435
457 435
458 435
460 435
473 435
474 435
482 435
2 436
3 436
13 436
14 436
17 436
25 436
45 436
51 436
56 436
65 436
73 436
75 436
86 436
99 436
110 436
129 436
136 436
145 436
165 436
177 436
199 436
207 436
216 436
222 436
224 436
225 436
229 436
239 436
243 436
247 436
249 436
251 436
258 436
274 436
276 436
277 436
280 436
283 436
295 436
297 436
301 436
306 436
311 436
312 436
317 436
325 436
340 436
347 436
351 436
359 436
372 436
377 436
378 436
392 436
399 436
412 436
417 436
419 436
431 436
435 436
446 436
448 436
451 436
453 436
457 436
460 436
468 436
473 436
474 436
482 436
483 436
2 437
3 437
12 437
25 437
27 437
30 437
51 437
108 437
165 437
168 437
183 437
229 437
239 437
243 437
247 437
251 437
257 437
280 437
291 437
295 437
311 437
315 437
317 437
359 437
368 437
377 437
378 437
429 437
442 437
446 437
474 437
145 438
165 438
247 438
2 439
3 439
25 439
51 439
60 439
65 439
73 439
86 439
110 439
120 439
145 439
152 439
165 439
199 439
207 439
222 439
224 439
225 439
241 439
243 439
251 439
269 439
274 439
297 439
301 439
311 439
312 439
347 439
359 439
378 439
399 439
412 439
432 439
436 439
446 439
457 439
460 439
474 439
487 439
222 440
403 440
2 441
3 441
9 441
12 441
17 441
18 441
19 441
20 441
24 441
32 441
45 441
51 441
56 441
63 441
75 441
83 441
86 441
99 441
101 441
105 441
124 441
135 441
145 441
148 441
151 441
153 441
164 441
165 441
176 441
184 441
197 441
217 441
222 441
224 441
227 441
237 441
238 441
239 441
243 441
253 441
262 441
264 441
279 441
291 441
294 441
303 441
311 441
312 441
368 441
412 441
442 441
446 441
447 441
453 441
457 441
458 441
459 441
460 441
461 441
462 441
463 441
465 441
469 441
474 441
482 441
483 441
485 441
486 441
490 441
492 441
494 441
495 441
496 441
497 441
498 441
500 441
3 442
17 442
25 442
30 442
58 442
62 442
75 442
78 442
86 442
110 442
125 442
132 442
139 442
145 442
165 442
176 442
182 442
212 442
225 442
239 442
243 442
274 442
301 442
312 442
324 442
325 442
331 442
336 442
341 442
350 442
351 442
372 442
378 442
382 442
412 442
425 442
431 442
446 442
447 442
462 442
468 442
472 442
488 442
496 442
499 442
2 443
3 443
4 443
25 443
30 443
38 443
39 443
47 443
66 443
73 443
75 443
86 443
93 443
110 443
129 443
133 443
139 443
145 443
165 443
168 443
177 443
193 443
194 443
224 443
225 443
229 443
239 443
243 443
251 443
260 443
269 443
271 443
274 443
277 443
283 443
291 443
297 443
301 443
306 443
311 443
312 443
315 443
317 443
324 443
325 443
330 443
334 443
347 443
350 443
358 443
359 443
368 443
369 443
377 443
378 443
399 443
409 443
417 443
425 443
429 443
431 443
436 443
451 443
453 443
456 443
457 443
458 443
463 443
468 443
473 443
474 443
485 443
447 444
447 445
448 445
3 446
75 446
136 446
145 446
165 446
168 446
208 446
222 446
243 446
244 446
247 446
251 446
265 446
269 446
285 446
297 446
312 446
336 446
340 446
348 446
349 446
352 446
393 446
412 446
436 446
437 446
447 446
496 446
2 447
3 447
17 447
86 447
145 447
165 447
243 447
247 447
251 447
258 447
312 447
324 447
336 447
340 447
350 447
359 447
369 447
412 447
431 447
435 447
444 447
446 447
466 447
474 447
496 447
2 448
3 448
25 448
50 448
121 448
133 448
145 448
260 448
274 448
297 448
306 448
312 448
359 448
378 448
399 448
436 448
447 448
474 448
3 449
4 449
56 449
65 449
86 449
145 449
165 449
243 449
285 449
297 449
412 449
447 449
3 450
28 450
297 450
2 451
3 451
6 451
9 451
10 451
12 451
16 451
17 451
21 451
25 451
28 451
30 451
31 451
39 451
40 451
50 451
51 451
53 451
56 451
58 451
59 451
60 451
66 451
73 451
75 451
83 451
86 451
99 451
106 451
113 451
114 451
120 451
129 451
132 451
133 451
134 451
139 451
142 451
143 451
144 451
145 451
146 451
152 451
155 451
162 451
165 451
168 451
173 451
178 451
181 451
186 451
188 451
189 451
190 451
191 451
193 451
194 451
199 451
207 451
208 451
209 451
214 451
215 451
216 451
222 451
224 451
225 451
229 451
233 451
239 451
243 451
244 451
247 451
251 451
252 451
257 451
260 451
261 451
265 451
267 451
269 451
274 451
276 451
279 451
280 451
283 451
285 451
291 451
295 451
296 451
297 451
301 451
302 451
303 451
305 451
306 451
307 451
309 451
311 451
312 451
315 451
317 451
323 451
325 451
327 451
329 451
340 451
345 451
347 451
348 451
349 451
350 451
358 451
359 451
364 451
366 451
369 451
371 451
373 451
375 451
377 451
378 451
384 451
399 451
405 451
408 451
409 451
410 451
412 451
413 451
417 451
425 451
426 451
429 451
430 451
431 451
433 451
435 451
436 451
443 451
447 451
448 451
451 451
453 451
456 451
457 451
460 451
463 451
466 451
468 451
472 451
473 451
474 451
479 451
481 451
484 451
493 451
496 451
499 451
3 452
59 452
128 452
168 452
268 452
303 452
312 452
317 452
469 452
2 453
3 453
9 453
39 453
54 453
56 453
66 453
75 453
86 453
99 453
110 453
124 453
129 453
145 453
155 453
158 453
165 453
168 453
189 453
193 453
213 453
222 453
239 453
243 453
251 453
274 453
276 453
285 453
299 453
303 453
312 453
334 453
350 453
359 453
369 453
377 453
412 453
417 453
429 453
431 453
436 453
447 453
451 453
454 453
473 453
474 453
3 454
145 454
175 454
181 454
290 454
294 454
317 454
335 454
453 454
462 454
3 455
105 455
145 455
222 455
243 455
253 455
301 455
312 455
379 455
399 455
402 455
474 455
496 455
2 456
3 456
25 456
30 456
45 456
56 456
75 456
108 456
145 456
168 456
173 456
181 456
222 456
225 456
243 456
251 456
253 456
274 456
276 456
280 456
283 456
306 456
312 456
325 456
350 456
359 456
399 456
417 456
453 456
457 456
473 456
474 456
2 457
3 457
4 457
6 457
8 457
9 457
10 457
11 457
12 457
15 457
16 457
18 457
19 457
21 457
25 457
28 457
37 457
39 457
40 457
43 457
45 457
47 457
48 457
50 457
51 457
52 457
53 457
54 457
56 457
58 457
59 457
60 457
61 457
62 457
65 457
66 457
68 457
69 457
71 457
73 457
75 457
81 457
83 457
86 457
92 457
96 457
99 457
110 457
114 457
120 457
124 457
125 457
126 457
128 457
129 457
132 457
133 457
134 457
136 457
138 457
139 457
142 457
143 457
145 457
146 457
150 457
152 457
155 457
162 457
164 457
165 457
168 457
173 457
176 457
178 457
179 457
181 457
183 457
186 457
188 457
189 457
190 457
191 457
194 457
199 457
207 457
209 457
212 457
214 457
215 457
216 457
217 457
222 457
224 457
225 457
226 457
229 457
230 457
233 457
239 457
243 457
244 457
247 457
251 457
257 457
258 457
260 457
261 457
267 457
268 457
269 457
270 457
271 457
274 457
276 457
277 457
278 457
279 457
280 457
283 457
284 457
285 457
286 457
289 457
291 457
295 457
296 457
297 457
299 457
301 457
302 457
303 457
305 457
306 457
308 457
309 457
311 457
312 457
313 457
315 457
320 457
323 457
325 457
328 457
330 457
331 457
335 457
340 457
341 457
343 457
347 457
350 457
358 457
359 457
361 457
365 457
369 457
371 457
373 457
375 457
377 457
378 457
379 457
383 457
384 457
390 457
392 457
395 457
399 457
405 457
412 457
413 457
414 457
417 457
425 457
429 457
431 457
433 457
435 457
436 457
437 457
438 457
439 457
442 457
443 457
447 457
449 457
450 457
451 457
453 457
454 457
456 457
460 457
463 457
466 457
468 457
469 457
471 457
472 457
473 457
474 457
479 457
483 457
488 457
489 457
496 457
497 457
3 458
56 458
86 458
145 458
165 458
222 458
225 458
243 458
312 458
441 458
16 459
40 459
53 459
56 459
86 459
145 459
165 459
194 459
222 459
234 459
243 459
251 459
323 459
403 459
412 459
2 460
3 460
65 460
73 460
145 460
165 460
222 460
243 460
283 460
312 460
340 460
390 460
392 460
399 460
412 460
435 460
436 460
457 460
469 460
474 460
482 460
17 461
86 461
143 461
145 461
165 461
177 461
243 461
359 461
380 461
412 461
447 461
462 461
3 462
17 462
51 462
60 462
62 462
63 462
86 462
110 462
124 462
134 462
136 462
145 462
165 462
168 462
176 462
217 462
222 462
224 462
225 462
243 462
280 462
285 462
291 462
301 462
311 462
312 462
336 462
340 462
350 462
359 462
386 462
399 462
412 462
447 462
457 462
3 463
28 463
40 463
49 463
56 463
66 463
75 463
86 463
114 463
138 463
145 463
169 463
177 463
222 463
224 463
225 463
239 463
243 463
251 463
258 463
283 463
297 463
306 463
311 463
312 463
325 463
340 463
350 463
359 463
378 463
399 463
412 463
417 463
431 463
435 463
451 463
456 463
468 463
483 463
86 464
145 464
165 464
222 464
243 464
359 464
412 464
3 465
75 465
165 465
224 465
243 465
245 465
311 465
312 465
325 465
350 465
412 465
442 465
460 465
474 465
3 466
56 466
145 466
165 466
176 466
251 466
298 466
311 466
340 466
349 466
412 466
447 466
457 466
474 466
2 467
3 467
51 467
73 467
75 467
110 467
129 467
133 467
134 467
145 467
165 467
177 467
222 467
224 467
225 467
241 467
243 467
245 467
251 467
274 467
276 467
301 467
307 467
311 467
312 467
317 467
325 467
359 467
378 467
408 467
412 467
417 467
419 467
431 467
496 467
2 468
3 468
9 468
30 468
65 468
66 468
75 468
86 468
99 468
110 468
129 468
144 468
145 468
165 468
168 468
176 468
178 468
194 468
222 468
224 468
225 468
239 468
243 468
251 468
274 468
283 468
299 468
301 468
306 468
312 468
325 468
336 468
341 468
350 468
351 468
358 468
359 468
368 468
377 468
378 468
392 468
405 468
412 468
417 468
431 468
436 468
442 468
447 468
451 468
456 468
463 468
472 468
473 468
474 468
488 468
2 469
3 469
25 469
42 469
47 469
50 469
51 469
56 469
73 469
75 469
110 469
112 469
134 469
137 469
144 469
145 469
165 469
177 469
183 469
196 469
214 469
224 469
225 469
229 469
239 469
243 469
251 469
254 469
267 469
268 469
274 469
276 469
279 469
283 469
294 469
297 469
299 469
301 469
302 469
303 469
311 469
312 469
317 469
325 469
347 469
350 469
352 469
358 469
359 469
377 469
378 469
399 469
408 469
412 469
417 469
457 469
460 469
462 469
468 469
474 469
3 470
56 470
143 470
145 470
247 470
252 470
303 470
412 470
431 470
471 470
3 471
145 471
165 471
222 471
225 471
243 471
276 471
359 471
443 471
467 471
470 471
2 472
3 472
4 472
5 472
8 472
9 472
10 472
12 472
19 472
21 472
25 472
28 472
30 472
39 472
44 472
45 472
47 472
48 472
50 472
51 472
53 472
54 472
56 472
58 472
59 472
62 472
64 472
65 472
66 472
75 472
81 472
83 472
86 472
87 472
93 472
99 472
101 472
106 472
108 472
110 472
114 472
123 472
124 472
129 472
132 472
133 472
134 472
135 472
139 472
142 472
143 472
145 472
150 472
152 472
155 472
158 472
160 472
164 472
165 472
166 472
168 472
169 472
173 472
176 472
178 472
179 472
186 472
189 472
190 472
191 472
193 472
194 472
196 472
199 472
206 472
207 472
212 472
214 472
216 472
222 472
224 472
225 472
229 472
230 472
233 472
239 472
243 472
244 472
247 472
251 472
253 472
257 472
260 472
261 472
267 472
268 472
269 472
274 472
276 472
277 472
280 472
283 472
285 472
289 472
290 472
291 472
294 472
295 472
296 472
297 472
299 472
301 472
303 472
306 472
308 472
309 472
311 472
312 472
315 472
317 472
323 472
324 472
325 472
329 472
331 472
334 472
335 472
336 472
340 472
341 472
343 472
347 472
349 472
350 472
351 472
358 472
359 472
361 472
367 472
368 472
369 472
371 472
372 472
373 472
375 472
377 472
378 472
381 472
383 472
384 472
390 472
392 472
399 472
402 472
405 472
408 472
409 472
412 472
417 472
425 472
429 472
430 472
431 472
435 472
436 472
437 472
438 472
442 472
443 472
447 472
449 472
451 472
453 472
456 472
457 472
460 472
462 472
463 472
466 472
468 472
469 472
471 472
472 472
473 472
474 472
476 472
478 472
479 472
482 472
483 472
485 472
488 472
496 472
499 472
2 473
3 473
7 473
8 473
9 473
10 473
11 473
12 473
17 473
19 473
21 473
25 473
28 473
30 473
37 473
39 473
50 473
52 473
53 473
56 473
58 473
59 473
61 473
65 473
66 473
69 473
71 473
73 473
75 473
77 473
80 473
81 473
86 473
87 473
98 473
99 473
101 473
105 473
106 473
108 473
110 473
114 473
124 473
126 473
128 473
129 473
132 473
133 473
136 473
139 473
142 473
143 473
144 473
145 473
146 473
152 473
153 473
155 473
164 473
165 473
168 473
176 473
178 473
179 473
181 473
184 473
186 473
188 473
189 473
191 473
193 473
194 473
199 473
204 473
206 473
207 473
209 473
212 473
213 473
215 473
216 473
217 473
220 473
222 473
223 473
224 473
225 473
226 473
229 473
230 473
231 473
233 473
239 473
243 473
244 473
245 473
251 473
252 473
253 473
257 473
258 473
260 473
267 473
268 473
269 473
274 473
276 473
277 473
280 473
283 473
284 473
286 473
289 473
290 473
291 473
295 473
296 473
297 473
299 473
302 473
303 473
305 473
306 473
308 473
309 473
311 473
312 473
315 473
317 473
323 473
324 473
325 473
328 473
330 473
331 473
333 473
339 473
340 473
345 473
347 473
350 473
354 473
358 473
359 473
361 473
365 473
369 473
371 473
373 473
375 473
377 473
378 473
379 473
383 473
387 473
392 473
396 473
399 473
402 473
404 473
405 473
409 473
412 473
413 473
414 473
417 473
425 473
426 473
429 473
431 473
435 473
436 473
438 473
441 473
442 473
443 473
447 473
450 473
451 473
453 473
456 473
457 473
463 473
468 473
472 473
474 473
483 473
488 473
489 473
493 473
499 473
2 474
3 474
8 474
10 474
11 474
14 474
15 474
17 474
19 474
21 474
25 474
28 474
30 474
39 474
42 474
45 474
50 474
51 474
56 474
61 474
62 474
63 474
65 474
66 474
73 474
75 474
86 474
96 474
99 474
108 474
110 474
120 474
128 474
129 474
132 474
133 474
134 474
136 474
143 474
145 474
152 474
162 474
165 474
168 474
173 474
176 474
177 474
181 474
183 474
186 474
190 474
191 474
194 474
199 474
207 474
209 474
214 474
222 474
224 474
225 474
226 474
229 474
239 474
241 474
243 474
244 474
245 474
247 474
251 474
253 474
257 474
258 474
269 474
274 474
276 474
277 474
278 474
279 474
280 474
283 474
286 474
291 474
295 474
296 474
297 474
299 474
301 474
302 474
306 474
311 474
312 474
317 474
319 474
325 474
330 474
335 474
340 474
341 474
347 474
349 474
350 474
359 474
365 474
369 474
371 474
374 474
377 474
378 474
382 474
392 474
399 474
405 474
412 474
417 474
419 474
431 474
432 474
433 474
435 474
436 474
443 474
447 474
451 474
453 474
456 474
457 474
460 474
463 474
465 474
466 474
468 474
469 474
472 474
473 474
482 474
483 474
489 474
493 474
496 474
497 474
498 474
65 475
145 475
222 475
243 475
387 475
412 475
462 475
2 476
12 476
56 476
99 476
139 476
144 476
145 476
155 476
243 476
251 476
306 476
412 476
431 476
435 476
472 476
3 477
8 477
71 477
302 477
312 477
315 477
369 477
431 477
2 478
3 478
25 478
51 478
53 478
62 478
65 478
83 478
86 478
129 478
143 478
145 478
165 478
222 478
225 478
229 478
243 478
251 478
274 478
276 478
295 478
301 478
312 478
325 478
340 478
367 478
377 478
378 478
392 478
399 478
409 478
412 478
431 478
462 478
463 478
499 478
12 479
160 479
194 479
274 479
296 479
312 479
323 479
369 479
429 479
431 479
2 480
3 480
25 480
28 480
56 480
145 480
197 480
224 480
235 480
283 480
347 480
378 480
474 480
2 482
3 482
8 482
32 482
45 482
56 482
57 482
59 482
73 482
75 482
80 482
99 482
101 482
106 482
108 482
124 482
145 482
166 482
193 482
199 482
207 482
214 482
243 482
247 482
260 482
280 482
302 482
303 482
311 482
333 482
347 482
358 482
359 482
366 482
367 482
377 482
408 482
412 482
429 482
435 482
436 482
442 482
453 482
469 482
473 482
2 483
3 483
25 483
51 483
53 483
56 483
66 483
73 483
75 483
110 483
134 483
145 483
165 483
207 483
224 483
225 483
247 483
251 483
253 483
257 483
258 483
274 483
297 483
311 483
312 483
317 483
325 483
340 483
359 483
378 483
399 483
405 483
417 483
431 483
436 483
463 483
473 483
474 483
3 484
8 484
65 484
145 484
222 484
243 484
251 484
269 484
359 484
386 484
412 484
447 484
2 485
3 485
17 485
40 485
56 485
65 485
75 485
86 485
124 485
134 485
136 485
144 485
145 485
146 485
217 485
222 485
243 485
267 485
276 485
302 485
312 485
325 485
350 485
359 485
412 485
429 485
431 485
435 485
447 485
474 485
301 486
3 487
146 487
243 487
312 487
3 488
56 488
58 488
62 488
63 488
65 488
99 488
103 488
133 488
144 488
145 488
165 488
176 488
217 488
222 488
225 488
243 488
247 488
311 488
312 488
315 488
317 488
325 488
331 488
336 488
347 488
359 488
369 488
377 488
399 488
412 488
442 488
447 488
458 488
462 488
468 488
474 488
485 488
3 489
17 490
65 490
88 490
145 490
177 490
222 490
243 490
285 490
359 490
369 490
383 490
412 490
447 490
462 490
496 490
264 491
3 492
222 492
311 492
351 492
359 492
442 492
462 492
56 493
62 493
145 493
331 493
399 493
412 493
447 493
462 493
145 494
177 494
243 494
251 494
392 494
399 494
412 494
431 494
145 495
177 495
222 495
243 495
412 495
2 496
3 496
25 496
30 496
65 496
66 496
73 496
86 496
145 496
146 496
165 496
177 496
217 496
222 496
224 496
225 496
243 496
247 496
251 496
295 496
296 496
297 496
312 496
340 496
359 496
392 496
399 496
412 496
431 496
447 496
451 496
462 496
474 496
2 497
3 497
17 497
51 497
56 497
65 497
75 497
86 497
123 497
145 497
165 497
177 497
207 497
224 497
225 497
243 497
251 497
274 497
279 497
295 497
301 497
311 497
312 497
317 497
359 497
378 497
412 497
457 497
460 497
474 497
482 497
3 498
17 498
58 498
86 498
92 498
145 498
177 498
222 498
243 498
247 498
392 498
412 498
442 498
462 498
474 498
25 499
30 499
51 499
75 499
78 499
145 499
183 499
225 499
239 499
243 499
251 499
274 499
312 499
317 499
340 499
378 499
436 499
463 499
472 499
473 499
474 499
56 500
65 500
128 500
143 500
145 500
177 500
224 500
276 500
311 500
312 500
412 500
436 500
474 500
