2 1
3 1
4 1
5 1
6 1
8 1
17 1
21 1
23 1
24 1
28 1
45 1
50 1
51 1
53 1
63 1
65 1
71 1
73 1
74 1
75 1
86 1
87 1
96 1
99 1
107 1
120 1
129 1
132 1
134 1
143 1
144 1
145 1
149 1
164 1
165 1
173 1
181 1
184 1
190 1
193 1
201 1
216 1
224 1
225 1
253 1
264 1
269 1
283 1
290 1
296 1
297 1
302 1
311 1
312 1
315 1
325 1
326 1
329 1
335 1
340 1
343 1
347 1
358 1
359 1
364 1
368 1
377 1
378 1
396 1
405 1
417 1
429 1
434 1
435 1
436 1
447 1
453 1
456 1
463 1
465 1
473 1
474 1
485 1
496 1
504 1
505 1
508 1
513 1
517 1
520 1
534 1
539 1
540 1
550 1
551 1
557 1
566 1
571 1
581 1
583 1
585 1
587 1
589 1
603 1
604 1
612 1
616 1
618 1
621 1
625 1
630 1
633 1
642 1
647 1
702 1
716 1
732 1
734 1
738 1
753 1
758 1
782 1
783 1
800 1
804 1
816 1
819 1
830 1
847 1
858 1
880 1
885 1
911 1
935 1
946 1
952 1
955 1
958 1
966 1
969 1
978 1
980 1
997 1
999 1
1 2
3 2
4 2
5 2
6 2
7 2
8 2
9 2
10 2
11 2
12 2
13 2
14 2
15 2
16 2
17 2
18 2
19 2
20 2
21 2
22 2
23 2
24 2
25 2
26 2
27 2
28 2
29 2
30 2
31 2
32 2
33 2
34 2
37 2
38 2
39 2
40 2
41 2
42 2
43 2
44 2
45 2
46 2
47 2
48 2
49 2
50 2
51 2
52 2
53 2
54 2
56 2
57 2
58 2
59 2
61 2
62 2
63 2
64 2
65 2
66 2
67 2
68 2
69 2
70 2
71 2
72 2
73 2
75 2
77 2
79 2
80 2
81 2
83 2
85 2
86 2
87 2
88 2
89 2
90 2
91 2
92 2
93 2
94 2
96 2
98 2
99 2
101 2
102 2
105 2
106 2
107 2
108 2
110 2
112 2
114 2
115 2
117 2
118 2
119 2
120 2
121 2
123 2
124 2
125 2
126 2
127 2
128 2
129 2
130 2
132 2
133 2
134 2
135 2
136 2
137 2
138 2
139 2
140 2
142 2
143 2
144 2
145 2
146 2
147 2
149 2
150 2
151 2
152 2
153 2
154 2
155 2
156 2
157 2
158 2
159 2
160 2
162 2
163 2
164 2
165 2
166 2
167 2
168 2
169 2
170 2
173 2
175 2
176 2
177 2
178 2
179 2
180 2
181 2
182 2
183 2
184 2
185 2
186 2
187 2
188 2
189 2
190 2
191 2
193 2
194 2
195 2
196 2
197 2
199 2
201 2
203 2
204 2
206 2
207 2
208 2
209 2
211 2
212 2
214 2
215 2
216 2
217 2
218 2
219 2
220 2
222 2
223 2
224 2
225 2
226 2
228 2
229 2
230 2
231 2
233 2
234 2
236 2
237 2
238 2
239 2
241 2
243 2
244 2
245 2
246 2
247 2
249 2
250 2
251 2
252 2
253 2
254 2
255 2
256 2
257 2
258 2
259 2
260 2
261 2
262 2
264 2
265 2
267 2
268 2
269 2
270 2
271 2
274 2
276 2
277 2
278 2
279 2
280 2
281 2
282 2
283 2
284 2
285 2
286 2
287 2
288 2
289 2
290 2
291 2
293 2
294 2
295 2
296 2
297 2
299 2
301 2
302 2
303 2
305 2
306 2
307 2
308 2
309 2
310 2
311 2
312 2
313 2
315 2
316 2
317 2
318 2
319 2
320 2
322 2
323 2
324 2
325 2
326 2
327 2
328 2
329 2
330 2
331 2
333 2
334 2
335 2
336 2
340 2
341 2
343 2
345 2
346 2
347 2
348 2
349 2
350 2
351 2
352 2
354 2
357 2
358 2
359 2
361 2
364 2
365 2
366 2
367 2
368 2
369 2
370 2
371 2
372 2
373 2
374 2
375 2
377 2
378 2
379 2
380 2
381 2
382 2
383 2
387 2
389 2
390 2
392 2
393 2
395 2
396 2
399 2
400 2
402 2
403 2
404 2
405 2
406 2
407 2
408 2
409 2
410 2
412 2
413 2
414 2
415 2
417 2
419 2
420 2
423 2
424 2
425 2
426 2
427 2
428 2
429 2
430 2
431 2
432 2
433 2
434 2
435 2
436 2
437 2
438 2
439 2
441 2
442 2
443 2
444 2
446 2
447 2
448 2
449 2
450 2
451 2
453 2
454 2
456 2
457 2
458 2
459 2
460 2
461 2
462 2
463 2
465 2
466 2
467 2
468 2
469 2
470 2
471 2
472 2
473 2
474 2
475 2
476 2
477 2
478 2
479 2
481 2
482 2
483 2
484 2
485 2
486 2
487 2
488 2
489 2
490 2
492 2
494 2
495 2
496 2
497 2
498 2
499 2
500 2
501 2
503 2
504 2
505 2
507 2
508 2
510 2
511 2
512 2
513 2
514 2
516 2
517 2
518 2
519 2
520 2
521 2
522 2
523 2
524 2
526 2
528 2
529 2
530 2
531 2
533 2
534 2
536 2
537 2
538 2
539 2
540 2
544 2
545 2
546 2
547 2
548 2
549 2
550 2
551 2
552 2
553 2
554 2
555 2
556 2
557 2
558 2
559 2
561 2
562 2
563 2
566 2
568 2
569 2
570 2
571 2
573 2
574 2
575 2
576 2
577 2
578 2
579 2
580 2
581 2
583 2
584 2
585 2
586 2
587 2
589 2
590 2
591 2
593 2
595 2
596 2
597 2
598 2
599 2
600 2
601 2
602 2
603 2
604 2
605 2
606 2
608 2
609 2
610 2
611 2
612 2
613 2
615 2
616 2
617 2
618 2
619 2
620 2
621 2
622 2
623 2
625 2
626 2
627 2
628 2
629 2
630 2
631 2
633 2
634 2
635 2
636 2
638 2
639 2
640 2
641 2
642 2
643 2
644 2
645 2
646 2
647 2
649 2
650 2
651 2
652 2
653 2
655 2
656 2
657 2
658 2
659 2
660 2
662 2
664 2
665 2
666 2
667 2
668 2
670 2
671 2
672 2
673 2
674 2
675 2
676 2
677 2
678 2
679 2
680 2
681 2
682 2
683 2
684 2
685 2
686 2
687 2
688 2
689 2
690 2
691 2
692 2
694 2
695 2
696 2
697 2
699 2
700 2
701 2
702 2
704 2
705 2
706 2
707 2
708 2
710 2
711 2
712 2
714 2
715 2
716 2
717 2
718 2
719 2
720 2
721 2
722 2
723 2
724 2
725 2
728 2
729 2
730 2
732 2
733 2
734 2
735 2
737 2
738 2
739 2
741 2
742 2
744 2
745 2
746 2
747 2
748 2
749 2
750 2
752 2
753 2
754 2
755 2
756 2
757 2
758 2
759 2
760 2
761 2
762 2
763 2
764 2
767 2
768 2
769 2
770 2
771 2
772 2
773 2
774 2
775 2
776 2
779 2
781 2
782 2
783 2
784 2
785 2
786 2
788 2
789 2
790 2
791 2
792 2
793 2
794 2
795 2
796 2
797 2
798 2
800 2
801 2
802 2
803 2
804 2
805 2
806 2
808 2
809 2
810 2
811 2
812 2
813 2
814 2
816 2
817 2
818 2
819 2
820 2
821 2
822 2
823 2
825 2
826 2
827 2
828 2
829 2
830 2
831 2
832 2
833 2
834 2
835 2
836 2
837 2
838 2
839 2
840 2
841 2
842 2
843 2
844 2
846 2
847 2
848 2
849 2
850 2
851 2
852 2
853 2
855 2
856 2
857 2
858 2
859 2
860 2
861 2
862 2
864 2
865 2
867 2
868 2
869 2
870 2
871 2
872 2
873 2
874 2
875 2
876 2
877 2
878 2
880 2
881 2
882 2
883 2
884 2
885 2
886 2
887 2
888 2
889 2
890 2
891 2
892 2
893 2
895 2
896 2
897 2
898 2
899 2
902 2
903 2
907 2
908 2
909 2
910 2
911 2
913 2
917 2
918 2
919 2
920 2
921 2
922 2
924 2
925 2
926 2
927 2
928 2
929 2
932 2
933 2
934 2
935 2
936 2
937 2
938 2
939 2
940 2
941 2
942 2
943 2
944 2
945 2
946 2
947 2
949 2
951 2
952 2
953 2
954 2
955 2
956 2
957 2
958 2
961 2
962 2
963 2
964 2
965 2
966 2
968 2
969 2
970 2
972 2
973 2
974 2
976 2
977 2
978 2
980 2
982 2
983 2
984 2
985 2
986 2
987 2
988 2
989 2
990 2
991 2
993 2
994 2
995 2
997 2
998 2
999 2
1000 2
1 3
2 3
4 3
5 3
6 3
7 3
8 3
9 3
10 3
11 3
12 3
13 3
14 3
15 3
16 3
17 3
18 3
19 3
20 3
21 3
22 3
23 3
24 3
25 3
26 3
27 3
28 3
29 3
30 3
31 3
32 3
33 3
34 3
35 3
36 3
37 3
38 3
39 3
40 3
41 3
42 3
43 3
44 3
45 3
46 3
47 3
48 3
49 3
50 3
51 3
52 3
53 3
54 3
56 3
57 3
58 3
59 3
60 3
61 3
62 3
63 3
64 3
65 3
66 3
67 3
68 3
69 3
70 3
71 3
72 3
73 3
74 3
75 3
77 3
78 3
79 3
80 3
81 3
83 3
85 3
86 3
87 3
88 3
89 3
90 3
91 3
92 3
93 3
94 3
96 3
97 3
98 3
99 3
101 3
102 3
103 3
105 3
106 3
107 3
108 3
110 3
111 3
112 3
113 3
114 3
115 3
117 3
118 3
119 3
120 3
121 3
123 3
124 3
125 3
127 3
128 3
129 3
130 3
132 3
133 3
134 3
135 3
136 3
137 3
138 3
139 3
140 3
141 3
142 3
143 3
144 3
145 3
146 3
147 3
148 3
149 3
150 3
151 3
152 3
153 3
154 3
155 3
156 3
157 3
158 3
159 3
160 3
162 3
163 3
164 3
165 3
166 3
167 3
168 3
169 3
170 3
171 3
172 3
173 3
174 3
175 3
176 3
177 3
178 3
179 3
180 3
181 3
182 3
183 3
184 3
185 3
186 3
187 3
188 3
189 3
190 3
191 3
192 3
193 3
194 3
195 3
196 3
197 3
199 3
201 3
202 3
203 3
204 3
206 3
207 3
208 3
209 3
211 3
212 3
213 3
214 3
215 3
216 3
217 3
218 3
219 3
220 3
222 3
224 3
225 3
226 3
227 3
228 3
229 3
230 3
231 3
233 3
234 3
235 3
236 3
237 3
238 3
239 3
241 3
243 3
244 3
245 3
246 3
247 3
249 3
250 3
251 3
252 3
253 3
254 3
255 3
257 3
258 3
259 3
260 3
261 3
262 3
264 3
265 3
267 3
268 3
269 3
270 3
271 3
274 3
276 3
277 3
278 3
279 3
280 3
281 3
282 3
283 3
284 3
285 3
286 3
287 3
288 3
289 3
290 3
291 3
292 3
293 3
294 3
295 3
296 3
297 3
299 3
301 3
302 3
303 3
305 3
306 3
307 3
308 3
309 3
310 3
311 3
312 3
313 3
315 3
316 3
317 3
318 3
319 3
320 3
322 3
323 3
324 3
325 3
326 3
327 3
328 3
329 3
330 3
331 3
333 3
334 3
335 3
336 3
339 3
340 3
341 3
342 3
343 3
345 3
346 3
347 3
348 3
349 3
350 3
351 3
352 3
354 3
357 3
358 3
359 3
360 3
361 3
364 3
365 3
366 3
367 3
368 3
369 3
370 3
371 3
372 3
373 3
374 3
375 3
376 3
377 3
378 3
379 3
380 3
381 3
382 3
383 3
384 3
386 3
387 3
389 3
390 3
392 3
393 3
395 3
396 3
399 3
400 3
402 3
403 3
404 3
405 3
406 3
407 3
408 3
409 3
410 3
412 3
413 3
414 3
415 3
417 3
419 3
420 3
422 3
423 3
424 3
425 3
426 3
427 3
428 3
429 3
430 3
431 3
432 3
434 3
435 3
436 3
437 3
438 3
439 3
441 3
442 3
443 3
444 3
446 3
447 3
448 3
449 3
450 3
451 3
453 3
454 3
456 3
457 3
458 3
459 3
460 3
461 3
462 3
463 3
465 3
466 3
467 3
468 3
469 3
470 3
471 3
472 3
473 3
474 3
475 3
476 3
477 3
478 3
479 3
481 3
482 3
483 3
484 3
485 3
486 3
487 3
488 3
489 3
490 3
492 3
494 3
495 3
496 3
497 3
498 3
499 3
500 3
501 3
502 3
503 3
504 3
505 3
506 3
507 3
508 3
509 3
510 3
511 3
512 3
513 3
514 3
516 3
517 3
518 3
519 3
520 3
521 3
522 3
523 3
524 3
526 3
528 3
529 3
530 3
531 3
532 3
533 3
534 3
536 3
537 3
538 3
539 3
540 3
543 3
544 3
545 3
546 3
547 3
548 3
549 3
550 3
551 3
552 3
553 3
554 3
555 3
556 3
557 3
558 3
559 3
561 3
562 3
563 3
564 3
566 3
568 3
569 3
570 3
571 3
573 3
574 3
575 3
576 3
577 3
578 3
579 3
580 3
581 3
582 3
583 3
584 3
585 3
586 3
587 3
589 3
590 3
591 3
592 3
593 3
595 3
596 3
597 3
598 3
599 3
600 3
601 3
602 3
603 3
604 3
605 3
606 3
607 3
608 3
609 3
610 3
611 3
612 3
613 3
614 3
615 3
616 3
617 3
618 3
619 3
620 3
621 3
622 3
623 3
625 3
626 3
627 3
628 3
629 3
630 3
631 3
633 3
634 3
635 3
636 3
638 3
639 3
640 3
641 3
642 3
643 3
644 3
645 3
646 3
647 3
649 3
650 3
651 3
652 3
653 3
655 3
656 3
657 3
658 3
659 3
660 3
662 3
664 3
665 3
666 3
667 3
668 3
670 3
671 3
672 3
673 3
674 3
675 3
676 3
677 3
678 3
679 3
680 3
681 3
682 3
683 3
684 3
685 3
686 3
687 3
688 3
689 3
690 3
691 3
692 3
694 3
695 3
696 3
697 3
699 3
700 3
701 3
702 3
703 3
704 3
705 3
706 3
707 3
708 3
710 3
711 3
712 3
714 3
715 3
716 3
717 3
718 3
719 3
720 3
721 3
722 3
723 3
724 3
725 3
728 3
729 3
730 3
731 3
732 3
733 3
734 3
735 3
737 3
738 3
739 3
741 3
742 3
744 3
745 3
746 3
747 3
748 3
749 3
750 3
751 3
752 3
753 3
754 3
755 3
756 3
757 3
758 3
759 3
760 3
761 3
762 3
763 3
764 3
767 3
768 3
769 3
770 3
771 3
772 3
773 3
774 3
775 3
776 3
779 3
781 3
782 3
783 3
784 3
785 3
787 3
788 3
789 3
790 3
791 3
792 3
793 3
794 3
795 3
796 3
797 3
798 3
799 3
800 3
801 3
802 3
803 3
804 3
805 3
806 3
807 3
808 3
809 3
810 3
811 3
812 3
813 3
814 3
816 3
817 3
818 3
819 3
820 3
821 3
822 3
823 3
825 3
826 3
827 3
829 3
830 3
831 3
832 3
833 3
834 3
835 3
836 3
837 3
838 3
839 3
840 3
841 3
842 3
843 3
844 3
846 3
847 3
848 3
849 3
850 3
851 3
852 3
853 3
855 3
856 3
857 3
858 3
859 3
860 3
861 3
862 3
864 3
865 3
867 3
868 3
869 3
870 3
871 3
872 3
873 3
874 3
875 3
876 3
877 3
878 3
880 3
881 3
882 3
883 3
884 3
885 3
886 3
887 3
888 3
889 3
890 3
891 3
892 3
893 3
895 3
896 3
897 3
898 3
899 3
902 3
903 3
907 3
908 3
909 3
910 3
911 3
913 3
914 3
916 3
917 3
918 3
919 3
920 3
921 3
922 3
924 3
925 3
926 3
927 3
928 3
929 3
931 3
933 3
934 3
935 3
936 3
937 3
938 3
939 3
940 3
941 3
942 3
943 3
944 3
945 3
946 3
947 3
949 3
951 3
952 3
953 3
954 3
955 3
956 3
957 3
958 3
959 3
960 3
961 3
962 3
963 3
964 3
965 3
966 3
968 3
969 3
970 3
972 3
973 3
974 3
976 3
977 3
978 3
980 3
982 3
983 3
984 3
985 3
986 3
987 3
988 3
989 3
990 3
991 3
993 3
994 3
995 3
997 3
998 3
999 3
1000 3
2 4
3 4
5 4
6 4
7 4
9 4
14 4
15 4
17 4
18 4
19 4
21 4
23 4
24 4
25 4
26 4
27 4
28 4
30 4
31 4
34 4
39 4
42 4
43 4
45 4
47 4
48 4
50 4
51 4
52 4
53 4
56 4
59 4
60 4
62 4
63 4
64 4
65 4
66 4
67 4
68 4
70 4
72 4
73 4
75 4
81 4
85 4
86 4
88 4
89 4
91 4
96 4
97 4
98 4
99 4
101 4
102 4
108 4
110 4
111 4
112 4
118 4
119 4
120 4
121 4
123 4
125 4
128 4
129 4
130 4
133 4
134 4
135 4
138 4
140 4
142 4
143 4
145 4
147 4
149 4
151 4
152 4
153 4
155 4
159 4
165 4
166 4
167 4
168 4
173 4
176 4
183 4
189 4
190 4
191 4
194 4
195 4
197 4
203 4
207 4
209 4
214 4
217 4
219 4
222 4
224 4
225 4
226 4
228 4
229 4
235 4
239 4
243 4
244 4
245 4
247 4
251 4
253 4
258 4
267 4
268 4
274 4
276 4
277 4
283 4
285 4
287 4
290 4
291 4
295 4
297 4
301 4
302 4
307 4
311 4
312 4
317 4
325 4
329 4
345 4
347 4
358 4
359 4
364 4
369 4
378 4
392 4
393 4
399 4
402 4
403 4
405 4
408 4
412 4
414 4
415 4
417 4
420 4
423 4
425 4
428 4
429 4
431 4
432 4
435 4
436 4
441 4
443 4
444 4
446 4
448 4
453 4
454 4
457 4
496 4
513 4
517 4
528 4
534 4
539 4
540 4
557 4
559 4
563 4
564 4
566 4
568 4
570 4
571 4
573 4
576 4
577 4
589 4
593 4
602 4
604 4
616 4
625 4
626 4
628 4
634 4
647 4
650 4
652 4
653 4
655 4
662 4
664 4
667 4
670 4
675 4
689 4
690 4
691 4
704 4
711 4
716 4
722 4
762 4
774 4
783 4
796 4
804 4
805 4
806 4
810 4
814 4
830 4
834 4
847 4
849 4
851 4
856 4
858 4
859 4
861 4
877 4
880 4
884 4
885 4
886 4
928 4
929 4
941 4
946 4
952 4
961 4
970 4
973 4
978 4
997 4
999 4
2 5
3 5
4 5
6 5
9 5
14 5
17 5
22 5
23 5
30 5
38 5
40 5
45 5
50 5
53 5
56 5
62 5
63 5
65 5
71 5
73 5
86 5
87 5
93 5
96 5
99 5
120 5
124 5
130 5
134 5
145 5
149 5
159 5
165 5
190 5
207 5
222 5
225 5
228 5
229 5
234 5
235 5
243 5
244 5
245 5
246 5
247 5
255 5
258 5
264 5
269 5
271 5
280 5
287 5
294 5
297 5
303 5
312 5
318 5
326 5
350 5
359 5
366 5
369 5
390 5
396 5
399 5
404 5
412 5
432 5
436 5
446 5
462 5
468 5
474 5
497 5
516 5
539 5
553 5
570 5
571 5
576 5
602 5
634 5
660 5
691 5
716 5
783 5
804 5
828 5
833 5
844 5
885 5
890 5
954 5
963 5
2 6
3 6
4 6
5 6
7 6
8 6
9 6
12 6
15 6
17 6
18 6
20 6
21 6
23 6
24 6
25 6
26 6
28 6
31 6
32 6
34 6
35 6
38 6
39 6
42 6
43 6
45 6
50 6
51 6
52 6
53 6
54 6
56 6
57 6
58 6
62 6
63 6
64 6
65 6
66 6
67 6
71 6
72 6
73 6
74 6
75 6
77 6
85 6
86 6
88 6
89 6
91 6
94 6
96 6
97 6
98 6
99 6
101 6
106 6
108 6
111 6
112 6
117 6
118 6
119 6
120 6
121 6
128 6
129 6
133 6
134 6
135 6
138 6
143 6
145 6
148 6
149 6
153 6
154 6
159 6
162 6
165 6
166 6
169 6
170 6
171 6
173 6
176 6
180 6
182 6
183 6
184 6
185 6
190 6
194 6
195 6
197 6
199 6
201 6
207 6
209 6
212 6
214 6
219 6
222 6
224 6
225 6
228 6
229 6
235 6
236 6
238 6
243 6
244 6
245 6
247 6
249 6
251 6
253 6
254 6
257 6
258 6
262 6
264 6
268 6
269 6
271 6
274 6
276 6
277 6
279 6
283 6
285 6
288 6
294 6
295 6
296 6
297 6
301 6
307 6
309 6
311 6
312 6
317 6
325 6
327 6
329 6
335 6
336 6
347 6
351 6
359 6
364 6
367 6
368 6
369 6
378 6
392 6
393 6
399 6
402 6
403 6
405 6
406 6
408 6
412 6
414 6
415 6
417 6
420 6
423 6
425 6
428 6
429 6
431 6
432 6
434 6
435 6
436 6
441 6
442 6
444 6
446 6
451 6
453 6
454 6
456 6
457 6
458 6
460 6
461 6
463 6
465 6
468 6
469 6
474 6
476 6
482 6
483 6
486 6
490 6
492 6
494 6
495 6
496 6
497 6
498 6
500 6
504 6
505 6
508 6
509 6
510 6
513 6
517 6
521 6
522 6
523 6
524 6
526 6
528 6
530 6
531 6
534 6
537 6
538 6
545 6
548 6
550 6
551 6
554 6
555 6
557 6
559 6
561 6
563 6
566 6
568 6
569 6
570 6
571 6
573 6
574 6
577 6
579 6
583 6
585 6
587 6
589 6
593 6
602 6
604 6
616 6
626 6
631 6
646 6
647 6
653 6
655 6
662 6
676 6
688 6
689 6
691 6
704 6
711 6
716 6
746 6
761 6
783 6
794 6
822 6
851 6
853 6
859 6
871 6
877 6
880 6
882 6
884 6
886 6
889 6
897 6
907 6
917 6
952 6
970 6
978 6
997 6
3 7
4 7
5 7
6 7
9 7
15 7
18 7
19 7
21 7
23 7
24 7
25 7
28 7
30 7
33 7
34 7
35 7
38 7
39 7
42 7
47 7
51 7
52 7
53 7
56 7
60 7
62 7
63 7
64 7
65 7
67 7
68 7
71 7
73 7
74 7
83 7
86 7
89 7
97 7
107 7
112 7
120 7
121 7
134 7
135 7
143 7
145 7
149 7
152 7
165 7
176 7
183 7
190 7
195 7
203 7
207 7
209 7
212 7
216 7
219 7
228 7
235 7
243 7
247 7
257 7
288 7
297 7
307 7
311 7
345 7
359 7
364 7
368 7
380 7
399 7
432 7
446 7
462 7
463 7
473 7
513 7
534 7
566 7
602 7
626 7
634 7
641 7
662 7
697 7
783 7
811 7
874 7
881 7
886 7
978 7
997 7
2 8
3 8
4 8
5 8
6 8
9 8
12 8
13 8
15 8
16 8
17 8
18 8
21 8
23 8
24 8
25 8
26 8
27 8
28 8
30 8
31 8
34 8
37 8
38 8
39 8
40 8
43 8
45 8
46 8
47 8
48 8
49 8
51 8
52 8
53 8
54 8
56 8
57 8
58 8
59 8
60 8
62 8
64 8
65 8
66 8
67 8
71 8
73 8
74 8
75 8
77 8
78 8
79 8
80 8
81 8
83 8
85 8
86 8
87 8
88 8
92 8
93 8
98 8
99 8
101 8
106 8
110 8
111 8
114 8
115 8
118 8
121 8
123 8
124 8
125 8
127 8
129 8
132 8
134 8
135 8
138 8
139 8
141 8
142 8
143 8
145 8
146 8
149 8
150 8
152 8
155 8
158 8
160 8
162 8
164 8
165 8
166 8
167 8
168 8
169 8
170 8
173 8
175 8
176 8
177 8
178 8
180 8
181 8
183 8
184 8
185 8
186 8
188 8
189 8
190 8
191 8
193 8
194 8
196 8
199 8
206 8
207 8
212 8
214 8
215 8
216 8
217 8
223 8
224 8
225 8
228 8
229 8
233 8
234 8
235 8
238 8
239 8
243 8
244 8
246 8
247 8
251 8
252 8
253 8
257 8
258 8
260 8
261 8
264 8
265 8
267 8
268 8
269 8
270 8
274 8
276 8
277 8
278 8
280 8
281 8
283 8
284 8
285 8
287 8
288 8
289 8
290 8
291 8
294 8
295 8
296 8
297 8
299 8
301 8
302 8
303 8
305 8
306 8
308 8
309 8
311 8
312 8
315 8
316 8
318 8
320 8
324 8
325 8
327 8
328 8
329 8
331 8
333 8
335 8
336 8
340 8
342 8
343 8
347 8
350 8
354 8
358 8
359 8
365 8
366 8
368 8
369 8
371 8
373 8
375 8
377 8
378 8
379 8
380 8
382 8
383 8
384 8
389 8
392 8
393 8
395 8
399 8
402 8
403 8
405 8
408 8
409 8
412 8
413 8
414 8
415 8
417 8
420 8
423 8
425 8
427 8
428 8
429 8
430 8
431 8
432 8
434 8
435 8
436 8
437 8
438 8
439 8
441 8
442 8
443 8
444 8
446 8
447 8
448 8
449 8
450 8
451 8
453 8
454 8
456 8
457 8
459 8
460 8
461 8
462 8
463 8
466 8
468 8
469 8
470 8
471 8
472 8
473 8
474 8
476 8
477 8
478 8
479 8
484 8
485 8
487 8
488 8
489 8
490 8
496 8
505 8
506 8
507 8
508 8
513 8
514 8
516 8
517 8
518 8
519 8
521 8
523 8
526 8
528 8
534 8
539 8
540 8
544 8
546 8
547 8
548 8
549 8
550 8
553 8
554 8
556 8
557 8
559 8
562 8
563 8
566 8
568 8
570 8
571 8
573 8
574 8
576 8
577 8
580 8
581 8
582 8
586 8
587 8
590 8
593 8
600 8
601 8
602 8
604 8
606 8
609 8
611 8
615 8
616 8
618 8
619 8
621 8
623 8
625 8
626 8
628 8
629 8
630 8
631 8
633 8
634 8
638 8
639 8
640 8
643 8
645 8
646 8
647 8
650 8
651 8
653 8
655 8
656 8
658 8
659 8
660 8
662 8
664 8
668 8
670 8
673 8
674 8
676 8
677 8
678 8
679 8
680 8
682 8
685 8
688 8
689 8
690 8
691 8
692 8
694 8
697 8
701 8
702 8
704 8
706 8
711 8
712 8
714 8
716 8
717 8
721 8
722 8
723 8
725 8
728 8
732 8
733 8
734 8
735 8
737 8
738 8
741 8
742 8
746 8
748 8
749 8
751 8
754 8
758 8
759 8
761 8
762 8
763 8
767 8
771 8
775 8
776 8
779 8
781 8
782 8
783 8
784 8
785 8
786 8
787 8
788 8
789 8
794 8
795 8
798 8
800 8
803 8
804 8
805 8
809 8
811 8
812 8
816 8
823 8
825 8
827 8
828 8
830 8
831 8
832 8
833 8
834 8
837 8
838 8
841 8
843 8
847 8
848 8
849 8
850 8
853 8
856 8
857 8
858 8
859 8
860 8
861 8
862 8
868 8
871 8
877 8
878 8
880 8
882 8
883 8
884 8
885 8
886 8
889 8
890 8
892 8
895 8
896 8
902 8
903 8
907 8
913 8
914 8
917 8
918 8
919 8
922 8
926 8
928 8
932 8
936 8
937 8
941 8
942 8
943 8
946 8
947 8
949 8
951 8
952 8
955 8
957 8
958 8
960 8
961 8
963 8
964 8
966 8
970 8
972 8
974 8
976 8
978 8
980 8
985 8
989 8
991 8
997 8
998 8
999 8
2 9
3 9
4 9
5 9
12 9
14 9
16 9
17 9
20 9
21 9
23 9
26 9
30 9
31 9
32 9
39 9
40 9
42 9
51 9
53 9
56 9
62 9
63 9
65 9
73 9
75 9
86 9
87 9
118 9
119 9
120 9
121 9
124 9
128 9
134 9
135 9
136 9
143 9
145 9
147 9
149 9
156 9
165 9
168 9
170 9
176 9
183 9
190 9
191 9
194 9
199 9
201 9
207 9
208 9
212 9
216 9
222 9
224 9
228 9
229 9
233 9
236 9
237 9
241 9
243 9
244 9
245 9
247 9
251 9
253 9
255 9
260 9
262 9
264 9
265 9
276 9
277 9
279 9
280 9
285 9
287 9
291 9
293 9
297 9
301 9
302 9
311 9
312 9
317 9
318 9
319 9
325 9
326 9
327 9
335 9
340 9
349 9
358 9
359 9
372 9
374 9
377 9
393 9
399 9
402 9
403 9
405 9
408 9
410 9
412 9
414 9
415 9
420 9
423 9
425 9
428 9
429 9
432 9
435 9
436 9
441 9
444 9
446 9
447 9
451 9
453 9
454 9
457 9
458 9
460 9
461 9
462 9
463 9
465 9
468 9
469 9
473 9
482 9
483 9
486 9
490 9
492 9
494 9
495 9
496 9
497 9
498 9
500 9
504 9
505 9
508 9
509 9
510 9
513 9
517 9
521 9
522 9
523 9
524 9
526 9
530 9
531 9
534 9
537 9
538 9
539 9
545 9
546 9
548 9
550 9
551 9
554 9
555 9
561 9
563 9
566 9
568 9
569 9
570 9
571 9
574 9
576 9
579 9
583 9
587 9
602 9
626 9
634 9
643 9
646 9
678 9
680 9
689 9
704 9
711 9
788 9
802 9
880 9
997 9
2 10
3 10
4 10
5 10
6 10
7 10
9 10
12 10
14 10
15 10
16 10
17 10
18 10
19 10
21 10
23 10
24 10
25 10
26 10
27 10
28 10
29 10
30 10
31 10
32 10
33 10
34 10
35 10
38 10
39 10
40 10
42 10
43 10
45 10
47 10
48 10
49 10
51 10
52 10
53 10
54 10
56 10
57 10
59 10
60 10
61 10
62 10
63 10
64 10
65 10
66 10
67 10
68 10
69 10
71 10
72 10
73 10
74 10
75 10
77 10
78 10
79 10
80 10
81 10
83 10
85 10
86 10
87 10
89 10
91 10
92 10
93 10
94 10
96 10
97 10
98 10
99 10
101 10
102 10
105 10
107 10
110 10
111 10
112 10
114 10
117 10
118 10
119 10
120 10
121 10
123 10
124 10
125 10
128 10
129 10
132 10
133 10
134 10
135 10
137 10
138 10
139 10
141 10
142 10
143 10
144 10
145 10
147 10
148 10
149 10
151 10
152 10
153 10
154 10
156 10
157 10
159 10
162 10
165 10
166 10
167 10
168 10
169 10
170 10
172 10
173 10
174 10
176 10
180 10
181 10
182 10
183 10
184 10
185 10
187 10
190 10
191 10
194 10
195 10
197 10
198 10
199 10
201 10
202 10
203 10
204 10
207 10
208 10
209 10
213 10
214 10
216 10
219 10
222 10
224 10
227 10
228 10
233 10
234 10
235 10
236 10
237 10
238 10
241 10
243 10
245 10
246 10
247 10
249 10
251 10
253 10
254 10
257 10
258 10
259 10
260 10
262 10
264 10
268 10
269 10
271 10
274 10
276 10
277 10
279 10
283 10
285 10
286 10
288 10
291 10
292 10
293 10
294 10
295 10
296 10
297 10
299 10
301 10
302 10
303 10
306 10
307 10
310 10
311 10
312 10
313 10
316 10
317 10
319 10
325 10
327 10
329 10
334 10
340 10
342 10
345 10
349 10
350 10
351 10
359 10
364 10
368 10
369 10
370 10
372 10
378 10
380 10
392 10
393 10
396 10
399 10
402 10
403 10
405 10
406 10
408 10
410 10
412 10
414 10
415 10
419 10
420 10
423 10
425 10
427 10
428 10
429 10
431 10
432 10
434 10
435 10
436 10
439 10
441 10
442 10
443 10
444 10
446 10
451 10
453 10
454 10
456 10
457 10
459 10
460 10
463 10
468 10
473 10
474 10
486 10
487 10
496 10
499 10
503 10
504 10
513 10
516 10
521 10
526 10
528 10
531 10
534 10
539 10
543 10
545 10
546 10
551 10
553 10
554 10
555 10
557 10
559 10
563 10
564 10
566 10
570 10
571 10
573 10
575 10
576 10
577 10
583 10
592 10
593 10
596 10
602 10
604 10
610 10
611 10
616 10
617 10
621 10
625 10
628 10
634 10
638 10
641 10
646 10
650 10
651 10
652 10
653 10
655 10
662 10
668 10
670 10
671 10
676 10
679 10
681 10
689 10
690 10
699 10
701 10
702 10
704 10
711 10
716 10
725 10
734 10
738 10
741 10
758 10
768 10
771 10
774 10
781 10
783 10
788 10
792 10
794 10
802 10
810 10
816 10
833 10
834 10
840 10
842 10
846 10
849 10
853 10
857 10
858 10
871 10
873 10
876 10
880 10
885 10
886 10
888 10
889 10
896 10
903 10
922 10
929 10
932 10
933 10
937 10
946 10
952 10
954 10
958 10
963 10
964 10
970 10
978 10
980 10
987 10
990 10
997 10
5 11
9 11
12 11
13 11
17 11
21 11
23 11
25 11
26 11
31 11
45 11
51 11
52 11
63 11
65 11
73 11
86 11
99 11
119 11
145 11
149 11
190 11
207 11
214 11
234 11
243 11
264 11
307 11
326 11
432 11
568 11
571 11
602 11
833 11
867 11
978 11
997 11
2 12
3 12
4 12
5 12
6 12
8 12
9 12
10 12
11 12
12 12
13 12
16 12
17 12
18 12
19 12
20 12
21 12
23 12
24 12
25 12
26 12
28 12
29 12
30 12
31 12
32 12
34 12
35 12
37 12
38 12
39 12
40 12
43 12
44 12
45 12
46 12
47 12
48 12
49 12
50 12
51 12
52 12
53 12
54 12
56 12
57 12
58 12
59 12
60 12
61 12
62 12
63 12
64 12
65 12
66 12
68 12
71 12
73 12
75 12
77 12
78 12
79 12
80 12
81 12
83 12
85 12
86 12
87 12
88 12
92 12
96 12
98 12
99 12
101 12
102 12
105 12
106 12
110 12
111 12
112 12
114 12
115 12
117 12
119 12
120 12
121 12
124 12
125 12
126 12
128 12
129 12
130 12
132 12
133 12
134 12
135 12
138 12
139 12
140 12
142 12
143 12
144 12
145 12
146 12
147 12
148 12
149 12
150 12
151 12
152 12
154 12
155 12
156 12
158 12
159 12
164 12
165 12
167 12
168 12
169 12
170 12
171 12
172 12
173 12
175 12
176 12
177 12
178 12
179 12
180 12
181 12
183 12
184 12
186 12
187 12
188 12
189 12
190 12
191 12
193 12
194 12
195 12
196 12
197 12
199 12
204 12
206 12
207 12
209 12
211 12
212 12
214 12
215 12
216 12
217 12
219 12
222 12
224 12
225 12
228 12
229 12
230 12
233 12
234 12
235 12
238 12
239 12
243 12
245 12
246 12
247 12
251 12
253 12
254 12
257 12
258 12
259 12
260 12
261 12
264 12
265 12
268 12
269 12
270 12
271 12
274 12
276 12
277 12
278 12
279 12
280 12
281 12
282 12
283 12
285 12
286 12
287 12
288 12
289 12
290 12
291 12
294 12
295 12
296 12
297 12
299 12
301 12
302 12
303 12
305 12
306 12
308 12
311 12
312 12
315 12
316 12
317 12
318 12
324 12
325 12
326 12
327 12
328 12
330 12
331 12
333 12
335 12
336 12
340 12
341 12
342 12
343 12
347 12
350 12
351 12
354 12
357 12
358 12
359 12
361 12
364 12
365 12
366 12
368 12
369 12
370 12
371 12
373 12
374 12
375 12
377 12
378 12
379 12
380 12
381 12
383 12
384 12
393 12
395 12
396 12
399 12
400 12
402 12
403 12
404 12
405 12
408 12
409 12
412 12
414 12
415 12
417 12
420 12
423 12
424 12
425 12
426 12
427 12
428 12
429 12
430 12
431 12
432 12
434 12
435 12
436 12
438 12
439 12
441 12
442 12
443 12
444 12
446 12
447 12
450 12
451 12
453 12
454 12
456 12
457 12
459 12
460 12
461 12
462 12
463 12
465 12
467 12
469 12
470 12
472 12
473 12
474 12
476 12
478 12
479 12
481 12
482 12
483 12
487 12
488 12
489 12
493 12
494 12
496 12
499 12
501 12
502 12
503 12
504 12
505 12
507 12
508 12
511 12
513 12
514 12
516 12
517 12
518 12
519 12
520 12
521 12
523 12
526 12
528 12
531 12
533 12
534 12
536 12
539 12
543 12
546 12
547 12
548 12
549 12
550 12
552 12
553 12
554 12
555 12
556 12
557 12
559 12
563 12
564 12
566 12
568 12
569 12
570 12
571 12
573 12
574 12
576 12
577 12
578 12
581 12
582 12
583 12
586 12
589 12
590 12
591 12
593 12
595 12
597 12
598 12
599 12
601 12
602 12
603 12
604 12
605 12
606 12
608 12
609 12
610 12
611 12
612 12
613 12
615 12
616 12
617 12
618 12
619 12
620 12
621 12
622 12
623 12
625 12
626 12
628 12
629 12
630 12
631 12
633 12
634 12
635 12
636 12
638 12
639 12
640 12
641 12
643 12
645 12
646 12
647 12
649 12
650 12
652 12
653 12
655 12
656 12
657 12
658 12
659 12
660 12
662 12
664 12
665 12
666 12
667 12
668 12
670 12
671 12
672 12
673 12
674 12
676 12
677 12
678 12
679 12
680 12
681 12
682 12
683 12
684 12
685 12
686 12
687 12
688 12
689 12
690 12
691 12
694 12
695 12
696 12
699 12
700 12
701 12
702 12
704 12
705 12
708 12
710 12
711 12
714 12
715 12
716 12
717 12
718 12
719 12
720 12
721 12
722 12
723 12
724 12
725 12
728 12
729 12
730 12
732 12
733 12
734 12
735 12
737 12
738 12
739 12
741 12
742 12
744 12
745 12
746 12
748 12
749 12
750 12
751 12
753 12
754 12
755 12
756 12
757 12
758 12
759 12
760 12
761 12
762 12
763 12
764 12
767 12
768 12
769 12
770 12
771 12
772 12
773 12
774 12
776 12
779 12
781 12
782 12
783 12
784 12
787 12
788 12
789 12
790 12
791 12
792 12
793 12
794 12
795 12
796 12
797 12
798 12
799 12
800 12
803 12
804 12
805 12
806 12
808 12
809 12
810 12
811 12
813 12
815 12
816 12
817 12
818 12
819 12
820 12
821 12
825 12
826 12
827 12
828 12
829 12
830 12
832 12
833 12
834 12
835 12
836 12
838 12
840 12
841 12
842 12
843 12
846 12
847 12
848 12
849 12
851 12
852 12
853 12
855 12
856 12
857 12
858 12
859 12
860 12
861 12
862 12
864 12
865 12
867 12
869 12
870 12
871 12
872 12
873 12
874 12
875 12
876 12
877 12
878 12
880 12
881 12
882 12
883 12
884 12
885 12
886 12
887 12
888 12
889 12
890 12
891 12
896 12
897 12
898 12
899 12
902 12
903 12
907 12
908 12
909 12
911 12
913 12
917 12
918 12
919 12
920 12
922 12
924 12
925 12
926 12
927 12
928 12
929 12
932 12
933 12
934 12
935 12
936 12
937 12
938 12
939 12
940 12
941 12
942 12
943 12
944 12
946 12
949 12
951 12
952 12
953 12
954 12
955 12
957 12
958 12
960 12
961 12
962 12
963 12
964 12
965 12
966 12
968 12
969 12
970 12
972 12
973 12
974 12
976 12
977 12
978 12
980 12
982 12
983 12
984 12
985 12
986 12
987 12
988 12
989 12
993 12
994 12
995 12
997 12
999 12
1000 12
2 13
3 13
5 13
9 13
12 13
17 13
21 13
22 13
23 13
25 13
26 13
34 13
38 13
39 13
45 13
48 13
51 13
52 13
53 13
56 13
63 13
65 13
66 13
86 13
98 13
99 13
119 13
145 13
149 13
180 13
184 13
190 13
207 13
224 13
229 13
234 13
243 13
245 13
247 13
251 13
264 13
280 13
294 13
301 13
302 13
311 13
312 13
326 13
368 13
377 13
378 13
414 13
432 13
436 13
446 13
453 13
476 13
513 13
518 13
528 13
534 13
539 13
546 13
573 13
602 13
643 13
670 13
675 13
688 13
716 13
719 13
734 13
752 13
783 13
821 13
860 13
880 13
954 13
970 13
2 14
3 14
4 14
5 14
17 14
21 14
23 14
25 14
51 14
56 14
65 14
73 14
86 14
124 14
145 14
149 14
167 14
177 14
190 14
199 14
207 14
216 14
225 14
228 14
229 14
243 14
247 14
276 14
294 14
297 14
311 14
340 14
359 14
399 14
408 14
412 14
436 14
447 14
457 14
474 14
557 14
562 14
570 14
602 14
634 14
650 14
783 14
2 15
3 15
4 15
5 15
7 15
8 15
9 15
12 15
17 15
18 15
19 15
22 15
27 15
28 15
51 15
52 15
54 15
56 15
62 15
63 15
65 15
66 15
70 15
73 15
75 15
78 15
80 15
85 15
86 15
102 15
108 15
119 15
120 15
121 15
124 15
128 15
133 15
143 15
144 15
145 15
147 15
149 15
176 15
183 15
190 15
194 15
195 15
207 15
214 15
216 15
224 15
225 15
228 15
229 15
243 15
257 15
258 15
276 15
280 15
283 15
285 15
293 15
297 15
299 15
301 15
302 15
307 15
312 15
317 15
347 15
350 15
359 15
364 15
366 15
368 15
370 15
372 15
377 15
412 15
417 15
436 15
457 15
463 15
474 15
498 15
508 15
534 15
539 15
557 15
576 15
602 15
604 15
616 15
626 15
634 15
646 15
655 15
680 15
690 15
691 15
711 15
716 15
754 15
797 15
800 15
819 15
860 15
880 15
886 15
941 15
952 15
954 15
2 16
3 16
9 16
12 16
14 16
17 16
18 16
22 16
23 16
24 16
30 16
38 16
39 16
40 16
47 16
53 16
54 16
56 16
58 16
59 16
63 16
64 16
65 16
80 16
81 16
93 16
98 16
110 16
129 16
133 16
145 16
149 16
151 16
152 16
165 16
167 16
168 16
173 16
189 16
190 16
194 16
197 16
214 16
216 16
217 16
223 16
224 16
225 16
229 16
234 16
239 16
246 16
247 16
264 16
280 16
303 16
312 16
315 16
317 16
323 16
350 16
368 16
369 16
378 16
380 16
399 16
400 16
425 16
431 16
446 16
451 16
453 16
459 16
463 16
473 16
496 16
513 16
516 16
520 16
521 16
528 16
534 16
539 16
542 16
571 16
577 16
602 16
604 16
616 16
626 16
643 16
646 16
655 16
675 16
691 16
706 16
711 16
716 16
721 16
729 16
771 16
783 16
804 16
828 16
833 16
838 16
886 16
957 16
960 16
966 16
2 17
3 17
4 17
5 17
6 17
8 17
9 17
10 17
11 17
12 17
13 17
14 17
15 17
16 17
18 17
19 17
20 17
21 17
23 17
24 17
25 17
28 17
30 17
32 17
37 17
40 17
43 17
44 17
45 17
46 17
47 17
48 17
50 17
51 17
52 17
54 17
56 17
58 17
59 17
60 17
61 17
62 17
63 17
64 17
65 17
66 17
73 17
75 17
81 17
86 17
87 17
88 17
92 17
96 17
99 17
101 17
105 17
110 17
112 17
120 17
123 17
124 17
125 17
128 17
129 17
132 17
133 17
134 17
135 17
136 17
139 17
142 17
143 17
144 17
145 17
146 17
149 17
152 17
154 17
155 17
158 17
162 17
165 17
167 17
168 17
170 17
171 17
173 17
176 17
177 17
178 17
179 17
180 17
181 17
183 17
184 17
189 17
190 17
191 17
193 17
194 17
199 17
201 17
207 17
209 17
212 17
216 17
217 17
222 17
224 17
228 17
229 17
230 17
233 17
234 17
239 17
241 17
243 17
244 17
245 17
246 17
247 17
249 17
251 17
253 17
254 17
257 17
258 17
262 17
264 17
267 17
269 17
274 17
276 17
277 17
279 17
280 17
283 17
285 17
286 17
294 17
295 17
296 17
297 17
299 17
301 17
302 17
303 17
307 17
311 17
312 17
315 17
316 17
317 17
318 17
323 17
324 17
325 17
326 17
330 17
333 17
340 17
345 17
347 17
349 17
350 17
358 17
359 17
361 17
365 17
366 17
368 17
369 17
373 17
375 17
377 17
378 17
381 17
389 17
392 17
393 17
396 17
399 17
402 17
403 17
405 17
407 17
408 17
412 17
414 17
415 17
417 17
420 17
423 17
425 17
428 17
429 17
432 17
435 17
436 17
437 17
441 17
442 17
443 17
444 17
446 17
447 17
451 17
453 17
454 17
456 17
457 17
458 17
459 17
460 17
461 17
462 17
463 17
465 17
466 17
468 17
469 17
472 17
473 17
474 17
479 17
482 17
483 17
485 17
486 17
489 17
490 17
492 17
494 17
495 17
496 17
497 17
498 17
500 17
501 17
502 17
503 17
504 17
505 17
507 17
508 17
509 17
510 17
513 17
516 17
517 17
518 17
521 17
522 17
523 17
524 17
526 17
528 17
530 17
531 17
533 17
534 17
536 17
537 17
538 17
539 17
545 17
548 17
550 17
551 17
553 17
554 17
555 17
557 17
559 17
561 17
563 17
564 17
566 17
568 17
569 17
570 17
571 17
573 17
574 17
576 17
577 17
578 17
579 17
581 17
583 17
584 17
586 17
587 17
589 17
590 17
591 17
593 17
595 17
596 17
598 17
599 17
601 17
602 17
603 17
604 17
605 17
606 17
608 17
610 17
612 17
613 17
615 17
616 17
617 17
618 17
620 17
621 17
623 17
625 17
626 17
628 17
629 17
630 17
631 17
633 17
634 17
635 17
636 17
638 17
639 17
640 17
641 17
643 17
646 17
647 17
649 17
650 17
651 17
652 17
653 17
655 17
656 17
657 17
662 17
664 17
665 17
667 17
670 17
671 17
672 17
674 17
675 17
676 17
677 17
679 17
680 17
681 17
682 17
684 17
686 17
687 17
689 17
691 17
692 17
695 17
696 17
697 17
700 17
701 17
702 17
704 17
705 17
708 17
710 17
711 17
714 17
715 17
716 17
717 17
719 17
720 17
721 17
722 17
723 17
724 17
725 17
729 17
730 17
732 17
734 17
737 17
738 17
741 17
742 17
744 17
745 17
746 17
748 17
749 17
750 17
753 17
754 17
755 17
756 17
757 17
758 17
760 17
761 17
762 17
764 17
767 17
768 17
769 17
770 17
772 17
774 17
776 17
779 17
781 17
782 17
783 17
784 17
785 17
788 17
789 17
791 17
792 17
793 17
794 17
795 17
796 17
797 17
798 17
800 17
804 17
806 17
808 17
810 17
811 17
813 17
816 17
817 17
818 17
819 17
820 17
821 17
825 17
826 17
828 17
829 17
830 17
833 17
834 17
836 17
840 17
841 17
842 17
843 17
846 17
847 17
849 17
851 17
852 17
853 17
855 17
856 17
857 17
858 17
859 17
860 17
861 17
864 17
865 17
870 17
871 17
873 17
874 17
875 17
876 17
877 17
878 17
880 17
881 17
884 17
885 17
886 17
887 17
888 17
889 17
890 17
891 17
896 17
898 17
899 17
902 17
903 17
907 17
908 17
909 17
911 17
913 17
917 17
918 17
919 17
920 17
924 17
925 17
926 17
928 17
929 17
932 17
933 17
934 17
935 17
938 17
939 17
940 17
941 17
942 17
944 17
946 17
949 17
951 17
952 17
954 17
957 17
958 17
962 17
963 17
965 17
966 17
968 17
969 17
970 17
973 17
974 17
976 17
977 17
978 17
980 17
982 17
983 17
984 17
985 17
986 17
988 17
993 17
994 17
995 17
997 17
1000 17
2 18
3 18
4 18
5 18
6 18
9 18
12 18
16 18
17 18
19 18
20 18
21 18
23 18
25 18
27 18
28 18
30 18
31 18
32 18
33 18
34 18
35 18
38 18
39 18
41 18
42 18
43 18
45 18
47 18
49 18
51 18
52 18
53 18
54 18
56 18
57 18
58 18
59 18
60 18
62 18
63 18
65 18
66 18
67 18
68 18
71 18
72 18
73 18
74 18
75 18
78 18
80 18
81 18
83 18
85 18
86 18
88 18
89 18
92 18
93 18
96 18
98 18
99 18
101 18
102 18
105 18
106 18
108 18
110 18
111 18
112 18
117 18
118 18
119 18
120 18
121 18
123 18
124 18
125 18
128 18
129 18
130 18
132 18
133 18
134 18
135 18
139 18
140 18
143 18
145 18
147 18
148 18
149 18
150 18
151 18
152 18
153 18
155 18
157 18
163 18
164 18
165 18
166 18
167 18
168 18
173 18
174 18
175 18
176 18
182 18
183 18
185 18
187 18
188 18
190 18
191 18
194 18
195 18
197 18
199 18
201 18
206 18
207 18
208 18
209 18
212 18
214 18
216 18
219 18
222 18
224 18
225 18
228 18
229 18
230 18
233 18
234 18
235 18
236 18
237 18
239 18
241 18
243 18
244 18
245 18
246 18
247 18
251 18
254 18
255 18
257 18
258 18
260 18
261 18
262 18
264 18
267 18
268 18
269 18
271 18
274 18
276 18
277 18
278 18
279 18
280 18
281 18
283 18
285 18
287 18
288 18
289 18
293 18
294 18
295 18
296 18
297 18
299 18
301 18
305 18
307 18
311 18
312 18
315 18
316 18
317 18
320 18
324 18
325 18
327 18
331 18
334 18
335 18
336 18
342 18
345 18
347 18
348 18
350 18
351 18
358 18
359 18
367 18
369 18
375 18
377 18
378 18
383 18
389 18
392 18
393 18
395 18
399 18
402 18
403 18
405 18
407 18
408 18
412 18
414 18
415 18
417 18
420 18
422 18
425 18
427 18
428 18
429 18
430 18
431 18
432 18
434 18
435 18
436 18
441 18
442 18
443 18
444 18
446 18
447 18
449 18
451 18
453 18
454 18
456 18
457 18
458 18
459 18
460 18
461 18
462 18
463 18
465 18
469 18
471 18
482 18
483 18
486 18
490 18
492 18
494 18
495 18
496 18
497 18
498 18
499 18
500 18
504 18
505 18
508 18
509 18
510 18
513 18
514 18
516 18
517 18
518 18
521 18
522 18
523 18
524 18
526 18
528 18
529 18
530 18
531 18
534 18
537 18
538 18
539 18
540 18
542 18
543 18
545 18
546 18
547 18
548 18
549 18
550 18
551 18
554 18
555 18
556 18
557 18
559 18
561 18
563 18
566 18
568 18
569 18
570 18
571 18
573 18
574 18
576 18
577 18
579 18
581 18
582 18
583 18
584 18
587 18
589 18
593 18
599 18
602 18
604 18
608 18
609 18
616 18
617 18
620 18
625 18
626 18
628 18
630 18
633 18
634 18
641 18
642 18
646 18
647 18
649 18
650 18
655 18
656 18
658 18
662 18
668 18
673 18
675 18
676 18
678 18
679 18
680 18
681 18
683 18
685 18
689 18
690 18
691 18
694 18
697 18
701 18
704 18
711 18
716 18
722 18
728 18
732 18
734 18
735 18
741 18
744 18
750 18
754 18
758 18
763 18
767 18
768 18
771 18
773 18
775 18
782 18
783 18
784 18
790 18
791 18
792 18
796 18
800 18
802 18
803 18
804 18
810 18
816 18
825 18
828 18
831 18
834 18
838 18
849 18
851 18
855 18
858 18
859 18
862 18
868 18
871 18
872 18
877 18
880 18
883 18
884 18
885 18
886 18
889 18
892 18
897 18
902 18
908 18
918 18
919 18
922 18
926 18
936 18
946 18
947 18
951 18
952 18
954 18
964 18
978 18
987 18
989 18
991 18
997 18
2 19
3 19
4 19
5 19
6 19
7 19
9 19
12 19
15 19
16 19
17 19
18 19
21 19
23 19
24 19
25 19
26 19
28 19
29 19
30 19
31 19
33 19
34 19
35 19
38 19
39 19
40 19
41 19
42 19
43 19
45 19
48 19
51 19
52 19
53 19
56 19
57 19
58 19
59 19
60 19
61 19
63 19
65 19
66 19
67 19
68 19
71 19
72 19
73 19
75 19
83 19
85 19
86 19
92 19
93 19
99 19
101 19
102 19
105 19
107 19
110 19
119 19
120 19
121 19
123 19
124 19
127 19
128 19
129 19
134 19
142 19
143 19
145 19
148 19
149 19
152 19
153 19
154 19
159 19
162 19
165 19
169 19
170 19
173 19
185 19
190 19
193 19
194 19
195 19
199 19
201 19
207 19
209 19
212 19
224 19
225 19
228 19
236 19
237 19
239 19
241 19
243 19
251 19
257 19
258 19
265 19
268 19
274 19
280 19
283 19
285 19
295 19
296 19
297 19
302 19
303 19
311 19
312 19
317 19
325 19
347 19
350 19
359 19
364 19
366 19
368 19
369 19
370 19
378 19
399 19
402 19
403 19
405 19
417 19
426 19
436 19
441 19
442 19
446 19
451 19
453 19
457 19
460 19
463 19
468 19
469 19
473 19
474 19
483 19
496 19
504 19
513 19
528 19
534 19
539 19
548 19
555 19
557 19
559 19
566 19
568 19
573 19
576 19
577 19
585 19
593 19
598 19
602 19
604 19
611 19
616 19
626 19
631 19
634 19
641 19
642 19
647 19
653 19
655 19
670 19
680 19
681 19
689 19
691 19
708 19
716 19
718 19
734 19
738 19
759 19
762 19
774 19
776 19
783 19
789 19
794 19
804 19
805 19
806 19
810 19
818 19
828 19
858 19
864 19
872 19
886 19
907 19
911 19
932 19
935 19
942 19
952 19
954 19
959 19
962 19
970 19
978 19
989 19
2 20
3 20
4 20
5 20
6 20
8 20
9 20
12 20
13 20
14 20
16 20
17 20
18 20
19 20
21 20
22 20
23 20
24 20
25 20
26 20
27 20
28 20
29 20
30 20
31 20
33 20
34 20
35 20
38 20
39 20
41 20
42 20
43 20
45 20
46 20
47 20
48 20
49 20
50 20
51 20
52 20
53 20
56 20
58 20
59 20
60 20
61 20
62 20
63 20
64 20
65 20
66 20
67 20
68 20
71 20
72 20
73 20
75 20
77 20
78 20
80 20
81 20
83 20
85 20
86 20
88 20
93 20
94 20
96 20
98 20
99 20
101 20
105 20
106 20
107 20
108 20
110 20
114 20
119 20
120 20
124 20
125 20
127 20
128 20
129 20
130 20
132 20
134 20
138 20
142 20
143 20
145 20
148 20
149 20
151 20
152 20
153 20
155 20
158 20
159 20
160 20
162 20
165 20
166 20
168 20
169 20
171 20
173 20
175 20
176 20
177 20
180 20
181 20
183 20
184 20
185 20
189 20
190 20
191 20
193 20
194 20
198 20
199 20
201 20
207 20
212 20
213 20
214 20
216 20
222 20
223 20
224 20
225 20
228 20
229 20
233 20
234 20
235 20
241 20
243 20
246 20
247 20
251 20
253 20
257 20
258 20
262 20
264 20
265 20
268 20
269 20
271 20
276 20
279 20
280 20
281 20
283 20
285 20
290 20
291 20
292 20
294 20
295 20
296 20
297 20
299 20
301 20
302 20
303 20
305 20
306 20
307 20
308 20
309 20
310 20
311 20
312 20
313 20
315 20
316 20
317 20
322 20
324 20
325 20
326 20
329 20
334 20
340 20
341 20
342 20
343 20
347 20
350 20
351 20
357 20
358 20
359 20
364 20
368 20
369 20
370 20
374 20
375 20
377 20
378 20
379 20
380 20
381 20
383 20
387 20
395 20
399 20
403 20
412 20
413 20
417 20
422 20
425 20
427 20
429 20
431 20
432 20
435 20
436 20
439 20
442 20
443 20
444 20
447 20
451 20
453 20
456 20
457 20
459 20
460 20
463 20
465 20
468 20
469 20
471 20
472 20
473 20
474 20
479 20
485 20
496 20
497 20
502 20
504 20
507 20
508 20
513 20
516 20
517 20
520 20
526 20
528 20
531 20
534 20
539 20
548 20
550 20
553 20
555 20
559 20
562 20
563 20
564 20
566 20
568 20
570 20
571 20
573 20
576 20
577 20
578 20
585 20
589 20
592 20
597 20
602 20
604 20
611 20
613 20
615 20
616 20
618 20
621 20
623 20
625 20
626 20
628 20
629 20
630 20
631 20
633 20
634 20
636 20
639 20
640 20
643 20
646 20
647 20
650 20
652 20
653 20
655 20
656 20
660 20
662 20
665 20
667 20
668 20
670 20
671 20
676 20
677 20
679 20
680 20
681 20
689 20
690 20
691 20
697 20
699 20
701 20
702 20
706 20
710 20
711 20
716 20
722 20
725 20
729 20
731 20
732 20
733 20
734 20
737 20
738 20
742 20
745 20
746 20
749 20
750 20
754 20
758 20
759 20
762 20
767 20
768 20
771 20
775 20
779 20
781 20
784 20
788 20
791 20
794 20
796 20
800 20
803 20
804 20
809 20
811 20
816 20
817 20
828 20
829 20
830 20
831 20
833 20
834 20
841 20
847 20
849 20
851 20
852 20
853 20
856 20
857 20
860 20
861 20
864 20
865 20
871 20
872 20
877 20
878 20
880 20
881 20
884 20
885 20
886 20
893 20
896 20
897 20
898 20
899 20
902 20
903 20
907 20
909 20
910 20
913 20
918 20
919 20
922 20
924 20
933 20
935 20
937 20
940 20
941 20
942 20
946 20
949 20
951 20
952 20
954 20
957 20
958 20
963 20
964 20
966 20
967 20
970 20
974 20
976 20
978 20
980 20
984 20
987 20
988 20
989 20
990 20
995 20
997 20
1000 20
2 21
3 21
4 21
9 21
12 21
13 21
14 21
17 21
18 21
25 21
31 21
38 21
39 21
40 21
43 21
51 21
56 21
59 21
63 21
65 21
66 21
73 21
78 21
86 21
102 21
129 21
134 21
143 21
145 21
146 21
149 21
173 21
190 21
191 21
194 21
207 21
217 21
224 21
225 21
228 21
229 21
239 21
243 21
247 21
251 21
268 21
302 21
307 21
311 21
312 21
317 21
325 21
326 21
350 21
359 21
368 21
369 21
378 21
412 21
453 21
457 21
473 21
474 21
528 21
553 21
557 21
559 21
576 21
598 21
626 21
634 21
646 21
680 21
711 21
716 21
783 21
805 21
847 21
849 21
864 21
869 21
880 21
886 21
932 21
952 21
976 21
978 21
989 21
2 22
3 22
4 22
5 22
9 22
16 22
17 22
21 22
23 22
25 22
28 22
30 22
34 22
40 22
45 22
51 22
52 22
56 22
62 22
63 22
65 22
73 22
80 22
86 22
87 22
99 22
112 22
124 22
128 22
134 22
145 22
149 22
152 22
165 22
173 22
189 22
190 22
207 22
212 22
224 22
225 22
228 22
234 22
239 22
243 22
245 22
247 22
254 22
257 22
258 22
264 22
267 22
286 22
294 22
295 22
311 22
312 22
325 22
347 22
350 22
358 22
359 22
369 22
378 22
405 22
412 22
432 22
436 22
446 22
457 22
459 22
474 22
485 22
492 22
513 22
516 22
518 22
534 22
551 22
557 22
563 22
571 22
602 22
604 22
626 22
628 22
634 22
646 22
676 22
691 22
758 22
782 22
783 22
884 22
952 22
978 22
993 22
2 23
3 23
4 23
5 23
8 23
9 23
12 23
14 23
16 23
17 23
18 23
21 23
22 23
25 23
28 23
30 23
31 23
34 23
38 23
39 23
40 23
42 23
45 23
48 23
50 23
51 23
52 23
53 23
58 23
59 23
60 23
63 23
64 23
65 23
66 23
73 23
75 23
81 23
85 23
86 23
87 23
88 23
90 23
93 23
98 23
99 23
101 23
102 23
110 23
111 23
112 23
117 23
119 23
120 23
121 23
123 23
124 23
125 23
128 23
129 23
134 23
135 23
136 23
142 23
143 23
145 23
149 23
152 23
157 23
160 23
165 23
166 23
167 23
169 23
176 23
177 23
180 23
183 23
184 23
190 23
191 23
194 23
195 23
198 23
199 23
207 23
214 23
216 23
219 23
222 23
224 23
225 23
229 23
234 23
241 23
243 23
246 23
247 23
249 23
251 23
257 23
258 23
264 23
268 23
270 23
274 23
276 23
279 23
280 23
281 23
285 23
293 23
294 23
295 23
296 23
297 23
299 23
301 23
303 23
311 23
312 23
316 23
317 23
319 23
323 23
325 23
326 23
327 23
329 23
334 23
335 23
347 23
349 23
350 23
357 23
359 23
367 23
368 23
369 23
374 23
380 23
386 23
393 23
399 23
402 23
403 23
408 23
412 23
414 23
415 23
417 23
420 23
423 23
424 23
425 23
428 23
429 23
431 23
432 23
434 23
435 23
436 23
441 23
442 23
443 23
444 23
446 23
447 23
453 23
454 23
456 23
457 23
459 23
461 23
463 23
465 23
469 23
474 23
483 23
494 23
496 23
508 23
513 23
516 23
520 23
524 23
528 23
531 23
534 23
539 23
546 23
550 23
553 23
555 23
557 23
559 23
566 23
570 23
573 23
587 23
589 23
591 23
602 23
604 23
606 23
609 23
615 23
616 23
618 23
623 23
625 23
626 23
628 23
633 23
634 23
635 23
639 23
640 23
643 23
644 23
645 23
646 23
647 23
650 23
655 23
656 23
670 23
675 23
677 23
681 23
687 23
689 23
690 23
691 23
702 23
704 23
710 23
716 23
721 23
722 23
725 23
729 23
734 23
737 23
742 23
754 23
762 23
767 23
768 23
771 23
776 23
794 23
803 23
810 23
830 23
834 23
856 23
858 23
880 23
885 23
886 23
897 23
907 23
922 23
926 23
942 23
946 23
951 23
952 23
954 23
957 23
958 23
963 23
970 23
976 23
978 23
980 23
997 23
999 23
1000 23
2 24
3 24
4 24
5 24
6 24
8 24
9 24
12 24
15 24
16 24
18 24
21 24
22 24
23 24
25 24
27 24
28 24
30 24
31 24
34 24
40 24
42 24
43 24
44 24
45 24
46 24
47 24
48 24
49 24
51 24
52 24
53 24
54 24
56 24
57 24
58 24
59 24
60 24
62 24
63 24
64 24
65 24
66 24
67 24
68 24
71 24
75 24
78 24
79 24
80 24
81 24
83 24
85 24
86 24
88 24
91 24
92 24
98 24
99 24
101 24
102 24
105 24
106 24
110 24
111 24
112 24
114 24
115 24
120 24
121 24
123 24
124 24
125 24
128 24
129 24
132 24
133 24
138 24
139 24
142 24
143 24
145 24
148 24
149 24
151 24
152 24
153 24
154 24
155 24
166 24
167 24
168 24
169 24
175 24
176 24
177 24
181 24
183 24
184 24
185 24
187 24
190 24
191 24
193 24
194 24
195 24
197 24
199 24
203 24
204 24
206 24
207 24
212 24
214 24
216 24
217 24
219 24
224 24
225 24
228 24
229 24
233 24
235 24
239 24
243 24
247 24
253 24
261 24
262 24
267 24
268 24
276 24
277 24
280 24
285 24
289 24
290 24
291 24
294 24
296 24
297 24
303 24
307 24
310 24
311 24
312 24
315 24
317 24
320 24
323 24
324 24
327 24
329 24
331 24
336 24
343 24
347 24
358 24
359 24
368 24
369 24
375 24
377 24
378 24
379 24
380 24
399 24
400 24
402 24
406 24
409 24
412 24
425 24
427 24
431 24
432 24
436 24
442 24
444 24
446 24
447 24
456 24
462 24
463 24
468 24
473 24
474 24
476 24
478 24
483 24
489 24
496 24
504 24
513 24
516 24
518 24
521 24
528 24
533 24
534 24
539 24
550 24
552 24
554 24
556 24
557 24
563 24
566 24
568 24
571 24
576 24
577 24
582 24
583 24
586 24
602 24
604 24
616 24
621 24
626 24
628 24
629 24
630 24
631 24
633 24
634 24
643 24
646 24
655 24
656 24
659 24
668 24
670 24
674 24
676 24
679 24
681 24
689 24
702 24
706 24
711 24
716 24
733 24
734 24
737 24
738 24
741 24
746 24
748 24
751 24
754 24
759 24
767 24
771 24
779 24
781 24
784 24
787 24
788 24
790 24
791 24
794 24
801 24
804 24
809 24
811 24
825 24
828 24
830 24
832 24
833 24
834 24
841 24
848 24
851 24
857 24
859 24
871 24
880 24
881 24
886 24
893 24
895 24
902 24
908 24
910 24
913 24
917 24
922 24
935 24
937 24
941 24
946 24
951 24
952 24
955 24
961 24
964 24
966 24
974 24
976 24
978 24
980 24
982 24
989 24
997 24
2 25
3 25
4 25
5 25
6 25
7 25
8 25
9 25
11 25
12 25
13 25
14 25
15 25
16 25
17 25
18 25
19 25
20 25
21 25
22 25
23 25
24 25
26 25
27 25
28 25
29 25
30 25
31 25
32 25
33 25
34 25
35 25
37 25
38 25
39 25
40 25
42 25
43 25
44 25
45 25
46 25
47 25
48 25
49 25
50 25
51 25
52 25
53 25
54 25
56 25
57 25
58 25
59 25
60 25
61 25
62 25
63 25
64 25
65 25
66 25
67 25
68 25
69 25
70 25
71 25
72 25
73 25
74 25
75 25
77 25
78 25
79 25
80 25
81 25
83 25
85 25
86 25
87 25
89 25
91 25
92 25
93 25
94 25
96 25
97 25
98 25
99 25
101 25
102 25
105 25
106 25
107 25
108 25
110 25
111 25
112 25
114 25
115 25
117 25
118 25
119 25
120 25
121 25
123 25
124 25
125 25
127 25
128 25
129 25
130 25
132 25
133 25
134 25
135 25
137 25
138 25
139 25
140 25
142 25
143 25
144 25
145 25
146 25
147 25
148 25
149 25
151 25
152 25
153 25
154 25
155 25
157 25
158 25
159 25
160 25
162 25
163 25
164 25
165 25
166 25
167 25
168 25
169 25
170 25
172 25
173 25
174 25
175 25
176 25
177 25
180 25
181 25
182 25
183 25
184 25
185 25
187 25
188 25
189 25
190 25
191 25
193 25
194 25
195 25
196 25
197 25
199 25
201 25
203 25
204 25
206 25
207 25
208 25
209 25
212 25
213 25
214 25
215 25
216 25
217 25
218 25
219 25
222 25
224 25
225 25
226 25
227 25
228 25
229 25
230 25
231 25
233 25
234 25
235 25
236 25
238 25
239 25
241 25
243 25
244 25
246 25
247 25
249 25
251 25
252 25
253 25
255 25
257 25
258 25
259 25
262 25
264 25
265 25
267 25
268 25
269 25
270 25
271 25
274 25
276 25
277 25
279 25
280 25
281 25
283 25
284 25
285 25
286 25
287 25
288 25
289 25
290 25
291 25
292 25
294 25
295 25
296 25
297 25
299 25
301 25
302 25
303 25
305 25
306 25
307 25
308 25
310 25
311 25
312 25
315 25
316 25
317 25
319 25
320 25
323 25
324 25
325 25
326 25
327 25
329 25
330 25
333 25
334 25
335 25
340 25
341 25
342 25
343 25
345 25
347 25
349 25
350 25
351 25
354 25
357 25
358 25
359 25
364 25
365 25
366 25
368 25
369 25
375 25
377 25
378 25
379 25
380 25
381 25
382 25
383 25
387 25
389 25
390 25
392 25
393 25
395 25
396 25
399 25
402 25
403 25
404 25
405 25
406 25
408 25
409 25
410 25
412 25
413 25
414 25
415 25
417 25
419 25
420 25
422 25
423 25
424 25
425 25
426 25
427 25
428 25
429 25
430 25
431 25
432 25
434 25
435 25
436 25
437 25
439 25
441 25
442 25
443 25
444 25
446 25
447 25
448 25
449 25
450 25
451 25
453 25
454 25
456 25
457 25
458 25
459 25
460 25
461 25
462 25
463 25
465 25
466 25
468 25
469 25
470 25
471 25
472 25
473 25
474 25
476 25
478 25
479 25
482 25
483 25
485 25
486 25
487 25
489 25
490 25
492 25
494 25
495 25
496 25
497 25
498 25
499 25
500 25
501 25
502 25
503 25
504 25
505 25
507 25
508 25
509 25
510 25
513 25
516 25
517 25
519 25
520 25
521 25
522 25
523 25
524 25
526 25
528 25
530 25
531 25
534 25
536 25
537 25
538 25
539 25
540 25
543 25
544 25
545 25
546 25
547 25
548 25
549 25
550 25
551 25
552 25
553 25
554 25
555 25
556 25
557 25
559 25
561 25
563 25
564 25
566 25
568 25
569 25
570 25
571 25
573 25
574 25
576 25
577 25
578 25
579 25
582 25
583 25
584 25
585 25
586 25
587 25
589 25
590 25
591 25
592 25
593 25
595 25
599 25
601 25
602 25
603 25
604 25
605 25
606 25
608 25
609 25
610 25
611 25
612 25
613 25
615 25
616 25
617 25
618 25
620 25
621 25
622 25
623 25
625 25
626 25
628 25
629 25
630 25
631 25
633 25
634 25
635 25
636 25
638 25
640 25
641 25
642 25
643 25
644 25
645 25
646 25
647 25
649 25
650 25
651 25
652 25
653 25
655 25
656 25
657 25
659 25
660 25
662 25
664 25
665 25
667 25
668 25
670 25
671 25
672 25
673 25
674 25
675 25
676 25
677 25
678 25
679 25
680 25
681 25
682 25
683 25
684 25
685 25
686 25
687 25
688 25
689 25
690 25
691 25
692 25
695 25
696 25
697 25
699 25
700 25
701 25
702 25
704 25
705 25
706 25
707 25
708 25
710 25
711 25
712 25
714 25
715 25
716 25
717 25
719 25
720 25
721 25
722 25
723 25
725 25
728 25
729 25
730 25
733 25
734 25
737 25
738 25
741 25
742 25
744 25
745 25
746 25
747 25
748 25
749 25
750 25
751 25
752 25
753 25
754 25
755 25
756 25
757 25
758 25
759 25
760 25
761 25
762 25
764 25
767 25
768 25
769 25
770 25
771 25
772 25
773 25
774 25
775 25
776 25
779 25
781 25
782 25
783 25
784 25
786 25
787 25
788 25
789 25
790 25
791 25
792 25
793 25
794 25
795 25
796 25
797 25
798 25
799 25
800 25
801 25
802 25
803 25
804 25
805 25
806 25
808 25
809 25
810 25
811 25
813 25
814 25
816 25
817 25
818 25
819 25
820 25
821 25
822 25
825 25
826 25
827 25
828 25
829 25
830 25
831 25
833 25
834 25
835 25
836 25
838 25
839 25
840 25
841 25
842 25
843 25
844 25
846 25
847 25
848 25
849 25
850 25
851 25
852 25
853 25
855 25
856 25
857 25
858 25
859 25
860 25
861 25
864 25
865 25
867 25
869 25
870 25
871 25
872 25
873 25
874 25
875 25
876 25
877 25
878 25
880 25
881 25
884 25
885 25
886 25
887 25
888 25
889 25
890 25
891 25
893 25
895 25
896 25
897 25
898 25
899 25
902 25
903 25
907 25
908 25
909 25
910 25
911 25
913 25
917 25
918 25
919 25
920 25
922 25
924 25
925 25
926 25
927 25
928 25
929 25
931 25
932 25
933 25
934 25
935 25
937 25
938 25
939 25
940 25
941 25
942 25
943 25
944 25
945 25
946 25
949 25
951 25
952 25
954 25
955 25
956 25
957 25
958 25
959 25
961 25
962 25
963 25
964 25
965 25
966 25
968 25
969 25
970 25
972 25
973 25
974 25
977 25
978 25
980 25
982 25
983 25
984 25
985 25
986 25
987 25
988 25
989 25
990 25
993 25
994 25
995 25
997 25
999 25
1000 25
2 26
3 26
4 26
6 26
7 26
8 26
9 26
12 26
13 26
16 26
17 26
18 26
19 26
21 26
23 26
24 26
25 26
27 26
28 26
29 26
30 26
31 26
33 26
34 26
35 26
38 26
39 26
41 26
42 26
45 26
46 26
47 26
49 26
51 26
52 26
53 26
56 26
57 26
58 26
62 26
64 26
65 26
66 26
67 26
68 26
71 26
72 26
73 26
74 26
79 26
80 26
81 26
83 26
85 26
93 26
97 26
99 26
101 26
105 26
106 26
107 26
108 26
119 26
120 26
121 26
124 26
125 26
127 26
128 26
129 26
134 26
142 26
143 26
145 26
147 26
149 26
151 26
152 26
153 26
158 26
159 26
160 26
165 26
166 26
175 26
184 26
185 26
187 26
190 26
191 26
193 26
194 26
195 26
201 26
207 26
216 26
222 26
224 26
225 26
228 26
229 26
233 26
235 26
239 26
243 26
252 26
253 26
258 26
262 26
264 26
265 26
268 26
269 26
276 26
285 26
290 26
291 26
295 26
296 26
297 26
299 26
302 26
303 26
307 26
310 26
311 26
312 26
315 26
317 26
326 26
341 26
342 26
345 26
347 26
351 26
358 26
368 26
369 26
375 26
377 26
378 26
380 26
399 26
412 26
422 26
427 26
429 26
431 26
432 26
442 26
444 26
451 26
453 26
456 26
460 26
463 26
469 26
474 26
477 26
504 26
513 26
518 26
528 26
534 26
539 26
545 26
546 26
563 26
566 26
571 26
591 26
602 26
604 26
616 26
618 26
621 26
625 26
630 26
633 26
634 26
638 26
643 26
646 26
651 26
652 26
653 26
655 26
656 26
668 26
676 26
680 26
688 26
689 26
690 26
706 26
711 26
716 26
725 26
733 26
734 26
738 26
744 26
745 26
746 26
759 26
767 26
771 26
788 26
791 26
794 26
799 26
825 26
828 26
833 26
843 26
849 26
857 26
864 26
871 26
880 26
886 26
895 26
899 26
902 26
903 26
922 26
946 26
958 26
964 26
978 26
989 26
995 26
997 26
2 27
3 27
4 27
5 27
8 27
9 27
17 27
18 27
21 27
23 27
24 27
25 27
28 27
30 27
44 27
46 27
48 27
49 27
51 27
52 27
54 27
62 27
63 27
65 27
66 27
67 27
71 27
75 27
79 27
81 27
83 27
86 27
88 27
98 27
102 27
106 27
110 27
112 27
114 27
120 27
121 27
128 27
129 27
133 27
135 27
143 27
145 27
149 27
155 27
160 27
165 27
176 27
184 27
187 27
190 27
203 27
206 27
207 27
225 27
228 27
243 27
247 27
252 27
253 27
260 27
268 27
274 27
285 27
290 27
301 27
306 27
333 27
358 27
368 27
377 27
387 27
393 27
399 27
402 27
403 27
408 27
414 27
415 27
420 27
423 27
425 27
428 27
429 27
431 27
432 27
434 27
435 27
436 27
441 27
442 27
444 27
447 27
453 27
454 27
456 27
457 27
462 27
496 27
513 27
528 27
534 27
539 27
546 27
557 27
566 27
576 27
602 27
621 27
633 27
634 27
656 27
659 27
668 27
670 27
674 27
680 27
689 27
691 27
711 27
734 27
751 27
785 27
788 27
816 27
830 27
853 27
880 27
886 27
913 27
937 27
951 27
959 27
997 27
2 28
3 28
4 28
6 28
7 28
9 28
12 28
15 28
16 28
17 28
18 28
19 28
21 28
22 28
24 28
25 28
27 28
30 28
31 28
34 28
38 28
39 28
42 28
45 28
48 28
51 28
52 28
53 28
54 28
56 28
57 28
58 28
59 28
60 28
62 28
63 28
64 28
65 28
66 28
67 28
68 28
69 28
70 28
71 28
72 28
73 28
75 28
78 28
79 28
83 28
85 28
86 28
89 28
91 28
92 28
97 28
98 28
105 28
106 28
107 28
108 28
110 28
111 28
112 28
114 28
115 28
117 28
119 28
120 28
121 28
123 28
124 28
126 28
127 28
128 28
129 28
132 28
133 28
134 28
135 28
139 28
142 28
144 28
145 28
146 28
149 28
151 28
152 28
153 28
155 28
162 28
165 28
166 28
170 28
173 28
175 28
176 28
182 28
183 28
184 28
185 28
189 28
190 28
194 28
195 28
199 28
206 28
207 28
209 28
212 28
213 28
214 28
215 28
216 28
219 28
222 28
223 28
224 28
225 28
226 28
228 28
229 28
233 28
235 28
238 28
239 28
243 28
244 28
246 28
247 28
250 28
251 28
252 28
253 28
257 28
267 28
268 28
269 28
270 28
271 28
274 28
276 28
280 28
283 28
284 28
285 28
288 28
294 28
296 28
297 28
299 28
301 28
302 28
303 28
306 28
311 28
312 28
315 28
317 28
323 28
325 28
328 28
329 28
333 28
347 28
358 28
359 28
366 28
368 28
369 28
373 28
377 28
380 28
383 28
392 28
399 28
402 28
405 28
412 28
413 28
414 28
417 28
425 28
429 28
430 28
431 28
432 28
433 28
436 28
442 28
446 28
447 28
451 28
453 28
456 28
457 28
460 28
463 28
470 28
473 28
474 28
476 28
478 28
483 28
496 28
499 28
504 28
508 28
513 28
514 28
516 28
517 28
521 28
523 28
528 28
533 28
534 28
539 28
540 28
544 28
545 28
546 28
547 28
548 28
550 28
551 28
553 28
555 28
556 28
557 28
559 28
566 28
568 28
570 28
573 28
576 28
585 28
589 28
593 28
602 28
604 28
606 28
609 28
613 28
615 28
616 28
617 28
621 28
626 28
630 28
634 28
635 28
639 28
644 28
645 28
647 28
649 28
650 28
652 28
655 28
656 28
662 28
670 28
674 28
675 28
678 28
679 28
680 28
681 28
689 28
691 28
697 28
704 28
706 28
708 28
711 28
716 28
733 28
734 28
741 28
746 28
754 28
763 28
774 28
775 28
776 28
779 28
781 28
783 28
785 28
786 28
794 28
797 28
800 28
801 28
802 28
804 28
805 28
816 28
825 28
828 28
830 28
834 28
837 28
841 28
842 28
843 28
849 28
851 28
852 28
855 28
858 28
859 28
861 28
862 28
871 28
872 28
877 28
880 28
882 28
884 28
885 28
886 28
892 28
897 28
907 28
910 28
913 28
917 28
918 28
926 28
928 28
929 28
932 28
934 28
936 28
937 28
940 28
941 28
943 28
946 28
951 28
952 28
954 28
958 28
963 28
964 28
966 28
976 28
978 28
980 28
995 28
997 28
999 28
3 29
19 29
21 29
23 29
25 29
31 29
33 29
34 29
35 29
38 29
39 29
42 29
51 29
52 29
53 29
62 29
63 29
65 29
67 29
72 29
78 29
119 29
120 29
128 29
134 29
149 29
184 29
185 29
190 29
207 29
228 29
243 29
247 29
271 29
290 29
307 29
345 29
368 29
432 29
446 29
513 29
534 29
563 29
571 29
602 29
691 29
711 29
856 29
858 29
885 29
978 29
997 29
2 30
3 30
9 30
12 30
16 30
17 30
18 30
19 30
21 30
24 30
25 30
27 30
28 30
34 30
38 30
45 30
46 30
49 30
51 30
52 30
53 30
54 30
56 30
57 30
58 30
59 30
60 30
63 30
65 30
66 30
73 30
74 30
75 30
83 30
85 30
88 30
99 30
101 30
114 30
115 30
120 30
125 30
128 30
129 30
133 30
134 30
139 30
144 30
145 30
149 30
155 30
159 30
165 30
168 30
175 30
181 30
183 30
184 30
187 30
190 30
194 30
199 30
206 30
207 30
211 30
216 30
224 30
226 30
227 30
228 30
229 30
230 30
233 30
235 30
239 30
243 30
251 30
253 30
264 30
268 30
270 30
271 30
274 30
285 30
290 30
291 30
294 30
303 30
307 30
310 30
312 30
313 30
315 30
317 30
323 30
324 30
327 30
331 30
341 30
342 30
343 30
345 30
347 30
348 30
350 30
351 30
358 30
368 30
369 30
375 30
377 30
380 30
399 30
409 30
412 30
425 30
427 30
429 30
431 30
436 30
437 30
442 30
444 30
447 30
451 30
453 30
456 30
460 30
462 30
463 30
468 30
473 30
474 30
476 30
483 30
488 30
496 30
498 30
499 30
504 30
513 30
516 30
518 30
520 30
528 30
534 30
536 30
539 30
543 30
545 30
548 30
550 30
552 30
553 30
554 30
555 30
563 30
571 30
574 30
577 30
591 30
602 30
604 30
606 30
611 30
616 30
617 30
625 30
626 30
628 30
630 30
631 30
633 30
634 30
636 30
639 30
643 30
644 30
646 30
647 30
653 30
655 30
656 30
657 30
660 30
668 30
670 30
674 30
675 30
679 30
688 30
689 30
701 30
714 30
716 30
722 30
733 30
734 30
738 30
741 30
744 30
746 30
749 30
751 30
754 30
764 30
779 30
781 30
787 30
788 30
790 30
794 30
799 30
800 30
804 30
809 30
811 30
828 30
834 30
838 30
847 30
848 30
850 30
856 30
858 30
864 30
871 30
875 30
880 30
881 30
885 30
886 30
893 30
899 30
902 30
903 30
922 30
926 30
937 30
946 30
951 30
955 30
961 30
964 30
966 30
976 30
978 30
980 30
987 30
989 30
997 30
999 30
2 31
3 31
9 31
17 31
21 31
22 31
23 31
25 31
34 31
38 31
39 31
43 31
45 31
51 31
52 31
60 31
63 31
65 31
67 31
68 31
73 31
75 31
78 31
85 31
86 31
88 31
96 31
99 31
110 31
120 31
121 31
124 31
128 31
134 31
135 31
136 31
143 31
145 31
147 31
149 31
157 31
165 31
166 31
167 31
173 31
175 31
176 31
183 31
190 31
194 31
195 31
197 31
199 31
203 31
207 31
209 31
219 31
224 31
225 31
228 31
236 31
243 31
245 31
247 31
274 31
287 31
290 31
291 31
297 31
307 31
311 31
312 31
359 31
368 31
392 31
399 31
404 31
412 31
432 31
446 31
460 31
482 31
505 31
513 31
570 31
602 31
626 31
634 31
689 31
762 31
858 31
978 31
997 31
3 32
17 32
21 32
51 32
54 32
59 32
65 32
75 32
128 32
145 32
149 32
165 32
190 32
207 32
228 32
243 32
303 32
307 32
359 32
691 32
771 32
783 32
856 32
858 32
997 32
3 33
7 33
18 33
19 33
21 33
25 33
28 33
29 33
35 33
38 33
41 33
49 33
51 33
56 33
62 33
63 33
65 33
68 33
71 33
73 33
80 33
81 33
83 33
85 33
107 33
124 33
128 33
137 33
145 33
149 33
159 33
177 33
190 33
201 33
207 33
214 33
228 33
243 33
247 33
264 33
271 33
307 33
311 33
359 33
375 33
390 33
402 33
427 33
431 33
460 33
463 33
487 33
496 33
513 33
553 33
566 33
571 33
602 33
604 33
626 33
634 33
653 33
655 33
668 33
781 33
783 33
810 33
857 33
858 33
886 33
938 33
970 33
978 33
997 33
2 34
3 34
4 34
6 34
7 34
9 34
12 34
13 34
15 34
16 34
17 34
18 34
19 34
21 34
23 34
24 34
25 34
27 34
28 34
29 34
30 34
31 34
35 34
38 34
39 34
42 34
43 34
45 34
46 34
49 34
51 34
52 34
53 34
54 34
56 34
57 34
58 34
59 34
60 34
62 34
63 34
64 34
65 34
66 34
67 34
68 34
71 34
72 34
73 34
74 34
78 34
79 34
80 34
81 34
83 34
86 34
88 34
97 34
99 34
101 34
105 34
106 34
107 34
110 34
111 34
112 34
114 34
119 34
120 34
121 34
124 34
125 34
128 34
132 34
133 34
134 34
135 34
137 34
138 34
139 34
142 34
144 34
145 34
148 34
149 34
151 34
152 34
153 34
155 34
160 34
165 34
166 34
167 34
169 34
170 34
173 34
175 34
176 34
177 34
183 34
184 34
185 34
190 34
191 34
193 34
194 34
195 34
197 34
207 34
212 34
213 34
214 34
215 34
222 34
224 34
225 34
228 34
229 34
233 34
234 34
235 34
238 34
241 34
243 34
244 34
247 34
250 34
253 34
254 34
262 34
264 34
265 34
268 34
269 34
276 34
285 34
291 34
296 34
297 34
302 34
303 34
307 34
310 34
311 34
312 34
315 34
316 34
317 34
318 34
324 34
326 34
329 34
339 34
351 34
358 34
359 34
368 34
369 34
375 34
377 34
378 34
380 34
399 34
406 34
412 34
422 34
425 34
427 34
431 34
436 34
442 34
444 34
446 34
453 34
456 34
457 34
463 34
468 34
472 34
476 34
478 34
496 34
508 34
513 34
516 34
523 34
526 34
528 34
534 34
539 34
545 34
546 34
548 34
563 34
566 34
571 34
573 34
583 34
602 34
604 34
615 34
616 34
621 34
623 34
625 34
626 34
628 34
630 34
634 34
638 34
646 34
647 34
652 34
653 34
655 34
656 34
668 34
677 34
678 34
679 34
680 34
681 34
682 34
683 34
689 34
690 34
706 34
711 34
716 34
718 34
733 34
734 34
737 34
741 34
749 34
754 34
759 34
767 34
771 34
781 34
788 34
794 34
801 34
804 34
805 34
825 34
828 34
833 34
841 34
848 34
857 34
858 34
860 34
878 34
880 34
886 34
893 34
899 34
902 34
903 34
907 34
913 34
922 34
932 34
946 34
949 34
955 34
961 34
964 34
966 34
978 34
980 34
987 34
989 34
995 34
997 34
999 34
2 35
3 35
6 35
7 35
9 35
12 35
15 35
18 35
19 35
21 35
23 35
25 35
29 35
31 35
34 35
38 35
39 35
51 35
52 35
53 35
56 35
62 35
63 35
64 35
65 35
68 35
72 35
73 35
74 35
77 35
85 35
86 35
88 35
89 35
92 35
94 35
96 35
101 35
102 35
118 35
120 35
121 35
124 35
128 35
132 35
133 35
134 35
137 35
145 35
148 35
149 35
151 35
153 35
154 35
159 35
165 35
166 35
174 35
176 35
183 35
190 35
195 35
207 35
214 35
219 35
224 35
225 35
228 35
233 35
235 35
243 35
247 35
292 35
307 35
310 35
311 35
312 35
315 35
364 35
380 35
406 35
427 35
443 35
446 35
460 35
463 35
474 35
513 35
534 35
571 35
602 35
626 35
653 35
655 35
668 35
783 35
788 35
886 35
970 35
978 35
997 35
2 36
3 36
7 36
9 36
13 36
15 36
21 36
28 36
48 36
49 36
51 36
52 36
56 36
60 36
63 36
65 36
77 36
79 36
86 36
92 36
98 36
101 36
103 36
107 36
110 36
112 36
121 36
128 36
144 36
149 36
165 36
176 36
183 36
190 36
195 36
207 36
213 36
214 36
219 36
228 36
235 36
243 36
257 36
269 36
294 36
319 36
368 36
376 36
377 36
446 36
457 36
513 36
534 36
545 36
602 36
615 36
670 36
691 36
716 36
752 36
771 36
830 36
937 36
2 37
3 37
4 37
5 37
6 37
8 37
9 37
12 37
15 37
16 37
17 37
18 37
19 37
21 37
23 37
24 37
25 37
26 37
27 37
28 37
32 37
34 37
35 37
38 37
39 37
40 37
41 37
42 37
43 37
45 37
46 37
47 37
48 37
49 37
50 37
51 37
52 37
53 37
54 37
56 37
57 37
58 37
60 37
62 37
63 37
64 37
65 37
66 37
67 37
68 37
71 37
73 37
74 37
75 37
77 37
80 37
81 37
83 37
85 37
86 37
90 37
92 37
93 37
94 37
96 37
98 37
99 37
101 37
105 37
106 37
107 37
108 37
110 37
112 37
114 37
117 37
119 37
120 37
121 37
123 37
124 37
125 37
127 37
128 37
129 37
132 37
133 37
134 37
135 37
137 37
138 37
139 37
140 37
141 37
142 37
143 37
145 37
149 37
150 37
151 37
152 37
153 37
155 37
159 37
160 37
162 37
165 37
166 37
167 37
168 37
169 37
173 37
174 37
175 37
176 37
177 37
180 37
181 37
182 37
183 37
184 37
185 37
186 37
187 37
188 37
189 37
190 37
191 37
193 37
194 37
196 37
198 37
199 37
201 37
204 37
206 37
207 37
209 37
212 37
213 37
214 37
216 37
217 37
222 37
224 37
225 37
226 37
228 37
229 37
231 37
233 37
234 37
235 37
236 37
237 37
238 37
239 37
241 37
243 37
244 37
246 37
247 37
249 37
251 37
253 37
257 37
258 37
259 37
260 37
261 37
262 37
264 37
265 37
268 37
269 37
271 37
274 37
276 37
277 37
279 37
280 37
284 37
285 37
287 37
288 37
290 37
291 37
292 37
294 37
295 37
296 37
297 37
299 37
301 37
302 37
303 37
305 37
306 37
307 37
308 37
309 37
310 37
311 37
312 37
315 37
316 37
317 37
319 37
320 37
323 37
324 37
325 37
326 37
328 37
329 37
333 37
334 37
335 37
339 37
341 37
342 37
343 37
345 37
347 37
350 37
351 37
352 37
357 37
358 37
359 37
364 37
366 37
368 37
369 37
370 37
375 37
377 37
378 37
379 37
380 37
381 37
382 37
384 37
387 37
389 37
392 37
393 37
395 37
396 37
399 37
402 37
403 37
405 37
406 37
408 37
409 37
410 37
412 37
413 37
414 37
415 37
417 37
419 37
420 37
423 37
424 37
425 37
426 37
427 37
428 37
429 37
430 37
431 37
434 37
435 37
436 37
437 37
438 37
439 37
441 37
442 37
443 37
444 37
447 37
448 37
449 37
450 37
451 37
453 37
454 37
456 37
457 37
459 37
460 37
463 37
467 37
471 37
472 37
473 37
476 37
478 37
479 37
483 37
485 37
487 37
488 37
489 37
496 37
497 37
502 37
503 37
504 37
505 37
508 37
513 37
514 37
516 37
517 37
519 37
520 37
526 37
528 37
531 37
532 37
533 37
534 37
539 37
544 37
545 37
546 37
547 37
548 37
549 37
550 37
553 37
555 37
556 37
559 37
563 37
566 37
568 37
569 37
570 37
571 37
573 37
574 37
575 37
576 37
577 37
580 37
581 37
582 37
584 37
589 37
592 37
593 37
596 37
600 37
601 37
602 37
604 37
606 37
609 37
611 37
613 37
616 37
618 37
621 37
625 37
626 37
628 37
629 37
630 37
631 37
633 37
634 37
636 37
638 37
640 37
643 37
645 37
646 37
647 37
650 37
652 37
653 37
655 37
656 37
658 37
660 37
662 37
666 37
667 37
668 37
670 37
671 37
673 37
676 37
677 37
678 37
679 37
680 37
681 37
685 37
686 37
689 37
690 37
691 37
694 37
697 37
699 37
702 37
704 37
706 37
710 37
711 37
714 37
716 37
717 37
718 37
719 37
722 37
725 37
728 37
729 37
730 37
732 37
733 37
734 37
735 37
738 37
741 37
742 37
744 37
745 37
746 37
747 37
749 37
750 37
752 37
754 37
758 37
762 37
767 37
771 37
774 37
775 37
779 37
781 37
782 37
783 37
785 37
788 37
791 37
794 37
796 37
799 37
800 37
801 37
802 37
803 37
804 37
808 37
810 37
811 37
813 37
814 37
816 37
817 37
821 37
822 37
823 37
828 37
830 37
831 37
832 37
833 37
834 37
835 37
837 37
839 37
840 37
841 37
842 37
847 37
848 37
849 37
851 37
853 37
856 37
857 37
858 37
859 37
860 37
861 37
862 37
868 37
869 37
871 37
872 37
873 37
876 37
877 37
878 37
880 37
881 37
882 37
884 37
885 37
886 37
889 37
892 37
893 37
897 37
898 37
899 37
903 37
907 37
910 37
913 37
917 37
918 37
922 37
924 37
928 37
929 37
933 37
935 37
936 37
937 37
938 37
941 37
942 37
943 37
946 37
947 37
949 37
954 37
955 37
956 37
957 37
958 37
961 37
963 37
964 37
966 37
968 37
970 37
974 37
976 37
978 37
980 37
985 37
987 37
988 37
989 37
990 37
991 37
993 37
995 37
997 37
998 37
999 37
1000 37
2 38
3 38
5 38
6 38
9 38
12 38
13 38
16 38
18 38
21 38
23 38
25 38
28 38
29 38
30 38
31 38
34 38
39 38
42 38
45 38
51 38
53 38
56 38
62 38
63 38
65 38
71 38
73 38
74 38
75 38
77 38
83 38
85 38
86 38
87 38
91 38
93 38
94 38
98 38
99 38
101 38
102 38
105 38
110 38
112 38
117 38
118 38
119 38
120 38
121 38
124 38
125 38
128 38
130 38
133 38
134 38
137 38
138 38
140 38
145 38
147 38
148 38
149 38
151 38
152 38
153 38
154 38
157 38
158 38
159 38
162 38
165 38
166 38
173 38
175 38
176 38
180 38
182 38
183 38
184 38
185 38
187 38
190 38
195 38
199 38
201 38
204 38
207 38
219 38
225 38
228 38
235 38
236 38
241 38
243 38
247 38
251 38
255 38
257 38
264 38
267 38
274 38
276 38
290 38
299 38
307 38
311 38
312 38
317 38
324 38
342 38
351 38
358 38
364 38
370 38
375 38
380 38
399 38
403 38
427 38
443 38
446 38
453 38
462 38
463 38
474 38
483 38
496 38
513 38
516 38
520 38
534 38
543 38
553 38
566 38
570 38
602 38
616 38
628 38
634 38
650 38
652 38
655 38
662 38
671 38
676 38
680 38
689 38
708 38
716 38
744 38
774 38
794 38
800 38
852 38
858 38
875 38
903 38
970 38
978 38
997 38
2 39
3 39
4 39
6 39
8 39
9 39
15 39
17 39
19 39
21 39
23 39
25 39
28 39
30 39
31 39
38 39
42 39
50 39
51 39
53 39
56 39
58 39
59 39
63 39
65 39
66 39
73 39
74 39
75 39
81 39
83 39
86 39
101 39
108 39
110 39
120 39
121 39
128 39
129 39
133 39
134 39
143 39
145 39
149 39
152 39
162 39
165 39
167 39
175 39
177 39
178 39
190 39
191 39
194 39
197 39
199 39
201 39
207 39
209 39
212 39
213 39
219 39
222 39
224 39
225 39
228 39
229 39
234 39
236 39
241 39
243 39
244 39
245 39
247 39
251 39
253 39
257 39
258 39
268 39
269 39
271 39
276 39
279 39
280 39
283 39
285 39
287 39
291 39
296 39
297 39
299 39
301 39
302 39
306 39
309 39
311 39
312 39
317 39
325 39
333 39
335 39
345 39
347 39
349 39
350 39
358 39
359 39
368 39
369 39
370 39
378 39
384 39
390 39
399 39
404 39
405 39
412 39
415 39
417 39
429 39
432 39
435 39
436 39
442 39
443 39
446 39
451 39
453 39
456 39
457 39
460 39
463 39
466 39
468 39
469 39
472 39
473 39
474 39
482 39
494 39
496 39
499 39
508 39
516 39
517 39
528 39
531 39
533 39
534 39
539 39
548 39
550 39
557 39
563 39
564 39
568 39
570 39
573 39
576 39
577 39
585 39
589 39
593 39
602 39
604 39
612 39
616 39
617 39
618 39
625 39
626 39
630 39
634 39
639 39
643 39
644 39
646 39
647 39
650 39
652 39
655 39
674 39
679 39
680 39
688 39
689 39
691 39
701 39
704 39
710 39
716 39
725 39
734 39
738 39
749 39
754 39
758 39
768 39
771 39
774 39
779 39
783 39
788 39
792 39
794 39
796 39
797 39
803 39
816 39
819 39
828 39
846 39
847 39
851 39
855 39
856 39
857 39
858 39
860 39
862 39
867 39
877 39
880 39
884 39
889 39
922 39
926 39
928 39
936 39
941 39
943 39
952 39
954 39
955 39
966 39
976 39
978 39
988 39
999 39
2 40
3 40
5 40
9 40
16 40
17 40
21 40
23 40
30 40
45 40
51 40
53 40
56 40
63 40
65 40
73 40
75 40
86 40
99 40
124 40
128 40
145 40
149 40
165 40
190 40
199 40
207 40
217 40
222 40
225 40
228 40
234 40
239 40
243 40
247 40
251 40
268 40
285 40
294 40
295 40
297 40
301 40
302 40
303 40
311 40
312 40
325 40
326 40
331 40
345 40
350 40
359 40
368 40
402 40
412 40
417 40
436 40
446 40
451 40
459 40
463 40
474 40
485 40
516 40
534 40
570 40
573 40
576 40
589 40
602 40
604 40
611 40
615 40
626 40
634 40
646 40
651 40
655 40
691 40
708 40
761 40
768 40
788 40
858 40
880 40
941 40
952 40
978 40
3 41
12 41
19 41
21 41
28 41
31 41
33 41
42 41
51 41
65 41
120 41
128 41
145 41
149 41
165 41
190 41
201 41
207 41
224 41
228 41
237 41
243 41
307 41
311 41
359 41
368 41
370 41
399 41
568 41
602 41
2 42
3 42
4 42
5 42
6 42
9 42
12 42
16 42
18 42
19 42
21 42
25 42
28 42
30 42
31 42
38 42
41 42
44 42
45 42
51 42
53 42
56 42
57 42
61 42
62 42
63 42
65 42
67 42
68 42
72 42
73 42
74 42
83 42
85 42
86 42
93 42
94 42
111 42
112 42
120 42
121 42
124 42
128 42
130 42
135 42
139 42
145 42
149 42
151 42
152 42
153 42
165 42
173 42
176 42
183 42
189 42
190 42
194 42
201 42
207 42
212 42
213 42
224 42
225 42
228 42
229 42
236 42
237 42
238 42
241 42
243 42
244 42
247 42
251 42
257 42
258 42
264 42
267 42
269 42
271 42
274 42
276 42
295 42
297 42
301 42
303 42
306 42
311 42
312 42
317 42
324 42
325 42
358 42
359 42
368 42
399 42
427 42
432 42
434 42
437 42
442 42
446 42
451 42
462 42
463 42
469 42
474 42
496 42
497 42
513 42
516 42
528 42
534 42
539 42
546 42
553 42
559 42
566 42
568 42
571 42
573 42
576 42
593 42
602 42
604 42
622 42
625 42
626 42
631 42
634 42
646 42
651 42
655 42
680 42
689 42
691 42
708 42
716 42
774 42
781 42
783 42
794 42
810 42
821 42
852 42
858 42
859 42
871 42
880 42
885 42
886 42
893 42
922 42
932 42
938 42
952 42
954 42
958 42
964 42
970 42
978 42
986 42
995 42
997 42
2 43
3 43
4 43
5 43
6 43
8 43
9 43
11 43
12 43
16 43
17 43
18 43
19 43
21 43
23 43
24 43
25 43
28 43
30 43
31 43
34 43
37 43
38 43
39 43
42 43
44 43
45 43
46 43
47 43
48 43
49 43
50 43
51 43
52 43
53 43
54 43
56 43
57 43
58 43
59 43
60 43
61 43
62 43
63 43
64 43
65 43
66 43
67 43
68 43
71 43
72 43
73 43
74 43
75 43
77 43
78 43
79 43
80 43
81 43
83 43
85 43
86 43
87 43
90 43
91 43
92 43
93 43
94 43
96 43
98 43
99 43
101 43
102 43
105 43
106 43
107 43
110 43
114 43
117 43
118 43
119 43
120 43
121 43
123 43
124 43
125 43
128 43
129 43
130 43
133 43
134 43
135 43
137 43
138 43
139 43
141 43
142 43
143 43
144 43
145 43
148 43
149 43
150 43
152 43
154 43
155 43
157 43
159 43
160 43
164 43
165 43
166 43
168 43
169 43
173 43
175 43
176 43
177 43
181 43
182 43
183 43
184 43
185 43
187 43
190 43
191 43
193 43
194 43
195 43
197 43
199 43
201 43
202 43
204 43
206 43
207 43
209 43
211 43
212 43
213 43
215 43
216 43
218 43
219 43
222 43
224 43
225 43
226 43
228 43
229 43
230 43
233 43
234 43
236 43
237 43
239 43
241 43
243 43
244 43
245 43
246 43
247 43
252 43
253 43
254 43
255 43
257 43
258 43
259 43
262 43
264 43
265 43
267 43
268 43
269 43
271 43
276 43
277 43
278 43
280 43
285 43
286 43
287 43
288 43
289 43
290 43
291 43
292 43
294 43
295 43
296 43
297 43
299 43
301 43
302 43
303 43
309 43
311 43
312 43
315 43
316 43
317 43
319 43
323 43
324 43
325 43
329 43
330 43
334 43
335 43
341 43
342 43
343 43
347 43
350 43
351 43
357 43
358 43
359 43
360 43
364 43
365 43
368 43
369 43
374 43
375 43
377 43
378 43
380 43
381 43
383 43
384 43
387 43
390 43
393 43
399 43
402 43
403 43
404 43
405 43
406 43
408 43
409 43
410 43
412 43
414 43
415 43
417 43
420 43
423 43
424 43
425 43
427 43
428 43
429 43
431 43
432 43
434 43
435 43
436 43
437 43
438 43
441 43
442 43
443 43
444 43
446 43
447 43
453 43
454 43
456 43
457 43
460 43
462 43
463 43
468 43
469 43
470 43
471 43
473 43
474 43
476 43
478 43
482 43
483 43
485 43
489 43
494 43
496 43
499 43
504 43
507 43
513 43
514 43
516 43
517 43
520 43
523 43
526 43
533 43
534 43
536 43
539 43
540 43
543 43
545 43
546 43
548 43
550 43
553 43
554 43
555 43
556 43
559 43
563 43
564 43
566 43
570 43
571 43
573 43
575 43
576 43
578 43
582 43
583 43
584 43
585 43
586 43
589 43
590 43
591 43
592 43
593 43
595 43
597 43
598 43
600 43
601 43
602 43
603 43
604 43
605 43
606 43
608 43
610 43
611 43
612 43
613 43
615 43
616 43
618 43
620 43
621 43
622 43
623 43
625 43
626 43
628 43
629 43
630 43
631 43
633 43
634 43
636 43
638 43
641 43
642 43
643 43
644 43
645 43
646 43
647 43
649 43
650 43
652 43
653 43
655 43
656 43
657 43
659 43
660 43
662 43
664 43
665 43
667 43
668 43
670 43
671 43
672 43
673 43
674 43
676 43
679 43
680 43
681 43
682 43
683 43
684 43
685 43
686 43
687 43
689 43
690 43
691 43
692 43
695 43
696 43
697 43
699 43
700 43
701 43
702 43
704 43
705 43
706 43
708 43
710 43
711 43
712 43
714 43
715 43
716 43
717 43
718 43
719 43
720 43
721 43
722 43
723 43
725 43
728 43
729 43
730 43
732 43
734 43
737 43
738 43
741 43
742 43
744 43
745 43
746 43
748 43
750 43
753 43
754 43
755 43
756 43
757 43
758 43
760 43
761 43
762 43
767 43
768 43
769 43
771 43
772 43
774 43
776 43
779 43
781 43
782 43
783 43
784 43
786 43
788 43
789 43
790 43
791 43
792 43
793 43
794 43
795 43
796 43
798 43
799 43
800 43
802 43
804 43
805 43
806 43
808 43
810 43
811 43
813 43
816 43
817 43
818 43
819 43
820 43
821 43
825 43
826 43
827 43
828 43
829 43
830 43
832 43
833 43
834 43
836 43
838 43
840 43
841 43
842 43
843 43
846 43
847 43
849 43
851 43
852 43
853 43
855 43
856 43
857 43
858 43
859 43
860 43
861 43
862 43
864 43
865 43
867 43
870 43
871 43
872 43
873 43
874 43
875 43
876 43
877 43
878 43
880 43
881 43
882 43
883 43
884 43
885 43
886 43
887 43
888 43
889 43
890 43
891 43
893 43
895 43
897 43
898 43
899 43
902 43
903 43
907 43
908 43
909 43
910 43
911 43
913 43
917 43
918 43
919 43
920 43
922 43
924 43
925 43
926 43
929 43
932 43
933 43
934 43
935 43
936 43
937 43
938 43
939 43
940 43
941 43
942 43
943 43
944 43
945 43
946 43
951 43
952 43
954 43
955 43
956 43
957 43
958 43
959 43
961 43
962 43
963 43
964 43
965 43
966 43
968 43
969 43
970 43
973 43
974 43
977 43
978 43
980 43
982 43
983 43
985 43
986 43
987 43
988 43
990 43
993 43
994 43
995 43
997 43
998 43
999 43
1000 43
2 44
3 44
9 44
12 44
16 44
21 44
24 44
25 44
27 44
43 44
46 44
47 44
48 44
49 44
50 44
51 44
52 44
53 44
56 44
58 44
60 44
63 44
65 44
73 44
75 44
86 44
106 44
110 44
121 44
128 44
134 44
145 44
149 44
152 44
155 44
165 44
175 44
176 44
181 44
183 44
190 44
207 44
214 44
216 44
225 44
228 44
243 44
244 44
247 44
267 44
276 44
289 44
294 44
295 44
299 44
312 44
323 44
368 44
380 44
392 44
399 44
405 44
412 44
431 44
436 44
442 44
443 44
457 44
463 44
474 44
513 44
534 44
545 44
550 44
571 44
576 44
583 44
591 44
602 44
604 44
626 44
638 44
655 44
670 44
676 44
680 44
681 44
689 44
711 44
716 44
732 44
733 44
734 44
768 44
769 44
792 44
804 44
825 44
849 44
858 44
864 44
865 44
884 44
885 44
895 44
896 44
898 44
902 44
910 44
917 44
919 44
935 44
937 44
941 44
952 44
978 44
980 44
2 45
3 45
9 45
17 45
19 45
21 45
24 45
25 45
40 45
48 45
51 45
56 45
58 45
65 45
66 45
73 45
88 45
99 45
124 45
128 45
144 45
145 45
149 45
181 45
190 45
191 45
207 45
228 45
229 45
243 45
278 45
280 45
295 45
296 45
312 45
323 45
368 45
369 45
377 45
384 45
412 45
427 45
429 45
436 45
447 45
456 45
463 45
469 45
474 45
496 45
514 45
516 45
528 45
534 45
548 45
557 45
602 45
606 45
616 45
623 45
625 45
626 45
630 45
631 45
634 45
646 45
670 45
679 45
680 45
706 45
716 45
738 45
761 45
833 45
847 45
858 45
859 45
862 45
880 45
883 45
916 45
922 45
936 45
937 45
943 45
997 45
3 46
9 46
21 46
25 46
27 46
47 46
48 46
49 46
50 46
51 46
53 46
56 46
57 46
58 46
65 46
124 46
128 46
149 46
172 46
181 46
190 46
204 46
207 46
228 46
229 46
243 46
251 46
253 46
280 46
294 46
402 46
429 46
456 46
463 46
472 46
473 46
516 46
534 46
550 46
571 46
583 46
591 46
616 46
621 46
638 46
670 46
675 46
682 46
691 46
711 46
716 46
725 46
762 46
769 46
804 46
856 46
858 46
880 46
896 46
917 46
935 46
937 46
941 46
951 46
12 47
21 47
25 47
28 47
44 47
46 47
48 47
49 47
50 47
51 47
57 47
65 47
66 47
73 47
75 47
105 47
125 47
128 47
129 47
134 47
145 47
149 47
181 47
184 47
190 47
204 47
207 47
217 47
224 47
228 47
243 47
312 47
317 47
325 47
368 47
399 47
422 47
431 47
443 47
496 47
534 47
539 47
548 47
571 47
576 47
583 47
602 47
634 47
638 47
642 47
647 47
670 47
681 47
689 47
690 47
691 47
734 47
804 47
858 47
885 47
895 47
910 47
917 47
935 47
937 47
941 47
952 47
978 47
997 47
2 48
3 48
4 48
5 48
8 48
9 48
12 48
13 48
16 48
17 48
21 48
24 48
25 48
27 48
28 48
40 48
43 48
44 48
45 48
46 48
49 48
50 48
51 48
52 48
53 48
54 48
56 48
57 48
58 48
59 48
60 48
65 48
66 48
68 48
73 48
75 48
80 48
81 48
85 48
86 48
92 48
99 48
105 48
114 48
119 48
120 48
123 48
124 48
125 48
128 48
129 48
134 48
138 48
139 48
142 48
144 48
145 48
149 48
150 48
155 48
160 48
164 48
175 48
177 48
181 48
182 48
183 48
184 48
189 48
190 48
191 48
193 48
194 48
197 48
204 48
207 48
215 48
224 48
228 48
235 48
238 48
239 48
243 48
253 48
254 48
261 48
267 48
268 48
276 48
278 48
280 48
283 48
289 48
296 48
297 48
302 48
303 48
305 48
308 48
311 48
312 48
315 48
317 48
347 48
349 48
350 48
358 48
359 48
368 48
369 48
375 48
377 48
378 48
380 48
395 48
402 48
409 48
412 48
427 48
429 48
431 48
432 48
436 48
438 48
442 48
453 48
456 48
457 48
460 48
463 48
468 48
470 48
471 48
472 48
474 48
496 48
513 48
516 48
518 48
528 48
531 48
533 48
534 48
539 48
545 48
549 48
550 48
553 48
557 48
563 48
566 48
569 48
571 48
573 48
576 48
583 48
591 48
593 48
600 48
602 48
604 48
611 48
616 48
618 48
621 48
623 48
626 48
630 48
631 48
634 48
638 48
643 48
646 48
647 48
652 48
655 48
670 48
673 48
675 48
680 48
681 48
689 48
691 48
694 48
706 48
708 48
710 48
711 48
716 48
733 48
734 48
735 48
752 48
754 48
758 48
768 48
769 48
771 48
788 48
802 48
804 48
822 48
828 48
833 48
834 48
841 48
847 48
848 48
849 48
860 48
861 48
862 48
868 48
871 48
880 48
885 48
886 48
892 48
895 48
896 48
897 48
898 48
902 48
910 48
913 48
917 48
918 48
931 48
935 48
936 48
937 48
941 48
943 48
946 48
947 48
949 48
952 48
959 48
964 48
966 48
970 48
974 48
976 48
978 48
980 48
989 48
991 48
995 48
997 48
3 49
7 49
9 49
12 49
18 49
21 49
25 49
27 49
46 49
47 49
48 49
50 49
51 49
53 49
60 49
63 49
65 49
85 49
86 49
120 49
121 49
128 49
142 49
145 49
149 49
152 49
165 49
181 49
184 49
190 49
207 49
212 49
213 49
217 49
224 49
228 49
243 49
252 49
253 49
267 49
276 49
279 49
290 49
296 49
303 49
311 49
312 49
315 49
359 49
375 49
376 49
402 49
427 49
434 49
442 49
446 49
447 49
456 49
463 49
468 49
513 49
534 49
557 49
571 49
583 49
602 49
604 49
617 49
621 49
626 49
633 49
638 49
647 49
655 49
668 49
670 49
674 49
688 49
716 49
734 49
769 49
771 49
783 49
800 49
804 49
810 49
886 49
895 49
896 49
910 49
917 49
932 49
937 49
941 49
980 49
997 49
2 50
3 50
5 50
9 50
12 50
16 50
17 50
21 50
25 50
28 50
30 50
40 50
44 50
46 50
47 50
48 50
49 50
51 50
53 50
56 50
58 50
60 50
63 50
65 50
66 50
73 50
75 50
81 50
110 50
124 50
128 50
129 50
134 50
139 50
142 50
144 50
145 50
149 50
152 50
153 50
155 50
158 50
165 50
173 50
180 50
181 50
183 50
190 50
193 50
194 50
197 50
207 50
214 50
224 50
225 50
228 50
229 50
235 50
239 50
243 50
247 50
251 50
253 50
257 50
258 50
268 50
274 50
276 50
278 50
280 50
283 50
285 50
295 50
296 50
297 50
299 50
301 50
302 50
303 50
306 50
308 50
311 50
312 50
315 50
317 50
323 50
325 50
341 50
347 50
350 50
354 50
358 50
359 50
367 50
368 50
373 50
377 50
378 50
380 50
392 50
399 50
429 50
431 50
435 50
436 50
438 50
442 50
446 50
448 50
451 50
456 50
457 50
459 50
463 50
465 50
468 50
469 50
472 50
473 50
474 50
476 50
479 50
483 50
497 50
503 50
513 50
516 50
518 50
524 50
528 50
531 50
533 50
534 50
539 50
548 50
553 50
555 50
557 50
559 50
563 50
566 50
571 50
576 50
583 50
600 50
602 50
604 50
606 50
609 50
616 50
618 50
626 50
630 50
634 50
638 50
643 50
645 50
646 50
647 50
651 50
652 50
655 50
667 50
670 50
680 50
681 50
688 50
689 50
691 50
701 50
702 50
711 50
716 50
725 50
733 50
754 50
758 50
762 50
768 50
771 50
774 50
775 50
779 50
783 50
794 50
797 50
804 50
816 50
822 50
832 50
834 50
847 50
849 50
851 50
858 50
862 50
864 50
880 50
883 50
885 50
889 50
895 50
896 50
897 50
899 50
910 50
917 50
935 50
936 50
937 50
941 50
951 50
952 50
954 50
958 50
961 50
964 50
970 50
976 50
978 50
980 50
989 50
997 50
998 50
2 51
3 51
4 51
5 51
6 51
7 51
8 51
9 51
11 51
12 51
13 51
14 51
15 51
16 51
17 51
18 51
19 51
20 51
21 51
22 51
23 51
24 51
25 51
26 51
27 51
28 51
29 51
30 51
31 51
32 51
33 51
34 51
35 51
37 51
38 51
39 51
40 51
41 51
42 51
43 51
44 51
45 51
46 51
47 51
48 51
49 51
50 51
52 51
53 51
54 51
56 51
57 51
58 51
59 51
60 51
61 51
62 51
63 51
64 51
65 51
66 51
67 51
68 51
69 51
70 51
71 51
72 51
73 51
74 51
75 51
77 51
78 51
79 51
80 51
81 51
83 51
85 51
86 51
87 51
88 51
89 51
90 51
91 51
92 51
93 51
94 51
96 51
97 51
98 51
99 51
101 51
102 51
105 51
106 51
107 51
108 51
110 51
111 51
112 51
114 51
117 51
118 51
119 51
120 51
121 51
123 51
124 51
125 51
127 51
128 51
129 51
130 51
132 51
133 51
134 51
135 51
136 51
137 51
138 51
139 51
140 51
141 51
142 51
143 51
145 51
146 51
147 51
148 51
149 51
151 51
152 51
153 51
154 51
155 51
157 51
158 51
159 51
160 51
165 51
166 51
167 51
168 51
169 51
170 51
171 51
173 51
174 51
175 51
176 51
177 51
180 51
181 51
182 51
183 51
184 51
185 51
187 51
189 51
190 51
191 51
193 51
194 51
195 51
196 51
197 51
198 51
199 51
201 51
202 51
204 51
206 51
207 51
208 51
209 51
211 51
212 51
213 51
214 51
216 51
218 51
219 51
222 51
224 51
225 51
226 51
229 51
230 51
231 51
233 51
234 51
235 51
236 51
237 51
238 51
241 51
243 51
244 51
245 51
246 51
247 51
249 51
251 51
252 51
253 51
254 51
255 51
257 51
258 51
260 51
262 51
264 51
265 51
267 51
268 51
269 51
271 51
274 51
276 51
277 51
280 51
283 51
285 51
286 51
287 51
288 51
290 51
291 51
292 51
294 51
295 51
296 51
297 51
299 51
301 51
302 51
303 51
305 51
307 51
308 51
309 51
310 51
311 51
312 51
315 51
316 51
317 51
318 51
319 51
323 51
324 51
325 51
326 51
327 51
329 51
330 51
331 51
334 51
339 51
340 51
341 51
342 51
343 51
345 51
347 51
349 51
350 51
351 51
352 51
357 51
358 51
359 51
364 51
365 51
366 51
368 51
369 51
373 51
374 51
375 51
377 51
379 51
380 51
381 51
387 51
390 51
392 51
393 51
396 51
399 51
403 51
404 51
405 51
406 51
407 51
408 51
409 51
410 51
412 51
414 51
415 51
420 51
422 51
423 51
425 51
426 51
427 51
428 51
429 51
431 51
432 51
434 51
435 51
436 51
437 51
439 51
441 51
442 51
443 51
444 51
446 51
447 51
448 51
451 51
453 51
454 51
456 51
457 51
458 51
459 51
460 51
461 51
462 51
463 51
465 51
466 51
467 51
468 51
469 51
471 51
472 51
473 51
474 51
476 51
478 51
479 51
482 51
483 51
485 51
486 51
487 51
489 51
490 51
492 51
494 51
495 51
496 51
497 51
498 51
499 51
500 51
501 51
502 51
503 51
504 51
505 51
507 51
508 51
509 51
510 51
512 51
513 51
516 51
517 51
520 51
521 51
522 51
523 51
524 51
526 51
528 51
529 51
530 51
531 51
534 51
536 51
537 51
538 51
539 51
543 51
545 51
546 51
548 51
550 51
551 51
553 51
554 51
555 51
557 51
559 51
561 51
562 51
563 51
564 51
566 51
568 51
569 51
570 51
571 51
573 51
574 51
575 51
576 51
577 51
578 51
579 51
583 51
584 51
585 51
586 51
587 51
589 51
590 51
591 51
592 51
593 51
595 51
596 51
599 51
601 51
602 51
603 51
604 51
605 51
606 51
608 51
610 51
611 51
612 51
613 51
615 51
616 51
618 51
620 51
621 51
622 51
623 51
625 51
626 51
628 51
629 51
630 51
631 51
633 51
634 51
635 51
636 51
638 51
639 51
640 51
641 51
642 51
643 51
644 51
646 51
647 51
649 51
650 51
651 51
652 51
653 51
655 51
656 51
657 51
659 51
660 51
662 51
664 51
665 51
667 51
668 51
670 51
671 51
672 51
674 51
675 51
676 51
677 51
678 51
679 51
680 51
681 51
682 51
683 51
684 51
686 51
687 51
689 51
690 51
691 51
692 51
695 51
696 51
697 51
699 51
700 51
701 51
702 51
704 51
705 51
706 51
708 51
710 51
711 51
712 51
714 51
715 51
716 51
717 51
719 51
720 51
721 51
722 51
723 51
725 51
729 51
730 51
732 51
733 51
734 51
737 51
738 51
739 51
741 51
742 51
744 51
745 51
746 51
748 51
749 51
750 51
752 51
753 51
754 51
755 51
756 51
757 51
758 51
760 51
761 51
767 51
768 51
769 51
772 51
773 51
774 51
776 51
779 51
781 51
782 51
783 51
784 51
786 51
788 51
789 51
790 51
791 51
792 51
793 51
794 51
795 51
796 51
797 51
798 51
799 51
800 51
801 51
803 51
804 51
806 51
808 51
811 51
813 51
814 51
816 51
817 51
818 51
819 51
820 51
821 51
822 51
825 51
826 51
828 51
829 51
830 51
833 51
834 51
835 51
836 51
840 51
841 51
842 51
843 51
844 51
846 51
847 51
848 51
849 51
851 51
852 51
853 51
855 51
856 51
857 51
858 51
859 51
860 51
861 51
864 51
865 51
867 51
869 51
870 51
871 51
872 51
873 51
874 51
875 51
876 51
877 51
878 51
880 51
881 51
884 51
885 51
886 51
887 51
888 51
889 51
890 51
891 51
893 51
895 51
896 51
898 51
899 51
902 51
903 51
907 51
908 51
909 51
910 51
911 51
913 51
917 51
918 51
919 51
920 51
922 51
924 51
925 51
926 51
927 51
928 51
929 51
931 51
933 51
934 51
935 51
937 51
938 51
939 51
940 51
941 51
942 51
943 51
944 51
945 51
946 51
949 51
951 51
952 51
954 51
955 51
956 51
957 51
958 51
959 51
960 51
961 51
962 51
963 51
964 51
965 51
966 51
968 51
969 51
970 51
973 51
974 51
977 51
978 51
980 51
982 51
983 51
984 51
985 51
986 51
987 51
988 51
989 51
990 51
993 51
994 51
995 51
997 51
999 51
1000 51
2 52
3 52
9 52
12 52
13 52
15 52
16 52
18 52
21 52
22 52
25 52
27 52
28 52
30 52
31 52
36 52
48 52
51 52
53 52
54 52
56 52
58 52
62 52
65 52
66 52
71 52
75 52
79 52
80 52
86 52
98 52
99 52
101 52
107 52
112 52
114 52
118 52
120 52
121 52
124 52
129 52
133 52
140 52
141 52
142 52
143 52
144 52
145 52
147 52
149 52
155 52
165 52
168 52
170 52
176 52
177 52
183 52
184 52
189 52
190 52
191 52
194 52
195 52
199 52
207 52
214 52
220 52
222 52
224 52
226 52
228 52
229 52
235 52
239 52
243 52
247 52
254 52
255 52
258 52
269 52
276 52
280 52
290 52
294 52
295 52
296 52
303 52
307 52
312 52
315 52
317 52
325 52
346 52
359 52
367 52
368 52
369 52
377 52
378 52
379 52
414 52
435 52
446 52
447 52
453 52
456 52
462 52
470 52
473 52
476 52
485 52
518 52
523 52
524 52
528 52
534 52
539 52
545 52
546 52
559 52
566 52
568 52
571 52
576 52
577 52
581 52
602 52
604 52
616 52
617 52
621 52
626 52
629 52
634 52
640 52
646 52
651 52
655 52
657 52
659 52
670 52
680 52
688 52
689 52
716 52
725 52
733 52
734 52
738 52
754 52
758 52
762 52
767 52
783 52
788 52
810 52
828 52
853 52
875 52
880 52
883 52
886 52
899 52
913 52
922 52
964 52
978 52
980 52
988 52
997 52
2 53
3 53
4 53
5 53
8 53
9 53
12 53
15 53
16 53
17 53
18 53
19 53
21 53
23 53
24 53
25 53
28 53
29 53
30 53
33 53
34 53
35 53
38 53
39 53
40 53
41 53
42 53
43 53
45 53
46 53
47 53
48 53
51 53
56 53
57 53
58 53
59 53
60 53
63 53
64 53
65 53
66 53
68 53
71 53
72 53
73 53
74 53
75 53
77 53
78 53
85 53
86 53
88 53
90 53
92 53
97 53
99 53
101 53
102 53
105 53
110 53
111 53
115 53
120 53
121 53
123 53
124 53
125 53
128 53
129 53
133 53
134 53
136 53
137 53
138 53
139 53
142 53
145 53
147 53
148 53
149 53
151 53
152 53
153 53
154 53
155 53
159 53
162 53
165 53
168 53
169 53
170 53
173 53
175 53
176 53
177 53
181 53
183 53
184 53
187 53
190 53
191 53
194 53
195 53
197 53
199 53
201 53
202 53
204 53
207 53
209 53
213 53
214 53
216 53
219 53
222 53
223 53
224 53
225 53
226 53
228 53
229 53
233 53
234 53
236 53
238 53
239 53
241 53
243 53
244 53
246 53
247 53
250 53
251 53
255 53
257 53
258 53
261 53
264 53
267 53
268 53
269 53
271 53
274 53
276 53
277 53
278 53
280 53
283 53
285 53
287 53
288 53
291 53
294 53
295 53
296 53
297 53
301 53
302 53
303 53
307 53
309 53
311 53
312 53
315 53
317 53
323 53
324 53
325 53
327 53
329 53
333 53
334 53
335 53
345 53
347 53
350 53
352 53
357 53
358 53
359 53
360 53
364 53
367 53
369 53
377 53
378 53
381 53
384 53
390 53
399 53
405 53
409 53
410 53
412 53
417 53
422 53
425 53
427 53
429 53
431 53
434 53
435 53
436 53
437 53
439 53
442 53
443 53
446 53
451 53
453 53
456 53
459 53
460 53
463 53
469 53
472 53
473 53
474 53
483 53
485 53
487 53
496 53
497 53
499 53
502 53
505 53
508 53
513 53
516 53
517 53
518 53
520 53
521 53
526 53
528 53
531 53
533 53
534 53
539 53
540 53
546 53
548 53
550 53
551 53
553 53
555 53
559 53
566 53
568 53
570 53
573 53
576 53
577 53
583 53
590 53
591 53
592 53
593 53
596 53
602 53
604 53
608 53
611 53
616 53
622 53
625 53
628 53
630 53
631 53
633 53
634 53
636 53
639 53
641 53
643 53
646 53
647 53
652 53
655 53
656 53
662 53
670 53
675 53
676 53
679 53
680 53
681 53
682 53
689 53
690 53
691 53
702 53
704 53
708 53
711 53
716 53
718 53
725 53
734 53
735 53
738 53
746 53
749 53
752 53
754 53
758 53
760 53
762 53
767 53
771 53
774 53
776 53
779 53
781 53
783 53
791 53
794 53
800 53
804 53
805 53
809 53
810 53
816 53
823 53
825 53
830 53
833 53
834 53
842 53
848 53
849 53
852 53
853 53
857 53
858 53
859 53
862 53
864 53
868 53
871 53
876 53
877 53
880 53
884 53
885 53
886 53
889 53
892 53
893 53
897 53
898 53
903 53
907 53
913 53
917 53
922 53
924 53
926 53
933 53
935 53
936 53
937 53
938 53
941 53
943 53
945 53
946 53
947 53
951 53
952 53
954 53
958 53
959 53
964 53
966 53
970 53
978 53
980 53
988 53
989 53
990 53
993 53
995 53
997 53
998 53
999 53
2 54
3 54
4 54
8 54
9 54
11 54
12 54
13 54
15 54
16 54
18 54
21 54
23 54
24 54
25 54
26 54
27 54
28 54
30 54
31 54
34 54
37 54
42 54
48 54
51 54
52 54
54 54
56 54
58 54
60 54
61 54
63 54
64 54
65 54
67 54
71 54
73 54
75 54
79 54
80 54
85 54
86 54
92 54
96 54
98 54
101 54
102 54
106 54
107 54
110 54
111 54
119 54
121 54
124 54
126 54
128 54
129 54
133 54
134 54
139 54
142 54
143 54
144 54
145 54
149 54
160 54
165 54
166 54
175 54
176 54
181 54
182 54
183 54
184 54
189 54
190 54
193 54
195 54
199 54
207 54
209 54
213 54
215 54
219 54
220 54
222 54
224 54
225 54
228 54
229 54
231 54
243 54
244 54
247 54
250 54
252 54
257 54
260 54
264 54
267 54
268 54
274 54
277 54
278 54
286 54
287 54
290 54
294 54
303 54
311 54
312 54
323 54
328 54
330 54
347 54
359 54
365 54
368 54
369 54
377 54
384 54
399 54
405 54
429 54
430 54
431 54
432 54
434 54
436 54
442 54
443 54
446 54
449 54
453 54
457 54
460 54
463 54
474 54
476 54
477 54
485 54
489 54
504 54
507 54
508 54
513 54
514 54
516 54
518 54
534 54
536 54
539 54
545 54
546 54
547 54
550 54
556 54
566 54
568 54
570 54
573 54
576 54
578 54
579 54
582 54
590 54
593 54
595 54
601 54
602 54
603 54
604 54
605 54
606 54
608 54
609 54
610 54
612 54
613 54
615 54
616 54
618 54
621 54
622 54
623 54
625 54
626 54
628 54
629 54
630 54
631 54
633 54
634 54
635 54
636 54
638 54
641 54
643 54
645 54
646 54
647 54
649 54
650 54
651 54
652 54
653 54
655 54
656 54
657 54
658 54
662 54
664 54
665 54
667 54
668 54
670 54
672 54
674 54
675 54
676 54
678 54
680 54
681 54
682 54
684 54
686 54
687 54
688 54
689 54
691 54
692 54
694 54
696 54
700 54
701 54
704 54
705 54
708 54
710 54
711 54
714 54
715 54
716 54
717 54
719 54
720 54
721 54
722 54
723 54
725 54
729 54
730 54
732 54
733 54
734 54
737 54
738 54
739 54
741 54
742 54
744 54
745 54
746 54
748 54
750 54
752 54
753 54
754 54
755 54
756 54
757 54
758 54
760 54
761 54
762 54
763 54
767 54
769 54
772 54
774 54
776 54
779 54
782 54
783 54
784 54
789 54
791 54
792 54
793 54
794 54
795 54
796 54
798 54
800 54
803 54
806 54
808 54
810 54
811 54
813 54
816 54
817 54
818 54
819 54
820 54
821 54
825 54
826 54
827 54
828 54
829 54
830 54
831 54
833 54
835 54
836 54
838 54
840 54
841 54
842 54
843 54
846 54
851 54
852 54
855 54
856 54
857 54
858 54
859 54
860 54
861 54
862 54
864 54
865 54
870 54
871 54
873 54
874 54
875 54
876 54
877 54
878 54
880 54
881 54
883 54
884 54
886 54
887 54
888 54
889 54
890 54
891 54
897 54
899 54
902 54
903 54
907 54
908 54
909 54
911 54
913 54
917 54
918 54
919 54
920 54
922 54
924 54
925 54
926 54
928 54
929 54
932 54
934 54
935 54
936 54
938 54
939 54
940 54
941 54
942 54
943 54
944 54
947 54
951 54
952 54
957 54
958 54
961 54
962 54
963 54
965 54
966 54
968 54
969 54
970 54
973 54
976 54
977 54
978 54
980 54
982 54
983 54
985 54
986 54
988 54
993 54
994 54
995 54
997 54
1000 54
3 55
9 55
15 55
28 55
51 55
63 55
64 55
65 55
68 55
86 55
121 55
128 55
149 55
154 55
159 55
176 55
183 55
190 55
195 55
207 55
214 55
218 55
228 55
243 55
245 55
257 55
307 55
446 55
626 55
691 55
858 55
2 56
3 56
4 56
5 56
6 56
8 56
9 56
10 56
11 56
12 56
13 56
14 56
15 56
17 56
19 56
20 56
21 56
23 56
24 56
25 56
28 56
30 56
31 56
32 56
33 56
34 56
36 56
39 56
40 56
42 56
43 56
45 56
46 56
47 56
48 56
49 56
50 56
51 56
52 56
54 56
58 56
59 56
60 56
61 56
62 56
63 56
65 56
66 56
71 56
73 56
75 56
79 56
80 56
81 56
83 56
86 56
92 56
96 56
98 56
99 56
101 56
103 56
106 56
107 56
108 56
110 56
115 56
118 56
120 56
121 56
123 56
124 56
126 56
128 56
129 56
132 56
133 56
134 56
136 56
139 56
140 56
142 56
143 56
144 56
145 56
146 56
149 56
150 56
152 56
153 56
154 56
155 56
157 56
158 56
159 56
160 56
162 56
164 56
165 56
167 56
168 56
173 56
176 56
177 56
178 56
179 56
181 56
183 56
186 56
188 56
189 56
190 56
191 56
193 56
194 56
195 56
197 56
199 56
201 56
206 56
207 56
209 56
214 56
215 56
216 56
217 56
219 56
220 56
222 56
224 56
225 56
226 56
228 56
229 56
230 56
231 56
233 56
234 56
237 56
238 56
239 56
241 56
243 56
244 56
245 56
247 56
250 56
251 56
252 56
253 56
254 56
255 56
257 56
258 56
259 56
260 56
261 56
262 56
264 56
269 56
274 56
276 56
277 56
278 56
279 56
280 56
283 56
284 56
285 56
286 56
289 56
290 56
291 56
294 56
295 56
296 56
297 56
299 56
301 56
302 56
303 56
305 56
306 56
307 56
308 56
309 56
311 56
312 56
313 56
319 56
320 56
323 56
324 56
325 56
327 56
328 56
329 56
330 56
335 56
340 56
341 56
342 56
343 56
345 56
347 56
349 56
350 56
358 56
359 56
361 56
365 56
366 56
367 56
368 56
369 56
370 56
371 56
372 56
373 56
375 56
376 56
377 56
378 56
379 56
384 56
390 56
392 56
395 56
399 56
402 56
404 56
405 56
407 56
412 56
414 56
417 56
419 56
425 56
428 56
429 56
430 56
431 56
432 56
435 56
436 56
437 56
438 56
439 56
442 56
443 56
446 56
447 56
448 56
449 56
450 56
451 56
453 56
456 56
457 56
458 56
459 56
460 56
461 56
462 56
463 56
465 56
466 56
468 56
469 56
470 56
471 56
472 56
473 56
474 56
476 56
477 56
478 56
479 56
482 56
483 56
485 56
486 56
488 56
489 56
490 56
492 56
494 56
495 56
496 56
497 56
498 56
500 56
503 56
504 56
505 56
507 56
508 56
509 56
510 56
511 56
513 56
514 56
516 56
517 56
518 56
519 56
521 56
522 56
523 56
524 56
526 56
528 56
529 56
530 56
531 56
534 56
536 56
537 56
538 56
539 56
540 56
545 56
546 56
547 56
549 56
550 56
551 56
552 56
553 56
554 56
555 56
556 56
557 56
559 56
561 56
563 56
566 56
568 56
569 56
570 56
571 56
573 56
574 56
576 56
577 56
578 56
579 56
581 56
582 56
583 56
585 56
587 56
589 56
590 56
593 56
595 56
596 56
598 56
600 56
601 56
602 56
603 56
604 56
605 56
606 56
608 56
609 56
610 56
611 56
612 56
613 56
615 56
616 56
617 56
618 56
619 56
620 56
621 56
622 56
623 56
625 56
626 56
628 56
629 56
630 56
631 56
633 56
634 56
635 56
636 56
638 56
639 56
641 56
643 56
644 56
646 56
647 56
649 56
650 56
651 56
652 56
653 56
655 56
656 56
657 56
658 56
659 56
660 56
662 56
664 56
665 56
667 56
668 56
670 56
671 56
672 56
673 56
674 56
675 56
676 56
677 56
678 56
679 56
680 56
681 56
682 56
684 56
685 56
686 56
687 56
688 56
689 56
690 56
691 56
694 56
695 56
696 56
697 56
700 56
701 56
702 56
704 56
705 56
706 56
707 56
708 56
710 56
711 56
712 56
714 56
715 56
716 56
717 56
718 56
719 56
720 56
721 56
722 56
723 56
725 56
728 56
729 56
730 56
732 56
733 56
734 56
735 56
737 56
738 56
741 56
742 56
744 56
745 56
746 56
748 56
750 56
753 56
754 56
755 56
756 56
758 56
760 56
761 56
762 56
763 56
764 56
767 56
769 56
770 56
771 56
772 56
773 56
774 56
776 56
779 56
781 56
782 56
783 56
784 56
788 56
789 56
791 56
792 56
793 56
794 56
795 56
796 56
798 56
800 56
802 56
803 56
804 56
805 56
806 56
808 56
810 56
811 56
813 56
816 56
817 56
818 56
819 56
820 56
821 56
822 56
823 56
825 56
826 56
827 56
828 56
829 56
830 56
831 56
832 56
833 56
834 56
835 56
836 56
837 56
838 56
839 56
840 56
841 56
842 56
843 56
846 56
847 56
849 56
850 56
851 56
852 56
853 56
855 56
856 56
857 56
858 56
859 56
860 56
861 56
862 56
864 56
865 56
868 56
870 56
871 56
872 56
874 56
875 56
876 56
877 56
878 56
880 56
881 56
882 56
883 56
884 56
885 56
886 56
887 56
888 56
889 56
890 56
891 56
896 56
899 56
903 56
907 56
908 56
909 56
911 56
913 56
917 56
918 56
919 56
920 56
921 56
922 56
924 56
925 56
926 56
928 56
929 56
933 56
934 56
935 56
936 56
938 56
939 56
940 56
941 56
942 56
943 56
944 56
946 56
947 56
949 56
951 56
952 56
954 56
955 56
957 56
958 56
959 56
961 56
962 56
963 56
964 56
965 56
966 56
968 56
969 56
970 56
973 56
976 56
977 56
978 56
980 56
982 56
983 56
984 56
985 56
986 56
987 56
988 56
989 56
991 56
993 56
994 56
995 56
997 56
998 56
999 56
1000 56
2 57
3 57
4 57
5 57
6 57
9 57
12 57
16 57
18 57
24 57
25 57
28 57
30 57
31 57
34 57
38 57
39 57
40 57
45 57
46 57
47 57
48 57
50 57
51 57
53 57
56 57
58 57
59 57
60 57
62 57
63 57
64 57
65 57
66 57
67 57
68 57
73 57
74 57
75 57
78 57
81 57
83 57
85 57
86 57
92 57
93 57
94 57
99 57
101 57
102 57
106 57
108 57
110 57
111 57
112 57
114 57
115 57
117 57
118 57
120 57
121 57
123 57
124 57
125 57
128 57
129 57
130 57
133 57
134 57
137 57
138 57
139 57
142 57
145 57
148 57
149 57
151 57
152 57
153 57
154 57
155 57
159 57
160 57
165 57
168 57
169 57
170 57
173 57
175 57
176 57
177 57
180 57
181 57
182 57
183 57
187 57
190 57
191 57
194 57
195 57
196 57
197 57
207 57
208 57
212 57
213 57
217 57
219 57
224 57
225 57
226 57
228 57
229 57
233 57
235 57
239 57
243 57
247 57
252 57
253 57
257 57
258 57
262 57
264 57
267 57
268 57
269 57
270 57
271 57
276 57
279 57
285 57
290 57
291 57
294 57
295 57
296 57
297 57
301 57
303 57
305 57
307 57
309 57
310 57
311 57
312 57
313 57
315 57
317 57
323 57
324 57
325 57
329 57
333 57
334 57
336 57
342 57
343 57
350 57
352 57
358 57
359 57
368 57
369 57
370 57
372 57
375 57
377 57
378 57
379 57
380 57
389 57
390 57
399 57
417 57
425 57
427 57
429 57
431 57
432 57
434 57
442 57
443 57
446 57
447 57
453 57
456 57
457 57
461 57
462 57
463 57
474 57
476 57
483 57
485 57
496 57
499 57
501 57
502 57
508 57
513 57
516 57
520 57
523 57
526 57
531 57
534 57
539 57
543 57
546 57
553 57
555 57
559 57
563 57
564 57
566 57
568 57
570 57
571 57
573 57
577 57
583 57
592 57
597 57
602 57
604 57
616 57
617 57
621 57
625 57
626 57
629 57
633 57
634 57
636 57
646 57
647 57
653 57
655 57
656 57
657 57
668 57
676 57
679 57
680 57
681 57
682 57
689 57
690 57
692 57
702 57
716 57
722 57
732 57
734 57
744 57
746 57
751 57
754 57
758 57
767 57
768 57
771 57
774 57
782 57
787 57
788 57
792 57
794 57
799 57
800 57
804 57
810 57
814 57
828 57
833 57
834 57
843 57
847 57
849 57
852 57
855 57
857 57
870 57
871 57
872 57
875 57
880 57
881 57
884 57
885 57
886 57
896 57
897 57
902 57
903 57
910 57
922 57
931 57
935 57
937 57
941 57
946 57
952 57
955 57
957 57
958 57
961 57
963 57
977 57
978 57
980 57
987 57
988 57
989 57
993 57
997 57
999 57
3 58
4 58
8 58
12 58
15 58
18 58
24 58
25 58
26 58
28 58
45 58
47 58
48 58
51 58
52 58
53 58
54 58
56 58
57 58
59 58
60 58
63 58
65 58
66 58
71 58
73 58
74 58
75 58
80 58
83 58
85 58
88 58
92 58
96 58
98 58
99 58
106 58
114 58
115 58
125 58
129 58
132 58
133 58
139 58
142 58
145 58
149 58
155 58
166 58
167 58
168 58
169 58
176 58
180 58
184 58
185 58
189 58
190 58
193 58
194 58
206 58
214 58
224 58
225 58
228 58
229 58
239 58
243 58
258 58
260 58
274 58
291 58
294 58
296 58
299 58
303 58
309 58
312 58
315 58
317 58
323 58
324 58
325 58
333 58
347 58
358 58
366 58
367 58
368 58
369 58
377 58
378 58
380 58
382 58
383 58
409 58
425 58
427 58
431 58
435 58
442 58
444 58
447 58
451 58
456 58
457 58
463 58
468 58
472 58
473 58
488 58
498 58
518 58
520 58
521 58
528 58
534 58
539 58
548 58
550 58
554 58
557 58
566 58
576 58
586 58
602 58
604 58
616 58
618 58
621 58
626 58
630 58
631 58
633 58
634 58
640 58
646 58
651 58
659 58
670 58
674 58
675 58
680 58
689 58
690 58
691 58
694 58
701 58
706 58
711 58
716 58
725 58
733 58
734 58
738 58
742 58
746 58
759 58
761 58
767 58
771 58
788 58
794 58
798 58
803 58
804 58
809 58
819 58
828 58
834 58
843 58
847 58
848 58
849 58
859 58
871 58
880 58
882 58
883 58
886 58
895 58
899 58
902 58
913 58
922 58
932 58
933 58
946 58
951 58
952 58
955 58
960 58
961 58
964 58
976 58
978 58
983 58
993 58
997 58
2 59
3 59
4 59
5 59
6 59
8 59
9 59
12 59
16 59
17 59
18 59
24 59
25 59
27 59
28 59
30 59
31 59
32 59
34 59
42 59
51 59
52 59
53 59
54 59
56 59
58 59
60 59
61 59
63 59
65 59
66 59
67 59
71 59
72 59
73 59
75 59
83 59
85 59
86 59
88 59
99 59
101 59
106 59
107 59
108 59
112 59
120 59
121 59
125 59
128 59
129 59
133 59
134 59
135 59
142 59
143 59
145 59
149 59
153 59
154 59
155 59
165 59
166 59
168 59
169 59
176 59
177 59
183 59
184 59
189 59
190 59
191 59
193 59
194 59
195 59
199 59
203 59
206 59
207 59
213 59
214 59
216 59
219 59
222 59
224 59
225 59
228 59
229 59
239 59
243 59
245 59
247 59
251 59
253 59
254 59
255 59
267 59
269 59
280 59
287 59
290 59
294 59
296 59
302 59
303 59
307 59
311 59
312 59
315 59
317 59
325 59
347 59
350 59
358 59
359 59
369 59
373 59
375 59
377 59
378 59
380 59
409 59
412 59
418 59
425 59
429 59
431 59
432 59
434 59
436 59
441 59
442 59
446 59
451 59
453 59
456 59
457 59
460 59
465 59
468 59
472 59
473 59
474 59
479 59
488 59
496 59
507 59
513 59
516 59
520 59
521 59
534 59
536 59
539 59
545 59
548 59
550 59
559 59
566 59
576 59
577 59
599 59
602 59
604 59
615 59
616 59
617 59
621 59
625 59
626 59
630 59
634 59
639 59
646 59
651 59
655 59
656 59
668 59
675 59
679 59
680 59
681 59
688 59
700 59
706 59
716 59
732 59
733 59
734 59
738 59
742 59
761 59
762 59
771 59
779 59
782 59
784 59
788 59
790 59
797 59
803 59
804 59
810 59
828 59
833 59
834 59
838 59
847 59
856 59
864 59
880 59
886 59
896 59
913 59
922 59
932 59
946 59
951 59
953 59
961 59
964 59
970 59
974 59
976 59
980 59
989 59
999 59
2 60
3 60
4 60
5 60
6 60
7 60
8 60
9 60
10 60
11 60
12 60
16 60
17 60
18 60
19 60
20 60
21 60
23 60
24 60
25 60
28 60
30 60
31 60
32 60
34 60
37 60
38 60
39 60
41 60
42 60
44 60
45 60
46 60
47 60
48 60
49 60
50 60
51 60
53 60
56 60
58 60
59 60
61 60
62 60
63 60
65 60
66 60
67 60
71 60
73 60
75 60
78 60
81 60
83 60
85 60
86 60
88 60
90 60
92 60
93 60
96 60
99 60
101 60
102 60
106 60
108 60
110 60
111 60
114 60
118 60
120 60
121 60
124 60
125 60
127 60
128 60
129 60
132 60
133 60
134 60
135 60
138 60
139 60
140 60
141 60
142 60
143 60
144 60
145 60
146 60
147 60
149 60
152 60
154 60
155 60
157 60
164 60
165 60
166 60
167 60
168 60
171 60
173 60
175 60
176 60
178 60
179 60
181 60
183 60
184 60
187 60
189 60
190 60
191 60
194 60
195 60
197 60
198 60
199 60
201 60
203 60
206 60
207 60
209 60
212 60
214 60
216 60
217 60
219 60
220 60
222 60
224 60
225 60
228 60
229 60
230 60
233 60
235 60
236 60
239 60
241 60
243 60
244 60
245 60
247 60
249 60
251 60
253 60
254 60
255 60
257 60
258 60
259 60
260 60
261 60
262 60
264 60
267 60
268 60
269 60
270 60
276 60
277 60
278 60
279 60
280 60
285 60
286 60
287 60
289 60
290 60
291 60
293 60
294 60
295 60
296 60
297 60
301 60
303 60
305 60
306 60
307 60
309 60
311 60
312 60
313 60
317 60
318 60
323 60
324 60
325 60
327 60
328 60
330 60
333 60
335 60
336 60
341 60
342 60
345 60
346 60
347 60
350 60
351 60
352 60
354 60
357 60
358 60
359 60
361 60
365 60
366 60
369 60
373 60
374 60
375 60
377 60
378 60
381 60
382 60
383 60
384 60
393 60
399 60
402 60
403 60
404 60
405 60
407 60
408 60
412 60
414 60
415 60
417 60
420 60
423 60
425 60
428 60
429 60
431 60
432 60
434 60
435 60
436 60
437 60
441 60
442 60
443 60
444 60
446 60
447 60
448 60
451 60
453 60
454 60
456 60
457 60
458 60
460 60
461 60
462 60
463 60
465 60
468 60
469 60
471 60
472 60
476 60
478 60
482 60
483 60
485 60
486 60
489 60
490 60
492 60
494 60
495 60
496 60
497 60
498 60
500 60
503 60
504 60
505 60
507 60
508 60
509 60
510 60
513 60
514 60
516 60
517 60
521 60
522 60
523 60
524 60
526 60
528 60
529 60
530 60
531 60
534 60
536 60
537 60
538 60
539 60
545 60
546 60
548 60
549 60
550 60
551 60
553 60
554 60
555 60
561 60
563 60
566 60
568 60
569 60
570 60
571 60
573 60
574 60
576 60
578 60
579 60
581 60
583 60
585 60
587 60
589 60
590 60
591 60
593 60
595 60
601 60
602 60
603 60
604 60
606 60
608 60
610 60
612 60
613 60
615 60
616 60
618 60
621 60
623 60
625 60
626 60
628 60
629 60
630 60
631 60
633 60
634 60
636 60
638 60
639 60
641 60
643 60
646 60
647 60
649 60
650 60
651 60
652 60
653 60
655 60
656 60
657 60
662 60
664 60
665 60
667 60
670 60
671 60
672 60
674 60
675 60
676 60
677 60
679 60
680 60
681 60
682 60
684 60
686 60
687 60
688 60
689 60
690 60
691 60
695 60
696 60
697 60
700 60
701 60
702 60
704 60
705 60
706 60
708 60
710 60
711 60
714 60
715 60
716 60
717 60
719 60
720 60
721 60
722 60
723 60
729 60
730 60
734 60
735 60
737 60
738 60
741 60
742 60
744 60
745 60
746 60
748 60
750 60
753 60
754 60
755 60
756 60
757 60
758 60
760 60
761 60
762 60
764 60
767 60
768 60
769 60
770 60
771 60
772 60
773 60
774 60
776 60
779 60
781 60
782 60
783 60
784 60
789 60
791 60
792 60
793 60
794 60
795 60
796 60
798 60
800 60
802 60
803 60
804 60
805 60
806 60
808 60
809 60
810 60
811 60
813 60
816 60
817 60
818 60
819 60
820 60
821 60
825 60
826 60
828 60
829 60
830 60
833 60
834 60
835 60
836 60
840 60
841 60
842 60
843 60
846 60
847 60
848 60
849 60
851 60
852 60
853 60
855 60
856 60
857 60
858 60
859 60
860 60
861 60
862 60
864 60
865 60
870 60
871 60
873 60
874 60
875 60
876 60
877 60
878 60
880 60
881 60
882 60
883 60
884 60
885 60
886 60
887 60
888 60
889 60
890 60
891 60
895 60
896 60
899 60
902 60
903 60
907 60
908 60
909 60
911 60
913 60
916 60
917 60
918 60
919 60
920 60
921 60
922 60
924 60
925 60
926 60
928 60
929 60
932 60
934 60
935 60
936 60
937 60
938 60
939 60
940 60
941 60
942 60
943 60
944 60
946 60
949 60
951 60
952 60
955 60
957 60
958 60
962 60
963 60
964 60
965 60
966 60
968 60
969 60
970 60
972 60
973 60
974 60
976 60
977 60
978 60
980 60
982 60
983 60
984 60
985 60
986 60
987 60
989 60
993 60
994 60
995 60
997 60
999 60
1000 60
3 61
4 61
12 61
51 61
59 61
63 61
65 61
72 61
85 61
120 61
145 61
149 61
151 61
190 61
207 61
243 61
359 61
368 61
655 61
691 61
2 62
3 62
4 62
5 62
6 62
7 62
8 62
9 62
12 62
13 62
15 62
16 62
17 62
18 62
19 62
20 62
22 62
23 62
24 62
25 62
27 62
28 62
29 62
32 62
33 62
34 62
36 62
38 62
39 62
42 62
45 62
48 62
51 62
52 62
53 62
54 62
56 62
57 62
58 62
59 62
60 62
63 62
64 62
65 62
66 62
67 62
68 62
71 62
72 62
73 62
74 62
77 62
78 62
79 62
80 62
83 62
85 62
86 62
87 62
88 62
89 62
91 62
92 62
93 62
94 62
96 62
98 62
99 62
101 62
102 62
105 62
107 62
110 62
111 62
112 62
118 62
119 62
120 62
121 62
123 62
124 62
125 62
128 62
129 62
130 62
133 62
134 62
135 62
136 62
137 62
142 62
143 62
144 62
145 62
147 62
148 62
149 62
152 62
153 62
154 62
157 62
159 62
160 62
165 62
166 62
167 62
168 62
170 62
173 62
174 62
175 62
176 62
177 62
180 62
183 62
184 62
185 62
187 62
189 62
190 62
191 62
193 62
194 62
195 62
197 62
199 62
203 62
204 62
207 62
213 62
216 62
217 62
219 62
220 62
222 62
224 62
225 62
227 62
228 62
229 62
233 62
235 62
236 62
241 62
243 62
247 62
251 62
253 62
254 62
255 62
257 62
258 62
262 62
264 62
267 62
268 62
269 62
271 62
276 62
279 62
283 62
285 62
288 62
291 62
292 62
294 62
296 62
297 62
301 62
302 62
303 62
307 62
310 62
311 62
312 62
315 62
317 62
319 62
324 62
325 62
326 62
331 62
335 62
340 62
342 62
345 62
350 62
351 62
359 62
364 62
368 62
370 62
380 62
387 62
390 62
393 62
399 62
402 62
403 62
404 62
408 62
410 62
414 62
415 62
419 62
420 62
423 62
425 62
427 62
428 62
429 62
431 62
434 62
435 62
436 62
441 62
442 62
443 62
444 62
446 62
447 62
453 62
454 62
456 62
457 62
458 62
459 62
460 62
461 62
462 62
463 62
465 62
469 62
474 62
476 62
478 62
482 62
483 62
485 62
486 62
487 62
490 62
492 62
494 62
495 62
496 62
497 62
498 62
500 62
501 62
504 62
505 62
508 62
509 62
510 62
513 62
516 62
517 62
518 62
520 62
521 62
522 62
523 62
524 62
526 62
529 62
530 62
531 62
534 62
537 62
538 62
539 62
543 62
545 62
546 62
548 62
550 62
551 62
553 62
554 62
555 62
557 62
559 62
561 62
562 62
563 62
564 62
566 62
568 62
569 62
570 62
571 62
574 62
576 62
577 62
579 62
583 62
584 62
586 62
587 62
597 62
599 62
602 62
604 62
608 62
616 62
622 62
626 62
628 62
634 62
638 62
640 62
641 62
642 62
646 62
647 62
649 62
650 62
651 62
653 62
655 62
660 62
662 62
668 62
670 62
671 62
676 62
679 62
681 62
689 62
690 62
691 62
701 62
706 62
708 62
711 62
716 62
718 62
734 62
738 62
741 62
751 62
759 62
776 62
782 62
783 62
787 62
788 62
791 62
794 62
800 62
810 62
811 62
830 62
847 62
852 62
853 62
871 62
880 62
881 62
885 62
886 62
887 62
893 62
896 62
897 62
899 62
902 62
903 62
907 62
913 62
919 62
922 62
932 62
937 62
954 62
958 62
959 62
960 62
964 62
970 62
974 62
977 62
978 62
980 62
988 62
989 62
997 62
2 63
3 63
5 63
6 63
9 63
17 63
18 63
19 63
31 63
38 63
39 63
40 63
41 63
51 63
60 63
64 63
65 63
73 63
75 63
81 63
86 63
102 63
118 63
120 63
121 63
124 63
128 63
134 63
135 63
136 63
143 63
145 63
149 63
152 63
165 63
166 63
167 63
176 63
183 63
190 63
191 63
195 63
197 63
201 63
203 63
207 63
208 63
212 63
219 63
222 63
224 63
225 63
228 63
237 63
241 63
243 63
244 63
245 63
247 63
251 63
257 63
274 63
276 63
279 63
283 63
285 63
293 63
297 63
301 63
307 63
311 63
312 63
319 63
325 63
327 63
329 63
335 63
340 63
349 63
350 63
359 63
366 63
368 63
370 63
372 63
387 63
393 63
396 63
399 63
402 63
403 63
408 63
410 63
412 63
414 63
415 63
420 63
423 63
425 63
428 63
429 63
435 63
436 63
441 63
444 63
446 63
453 63
454 63
457 63
496 63
497 63
516 63
557 63
568 63
602 63
626 63
689 63
691 63
776 63
858 63
886 63
970 63
2 64
3 64
4 64
5 64
6 64
7 64
9 64
12 64
16 64
17 64
19 64
23 64
25 64
28 64
45 64
51 64
54 64
62 64
63 64
65 64
68 64
73 64
74 64
75 64
86 64
99 64
101 64
108 64
120 64
124 64
128 64
133 64
143 64
145 64
149 64
167 64
190 64
207 64
217 64
224 64
228 64
229 64
234 64
241 64
243 64
247 64
264 64
290 64
294 64
297 64
307 64
310 64
312 64
315 64
364 64
370 64
399 64
406 64
427 64
446 64
447 64
462 64
473 64
539 64
602 64
604 64
626 64
634 64
655 64
734 64
833 64
834 64
880 64
980 64
997 64
2 65
3 65
4 65
5 65
9 65
12 65
13 65
14 65
16 65
17 65
18 65
20 65
23 65
24 65
25 65
27 65
31 65
32 65
34 65
38 65
39 65
40 65
41 65
42 65
43 65
45 65
51 65
52 65
53 65
56 65
60 65
62 65
63 65
64 65
66 65
67 65
71 65
73 65
75 65
77 65
80 65
83 65
85 65
86 65
87 65
88 65
92 65
94 65
96 65
98 65
99 65
101 65
102 65
105 65
108 65
110 65
112 65
114 65
118 65
119 65
120 65
121 65
124 65
128 65
129 65
130 65
132 65
133 65
134 65
135 65
136 65
138 65
141 65
142 65
143 65
145 65
146 65
147 65
148 65
149 65
152 65
157 65
159 65
165 65
166 65
167 65
168 65
173 65
175 65
176 65
177 65
180 65
183 65
187 65
189 65
190 65
191 65
194 65
195 65
197 65
199 65
201 65
203 65
207 65
208 65
209 65
212 65
213 65
214 65
217 65
219 65
220 65
222 65
224 65
225 65
228 65
229 65
233 65
235 65
236 65
237 65
238 65
241 65
243 65
244 65
245 65
247 65
251 65
253 65
254 65
255 65
260 65
262 65
264 65
265 65
267 65
269 65
271 65
274 65
276 65
277 65
279 65
280 65
285 65
287 65
291 65
294 65
295 65
296 65
297 65
301 65
303 65
307 65
310 65
311 65
312 65
313 65
315 65
319 65
323 65
324 65
327 65
329 65
330 65
333 65
335 65
336 65
340 65
343 65
345 65
347 65
348 65
349 65
350 65
351 65
352 65
359 65
366 65
367 65
372 65
380 65
383 65
387 65
390 65
392 65
393 65
396 65
399 65
402 65
403 65
404 65
407 65
408 65
410 65
412 65
414 65
415 65
420 65
423 65
425 65
428 65
429 65
431 65
432 65
434 65
435 65
436 65
439 65
441 65
444 65
446 65
447 65
453 65
454 65
457 65
458 65
459 65
460 65
461 65
462 65
463 65
465 65
468 65
469 65
473 65
474 65
478 65
482 65
483 65
484 65
485 65
486 65
487 65
490 65
492 65
494 65
495 65
496 65
497 65
498 65
500 65
503 65
504 65
505 65
508 65
509 65
510 65
513 65
517 65
518 65
521 65
522 65
523 65
524 65
526 65
530 65
531 65
534 65
537 65
538 65
539 65
545 65
546 65
548 65
550 65
551 65
553 65
554 65
555 65
557 65
561 65
563 65
566 65
568 65
569 65
570 65
571 65
573 65
574 65
576 65
577 65
579 65
583 65
587 65
589 65
599 65
602 65
604 65
606 65
626 65
628 65
634 65
639 65
640 65
647 65
655 65
688 65
689 65
690 65
704 65
711 65
716 65
721 65
734 65
753 65
776 65
782 65
783 65
788 65
792 65
794 65
802 65
816 65
847 65
851 65
886 65
889 65
926 65
952 65
954 65
964 65
978 65
995 65
997 65
2 66
3 66
4 66
9 66
12 66
25 66
28 66
30 66
39 66
47 66
51 66
53 66
56 66
58 66
59 66
60 66
63 66
65 66
66 66
69 66
73 66
75 66
81 66
86 66
99 66
108 66
110 66
114 66
120 66
121 66
126 66
128 66
129 66
132 66
133 66
134 66
139 66
143 66
144 66
145 66
149 66
150 66
158 66
165 66
168 66
173 66
176 66
177 66
178 66
183 66
189 66
190 66
191 66
194 66
195 66
199 66
207 66
209 66
214 66
215 66
216 66
224 66
225 66
229 66
233 66
239 66
243 66
244 66
251 66
258 66
267 66
269 66
274 66
276 66
277 66
278 66
283 66
285 66
291 66
296 66
297 66
299 66
301 66
302 66
303 66
306 66
311 66
312 66
323 66
325 66
335 66
340 66
341 66
347 66
350 66
358 66
359 66
368 66
369 66
373 66
375 66
377 66
378 66
384 66
399 66
405 66
409 66
412 66
413 66
417 66
425 66
431 66
436 66
442 66
443 66
446 66
451 66
453 66
454 66
456 66
457 66
460 66
463 66
467 66
468 66
472 66
473 66
474 66
483 66
496 66
508 66
513 66
516 66
518 66
521 66
528 66
533 66
534 66
539 66
540 66
544 66
546 66
548 66
550 66
553 66
556 66
557 66
559 66
566 66
570 66
573 66
576 66
577 66
580 66
582 66
589 66
593 66
599 66
602 66
604 66
609 66
616 66
617 66
626 66
629 66
630 66
633 66
634 66
639 66
642 66
643 66
645 66
646 66
647 66
652 66
655 66
656 66
675 66
679 66
680 66
681 66
689 66
691 66
704 66
716 66
718 66
725 66
738 66
754 66
758 66
764 66
771 66
773 66
775 66
779 66
783 66
788 66
794 66
795 66
802 66
804 66
810 66
811 66
825 66
828 66
830 66
834 66
838 66
843 66
847 66
849 66
851 66
856 66
858 66
862 66
877 66
880 66
884 66
885 66
907 66
909 66
910 66
922 66
928 66
932 66
936 66
940 66
943 66
946 66
951 66
952 66
955 66
961 66
970 66
972 66
976 66
978 66
980 66
988 66
997 66
999 66
2 67
3 67
4 67
5 67
6 67
7 67
9 67
12 67
16 67
18 67
22 67
23 67
24 67
25 67
27 67
28 67
34 67
38 67
39 67
43 67
45 67
51 67
52 67
56 67
57 67
58 67
59 67
60 67
63 67
65 67
68 67
71 67
72 67
73 67
74 67
75 67
77 67
78 67
83 67
85 67
86 67
87 67
89 67
91 67
92 67
93 67
98 67
99 67
101 67
102 67
105 67
106 67
110 67
111 67
112 67
114 67
118 67
120 67
121 67
123 67
124 67
125 67
127 67
128 67
130 67
133 67
134 67
135 67
137 67
138 67
139 67
145 67
147 67
148 67
149 67
151 67
154 67
157 67
159 67
160 67
163 67
165 67
166 67
171 67
173 67
174 67
175 67
176 67
182 67
183 67
184 67
185 67
187 67
189 67
190 67
193 67
195 67
197 67
203 67
204 67
207 67
211 67
212 67
213 67
214 67
219 67
225 67
233 67
241 67
243 67
247 67
252 67
253 67
254 67
257 67
264 67
265 67
267 67
269 67
285 67
301 67
307 67
310 67
311 67
312 67
315 67
319 67
323 67
329 67
342 67
350 67
359 67
368 67
380 67
393 67
402 67
403 67
405 67
408 67
410 67
414 67
415 67
420 67
423 67
425 67
427 67
428 67
429 67
435 67
436 67
441 67
442 67
444 67
446 67
447 67
453 67
454 67
457 67
462 67
463 67
469 67
474 67
496 67
507 67
513 67
516 67
526 67
534 67
539 67
543 67
546 67
559 67
563 67
566 67
602 67
604 67
626 67
628 67
634 67
647 67
653 67
655 67
668 67
681 67
689 67
711 67
716 67
718 67
734 67
748 67
774 67
783 67
788 67
794 67
830 67
840 67
858 67
864 67
871 67
886 67
896 67
946 67
964 67
978 67
980 67
997 67
2 68
3 68
5 68
7 68
8 68
9 68
12 68
15 68
17 68
18 68
23 68
24 68
25 68
28 68
30 68
31 68
33 68
34 68
38 68
39 68
45 68
48 68
50 68
51 68
53 68
58 68
59 68
60 68
62 68
63 68
64 68
65 68
66 68
67 68
70 68
71 68
73 68
74 68
75 68
78 68
83 68
85 68
86 68
89 68
92 68
93 68
94 68
99 68
102 68
106 68
111 68
117 68
120 68
121 68
124 68
125 68
128 68
129 68
132 68
137 68
138 68
139 68
145 68
147 68
148 68
149 68
151 68
153 68
154 68
159 68
165 68
168 68
173 68
176 68
177 68
183 68
187 68
190 68
193 68
194 68
195 68
201 68
207 68
212 68
219 68
224 68
225 68
229 68
235 68
239 68
243 68
244 68
246 68
247 68
253 68
254 68
257 68
258 68
264 68
265 68
268 68
274 68
276 68
283 68
285 68
288 68
290 68
291 68
294 68
295 68
296 68
299 68
303 68
307 68
309 68
311 68
312 68
315 68
317 68
324 68
342 68
345 68
350 68
358 68
359 68
369 68
370 68
377 68
380 68
381 68
408 68
412 68
417 68
427 68
429 68
431 68
435 68
436 68
446 68
451 68
453 68
456 68
457 68
460 68
463 68
474 68
485 68
496 68
508 68
513 68
516 68
528 68
531 68
534 68
539 68
546 68
559 68
568 68
571 68
573 68
578 68
589 68
593 68
596 68
602 68
604 68
615 68
616 68
618 68
625 68
626 68
630 68
631 68
634 68
636 68
641 68
646 68
647 68
650 68
653 68
655 68
668 68
670 68
674 68
679 68
680 68
681 68
682 68
683 68
689 68
702 68
711 68
716 68
734 68
738 68
746 68
754 68
767 68
774 68
779 68
783 68
788 68
792 68
794 68
811 68
827 68
828 68
833 68
841 68
847 68
848 68
849 68
853 68
857 68
864 68
867 68
871 68
872 68
880 68
881 68
883 68
886 68
889 68
893 68
896 68
903 68
910 68
922 68
933 68
937 68
946 68
958 68
978 68
980 68
988 68
993 68
997 68
998 68
2 69
3 69
4 69
9 69
28 69
51 69
63 69
65 69
66 69
70 69
73 69
124 69
128 69
143 69
149 69
163 69
190 69
191 69
194 69
224 69
243 69
250 69
294 69
307 69
312 69
317 69
347 69
468 69
473 69
474 69
476 69
534 69
546 69
557 69
577 69
616 69
625 69
626 69
646 69
680 69
716 69
761 69
771 69
843 69
851 69
954 69
964 69
966 69
2 70
3 70
9 70
18 70
28 70
51 70
63 70
65 70
68 70
69 70
73 70
102 70
128 70
129 70
136 70
145 70
149 70
151 70
190 70
207 70
214 70
229 70
243 70
250 70
253 70
307 70
368 70
378 70
380 70
431 70
442 70
446 70
534 70
602 70
625 70
691 70
716 70
734 70
858 70
880 70
946 70
2 71
3 71
4 71
6 71
7 71
8 71
9 71
12 71
16 71
18 71
24 71
25 71
26 71
27 71
28 71
34 71
38 71
39 71
43 71
51 71
53 71
54 71
56 71
58 71
60 71
63 71
65 71
66 71
67 71
68 71
72 71
73 71
79 71
83 71
85 71
86 71
97 71
101 71
106 71
107 71
110 71
114 71
120 71
121 71
125 71
127 71
128 71
132 71
133 71
135 71
137 71
142 71
149 71
151 71
152 71
170 71
173 71
176 71
177 71
183 71
184 71
190 71
193 71
195 71
207 71
212 71
216 71
225 71
229 71
235 71
243 71
250 71
253 71
254 71
265 71
268 71
274 71
280 71
285 71
296 71
303 71
311 71
315 71
323 71
358 71
368 71
369 71
377 71
380 71
399 71
425 71
427 71
436 71
444 71
446 71
453 71
456 71
462 71
463 71
473 71
476 71
477 71
496 71
504 71
513 71
516 71
521 71
534 71
539 71
545 71
548 71
555 71
566 71
568 71
602 71
604 71
616 71
618 71
634 71
638 71
646 71
651 71
668 71
675 71
679 71
680 71
710 71
711 71
716 71
725 71
733 71
734 71
738 71
794 71
830 71
833 71
862 71
870 71
874 71
880 71
886 71
913 71
936 71
943 71
952 71
957 71
958 71
960 71
964 71
966 71
978 71
980 71
2 72
3 72
4 72
5 72
6 72
9 72
12 72
16 72
17 72
18 72
22 72
23 72
25 72
28 72
29 72
30 72
34 72
38 72
39 72
43 72
45 72
48 72
51 72
52 72
53 72
56 72
57 72
58 72
59 72
62 72
63 72
65 72
66 72
71 72
73 72
74 72
75 72
77 72
79 72
80 72
83 72
85 72
86 72
91 72
93 72
94 72
97 72
98 72
99 72
101 72
106 72
107 72
110 72
114 72
119 72
120 72
121 72
124 72
128 72
129 72
130 72
133 72
134 72
137 72
139 72
142 72
143 72
145 72
148 72
149 72
151 72
152 72
153 72
155 72
156 72
158 72
159 72
165 72
166 72
167 72
174 72
175 72
177 72
181 72
184 72
185 72
189 72
190 72
194 72
196 72
197 72
207 72
212 72
213 72
216 72
224 72
225 72
229 72
233 72
237 72
238 72
239 72
241 72
243 72
244 72
247 72
249 72
253 72
257 72
264 72
267 72
268 72
269 72
271 72
276 72
283 72
285 72
290 72
291 72
292 72
294 72
295 72
296 72
297 72
299 72
301 72
302 72
303 72
306 72
307 72
308 72
311 72
312 72
315 72
316 72
317 72
323 72
324 72
325 72
326 72
329 72
331 72
334 72
341 72
342 72
345 72
350 72
351 72
358 72
359 72
364 72
368 72
369 72
375 72
377 72
378 72
381 72
399 72
403 72
409 72
412 72
427 72
429 72
431 72
432 72
434 72
435 72
436 72
437 72
442 72
443 72
451 72
453 72
456 72
457 72
460 72
463 72
465 72
468 72
469 72
472 72
473 72
474 72
476 72
479 72
483 72
485 72
496 72
499 72
502 72
503 72
504 72
505 72
513 72
516 72
517 72
518 72
520 72
526 72
528 72
529 72
534 72
539 72
546 72
553 72
557 72
559 72
563 72
568 72
570 72
571 72
573 72
576 72
577 72
581 72
593 72
602 72
604 72
616 72
621 72
630 72
631 72
634 72
636 72
639 72
643 72
646 72
647 72
650 72
652 72
655 72
656 72
660 72
667 72
668 72
670 72
675 72
676 72
679 72
680 72
681 72
682 72
689 72
690 72
699 72
702 72
706 72
716 72
733 72
734 72
738 72
746 72
749 72
754 72
758 72
764 72
771 72
774 72
776 72
779 72
781 72
782 72
783 72
791 72
792 72
794 72
797 72
799 72
800 72
804 72
807 72
810 72
811 72
817 72
830 72
834 72
840 72
847 72
851 72
855 72
857 72
858 72
865 72
867 72
871 72
872 72
880 72
881 72
885 72
886 72
893 72
902 72
903 72
907 72
919 72
933 72
935 72
937 72
938 72
941 72
946 72
954 72
956 72
958 72
959 72
964 72
966 72
970 72
978 72
980 72
989 72
997 72
998 72
999 72
1000 72
2 73
3 73
4 73
5 73
6 73
7 73
8 73
9 73
10 73
11 73
12 73
14 73
17 73
18 73
19 73
21 73
22 73
23 73
25 73
28 73
30 73
31 73
35 73
37 73
38 73
39 73
40 73
42 73
44 73
47 73
48 73
50 73
51 73
53 73
54 73
56 73
58 73
60 73
61 73
62 73
63 73
64 73
65 73
66 73
68 73
69 73
75 73
79 73
81 73
86 73
92 73
98 73
108 73
110 73
111 73
113 73
120 73
121 73
124 73
128 73
129 73
132 73
133 73
134 73
136 73
137 73
143 73
144 73
145 73
146 73
149 73
155 73
162 73
165 73
168 73
173 73
176 73
178 73
179 73
181 73
183 73
186 73
190 73
193 73
194 73
195 73
199 73
207 73
209 73
212 73
216 73
219 73
222 73
224 73
225 73
229 73
230 73
233 73
239 73
243 73
244 73
247 73
251 73
252 73
257 73
258 73
260 73
267 73
268 73
269 73
274 73
276 73
277 73
278 73
279 73
280 73
283 73
285 73
286 73
291 73
295 73
296 73
297 73
301 73
307 73
308 73
309 73
311 73
312 73
317 73
323 73
325 73
327 73
329 73
330 73
335 73
336 73
340 73
347 73
350 73
358 73
359 73
361 73
364 73
365 73
368 73
369 73
371 73
375 73
377 73
378 73
381 73
384 73
392 73
396 73
399 73
404 73
405 73
412 73
414 73
417 73
425 73
431 73
435 73
436 73
438 73
439 73
443 73
446 73
447 73
451 73
456 73
457 73
460 73
463 73
467 73
468 73
472 73
473 73
474 73
481 73
483 73
489 73
493 73
496 73
503 73
507 73
508 73
511 73
513 73
514 73
516 73
517 73
528 73
529 73
534 73
536 73
539 73
550 73
566 73
570 73
571 73
573 73
576 73
577 73
578 73
579 73
585 73
587 73
589 73
590 73
593 73
595 73
597 73
601 73
602 73
603 73
604 73
606 73
608 73
610 73
612 73
613 73
615 73
616 73
618 73
621 73
622 73
623 73
625 73
626 73
628 73
629 73
630 73
631 73
633 73
634 73
635 73
636 73
638 73
641 73
643 73
646 73
647 73
649 73
650 73
651 73
652 73
653 73
655 73
656 73
657 73
660 73
662 73
664 73
665 73
667 73
670 73
671 73
672 73
675 73
676 73
679 73
681 73
682 73
684 73
686 73
687 73
689 73
690 73
691 73
692 73
695 73
696 73
699 73
700 73
701 73
702 73
704 73
705 73
708 73
711 73
714 73
715 73
716 73
717 73
719 73
720 73
721 73
722 73
725 73
729 73
730 73
734 73
737 73
738 73
739 73
741 73
742 73
744 73
745 73
746 73
748 73
750 73
753 73
754 73
755 73
756 73
757 73
758 73
760 73
761 73
762 73
764 73
767 73
768 73
769 73
770 73
771 73
772 73
774 73
776 73
779 73
782 73
783 73
784 73
789 73
791 73
792 73
793 73
794 73
795 73
796 73
798 73
800 73
804 73
806 73
808 73
810 73
811 73
813 73
816 73
817 73
818 73
819 73
820 73
821 73
822 73
825 73
826 73
828 73
829 73
830 73
833 73
834 73
836 73
840 73
841 73
842 73
843 73
846 73
847 73
849 73
851 73
852 73
853 73
855 73
856 73
858 73
859 73
860 73
861 73
862 73
864 73
865 73
868 73
870 73
871 73
872 73
874 73
875 73
876 73
877 73
878 73
880 73
881 73
883 73
884 73
885 73
886 73
887 73
888 73
889 73
890 73
891 73
892 73
899 73
902 73
903 73
907 73
908 73
909 73
911 73
913 73
917 73
918 73
919 73
920 73
924 73
925 73
926 73
928 73
929 73
934 73
935 73
936 73
937 73
938 73
939 73
940 73
941 73
942 73
943 73
944 73
946 73
949 73
951 73
952 73
954 73
957 73
958 73
959 73
961 73
962 73
963 73
965 73
966 73
968 73
969 73
970 73
973 73
976 73
977 73
978 73
980 73
982 73
983 73
984 73
985 73
986 73
987 73
988 73
993 73
994 73
995 73
997 73
999 73
1000 73
2 74
3 74
6 74
7 74
9 74
18 74
38 74
39 74
51 74
57 74
63 74
64 74
65 74
73 74
75 74
83 74
86 74
114 74
145 74
149 74
162 74
165 74
176 74
177 74
190 74
207 74
225 74
233 74
235 74
241 74
243 74
257 74
267 74
271 74
307 74
312 74
319 74
351 74
368 74
399 74
406 74
408 74
412 74
446 74
447 74
474 74
496 74
506 74
513 74
534 74
557 74
563 74
589 74
602 74
626 74
628 74
634 74
718 74
768 74
794 74
830 74
871 74
882 74
883 74
886 74
993 74
2 75
3 75
4 75
5 75
9 75
10 75
12 75
17 75
18 75
20 75
23 75
24 75
25 75
28 75
31 75
32 75
38 75
42 75
45 75
47 75
50 75
51 75
52 75
53 75
54 75
58 75
59 75
63 75
65 75
66 75
73 75
86 75
88 75
92 75
96 75
99 75
101 75
105 75
110 75
113 75
114 75
117 75
118 75
120 75
121 75
123 75
124 75
128 75
129 75
133 75
134 75
135 75
136 75
139 75
142 75
143 75
144 75
145 75
149 75
155 75
157 75
162 75
165 75
166 75
168 75
173 75
176 75
183 75
189 75
190 75
191 75
194 75
195 75
196 75
197 75
199 75
201 75
203 75
207 75
208 75
209 75
211 75
214 75
219 75
222 75
224 75
225 75
226 75
228 75
229 75
233 75
238 75
241 75
243 75
244 75
245 75
247 75
251 75
254 75
255 75
257 75
258 75
260 75
262 75
264 75
267 75
268 75
269 75
271 75
274 75
276 75
277 75
279 75
280 75
285 75
287 75
290 75
291 75
294 75
295 75
296 75
297 75
301 75
302 75
306 75
311 75
312 75
315 75
319 75
325 75
327 75
329 75
335 75
336 75
340 75
347 75
350 75
357 75
358 75
359 75
369 75
372 75
377 75
378 75
387 75
390 75
392 75
393 75
396 75
399 75
402 75
403 75
404 75
405 75
408 75
412 75
414 75
415 75
417 75
420 75
423 75
425 75
428 75
429 75
431 75
432 75
434 75
435 75
436 75
441 75
442 75
443 75
444 75
446 75
447 75
451 75
453 75
454 75
456 75
457 75
458 75
460 75
461 75
462 75
463 75
465 75
468 75
469 75
473 75
474 75
478 75
481 75
482 75
483 75
485 75
486 75
490 75
492 75
493 75
494 75
495 75
496 75
497 75
499 75
500 75
504 75
505 75
508 75
509 75
510 75
513 75
516 75
517 75
521 75
522 75
523 75
524 75
526 75
528 75
530 75
531 75
532 75
533 75
534 75
537 75
538 75
539 75
545 75
546 75
548 75
550 75
551 75
553 75
554 75
555 75
557 75
561 75
563 75
566 75
568 75
569 75
570 75
571 75
573 75
574 75
576 75
577 75
579 75
583 75
587 75
589 75
593 75
597 75
602 75
604 75
611 75
616 75
617 75
618 75
625 75
626 75
628 75
631 75
634 75
635 75
640 75
647 75
650 75
651 75
652 75
653 75
655 75
664 75
668 75
677 75
681 75
688 75
689 75
690 75
691 75
702 75
704 75
707 75
714 75
716 75
718 75
734 75
738 75
754 75
758 75
762 75
768 75
771 75
774 75
783 75
789 75
794 75
796 75
803 75
806 75
816 75
818 75
822 75
826 75
828 75
834 75
840 75
842 75
847 75
849 75
855 75
858 75
860 75
861 75
867 75
869 75
870 75
871 75
877 75
880 75
885 75
886 75
889 75
899 75
907 75
909 75
917 75
922 75
928 75
929 75
937 75
941 75
952 75
961 75
970 75
976 75
978 75
980 75
988 75
989 75
990 75
997 75
51 76
63 76
65 76
145 76
149 76
190 76
307 76
368 76
406 76
534 76
3 77
4 77
6 77
23 77
25 77
34 77
38 77
39 77
45 77
51 77
53 77
56 77
62 77
63 77
65 77
67 77
71 77
74 77
75 77
86 77
93 77
94 77
99 77
102 77
105 77
111 77
121 77
125 77
128 77
130 77
133 77
145 77
148 77
149 77
165 77
166 77
175 77
176 77
183 77
185 77
190 77
195 77
203 77
207 77
212 77
219 77
225 77
241 77
243 77
247 77
268 77
288 77
297 77
299 77
302 77
359 77
368 77
412 77
446 77
462 77
473 77
474 77
499 77
513 77
520 77
534 77
557 77
585 77
602 77
626 77
628 77
639 77
640 77
641 77
650 77
676 77
768 77
783 77
794 77
811 77
853 77
884 77
952 77
970 77
978 77
3 78
8 78
9 78
12 78
15 78
18 78
24 78
25 78
31 78
48 78
51 78
54 78
56 78
57 78
58 78
60 78
63 78
65 78
67 78
83 78
86 78
88 78
98 78
99 78
102 78
106 78
120 78
121 78
125 78
133 78
134 78
139 78
141 78
143 78
149 78
168 78
169 78
175 78
185 78
189 78
190 78
193 78
207 78
227 78
228 78
247 78
296 78
303 78
315 78
343 78
427 78
442 78
496 78
499 78
513 78
534 78
539 78
553 78
554 78
557 78
563 78
568 78
602 78
621 78
629 78
633 78
634 78
668 78
670 78
674 78
711 78
741 78
746 78
794 78
858 78
867 78
875 78
886 78
937 78
952 78
978 78
2 79
3 79
9 79
12 79
24 79
25 79
27 79
28 79
30 79
34 79
51 79
56 79
63 79
65 79
73 79
75 79
83 79
86 79
92 79
98 79
101 79
102 79
107 79
120 79
121 79
128 79
134 79
145 79
149 79
165 79
166 79
176 79
177 79
183 79
184 79
190 79
195 79
197 79
207 79
217 79
219 79
225 79
231 79
235 79
243 79
247 79
311 79
368 79
376 79
380 79
399 79
442 79
446 79
447 79
453 79
460 79
474 79
485 79
496 79
513 79
534 79
545 79
550 79
566 79
602 79
604 79
633 79
634 79
639 79
659 79
675 79
680 79
681 79
701 79
706 79
711 79
716 79
741 79
752 79
753 79
802 79
828 79
830 79
838 79
843 79
878 79
913 79
941 79
970 79
2 80
3 80
9 80
12 80
14 80
16 80
18 80
24 80
25 80
28 80
30 80
43 80
45 80
48 80
50 80
51 80
52 80
54 80
56 80
58 80
59 80
62 80
63 80
65 80
66 80
71 80
75 80
80 80
81 80
88 80
98 80
99 80
101 80
102 80
106 80
107 80
124 80
129 80
133 80
142 80
143 80
144 80
145 80
149 80
153 80
184 80
188 80
189 80
190 80
194 80
207 80
225 80
229 80
243 80
247 80
251 80
268 80
276 80
285 80
290 80
296 80
309 80
312 80
317 80
320 80
325 80
328 80
347 80
350 80
359 80
368 80
369 80
377 80
378 80
379 80
380 80
395 80
402 80
406 80
425 80
430 80
431 80
436 80
437 80
442 80
446 80
449 80
450 80
453 80
456 80
463 80
468 80
473 80
474 80
485 80
496 80
513 80
516 80
519 80
521 80
531 80
533 80
534 80
547 80
550 80
556 80
568 80
582 80
602 80
609 80
616 80
619 80
623 80
625 80
626 80
630 80
634 80
639 80
646 80
656 80
658 80
670 80
678 80
679 80
680 80
685 80
688 80
706 80
710 80
711 80
716 80
725 80
728 80
734 80
738 80
762 80
763 80
767 80
771 80
788 80
804 80
831 80
832 80
833 80
837 80
843 80
850 80
859 80
878 80
880 80
886 80
913 80
937 80
941 80
946 80
951 80
955 80
964 80
965 80
980 80
2 81
3 81
4 81
5 81
9 81
12 81
16 81
18 81
23 81
24 81
25 81
26 81
27 81
28 81
30 81
34 81
38 81
39 81
45 81
46 81
47 81
48 81
49 81
50 81
51 81
53 81
54 81
56 81
57 81
59 81
62 81
63 81
65 81
66 81
67 81
68 81
71 81
73 81
75 81
77 81
78 81
80 81
83 81
85 81
86 81
91 81
94 81
99 81
110 81
112 81
114 81
120 81
121 81
124 81
125 81
129 81
132 81
133 81
134 81
137 81
138 81
143 81
145 81
148 81
149 81
151 81
152 81
155 81
157 81
165 81
166 81
168 81
175 81
176 81
177 81
181 81
183 81
189 81
190 81
193 81
194 81
203 81
206 81
207 81
214 81
216 81
222 81
224 81
225 81
228 81
229 81
233 81
239 81
247 81
250 81
251 81
253 81
258 81
264 81
267 81
268 81
269 81
271 81
274 81
276 81
280 81
283 81
287 81
291 81
296 81
297 81
299 81
301 81
302 81
307 81
310 81
311 81
312 81
324 81
325 81
331 81
333 81
334 81
343 81
345 81
347 81
350 81
358 81
359 81
368 81
369 81
375 81
377 81
378 81
390 81
399 81
403 81
405 81
407 81
412 81
422 81
425 81
427 81
431 81
436 81
437 81
439 81
442 81
443 81
447 81
456 81
457 81
459 81
460 81
462 81
463 81
468 81
469 81
472 81
473 81
483 81
487 81
499 81
503 81
513 81
516 81
518 81
520 81
521 81
523 81
526 81
528 81
534 81
539 81
543 81
546 81
548 81
551 81
553 81
557 81
559 81
566 81
568 81
570 81
571 81
573 81
576 81
577 81
578 81
583 81
591 81
602 81
604 81
616 81
620 81
621 81
625 81
626 81
629 81
630 81
633 81
634 81
646 81
647 81
652 81
653 81
655 81
671 81
674 81
675 81
676 81
680 81
681 81
688 81
689 81
690 81
704 81
706 81
716 81
722 81
734 81
737 81
738 81
758 81
761 81
771 81
783 81
790 81
791 81
794 81
795 81
797 81
803 81
804 81
810 81
825 81
828 81
830 81
833 81
847 81
848 81
849 81
858 81
861 81
880 81
885 81
886 81
895 81
897 81
899 81
902 81
910 81
917 81
922 81
937 81
941 81
946 81
952 81
957 81
961 81
963 81
966 81
978 81
980 81
997 81
999 81
9 82
31 82
51 82
62 82
63 82
65 82
118 82
149 82
190 82
207 82
228 82
368 82
399 82
462 82
634 82
2 83
3 83
4 83
5 83
6 83
7 83
8 83
9 83
10 83
11 83
12 83
16 83
17 83
18 83
19 83
20 83
21 83
23 83
25 83
27 83
28 83
31 83
32 83
34 83
37 83
38 83
39 83
41 83
42 83
45 83
47 83
48 83
49 83
50 83
51 83
52 83
53 83
56 83
57 83
58 83
59 83
60 83
61 83
62 83
63 83
65 83
66 83
67 83
68 83
71 83
73 83
74 83
75 83
77 83
78 83
79 83
80 83
81 83
85 83
86 83
92 83
93 83
94 83
96 83
98 83
99 83
102 83
105 83
106 83
108 83
110 83
111 83
112 83
113 83
114 83
115 83
118 83
120 83
121 83
123 83
125 83
127 83
128 83
129 83
130 83
132 83
133 83
134 83
135 83
137 83
138 83
139 83
140 83
141 83
142 83
143 83
144 83
145 83
147 83
148 83
149 83
151 83
152 83
153 83
155 83
157 83
165 83
166 83
167 83
168 83
169 83
170 83
171 83
173 83
174 83
175 83
176 83
177 83
178 83
179 83
181 83
182 83
183 83
184 83
186 83
187 83
189 83
190 83
191 83
194 83
195 83
196 83
197 83
199 83
201 83
204 83
207 83
209 83
212 83
214 83
216 83
217 83
218 83
219 83
222 83
224 83
225 83
226 83
227 83
228 83
229 83
230 83
233 83
236 83
237 83
238 83
239 83
241 83
243 83
244 83
245 83
246 83
247 83
252 83
253 83
254 83
255 83
257 83
259 83
260 83
262 83
264 83
268 83
269 83
271 83
276 83
277 83
280 83
281 83
285 83
286 83
287 83
288 83
291 83
293 83
294 83
295 83
296 83
297 83
301 83
303 83
305 83
307 83
310 83
311 83
313 83
315 83
316 83
317 83
323 83
324 83
325 83
327 83
329 83
330 83
333 83
334 83
335 83
336 83
341 83
342 83
343 83
346 83
347 83
348 83
349 83
350 83
351 83
352 83
354 83
357 83
358 83
359 83
361 83
365 83
367 83
368 83
369 83
370 83
371 83
372 83
375 83
377 83
378 83
379 83
380 83
381 83
382 83
383 83
389 83
390 83
392 83
393 83
399 83
402 83
403 83
405 83
408 83
412 83
414 83
415 83
417 83
420 83
422 83
423 83
425 83
427 83
428 83
429 83
431 83
432 83
435 83
436 83
437 83
441 83
442 83
443 83
446 83
447 83
448 83
451 83
453 83
454 83
456 83
457 83
458 83
459 83
460 83
461 83
462 83
463 83
465 83
468 83
469 83
470 83
476 83
478 83
479 83
481 83
482 83
483 83
485 83
486 83
487 83
488 83
489 83
490 83
492 83
493 83
494 83
495 83
496 83
497 83
498 83
499 83
500 83
501 83
502 83
503 83
504 83
505 83
506 83
507 83
508 83
509 83
510 83
511 83
513 83
516 83
517 83
521 83
522 83
523 83
524 83
526 83
528 83
529 83
530 83
531 83
533 83
534 83
536 83
537 83
538 83
540 83
545 83
546 83
548 83
550 83
551 83
553 83
554 83
555 83
559 83
561 83
563 83
564 83
566 83
568 83
569 83
570 83
571 83
573 83
574 83
575 83
578 83
579 83
583 83
587 83
589 83
590 83
591 83
593 83
595 83
596 83
597 83
599 83
601 83
602 83
603 83
604 83
606 83
608 83
610 83
612 83
613 83
615 83
616 83
618 83
620 83
621 83
622 83
623 83
625 83
626 83
628 83
629 83
630 83
631 83
633 83
634 83
636 83
638 83
640 83
641 83
642 83
643 83
646 83
647 83
649 83
650 83
651 83
652 83
653 83
655 83
656 83
657 83
659 83
662 83
664 83
665 83
667 83
668 83
670 83
671 83
672 83
674 83
675 83
676 83
679 83
680 83
681 83
682 83
683 83
684 83
686 83
687 83
688 83
689 83
690 83
691 83
695 83
696 83
697 83
699 83
700 83
701 83
702 83
703 83
704 83
705 83
706 83
708 83
710 83
715 83
716 83
717 83
718 83
719 83
720 83
721 83
722 83
723 83
725 83
729 83
730 83
734 83
737 83
738 83
741 83
742 83
744 83
745 83
746 83
748 83
750 83
753 83
754 83
755 83
756 83
757 83
758 83
760 83
761 83
762 83
764 83
767 83
769 83
770 83
771 83
772 83
774 83
776 83
779 83
781 83
782 83
783 83
784 83
786 83
787 83
789 83
790 83
791 83
792 83
793 83
794 83
795 83
796 83
797 83
798 83
799 83
804 83
805 83
806 83
808 83
809 83
810 83
811 83
813 83
816 83
817 83
818 83
819 83
820 83
821 83
823 83
825 83
826 83
828 83
829 83
830 83
833 83
834 83
835 83
836 83
840 83
841 83
842 83
843 83
846 83
847 83
848 83
849 83
851 83
852 83
853 83
855 83
856 83
857 83
858 83
859 83
860 83
861 83
862 83
864 83
865 83
870 83
871 83
874 83
875 83
876 83
877 83
878 83
881 83
883 83
884 83
885 83
886 83
887 83
888 83
889 83
890 83
891 83
892 83
896 83
897 83
898 83
899 83
902 83
903 83
907 83
908 83
909 83
910 83
911 83
913 83
916 83
917 83
918 83
919 83
920 83
921 83
922 83
924 83
925 83
926 83
928 83
929 83
932 83
934 83
935 83
937 83
938 83
939 83
940 83
941 83
942 83
944 83
946 83
949 83
951 83
952 83
954 83
955 83
957 83
958 83
962 83
963 83
964 83
965 83
966 83
968 83
969 83
970 83
973 83
974 83
977 83
978 83
980 83
982 83
983 83
984 83
985 83
986 83
988 83
989 83
993 83
994 83
995 83
997 83
999 83
1000 83
9 84
15 84
51 84
56 84
63 84
65 84
78 84
149 84
190 84
207 84
247 84
294 84
368 84
446 84
3 85
4 85
9 85
12 85
16 85
17 85
18 85
23 85
24 85
25 85
34 85
38 85
39 85
45 85
49 85
51 85
54 85
57 85
58 85
62 85
63 85
65 85
73 85
81 85
86 85
94 85
97 85
98 85
99 85
101 85
102 85
105 85
108 85
112 85
118 85
120 85
121 85
125 85
128 85
134 85
137 85
138 85
145 85
147 85
149 85
151 85
152 85
165 85
166 85
168 85
170 85
176 85
183 85
184 85
187 85
190 85
195 85
197 85
207 85
217 85
219 85
222 85
225 85
228 85
247 85
250 85
255 85
268 85
269 85
285 85
307 85
347 85
380 85
399 85
435 85
442 85
446 85
447 85
462 85
463 85
508 85
513 85
534 85
539 85
546 85
566 85
602 85
626 85
628 85
634 85
655 85
711 85
716 85
741 85
828 85
875 85
886 85
954 85
964 85
970 85
978 85
980 85
995 85
997 85
3 86
4 86
8 86
9 86
11 86
14 86
17 86
18 86
19 86
25 86
28 86
31 86
37 86
40 86
42 86
45 86
51 86
56 86
58 86
61 86
62 86
63 86
65 86
66 86
73 86
96 86
99 86
110 86
120 86
123 86
124 86
128 86
134 86
136 86
145 86
146 86
149 86
165 86
167 86
168 86
173 86
175 86
177 86
181 86
183 86
190 86
191 86
194 86
201 86
207 86
208 86
209 86
217 86
222 86
224 86
225 86
228 86
229 86
237 86
243 86
244 86
247 86
267 86
269 86
271 86
274 86
278 86
279 86
280 86
283 86
286 86
290 86
291 86
293 86
295 86
296 86
297 86
301 86
303 86
311 86
312 86
325 86
327 86
329 86
330 86
336 86
340 86
350 86
359 86
365 86
392 86
393 86
399 86
405 86
412 86
427 86
431 86
435 86
436 86
443 86
446 86
447 86
453 86
457 86
462 86
473 86
474 86
483 86
489 86
496 86
497 86
504 86
505 86
507 86
508 86
518 86
528 86
534 86
536 86
539 86
548 86
557 86
566 86
570 86
573 86
576 86
578 86
590 86
593 86
595 86
601 86
602 86
603 86
604 86
605 86
606 86
608 86
610 86
612 86
613 86
615 86
618 86
621 86
622 86
623 86
625 86
626 86
628 86
629 86
631 86
633 86
634 86
636 86
638 86
641 86
643 86
644 86
646 86
649 86
652 86
653 86
655 86
656 86
657 86
662 86
664 86
665 86
667 86
668 86
670 86
672 86
674 86
675 86
676 86
681 86
682 86
684 86
686 86
687 86
689 86
691 86
692 86
695 86
696 86
699 86
700 86
701 86
704 86
705 86
708 86
710 86
711 86
712 86
714 86
715 86
717 86
719 86
720 86
721 86
722 86
723 86
729 86
730 86
734 86
737 86
738 86
739 86
741 86
742 86
744 86
745 86
746 86
748 86
750 86
753 86
755 86
756 86
757 86
758 86
760 86
761 86
767 86
768 86
769 86
772 86
774 86
776 86
779 86
782 86
783 86
784 86
789 86
790 86
791 86
792 86
793 86
795 86
796 86
798 86
800 86
806 86
808 86
810 86
811 86
813 86
816 86
817 86
818 86
819 86
820 86
821 86
825 86
826 86
829 86
830 86
833 86
834 86
835 86
836 86
840 86
841 86
842 86
843 86
846 86
851 86
852 86
853 86
855 86
856 86
857 86
858 86
859 86
860 86
861 86
864 86
865 86
867 86
870 86
874 86
875 86
876 86
877 86
878 86
880 86
881 86
884 86
886 86
887 86
888 86
889 86
890 86
891 86
899 86
902 86
903 86
907 86
908 86
909 86
911 86
913 86
917 86
918 86
919 86
920 86
924 86
925 86
926 86
928 86
929 86
932 86
934 86
935 86
938 86
939 86
940 86
942 86
944 86
951 86
952 86
957 86
958 86
962 86
963 86
965 86
966 86
968 86
969 86
970 86
973 86
977 86
978 86
980 86
982 86
983 86
985 86
986 86
993 86
994 86
995 86
997 86
1000 86
2 87
3 87
5 87
9 87
17 87
23 87
45 87
51 87
56 87
62 87
63 87
65 87
75 87
86 87
91 87
96 87
99 87
101 87
108 87
112 87
120 87
124 87
128 87
129 87
130 87
133 87
134 87
145 87
149 87
165 87
190 87
207 87
217 87
222 87
225 87
228 87
234 87
243 87
245 87
246 87
247 87
251 87
255 87
264 87
268 87
269 87
279 87
287 87
303 87
307 87
309 87
311 87
312 87
325 87
326 87
350 87
351 87
359 87
369 87
399 87
410 87
412 87
422 87
436 87
446 87
447 87
457 87
462 87
473 87
474 87
499 87
505 87
516 87
534 87
539 87
553 87
559 87
568 87
570 87
602 87
616 87
626 87
634 87
644 87
655 87
783 87
867 87
997 87
2 88
3 88
4 88
8 88
9 88
14 88
17 88
23 88
24 88
25 88
27 88
28 88
30 88
31 88
34 88
45 88
49 88
51 88
53 88
54 88
56 88
58 88
60 88
62 88
63 88
65 88
66 88
73 88
78 88
86 88
96 88
99 88
101 88
102 88
106 88
110 88
111 88
114 88
118 88
121 88
128 88
129 88
133 88
134 88
138 88
139 88
142 88
143 88
144 88
145 88
147 88
149 88
150 88
152 88
155 88
165 88
166 88
176 88
180 88
183 88
187 88
189 88
190 88
191 88
193 88
194 88
195 88
206 88
207 88
214 88
217 88
219 88
224 88
225 88
228 88
229 88
239 88
244 88
247 88
255 88
258 88
268 88
277 88
285 88
289 88
296 88
297 88
299 88
303 88
306 88
308 88
312 88
317 88
324 88
331 88
336 88
343 88
347 88
359 88
369 88
377 88
378 88
381 88
383 88
399 88
414 88
417 88
425 88
431 88
436 88
442 88
446 88
447 88
453 88
456 88
460 88
462 88
468 88
469 88
471 88
474 88
488 88
498 88
506 88
513 88
516 88
521 88
528 88
534 88
539 88
545 88
548 88
549 88
553 88
557 88
563 88
566 88
569 88
576 88
591 88
593 88
602 88
604 88
606 88
618 88
621 88
623 88
626 88
630 88
631 88
634 88
639 88
640 88
646 88
651 88
668 88
673 88
674 88
677 88
679 88
680 88
689 88
694 88
701 88
706 88
711 88
716 88
722 88
724 88
733 88
734 88
738 88
742 88
746 88
751 88
758 88
760 88
771 88
783 88
786 88
787 88
788 88
794 88
799 88
800 88
803 88
804 88
805 88
811 88
828 88
832 88
833 88
843 88
849 88
871 88
874 88
880 88
883 88
889 88
903 88
913 88
926 88
946 88
947 88
949 88
952 88
960 88
963 88
978 88
980 88
991 88
997 88
998 88
999 88
3 89
6 89
51 89
63 89
65 89
110 89
145 89
149 89
190 89
307 89
368 89
446 89
602 89
691 89
858 89
2 90
3 90
9 90
16 90
23 90
43 90
45 90
51 90
53 90
60 90
63 90
65 90
85 90
93 90
99 90
102 90
120 90
145 90
149 90
165 90
181 90
190 90
194 90
207 90
214 90
234 90
264 90
299 90
325 90
350 90
366 90
369 90
474 90
534 90
557 90
626 90
634 90
655 90
691 90
702 90
716 90
729 90
3 91
38 91
51 91
63 91
65 91
87 91
105 91
149 91
190 91
602 91
628 91
682 91
691 91
3 92
9 92
12 92
18 92
24 92
25 92
28 92
45 92
51 92
54 92
56 92
57 92
60 92
63 92
65 92
67 92
70 92
73 92
79 92
83 92
99 92
101 92
102 92
110 92
111 92
121 92
125 92
127 92
128 92
129 92
139 92
145 92
149 92
165 92
168 92
176 92
187 92
190 92
207 92
217 92
244 92
252 92
283 92
295 92
296 92
303 92
306 92
329 92
369 92
379 92
399 92
408 92
427 92
436 92
442 92
447 92
496 92
498 92
513 92
521 92
534 92
539 92
557 92
566 92
602 92
629 92
633 92
634 92
642 92
657 92
691 92
716 92
734 92
788 92
794 92
848 92
858 92
880 92
886 92
896 92
903 92
952 92
954 92
978 92
980 92
2 93
3 93
5 93
6 93
9 93
14 93
16 93
17 93
18 93
23 93
25 93
31 93
38 93
39 93
40 93
42 93
43 93
45 93
51 93
56 93
63 93
65 93
67 93
75 93
77 93
85 93
86 93
98 93
99 93
101 93
102 93
121 93
124 93
128 93
130 93
134 93
143 93
145 93
149 93
153 93
159 93
165 93
167 93
173 93
174 93
175 93
176 93
177 93
179 93
180 93
183 93
187 93
190 93
194 93
195 93
207 93
209 93
212 93
217 93
219 93
225 93
228 93
229 93
234 93
236 93
243 93
244 93
245 93
246 93
247 93
249 93
254 93
255 93
257 93
260 93
264 93
265 93
268 93
280 93
287 93
294 93
297 93
301 93
311 93
312 93
315 93
316 93
318 93
325 93
326 93
334 93
369 93
375 93
377 93
389 93
392 93
412 93
432 93
434 93
435 93
443 93
446 93
447 93
457 93
459 93
463 93
474 93
539 93
543 93
548 93
566 93
577 93
585 93
602 93
623 93
626 93
634 93
650 93
655 93
689 93
691 93
702 93
721 93
734 93
768 93
774 93
803 93
833 93
886 93
952 93
978 93
3 94
4 94
5 94
6 94
9 94
18 94
23 94
25 94
28 94
38 94
39 94
42 94
43 94
51 94
56 94
57 94
59 94
62 94
63 94
64 94
65 94
66 94
67 94
73 94
74 94
75 94
77 94
83 94
85 94
86 94
87 94
91 94
93 94
98 94
101 94
105 94
111 94
112 94
114 94
118 94
119 94
121 94
124 94
125 94
127 94
129 94
134 94
143 94
145 94
149 94
151 94
152 94
153 94
157 94
159 94
169 94
175 94
176 94
183 94
184 94
185 94
187 94
189 94
190 94
193 94
195 94
207 94
218 94
222 94
224 94
227 94
228 94
229 94
239 94
241 94
243 94
247 94
252 94
255 94
258 94
267 94
268 94
269 94
270 94
271 94
285 94
287 94
288 94
291 94
296 94
305 94
307 94
311 94
315 94
330 94
342 94
345 94
346 94
351 94
359 94
360 94
364 94
368 94
378 94
399 94
417 94
427 94
429 94
434 94
442 94
446 94
447 94
451 94
458 94
462 94
463 94
468 94
474 94
476 94
496 94
499 94
513 94
521 94
534 94
539 94
543 94
546 94
553 94
557 94
570 94
602 94
604 94
626 94
629 94
634 94
641 94
642 94
644 94
646 94
655 94
668 94
671 94
676 94
680 94
689 94
783 94
787 94
791 94
794 94
811 94
828 94
871 94
886 94
970 94
978 94
987 94
995 94
997 94
31 95
51 95
63 95
65 95
125 95
149 95
168 95
185 95
190 95
207 95
307 95
368 95
602 95
642 95
691 95
858 95
3 96
5 96
6 96
9 96
23 96
31 96
51 96
56 96
65 96
87 96
88 96
101 96
120 96
145 96
149 96
180 96
190 96
207 96
264 96
299 96
307 96
312 96
326 96
345 96
368 96
399 96
447 96
474 96
534 96
557 96
563 96
634 96
655 96
659 96
691 96
711 96
714 96
771 96
941 96
978 96
2 97
3 97
4 97
6 97
7 97
9 97
16 97
18 97
25 97
26 97
34 97
49 97
50 97
51 97
53 97
56 97
59 97
60 97
63 97
65 97
67 97
71 97
73 97
80 97
85 97
86 97
93 97
96 97
98 97
101 97
102 97
106 97
110 97
111 97
114 97
120 97
121 97
124 97
125 97
128 97
133 97
134 97
137 97
138 97
140 97
142 97
143 97
144 97
145 97
146 97
149 97
151 97
152 97
154 97
160 97
162 97
165 97
166 97
168 97
170 97
173 97
175 97
176 97
177 97
180 97
183 97
184 97
187 97
190 97
195 97
197 97
207 97
217 97
219 97
224 97
229 97
234 97
239 97
243 97
245 97
247 97
253 97
264 97
276 97
285 97
290 97
291 97
294 97
296 97
297 97
299 97
307 97
311 97
312 97
315 97
334 97
359 97
368 97
369 97
377 97
380 97
399 97
412 97
427 97
429 97
436 97
442 97
446 97
447 97
453 97
456 97
459 97
463 97
513 97
516 97
526 97
534 97
559 97
602 97
616 97
625 97
626 97
633 97
647 97
652 97
653 97
655 97
674 97
675 97
679 97
680 97
689 97
711 97
714 97
716 97
734 97
767 97
783 97
788 97
794 97
857 97
858 97
871 97
880 97
941 97
952 97
961 97
978 97
989 97
997 97
2 98
3 98
4 98
9 98
12 98
13 98
16 98
18 98
23 98
24 98
38 98
49 98
51 98
52 98
58 98
60 98
62 98
65 98
73 98
79 98
80 98
85 98
101 98
102 98
107 98
111 98
112 98
124 98
125 98
142 98
144 98
145 98
149 98
168 98
175 98
183 98
184 98
189 98
190 98
206 98
207 98
234 98
239 98
250 98
251 98
276 98
282 98
288 98
294 98
307 98
347 98
358 98
368 98
369 98
380 98
387 98
399 98
473 98
476 98
516 98
518 98
534 98
546 98
576 98
602 98
616 98
625 98
626 98
629 98
634 98
641 98
646 98
655 98
656 98
691 98
711 98
716 98
733 98
738 98
783 98
788 98
828 98
834 98
838 98
880 98
886 98
951 98
999 98
2 99
3 99
4 99
5 99
6 99
7 99
8 99
9 99
10 99
11 99
12 99
13 99
15 99
16 99
17 99
18 99
19 99
20 99
21 99
22 99
23 99
24 99
25 99
26 99
27 99
28 99
30 99
31 99
32 99
34 99
35 99
37 99
38 99
39 99
40 99
43 99
45 99
46 99
47 99
48 99
49 99
50 99
51 99
52 99
53 99
56 99
57 99
58 99
59 99
60 99
61 99
62 99
63 99
64 99
65 99
66 99
67 99
68 99
70 99
71 99
72 99
73 99
75 99
77 99
78 99
79 99
80 99
81 99
83 99
85 99
86 99
87 99
88 99
90 99
91 99
92 99
93 99
96 99
98 99
99 99
101 99
102 99
105 99
106 99
107 99
108 99
110 99
111 99
112 99
114 99
115 99
117 99
118 99
119 99
120 99
121 99
124 99
125 99
128 99
129 99
130 99
132 99
133 99
134 99
137 99
138 99
139 99
140 99
142 99
143 99
144 99
145 99
146 99
149 99
150 99
151 99
152 99
153 99
154 99
155 99
158 99
160 99
164 99
165 99
166 99
167 99
168 99
169 99
171 99
172 99
173 99
175 99
176 99
177 99
179 99
180 99
181 99
182 99
183 99
184 99
185 99
186 99
187 99
188 99
189 99
190 99
191 99
192 99
193 99
194 99
195 99
196 99
197 99
198 99
199 99
203 99
204 99
206 99
207 99
209 99
211 99
212 99
213 99
214 99
215 99
216 99
217 99
218 99
219 99
222 99
223 99
224 99
225 99
227 99
228 99
229 99
230 99
233 99
234 99
238 99
239 99
243 99
244 99
245 99
246 99
247 99
249 99
250 99
251 99
252 99
253 99
254 99
257 99
258 99
260 99
261 99
262 99
264 99
265 99
267 99
268 99
269 99
270 99
271 99
274 99
276 99
277 99
279 99
280 99
281 99
283 99
285 99
286 99
287 99
289 99
290 99
291 99
293 99
294 99
295 99
296 99
297 99
299 99
301 99
302 99
303 99
305 99
306 99
307 99
308 99
309 99
311 99
312 99
313 99
315 99
316 99
317 99
318 99
320 99
323 99
324 99
325 99
326 99
327 99
328 99
329 99
330 99
331 99
333 99
335 99
340 99
341 99
342 99
343 99
345 99
346 99
347 99
349 99
350 99
354 99
357 99
358 99
359 99
361 99
365 99
366 99
367 99
368 99
369 99
370 99
371 99
372 99
373 99
374 99
375 99
377 99
378 99
379 99
380 99
382 99
383 99
387 99
389 99
390 99
392 99
395 99
399 99
400 99
402 99
403 99
404 99
405 99
408 99
409 99
412 99
413 99
414 99
417 99
422 99
424 99
425 99
426 99
427 99
429 99
430 99
431 99
435 99
436 99
437 99
438 99
441 99
442 99
443 99
444 99
446 99
447 99
449 99
450 99
451 99
453 99
454 99
456 99
457 99
459 99
460 99
461 99
462 99
463 99
465 99
466 99
467 99
468 99
469 99
470 99
471 99
472 99
473 99
474 99
476 99
478 99
479 99
482 99
483 99
484 99
485 99
487 99
488 99
489 99
490 99
492 99
496 99
497 99
498 99
499 99
502 99
503 99
504 99
505 99
506 99
507 99
508 99
511 99
513 99
514 99
516 99
517 99
518 99
519 99
520 99
521 99
526 99
528 99
531 99
534 99
536 99
539 99
543 99
544 99
545 99
546 99
547 99
548 99
549 99
550 99
552 99
553 99
554 99
555 99
556 99
557 99
559 99
566 99
568 99
570 99
571 99
573 99
574 99
576 99
577 99
578 99
579 99
580 99
581 99
582 99
583 99
585 99
586 99
589 99
590 99
591 99
592 99
593 99
595 99
596 99
598 99
600 99
601 99
602 99
603 99
604 99
605 99
606 99
608 99
609 99
610 99
611 99
612 99
613 99
614 99
615 99
616 99
617 99
618 99
619 99
620 99
621 99
622 99
623 99
625 99
626 99
628 99
629 99
630 99
631 99
633 99
634 99
635 99
636 99
638 99
639 99
640 99
641 99
643 99
645 99
646 99
647 99
649 99
650 99
651 99
652 99
653 99
655 99
656 99
657 99
658 99
659 99
660 99
662 99
664 99
665 99
666 99
667 99
668 99
670 99
671 99
672 99
673 99
674 99
675 99
676 99
677 99
678 99
679 99
680 99
681 99
682 99
683 99
684 99
685 99
686 99
687 99
688 99
689 99
690 99
691 99
692 99
694 99
695 99
696 99
699 99
700 99
701 99
702 99
703 99
704 99
705 99
706 99
708 99
710 99
711 99
714 99
715 99
716 99
717 99
719 99
720 99
721 99
722 99
723 99
724 99
725 99
728 99
729 99
730 99
733 99
734 99
735 99
737 99
738 99
739 99
741 99
742 99
744 99
745 99
746 99
748 99
749 99
750 99
751 99
753 99
754 99
755 99
756 99
757 99
758 99
760 99
761 99
762 99
763 99
764 99
767 99
768 99
769 99
770 99
771 99
772 99
773 99
774 99
775 99
776 99
779 99
781 99
782 99
783 99
784 99
785 99
786 99
787 99
788 99
789 99
790 99
791 99
792 99
793 99
794 99
795 99
796 99
798 99
799 99
800 99
803 99
804 99
806 99
808 99
809 99
810 99
811 99
813 99
816 99
817 99
818 99
819 99
820 99
821 99
823 99
825 99
826 99
827 99
828 99
829 99
830 99
831 99
832 99
833 99
834 99
835 99
836 99
837 99
838 99
840 99
841 99
842 99
843 99
846 99
847 99
848 99
849 99
850 99
851 99
852 99
853 99
855 99
856 99
857 99
858 99
859 99
860 99
861 99
862 99
864 99
865 99
868 99
870 99
871 99
872 99
874 99
875 99
876 99
877 99
878 99
880 99
881 99
883 99
884 99
885 99
886 99
887 99
888 99
889 99
890 99
891 99
892 99
893 99
895 99
896 99
897 99
899 99
902 99
903 99
907 99
908 99
909 99
910 99
911 99
913 99
917 99
918 99
919 99
920 99
922 99
924 99
925 99
926 99
928 99
929 99
932 99
933 99
934 99
935 99
936 99
937 99
938 99
939 99
940 99
941 99
942 99
943 99
944 99
945 99
946 99
947 99
949 99
951 99
952 99
953 99
954 99
955 99
957 99
958 99
960 99
961 99
962 99
963 99
964 99
965 99
966 99
968 99
969 99
972 99
973 99
974 99
975 99
976 99
977 99
978 99
980 99
982 99
983 99
984 99
985 99
986 99
987 99
988 99
989 99
990 99
991 99
993 99
994 99
995 99
997 99
998 99
999 99
1000 99
3 100
4 100
9 100
18 100
38 100
39 100
51 100
65 100
67 100
98 100
106 100
112 100
125 100
132 100
149 100
185 100
190 100
207 100
254 100
315 100
368 100
442 100
513 100
534 100
602 100
655 100
691 100
749 100
880 100
886 100
970 100
2 101
3 101
4 101
5 101
6 101
7 101
8 101
9 101
10 101
11 101
12 101
16 101
17 101
18 101
19 101
20 101
21 101
23 101
24 101
25 101
26 101
27 101
28 101
30 101
32 101
37 101
38 101
39 101
43 101
44 101
45 101
46 101
47 101
50 101
51 101
52 101
53 101
54 101
56 101
58 101
59 101
60 101
61 101
62 101
63 101
64 101
65 101
66 101
71 101
74 101
75 101
77 101
79 101
81 101
83 101
85 101
86 101
87 101
88 101
90 101
92 101
93 101
96 101
98 101
99 101
102 101
106 101
110 101
112 101
114 101
119 101
120 101
121 101
124 101
126 101
128 101
129 101
130 101
132 101
133 101
134 101
135 101
136 101
139 101
141 101
142 101
143 101
144 101
145 101
146 101
147 101
149 101
152 101
155 101
165 101
166 101
167 101
168 101
173 101
175 101
176 101
178 101
179 101
180 101
181 101
183 101
184 101
185 101
187 101
188 101
189 101
190 101
191 101
193 101
194 101
195 101
196 101
199 101
203 101
207 101
209 101
212 101
213 101
214 101
215 101
216 101
217 101
219 101
224 101
225 101
228 101
229 101
230 101
231 101
233 101
234 101
235 101
236 101
239 101
241 101
243 101
245 101
246 101
247 101
250 101
255 101
257 101
258 101
261 101
262 101
264 101
267 101
268 101
269 101
270 101
274 101
276 101
280 101
281 101
284 101
285 101
286 101
287 101
289 101
290 101
294 101
295 101
296 101
297 101
299 101
301 101
302 101
303 101
305 101
308 101
311 101
312 101
315 101
316 101
317 101
318 101
319 101
323 101
324 101
326 101
328 101
330 101
331 101
335 101
341 101
345 101
346 101
347 101
350 101
354 101
357 101
358 101
359 101
361 101
365 101
368 101
369 101
375 101
378 101
379 101
382 101
383 101
387 101
389 101
393 101
395 101
396 101
402 101
403 101
405 101
408 101
410 101
412 101
413 101
414 101
415 101
417 101
420 101
423 101
424 101
425 101
428 101
429 101
431 101
432 101
435 101
436 101
438 101
441 101
442 101
443 101
444 101
446 101
447 101
449 101
450 101
453 101
454 101
456 101
457 101
458 101
459 101
460 101
461 101
462 101
463 101
465 101
468 101
469 101
472 101
473 101
474 101
482 101
483 101
485 101
486 101
488 101
489 101
490 101
492 101
494 101
495 101
496 101
497 101
498 101
500 101
503 101
504 101
505 101
506 101
507 101
508 101
509 101
510 101
513 101
514 101
516 101
517 101
518 101
520 101
521 101
522 101
523 101
524 101
526 101
528 101
530 101
531 101
534 101
536 101
537 101
538 101
539 101
543 101
544 101
545 101
546 101
548 101
550 101
551 101
554 101
555 101
556 101
557 101
561 101
563 101
566 101
568 101
569 101
570 101
571 101
573 101
574 101
576 101
578 101
579 101
580 101
582 101
583 101
587 101
589 101
590 101
591 101
593 101
595 101
600 101
601 101
602 101
603 101
604 101
606 101
608 101
610 101
612 101
613 101
615 101
616 101
617 101
618 101
620 101
621 101
622 101
623 101
625 101
626 101
628 101
629 101
630 101
631 101
633 101
634 101
635 101
636 101
638 101
639 101
641 101
643 101
645 101
646 101
647 101
649 101
650 101
651 101
652 101
653 101
655 101
656 101
657 101
659 101
662 101
664 101
665 101
667 101
670 101
671 101
672 101
674 101
676 101
679 101
680 101
681 101
682 101
684 101
686 101
687 101
688 101
689 101
690 101
691 101
692 101
694 101
695 101
696 101
699 101
700 101
701 101
702 101
704 101
705 101
706 101
708 101
710 101
711 101
714 101
715 101
716 101
717 101
718 101
719 101
720 101
721 101
722 101
723 101
729 101
730 101
733 101
734 101
735 101
737 101
738 101
741 101
742 101
744 101
745 101
746 101
748 101
750 101
753 101
755 101
756 101
757 101
758 101
759 101
760 101
761 101
762 101
764 101
767 101
769 101
770 101
771 101
772 101
774 101
775 101
776 101
779 101
781 101
782 101
783 101
784 101
785 101
786 101
789 101
791 101
792 101
793 101
794 101
795 101
796 101
797 101
798 101
800 101
803 101
804 101
806 101
807 101
808 101
809 101
810 101
811 101
813 101
816 101
817 101
818 101
819 101
820 101
821 101
825 101
826 101
828 101
829 101
830 101
831 101
833 101
834 101
836 101
837 101
840 101
841 101
842 101
843 101
846 101
847 101
851 101
852 101
853 101
855 101
856 101
857 101
858 101
859 101
860 101
861 101
862 101
864 101
865 101
868 101
870 101
874 101
875 101
876 101
877 101
878 101
880 101
881 101
882 101
883 101
884 101
885 101
886 101
887 101
888 101
889 101
890 101
891 101
895 101
896 101
898 101
899 101
902 101
903 101
907 101
908 101
909 101
910 101
911 101
913 101
917 101
918 101
919 101
920 101
922 101
924 101
925 101
926 101
929 101
931 101
932 101
934 101
935 101
936 101
938 101
939 101
940 101
941 101
942 101
943 101
944 101
946 101
947 101
949 101
951 101
952 101
954 101
955 101
956 101
957 101
958 101
962 101
963 101
964 101
965 101
966 101
968 101
969 101
970 101
973 101
974 101
976 101
977 101
978 101
980 101
982 101
983 101
984 101
985 101
986 101
988 101
991 101
993 101
994 101
995 101
997 101
998 101
999 101
1000 101
2 102
3 102
4 102
9 102
12 102
16 102
18 102
23 102
27 102
38 102
39 102
45 102
51 102
56 102
60 102
65 102
67 102
70 102
85 102
86 102
88 102
97 102
98 102
99 102
110 102
111 102
112 102
118 102
121 102
128 102
130 102
134 102
135 102
143 102
145 102
149 102
151 102
152 102
165 102
166 102
170 102
176 102
183 102
184 102
187 102
190 102
191 102
195 102
203 102
207 102
212 102
219 102
228 102
230 102
247 102
252 102
254 102
255 102
264 102
271 102
285 102
301 102
303 102
359 102
369 102
399 102
414 102
431 102
442 102
446 102
447 102
453 102
462 102
513 102
534 102
546 102
557 102
602 102
630 102
634 102
714 102
875 102
886 102
997 102
3 103
4 103
23 103
31 103
51 103
65 103
129 103
149 103
190 103
231 103
691 103
3 104
9 104
23 104
31 104
38 104
39 104
51 104
59 104
60 104
63 104
65 104
73 104
75 104
85 104
86 104
108 104
114 104
120 104
121 104
124 104
128 104
133 104
136 104
145 104
149 104
165 104
166 104
176 104
183 104
190 104
195 104
199 104
207 104
219 104
225 104
247 104
280 104
290 104
291 104
359 104
368 104
446 104
462 104
513 104
534 104
997 104
2 105
3 105
9 105
12 105
17 105
18 105
25 105
30 105
38 105
39 105
51 105
53 105
56 105
63 105
65 105
66 105
75 105
77 105
85 105
86 105
91 105
111 105
118 105
124 105
128 105
145 105
149 105
165 105
183 105
190 105
191 105
207 105
222 105
228 105
229 105
234 105
243 105
247 105
268 105
276 105
291 105
295 105
297 105
301 105
303 105
307 105
312 105
325 105
351 105
359 105
404 105
412 105
425 105
431 105
436 105
442 105
446 105
473 105
496 105
516 105
566 105
570 105
576 105
577 105
602 105
604 105
626 105
628 105
634 105
642 105
646 105
647 105
675 105
676 105
677 105
679 105
680 105
716 105
737 105
783 105
841 105
849 105
859 105
873 105
880 105
885 105
886 105
928 105
946 105
952 105
966 105
970 105
974 105
978 105
980 105
989 105
997 105
999 105
2 106
3 106
4 106
6 106
8 106
9 106
12 106
15 106
17 106
18 106
23 106
24 106
25 106
27 106
28 106
29 106
43 106
51 106
52 106
54 106
56 106
57 106
58 106
59 106
60 106
65 106
66 106
67 106
68 106
71 106
75 106
78 106
79 106
83 106
85 106
86 106
88 106
92 106
93 106
101 106
110 106
111 106
114 106
115 106
120 106
121 106
124 106
125 106
127 106
128 106
129 106
130 106
133 106
134 106
137 106
138 106
139 106
141 106
142 106
144 106
145 106
148 106
149 106
152 106
155 106
160 106
162 106
163 106
165 106
166 106
171 106
173 106
175 106
176 106
177 106
183 106
184 106
185 106
187 106
189 106
190 106
193 106
194 106
195 106
196 106
197 106
199 106
204 106
206 106
207 106
212 106
214 106
219 106
224 106
225 106
228 106
229 106
239 106
247 106
265 106
268 106
277 106
278 106
283 106
285 106
291 106
295 106
296 106
297 106
301 106
302 106
303 106
308 106
310 106
311 106
312 106
315 106
324 106
325 106
342 106
346 106
350 106
358 106
369 106
373 106
377 106
378 106
380 106
384 106
399 106
422 106
427 106
429 106
431 106
433 106
435 106
442 106
443 106
446 106
447 106
453 106
456 106
457 106
462 106
463 106
468 106
470 106
472 106
473 106
474 106
476 106
496 106
508 106
513 106
514 106
516 106
518 106
528 106
533 106
534 106
539 106
543 106
550 106
553 106
555 106
557 106
563 106
566 106
570 106
574 106
576 106
585 106
600 106
602 106
604 106
611 106
616 106
617 106
626 106
629 106
634 106
638 106
639 106
646 106
647 106
650 106
651 106
653 106
655 106
668 106
675 106
679 106
680 106
681 106
688 106
689 106
701 106
704 106
707 106
711 106
716 106
718 106
721 106
724 106
733 106
734 106
738 106
744 106
746 106
759 106
760 106
762 106
768 106
771 106
774 106
781 106
784 106
788 106
794 106
801 106
803 106
804 106
805 106
809 106
816 106
828 106
834 106
843 106
849 106
853 106
858 106
859 106
862 106
871 106
875 106
880 106
881 106
883 106
913 106
922 106
936 106
943 106
946 106
951 106
952 106
955 106
964 106
970 106
976 106
978 106
980 106
988 106
989 106
993 106
997 106
3 107
7 107
9 107
28 107
36 107
51 107
52 107
56 107
59 107
65 107
71 107
98 107
149 107
165 107
190 107
207 107
307 107
359 107
368 107
524 107
655 107
691 107
858 107
2 108
3 108
4 108
5 108
6 108
8 108
9 108
10 108
11 108
12 108
15 108
16 108
17 108
18 108
19 108
20 108
21 108
23 108
24 108
25 108
26 108
27 108
28 108
30 108
31 108
32 108
37 108
38 108
39 108
42 108
43 108
45 108
46 108
48 108
49 108
50 108
51 108
52 108
53 108
56 108
57 108
58 108
59 108
60 108
61 108
62 108
63 108
64 108
65 108
66 108
67 108
70 108
73 108
75 108
78 108
81 108
83 108
85 108
86 108
90 108
92 108
93 108
96 108
99 108
101 108
102 108
105 108
106 108
110 108
111 108
112 108
114 108
115 108
117 108
120 108
121 108
123 108
124 108
125 108
128 108
129 108
132 108
133 108
134 108
135 108
136 108
138 108
139 108
142 108
143 108
145 108
146 108
147 108
149 108
150 108
151 108
152 108
155 108
157 108
160 108
165 108
166 108
167 108
168 108
169 108
170 108
171 108
173 108
175 108
176 108
178 108
179 108
180 108
181 108
182 108
183 108
184 108
185 108
186 108
190 108
191 108
192 108
193 108
194 108
195 108
197 108
199 108
206 108
207 108
208 108
209 108
212 108
214 108
216 108
217 108
219 108
222 108
224 108
225 108
226 108
228 108
229 108
230 108
233 108
236 108
238 108
239 108
243 108
244 108
245 108
246 108
247 108
251 108
252 108
253 108
255 108
257 108
258 108
260 108
262 108
267 108
268 108
269 108
270 108
271 108
274 108
276 108
277 108
279 108
280 108
281 108
283 108
285 108
286 108
287 108
288 108
289 108
291 108
294 108
296 108
297 108
301 108
303 108
306 108
309 108
311 108
312 108
315 108
316 108
317 108
319 108
324 108
325 108
328 108
329 108
330 108
331 108
333 108
343 108
347 108
350 108
351 108
357 108
358 108
359 108
361 108
364 108
365 108
366 108
367 108
368 108
369 108
370 108
371 108
375 108
377 108
378 108
379 108
380 108
381 108
383 108
387 108
389 108
393 108
396 108
399 108
402 108
403 108
405 108
408 108
409 108
410 108
412 108
414 108
415 108
417 108
420 108
423 108
425 108
427 108
428 108
429 108
431 108
434 108
435 108
436 108
441 108
442 108
443 108
444 108
446 108
447 108
451 108
453 108
454 108
456 108
457 108
458 108
459 108
460 108
461 108
462 108
463 108
465 108
468 108
469 108
470 108
473 108
474 108
476 108
479 108
482 108
483 108
485 108
486 108
489 108
490 108
492 108
494 108
495 108
496 108
497 108
498 108
500 108
503 108
504 108
505 108
507 108
508 108
509 108
510 108
511 108
513 108
516 108
517 108
518 108
521 108
522 108
523 108
524 108
526 108
528 108
529 108
530 108
531 108
533 108
534 108
536 108
537 108
538 108
539 108
546 108
548 108
550 108
551 108
552 108
553 108
554 108
555 108
557 108
559 108
561 108
563 108
566 108
568 108
569 108
570 108
571 108
573 108
574 108
576 108
577 108
578 108
579 108
581 108
583 108
585 108
587 108
590 108
593 108
595 108
601 108
602 108
603 108
604 108
606 108
608 108
610 108
612 108
613 108
615 108
616 108
617 108
618 108
620 108
621 108
622 108
623 108
625 108
626 108
628 108
629 108
630 108
631 108
633 108
634 108
636 108
638 108
639 108
641 108
643 108
646 108
647 108
649 108
650 108
651 108
652 108
653 108
655 108
656 108
657 108
660 108
662 108
664 108
665 108
667 108
668 108
670 108
671 108
672 108
673 108
674 108
675 108
676 108
679 108
680 108
681 108
682 108
683 108
684 108
686 108
687 108
689 108
691 108
692 108
695 108
696 108
699 108
700 108
701 108
702 108
704 108
705 108
708 108
710 108
711 108
712 108
714 108
715 108
716 108
717 108
718 108
719 108
720 108
721 108
722 108
723 108
725 108
728 108
729 108
730 108
733 108
734 108
735 108
737 108
738 108
739 108
741 108
742 108
744 108
745 108
746 108
748 108
750 108
753 108
754 108
755 108
756 108
757 108
758 108
760 108
761 108
762 108
763 108
764 108
767 108
768 108
769 108
770 108
771 108
772 108
774 108
776 108
779 108
781 108
782 108
783 108
784 108
788 108
789 108
790 108
791 108
792 108
793 108
795 108
796 108
798 108
800 108
801 108
803 108
804 108
806 108
808 108
810 108
811 108
813 108
814 108
817 108
818 108
819 108
820 108
821 108
825 108
826 108
828 108
829 108
830 108
833 108
834 108
835 108
836 108
838 108
840 108
842 108
843 108
846 108
847 108
849 108
850 108
851 108
852 108
855 108
856 108
857 108
858 108
859 108
860 108
861 108
864 108
865 108
868 108
870 108
871 108
872 108
874 108
875 108
876 108
877 108
878 108
880 108
881 108
883 108
884 108
885 108
886 108
887 108
888 108
889 108
890 108
891 108
892 108
895 108
896 108
897 108
899 108
903 108
907 108
908 108
909 108
911 108
913 108
917 108
918 108
919 108
920 108
922 108
924 108
925 108
926 108
928 108
929 108
933 108
934 108
935 108
936 108
938 108
939 108
940 108
941 108
942 108
944 108
946 108
949 108
951 108
952 108
953 108
954 108
955 108
957 108
958 108
959 108
960 108
961 108
962 108
963 108
964 108
965 108
966 108
968 108
969 108
970 108
972 108
973 108
974 108
976 108
977 108
978 108
980 108
982 108
983 108
984 108
985 108
986 108
988 108
989 108
990 108
993 108
994 108
995 108
997 108
1000 108
2 109
3 109
9 109
18 109
23 109
31 109
34 109
38 109
39 109
51 109
60 109
65 109
67 109
71 109
75 109
85 109
86 109
97 109
98 109
101 109
102 109
106 109
108 109
110 109
119 109
120 109
121 109
124 109
128 109
133 109
134 109
143 109
145 109
149 109
152 109
157 109
165 109
166 109
167 109
173 109
176 109
183 109
184 109
190 109
195 109
197 109
199 109
207 109
212 109
216 109
219 109
222 109
225 109
236 109
243 109
247 109
268 109
285 109
301 109
380 109
436 109
446 109
462 109
496 109
513 109
534 109
634 109
711 109
734 109
741 109
886 109
997 109
2 110
3 110
4 110
9 110
12 110
25 110
31 110
38 110
39 110
51 110
56 110
62 110
63 110
65 110
73 110
75 110
83 110
85 110
86 110
92 110
98 110
108 110
111 110
120 110
121 110
125 110
128 110
129 110
133 110
134 110
136 110
143 110
145 110
149 110
151 110
176 110
183 110
184 110
187 110
190 110
191 110
195 110
199 110
207 110
212 110
217 110
219 110
224 110
225 110
228 110
229 110
243 110
247 110
251 110
253 110
254 110
258 110
261 110
271 110
276 110
277 110
285 110
291 110
295 110
296 110
297 110
303 110
310 110
311 110
312 110
315 110
317 110
323 110
325 110
329 110
340 110
350 110
359 110
377 110
396 110
399 110
405 110
431 110
435 110
436 110
443 110
446 110
447 110
457 110
462 110
473 110
474 110
513 110
516 110
517 110
518 110
528 110
534 110
539 110
543 110
546 110
553 110
557 110
566 110
570 110
571 110
573 110
576 110
577 110
579 110
585 110
587 110
591 110
598 110
602 110
604 110
611 110
616 110
626 110
630 110
631 110
633 110
634 110
635 110
640 110
642 110
646 110
647 110
649 110
650 110
651 110
652 110
655 110
659 110
662 110
664 110
674 110
675 110
680 110
689 110
690 110
691 110
716 110
730 110
733 110
734 110
738 110
744 110
750 110
754 110
779 110
783 110
788 110
791 110
794 110
795 110
796 110
802 110
803 110
828 110
847 110
858 110
896 110
913 110
922 110
941 110
946 110
951 110
954 110
956 110
958 110
961 110
964 110
970 110
976 110
978 110
993 110
997 110
2 111
3 111
4 111
6 111
9 111
12 111
18 111
23 111
25 111
28 111
38 111
43 111
45 111
51 111
56 111
57 111
60 111
62 111
63 111
64 111
65 111
67 111
68 111
73 111
77 111
83 111
85 111
86 111
93 111
98 111
99 111
102 111
105 111
110 111
112 111
117 111
118 111
120 111
121 111
123 111
125 111
128 111
132 111
134 111
135 111
138 111
142 111
143 111
145 111
148 111
149 111
151 111
153 111
157 111
159 111
165 111
166 111
169 111
174 111
175 111
176 111
182 111
183 111
185 111
187 111
190 111
191 111
195 111
204 111
207 111
212 111
217 111
219 111
222 111
228 111
236 111
241 111
243 111
247 111
252 111
254 111
264 111
268 111
288 111
293 111
294 111
301 111
307 111
315 111
317 111
342 111
345 111
359 111
368 111
377 111
399 111
427 111
442 111
446 111
458 111
463 111
496 111
513 111
516 111
539 111
543 111
563 111
566 111
570 111
602 111
628 111
634 111
641 111
650 111
668 111
689 111
711 111
781 111
783 111
881 111
886 111
887 111
978 111
997 111
2 112
3 112
4 112
6 112
7 112
9 112
12 112
17 112
18 112
23 112
38 112
39 112
42 112
51 112
59 112
62 112
63 112
65 112
75 112
83 112
85 112
86 112
93 112
98 112
102 112
111 112
118 112
120 112
121 112
124 112
127 112
128 112
134 112
145 112
147 112
149 112
151 112
153 112
157 112
165 112
168 112
175 112
176 112
177 112
183 112
187 112
189 112
190 112
191 112
195 112
201 112
204 112
207 112
209 112
219 112
222 112
224 112
225 112
228 112
229 112
234 112
235 112
236 112
241 112
243 112
244 112
245 112
247 112
254 112
255 112
257 112
260 112
264 112
265 112
269 112
277 112
287 112
291 112
297 112
301 112
307 112
311 112
327 112
359 112
367 112
392 112
399 112
412 112
434 112
435 112
442 112
446 112
462 112
497 112
513 112
534 112
557 112
566 112
568 112
570 112
602 112
634 112
655 112
662 112
681 112
810 112
886 112
889 112
922 112
2 113
3 113
4 113
16 113
17 113
25 113
27 113
29 113
38 113
56 113
57 113
58 113
62 113
64 113
65 113
66 113
73 113
85 113
110 113
111 113
118 113
119 113
120 113
121 113
124 113
125 113
138 113
145 113
149 113
151 113
152 113
159 113
160 113
165 113
173 113
184 113
185 113
190 113
194 113
213 113
222 113
234 113
236 113
239 113
243 113
251 113
264 113
265 113
271 113
276 113
283 113
285 113
291 113
294 113
295 113
296 113
297 113
301 113
306 113
307 113
311 113
312 113
317 113
323 113
325 113
329 113
340 113
345 113
352 113
368 113
377 113
412 113
427 113
435 113
436 113
439 113
442 113
451 113
453 113
456 113
460 113
487 113
496 113
499 113
526 113
528 113
534 113
539 113
553 113
554 113
559 113
563 113
566 113
569 113
602 113
604 113
615 113
636 113
639 113
646 113
655 113
660 113
691 113
702 113
711 113
716 113
747 113
754 113
758 113
761 113
779 113
794 113
800 113
834 113
849 113
857 113
893 113
922 113
952 113
956 113
958 113
978 113
980 113
2 114
3 114
8 114
9 114
12 114
25 114
27 114
28 114
30 114
45 114
51 114
56 114
58 114
60 114
63 114
65 114
66 114
71 114
75 114
81 114
83 114
86 114
88 114
96 114
99 114
101 114
106 114
108 114
110 114
115 114
120 114
121 114
129 114
132 114
133 114
139 114
142 114
145 114
149 114
155 114
160 114
165 114
176 114
183 114
189 114
190 114
193 114
194 114
196 114
199 114
206 114
207 114
212 114
217 114
225 114
229 114
239 114
245 114
247 114
251 114
253 114
260 114
270 114
274 114
276 114
285 114
290 114
296 114
297 114
299 114
303 114
306 114
307 114
312 114
323 114
324 114
325 114
350 114
369 114
373 114
377 114
378 114
380 114
399 114
402 114
425 114
427 114
429 114
431 114
446 114
447 114
451 114
453 114
456 114
463 114
468 114
472 114
473 114
476 114
479 114
483 114
513 114
518 114
521 114
526 114
528 114
534 114
539 114
557 114
566 114
576 114
581 114
602 114
604 114
616 114
617 114
618 114
621 114
626 114
629 114
643 114
646 114
647 114
656 114
657 114
674 114
677 114
679 114
680 114
682 114
689 114
690 114
691 114
706 114
716 114
724 114
725 114
732 114
738 114
746 114
754 114
758 114
761 114
767 114
771 114
783 114
794 114
803 114
804 114
809 114
825 114
828 114
834 114
847 114
848 114
856 114
858 114
871 114
872 114
880 114
896 114
897 114
926 114
946 114
964 114
965 114
980 114
997 114
3 115
4 115
8 115
9 115
25 115
30 115
47 115
49 115
53 115
56 115
57 115
58 115
60 115
65 115
75 115
83 115
86 115
106 115
112 115
120 115
121 115
124 115
129 115
133 115
139 115
147 115
149 115
152 115
155 115
169 115
175 115
183 115
185 115
187 115
190 115
206 115
207 115
212 115
214 115
217 115
222 115
224 115
225 115
227 115
229 115
233 115
239 115
247 115
253 115
260 115
285 115
290 115
291 115
296 115
297 115
303 115
305 115
310 115
312 115
315 115
323 115
324 115
325 115
327 115
342 115
343 115
368 115
369 115
377 115
378 115
379 115
417 115
427 115
429 115
431 115
436 115
442 115
446 115
447 115
456 115
462 115
468 115
473 115
474 115
476 115
496 115
513 115
521 115
534 115
539 115
602 115
617 115
629 115
630 115
640 115
655 115
679 115
689 115
718 115
734 115
746 115
762 115
783 115
787 115
790 115
794 115
799 115
804 115
809 115
828 115
849 115
858 115
871 115
880 115
895 115
922 115
941 115
946 115
964 115
977 115
978 115
980 115
989 115
997 115
65 116
93 116
149 116
190 116
368 116
3 117
5 117
9 117
12 117
18 117
38 117
57 117
65 117
73 117
111 117
149 117
169 117
190 117
207 117
234 117
317 117
368 117
602 117
626 117
691 117
858 117
886 117
964 117
980 117
3 118
5 118
9 118
18 118
38 118
56 118
62 118
63 118
65 118
74 118
86 118
94 118
105 118
120 118
121 118
134 118
145 118
149 118
157 118
176 118
185 118
190 118
195 118
201 118
217 118
222 118
224 118
228 118
241 118
247 118
264 118
271 118
277 118
279 118
295 118
311 118
327 118
329 118
330 118
359 118
368 118
399 118
434 118
446 118
447 118
458 118
462 118
463 118
543 118
563 118
570 118
602 118
626 118
628 118
634 118
718 118
771 118
794 118
858 118
886 118
933 118
2 119
3 119
4 119
6 119
9 119
16 119
18 119
25 119
27 119
28 119
30 119
38 119
48 119
51 119
54 119
56 119
65 119
71 119
79 119
86 119
93 119
99 119
120 119
124 119
129 119
145 119
149 119
151 119
165 119
167 119
175 119
177 119
190 119
191 119
207 119
216 119
222 119
225 119
230 119
239 119
247 119
251 119
265 119
280 119
285 119
286 119
294 119
297 119
303 119
312 119
315 119
323 119
324 119
325 119
335 119
368 119
378 119
399 119
408 119
409 119
431 119
442 119
446 119
456 119
462 119
469 119
473 119
517 119
518 119
534 119
539 119
543 119
546 119
557 119
571 119
602 119
604 119
625 119
639 119
655 119
670 119
680 119
681 119
682 119
710 119
711 119
714 119
716 119
722 119
734 119
738 119
771 119
783 119
858 119
880 119
885 119
886 119
918 119
937 119
951 119
952 119
954 119
978 119
989 119
2 120
3 120
4 120
9 120
15 120
18 120
19 120
23 120
25 120
28 120
42 120
51 120
56 120
63 120
65 120
73 120
75 120
85 120
86 120
110 120
121 120
124 120
128 120
129 120
134 120
145 120
149 120
159 120
165 120
169 120
176 120
183 120
190 120
191 120
195 120
199 120
201 120
203 120
207 120
213 120
219 120
222 120
224 120
225 120
228 120
229 120
236 120
241 120
243 120
245 120
247 120
251 120
254 120
255 120
258 120
271 120
276 120
280 120
283 120
287 120
297 120
307 120
311 120
312 120
317 120
325 120
327 120
350 120
399 120
436 120
446 120
447 120
457 120
465 120
474 120
496 120
528 120
534 120
539 120
568 120
573 120
585 120
602 120
604 120
626 120
634 120
635 120
639 120
660 120
716 120
754 120
783 120
858 120
880 120
907 120
928 120
929 120
932 120
952 120
954 120
978 120
2 121
3 121
5 121
9 121
17 121
23 121
51 121
53 121
56 121
57 121
60 121
63 121
65 121
73 121
75 121
86 121
106 121
114 121
118 121
124 121
128 121
133 121
134 121
135 121
136 121
145 121
147 121
149 121
160 121
165 121
167 121
176 121
183 121
187 121
190 121
193 121
195 121
203 121
207 121
212 121
217 121
219 121
222 121
224 121
225 121
228 121
229 121
234 121
238 121
241 121
243 121
245 121
247 121
249 121
251 121
254 121
255 121
265 121
269 121
274 121
285 121
291 121
293 121
295 121
296 121
297 121
303 121
306 121
307 121
312 121
315 121
316 121
323 121
327 121
329 121
335 121
336 121
343 121
359 121
393 121
396 121
402 121
403 121
408 121
414 121
415 121
420 121
424 121
425 121
428 121
429 121
435 121
436 121
441 121
444 121
446 121
447 121
448 121
453 121
454 121
457 121
474 121
496 121
513 121
534 121
557 121
602 121
604 121
605 121
621 121
625 121
626 121
634 121
689 121
691 121
754 121
760 121
783 121
848 121
875 121
946 121
952 121
978 121
997 121
3 122
9 122
56 122
65 122
85 122
120 122
149 122
190 122
207 122
3 123
9 123
17 123
21 123
23 123
25 123
51 123
63 123
65 123
75 123
86 123
145 123
149 123
190 123
199 123
225 123
243 123
247 123
311 123
359 123
368 123
381 123
436 123
446 123
447 123
576 123
602 123
2 124
3 124
4 124
5 124
6 124
8 124
9 124
10 124
11 124
12 124
14 124
15 124
17 124
18 124
19 124
20 124
21 124
23 124
25 124
28 124
30 124
31 124
32 124
38 124
39 124
40 124
41 124
42 124
44 124
45 124
47 124
48 124
50 124
51 124
53 124
54 124
60 124
61 124
62 124
63 124
64 124
65 124
66 124
73 124
75 124
81 124
86 124
92 124
96 124
99 124
105 124
108 124
110 124
113 124
118 124
120 124
121 124
126 124
128 124
129 124
132 124
133 124
134 124
136 124
137 124
139 124
142 124
143 124
145 124
146 124
147 124
149 124
150 124
152 124
155 124
156 124
157 124
158 124
159 124
160 124
162 124
165 124
166 124
167 124
168 124
170 124
173 124
176 124
177 124
178 124
179 124
180 124
181 124
183 124
186 124
188 124
189 124
190 124
191 124
194 124
195 124
197 124
199 124
201 124
203 124
207 124
208 124
209 124
213 124
214 124
215 124
216 124
217 124
219 124
222 124
224 124
225 124
226 124
229 124
230 124
233 124
234 124
235 124
236 124
239 124
241 124
243 124
244 124
245 124
247 124
250 124
251 124
252 124
255 124
257 124
258 124
259 124
260 124
261 124
262 124
264 124
267 124
268 124
269 124
271 124
276 124
277 124
278 124
279 124
280 124
283 124
284 124
285 124
286 124
287 124
289 124
290 124
291 124
294 124
295 124
296 124
297 124
299 124
301 124
302 124
305 124
306 124
307 124
308 124
309 124
311 124
312 124
315 124
317 124
320 124
323 124
324 124
325 124
327 124
329 124
330 124
333 124
334 124
335 124
336 124
339 124
340 124
341 124
342 124
347 124
349 124
350 124
351 124
358 124
359 124
361 124
364 124
365 124
366 124
367 124
369 124
371 124
372 124
373 124
375 124
377 124
378 124
379 124
383 124
384 124
390 124
392 124
393 124
399 124
402 124
403 124
404 124
405 124
407 124
408 124
409 124
412 124
413 124
414 124
415 124
417 124
423 124
425 124
426 124
428 124
429 124
431 124
432 124
434 124
435 124
436 124
437 124
438 124
441 124
442 124
443 124
444 124
446 124
447 124
449 124
450 124
451 124
453 124
454 124
456 124
457 124
458 124
460 124
461 124
462 124
471 124
472 124
473 124
481 124
482 124
483 124
485 124
486 124
487 124
489 124
490 124
492 124
493 124
494 124
495 124
496 124
500 124
502 124
503 124
504 124
505 124
507 124
508 124
509 124
510 124
511 124
513 124
514 124
516 124
517 124
518 124
519 124
521 124
522 124
523 124
524 124
526 124
529 124
530 124
531 124
533 124
534 124
536 124
537 124
538 124
539 124
540 124
543 124
544 124
545 124
548 124
549 124
550 124
551 124
553 124
554 124
555 124
557 124
559 124
561 124
563 124
566 124
569 124
570 124
571 124
573 124
576 124
577 124
578 124
579 124
580 124
581 124
582 124
583 124
585 124
586 124
587 124
589 124
590 124
593 124
595 124
597 124
600 124
601 124
602 124
603 124
604 124
606 124
608 124
610 124
611 124
612 124
613 124
615 124
616 124
617 124
618 124
621 124
623 124
625 124
626 124
628 124
629 124
630 124
631 124
633 124
634 124
635 124
636 124
638 124
639 124
641 124
642 124
643 124
645 124
646 124
647 124
649 124
650 124
651 124
652 124
653 124
655 124
656 124
657 124
664 124
665 124
667 124
671 124
672 124
673 124
674 124
675 124
676 124
679 124
680 124
681 124
682 124
684 124
685 124
686 124
687 124
689 124
690 124
691 124
692 124
694 124
695 124
696 124
697 124
699 124
700 124
701 124
702 124
704 124
705 124
708 124
710 124
711 124
714 124
715 124
716 124
717 124
719 124
720 124
721 124
722 124
723 124
725 124
728 124
729 124
730 124
732 124
734 124
735 124
737 124
738 124
741 124
742 124
744 124
745 124
746 124
748 124
750 124
754 124
755 124
756 124
757 124
758 124
760 124
761 124
762 124
764 124
767 124
769 124
770 124
771 124
772 124
774 124
775 124
776 124
779 124
781 124
782 124
783 124
784 124
788 124
789 124
790 124
791 124
792 124
793 124
794 124
795 124
796 124
798 124
800 124
802 124
804 124
806 124
808 124
810 124
811 124
813 124
816 124
817 124
818 124
820 124
821 124
825 124
826 124
827 124
828 124
829 124
830 124
831 124
833 124
834 124
835 124
836 124
837 124
838 124
840 124
841 124
842 124
843 124
846 124
847 124
849 124
851 124
852 124
855 124
856 124
857 124
858 124
859 124
860 124
861 124
862 124
864 124
865 124
868 124
870 124
871 124
874 124
875 124
877 124
878 124
880 124
881 124
885 124
886 124
887 124
888 124
889 124
890 124
891 124
892 124
896 124
897 124
899 124
902 124
903 124
907 124
908 124
909 124
911 124
913 124
917 124
918 124
919 124
920 124
922 124
924 124
925 124
926 124
928 124
929 124
934 124
935 124
936 124
937 124
938 124
939 124
940 124
941 124
942 124
943 124
944 124
946 124
947 124
949 124
951 124
952 124
955 124
957 124
958 124
961 124
962 124
963 124
964 124
965 124
966 124
968 124
969 124
970 124
973 124
974 124
976 124
977 124
978 124
980 124
982 124
983 124
984 124
985 124
986 124
987 124
989 124
991 124
993 124
994 124
995 124
997 124
998 124
999 124
1000 124
2 125
3 125
4 125
5 125
9 125
12 125
16 125
17 125
18 125
23 125
24 125
25 125
29 125
30 125
38 125
40 125
43 125
45 125
47 125
48 125
50 125
51 125
53 125
56 125
57 125
58 125
65 125
66 125
73 125
75 125
77 125
78 125
86 125
92 125
98 125
99 125
106 125
110 125
111 125
115 125
120 125
121 125
128 125
129 125
130 125
133 125
134 125
138 125
139 125
140 125
143 125
144 125
145 125
148 125
149 125
151 125
155 125
162 125
165 125
168 125
169 125
175 125
176 125
177 125
181 125
182 125
183 125
185 125
187 125
190 125
193 125
194 125
195 125
196 125
199 125
203 125
204 125
206 125
207 125
212 125
214 125
219 125
222 125
224 125
228 125
229 125
234 125
236 125
243 125
244 125
247 125
255 125
257 125
258 125
268 125
276 125
278 125
280 125
283 125
285 125
288 125
296 125
297 125
299 125
301 125
303 125
307 125
311 125
312 125
315 125
317 125
324 125
325 125
329 125
334 125
342 125
343 125
347 125
350 125
358 125
359 125
366 125
367 125
369 125
375 125
378 125
381 125
405 125
407 125
408 125
415 125
422 125
429 125
430 125
431 125
436 125
442 125
446 125
447 125
453 125
456 125
457 125
462 125
463 125
467 125
468 125
469 125
474 125
478 125
488 125
499 125
501 125
503 125
508 125
516 125
517 125
518 125
521 125
526 125
528 125
534 125
539 125
543 125
546 125
548 125
553 125
556 125
557 125
559 125
564 125
570 125
571 125
573 125
576 125
583 125
589 125
593 125
602 125
604 125
606 125
609 125
616 125
625 125
626 125
629 125
630 125
634 125
635 125
639 125
640 125
641 125
642 125
646 125
647 125
655 125
657 125
662 125
668 125
670 125
675 125
676 125
679 125
681 125
683 125
689 125
690 125
691 125
702 125
704 125
708 125
716 125
718 125
724 125
734 125
738 125
754 125
755 125
758 125
760 125
762 125
764 125
768 125
771 125
774 125
776 125
783 125
786 125
792 125
794 125
797 125
799 125
804 125
814 125
816 125
827 125
828 125
830 125
833 125
834 125
843 125
851 125
852 125
858 125
859 125
861 125
871 125
872 125
875 125
880 125
883 125
885 125
886 125
889 125
896 125
907 125
910 125
926 125
937 125
943 125
952 125
954 125
966 125
977 125
978 125
980 125
989 125
991 125
997 125
999 125
3 126
13 126
65 126
149 126
190 126
368 126
473 126
2 127
3 127
4 127
8 127
9 127
11 127
17 127
18 127
19 127
21 127
23 127
25 127
27 127
28 127
37 127
45 127
47 127
48 127
50 127
51 127
56 127
58 127
60 127
61 127
63 127
64 127
65 127
66 127
71 127
73 127
75 127
81 127
83 127
86 127
92 127
96 127
99 127
101 127
106 127
108 127
110 127
112 127
114 127
120 127
121 127
128 127
129 127
133 127
134 127
139 127
141 127
143 127
144 127
145 127
146 127
149 127
152 127
155 127
165 127
166 127
167 127
168 127
173 127
175 127
176 127
178 127
179 127
180 127
181 127
183 127
187 127
190 127
194 127
195 127
196 127
199 127
204 127
207 127
209 127
213 127
214 127
216 127
219 127
222 127
224 127
225 127
226 127
228 127
229 127
230 127
233 127
234 127
235 127
243 127
244 127
245 127
247 127
257 127
258 127
259 127
260 127
264 127
269 127
276 127
277 127
285 127
286 127
295 127
296 127
297 127
301 127
306 127
309 127
311 127
317 127
323 127
327 127
329 127
330 127
333 127
335 127
345 127
347 127
350 127
358 127
359 127
361 127
364 127
365 127
366 127
368 127
369 127
375 127
378 127
382 127
399 127
404 127
405 127
412 127
414 127
417 127
427 127
431 127
436 127
442 127
443 127
446 127
447 127
457 127
460 127
467 127
469 127
477 127
483 127
489 127
496 127
501 127
502 127
503 127
506 127
507 127
508 127
513 127
517 127
521 127
522 127
528 127
533 127
534 127
536 127
539 127
540 127
548 127
550 127
563 127
566 127
568 127
570 127
573 127
577 127
578 127
581 127
585 127
589 127
590 127
593 127
595 127
601 127
602 127
603 127
604 127
605 127
606 127
608 127
610 127
611 127
612 127
613 127
615 127
616 127
618 127
621 127
622 127
623 127
625 127
626 127
628 127
629 127
630 127
631 127
633 127
634 127
635 127
636 127
638 127
641 127
643 127
646 127
647 127
649 127
650 127
651 127
652 127
653 127
655 127
657 127
659 127
662 127
664 127
665 127
667 127
668 127
670 127
671 127
672 127
674 127
675 127
676 127
681 127
682 127
683 127
684 127
686 127
687 127
688 127
689 127
690 127
691 127
696 127
697 127
699 127
700 127
701 127
702 127
704 127
705 127
708 127
710 127
711 127
714 127
715 127
716 127
717 127
719 127
720 127
721 127
722 127
723 127
729 127
730 127
733 127
734 127
737 127
738 127
739 127
741 127
742 127
744 127
745 127
746 127
748 127
750 127
751 127
753 127
754 127
755 127
756 127
757 127
758 127
760 127
761 127
764 127
767 127
769 127
770 127
771 127
772 127
774 127
776 127
779 127
781 127
782 127
783 127
784 127
788 127
789 127
790 127
791 127
792 127
793 127
794 127
795 127
796 127
798 127
800 127
802 127
806 127
808 127
810 127
811 127
813 127
816 127
817 127
818 127
819 127
820 127
821 127
825 127
826 127
829 127
830 127
833 127
834 127
835 127
836 127
840 127
841 127
842 127
843 127
846 127
847 127
849 127
851 127
852 127
855 127
856 127
857 127
858 127
859 127
861 127
864 127
865 127
870 127
871 127
874 127
875 127
876 127
877 127
878 127
880 127
881 127
882 127
884 127
885 127
886 127
887 127
888 127
889 127
890 127
891 127
896 127
899 127
902 127
903 127
907 127
908 127
909 127
911 127
913 127
916 127
917 127
918 127
919 127
920 127
924 127
925 127
926 127
929 127
934 127
935 127
937 127
938 127
939 127
940 127
941 127
942 127
944 127
946 127
951 127
952 127
957 127
958 127
959 127
962 127
963 127
965 127
966 127
968 127
969 127
970 127
973 127
977 127
978 127
980 127
982 127
983 127
984 127
985 127
986 127
988 127
993 127
994 127
995 127
997 127
999 127
1000 127
2 128
3 128
4 128
5 128
9 128
17 128
23 128
25 128
31 128
40 128
42 128
51 128
56 128
63 128
65 128
73 128
75 128
86 128
101 128
105 128
106 128
110 128
121 128
124 128
129 128
134 128
135 128
136 128
144 128
145 128
149 128
162 128
165 128
166 128
167 128
168 128
170 128
176 128
183 128
190 128
195 128
199 128
203 128
207 128
217 128
219 128
222 128
224 128
226 128
228 128
229 128
236 128
243 128
245 128
247 128
251 128
254 128
257 128
258 128
260 128
268 128
274 128
280 128
283 128
287 128
295 128
297 128
301 128
307 128
311 128
312 128
315 128
317 128
319 128
325 128
334 128
339 128
359 128
368 128
378 128
392 128
399 128
403 128
407 128
408 128
412 128
414 128
432 128
446 128
448 128
457 128
473 128
474 128
483 128
518 128
534 128
539 128
548 128
570 128
573 128
577 128
593 128
602 128
626 128
628 128
634 128
635 128
646 128
647 128
655 128
686 128
688 128
689 128
716 128
885 128
952 128
978 128
997 128
2 129
3 129
4 129
6 129
8 129
9 129
10 129
11 129
12 129
16 129
17 129
18 129
19 129
21 129
23 129
25 129
27 129
28 129
30 129
31 129
37 129
38 129
39 129
45 129
46 129
47 129
50 129
51 129
52 129
53 129
56 129
58 129
59 129
60 129
63 129
65 129
66 129
67 129
71 129
73 129
75 129
77 129
81 129
83 129
86 129
88 129
92 129
96 129
99 129
106 129
108 129
110 129
113 129
114 129
118 129
119 129
120 129
121 129
124 129
125 129
126 129
128 129
129 129
132 129
133 129
134 129
135 129
136 129
138 129
139 129
142 129
143 129
144 129
145 129
146 129
147 129
149 129
150 129
152 129
155 129
156 129
158 129
165 129
166 129
168 129
169 129
170 129
173 129
175 129
176 129
178 129
179 129
180 129
181 129
183 129
186 129
188 129
189 129
190 129
191 129
193 129
194 129
195 129
196 129
199 129
201 129
206 129
207 129
208 129
209 129
211 129
212 129
214 129
215 129
216 129
217 129
219 129
222 129
224 129
225 129
226 129
228 129
229 129
230 129
233 129
234 129
236 129
238 129
239 129
243 129
244 129
245 129
247 129
251 129
252 129
254 129
255 129
257 129
258 129
259 129
260 129
261 129
262 129
267 129
268 129
269 129
270 129
271 129
274 129
276 129
277 129
279 129
280 129
283 129
284 129
285 129
286 129
287 129
289 129
290 129
291 129
294 129
295 129
296 129
297 129
301 129
302 129
305 129
306 129
308 129
309 129
310 129
311 129
312 129
315 129
317 129
320 129
323 129
324 129
325 129
327 129
329 129
330 129
331 129
333 129
334 129
335 129
340 129
343 129
346 129
347 129
350 129
354 129
357 129
358 129
359 129
361 129
365 129
369 129
371 129
373 129
375 129
377 129
378 129
379 129
381 129
382 129
383 129
384 129
389 129
392 129
395 129
399 129
405 129
408 129
409 129
412 129
417 129
422 129
425 129
426 129
429 129
430 129
431 129
435 129
436 129
438 129
439 129
441 129
442 129
443 129
446 129
447 129
449 129
450 129
451 129
453 129
456 129
457 129
458 129
463 129
465 129
468 129
471 129
472 129
473 129
474 129
481 129
483 129
485 129
489 129
490 129
493 129
496 129
503 129
507 129
508 129
511 129
513 129
514 129
516 129
517 129
518 129
519 129
521 129
523 129
528 129
534 129
536 129
539 129
540 129
546 129
547 129
548 129
549 129
550 129
552 129
553 129
554 129
556 129
557 129
559 129
563 129
566 129
568 129
569 129
570 129
571 129
573 129
574 129
576 129
577 129
578 129
581 129
582 129
583 129
585 129
587 129
589 129
590 129
591 129
593 129
595 129
597 129
599 129
600 129
601 129
602 129
603 129
604 129
605 129
606 129
608 129
609 129
610 129
611 129
612 129
613 129
615 129
616 129
617 129
618 129
619 129
621 129
622 129
623 129
625 129
628 129
629 129
630 129
631 129
633 129
634 129
636 129
638 129
639 129
641 129
642 129
643 129
646 129
647 129
649 129
650 129
651 129
652 129
653 129
655 129
656 129
657 129
658 129
660 129
662 129
664 129
667 129
668 129
670 129
672 129
673 129
674 129
675 129
676 129
678 129
679 129
680 129
681 129
682 129
684 129
685 129
686 129
687 129
688 129
689 129
690 129
691 129
692 129
694 129
695 129
696 129
697 129
699 129
700 129
701 129
702 129
704 129
705 129
706 129
708 129
710 129
711 129
714 129
715 129
716 129
717 129
719 129
720 129
721 129
722 129
723 129
725 129
728 129
729 129
730 129
731 129
732 129
734 129
735 129
737 129
738 129
739 129
741 129
742 129
744 129
745 129
746 129
748 129
750 129
753 129
754 129
755 129
756 129
757 129
758 129
760 129
761 129
762 129
763 129
764 129
767 129
768 129
769 129
770 129
771 129
772 129
774 129
776 129
779 129
781 129
782 129
783 129
784 129
786 129
788 129
789 129
790 129
791 129
792 129
793 129
794 129
795 129
796 129
798 129
799 129
800 129
801 129
803 129
804 129
805 129
806 129
808 129
810 129
811 129
813 129
816 129
817 129
818 129
819 129
820 129
821 129
825 129
826 129
827 129
828 129
829 129
830 129
831 129
832 129
833 129
834 129
835 129
836 129
837 129
838 129
840 129
841 129
842 129
843 129
846 129
847 129
849 129
851 129
852 129
855 129
856 129
857 129
858 129
859 129
860 129
861 129
862 129
864 129
865 129
867 129
868 129
869 129
870 129
871 129
872 129
874 129
875 129
876 129
877 129
878 129
880 129
881 129
882 129
883 129
884 129
885 129
886 129
887 129
888 129
889 129
890 129
891 129
892 129
895 129
896 129
897 129
899 129
902 129
903 129
907 129
908 129
909 129
911 129
913 129
917 129
918 129
919 129
920 129
922 129
924 129
925 129
926 129
928 129
929 129
932 129
933 129
934 129
935 129
936 129
938 129
939 129
940 129
941 129
942 129
943 129
944 129
946 129
947 129
949 129
951 129
952 129
954 129
955 129
957 129
958 129
961 129
962 129
963 129
964 129
965 129
966 129
968 129
969 129
970 129
972 129
973 129
974 129
976 129
977 129
978 129
980 129
982 129
983 129
984 129
985 129
986 129
989 129
991 129
993 129
994 129
995 129
997 129
998 129
999 129
1000 129
2 130
3 130
4 130
5 130
6 130
9 130
17 130
18 130
20 130
23 130
25 130
26 130
32 130
38 130
39 130
42 130
43 130
45 130
51 130
53 130
56 130
57 130
62 130
63 130
65 130
73 130
74 130
75 130
77 130
86 130
87 130
88 130
93 130
99 130
101 130
106 130
118 130
119 130
120 130
121 130
124 130
125 130
128 130
129 130
134 130
135 130
138 130
145 130
147 130
148 130
149 130
152 130
153 130
157 130
159 130
162 130
165 130
166 130
170 130
173 130
175 130
176 130
180 130
183 130
185 130
187 130
190 130
194 130
195 130
199 130
207 130
209 130
219 130
222 130
224 130
225 130
228 130
234 130
236 130
238 130
239 130
241 130
243 130
244 130
245 130
247 130
249 130
255 130
257 130
262 130
264 130
271 130
276 130
277 130
279 130
280 130
283 130
285 130
287 130
288 130
291 130
292 130
294 130
296 130
297 130
301 130
307 130
311 130
312 130
315 130
319 130
334 130
345 130
347 130
359 130
375 130
387 130
393 130
399 130
402 130
403 130
408 130
410 130
412 130
414 130
415 130
420 130
423 130
425 130
427 130
428 130
429 130
431 130
434 130
435 130
436 130
437 130
441 130
442 130
444 130
446 130
447 130
448 130
453 130
454 130
456 130
457 130
458 130
460 130
461 130
462 130
463 130
465 130
469 130
474 130
482 130
483 130
485 130
486 130
490 130
492 130
494 130
495 130
496 130
497 130
498 130
499 130
500 130
504 130
505 130
508 130
509 130
510 130
513 130
517 130
518 130
521 130
522 130
523 130
524 130
526 130
530 130
531 130
534 130
537 130
538 130
539 130
545 130
546 130
548 130
550 130
551 130
553 130
554 130
555 130
557 130
559 130
561 130
563 130
566 130
568 130
569 130
570 130
571 130
573 130
574 130
575 130
577 130
579 130
583 130
585 130
587 130
589 130
591 130
602 130
604 130
616 130
618 130
620 130
626 130
628 130
634 130
641 130
646 130
647 130
652 130
655 130
660 130
662 130
676 130
679 130
689 130
751 130
768 130
776 130
781 130
782 130
783 130
802 130
811 130
814 130
834 130
847 130
853 130
880 130
885 130
886 130
897 130
932 130
952 130
954 130
958 130
970 130
978 130
988 130
997 130
23 131
65 131
128 131
149 131
190 131
368 131
602 131
655 131
997 131
2 132
3 132
5 132
7 132
9 132
12 132
16 132
18 132
24 132
25 132
28 132
38 132
45 132
51 132
53 132
56 132
58 132
59 132
63 132
65 132
68 132
71 132
73 132
75 132
86 132
93 132
94 132
99 132
101 132
105 132
108 132
110 132
112 132
118 132
119 132
120 132
121 132
124 132
128 132
129 132
134 132
137 132
138 132
143 132
145 132
149 132
150 132
151 132
156 132
162 132
165 132
167 132
168 132
169 132
173 132
176 132
182 132
183 132
189 132
190 132
195 132
197 132
207 132
212 132
213 132
214 132
219 132
222 132
224 132
228 132
236 132
238 132
239 132
241 132
243 132
245 132
247 132
249 132
253 132
257 132
258 132
264 132
265 132
267 132
268 132
269 132
271 132
276 132
279 132
280 132
285 132
288 132
291 132
294 132
295 132
297 132
303 132
308 132
310 132
311 132
312 132
315 132
323 132
327 132
329 132
336 132
340 132
341 132
349 132
351 132
357 132
358 132
359 132
366 132
367 132
368 132
375 132
379 132
380 132
392 132
393 132
400 132
404 132
412 132
425 132
431 132
435 132
436 132
442 132
444 132
446 132
448 132
451 132
456 132
457 132
459 132
462 132
463 132
466 132
473 132
474 132
478 132
492 132
496 132
501 132
504 132
508 132
513 132
514 132
519 132
521 132
528 132
534 132
536 132
539 132
540 132
546 132
548 132
557 132
559 132
576 132
580 132
585 132
602 132
613 132
615 132
616 132
626 132
633 132
634 132
636 132
639 132
640 132
643 132
647 132
651 132
655 132
675 132
676 132
681 132
689 132
691 132
707 132
712 132
716 132
722 132
729 132
744 132
754 132
758 132
771 132
783 132
791 132
795 132
796 132
797 132
804 132
822 132
828 132
830 132
833 132
842 132
847 132
849 132
855 132
857 132
862 132
864 132
870 132
874 132
877 132
880 132
885 132
886 132
889 132
890 132
926 132
936 132
958 132
961 132
963 132
964 132
966 132
970 132
974 132
980 132
983 132
988 132
989 132
993 132
997 132
3 133
9 133
12 133
28 133
31 133
38 133
47 133
51 133
52 133
53 133
58 133
60 133
65 133
66 133
75 133
77 133
83 133
99 133
106 133
110 133
114 133
120 133
121 133
125 133
128 133
129 133
139 133
140 133
141 133
142 133
143 133
145 133
146 133
149 133
155 133
164 133
165 133
168 133
176 133
183 133
187 133
189 133
190 133
192 133
193 133
194 133
206 133
207 133
215 133
220 133
224 133
225 133
229 133
239 133
243 133
247 133
251 133
253 133
254 133
260 133
261 133
271 133
274 133
278 133
296 133
301 133
303 133
306 133
309 133
311 133
312 133
313 133
317 133
323 133
324 133
325 133
329 133
343 133
346 133
347 133
350 133
354 133
358 133
359 133
368 133
369 133
373 133
375 133
377 133
378 133
382 133
399 133
404 133
409 133
414 133
417 133
422 133
425 133
427 133
429 133
431 133
436 133
447 133
448 133
453 133
456 133
457 133
463 133
468 133
469 133
472 133
473 133
474 133
485 133
488 133
499 133
508 133
513 133
516 133
528 133
534 133
539 133
548 133
550 133
553 133
557 133
564 133
566 133
570 133
577 133
602 133
604 133
616 133
617 133
619 133
629 133
630 133
633 133
634 133
643 133
646 133
647 133
655 133
656 133
665 133
679 133
680 133
689 133
714 133
716 133
725 133
738 133
754 133
758 133
761 133
762 133
771 133
782 133
783 133
794 133
800 133
803 133
809 133
828 133
834 133
838 133
843 133
847 133
851 133
858 133
859 133
871 133
880 133
885 133
911 133
922 133
928 133
937 133
942 133
946 133
951 133
961 133
964 133
966 133
970 133
997 133
1000 133
2 134
3 134
4 134
5 134
8 134
9 134
10 134
11 134
17 134
18 134
19 134
20 134
21 134
22 134
23 134
25 134
28 134
31 134
32 134
37 134
38 134
39 134
41 134
42 134
43 134
44 134
45 134
46 134
47 134
48 134
50 134
51 134
53 134
54 134
56 134
57 134
59 134
60 134
61 134
62 134
63 134
65 134
66 134
73 134
75 134
81 134
83 134
86 134
92 134
93 134
96 134
99 134
105 134
110 134
112 134
118 134
120 134
121 134
124 134
128 134
129 134
132 134
133 134
135 134
136 134
143 134
145 134
146 134
147 134
149 134
150 134
152 134
155 134
157 134
164 134
165 134
168 134
173 134
176 134
178 134
179 134
181 134
183 134
186 134
187 134
190 134
191 134
193 134
194 134
195 134
199 134
201 134
203 134
204 134
207 134
209 134
213 134
214 134
216 134
217 134
219 134
222 134
224 134
225 134
226 134
228 134
229 134
230 134
233 134
236 134
237 134
241 134
243 134
244 134
245 134
247 134
251 134
252 134
254 134
255 134
257 134
258 134
260 134
262 134
264 134
265 134
267 134
268 134
269 134
271 134
274 134
276 134
277 134
279 134
280 134
283 134
285 134
286 134
287 134
289 134
291 134
292 134
294 134
295 134
296 134
297 134
301 134
302 134
303 134
307 134
309 134
311 134
312 134
315 134
317 134
319 134
323 134
324 134
325 134
327 134
329 134
330 134
333 134
334 134
335 134
336 134
339 134
340 134
341 134
342 134
345 134
347 134
350 134
352 134
357 134
358 134
359 134
361 134
365 134
367 134
369 134
371 134
372 134
375 134
377 134
378 134
381 134
383 134
384 134
393 134
396 134
399 134
402 134
403 134
404 134
405 134
408 134
412 134
414 134
415 134
417 134
420 134
423 134
424 134
425 134
428 134
429 134
431 134
435 134
436 134
438 134
441 134
443 134
444 134
446 134
447 134
451 134
453 134
454 134
456 134
457 134
458 134
460 134
461 134
462 134
463 134
465 134
469 134
471 134
474 134
482 134
483 134
485 134
486 134
489 134
490 134
492 134
494 134
495 134
496 134
497 134
498 134
500 134
503 134
504 134
505 134
507 134
508 134
509 134
510 134
511 134
513 134
514 134
516 134
517 134
518 134
521 134
522 134
523 134
524 134
526 134
528 134
530 134
531 134
533 134
534 134
536 134
537 134
538 134
539 134
540 134
545 134
546 134
548 134
549 134
550 134
551 134
553 134
554 134
555 134
557 134
559 134
561 134
563 134
566 134
568 134
569 134
570 134
571 134
573 134
574 134
576 134
577 134
578 134
579 134
581 134
583 134
585 134
587 134
589 134
590 134
591 134
593 134
595 134
600 134
601 134
602 134
603 134
604 134
605 134
606 134
608 134
610 134
612 134
613 134
615 134
616 134
618 134
621 134
622 134
623 134
625 134
626 134
628 134
629 134
630 134
631 134
633 134
634 134
636 134
638 134
641 134
643 134
646 134
647 134
649 134
650 134
652 134
653 134
655 134
656 134
657 134
660 134
662 134
664 134
665 134
667 134
668 134
670 134
671 134
672 134
673 134
674 134
675 134
676 134
679 134
680 134
681 134
682 134
684 134
686 134
687 134
689 134
690 134
691 134
694 134
695 134
696 134
697 134
699 134
700 134
701 134
702 134
704 134
705 134
708 134
710 134
711 134
714 134
715 134
716 134
717 134
719 134
720 134
721 134
722 134
723 134
725 134
729 134
730 134
734 134
737 134
738 134
741 134
742 134
744 134
745 134
746 134
748 134
750 134
753 134
754 134
755 134
756 134
757 134
758 134
760 134
761 134
762 134
764 134
767 134
769 134
770 134
771 134
772 134
774 134
776 134
779 134
782 134
783 134
784 134
789 134
791 134
792 134
793 134
794 134
795 134
796 134
798 134
800 134
804 134
805 134
806 134
808 134
810 134
811 134
813 134
816 134
817 134
818 134
819 134
820 134
821 134
822 134
825 134
826 134
828 134
829 134
830 134
833 134
834 134
835 134
836 134
838 134
840 134
841 134
842 134
843 134
846 134
847 134
849 134
851 134
852 134
855 134
856 134
857 134
858 134
859 134
861 134
862 134
864 134
865 134
868 134
870 134
871 134
874 134
875 134
876 134
877 134
878 134
880 134
881 134
884 134
885 134
886 134
887 134
888 134
889 134
890 134
891 134
899 134
902 134
903 134
907 134
908 134
909 134
910 134
911 134
913 134
917 134
918 134
919 134
920 134
922 134
924 134
925 134
926 134
928 134
929 134
934 134
935 134
936 134
938 134
939 134
940 134
941 134
942 134
944 134
947 134
949 134
951 134
952 134
954 134
957 134
958 134
961 134
962 134
963 134
965 134
966 134
968 134
969 134
970 134
973 134
974 134
976 134
977 134
978 134
980 134
982 134
983 134
984 134
985 134
986 134
988 134
991 134
993 134
994 134
995 134
997 134
998 134
999 134
1000 134
2 135
3 135
7 135
9 135
17 135
18 135
23 135
25 135
31 135
39 135
42 135
51 135
62 135
63 135
65 135
71 135
73 135
75 135
86 135
102 135
106 135
108 135
110 135
111 135
118 135
120 135
121 135
128 135
134 135
144 135
145 135
149 135
153 135
157 135
160 135
165 135
166 135
168 135
171 135
173 135
176 135
183 135
185 135
190 135
195 135
197 135
199 135
207 135
212 135
214 135
219 135
222 135
224 135
225 135
228 135
229 135
233 135
236 135
241 135
243 135
245 135
247 135
254 135
257 135
260 135
264 135
269 135
277 135
279 135
287 135
295 135
297 135
301 135
311 135
312 135
325 135
327 135
335 135
350 135
351 135
359 135
383 135
392 135
399 135
412 135
436 135
442 135
446 135
457 135
460 135
462 135
474 135
496 135
518 135
534 135
543 135
551 135
570 135
573 135
602 135
604 135
631 135
634 135
647 135
689 135
691 135
718 135
738 135
783 135
886 135
958 135
964 135
2 136
3 136
9 136
17 136
23 136
31 136
51 136
56 136
62 136
63 136
65 136
70 136
73 136
75 136
86 136
108 136
110 136
121 136
124 136
128 136
134 136
143 136
145 136
147 136
149 136
151 136
165 136
176 136
183 136
190 136
191 136
195 136
207 136
211 136
216 136
219 136
222 136
225 136
228 136
234 136
243 136
245 136
247 136
251 136
252 136
255 136
264 136
265 136
274 136
280 136
285 136
291 136
294 136
297 136
301 136
306 136
311 136
312 136
315 136
317 136
325 136
327 136
329 136
331 136
340 136
352 136
357 136
359 136
367 136
368 136
369 136
374 136
377 136
381 136
392 136
399 136
412 136
414 136
415 136
432 136
436 136
446 136
447 136
457 136
462 136
473 136
474 136
516 136
528 136
534 136
539 136
548 136
552 136
568 136
570 136
573 136
586 136
616 136
628 136
634 136
644 136
655 136
733 136
741 136
774 136
783 136
858 136
884 136
885 136
997 136
2 137
3 137
5 137
9 137
13 137
17 137
18 137
23 137
25 137
28 137
33 137
38 137
45 137
47 137
51 137
53 137
57 137
60 137
65 137
66 137
67 137
73 137
75 137
81 137
83 137
93 137
97 137
99 137
106 137
110 137
124 137
127 137
128 137
129 137
133 137
134 137
138 137
139 137
141 137
143 137
145 137
147 137
149 137
151 137
152 137
153 137
154 137
162 137
165 137
167 137
170 137
174 137
182 137
190 137
195 137
196 137
201 137
203 137
207 137
213 137
224 137
225 137
226 137
228 137
229 137
234 137
247 137
253 137
258 137
262 137
264 137
267 137
268 137
271 137
276 137
279 137
283 137
285 137
295 137
297 137
301 137
307 137
310 137
311 137
312 137
359 137
364 137
368 137
412 137
427 137
429 137
436 137
442 137
443 137
456 137
457 137
463 137
469 137
483 137
496 137
503 137
513 137
516 137
534 137
539 137
545 137
546 137
553 137
555 137
559 137
564 137
566 137
596 137
602 137
604 137
616 137
626 137
634 137
646 137
647 137
650 137
653 137
655 137
662 137
680 137
682 137
689 137
690 137
691 137
702 137
704 137
708 137
716 137
734 137
738 137
758 137
774 137
776 137
783 137
792 137
794 137
810 137
821 137
842 137
843 137
847 137
849 137
857 137
858 137
871 137
880 137
881 137
885 137
889 137
907 137
924 137
946 137
952 137
954 137
958 137
978 137
980 137
990 137
995 137
997 137
3 138
4 138
9 138
12 138
16 138
23 138
25 138
38 138
46 138
49 138
50 138
56 138
57 138
65 138
71 138
83 138
86 138
88 138
118 138
125 138
128 138
129 138
130 138
134 138
140 138
143 138
145 138
146 138
149 138
151 138
152 138
157 138
176 138
177 138
182 138
187 138
190 138
206 138
207 138
216 138
217 138
222 138
225 138
228 138
243 138
252 138
253 138
254 138
255 138
267 138
288 138
303 138
311 138
341 138
342 138
343 138
358 138
360 138
368 138
399 138
427 138
442 138
447 138
453 138
456 138
463 138
468 138
513 138
534 138
543 138
559 138
570 138
571 138
576 138
585 138
602 138
604 138
616 138
626 138
630 138
642 138
655 138
681 138
689 138
691 138
744 138
783 138
806 138
849 138
893 138
952 138
954 138
978 138
980 138
993 138
2 139
3 139
8 139
9 139
12 139
16 139
18 139
24 139
25 139
28 139
30 139
43 139
45 139
49 139
51 139
53 139
56 139
57 139
58 139
60 139
63 139
65 139
66 139
68 139
75 139
78 139
83 139
86 139
92 139
99 139
106 139
108 139
110 139
114 139
115 139
121 139
124 139
125 139
128 139
129 139
132 139
133 139
138 139
140 139
141 139
142 139
143 139
144 139
145 139
149 139
152 139
155 139
165 139
168 139
169 139
175 139
177 139
180 139
187 139
189 139
190 139
193 139
194 139
196 139
206 139
207 139
211 139
212 139
214 139
216 139
224 139
225 139
229 139
233 139
239 139
244 139
247 139
251 139
253 139
258 139
268 139
270 139
274 139
276 139
277 139
280 139
285 139
295 139
296 139
297 139
299 139
301 139
302 139
303 139
305 139
307 139
310 139
311 139
312 139
315 139
317 139
323 139
324 139
325 139
331 139
341 139
342 139
350 139
358 139
359 139
366 139
369 139
377 139
378 139
379 139
383 139
399 139
405 139
409 139
425 139
427 139
431 139
442 139
447 139
451 139
456 139
463 139
468 139
472 139
473 139
474 139
476 139
483 139
496 139
499 139
501 139
508 139
513 139
516 139
517 139
518 139
521 139
523 139
528 139
534 139
539 139
540 139
548 139
553 139
557 139
559 139
573 139
576 139
586 139
589 139
591 139
602 139
604 139
611 139
615 139
616 139
617 139
626 139
629 139
630 139
633 139
634 139
640 139
647 139
655 139
656 139
657 139
660 139
668 139
674 139
677 139
679 139
680 139
681 139
689 139
690 139
691 139
702 139
704 139
706 139
714 139
716 139
718 139
722 139
725 139
734 139
738 139
741 139
744 139
746 139
751 139
754 139
758 139
762 139
771 139
786 139
788 139
791 139
798 139
800 139
803 139
804 139
809 139
814 139
828 139
834 139
835 139
843 139
848 139
851 139
856 139
858 139
864 139
871 139
872 139
875 139
880 139
884 139
885 139
886 139
889 139
895 139
913 139
918 139
922 139
928 139
933 139
946 139
951 139
952 139
954 139
961 139
964 139
966 139
970 139
974 139
976 139
978 139
980 139
989 139
990 139
997 139
999 139
2 140
4 140
9 140
12 140
18 140
53 140
60 140
62 140
65 140
86 140
120 140
125 140
130 140
133 140
134 140
143 140
145 140
146 140
149 140
175 140
190 140
207 140
217 140
230 140
252 140
254 140
264 140
285 140
295 140
303 140
311 140
399 140
447 140
462 140
518 140
602 140
634 140
783 140
875 140
880 140
886 140
940 140
997 140
2 141
3 141
9 141
51 141
53 141
56 141
65 141
75 141
83 141
110 141
114 141
133 141
145 141
149 141
155 141
190 141
207 141
247 141
347 141
359 141
399 141
513 141
534 141
604 141
616 141
626 141
629 141
634 141
651 141
734 141
758 141
783 141
864 141
920 141
952 141
978 141
2 142
3 142
9 142
12 142
23 142
25 142
28 142
30 142
48 142
50 142
51 142
52 142
54 142
56 142
58 142
59 142
60 142
63 142
65 142
66 142
71 142
75 142
85 142
86 142
98 142
99 142
101 142
106 142
108 142
110 142
114 142
121 142
124 142
129 142
133 142
144 142
145 142
149 142
155 142
169 142
176 142
183 142
189 142
190 142
191 142
193 142
194 142
195 142
206 142
207 142
212 142
216 142
219 142
220 142
224 142
229 142
239 142
241 142
243 142
245 142
247 142
260 142
280 142
288 142
290 142
296 142
299 142
301 142
303 142
311 142
312 142
323 142
325 142
347 142
354 142
358 142
368 142
369 142
373 142
377 142
378 142
379 142
412 142
414 142
426 142
429 142
431 142
446 142
451 142
453 142
465 142
472 142
473 142
476 142
485 142
513 142
516 142
518 142
521 142
533 142
534 142
539 142
546 142
576 142
602 142
604 142
616 142
617 142
625 142
626 142
634 142
646 142
651 142
674 142
675 142
680 142
706 142
710 142
714 142
716 142
734 142
738 142
742 142
746 142
754 142
762 142
768 142
783 142
794 142
825 142
828 142
834 142
843 142
870 142
871 142
880 142
897 142
899 142
922 142
976 142
983 142
2 143
3 143
4 143
5 143
7 143
8 143
9 143
10 143
11 143
15 143
17 143
18 143
19 143
20 143
21 143
23 143
25 143
26 143
27 143
28 143
31 143
32 143
37 143
39 143
40 143
41 143
42 143
45 143
47 143
50 143
51 143
52 143
53 143
56 143
61 143
62 143
63 143
65 143
66 143
75 143
81 143
83 143
86 143
92 143
96 143
99 143
101 143
105 143
108 143
110 143
112 143
113 143
114 143
118 143
120 143
121 143
125 143
128 143
129 143
132 143
133 143
134 143
135 143
136 143
139 143
144 143
145 143
146 143
147 143
149 143
155 143
157 143
158 143
160 143
165 143
166 143
168 143
173 143
175 143
176 143
177 143
178 143
179 143
181 143
183 143
186 143
190 143
191 143
194 143
195 143
197 143
199 143
201 143
206 143
207 143
208 143
209 143
211 143
214 143
216 143
217 143
219 143
220 143
222 143
224 143
225 143
228 143
229 143
230 143
233 143
234 143
236 143
238 143
241 143
243 143
244 143
245 143
247 143
251 143
252 143
255 143
257 143
258 143
259 143
260 143
262 143
264 143
265 143
267 143
268 143
269 143
271 143
274 143
276 143
277 143
279 143
280 143
283 143
285 143
286 143
287 143
290 143
291 143
293 143
295 143
296 143
297 143
299 143
301 143
303 143
307 143
309 143
311 143
312 143
315 143
324 143
325 143
327 143
329 143
330 143
333 143
334 143
335 143
336 143
341 143
342 143
347 143
349 143
350 143
352 143
358 143
359 143
361 143
365 143
367 143
368 143
369 143
371 143
375 143
377 143
378 143
380 143
381 143
383 143
384 143
389 143
390 143
392 143
393 143
399 143
402 143
403 143
404 143
405 143
408 143
412 143
414 143
415 143
417 143
420 143
423 143
424 143
425 143
428 143
429 143
431 143
432 143
434 143
435 143
436 143
439 143
441 143
442 143
443 143
444 143
446 143
447 143
449 143
451 143
453 143
454 143
456 143
457 143
458 143
460 143
461 143
462 143
463 143
465 143
466 143
469 143
470 143
472 143
473 143
474 143
478 143
481 143
482 143
483 143
485 143
486 143
487 143
489 143
490 143
492 143
493 143
494 143
495 143
496 143
498 143
500 143
501 143
502 143
503 143
504 143
505 143
507 143
508 143
509 143
510 143
511 143
513 143
516 143
517 143
521 143
522 143
523 143
524 143
526 143
528 143
529 143
530 143
531 143
533 143
534 143
536 143
537 143
538 143
539 143
543 143
545 143
548 143
549 143
550 143
551 143
553 143
554 143
555 143
557 143
561 143
563 143
566 143
568 143
569 143
570 143
571 143
573 143
574 143
578 143
579 143
581 143
583 143
587 143
589 143
590 143
593 143
595 143
597 143
601 143
602 143
603 143
604 143
605 143
606 143
608 143
610 143
611 143
612 143
613 143
615 143
616 143
617 143
618 143
620 143
621 143
622 143
623 143
625 143
626 143
628 143
629 143
630 143
631 143
633 143
634 143
636 143
638 143
639 143
640 143
641 143
642 143
643 143
646 143
647 143
649 143
651 143
652 143
653 143
655 143
656 143
657 143
660 143
662 143
664 143
665 143
667 143
668 143
670 143
671 143
672 143
674 143
675 143
676 143
677 143
680 143
681 143
682 143
684 143
686 143
687 143
688 143
689 143
690 143
691 143
695 143
696 143
697 143
700 143
701 143
702 143
704 143
705 143
706 143
708 143
710 143
711 143
714 143
715 143
716 143
717 143
719 143
720 143
721 143
722 143
723 143
729 143
730 143
734 143
737 143
738 143
739 143
741 143
742 143
744 143
745 143
746 143
748 143
750 143
753 143
755 143
756 143
757 143
758 143
760 143
761 143
762 143
767 143
769 143
770 143
771 143
772 143
774 143
776 143
779 143
782 143
783 143
784 143
788 143
789 143
791 143
792 143
793 143
794 143
795 143
796 143
797 143
798 143
802 143
803 143
804 143
806 143
808 143
810 143
811 143
813 143
816 143
817 143
818 143
819 143
820 143
821 143
825 143
826 143
827 143
828 143
829 143
830 143
833 143
834 143
835 143
836 143
838 143
840 143
841 143
842 143
843 143
846 143
847 143
849 143
852 143
855 143
856 143
857 143
858 143
859 143
860 143
861 143
864 143
865 143
870 143
871 143
874 143
875 143
876 143
877 143
878 143
880 143
881 143
882 143
883 143
884 143
885 143
886 143
887 143
888 143
889 143
890 143
891 143
896 143
898 143
899 143
902 143
903 143
907 143
908 143
909 143
911 143
913 143
917 143
918 143
919 143
920 143
922 143
924 143
925 143
926 143
928 143
929 143
934 143
935 143
938 143
939 143
940 143
941 143
942 143
943 143
944 143
945 143
946 143
949 143
951 143
952 143
954 143
957 143
958 143
961 143
962 143
963 143
965 143
966 143
968 143
969 143
970 143
972 143
973 143
974 143
976 143
977 143
978 143
980 143
982 143
983 143
984 143
985 143
986 143
988 143
993 143
994 143
995 143
997 143
999 143
1000 143
2 144
3 144
9 144
15 144
25 144
31 144
45 144
51 144
56 144
65 144
66 144
73 144
86 144
88 144
98 144
99 144
101 144
128 144
129 144
135 144
142 144
145 144
149 144
156 144
165 144
168 144
176 144
183 144
190 144
195 144
207 144
211 144
213 144
214 144
217 144
219 144
224 144
225 144
229 144
235 144
236 144
238 144
243 144
247 144
254 144
257 144
274 144
280 144
297 144
312 144
323 144
325 144
340 144
346 144
347 144
350 144
376 144
377 144
378 144
382 144
392 144
399 144
412 144
428 144
429 144
431 144
436 144
446 144
447 144
451 144
453 144
462 144
468 144
473 144
474 144
485 144
528 144
534 144
548 144
557 144
559 144
576 144
615 144
616 144
626 144
630 144
634 144
647 144
650 144
651 144
657 144
662 144
674 144
675 144
689 144
690 144
708 144
714 144
754 144
758 144
771 144
783 144
788 144
794 144
800 144
801 144
828 144
834 144
847 144
850 144
851 144
858 144
864 144
870 144
874 144
880 144
881 144
899 144
913 144
936 144
951 144
952 144
954 144
960 144
997 144
2 145
3 145
4 145
5 145
6 145
8 145
9 145
11 145
14 145
15 145
17 145
19 145
20 145
21 145
23 145
25 145
28 145
32 145
37 145
40 145
45 145
47 145
51 145
56 145
58 145
61 145
63 145
65 145
66 145
73 145
75 145
81 145
86 145
87 145
92 145
93 145
96 145
99 145
101 145
110 145
112 145
124 145
133 145
134 145
135 145
136 145
143 145
149 145
152 145
155 145
165 145
167 145
168 145
178 145
179 145
180 145
181 145
183 145
190 145
191 145
194 145
201 145
203 145
207 145
208 145
209 145
214 145
216 145
217 145
222 145
224 145
228 145
229 145
230 145
233 145
234 145
237 145
243 145
244 145
245 145
247 145
251 145
258 145
260 145
262 145
264 145
269 145
276 145
277 145
279 145
280 145
285 145
286 145
287 145
293 145
295 145
297 145
299 145
301 145
302 145
303 145
307 145
311 145
312 145
316 145
317 145
318 145
325 145
326 145
327 145
329 145
330 145
335 145
336 145
340 145
343 145
347 145
348 145
349 145
350 145
352 145
359 145
361 145
364 145
365 145
366 145
367 145
368 145
369 145
375 145
377 145
378 145
381 145
389 145
392 145
393 145
399 145
402 145
403 145
404 145
405 145
407 145
408 145
412 145
414 145
415 145
417 145
420 145
423 145
425 145
428 145
429 145
431 145
432 145
434 145
435 145
436 145
437 145
441 145
443 145
444 145
446 145
447 145
451 145
453 145
454 145
457 145
458 145
460 145
461 145
462 145
463 145
465 145
466 145
468 145
469 145
473 145
474 145
482 145
483 145
484 145
486 145
489 145
490 145
492 145
494 145
495 145
496 145
497 145
498 145
500 145
501 145
502 145
503 145
504 145
505 145
507 145
508 145
509 145
510 145
513 145
517 145
518 145
521 145
522 145
523 145
524 145
526 145
528 145
529 145
530 145
531 145
534 145
536 145
537 145
538 145
539 145
545 145
546 145
548 145
550 145
551 145
552 145
553 145
554 145
555 145
557 145
559 145
561 145
563 145
566 145
568 145
569 145
570 145
571 145
573 145
574 145
575 145
576 145
577 145
578 145
579 145
583 145
587 145
589 145
590 145
593 145
595 145
598 145
601 145
602 145
603 145
604 145
606 145
608 145
610 145
611 145
612 145
613 145
615 145
618 145
621 145
622 145
623 145
625 145
626 145
628 145
629 145
630 145
631 145
633 145
634 145
636 145
638 145
641 145
642 145
643 145
646 145
647 145
649 145
652 145
653 145
655 145
656 145
657 145
662 145
664 145
665 145
667 145
668 145
670 145
671 145
672 145
674 145
675 145
676 145
677 145
679 145
680 145
681 145
682 145
684 145
686 145
687 145
689 145
690 145
691 145
692 145
695 145
696 145
699 145
700 145
701 145
702 145
704 145
705 145
708 145
710 145
711 145
714 145
715 145
716 145
717 145
719 145
720 145
721 145
722 145
723 145
729 145
730 145
734 145
737 145
738 145
741 145
742 145
744 145
745 145
746 145
748 145
750 145
753 145
754 145
755 145
756 145
757 145
758 145
760 145
761 145
762 145
767 145
769 145
770 145
771 145
772 145
774 145
776 145
779 145
781 145
782 145
783 145
784 145
786 145
788 145
789 145
790 145
791 145
792 145
793 145
795 145
796 145
798 145
800 145
806 145
808 145
810 145
811 145
813 145
816 145
817 145
818 145
819 145
820 145
821 145
822 145
823 145
825 145
826 145
827 145
828 145
829 145
830 145
833 145
835 145
836 145
839 145
840 145
841 145
842 145
843 145
846 145
847 145
849 145
851 145
852 145
855 145
856 145
857 145
858 145
859 145
860 145
861 145
864 145
865 145
867 145
870 145
871 145
874 145
875 145
876 145
877 145
878 145
880 145
881 145
882 145
884 145
885 145
886 145
887 145
888 145
889 145
890 145
891 145
899 145
902 145
903 145
907 145
908 145
909 145
911 145
913 145
917 145
918 145
919 145
920 145
921 145
924 145
925 145
926 145
927 145
929 145
932 145
934 145
935 145
938 145
939 145
940 145
941 145
942 145
944 145
946 145
951 145
952 145
954 145
956 145
957 145
958 145
959 145
961 145
962 145
963 145
965 145
966 145
968 145
969 145
970 145
973 145
974 145
976 145
977 145
978 145
980 145
982 145
983 145
984 145
985 145
986 145
993 145
994 145
995 145
997 145
1000 145
3 146
9 146
21 146
28 146
65 146
114 146
124 146
129 146
143 146
145 146
149 146
190 146
207 146
225 146
228 146
245 146
274 146
399 146
473 146
496 146
528 146
557 146
576 146
634 146
670 146
714 146
779 146
803 146
822 146
858 146
903 146
2 147
3 147
9 147
23 147
31 147
42 147
51 147
56 147
63 147
65 147
75 147
86 147
110 147
120 147
121 147
128 147
134 147
136 147
145 147
149 147
151 147
165 147
173 147
176 147
183 147
190 147
194 147
195 147
199 147
203 147
207 147
218 147
219 147
222 147
224 147
225 147
228 147
236 147
241 147
243 147
245 147
247 147
251 147
254 147
287 147
301 147
311 147
312 147
347 147
359 147
364 147
368 147
399 147
412 147
415 147
446 147
457 147
474 147
539 147
563 147
570 147
573 147
604 147
634 147
647 147
650 147
688 147
846 147
997 147
2 148
3 148
5 148
12 148
16 148
18 148
23 148
25 148
38 148
45 148
51 148
53 148
62 148
65 148
77 148
83 148
86 148
87 148
92 148
93 148
106 148
121 148
124 148
125 148
128 148
129 148
130 148
134 148
145 148
147 148
149 148
151 148
152 148
158 148
159 148
165 148
167 148
169 148
173 148
177 148
181 148
183 148
185 148
187 148
190 148
195 148
197 148
201 148
207 148
209 148
211 148
219 148
222 148
230 148
236 148
241 148
243 148
247 148
253 148
264 148
276 148
277 148
307 148
310 148
317 148
319 148
329 148
345 148
368 148
399 148
412 148
427 148
429 148
436 148
443 148
446 148
456 148
463 148
478 148
499 148
513 148
516 148
520 148
526 148
534 148
553 148
555 148
557 148
564 148
570 148
573 148
592 148
602 148
626 148
629 148
644 148
650 148
668 148
671 148
689 148
711 148
768 148
781 148
783 148
800 148
804 148
811 148
858 148
881 148
886 148
893 148
903 148
958 148
961 148
978 148
980 148
997 148
3 149
9 149
40 149
63 149
65 149
75 149
134 149
136 149
143 149
145 149
165 149
167 149
168 149
183 149
190 149
203 149
207 149
208 149
217 149
247 149
312 149
340 149
359 149
446 149
474 149
634 149
3 150
4 150
9 150
16 150
18 150
31 150
63 150
65 150
108 150
112 150
117 150
121 150
133 150
134 150
143 150
146 150
148 150
149 150
151 150
152 150
169 150
190 150
197 150
207 150
209 150
214 150
222 150
228 150
247 150
255 150
260 150
264 150
268 150
286 150
317 150
368 150
370 150
381 150
446 150
447 150
463 150
602 150
655 150
697 150
741 150
964 150
966 150
3 151
4 151
9 151
16 151
56 151
65 151
97 151
125 151
136 151
145 151
147 151
149 151
152 151
159 151
165 151
168 151
184 151
190 151
207 151
228 151
243 151
280 151
285 151
399 151
446 151
453 151
516 151
625 151
711 151
741 151
788 151
961 151
980 151
995 151
2 152
3 152
9 152
17 152
23 152
56 152
62 152
65 152
97 152
134 152
145 152
149 152
151 152
183 152
190 152
207 152
225 152
247 152
251 152
311 152
312 152
325 152
326 152
329 152
341 152
350 152
359 152
399 152
446 152
451 152
462 152
474 152
508 152
534 152
559 152
602 152
604 152
626 152
634 152
689 152
690 152
691 152
705 152
783 152
961 152
997 152
3 153
42 153
63 153
65 153
73 153
86 153
93 153
121 153
145 153
149 153
185 153
190 153
222 153
247 153
251 153
350 153
359 153
399 153
414 153
432 153
446 153
500 153
534 153
602 153
634 153
662 153
858 153
908 153
3 154
5 154
9 154
12 154
13 154
17 154
19 154
53 154
56 154
57 154
59 154
60 154
65 154
66 154
73 154
74 154
124 154
137 154
139 154
144 154
145 154
149 154
153 154
159 154
162 154
190 154
207 154
212 154
243 154
288 154
296 154
311 154
319 154
359 154
442 154
446 154
474 154
602 154
604 154
623 154
680 154
716 154
734 154
768 154
779 154
783 154
810 154
864 154
871 154
903 154
964 154
2 155
3 155
9 155
12 155
25 155
27 155
28 155
30 155
45 155
46 155
48 155
49 155
50 155
52 155
53 155
57 155
58 155
59 155
60 155
62 155
65 155
66 155
71 155
86 155
98 155
99 155
101 155
112 155
114 155
118 155
121 155
129 155
134 155
139 155
141 155
142 155
143 155
145 155
147 155
149 155
165 155
166 155
175 155
176 155
181 155
190 155
191 155
194 155
197 155
206 155
207 155
212 155
216 155
225 155
228 155
229 155
239 155
243 155
245 155
247 155
250 155
251 155
254 155
255 155
260 155
268 155
274 155
285 155
288 155
290 155
291 155
296 155
298 155
299 155
301 155
303 155
312 155
315 155
323 155
328 155
329 155
331 155
333 155
350 155
358 155
367 155
369 155
377 155
378 155
399 155
412 155
429 155
431 155
436 155
442 155
447 155
453 155
456 155
462 155
463 155
468 155
472 155
473 155
476 155
496 155
516 155
518 155
526 155
528 155
534 155
539 155
553 155
554 155
557 155
566 155
571 155
576 155
591 155
602 155
604 155
616 155
626 155
630 155
634 155
639 155
640 155
646 155
651 155
655 155
656 155
657 155
670 155
675 155
689 155
701 155
706 155
716 155
725 155
732 155
733 155
742 155
758 155
761 155
762 155
783 155
788 155
794 155
800 155
803 155
804 155
809 155
825 155
828 155
834 155
838 155
849 155
853 155
858 155
875 155
880 155
883 155
913 155
922 155
926 155
937 155
941 155
946 155
951 155
952 155
963 155
964 155
966 155
972 155
978 155
989 155
997 155
999 155
3 156
9 156
23 156
149 156
190 156
195 156
247 156
446 156
602 156
2 157
5 157
9 157
18 157
51 157
59 157
62 157
63 157
65 157
86 157
118 157
134 157
143 157
145 157
147 157
149 157
165 157
190 157
207 157
225 157
228 157
243 157
245 157
247 157
254 157
255 157
287 157
329 157
359 157
399 157
412 157
435 157
446 157
462 157
539 157
557 157
570 157
573 157
602 157
606 157
626 157
634 157
783 157
794 157
886 157
952 157
978 157
997 157
3 158
9 158
17 158
25 158
51 158
65 158
66 158
110 158
129 158
145 158
149 158
158 158
165 158
190 158
199 158
207 158
224 158
225 158
239 158
260 158
269 158
280 158
283 158
297 158
307 158
312 158
359 158
369 158
377 158
378 158
417 158
431 158
453 158
468 158
472 158
473 158
483 158
534 158
539 158
540 158
550 158
602 158
616 158
617 158
630 158
646 158
655 158
716 158
794 158
828 158
880 158
976 158
997 158
2 159
3 159
5 159
6 159
9 159
15 159
19 159
25 159
28 159
42 159
51 159
53 159
56 159
57 159
63 159
64 159
65 159
66 159
71 159
73 159
74 159
75 159
80 159
86 159
114 159
118 159
120 159
121 159
124 159
128 159
129 159
132 159
134 159
142 159
145 159
147 159
148 159
149 159
154 159
158 159
165 159
174 159
176 159
177 159
183 159
190 159
194 159
195 159
199 159
201 159
207 159
209 159
219 159
222 159
224 159
225 159
228 159
233 159
234 159
238 159
239 159
241 159
243 159
245 159
247 159
249 159
262 159
269 159
277 159
279 159
283 159
285 159
287 159
296 159
297 159
301 159
311 159
312 159
317 159
323 159
324 159
327 159
368 159
390 159
392 159
399 159
412 159
417 159
427 159
429 159
435 159
446 159
451 159
453 159
456 159
457 159
460 159
473 159
474 159
476 159
496 159
497 159
505 159
524 159
539 159
579 159
599 159
602 159
604 159
626 159
629 159
634 159
646 159
673 159
679 159
688 159
689 159
710 159
716 159
783 159
787 159
794 159
828 159
871 159
880 159
952 159
959 159
970 159
978 159
993 159
997 159
2 160
3 160
4 160
5 160
8 160
9 160
12 160
17 160
18 160
23 160
25 160
27 160
28 160
30 160
42 160
47 160
49 160
51 160
54 160
56 160
57 160
58 160
59 160
60 160
63 160
65 160
66 160
68 160
71 160
75 160
81 160
86 160
88 160
96 160
99 160
101 160
106 160
108 160
110 160
114 160
120 160
121 160
123 160
124 160
128 160
129 160
132 160
133 160
134 160
135 160
138 160
139 160
143 160
145 160
146 160
149 160
150 160
152 160
156 160
158 160
163 160
165 160
166 160
167 160
168 160
169 160
175 160
176 160
177 160
182 160
183 160
187 160
189 160
190 160
193 160
194 160
195 160
197 160
199 160
204 160
206 160
207 160
217 160
219 160
220 160
222 160
224 160
225 160
229 160
239 160
243 160
247 160
252 160
253 160
254 160
255 160
260 160
264 160
267 160
269 160
274 160
276 160
277 160
280 160
285 160
287 160
288 160
289 160
290 160
291 160
296 160
297 160
301 160
302 160
303 160
305 160
306 160
311 160
312 160
313 160
324 160
331 160
334 160
341 160
342 160
343 160
347 160
357 160
358 160
359 160
366 160
367 160
369 160
377 160
380 160
384 160
387 160
389 160
393 160
399 160
402 160
403 160
408 160
412 160
413 160
414 160
415 160
417 160
420 160
423 160
425 160
427 160
428 160
429 160
431 160
434 160
435 160
436 160
437 160
441 160
444 160
446 160
447 160
453 160
454 160
456 160
457 160
458 160
460 160
463 160
465 160
471 160
479 160
485 160
496 160
499 160
508 160
513 160
514 160
516 160
518 160
521 160
526 160
528 160
529 160
531 160
534 160
539 160
544 160
546 160
549 160
550 160
553 160
559 160
563 160
566 160
576 160
585 160
602 160
604 160
607 160
616 160
625 160
629 160
630 160
631 160
634 160
646 160
647 160
653 160
656 160
671 160
673 160
674 160
679 160
680 160
681 160
682 160
683 160
689 160
690 160
694 160
701 160
702 160
704 160
711 160
714 160
716 160
722 160
734 160
735 160
738 160
745 160
746 160
750 160
753 160
754 160
758 160
761 160
767 160
768 160
771 160
775 160
776 160
781 160
782 160
783 160
784 160
788 160
790 160
791 160
794 160
800 160
803 160
804 160
805 160
809 160
810 160
811 160
828 160
834 160
838 160
843 160
847 160
849 160
853 160
858 160
862 160
868 160
871 160
872 160
880 160
882 160
883 160
885 160
892 160
895 160
897 160
903 160
922 160
926 160
936 160
943 160
947 160
951 160
952 160
954 160
955 160
957 160
961 160
964 160
966 160
970 160
978 160
980 160
985 160
991 160
997 160
999 160
3 161
4 161
9 161
17 161
31 161
40 161
43 161
51 161
56 161
60 161
62 161
63 161
65 161
73 161
75 161
86 161
121 161
130 161
134 161
143 161
145 161
149 161
165 161
166 161
173 161
175 161
176 161
183 161
190 161
195 161
197 161
207 161
219 161
222 161
224 161
228 161
241 161
243 161
244 161
245 161
247 161
249 161
255 161
264 161
276 161
279 161
297 161
301 161
307 161
329 161
340 161
349 161
359 161
399 161
446 161
462 161
496 161
513 161
606 161
634 161
2 162
3 162
6 162
9 162
17 162
20 162
23 162
25 162
28 162
32 162
40 162
42 162
45 162
51 162
56 162
63 162
65 162
73 162
75 162
86 162
99 162
118 162
121 162
124 162
125 162
128 162
130 162
132 162
133 162
134 162
145 162
148 162
149 162
152 162
165 162
190 162
199 162
201 162
207 162
214 162
217 162
222 162
224 162
225 162
228 162
229 162
236 162
238 162
243 162
244 162
245 162
247 162
262 162
265 162
267 162
269 162
277 162
279 162
280 162
287 162
290 162
297 162
301 162
302 162
311 162
312 162
317 162
325 162
327 162
336 162
340 162
347 162
359 162
377 162
378 162
383 162
384 162
392 162
399 162
405 162
412 162
417 162
432 162
436 162
446 162
447 162
451 162
453 162
457 162
458 162
460 162
461 162
462 162
463 162
465 162
469 162
474 162
482 162
483 162
486 162
490 162
492 162
494 162
495 162
496 162
497 162
498 162
500 162
504 162
505 162
508 162
509 162
510 162
513 162
517 162
521 162
522 162
523 162
524 162
526 162
528 162
529 162
530 162
531 162
534 162
537 162
538 162
539 162
545 162
546 162
548 162
550 162
551 162
553 162
554 162
555 162
557 162
561 162
563 162
566 162
568 162
569 162
570 162
571 162
573 162
574 162
577 162
579 162
583 162
587 162
589 162
602 162
604 162
616 162
625 162
626 162
630 162
631 162
634 162
639 162
647 162
655 162
691 162
716 162
783 162
794 162
828 162
830 162
834 162
847 162
858 162
859 162
862 162
880 162
946 162
952 162
954 162
956 162
961 162
997 162
999 162
65 163
149 163
153 163
176 163
190 163
236 163
2 164
3 164
9 164
17 164
18 164
44 164
46 164
50 164
53 164
65 164
68 164
73 164
92 164
115 164
133 164
134 164
144 164
145 164
149 164
152 164
173 164
181 164
183 164
185 164
190 164
191 164
194 164
209 164
224 164
247 164
253 164
257 164
296 164
301 164
303 164
312 164
315 164
317 164
324 164
325 164
341 164
369 164
377 164
378 164
425 164
442 164
447 164
457 164
473 164
496 164
517 164
518 164
528 164
534 164
539 164
570 164
571 164
576 164
583 164
602 164
604 164
611 164
617 164
625 164
626 164
634 164
646 164
647 164
651 164
681 164
771 164
788 164
792 164
810 164
830 164
834 164
875 164
880 164
886 164
895 164
896 164
917 164
918 164
946 164
951 164
964 164
970 164
2 165
3 165
4 165
5 165
7 165
8 165
9 165
11 165
17 165
19 165
20 165
23 165
25 165
28 165
31 165
32 165
37 165
39 165
40 165
42 165
45 165
50 165
51 165
53 165
56 165
61 165
62 165
63 165
65 165
66 165
73 165
75 165
86 165
96 165
110 165
112 165
121 165
124 165
129 165
133 165
134 165
135 165
136 165
143 165
144 165
145 165
149 165
152 165
158 165
162 165
173 165
176 165
177 165
181 165
183 165
190 165
191 165
194 165
196 165
197 165
207 165
209 165
219 165
222 165
224 165
225 165
228 165
229 165
230 165
234 165
236 165
239 165
241 165
243 165
244 165
245 165
247 165
251 165
254 165
258 165
261 165
262 165
264 165
265 165
267 165
269 165
274 165
276 165
279 165
280 165
283 165
285 165
286 165
297 165
299 165
301 165
302 165
303 165
309 165
311 165
312 165
313 165
315 165
317 165
323 165
325 165
326 165
327 165
329 165
330 165
336 165
340 165
347 165
349 165
352 165
358 165
359 165
365 165
366 165
369 165
372 165
377 165
382 165
387 165
390 165
393 165
396 165
399 165
402 165
403 165
405 165
408 165
412 165
414 165
415 165
420 165
423 165
425 165
428 165
429 165
431 165
434 165
435 165
436 165
437 165
441 165
442 165
443 165
444 165
446 165
447 165
451 165
453 165
454 165
456 165
457 165
458 165
460 165
461 165
462 165
463 165
465 165
466 165
468 165
469 165
473 165
474 165
482 165
483 165
485 165
486 165
489 165
490 165
492 165
494 165
495 165
496 165
497 165
498 165
500 165
501 165
503 165
504 165
505 165
507 165
508 165
509 165
510 165
513 165
516 165
517 165
522 165
523 165
524 165
526 165
528 165
530 165
531 165
534 165
536 165
537 165
538 165
539 165
545 165
546 165
548 165
549 165
550 165
551 165
553 165
554 165
555 165
557 165
558 165
561 165
563 165
566 165
568 165
569 165
570 165
571 165
573 165
574 165
576 165
577 165
578 165
579 165
583 165
587 165
589 165
590 165
593 165
595 165
601 165
602 165
603 165
604 165
605 165
606 165
608 165
610 165
612 165
613 165
616 165
618 165
619 165
621 165
622 165
623 165
625 165
626 165
628 165
629 165
631 165
633 165
634 165
636 165
638 165
639 165
641 165
643 165
645 165
646 165
647 165
649 165
650 165
652 165
653 165
655 165
656 165
657 165
660 165
662 165
664 165
665 165
667 165
668 165
670 165
672 165
674 165
675 165
676 165
681 165
682 165
684 165
686 165
687 165
689 165
690 165
691 165
692 165
695 165
696 165
699 165
700 165
701 165
704 165
705 165
708 165
710 165
711 165
714 165
715 165
716 165
717 165
719 165
720 165
721 165
722 165
723 165
729 165
730 165
732 165
734 165
737 165
738 165
739 165
741 165
742 165
744 165
745 165
746 165
748 165
750 165
753 165
754 165
755 165
756 165
757 165
758 165
760 165
761 165
762 165
767 165
768 165
769 165
771 165
772 165
773 165
774 165
776 165
779 165
782 165
783 165
784 165
789 165
790 165
791 165
792 165
793 165
794 165
795 165
796 165
797 165
798 165
800 165
805 165
806 165
808 165
810 165
811 165
813 165
816 165
817 165
818 165
819 165
820 165
821 165
825 165
826 165
829 165
830 165
833 165
834 165
835 165
836 165
840 165
841 165
842 165
843 165
846 165
847 165
851 165
852 165
853 165
855 165
856 165
857 165
858 165
859 165
860 165
861 165
864 165
865 165
868 165
870 165
871 165
874 165
875 165
876 165
877 165
878 165
880 165
881 165
882 165
884 165
887 165
888 165
889 165
890 165
891 165
899 165
902 165
903 165
907 165
908 165
909 165
911 165
913 165
917 165
918 165
919 165
920 165
924 165
925 165
926 165
929 165
934 165
935 165
938 165
939 165
940 165
942 165
944 165
946 165
951 165
952 165
954 165
957 165
958 165
962 165
963 165
965 165
966 165
968 165
969 165
970 165
973 165
977 165
978 165
980 165
982 165
983 165
985 165
986 165
988 165
993 165
994 165
995 165
997 165
1000 165
2 166
3 166
4 166
5 166
8 166
16 166
17 166
18 166
24 166
25 166
26 166
27 166
31 166
42 166
45 166
47 166
48 166
53 166
54 166
56 166
60 166
62 166
64 166
65 166
71 166
77 166
83 166
86 166
92 166
96 166
99 166
101 166
106 166
110 166
112 166
119 166
121 166
124 166
129 166
143 166
145 166
147 166
149 166
152 166
155 166
160 166
165 166
172 166
175 166
176 166
180 166
183 166
184 166
187 166
189 166
190 166
191 166
194 166
197 166
201 166
207 166
214 166
222 166
224 166
225 166
229 166
233 166
241 166
245 166
247 166
250 166
252 166
258 166
260 166
264 166
267 166
268 166
269 166
276 166
277 166
285 166
287 166
290 166
291 166
294 166
296 166
297 166
301 166
311 166
312 166
326 166
329 166
335 166
347 166
359 166
393 166
399 166
402 166
403 166
405 166
408 166
414 166
415 166
420 166
423 166
425 166
428 166
429 166
434 166
435 166
436 166
441 166
442 166
444 166
446 166
447 166
453 166
454 166
456 166
457 166
462 166
463 166
472 166
474 166
483 166
487 166
496 166
506 166
513 166
518 166
534 166
553 166
557 166
563 166
566 166
573 166
576 166
602 166
626 166
634 166
656 166
670 166
674 166
689 166
691 166
701 166
734 166
742 166
751 166
767 166
781 166
782 166
783 166
785 166
788 166
803 166
810 166
834 166
843 166
847 166
849 166
880 166
885 166
886 166
897 166
907 166
913 166
952 166
959 166
960 166
978 166
985 166
997 166
2 167
3 167
4 167
5 167
9 167
12 167
14 167
16 167
17 167
18 167
23 167
25 167
31 167
45 167
51 167
56 167
58 167
63 167
64 167
65 167
73 167
75 167
86 167
93 167
99 167
101 167
105 167
110 167
120 167
121 167
124 167
128 167
145 167
149 167
158 167
165 167
176 167
177 167
179 167
180 167
183 167
190 167
195 167
199 167
203 167
207 167
213 167
217 167
219 167
222 167
224 167
225 167
228 167
229 167
234 167
239 167
243 167
245 167
247 167
264 167
280 167
287 167
294 167
297 167
301 167
303 167
308 167
311 167
312 167
316 167
325 167
327 167
340 167
343 167
347 167
350 167
359 167
369 167
373 167
412 167
446 167
447 167
456 167
457 167
460 167
474 167
517 167
534 167
539 167
548 167
553 167
555 167
557 167
563 167
566 167
570 167
573 167
577 167
602 167
604 167
606 167
616 167
623 167
625 167
626 167
628 167
634 167
646 167
650 167
652 167
655 167
656 167
679 167
682 167
689 167
716 167
734 167
768 167
783 167
816 167
833 167
858 167
886 167
946 167
961 167
974 167
997 167
3 168
4 168
9 168
12 168
16 168
18 168
24 168
25 168
45 168
51 168
52 168
53 168
54 168
57 168
58 168
59 168
65 168
73 168
83 168
86 168
98 168
99 168
101 168
112 168
124 168
125 168
128 168
129 168
133 168
135 168
144 168
145 168
149 168
151 168
169 168
170 168
176 168
183 168
184 168
185 168
189 168
190 168
191 168
194 168
195 168
207 168
212 168
214 168
219 168
235 168
236 168
245 168
247 168
253 168
254 168
268 168
274 168
280 168
285 168
294 168
296 168
303 168
306 168
307 168
312 168
315 168
323 168
324 168
325 168
336 168
342 168
346 168
350 168
358 168
369 168
377 168
378 168
379 168
380 168
399 168
427 168
437 168
442 168
446 168
453 168
456 168
462 168
463 168
472 168
473 168
516 168
528 168
534 168
539 168
557 168
559 168
571 168
576 168
591 168
602 168
604 168
616 168
626 168
646 168
647 168
679 168
680 168
711 168
732 168
734 168
738 168
741 168
767 168
781 168
783 168
804 168
828 168
834 168
874 168
875 168
880 168
886 168
946 168
964 168
966 168
970 168
978 168
980 168
987 168
989 168
997 168
999 168
2 169
3 169
4 169
5 169
6 169
8 169
9 169
12 169
13 169
15 169
16 169
17 169
18 169
19 169
20 169
21 169
23 169
24 169
25 169
28 169
30 169
34 169
35 169
38 169
39 169
42 169
43 169
45 169
47 169
48 169
49 169
50 169
51 169
52 169
53 169
54 169
56 169
57 169
58 169
59 169
61 169
62 169
64 169
65 169
66 169
71 169
73 169
74 169
75 169
77 169
78 169
83 169
86 169
88 169
89 169
91 169
92 169
93 169
94 169
96 169
98 169
99 169
101 169
105 169
106 169
107 169
110 169
111 169
112 169
114 169
115 169
117 169
119 169
120 169
121 169
123 169
124 169
125 169
128 169
129 169
132 169
133 169
134 169
135 169
138 169
139 169
142 169
143 169
145 169
146 169
147 169
148 169
149 169
151 169
152 169
153 169
155 169
158 169
159 169
160 169
162 169
165 169
166 169
168 169
170 169
173 169
176 169
177 169
180 169
181 169
182 169
183 169
184 169
185 169
189 169
190 169
191 169
192 169
193 169
194 169
195 169
197 169
198 169
199 169
201 169
204 169
206 169
207 169
208 169
209 169
212 169
214 169
215 169
216 169
219 169
224 169
225 169
227 169
228 169
229 169
233 169
234 169
236 169
238 169
239 169
241 169
243 169
244 169
245 169
246 169
247 169
252 169
253 169
254 169
257 169
258 169
262 169
264 169
265 169
268 169
271 169
274 169
276 169
277 169
279 169
280 169
282 169
283 169
285 169
286 169
288 169
289 169
290 169
291 169
292 169
294 169
296 169
297 169
299 169
301 169
303 169
306 169
307 169
308 169
309 169
311 169
312 169
315 169
316 169
317 169
324 169
325 169
331 169
333 169
334 169
336 169
339 169
341 169
342 169
345 169
346 169
347 169
350 169
351 169
357 169
358 169
359 169
366 169
367 169
368 169
369 169
375 169
377 169
378 169
379 169
380 169
381 169
382 169
383 169
389 169
399 169
402 169
403 169
405 169
412 169
414 169
417 169
425 169
426 169
427 169
429 169
431 169
435 169
436 169
437 169
439 169
442 169
443 169
444 169
446 169
451 169
453 169
456 169
463 169
465 169
466 169
468 169
469 169
472 169
474 169
476 169
478 169
482 169
496 169
497 169
499 169
502 169
503 169
504 169
505 169
507 169
508 169
513 169
516 169
518 169
520 169
521 169
526 169
528 169
531 169
534 169
536 169
539 169
540 169
546 169
551 169
553 169
555 169
557 169
559 169
561 169
563 169
566 169
568 169
571 169
573 169
576 169
577 169
581 169
583 169
590 169
591 169
592 169
602 169
604 169
611 169
615 169
616 169
617 169
618 169
621 169
622 169
623 169
625 169
626 169
628 169
629 169
630 169
631 169
633 169
634 169
636 169
638 169
640 169
642 169
643 169
646 169
647 169
651 169
653 169
655 169
656 169
660 169
662 169
671 169
673 169
674 169
676 169
677 169
679 169
680 169
681 169
682 169
689 169
692 169
695 169
697 169
699 169
702 169
704 169
706 169
710 169
711 169
714 169
716 169
718 169
725 169
729 169
732 169
733 169
734 169
737 169
738 169
741 169
742 169
746 169
749 169
754 169
758 169
761 169
762 169
767 169
768 169
771 169
774 169
779 169
781 169
782 169
783 169
784 169
786 169
787 169
788 169
790 169
791 169
792 169
793 169
794 169
799 169
802 169
804 169
810 169
825 169
827 169
828 169
830 169
833 169
834 169
847 169
848 169
849 169
851 169
852 169
853 169
857 169
858 169
859 169
861 169
864 169
871 169
872 169
880 169
885 169
886 169
887 169
889 169
895 169
896 169
898 169
899 169
902 169
907 169
910 169
913 169
917 169
919 169
922 169
932 169
933 169
935 169
940 169
941 169
942 169
943 169
946 169
951 169
952 169
954 169
955 169
958 169
959 169
963 169
964 169
966 169
970 169
972 169
977 169
978 169
980 169
986 169
987 169
988 169
989 169
990 169
995 169
997 169
999 169
1000 169
3 170
9 170
53 170
63 170
65 170
124 170
149 170
165 170
168 170
173 170
190 170
207 170
225 170
243 170
245 170
247 170
271 170
446 170
457 170
626 170
634 170
3 171
9 171
54 171
60 171
65 171
83 171
88 171
106 171
135 171
149 171
176 171
185 171
190 171
212 171
247 171
254 171
268 171
311 171
462 171
513 171
534 171
602 171
631 171
651 171
653 171
718 171
871 171
3 172
4 172
7 172
8 172
9 172
12 172
16 172
17 172
24 172
25 172
31 172
43 172
45 172
46 172
49 172
50 172
51 172
56 172
59 172
65 172
73 172
75 172
86 172
88 172
96 172
98 172
99 172
110 172
121 172
125 172
129 172
130 172
134 172
137 172
143 172
145 172
148 172
149 172
155 172
166 172
167 172
173 172
176 172
177 172
181 172
187 172
190 172
196 172
197 172
206 172
207 172
217 172
224 172
225 172
228 172
245 172
247 172
258 172
276 172
285 172
290 172
294 172
297 172
301 172
312 172
317 172
342 172
345 172
350 172
359 172
368 172
370 172
399 172
432 172
442 172
446 172
463 172
474 172
499 172
523 172
534 172
555 172
566 172
571 172
602 172
626 172
630 172
634 172
653 172
655 172
668 172
682 172
689 172
704 172
734 172
741 172
785 172
787 172
794 172
804 172
805 172
834 172
856 172
858 172
875 172
903 172
952 172
970 172
978 172
980 172
995 172
997 172
2 173
3 173
18 173
28 173
38 173
43 173
51 173
53 173
65 173
73 173
75 173
93 173
130 173
145 173
148 173
149 173
176 173
190 173
209 173
229 173
247 173
257 173
285 173
290 173
307 173
329 173
345 173
399 173
446 173
474 173
576 173
577 173
602 173
626 173
634 173
652 173
689 173
690 173
691 173
708 173
744 173
783 173
886 173
945 173
960 173
989 173
3 174
6 174
18 174
23 174
31 174
43 174
63 174
65 174
75 174
77 174
93 174
98 174
111 174
135 174
145 174
149 174
154 174
159 174
165 174
173 174
176 174
185 174
190 174
195 174
209 174
217 174
228 174
243 174
247 174
254 174
307 174
311 174
358 174
364 174
366 174
372 174
412 174
442 174
446 174
474 174
499 174
553 174
626 174
634 174
652 174
718 174
774 174
886 174
3 175
9 175
25 175
31 175
38 175
43 175
65 175
73 175
77 175
93 175
98 175
121 175
125 175
130 175
139 175
143 175
145 175
148 175
149 175
176 175
190 175
207 175
245 175
253 175
268 175
335 175
463 175
516 175
534 175
576 175
602 175
634 175
646 175
691 175
711 175
849 175
875 175
908 175
997 175
2 176
3 176
9 176
17 176
18 176
23 176
25 176
27 176
31 176
42 176
51 176
53 176
58 176
62 176
63 176
65 176
73 176
74 176
75 176
86 176
106 176
110 176
118 176
121 176
128 176
129 176
133 176
136 176
143 176
145 176
149 176
152 176
155 176
165 176
167 176
168 176
183 176
190 176
195 176
201 176
203 176
207 176
217 176
219 176
222 176
225 176
228 176
241 176
243 176
245 176
247 176
251 176
254 176
255 176
264 176
271 176
277 176
285 176
287 176
297 176
301 176
306 176
311 176
312 176
315 176
325 176
327 176
329 176
331 176
333 176
334 176
335 176
336 176
342 176
343 176
347 176
352 176
358 176
359 176
369 176
377 176
392 176
399 176
412 176
414 176
431 176
442 176
446 176
447 176
462 176
463 176
466 176
468 176
473 176
474 176
488 176
496 176
534 176
539 176
557 176
576 176
604 176
626 176
634 176
640 176
651 176
652 176
689 176
701 176
746 176
751 176
776 176
783 176
787 176
788 176
799 176
816 176
847 176
849 176
874 176
883 176
886 176
933 176
963 176
974 176
997 176
2 177
3 177
9 177
12 177
17 177
22 177
23 177
31 177
40 177
43 177
45 177
51 177
60 177
62 177
63 177
65 177
75 177
86 177
93 177
120 177
121 177
129 177
134 177
143 177
145 177
149 177
165 177
167 177
168 177
176 177
183 177
185 177
190 177
194 177
207 177
208 177
216 177
217 177
222 177
225 177
228 177
237 177
241 177
243 177
244 177
245 177
247 177
251 177
255 177
265 177
274 177
276 177
277 177
279 177
280 177
290 177
296 177
297 177
301 177
303 177
307 177
311 177
312 177
313 177
315 177
316 177
317 177
327 177
329 177
335 177
336 177
340 177
343 177
345 177
347 177
348 177
349 177
350 177
352 177
358 177
359 177
366 177
367 177
369 177
372 177
377 177
381 177
393 177
399 177
407 177
409 177
412 177
427 177
429 177
431 177
432 177
435 177
436 177
446 177
447 177
453 177
456 177
457 177
459 177
462 177
463 177
469 177
474 177
484 177
496 177
497 177
501 177
504 177
516 177
528 177
534 177
557 177
559 177
568 177
577 177
602 177
605 177
606 177
616 177
625 177
626 177
627 177
630 177
634 177
635 177
636 177
639 177
640 177
646 177
651 177
656 177
664 177
675 177
686 177
689 177
691 177
701 177
706 177
710 177
732 177
741 177
761 177
768 177
783 177
794 177
803 177
816 177
828 177
838 177
847 177
850 177
856 177
880 177
922 177
955 177
966 177
997 177
17 178
65 178
66 178
73 178
101 178
145 178
149 178
173 178
190 178
207 178
245 178
283 178
473 178
576 178
602 178
626 178
797 178
16 179
23 179
43 179
65 179
93 179
101 179
121 179
145 179
149 179
167 179
176 179
190 179
207 179
217 179
399 179
576 179
595 179
634 179
858 179
2 180
3 180
8 180
9 180
12 180
13 180
17 180
25 180
45 180
51 180
65 180
88 180
96 180
99 180
124 180
145 180
149 180
167 180
190 180
207 180
247 180
297 180
301 180
303 180
312 180
399 180
403 180
436 180
447 180
474 180
534 180
557 180
566 180
602 180
604 180
634 180
674 180
734 180
875 180
880 180
952 180
970 180
997 180
2 181
3 181
25 181
46 181
48 181
50 181
51 181
56 181
57 181
65 181
73 181
134 181
149 181
190 181
213 181
224 181
225 181
251 181
274 181
283 181
297 181
312 181
323 181
325 181
347 181
359 181
380 181
399 181
427 181
431 181
456 181
473 181
474 181
513 181
516 181
534 181
539 181
571 181
576 181
583 181
590 181
593 181
604 181
618 181
626 181
638 181
655 181
670 181
769 181
804 181
816 181
834 181
885 181
895 181
896 181
910 181
917 181
926 181
928 181
929 181
935 181
937 181
941 181
999 181
3 182
38 182
138 182
149 182
158 182
176 182
190 182
207 182
225 182
254 182
260 182
311 182
341 182
442 182
2 183
3 183
9 183
30 183
31 183
42 183
43 183
44 183
48 183
50 183
51 183
63 183
65 183
66 183
73 183
75 183
86 183
121 183
128 183
134 183
136 183
145 183
149 183
152 183
165 183
167 183
168 183
176 183
190 183
207 183
224 183
228 183
229 183
243 183
245 183
247 183
251 183
255 183
274 183
287 183
293 183
297 183
311 183
312 183
315 183
325 183
329 183
347 183
358 183
359 183
399 183
417 183
431 183
437 183
446 183
447 183
457 183
474 183
496 183
528 183
532 183
533 183
534 183
539 183
557 183
602 183
604 183
634 183
675 183
681 183
783 183
802 183
828 183
858 183
875 183
909 183
3 184
12 184
27 184
45 184
54 184
60 184
71 184
73 184
99 184
101 184
145 184
149 184
151 184
165 184
168 184
190 184
323 184
358 184
473 184
534 184
576 184
668 184
688 184
771 184
6 185
43 185
73 185
77 185
121 185
148 185
149 185
153 185
168 185
190 185
212 185
254 185
534 185
626 185
634 185
718 185
786 185
375 186
3 187
9 187
18 187
25 187
43 187
53 187
62 187
63 187
65 187
86 187
92 187
121 187
124 187
133 187
143 187
145 187
148 187
149 187
190 187
191 187
197 187
204 187
207 187
225 187
228 187
243 187
245 187
247 187
251 187
296 187
303 187
310 187
311 187
312 187
399 187
422 187
436 187
446 187
447 187
462 187
591 187
602 187
616 187
634 187
647 187
651 187
655 187
681 187
744 187
794 187
841 187
849 187
875 187
886 187
952 187
980 187
989 187
2 188
3 188
4 188
6 188
9 188
17 188
18 188
23 188
25 188
38 188
39 188
42 188
43 188
51 188
62 188
63 188
65 188
73 188
74 188
75 188
77 188
86 188
92 188
93 188
101 188
105 188
112 188
118 188
128 188
130 188
145 188
149 188
152 188
153 188
165 188
167 188
175 188
176 188
183 188
185 188
190 188
194 188
195 188
207 188
209 188
213 188
222 188
224 188
225 188
228 188
229 188
233 188
241 188
243 188
244 188
245 188
247 188
249 188
254 188
257 188
264 188
268 188
271 188
276 188
279 188
280 188
285 188
287 188
288 188
295 188
297 188
307 188
311 188
312 188
324 188
327 188
329 188
331 188
340 188
347 188
359 188
360 188
364 188
367 188
368 188
375 188
378 188
392 188
399 188
408 188
412 188
415 188
435 188
436 188
442 188
446 188
458 188
460 188
463 188
469 188
470 188
474 188
483 188
520 188
534 188
539 188
543 188
553 188
563 188
568 188
575 188
591 188
602 188
604 188
626 188
628 188
633 188
634 188
641 188
650 188
655 188
662 188
676 188
689 188
716 188
768 188
771 188
783 188
799 188
847 188
852 188
886 188
952 188
978 188
997 188
3 189
9 189
12 189
16 189
28 189
30 189
52 189
54 189
56 189
58 189
59 189
60 189
65 189
66 189
71 189
75 189
80 189
86 189
98 189
101 189
112 189
114 189
124 189
129 189
139 189
142 189
144 189
149 189
190 189
191 189
194 189
206 189
214 189
216 189
220 189
229 189
239 189
246 189
288 189
290 189
291 189
295 189
296 189
299 189
303 189
312 189
317 189
323 189
347 189
366 189
369 189
373 189
377 189
378 189
379 189
412 189
414 189
426 189
429 189
431 189
451 189
453 189
472 189
473 189
516 189
518 189
521 189
528 189
533 189
534 189
539 189
557 189
571 189
576 189
602 189
604 189
616 189
625 189
626 189
629 189
630 189
639 189
640 189
646 189
651 189
656 189
679 189
701 189
710 189
714 189
716 189
725 189
734 189
754 189
762 189
782 189
828 189
833 189
843 189
859 189
870 189
880 189
896 189
899 189
922 189
976 189
2 190
3 190
9 190
14 190
31 190
38 190
40 190
50 190
51 190
53 190
63 190
65 190
66 190
73 190
86 190
110 190
121 190
124 190
128 190
134 190
136 190
143 190
145 190
149 190
153 190
154 190
165 190
167 190
168 190
173 190
176 190
183 190
187 190
194 190
195 190
197 190
203 190
207 190
208 190
209 190
212 190
219 190
222 190
237 190
241 190
243 190
245 190
247 190
251 190
276 190
280 190
285 190
291 190
297 190
307 190
312 190
345 190
359 190
406 190
431 190
446 190
456 190
474 190
528 190
576 190
604 190
626 190
634 190
653 190
655 190
681 190
691 190
783 190
858 190
978 190
2 191
3 191
5 191
8 191
9 191
12 191
16 191
17 191
21 191
24 191
25 191
30 191
40 191
45 191
52 191
56 191
58 191
59 191
63 191
65 191
66 191
73 191
75 191
86 191
92 191
99 191
110 191
121 191
127 191
129 191
133 191
136 191
142 191
143 191
145 191
146 191
149 191
152 191
155 191
165 191
168 191
169 191
186 191
189 191
190 191
193 191
194 191
198 191
199 191
207 191
214 191
215 191
216 191
217 191
222 191
224 191
225 191
228 191
229 191
231 191
239 191
243 191
244 191
245 191
247 191
251 191
260 191
274 191
276 191
279 191
280 191
284 191
289 191
291 191
294 191
296 191
297 191
299 191
302 191
303 191
311 191
312 191
315 191
317 191
322 191
325 191
326 191
327 191
341 191
347 191
350 191
358 191
359 191
369 191
377 191
378 191
384 191
395 191
399 191
402 191
408 191
409 191
412 191
413 191
425 191
429 191
430 191
431 191
436 191
442 191
446 191
449 191
451 191
456 191
457 191
459 191
463 191
468 191
469 191
473 191
474 191
476 191
479 191
488 191
508 191
511 191
514 191
516 191
518 191
521 191
526 191
528 191
533 191
534 191
539 191
544 191
547 191
550 191
556 191
557 191
559 191
563 191
571 191
576 191
577 191
581 191
582 191
602 191
604 191
609 191
611 191
616 191
617 191
625 191
626 191
629 191
630 191
631 191
634 191
639 191
643 191
645 191
646 191
647 191
651 191
656 191
658 191
660 191
674 191
678 191
679 191
680 191
691 191
694 191
701 191
706 191
716 191
729 191
734 191
735 191
738 191
754 191
762 191
768 191
771 191
775 191
783 191
804 191
827 191
828 191
831 191
833 191
834 191
838 191
843 191
849 191
856 191
862 191
868 191
880 191
883 191
885 191
896 191
918 191
922 191
936 191
941 191
943 191
946 191
947 191
951 191
952 191
957 191
966 191
970 191
976 191
978 191
980 191
983 191
997 191
999 191
1000 191
3 192
193 192
296 192
2 193
3 193
4 193
9 193
12 193
17 193
25 193
30 193
47 193
48 193
51 193
54 193
56 193
65 193
66 193
68 193
71 193
73 193
75 193
83 193
88 193
99 193
108 193
110 193
114 193
121 193
129 193
133 193
134 193
139 193
142 193
145 193
149 193
160 193
164 193
165 193
168 193
169 193
177 193
189 193
190 193
192 193
194 193
199 193
206 193
214 193
224 193
247 193
251 193
260 193
262 193
274 193
279 193
280 193
285 193
296 193
297 193
299 193
301 193
303 193
306 193
311 193
312 193
315 193
324 193
325 193
347 193
350 193
359 193
366 193
368 193
373 193
377 193
378 193
379 193
399 193
409 193
412 193
417 193
429 193
431 193
435 193
436 193
442 193
443 193
451 193
453 193
463 193
472 193
473 193
483 193
508 193
516 193
521 193
528 193
534 193
539 193
540 193
552 193
554 193
557 193
570 193
573 193
576 193
577 193
589 193
602 193
604 193
616 193
617 193
626 193
629 193
634 193
646 193
647 193
650 193
655 193
673 193
674 193
675 193
677 193
680 193
690 193
691 193
734 193
741 193
761 193
762 193
768 193
771 193
790 193
794 193
803 193
809 193
828 193
830 193
834 193
843 193
847 193
849 193
858 193
880 193
885 193
896 193
899 193
922 193
928 193
932 193
941 193
946 193
952 193
955 193
961 193
974 193
976 193
978 193
997 193
2 194
3 194
4 194
5 194
8 194
9 194
10 194
11 194
12 194
16 194
17 194
18 194
19 194
20 194
21 194
23 194
24 194
25 194
28 194
30 194
32 194
37 194
39 194
41 194
42 194
43 194
45 194
46 194
49 194
50 194
51 194
52 194
53 194
54 194
58 194
59 194
60 194
61 194
62 194
63 194
65 194
66 194
69 194
71 194
73 194
75 194
81 194
83 194
86 194
87 194
88 194
90 194
96 194
99 194
101 194
105 194
106 194
108 194
110 194
113 194
114 194
118 194
119 194
120 194
121 194
124 194
125 194
128 194
129 194
132 194
133 194
134 194
135 194
139 194
142 194
143 194
145 194
147 194
149 194
152 194
155 194
157 194
160 194
162 194
164 194
165 194
168 194
169 194
173 194
176 194
177 194
178 194
181 194
186 194
189 194
190 194
191 194
193 194
195 194
198 194
199 194
201 194
203 194
204 194
206 194
207 194
209 194
212 194
214 194
215 194
216 194
217 194
219 194
222 194
223 194
224 194
225 194
228 194
229 194
233 194
236 194
238 194
239 194
241 194
243 194
244 194
245 194
246 194
247 194
250 194
251 194
253 194
254 194
255 194
257 194
258 194
260 194
262 194
264 194
265 194
267 194
268 194
269 194
271 194
274 194
276 194
277 194
278 194
279 194
280 194
281 194
283 194
284 194
285 194
286 194
287 194
289 194
291 194
295 194
296 194
297 194
299 194
301 194
302 194
303 194
306 194
307 194
309 194
311 194
312 194
313 194
315 194
316 194
317 194
322 194
323 194
324 194
325 194
326 194
327 194
330 194
331 194
333 194
335 194
336 194
341 194
343 194
347 194
349 194
350 194
352 194
358 194
359 194
365 194
367 194
368 194
369 194
371 194
373 194
374 194
375 194
377 194
378 194
379 194
383 194
384 194
390 194
392 194
393 194
399 194
402 194
403 194
404 194
405 194
408 194
409 194
412 194
413 194
414 194
415 194
417 194
420 194
422 194
423 194
425 194
426 194
428 194
429 194
430 194
431 194
432 194
433 194
434 194
435 194
436 194
437 194
441 194
442 194
443 194
444 194
446 194
447 194
451 194
453 194
454 194
456 194
457 194
458 194
459 194
460 194
461 194
462 194
463 194
465 194
467 194
468 194
469 194
472 194
473 194
474 194
476 194
477 194
479 194
481 194
482 194
483 194
485 194
486 194
488 194
489 194
490 194
492 194
493 194
494 194
495 194
496 194
498 194
500 194
504 194
505 194
507 194
508 194
509 194
510 194
511 194
513 194
516 194
517 194
518 194
519 194
520 194
521 194
522 194
523 194
524 194
526 194
528 194
530 194
531 194
533 194
534 194
536 194
537 194
538 194
539 194
540 194
544 194
545 194
546 194
547 194
548 194
550 194
551 194
553 194
554 194
555 194
556 194
557 194
559 194
561 194
563 194
566 194
568 194
569 194
570 194
571 194
573 194
574 194
576 194
577 194
578 194
579 194
581 194
582 194
583 194
587 194
589 194
590 194
593 194
595 194
597 194
600 194
601 194
602 194
603 194
604 194
606 194
608 194
609 194
610 194
611 194
612 194
613 194
615 194
616 194
617 194
618 194
620 194
621 194
623 194
625 194
626 194
628 194
629 194
630 194
631 194
633 194
634 194
635 194
636 194
638 194
639 194
641 194
643 194
645 194
646 194
647 194
649 194
650 194
652 194
653 194
655 194
656 194
657 194
658 194
660 194
662 194
664 194
665 194
667 194
668 194
670 194
672 194
674 194
675 194
676 194
677 194
678 194
679 194
680 194
681 194
682 194
684 194
686 194
687 194
689 194
690 194
691 194
695 194
696 194
697 194
700 194
701 194
702 194
704 194
705 194
706 194
708 194
710 194
711 194
714 194
715 194
716 194
717 194
719 194
720 194
721 194
722 194
723 194
725 194
729 194
730 194
732 194
733 194
734 194
737 194
738 194
739 194
741 194
742 194
744 194
745 194
746 194
748 194
750 194
753 194
754 194
755 194
756 194
757 194
758 194
760 194
761 194
762 194
767 194
768 194
769 194
771 194
772 194
774 194
775 194
776 194
779 194
781 194
782 194
783 194
784 194
788 194
789 194
790 194
791 194
792 194
793 194
794 194
795 194
796 194
798 194
800 194
802 194
803 194
804 194
805 194
806 194
808 194
810 194
811 194
813 194
816 194
817 194
818 194
819 194
820 194
821 194
825 194
826 194
827 194
828 194
829 194
830 194
833 194
834 194
835 194
836 194
837 194
838 194
840 194
841 194
842 194
843 194
846 194
847 194
849 194
851 194
852 194
855 194
856 194
857 194
858 194
859 194
860 194
861 194
862 194
864 194
865 194
867 194
870 194
871 194
872 194
874 194
875 194
876 194
877 194
878 194
880 194
881 194
882 194
883 194
884 194
885 194
886 194
887 194
888 194
889 194
890 194
891 194
896 194
897 194
899 194
902 194
903 194
907 194
908 194
909 194
911 194
913 194
917 194
918 194
919 194
920 194
922 194
924 194
925 194
926 194
928 194
929 194
932 194
934 194
935 194
936 194
938 194
939 194
940 194
941 194
942 194
943 194
944 194
946 194
951 194
952 194
955 194
957 194
958 194
961 194
962 194
963 194
964 194
965 194
966 194
968 194
969 194
970 194
972 194
973 194
976 194
977 194
978 194
980 194
982 194
983 194
985 194
986 194
988 194
989 194
993 194
994 194
995 194
997 194
999 194
1000 194
2 195
3 195
4 195
7 195
12 195
15 195
18 195
38 195
39 195
43 195
62 195
63 195
65 195
73 195
75 195
86 195
88 195
112 195
118 195
124 195
128 195
134 195
136 195
143 195
144 195
145 195
149 195
151 195
165 195
167 195
168 195
190 195
199 195
207 195
208 195
214 195
219 195
228 195
233 195
236 195
243 195
245 195
246 195
247 195
268 195
271 195
285 195
307 195
359 195
399 195
412 195
446 195
459 195
462 195
496 195
602 195
634 195
734 195
886 195
149 196
190 196
997 196
2 197
3 197
9 197
25 197
43 197
56 197
63 197
65 197
75 197
145 197
149 197
165 197
190 197
207 197
214 197
225 197
243 197
268 197
276 197
296 197
317 197
358 197
378 197
399 197
412 197
431 197
446 197
474 197
503 197
602 197
616 197
634 197
660 197
783 197
816 197
880 197
997 197
3 198
43 198
56 198
60 198
73 198
145 198
149 198
165 198
177 198
190 198
191 198
194 198
216 198
217 198
239 198
243 198
245 198
247 198
251 198
260 198
303 198
322 198
329 198
368 198
399 198
446 198
462 198
508 198
513 198
534 198
616 198
634 198
723 198
768 198
828 198
2 199
3 199
5 199
9 199
17 199
28 199
38 199
42 199
51 199
56 199
60 199
62 199
63 199
65 199
73 199
86 199
112 199
121 199
124 199
134 199
143 199
145 199
149 199
165 199
173 199
176 199
177 199
190 199
191 199
197 199
199 199
203 199
207 199
212 199
222 199
224 199
225 199
228 199
229 199
236 199
239 199
241 199
243 199
244 199
245 199
247 199
251 199
254 199
255 199
257 199
258 199
265 199
267 199
274 199
276 199
277 199
280 199
287 199
294 199
295 199
297 199
301 199
306 199
309 199
311 199
312 199
329 199
340 199
347 199
349 199
359 199
392 199
399 199
436 199
439 199
446 199
447 199
451 199
457 199
462 199
473 199
474 199
513 199
518 199
528 199
533 199
534 199
539 199
557 199
559 199
566 199
570 199
571 199
573 199
576 199
577 199
587 199
602 199
604 199
616 199
618 199
626 199
630 199
634 199
635 199
650 199
655 199
691 199
734 199
776 199
783 199
851 199
993 199
997 199
43 200
73 200
112 200
120 200
135 200
149 200
173 200
190 200
254 200
399 200
634 200
858 200
922 200
3 201
9 201
17 201
19 201
23 201
39 201
41 201
42 201
51 201
53 201
63 201
65 201
75 201
86 201
118 201
120 201
121 201
124 201
128 201
134 201
145 201
149 201
165 201
176 201
190 201
207 201
222 201
224 201
228 201
236 201
237 201
241 201
243 201
245 201
247 201
251 201
277 201
279 201
287 201
297 201
311 201
312 201
315 201
327 201
329 201
335 201
341 201
359 201
412 201
435 201
446 201
457 201
626 201
634 201
650 201
3 202
5 202
9 202
53 202
56 202
57 202
59 202
73 202
101 202
106 202
124 202
134 202
145 202
149 202
159 202
173 202
187 202
190 202
194 202
201 202
207 202
224 202
243 202
269 202
280 202
292 202
414 202
427 202
429 202
446 202
456 202
457 202
473 202
499 202
568 202
589 202
633 202
634 202
680 202
716 202
834 202
859 202
871 202
2 203
3 203
7 203
9 203
13 203
15 203
17 203
23 203
24 203
25 203
28 203
30 203
45 203
51 203
56 203
63 203
65 203
66 203
67 203
73 203
75 203
86 203
99 203
112 203
124 203
128 203
134 203
136 203
145 203
149 203
165 203
167 203
190 203
199 203
207 203
209 203
212 203
217 203
219 203
224 203
225 203
226 203
228 203
243 203
244 203
245 203
247 203
257 203
285 203
288 203
293 203
294 203
297 203
307 203
311 203
312 203
317 203
319 203
329 203
340 203
357 203
359 203
372 203
399 203
405 203
414 203
427 203
435 203
436 203
446 203
457 203
508 203
516 203
534 203
557 203
566 203
568 203
593 203
602 203
604 203
618 203
626 203
634 203
647 203
691 203
714 203
716 203
776 203
783 203
805 203
816 203
851 203
853 203
859 203
875 203
877 203
885 203
907 203
908 203
954 203
982 203
993 203
997 203
2 204
3 204
5 204
9 204
12 204
18 204
23 204
25 204
28 204
30 204
38 204
43 204
44 204
45 204
46 204
47 204
53 204
54 204
63 204
65 204
66 204
68 204
74 204
75 204
77 204
83 204
86 204
93 204
106 204
110 204
111 204
112 204
121 204
123 204
124 204
125 204
129 204
130 204
133 204
134 204
138 204
143 204
145 204
148 204
149 204
151 204
152 204
153 204
157 204
159 204
165 204
167 204
176 204
182 204
183 204
187 204
190 204
194 204
195 204
197 204
201 204
207 204
224 204
229 204
236 204
239 204
243 204
245 204
247 204
252 204
253 204
264 204
267 204
268 204
271 204
276 204
279 204
285 204
294 204
295 204
296 204
297 204
299 204
301 204
303 204
307 204
309 204
310 204
311 204
312 204
315 204
317 204
324 204
329 204
333 204
342 204
347 204
351 204
357 204
358 204
359 204
377 204
378 204
380 204
386 204
399 204
402 204
407 204
412 204
422 204
425 204
427 204
429 204
434 204
436 204
442 204
443 204
444 204
446 204
447 204
457 204
462 204
463 204
473 204
474 204
478 204
482 204
483 204
484 204
496 204
513 204
516 204
528 204
531 204
533 204
534 204
536 204
539 204
540 204
543 204
546 204
548 204
559 204
566 204
570 204
571 204
573 204
591 204
602 204
604 204
616 204
626 204
629 204
634 204
646 204
647 204
650 204
653 204
655 204
671 204
675 204
676 204
677 204
679 204
681 204
689 204
690 204
716 204
734 204
744 204
754 204
762 204
774 204
783 204
788 204
794 204
809 204
810 204
828 204
834 204
838 204
843 204
847 204
849 204
852 204
859 204
862 204
864 204
880 204
881 204
885 204
886 204
889 204
893 204
897 204
898 204
907 204
932 204
936 204
943 204
946 204
951 204
952 204
958 204
963 204
970 204
978 204
980 204
989 204
995 204
997 204
3 205
9 205
65 205
149 205
190 205
446 205
856 205
858 205
2 206
3 206
4 206
8 206
9 206
12 206
17 206
18 206
23 206
24 206
25 206
27 206
28 206
30 206
43 206
46 206
49 206
50 206
51 206
53 206
56 206
58 206
59 206
60 206
65 206
66 206
71 206
78 206
81 206
83 206
86 206
88 206
98 206
99 206
106 206
108 206
110 206
112 206
114 206
115 206
120 206
121 206
123 206
125 206
128 206
129 206
130 206
132 206
133 206
134 206
138 206
139 206
142 206
143 206
145 206
149 206
150 206
152 206
155 206
158 206
160 206
164 206
165 206
167 206
168 206
169 206
176 206
177 206
180 206
181 206
183 206
184 206
187 206
188 206
189 206
190 206
193 206
194 206
207 206
211 206
214 206
215 206
216 206
217 206
218 206
219 206
225 206
229 206
230 206
236 206
239 206
244 206
245 206
246 206
247 206
251 206
253 206
255 206
260 206
261 206
264 206
268 206
269 206
270 206
271 206
274 206
276 206
278 206
280 206
284 206
285 206
288 206
289 206
290 206
291 206
296 206
303 206
305 206
307 206
308 206
309 206
310 206
311 206
315 206
316 206
317 206
318 206
320 206
323 206
325 206
327 206
329 206
331 206
333 206
340 206
341 206
343 206
350 206
358 206
359 206
369 206
370 206
375 206
377 206
378 206
379 206
380 206
383 206
384 206
395 206
399 206
402 206
409 206
412 206
413 206
414 206
422 206
425 206
427 206
429 206
430 206
431 206
437 206
438 206
441 206
446 206
447 206
449 206
450 206
453 206
456 206
458 206
459 206
461 206
462 206
471 206
472 206
473 206
479 206
496 206
507 206
508 206
513 206
514 206
516 206
518 206
519 206
520 206
521 206
523 206
528 206
534 206
539 206
544 206
547 206
548 206
549 206
550 206
552 206
553 206
554 206
555 206
556 206
566 206
568 206
570 206
571 206
576 206
577 206
580 206
581 206
582 206
583 206
586 206
589 206
600 206
602 206
604 206
609 206
616 206
618 206
619 206
621 206
630 206
631 206
633 206
634 206
636 206
641 206
643 206
656 206
657 206
658 206
673 206
677 206
679 206
680 206
681 206
682 206
685 206
689 206
690 206
694 206
697 206
706 206
708 206
716 206
722 206
725 206
728 206
732 206
733 206
735 206
737 206
738 206
741 206
744 206
746 206
754 206
758 206
761 206
762 206
763 206
767 206
775 206
779 206
782 206
783 206
790 206
791 206
794 206
795 206
800 206
801 206
803 206
804 206
809 206
823 206
827 206
828 206
831 206
837 206
838 206
847 206
849 206
856 206
857 206
860 206
862 206
864 206
868 206
871 206
875 206
883 206
892 206
893 206
895 206
897 206
899 206
902 206
913 206
922 206
936 206
943 206
946 206
947 206
949 206
954 206
957 206
963 206
966 206
972 206
976 206
980 206
989 206
991 206
997 206
998 206
999 206
2 207
3 207
4 207
5 207
6 207
7 207
8 207
9 207
10 207
11 207
12 207
13 207
14 207
16 207
17 207
18 207
19 207
20 207
21 207
23 207
24 207
25 207
27 207
28 207
30 207
31 207
32 207
34 207
37 207
39 207
40 207
42 207
43 207
44 207
45 207
46 207
47 207
48 207
49 207
50 207
51 207
52 207
53 207
54 207
56 207
58 207
59 207
60 207
61 207
62 207
63 207
65 207
66 207
67 207
71 207
73 207
75 207
79 207
80 207
81 207
86 207
88 207
92 207
96 207
98 207
99 207
101 207
105 207
106 207
107 207
110 207
111 207
112 207
113 207
114 207
118 207
119 207
120 207
121 207
124 207
125 207
126 207
128 207
129 207
132 207
133 207
134 207
135 207
136 207
138 207
139 207
140 207
141 207
142 207
143 207
144 207
145 207
146 207
147 207
149 207
150 207
151 207
152 207
154 207
155 207
157 207
158 207
160 207
165 207
168 207
171 207
173 207
175 207
176 207
177 207
178 207
179 207
181 207
183 207
184 207
186 207
188 207
189 207
190 207
191 207
193 207
194 207
197 207
199 207
201 207
203 207
206 207
208 207
209 207
213 207
214 207
215 207
216 207
217 207
219 207
222 207
224 207
225 207
226 207
228 207
229 207
230 207
231 207
233 207
234 207
235 207
236 207
237 207
238 207
239 207
241 207
243 207
244 207
245 207
246 207
247 207
250 207
251 207
253 207
254 207
255 207
257 207
258 207
260 207
261 207
262 207
264 207
265 207
267 207
268 207
269 207
270 207
274 207
276 207
277 207
278 207
279 207
280 207
283 207
284 207
285 207
286 207
287 207
289 207
290 207
291 207
294 207
295 207
296 207
297 207
299 207
301 207
305 207
306 207
307 207
308 207
311 207
312 207
316 207
317 207
320 207
324 207
325 207
327 207
328 207
329 207
330 207
333 207
335 207
336 207
340 207
341 207
345 207
347 207
350 207
351 207
358 207
359 207
361 207
365 207
368 207
369 207
371 207
374 207
375 207
377 207
378 207
379 207
381 207
384 207
389 207
390 207
392 207
393 207
395 207
399 207
400 207
402 207
403 207
404 207
405 207
408 207
412 207
413 207
414 207
415 207
417 207
420 207
423 207
424 207
425 207
427 207
428 207
429 207
430 207
431 207
434 207
435 207
436 207
437 207
438 207
439 207
441 207
442 207
443 207
444 207
446 207
447 207
448 207
449 207
450 207
451 207
453 207
454 207
456 207
457 207
458 207
460 207
461 207
462 207
463 207
465 207
466 207
467 207
469 207
470 207
471 207
472 207
473 207
474 207
476 207
478 207
479 207
481 207
482 207
483 207
486 207
487 207
489 207
490 207
492 207
493 207
494 207
495 207
496 207
497 207
498 207
500 207
501 207
502 207
503 207
504 207
505 207
506 207
507 207
508 207
509 207
510 207
511 207
513 207
514 207
516 207
517 207
518 207
519 207
521 207
522 207
523 207
524 207
526 207
528 207
530 207
531 207
533 207
534 207
536 207
537 207
538 207
539 207
544 207
545 207
546 207
547 207
548 207
549 207
550 207
551 207
553 207
554 207
555 207
556 207
557 207
559 207
561 207
563 207
566 207
568 207
569 207
570 207
571 207
573 207
574 207
576 207
577 207
578 207
579 207
580 207
581 207
582 207
583 207
584 207
586 207
587 207
589 207
590 207
591 207
592 207
593 207
595 207
596 207
597 207
600 207
601 207
602 207
603 207
604 207
606 207
608 207
609 207
610 207
611 207
612 207
613 207
615 207
616 207
618 207
621 207
622 207
623 207
625 207
626 207
628 207
629 207
630 207
631 207
633 207
634 207
635 207
636 207
638 207
639 207
640 207
641 207
642 207
643 207
644 207
646 207
647 207
649 207
650 207
651 207
652 207
653 207
655 207
656 207
657 207
658 207
659 207
662 207
664 207
665 207
667 207
668 207
670 207
671 207
672 207
673 207
674 207
675 207
676 207
678 207
679 207
680 207
681 207
682 207
684 207
685 207
686 207
687 207
688 207
689 207
690 207
691 207
692 207
694 207
695 207
696 207
699 207
700 207
701 207
702 207
704 207
705 207
706 207
708 207
710 207
711 207
714 207
715 207
716 207
717 207
719 207
720 207
721 207
722 207
723 207
725 207
728 207
729 207
730 207
732 207
733 207
734 207
735 207
737 207
738 207
741 207
742 207
744 207
745 207
746 207
747 207
748 207
749 207
750 207
751 207
752 207
753 207
755 207
756 207
757 207
758 207
760 207
761 207
762 207
763 207
764 207
767 207
768 207
769 207
770 207
772 207
774 207
775 207
776 207
779 207
782 207
783 207
784 207
786 207
788 207
789 207
790 207
791 207
792 207
793 207
794 207
795 207
796 207
798 207
800 207
803 207
804 207
806 207
808 207
810 207
811 207
813 207
816 207
817 207
818 207
819 207
820 207
821 207
825 207
826 207
827 207
828 207
829 207
830 207
831 207
832 207
833 207
834 207
835 207
836 207
837 207
838 207
840 207
841 207
842 207
843 207
846 207
847 207
849 207
850 207
851 207
852 207
853 207
855 207
856 207
857 207
858 207
859 207
860 207
861 207
862 207
864 207
865 207
868 207
870 207
872 207
874 207
875 207
876 207
877 207
878 207
880 207
881 207
882 207
883 207
884 207
885 207
886 207
887 207
888 207
889 207
890 207
891 207
896 207
897 207
898 207
899 207
902 207
903 207
907 207
908 207
909 207
910 207
911 207
913 207
917 207
918 207
919 207
920 207
924 207
925 207
926 207
928 207
929 207
932 207
934 207
935 207
936 207
937 207
938 207
939 207
940 207
941 207
942 207
943 207
944 207
946 207
947 207
949 207
951 207
952 207
954 207
955 207
957 207
958 207
959 207
961 207
962 207
963 207
964 207
966 207
968 207
969 207
970 207
973 207
974 207
976 207
977 207
978 207
980 207
982 207
983 207
984 207
985 207
986 207
987 207
988 207
991 207
993 207
994 207
995 207
997 207
998 207
999 207
1000 207
2 208
3 208
62 208
63 208
65 208
75 208
86 208
108 208
124 208
143 208
145 208
149 208
165 208
190 208
207 208
225 208
228 208
243 208
245 208
247 208
251 208
274 208
290 208
329 208
340 208
392 208
399 208
412 208
446 208
457 208
462 208
474 208
634 208
3 209
4 209
5 209
6 209
9 209
12 209
17 209
18 209
19 209
28 209
39 209
51 209
63 209
65 209
66 209
73 209
86 209
112 209
120 209
124 209
125 209
128 209
134 209
139 209
145 209
148 209
149 209
159 209
165 209
170 209
173 209
189 209
190 209
203 209
207 209
219 209
222 209
224 209
225 209
226 209
229 209
243 209
245 209
247 209
251 209
257 209
258 209
271 209
274 209
297 209
307 209
312 209
317 209
329 209
347 209
359 209
368 209
372 209
399 209
405 209
408 209
419 209
436 209
446 209
457 209
473 209
474 209
496 209
517 209
539 209
548 209
557 209
573 209
576 209
593 209
602 209
604 209
616 209
626 209
634 209
640 209
644 209
650 209
689 209
691 209
771 209
776 209
783 209
816 209
830 209
858 209
884 209
885 209
886 209
908 209
938 209
952 209
978 209
997 209
2 210
3 210
5 210
6 210
17 210
23 210
31 210
40 210
42 210
51 210
56 210
60 210
63 210
65 210
75 210
86 210
87 210
118 210
120 210
124 210
128 210
134 210
145 210
147 210
149 210
159 210
165 210
190 210
191 210
197 210
199 210
207 210
208 210
222 210
224 210
228 210
231 210
236 210
241 210
243 210
245 210
247 210
257 210
264 210
269 210
276 210
277 210
279 210
280 210
283 210
285 210
287 210
297 210
301 210
307 210
311 210
312 210
317 210
318 210
326 210
349 210
351 210
359 210
366 210
396 210
406 210
412 210
436 210
446 210
513 210
534 210
634 210
640 210
716 210
134 211
136 211
143 211
144 211
149 211
190 211
214 211
688 211
858 211
3 212
9 212
23 212
28 212
42 212
56 212
63 212
73 212
86 212
106 212
114 212
115 212
128 212
135 212
145 212
149 212
165 212
168 212
185 212
190 212
207 212
244 212
247 212
251 212
254 212
257 212
287 212
296 212
311 212
325 212
329 212
442 212
446 212
447 212
466 212
473 212
528 212
534 212
553 212
604 212
629 212
631 212
634 212
657 212
718 212
760 212
783 212
997 212
999 212
9 213
25 213
43 213
49 213
65 213
86 213
120 213
144 213
145 213
149 213
165 213
181 213
190 213
207 213
214 213
226 213
251 213
257 213
258 213
274 213
312 213
399 213
447 213
453 213
473 213
534 213
539 213
548 213
559 213
576 213
602 213
604 213
626 213
634 213
635 213
642 213
646 213
647 213
655 213
754 213
783 213
816 213
847 213
997 213
25 214
52 214
143 214
144 214
149 214
177 214
189 214
190 214
211 214
224 214
274 214
290 214
346 214
359 214
451 214
534 214
546 214
626 214
646 214
688 214
858 214
880 214
961 214
997 214
3 215
6 215
9 215
24 215
43 215
65 215
101 215
134 215
143 215
145 215
149 215
176 215
190 215
207 215
213 215
228 215
245 215
255 215
359 215
446 215
447 215
534 215
626 215
634 215
655 215
794 215
800 215
2 216
3 216
5 216
8 216
9 216
16 216
23 216
24 216
28 216
43 216
53 216
56 216
60 216
66 216
101 216
129 216
136 216
142 216
149 216
155 216
167 216
177 216
178 216
190 216
191 216
194 216
197 216
198 216
217 216
229 216
239 216
251 216
264 216
268 216
270 216
274 216
276 216
280 216
295 216
296 216
299 216
303 216
306 216
316 216
323 216
325 216
350 216
358 216
369 216
374 216
377 216
378 216
431 216
436 216
451 216
453 216
456 216
469 216
473 216
504 216
516 216
520 216
528 216
534 216
539 216
548 216
576 216
602 216
616 216
617 216
625 216
626 216
630 216
634 216
646 216
702 216
711 216
723 216
742 216
754 216
757 216
761 216
767 216
799 216
838 216
858 216
860 216
880 216
883 216
951 216
983 216
997 216
1000 216
2 217
3 217
9 217
17 217
21 217
23 217
25 217
28 217
39 217
40 217
44 217
45 217
47 217
51 217
56 217
60 217
62 217
63 217
65 217
75 217
86 217
87 217
92 217
93 217
99 217
101 217
110 217
114 217
118 217
120 217
121 217
124 217
128 217
129 217
133 217
134 217
143 217
144 217
145 217
149 217
165 217
167 217
177 217
190 217
191 217
194 217
195 217
199 217
207 217
212 217
214 217
216 217
219 217
224 217
228 217
229 217
230 217
233 217
241 217
243 217
244 217
245 217
247 217
254 217
255 217
258 217
265 217
267 217
268 217
280 217
285 217
297 217
298 217
299 217
301 217
302 217
303 217
310 217
311 217
312 217
313 217
315 217
316 217
317 217
318 217
326 217
327 217
335 217
336 217
340 217
343 217
347 217
350 217
358 217
359 217
369 217
382 217
410 217
414 217
417 217
431 217
436 217
442 217
446 217
447 217
457 217
462 217
463 217
465 217
473 217
485 217
496 217
513 217
518 217
520 217
548 217
553 217
557 217
559 217
576 217
583 217
587 217
593 217
602 217
604 217
616 217
623 217
626 217
633 217
634 217
635 217
639 217
646 217
647 217
651 217
680 217
689 217
690 217
691 217
692 217
701 217
702 217
704 217
716 217
718 217
764 217
783 217
794 217
800 217
805 217
833 217
834 217
843 217
849 217
856 217
858 217
880 217
885 217
932 217
946 217
952 217
961 217
970 217
974 217
997 217
999 217
2 218
3 218
4 218
5 218
6 218
9 218
15 218
17 218
22 218
23 218
24 218
25 218
28 218
38 218
39 218
43 218
45 218
48 218
51 218
56 218
65 218
66 218
74 218
77 218
83 218
86 218
88 218
99 218
106 218
108 218
110 218
112 218
124 218
125 218
128 218
130 218
134 218
135 218
143 218
145 218
147 218
149 218
151 218
152 218
153 218
157 218
158 218
159 218
162 218
173 218
174 218
176 218
177 218
181 218
190 218
193 218
207 218
209 218
213 218
217 218
224 218
228 218
234 218
239 218
245 218
254 218
257 218
258 218
267 218
268 218
271 218
283 218
288 218
296 218
297 218
307 218
311 218
312 218
315 218
317 218
329 218
345 218
358 218
364 218
399 218
405 218
427 218
429 218
436 218
442 218
443 218
466 218
468 218
469 218
474 218
496 218
499 218
513 218
526 218
534 218
539 218
554 218
557 218
563 218
577 218
593 218
602 218
604 218
608 218
621 218
626 218
630 218
634 218
639 218
640 218
641 218
647 218
652 218
655 218
660 218
662 218
670 218
689 218
690 218
691 218
702 218
708 218
711 218
716 218
734 218
741 218
746 218
751 218
768 218
771 218
774 218
781 218
783 218
788 218
814 218
830 218
843 218
853 218
857 218
858 218
859 218
861 218
864 218
885 218
902 218
907 218
908 218
918 218
933 218
937 218
952 218
957 218
958 218
959 218
964 218
970 218
974 218
977 218
978 218
997 218
9 219
43 219
53 219
65 219
73 219
112 219
124 219
134 219
136 219
143 219
145 219
168 219
199 219
203 219
207 219
222 219
228 219
264 219
290 219
634 219
760 219
885 219
997 219
3 220
9 220
22 220
56 220
60 220
63 220
65 220
86 220
133 220
142 220
143 220
145 220
180 220
189 220
190 220
199 220
207 220
224 220
225 220
228 220
243 220
244 220
245 220
247 220
280 220
303 220
345 220
446 220
447 220
473 220
880 220
997 220
3 221
9 221
18 221
65 221
112 221
207 221
225 221
228 221
245 221
446 221
534 221
886 221
2 222
3 222
4 222
5 222
9 222
17 222
20 222
23 222
28 222
32 222
39 222
40 222
42 222
51 222
52 222
53 222
62 222
63 222
65 222
73 222
75 222
86 222
87 222
105 222
118 222
121 222
123 222
124 222
128 222
130 222
134 222
135 222
136 222
143 222
145 222
146 222
147 222
148 222
165 222
176 222
190 222
191 222
194 222
199 222
201 222
207 222
209 222
212 222
214 222
224 222
225 222
228 222
229 222
234 222
236 222
237 222
239 222
241 222
243 222
244 222
245 222
247 222
251 222
252 222
255 222
260 222
262 222
264 222
267 222
269 222
271 222
274 222
277 222
279 222
280 222
285 222
286 222
287 222
291 222
297 222
301 222
307 222
311 222
312 222
316 222
326 222
327 222
329 222
331 222
335 222
336 222
340 222
341 222
347 222
349 222
358 222
359 222
367 222
372 222
381 222
387 222
393 222
399 222
402 222
403 222
404 222
405 222
408 222
410 222
412 222
414 222
415 222
419 222
420 222
423 222
425 222
428 222
429 222
431 222
435 222
436 222
441 222
444 222
446 222
453 222
454 222
457 222
458 222
459 222
460 222
461 222
462 222
463 222
465 222
468 222
469 222
473 222
474 222
475 222
482 222
483 222
484 222
486 222
490 222
492 222
494 222
495 222
496 222
497 222
498 222
500 222
504 222
505 222
508 222
509 222
510 222
513 222
517 222
520 222
521 222
522 222
523 222
524 222
526 222
530 222
531 222
534 222
537 222
538 222
539 222
543 222
545 222
546 222
548 222
550 222
551 222
553 222
554 222
555 222
561 222
563 222
566 222
568 222
569 222
570 222
571 222
574 222
576 222
577 222
579 222
583 222
587 222
602 222
604 222
605 222
611 222
616 222
626 222
628 222
634 222
644 222
646 222
650 222
655 222
681 222
689 222
776 222
783 222
810 222
861 222
909 222
929 222
997 222
2 223
3 223
16 223
28 223
53 223
229 223
239 223
303 223
378 223
429 223
473 223
507 223
539 223
548 223
613 223
626 223
639 223
643 223
710 223
754 223
767 223
833 223
860 223
880 223
2 224
3 224
4 224
5 224
6 224
8 224
9 224
11 224
16 224
17 224
19 224
20 224
21 224
23 224
25 224
28 224
30 224
31 224
32 224
37 224
39 224
41 224
42 224
45 224
48 224
50 224
51 224
53 224
56 224
59 224
60 224
61 224
63 224
65 224
66 224
73 224
75 224
81 224
86 224
92 224
96 224
99 224
101 224
110 224
118 224
120 224
121 224
123 224
124 224
128 224
129 224
132 224
133 224
134 224
135 224
139 224
143 224
144 224
145 224
146 224
147 224
149 224
150 224
155 224
156 224
157 224
158 224
162 224
164 224
165 224
168 224
173 224
176 224
178 224
179 224
181 224
187 224
189 224
190 224
191 224
194 224
199 224
201 224
203 224
207 224
209 224
214 224
216 224
217 224
222 224
224 224
225 224
226 224
228 224
229 224
230 224
233 224
235 224
236 224
237 224
239 224
241 224
243 224
244 224
245 224
247 224
251 224
255 224
257 224
258 224
260 224
262 224
264 224
267 224
269 224
274 224
276 224
277 224
278 224
279 224
280 224
283 224
285 224
286 224
287 224
289 224
291 224
293 224
295 224
296 224
297 224
299 224
301 224
302 224
305 224
306 224
311 224
312 224
315 224
317 224
320 224
323 224
324 224
325 224
327 224
329 224
330 224
335 224
336 224
340 224
341 224
347 224
350 224
351 224
358 224
359 224
361 224
364 224
365 224
367 224
369 224
375 224
377 224
378 224
381 224
383 224
387 224
390 224
392 224
393 224
396 224
399 224
402 224
403 224
404 224
405 224
412 224
413 224
414 224
415 224
417 224
418 224
420 224
423 224
424 224
425 224
428 224
429 224
431 224
432 224
435 224
436 224
441 224
443 224
444 224
446 224
447 224
450 224
451 224
453 224
454 224
456 224
457 224
458 224
460 224
461 224
462 224
463 224
465 224
468 224
471 224
472 224
473 224
474 224
482 224
483 224
485 224
486 224
487 224
489 224
490 224
492 224
494 224
495 224
496 224
497 224
498 224
500 224
501 224
503 224
504 224
505 224
507 224
508 224
509 224
510 224
513 224
514 224
516 224
517 224
518 224
521 224
522 224
523 224
526 224
528 224
529 224
530 224
531 224
533 224
534 224
536 224
537 224
538 224
539 224
540 224
544 224
545 224
546 224
548 224
550 224
551 224
553 224
554 224
555 224
557 224
561 224
563 224
566 224
568 224
569 224
570 224
571 224
573 224
574 224
576 224
577 224
578 224
579 224
580 224
581 224
582 224
583 224
585 224
587 224
589 224
590 224
593 224
595 224
599 224
601 224
602 224
603 224
604 224
605 224
606 224
608 224
610 224
612 224
613 224
615 224
616 224
617 224
618 224
621 224
622 224
623 224
625 224
626 224
628 224
629 224
630 224
631 224
633 224
634 224
635 224
636 224
638 224
639 224
641 224
642 224
643 224
645 224
646 224
647 224
649 224
650 224
652 224
653 224
655 224
656 224
657 224
662 224
664 224
665 224
667 224
668 224
670 224
671 224
672 224
673 224
674 224
675 224
676 224
679 224
680 224
681 224
682 224
684 224
685 224
686 224
687 224
689 224
690 224
691 224
695 224
696 224
697 224
699 224
700 224
701 224
704 224
705 224
708 224
710 224
711 224
714 224
715 224
716 224
717 224
719 224
720 224
721 224
722 224
723 224
728 224
729 224
730 224
734 224
737 224
738 224
741 224
742 224
744 224
745 224
746 224
748 224
750 224
753 224
754 224
755 224
756 224
757 224
758 224
760 224
761 224
762 224
764 224
767 224
768 224
769 224
770 224
772 224
774 224
775 224
776 224
779 224
781 224
782 224
783 224
784 224
788 224
789 224
791 224
792 224
793 224
794 224
795 224
796 224
798 224
800 224
801 224
802 224
804 224
805 224
806 224
808 224
810 224
811 224
813 224
816 224
817 224
818 224
819 224
820 224
821 224
825 224
826 224
828 224
829 224
830 224
833 224
834 224
835 224
836 224
838 224
840 224
841 224
842 224
843 224
846 224
847 224
849 224
851 224
852 224
853 224
855 224
856 224
857 224
858 224
859 224
860 224
861 224
862 224
864 224
865 224
870 224
871 224
874 224
875 224
876 224
877 224
878 224
880 224
881 224
882 224
884 224
885 224
886 224
887 224
888 224
889 224
890 224
891 224
899 224
903 224
907 224
908 224
909 224
911 224
913 224
917 224
918 224
919 224
920 224
922 224
924 224
925 224
926 224
928 224
929 224
932 224
933 224
934 224
935 224
936 224
937 224
938 224
939 224
940 224
941 224
942 224
944 224
946 224
949 224
951 224
952 224
954 224
955 224
957 224
958 224
961 224
962 224
963 224
965 224
966 224
968 224
969 224
970 224
972 224
973 224
974 224
976 224
977 224
978 224
980 224
982 224
983 224
984 224
985 224
986 224
987 224
988 224
991 224
993 224
994 224
995 224
997 224
999 224
1000 224
2 225
3 225
6 225
7 225
9 225
14 225
17 225
18 225
19 225
23 225
24 225
25 225
28 225
31 225
38 225
39 225
41 225
42 225
45 225
47 225
51 225
53 225
54 225
58 225
59 225
62 225
63 225
65 225
66 225
71 225
73 225
75 225
86 225
92 225
99 225
101 225
108 225
110 225
118 225
120 225
121 225
123 225
124 225
128 225
129 225
134 225
136 225
138 225
139 225
143 225
144 225
145 225
146 225
147 225
152 225
153 225
155 225
158 225
160 225
165 225
167 225
168 225
169 225
173 225
176 225
177 225
183 225
190 225
191 225
194 225
199 225
201 225
203 225
207 225
208 225
209 225
222 225
224 225
228 225
229 225
233 225
237 225
238 225
239 225
241 225
243 225
244 225
245 225
247 225
251 225
253 225
254 225
255 225
257 225
258 225
260 225
264 225
271 225
274 225
276 225
277 225
279 225
280 225
283 225
285 225
287 225
291 225
295 225
296 225
297 225
301 225
302 225
303 225
306 225
307 225
309 225
311 225
312 225
313 225
317 225
323 225
325 225
329 225
335 225
340 225
341 225
343 225
347 225
348 225
350 225
358 225
359 225
366 225
369 225
372 225
377 225
378 225
379 225
392 225
393 225
396 225
399 225
404 225
405 225
409 225
410 225
412 225
417 225
425 225
426 225
428 225
430 225
431 225
432 225
434 225
435 225
436 225
442 225
446 225
447 225
451 225
456 225
457 225
460 225
462 225
463 225
466 225
468 225
472 225
473 225
474 225
475 225
482 225
483 225
484 225
487 225
496 225
501 225
504 225
505 225
508 225
513 225
514 225
516 225
517 225
518 225
522 225
528 225
534 225
536 225
539 225
546 225
548 225
553 225
554 225
557 225
559 225
570 225
573 225
575 225
576 225
577 225
579 225
585 225
587 225
591 225
593 225
598 225
602 225
604 225
605 225
606 225
611 225
616 225
617 225
618 225
626 225
630 225
631 225
634 225
635 225
636 225
644 225
646 225
647 225
649 225
652 225
655 225
656 225
659 225
664 225
673 225
675 225
680 225
682 225
686 225
689 225
690 225
691 225
704 225
705 225
712 225
716 225
719 225
734 225
735 225
753 225
754 225
758 225
767 225
771 225
774 225
775 225
776 225
783 225
788 225
791 225
794 225
797 225
800 225
804 225
805 225
810 225
814 225
816 225
822 225
823 225
828 225
830 225
834 225
835 225
839 225
842 225
846 225
847 225
849 225
855 225
856 225
858 225
859 225
860 225
864 225
867 225
871 225
872 225
874 225
877 225
880 225
883 225
884 225
885 225
889 225
890 225
897 225
907 225
921 225
926 225
927 225
928 225
929 225
944 225
946 225
951 225
952 225
954 225
955 225
956 225
958 225
961 225
963 225
970 225
973 225
978 225
980 225
989 225
993 225
997 225
2 226
3 226
4 226
9 226
25 226
28 226
51 226
56 226
73 226
75 226
108 226
110 226
128 226
134 226
145 226
165 226
203 226
213 226
224 226
225 226
244 226
251 226
257 226
258 226
267 226
274 226
283 226
297 226
301 226
307 226
312 226
317 226
319 226
325 226
339 226
347 226
350 226
359 226
368 226
378 226
399 226
402 226
405 226
417 226
457 226
473 226
474 226
496 226
517 226
534 226
539 226
546 226
551 226
557 226
566 226
570 226
573 226
576 226
577 226
593 226
602 226
604 226
611 226
616 226
626 226
634 226
646 226
647 226
650 226
655 226
686 226
691 226
704 226
716 226
734 226
758 226
773 226
783 226
810 226
830 226
847 226
849 226
858 226
867 226
869 226
871 226
880 226
885 226
909 226
940 226
952 226
955 226
978 226
997 226
3 227
5 227
9 227
23 227
45 227
65 227
93 227
94 227
99 227
130 227
145 227
152 227
153 227
191 227
207 227
288 227
315 227
345 227
441 227
442 227
534 227
641 227
768 227
783 227
858 227
908 227
970 227
977 227
3 228
9 228
14 228
30 228
38 228
40 228
56 228
62 228
63 228
136 228
145 228
147 228
165 228
176 228
183 228
207 228
208 228
222 228
224 228
225 228
234 228
237 228
243 228
244 228
247 228
249 228
251 228
254 228
271 228
279 228
291 228
297 228
311 228
312 228
340 228
351 228
359 228
372 228
399 228
417 228
446 228
462 228
568 228
585 228
626 228
634 228
997 228
3 229
5 229
6 229
9 229
12 229
16 229
18 229
23 229
52 229
56 229
60 229
65 229
71 229
73 229
75 229
86 229
88 229
92 229
101 229
112 229
114 229
121 229
133 229
142 229
143 229
144 229
145 229
165 229
167 229
168 229
170 229
183 229
189 229
199 229
207 229
216 229
217 229
222 229
224 229
225 229
228 229
229 229
234 229
243 229
244 229
245 229
251 229
252 229
254 229
257 229
258 229
274 229
276 229
285 229
296 229
297 229
312 229
329 229
340 229
347 229
350 229
369 229
399 229
431 229
436 229
446 229
447 229
453 229
462 229
469 229
473 229
474 229
501 229
508 229
513 229
528 229
534 229
539 229
543 229
546 229
557 229
570 229
576 229
577 229
602 229
605 229
616 229
623 229
626 229
634 229
647 229
659 229
676 229
681 229
691 229
695 229
708 229
734 229
760 229
774 229
781 229
783 229
788 229
833 229
849 229
858 229
880 229
884 229
886 229
961 229
962 229
976 229
2 230
3 230
9 230
18 230
25 230
45 230
51 230
56 230
66 230
73 230
86 230
99 230
102 230
119 230
145 230
152 230
165 230
177 230
191 230
217 230
274 230
297 230
301 230
312 230
359 230
408 230
417 230
446 230
473 230
474 230
516 230
528 230
534 230
557 230
559 230
570 230
571 230
576 230
618 230
631 230
646 230
647 230
711 230
754 230
783 230
804 230
848 230
858 230
886 230
997 230
2 231
3 231
9 231
54 231
56 231
63 231
65 231
75 231
86 231
103 231
145 231
165 231
190 231
191 231
207 231
228 231
243 231
245 231
247 231
359 231
446 231
473 231
485 231
545 231
651 231
802 231
3 232
9 232
42 232
63 232
65 232
86 232
128 232
143 232
145 232
165 232
190 232
207 232
222 232
228 232
243 232
245 232
247 232
287 232
446 232
3 233
9 233
28 233
62 233
65 233
86 233
124 233
134 233
143 233
145 233
159 233
207 233
217 233
224 233
228 233
243 233
244 233
245 233
247 233
255 233
285 233
359 233
368 233
399 233
446 233
447 233
462 233
473 233
508 233
518 233
528 233
539 233
546 233
602 233
634 233
783 233
848 233
858 233
875 233
980 233
2 234
3 234
5 234
9 234
12 234
14 234
16 234
17 234
23 234
26 234
39 234
40 234
42 234
45 234
48 234
50 234
56 234
63 234
64 234
65 234
86 234
87 234
90 234
99 234
105 234
117 234
119 234
121 234
124 234
128 234
129 234
134 234
136 234
145 234
152 234
153 234
159 234
165 234
167 234
190 234
194 234
199 234
207 234
222 234
225 234
228 234
229 234
236 234
243 234
245 234
246 234
247 234
251 234
258 234
264 234
274 234
277 234
285 234
287 234
295 234
299 234
311 234
312 234
315 234
316 234
318 234
325 234
326 234
359 234
369 234
377 234
381 234
403 234
435 234
446 234
459 234
463 234
513 234
528 234
534 234
539 234
557 234
571 234
573 234
576 234
589 234
602 234
604 234
616 234
626 234
647 234
655 234
670 234
833 234
858 234
859 234
864 234
2 235
3 235
9 235
28 235
56 235
65 235
79 235
86 235
112 235
124 235
134 235
143 235
144 235
145 235
168 235
183 235
190 235
207 235
224 235
228 235
236 235
243 235
244 235
245 235
247 235
255 235
269 235
285 235
425 235
442 235
446 235
447 235
485 235
733 235
922 235
941 235
3 236
9 236
19 236
63 236
65 236
86 236
124 236
134 236
145 236
165 236
168 236
190 236
207 236
222 236
224 236
228 236
235 236
243 236
245 236
247 236
312 236
359 236
399 236
446 236
858 236
2 237
3 237
9 237
18 237
19 237
23 237
41 237
42 237
43 237
56 237
63 237
86 237
121 237
128 237
134 237
145 237
165 237
190 237
201 237
207 237
222 237
224 237
225 237
228 237
243 237
245 237
247 237
277 237
287 237
291 237
297 237
312 237
319 237
327 237
359 237
368 237
410 237
412 237
435 237
446 237
534 237
568 237
604 237
634 237
650 237
768 237
886 237
2 238
3 238
4 238
5 238
6 238
7 238
8 238
9 238
11 238
12 238
17 238
20 238
23 238
25 238
28 238
32 238
37 238
42 238
45 238
48 238
51 238
53 238
56 238
61 238
63 238
65 238
66 238
75 238
86 238
96 238
99 238
108 238
110 238
120 238
121 238
128 238
129 238
134 238
135 238
144 238
145 238
152 238
157 238
165 238
170 238
173 238
176 238
181 238
190 238
194 238
199 238
201 238
207 238
209 238
222 238
224 238
225 238
229 238
236 238
239 238
241 238
243 238
244 238
245 238
247 238
249 238
251 238
260 238
262 238
264 238
269 238
274 238
277 238
279 238
280 238
285 238
286 238
287 238
296 238
297 238
299 238
301 238
307 238
311 238
312 238
317 238
324 238
325 238
327 238
329 238
330 238
333 238
335 238
347 238
359 238
365 238
367 238
378 238
383 238
390 238
392 238
393 238
399 238
402 238
403 238
404 238
405 238
408 238
412 238
414 238
415 238
420 238
423 238
425 238
428 238
429 238
431 238
434 238
435 238
436 238
441 238
443 238
444 238
446 238
447 238
453 238
454 238
457 238
458 238
460 238
461 238
462 238
463 238
465 238
469 238
472 238
473 238
482 238
483 238
485 238
486 238
489 238
490 238
492 238
494 238
495 238
496 238
497 238
498 238
500 238
504 238
505 238
507 238
508 238
509 238
510 238
513 238
517 238
518 238
522 238
523 238
524 238
526 238
528 238
530 238
531 238
533 238
534 238
536 238
537 238
538 238
539 238
545 238
546 238
548 238
550 238
551 238
554 238
555 238
557 238
561 238
563 238
566 238
568 238
569 238
570 238
571 238
573 238
574 238
577 238
578 238
579 238
583 238
585 238
587 238
589 238
590 238
593 238
595 238
601 238
602 238
603 238
604 238
606 238
608 238
610 238
612 238
613 238
615 238
616 238
617 238
618 238
621 238
623 238
625 238
626 238
628 238
629 238
631 238
633 238
634 238
636 238
638 238
639 238
641 238
643 238
646 238
647 238
649 238
652 238
653 238
655 238
656 238
657 238
662 238
664 238
665 238
667 238
670 238
672 238
674 238
675 238
676 238
681 238
682 238
684 238
686 238
687 238
689 238
691 238
692 238
695 238
696 238
700 238
701 238
704 238
705 238
708 238
710 238
711 238
714 238
715 238
716 238
717 238
719 238
720 238
721 238
722 238
723 238
729 238
730 238
734 238
737 238
738 238
741 238
742 238
744 238
745 238
746 238
748 238
750 238
753 238
755 238
756 238
757 238
758 238
760 238
761 238
762 238
767 238
769 238
772 238
774 238
776 238
779 238
782 238
783 238
784 238
789 238
790 238
791 238
792 238
793 238
794 238
795 238
796 238
798 238
800 238
802 238
806 238
808 238
810 238
811 238
813 238
817 238
818 238
819 238
820 238
821 238
825 238
826 238
828 238
829 238
830 238
833 238
835 238
836 238
840 238
841 238
842 238
843 238
846 238
851 238
852 238
853 238
855 238
856 238
857 238
858 238
859 238
861 238
864 238
865 238
870 238
871 238
874 238
875 238
876 238
877 238
878 238
880 238
881 238
882 238
884 238
887 238
888 238
889 238
890 238
891 238
899 238
902 238
903 238
907 238
908 238
909 238
911 238
913 238
917 238
918 238
919 238
920 238
924 238
925 238
926 238
929 238
932 238
934 238
938 238
939 238
940 238
942 238
944 238
951 238
957 238
958 238
959 238
962 238
963 238
966 238
968 238
969 238
970 238
973 238
976 238
977 238
978 238
980 238
982 238
983 238
985 238
986 238
993 238
994 238
995 238
997 238
1000 238
2 239
3 239
4 239
5 239
8 239
9 239
10 239
11 239
12 239
15 239
16 239
17 239
18 239
19 239
21 239
24 239
25 239
28 239
30 239
31 239
34 239
37 239
38 239
43 239
45 239
46 239
47 239
49 239
50 239
51 239
52 239
53 239
54 239
56 239
57 239
58 239
59 239
60 239
61 239
63 239
65 239
66 239
68 239
69 239
71 239
73 239
75 239
80 239
81 239
83 239
86 239
88 239
92 239
96 239
98 239
99 239
101 239
102 239
105 239
106 239
108 239
110 239
113 239
114 239
115 239
117 239
120 239
121 239
123 239
124 239
125 239
126 239
128 239
129 239
132 239
133 239
134 239
138 239
139 239
142 239
143 239
145 239
146 239
150 239
152 239
153 239
155 239
158 239
164 239
165 239
168 239
169 239
173 239
175 239
177 239
178 239
179 239
181 239
182 239
183 239
186 239
188 239
189 239
190 239
191 239
193 239
194 239
196 239
199 239
206 239
207 239
209 239
214 239
215 239
216 239
222 239
223 239
224 239
225 239
229 239
230 239
234 239
238 239
243 239
244 239
246 239
247 239
250 239
251 239
253 239
257 239
258 239
259 239
260 239
261 239
264 239
267 239
268 239
269 239
270 239
274 239
276 239
277 239
279 239
280 239
281 239
283 239
284 239
285 239
286 239
289 239
290 239
291 239
294 239
295 239
296 239
297 239
299 239
301 239
302 239
303 239
305 239
308 239
311 239
312 239
313 239
315 239
320 239
323 239
324 239
325 239
327 239
328 239
330 239
331 239
333 239
334 239
335 239
340 239
341 239
343 239
347 239
349 239
350 239
354 239
358 239
359 239
361 239
364 239
365 239
366 239
367 239
368 239
369 239
371 239
373 239
375 239
377 239
378 239
379 239
380 239
381 239
382 239
383 239
384 239
389 239
390 239
392 239
395 239
396 239
399 239
404 239
405 239
409 239
412 239
413 239
417 239
422 239
425 239
426 239
427 239
429 239
431 239
435 239
436 239
437 239
438 239
441 239
442 239
443 239
446 239
447 239
449 239
450 239
451 239
453 239
454 239
456 239
457 239
458 239
459 239
460 239
463 239
465 239
466 239
468 239
469 239
471 239
472 239
473 239
474 239
478 239
479 239
481 239
483 239
485 239
488 239
489 239
490 239
493 239
496 239
499 239
503 239
504 239
505 239
507 239
508 239
511 239
513 239
516 239
517 239
518 239
519 239
520 239
521 239
523 239
526 239
528 239
533 239
534 239
536 239
539 239
540 239
544 239
548 239
549 239
550 239
553 239
554 239
555 239
557 239
559 239
566 239
568 239
569 239
570 239
571 239
573 239
574 239
576 239
578 239
580 239
581 239
582 239
583 239
585 239
587 239
589 239
590 239
593 239
595 239
597 239
598 239
599 239
600 239
601 239
602 239
603 239
604 239
606 239
608 239
610 239
611 239
612 239
613 239
615 239
616 239
617 239
618 239
621 239
622 239
623 239
626 239
628 239
629 239
630 239
631 239
633 239
634 239
636 239
638 239
639 239
641 239
643 239
645 239
646 239
647 239
649 239
650 239
652 239
653 239
655 239
656 239
657 239
662 239
664 239
665 239
667 239
668 239
671 239
672 239
673 239
675 239
676 239
677 239
679 239
680 239
681 239
682 239
684 239
685 239
686 239
687 239
688 239
689 239
690 239
691 239
692 239
694 239
695 239
696 239
697 239
699 239
700 239
701 239
702 239
704 239
705 239
706 239
708 239
710 239
711 239
714 239
715 239
716 239
717 239
719 239
720 239
721 239
722 239
723 239
725 239
728 239
729 239
730 239
732 239
733 239
734 239
735 239
737 239
738 239
739 239
741 239
744 239
745 239
746 239
748 239
750 239
753 239
754 239
755 239
756 239
757 239
758 239
760 239
761 239
762 239
763 239
764 239
767 239
768 239
769 239
770 239
771 239
772 239
774 239
775 239
776 239
781 239
782 239
783 239
784 239
788 239
790 239
791 239
792 239
793 239
794 239
795 239
796 239
797 239
798 239
799 239
800 239
803 239
804 239
805 239
806 239
808 239
809 239
810 239
811 239
813 239
816 239
818 239
819 239
820 239
821 239
825 239
826 239
827 239
828 239
829 239
830 239
831 239
832 239
833 239
834 239
835 239
836 239
837 239
838 239
840 239
841 239
842 239
843 239
846 239
848 239
849 239
851 239
852 239
853 239
855 239
856 239
857 239
858 239
860 239
861 239
862 239
864 239
865 239
868 239
869 239
870 239
871 239
872 239
874 239
875 239
877 239
878 239
880 239
881 239
882 239
883 239
884 239
885 239
887 239
888 239
889 239
890 239
891 239
892 239
895 239
896 239
897 239
899 239
902 239
903 239
907 239
908 239
909 239
910 239
911 239
913 239
917 239
918 239
919 239
920 239
922 239
924 239
925 239
926 239
928 239
929 239
932 239
933 239
934 239
935 239
936 239
938 239
939 239
940 239
941 239
942 239
943 239
944 239
946 239
947 239
949 239
951 239
952 239
953 239
954 239
955 239
957 239
958 239
961 239
962 239
963 239
964 239
965 239
966 239
968 239
969 239
972 239
973 239
974 239
976 239
977 239
978 239
980 239
982 239
983 239
984 239
985 239
986 239
987 239
989 239
991 239
993 239
994 239
995 239
997 239
998 239
999 239
1000 239
9 240
65 240
168 240
222 240
268 240
334 240
602 240
2 241
3 241
5 241
9 241
17 241
20 241
23 241
32 241
39 241
41 241
42 241
45 241
51 241
53 241
62 241
63 241
65 241
71 241
73 241
75 241
86 241
99 241
118 241
120 241
121 241
124 241
134 241
135 241
143 241
145 241
147 241
149 241
157 241
165 241
176 241
190 241
199 241
201 241
207 241
217 241
222 241
224 241
225 241
228 241
229 241
236 241
243 241
244 241
245 241
247 241
252 241
254 241
260 241
262 241
264 241
269 241
274 241
276 241
277 241
279 241
280 241
285 241
287 241
291 241
297 241
301 241
311 241
312 241
315 241
317 241
319 241
327 241
329 241
335 241
336 241
359 241
378 241
381 241
383 241
390 241
392 241
393 241
396 241
399 241
402 241
403 241
408 241
410 241
412 241
414 241
415 241
420 241
423 241
425 241
428 241
429 241
432 241
434 241
435 241
436 241
441 241
444 241
446 241
453 241
454 241
456 241
457 241
458 241
460 241
461 241
462 241
463 241
465 241
469 241
474 241
482 241
483 241
486 241
490 241
492 241
494 241
495 241
496 241
497 241
498 241
500 241
501 241
504 241
505 241
508 241
509 241
510 241
513 241
517 241
522 241
523 241
524 241
526 241
529 241
530 241
531 241
534 241
537 241
538 241
545 241
548 241
550 241
551 241
554 241
555 241
561 241
563 241
566 241
568 241
569 241
570 241
571 241
574 241
579 241
583 241
587 241
602 241
634 241
639 241
655 241
662 241
689 241
691 241
783 241
9 242
62 242
65 242
112 242
118 242
120 242
133 242
134 242
143 242
145 242
147 242
153 242
157 242
165 242
169 242
176 242
207 242
228 242
236 242
245 242
252 242
255 242
399 242
432 242
442 242
462 242
543 242
602 242
634 242
642 242
2 243
3 243
9 243
14 243
15 243
19 243
25 243
30 243
40 243
51 243
60 243
63 243
65 243
73 243
86 243
129 243
134 243
142 243
145 243
152 243
159 243
165 243
183 243
190 243
201 243
207 243
208 243
222 243
224 243
225 243
228 243
233 243
235 243
237 243
239 243
241 243
244 243
245 243
247 243
249 243
251 243
269 243
274 243
279 243
280 243
287 243
297 243
301 243
311 243
312 243
317 243
325 243
329 243
340 243
349 243
350 243
351 243
352 243
359 243
364 243
366 243
368 243
393 243
396 243
399 243
405 243
406 243
412 243
431 243
435 243
436 243
437 243
446 243
447 243
453 243
457 243
460 243
466 243
473 243
474 243
475 243
484 243
496 243
504 243
508 243
509 243
522 243
528 243
546 243
548 243
552 243
559 243
568 243
570 243
576 243
579 243
585 243
586 243
587 243
593 243
598 243
602 243
604 243
611 243
616 243
625 243
626 243
635 243
639 243
640 243
642 243
643 243
650 243
655 243
660 243
686 243
691 243
716 243
783 243
858 243
882 243
889 243
2 244
3 244
4 244
5 244
9 244
17 244
18 244
25 244
28 244
45 244
51 244
53 244
63 244
65 244
66 244
72 244
73 244
86 244
92 244
99 244
120 244
129 244
134 244
139 244
143 244
145 244
165 244
171 244
207 244
209 244
212 244
222 244
224 244
225 244
226 244
228 244
233 244
241 244
243 244
245 244
247 244
251 244
253 244
255 244
257 244
274 244
276 244
283 244
285 244
287 244
295 244
296 244
297 244
303 244
311 244
312 244
315 244
317 244
318 244
329 244
340 244
347 244
350 244
358 244
359 244
367 244
378 244
399 244
405 244
412 244
427 244
436 244
446 244
453 244
457 244
473 244
474 244
496 244
508 244
517 244
521 244
534 244
539 244
546 244
548 244
557 244
563 244
568 244
570 244
573 244
576 244
590 244
593 244
602 244
604 244
608 244
616 244
626 244
634 244
642 244
647 244
650 244
652 244
655 244
689 244
690 244
691 244
734 244
768 244
773 244
776 244
781 244
783 244
814 244
816 244
825 244
833 244
834 244
842 244
844 244
847 244
849 244
855 244
859 244
861 244
867 244
877 244
884 244
885 244
886 244
889 244
890 244
907 244
909 244
918 244
926 244
929 244
941 244
944 244
946 244
951 244
952 244
954 244
958 244
959 244
961 244
970 244
976 244
978 244
993 244
997 244
3 245
5 245
9 245
56 245
63 245
65 245
86 245
87 245
112 245
134 245
136 245
145 245
153 245
165 245
168 245
177 245
183 245
190 245
207 245
208 245
222 245
224 245
228 245
237 245
241 245
243 245
244 245
247 245
251 245
285 245
293 245
297 245
309 245
312 245
359 245
435 245
446 245
473 245
474 245
5 246
8 246
9 246
18 246
23 246
45 246
53 246
63 246
99 246
152 246
189 246
191 246
222 246
228 246
253 246
262 246
288 246
317 246
326 246
378 246
442 246
446 246
447 246
508 246
534 246
602 246
626 246
737 246
768 246
804 246
886 246
907 246
946 246
2 247
3 247
5 247
9 247
14 247
17 247
21 247
23 247
29 247
39 247
40 247
42 247
43 247
44 247
45 247
51 247
53 247
56 247
63 247
65 247
73 247
75 247
86 247
99 247
106 247
112 247
118 247
120 247
121 247
128 247
133 247
134 247
135 247
136 247
143 247
145 247
147 247
152 247
157 247
165 247
168 247
173 247
176 247
183 247
187 247
190 247
201 247
203 247
207 247
208 247
209 247
222 247
224 247
225 247
228 247
237 247
238 247
241 247
243 247
244 247
245 247
249 247
251 247
258 247
260 247
264 247
265 247
267 247
269 247
274 247
276 247
279 247
280 247
283 247
285 247
287 247
291 247
293 247
297 247
303 247
307 247
311 247
312 247
317 247
325 247
329 247
335 247
340 247
349 247
352 247
358 247
359 247
367 247
370 247
372 247
378 247
383 247
390 247
392 247
393 247
396 247
404 247
412 247
428 247
432 247
435 247
436 247
437 247
446 247
447 247
457 247
474 247
482 247
483 247
496 247
508 247
528 247
534 247
539 247
557 247
573 247
576 247
577 247
586 247
593 247
602 247
604 247
626 247
634 247
639 247
650 247
652 247
689 247
691 247
730 247
744 247
783 247
847 247
858 247
961 247
997 247
6 248
60 248
124 248
153 248
159 248
176 248
207 248
228 248
252 248
474 248
513 248
534 248
810 248
908 248
2 249
3 249
9 249
17 249
23 249
63 249
86 249
121 249
145 249
165 249
190 249
207 249
228 249
243 249
247 249
257 249
269 249
287 249
297 249
307 249
311 249
364 249
412 249
419 249
436 249
446 249
462 249
463 249
534 249
568 249
810 249
3 250
9 250
28 250
121 250
228 250
247 250
431 250
446 250
714 250
716 250
3 251
4 251
6 251
9 251
10 251
11 251
17 251
18 251
19 251
21 251
23 251
25 251
28 251
30 251
37 251
38 251
39 251
40 251
42 251
45 251
46 251
49 251
50 251
51 251
53 251
56 251
60 251
61 251
62 251
63 251
65 251
66 251
71 251
73 251
75 251
81 251
86 251
87 251
92 251
96 251
99 251
108 251
110 251
113 251
114 251
118 251
120 251
121 251
128 251
129 251
132 251
133 251
134 251
136 251
139 251
143 251
145 251
146 251
147 251
152 251
153 251
155 251
160 251
165 251
168 251
173 251
176 251
177 251
178 251
179 251
181 251
183 251
186 251
187 251
190 251
193 251
194 251
199 251
201 251
206 251
207 251
208 251
209 251
212 251
213 251
214 251
216 251
222 251
224 251
225 251
226 251
228 251
229 251
230 251
233 251
234 251
238 251
241 251
243 251
244 251
245 251
247 251
251 251
252 251
253 251
254 251
257 251
258 251
259 251
260 251
264 251
265 251
267 251
269 251
271 251
274 251
276 251
277 251
279 251
280 251
283 251
286 251
287 251
291 251
293 251
295 251
296 251
297 251
301 251
303 251
306 251
307 251
309 251
311 251
312 251
313 251
317 251
323 251
325 251
327 251
329 251
330 251
334 251
335 251
340 251
342 251
343 251
345 251
347 251
348 251
349 251
350 251
352 251
358 251
359 251
361 251
365 251
366 251
367 251
369 251
371 251
372 251
375 251
377 251
378 251
379 251
381 251
383 251
384 251
390 251
392 251
393 251
395 251
396 251
399 251
402 251
404 251
405 251
408 251
410 251
412 251
414 251
415 251
417 251
419 251
425 251
429 251
431 251
432 251
434 251
435 251
436 251
437 251
439 251
443 251
446 251
447 251
448 251
451 251
453 251
456 251
457 251
459 251
460 251
463 251
466 251
467 251
468 251
469 251
472 251
473 251
474 251
475 251
476 251
478 251
479 251
481 251
483 251
484 251
487 251
488 251
489 251
493 251
494 251
496 251
497 251
499 251
503 251
505 251
507 251
508 251
511 251
513 251
514 251
516 251
517 251
518 251
521 251
528 251
529 251
534 251
536 251
539 251
543 251
546 251
550 251
553 251
555 251
557 251
558 251
559 251
566 251
569 251
570 251
573 251
576 251
577 251
578 251
585 251
586 251
587 251
589 251
590 251
593 251
595 251
597 251
598 251
601 251
602 251
603 251
604 251
606 251
608 251
610 251
611 251
612 251
613 251
615 251
616 251
617 251
618 251
620 251
621 251
622 251
623 251
625 251
626 251
628 251
629 251
630 251
631 251
633 251
634 251
635 251
636 251
638 251
639 251
640 251
641 251
642 251
643 251
644 251
645 251
646 251
647 251
649 251
650 251
652 251
653 251
655 251
656 251
657 251
660 251
662 251
664 251
665 251
667 251
668 251
670 251
671 251
672 251
674 251
675 251
676 251
677 251
679 251
681 251
682 251
684 251
686 251
687 251
688 251
689 251
690 251
691 251
692 251
695 251
696 251
697 251
699 251
700 251
701 251
702 251
704 251
705 251
707 251
708 251
710 251
711 251
712 251
714 251
715 251
717 251
719 251
720 251
721 251
723 251
729 251
730 251
734 251
737 251
738 251
741 251
742 251
744 251
745 251
746 251
748 251
750 251
753 251
754 251
755 251
756 251
757 251
758 251
760 251
761 251
764 251
769 251
770 251
771 251
772 251
773 251
774 251
776 251
779 251
781 251
782 251
783 251
784 251
788 251
789 251
790 251
791 251
792 251
793 251
794 251
795 251
796 251
798 251
800 251
802 251
803 251
804 251
805 251
806 251
808 251
809 251
810 251
811 251
812 251
813 251
814 251
816 251
817 251
818 251
819 251
820 251
821 251
822 251
823 251
825 251
826 251
827 251
828 251
829 251
830 251
833 251
834 251
835 251
836 251
838 251
839 251
840 251
841 251
842 251
843 251
846 251
847 251
849 251
852 251
853 251
855 251
856 251
857 251
858 251
859 251
860 251
861 251
864 251
865 251
867 251
870 251
871 251
872 251
874 251
875 251
876 251
877 251
878 251
880 251
881 251
882 251
884 251
885 251
886 251
887 251
888 251
889 251
890 251
891 251
896 251
897 251
899 251
902 251
903 251
907 251
908 251
909 251
910 251
911 251
913 251
917 251
918 251
919 251
920 251
921 251
922 251
924 251
925 251
926 251
927 251
928 251
929 251
933 251
934 251
935 251
938 251
939 251
940 251
941 251
942 251
944 251
946 251
949 251
951 251
952 251
954 251
956 251
957 251
958 251
961 251
962 251
963 251
965 251
966 251
968 251
969 251
970 251
972 251
973 251
974 251
976 251
977 251
978 251
980 251
982 251
983 251
984 251
985 251
986 251
988 251
993 251
994 251
995 251
997 251
999 251
1000 251
3 252
6 252
9 252
14 252
25 252
27 252
56 252
62 252
65 252
73 252
92 252
121 252
134 252
136 252
143 252
145 252
160 252
207 252
214 252
222 252
224 252
228 252
247 252
264 252
274 252
276 252
290 252
296 252
297 252
329 252
358 252
399 252
442 252
474 252
508 252
576 252
593 252
626 252
642 252
655 252
691 252
733 252
734 252
781 252
783 252
785 252
821 252
834 252
858 252
881 252
952 252
954 252
978 252
997 252
3 253
4 253
9 253
30 253
56 253
65 253
86 253
99 253
114 253
121 253
132 253
133 253
139 253
168 253
177 253
207 253
217 253
228 253
246 253
247 253
297 253
303 253
350 253
369 253
399 253
446 253
463 253
473 253
521 253
534 253
539 253
546 253
602 253
626 253
634 253
647 253
655 253
797 253
847 253
858 253
946 253
951 253
961 253
980 253
997 253
3 254
9 254
18 254
23 254
30 254
56 254
63 254
65 254
86 254
121 254
124 254
135 254
143 254
145 254
165 254
168 254
190 254
207 254
214 254
222 254
228 254
229 254
247 254
251 254
257 254
287 254
288 254
307 254
341 254
361 254
377 254
446 254
469 254
783 254
858 254
3 255
9 255
62 255
63 255
65 255
86 255
121 255
134 255
136 255
143 255
177 255
183 255
190 255
191 255
207 255
222 255
228 255
244 255
247 255
271 255
280 255
285 255
399 255
446 255
462 255
634 255
858 255
3 256
9 256
17 256
56 256
62 256
63 256
65 256
86 256
118 256
120 256
121 256
124 256
128 256
134 256
145 256
147 256
165 256
183 256
190 256
191 256
207 256
208 256
222 256
224 256
228 256
234 256
241 256
244 256
247 256
254 256
255 256
257 256
271 256
280 256
293 256
301 256
319 256
399 256
446 256
462 256
634 256
662 256
858 256
2 257
3 257
4 257
5 257
6 257
7 257
8 257
9 257
17 257
18 257
19 257
25 257
28 257
50 257
51 257
54 257
56 257
63 257
65 257
73 257
75 257
86 257
110 257
121 257
124 257
128 257
129 257
134 257
144 257
145 257
162 257
165 257
177 257
189 257
194 257
199 257
207 257
209 257
212 257
213 257
224 257
225 257
226 257
228 257
229 257
233 257
243 257
244 257
247 257
249 257
251 257
258 257
267 257
271 257
274 257
283 257
301 257
307 257
311 257
312 257
319 257
324 257
329 257
342 257
347 257
350 257
359 257
361 257
364 257
368 257
369 257
378 257
399 257
405 257
408 257
414 257
417 257
419 257
435 257
436 257
446 257
457 257
465 257
473 257
474 257
483 257
496 257
497 257
508 257
517 257
534 257
539 257
540 257
555 257
563 257
564 257
566 257
573 257
576 257
577 257
579 257
602 257
604 257
611 257
616 257
626 257
631 257
634 257
640 257
647 257
655 257
662 257
689 257
691 257
695 257
716 257
718 257
758 257
783 257
822 257
830 257
858 257
880 257
885 257
886 257
907 257
908 257
926 257
959 257
961 257
965 257
997 257
2 258
3 258
4 258
5 258
9 258
12 258
15 258
17 258
18 258
19 258
21 258
23 258
25 258
28 258
30 258
39 258
42 258
50 258
51 258
53 258
56 258
60 258
62 258
63 258
65 258
66 258
73 258
75 258
81 258
86 258
101 258
106 258
108 258
110 258
114 258
118 258
120 258
121 258
124 258
128 258
129 258
133 258
134 258
143 258
145 258
146 258
152 258
155 258
165 258
169 258
173 258
176 258
179 258
181 258
183 258
190 258
193 258
194 258
199 258
207 258
209 258
213 258
214 258
216 258
217 258
222 258
224 258
225 258
226 258
228 258
229 258
230 258
234 258
236 258
243 258
244 258
247 258
251 258
257 258
259 258
265 258
267 258
268 258
269 258
274 258
276 258
280 258
283 258
285 258
287 258
291 258
295 258
296 258
297 258
301 258
302 258
311 258
312 258
315 258
317 258
325 258
327 258
329 258
335 258
347 258
350 258
358 258
359 258
361 258
364 258
366 258
378 258
381 258
392 258
399 258
404 258
405 258
408 258
412 258
417 258
429 258
431 258
435 258
436 258
442 258
443 258
446 258
447 258
448 258
457 258
460 258
462 258
463 258
466 258
467 258
473 258
474 258
478 258
483 258
487 258
496 258
499 258
503 258
513 258
518 258
528 258
532 258
533 258
534 258
539 258
546 258
550 258
553 258
557 258
559 258
563 258
566 258
568 258
570 258
573 258
576 258
577 258
579 258
581 258
589 258
593 258
598 258
602 258
604 258
606 258
611 258
615 258
616 258
618 258
626 258
633 258
634 258
636 258
639 258
640 258
643 258
644 258
646 258
647 258
650 258
655 258
660 258
662 258
664 258
667 258
671 258
675 258
689 258
690 258
691 258
702 258
704 258
705 258
714 258
716 258
733 258
739 258
754 258
758 258
762 258
770 258
771 258
774 258
781 258
783 258
788 258
800 258
816 258
820 258
822 258
830 258
834 258
842 258
847 258
849 258
858 258
864 258
867 258
871 258
872 258
876 258
877 258
880 258
884 258
885 258
886 258
889 258
897 258
907 258
926 258
927 258
928 258
929 258
941 258
944 258
946 258
952 258
954 258
958 258
963 258
966 258
970 258
974 258
976 258
978 258
984 258
997 258
999 258
3 259
9 259
56 259
62 259
86 259
121 259
124 259
128 259
145 259
177 259
217 259
224 259
225 259
228 259
229 259
251 259
258 259
269 259
343 259
399 259
446 259
462 259
483 259
576 259
599 259
606 259
626 259
634 259
739 259
783 259
858 259
880 259
2 260
3 260
9 260
18 260
24 260
25 260
27 260
51 260
54 260
56 260
58 260
63 260
83 260
86 260
108 260
114 260
115 260
121 260
129 260
134 260
138 260
143 260
145 260
155 260
165 260
190 260
194 260
206 260
207 260
214 260
222 260
224 260
225 260
229 260
239 260
244 260
247 260
251 260
255 260
268 260
274 260
280 260
285 260
296 260
301 260
303 260
306 260
309 260
311 260
312 260
315 260
325 260
341 260
347 260
350 260
358 260
359 260
369 260
373 260
377 260
378 260
379 260
383 260
399 260
409 260
412 260
425 260
426 260
429 260
431 260
446 260
447 260
448 260
451 260
456 260
457 260
462 260
463 260
473 260
479 260
503 260
508 260
518 260
521 260
528 260
534 260
539 260
548 260
554 260
573 260
576 260
577 260
585 260
587 260
593 260
604 260
616 260
617 260
626 260
630 260
634 260
646 260
656 260
660 260
675 260
680 260
682 260
686 260
714 260
725 260
732 260
734 260
741 260
746 260
754 260
761 260
762 260
771 260
783 260
788 260
791 260
801 260
828 260
834 260
851 260
858 260
864 260
871 260
872 260
877 260
880 260
895 260
897 260
922 260
946 260
951 260
953 260
958 260
966 260
972 260
976 260
989 260
999 260
9 262
56 262
65 262
129 262
207 262
228 262
311 262
358 262
359 262
447 262
534 262
647 262
771 262
858 262
875 262
997 262
65 263
121 263
153 263
183 263
222 263
228 263
293 263
447 263
858 263
2 264
3 264
5 264
9 264
14 264
16 264
17 264
23 264
42 264
45 264
63 264
65 264
75 264
86 264
99 264
101 264
120 264
121 264
128 264
136 264
145 264
153 264
162 264
165 264
167 264
176 264
177 264
183 264
190 264
222 264
225 264
228 264
234 264
241 264
243 264
247 264
251 264
279 264
285 264
287 264
297 264
301 264
311 264
312 264
316 264
318 264
326 264
327 264
329 264
335 264
359 264
378 264
383 264
392 264
399 264
412 264
434 264
436 264
446 264
447 264
456 264
457 264
460 264
474 264
483 264
534 264
573 264
604 264
652 264
655 264
691 264
792 264
849 264
885 264
974 264
2 265
3 265
19 265
26 265
56 265
67 265
119 265
121 265
136 265
165 265
177 265
217 265
247 265
251 265
340 265
422 265
446 265
447 265
858 265
183 266
222 266
875 266
2 267
3 267
4 267
5 267
9 267
21 267
25 267
28 267
40 267
42 267
45 267
50 267
51 267
53 267
54 267
60 267
62 267
63 267
65 267
66 267
73 267
75 267
86 267
99 267
110 267
112 267
119 267
121 267
124 267
129 267
133 267
134 267
143 267
145 267
158 267
162 267
164 267
165 267
168 267
176 267
183 267
190 267
194 267
197 267
199 267
204 267
207 267
209 267
213 267
216 267
222 267
224 267
225 267
226 267
228 267
241 267
243 267
244 267
247 267
251 267
257 267
258 267
260 267
264 267
268 267
271 267
274 267
276 267
277 267
279 267
283 267
285 267
287 267
294 267
295 267
296 267
297 267
301 267
303 267
309 267
311 267
312 267
315 267
325 267
333 267
334 267
335 267
342 267
343 267
347 267
350 267
352 267
357 267
359 267
368 267
374 267
378 267
399 267
404 267
405 267
414 267
417 267
431 267
442 267
443 267
446 267
447 267
456 267
457 267
462 267
463 267
469 267
473 267
474 267
482 267
485 267
507 267
508 267
513 267
516 267
517 267
518 267
534 267
540 267
548 267
553 267
555 267
557 267
559 267
566 267
570 267
573 267
576 267
577 267
593 267
602 267
604 267
615 267
616 267
618 267
626 267
628 267
629 267
634 267
640 267
646 267
647 267
655 267
667 267
675 267
681 267
689 267
690 267
691 267
702 267
704 267
734 267
741 267
746 267
754 267
764 267
767 267
771 267
776 267
783 267
789 267
794 267
804 267
806 267
816 267
817 267
830 267
834 267
847 267
849 267
852 267
855 267
858 267
864 267
867 267
875 267
877 267
880 267
884 267
885 267
896 267
907 267
920 267
928 267
952 267
954 267
970 267
978 267
997 267
25 268
168 268
329 268
333 268
359 268
508 268
602 268
689 268
690 268
2 269
3 269
5 269
9 269
21 269
23 269
28 269
39 269
59 269
63 269
65 269
66 269
73 269
75 269
86 269
112 269
128 269
129 269
134 269
143 269
145 269
152 269
153 269
165 269
176 269
190 269
207 269
222 269
224 269
225 269
228 269
229 269
235 269
243 269
247 269
251 269
257 269
258 269
274 269
280 269
283 269
287 269
297 269
310 269
311 269
312 269
325 269
346 269
359 269
376 269
399 269
404 269
412 269
446 269
447 269
469 269
473 269
474 269
484 269
496 269
528 269
539 269
540 269
576 269
589 269
602 269
604 269
616 269
651 269
716 269
771 269
783 269
834 269
858 269
880 269
952 269
954 269
978 269
997 269
3 270
9 270
12 270
25 270
30 270
49 270
53 270
56 270
114 270
124 270
129 270
139 270
162 270
184 270
190 270
206 270
229 270
247 270
303 270
312 270
323 270
325 270
375 270
380 270
399 270
425 270
429 270
431 270
463 270
534 270
576 270
602 270
674 270
681 270
809 270
886 270
946 270
966 270
3 271
5 271
6 271
17 271
18 271
19 271
20 271
25 271
28 271
32 271
42 271
51 271
53 271
54 271
56 271
57 271
62 271
63 271
64 271
65 271
74 271
81 271
83 271
86 271
93 271
94 271
98 271
101 271
110 271
111 271
112 271
118 271
119 271
121 271
124 271
125 271
130 271
134 271
135 271
143 271
145 271
147 271
152 271
157 271
165 271
170 271
176 271
185 271
190 271
191 271
196 271
201 271
207 271
217 271
222 271
224 271
225 271
228 271
241 271
243 271
247 271
249 271
250 271
251 271
255 271
257 271
262 271
264 271
267 271
269 271
277 271
279 271
285 271
287 271
288 271
292 271
294 271
295 271
297 271
307 271
310 271
311 271
317 271
318 271
327 271
334 271
335 271
342 271
345 271
351 271
359 271
393 271
399 271
402 271
403 271
408 271
414 271
415 271
420 271
423 271
425 271
428 271
429 271
434 271
435 271
436 271
441 271
443 271
444 271
446 271
453 271
454 271
457 271
458 271
460 271
461 271
462 271
463 271
465 271
469 271
482 271
483 271
486 271
487 271
490 271
492 271
494 271
495 271
496 271
497 271
498 271
500 271
504 271
505 271
506 271
508 271
509 271
510 271
513 271
517 271
518 271
521 271
522 271
523 271
524 271
526 271
529 271
530 271
531 271
534 271
537 271
538 271
543 271
545 271
546 271
548 271
550 271
551 271
553 271
554 271
555 271
559 271
561 271
563 271
564 271
566 271
568 271
569 271
570 271
571 271
574 271
579 271
583 271
587 271
602 271
606 271
608 271
626 271
630 271
634 271
641 271
662 271
681 271
689 271
711 271
734 271
741 271
783 271
802 271
811 271
852 271
853 271
875 271
881 271
886 271
964 271
978 271
980 271
997 271
3 272
6 272
50 272
60 272
62 272
63 272
65 272
86 272
121 272
124 272
128 272
145 272
165 272
190 272
207 272
213 272
217 272
224 272
243 272
247 272
255 272
257 272
260 272
277 272
287 272
311 272
331 272
340 272
359 272
392 272
399 272
446 272
447 272
462 272
474 272
497 272
513 272
534 272
557 272
563 272
599 272
634 272
771 272
875 272
130 273
135 273
145 273
153 273
185 273
212 273
634 273
718 273
2 274
3 274
4 274
6 274
8 274
9 274
10 274
11 274
12 274
14 274
17 274
18 274
19 274
21 274
23 274
25 274
27 274
28 274
30 274
31 274
37 274
38 274
42 274
45 274
46 274
47 274
49 274
50 274
51 274
53 274
54 274
61 274
62 274
63 274
65 274
66 274
73 274
75 274
81 274
86 274
92 274
96 274
99 274
108 274
110 274
113 274
114 274
120 274
121 274
128 274
129 274
132 274
133 274
134 274
136 274
139 274
143 274
144 274
145 274
146 274
155 274
158 274
160 274
165 274
168 274
173 274
176 274
177 274
178 274
179 274
181 274
183 274
186 274
190 274
191 274
193 274
194 274
199 274
206 274
207 274
208 274
209 274
212 274
213 274
214 274
215 274
216 274
222 274
224 274
225 274
226 274
228 274
229 274
230 274
234 274
238 274
239 274
241 274
243 274
244 274
247 274
251 274
252 274
253 274
254 274
257 274
258 274
259 274
260 274
265 274
267 274
269 274
274 274
276 274
277 274
279 274
280 274
283 274
286 274
287 274
291 274
295 274
296 274
297 274
299 274
301 274
303 274
306 274
309 274
311 274
312 274
313 274
317 274
323 274
324 274
325 274
327 274
329 274
330 274
333 274
335 274
340 274
342 274
343 274
345 274
347 274
348 274
349 274
350 274
352 274
358 274
359 274
361 274
364 274
365 274
366 274
369 274
371 274
372 274
373 274
375 274
377 274
378 274
381 274
390 274
392 274
393 274
396 274
399 274
402 274
404 274
405 274
407 274
409 274
410 274
412 274
414 274
417 274
419 274
425 274
429 274
431 274
432 274
435 274
436 274
437 274
439 274
442 274
443 274
446 274
447 274
448 274
451 274
453 274
456 274
457 274
460 274
462 274
463 274
465 274
466 274
468 274
469 274
472 274
473 274
474 274
478 274
479 274
481 274
483 274
489 274
490 274
493 274
496 274
497 274
499 274
503 274
504 274
505 274
507 274
508 274
511 274
513 274
516 274
517 274
518 274
521 274
528 274
533 274
534 274
536 274
539 274
548 274
550 274
553 274
554 274
556 274
557 274
558 274
559 274
563 274
566 274
568 274
570 274
571 274
573 274
576 274
577 274
578 274
581 274
583 274
585 274
586 274
589 274
590 274
593 274
595 274
597 274
599 274
601 274
602 274
603 274
604 274
606 274
608 274
610 274
611 274
612 274
613 274
615 274
616 274
617 274
618 274
621 274
622 274
623 274
625 274
626 274
628 274
629 274
630 274
631 274
633 274
634 274
635 274
636 274
638 274
639 274
640 274
641 274
643 274
646 274
647 274
649 274
650 274
651 274
652 274
653 274
655 274
656 274
657 274
660 274
662 274
664 274
665 274
667 274
668 274
670 274
671 274
672 274
673 274
675 274
676 274
677 274
678 274
679 274
681 274
682 274
683 274
684 274
686 274
687 274
689 274
690 274
691 274
692 274
694 274
695 274
696 274
697 274
700 274
701 274
702 274
704 274
705 274
708 274
710 274
711 274
714 274
715 274
716 274
717 274
718 274
719 274
720 274
721 274
722 274
723 274
725 274
728 274
729 274
730 274
734 274
737 274
738 274
739 274
741 274
742 274
744 274
745 274
746 274
748 274
750 274
753 274
754 274
755 274
756 274
757 274
758 274
760 274
761 274
764 274
767 274
769 274
770 274
771 274
772 274
774 274
776 274
779 274
782 274
783 274
784 274
788 274
789 274
790 274
791 274
792 274
793 274
794 274
795 274
796 274
797 274
798 274
800 274
801 274
803 274
804 274
806 274
808 274
809 274
810 274
811 274
813 274
816 274
817 274
818 274
819 274
820 274
821 274
822 274
825 274
826 274
827 274
828 274
829 274
830 274
833 274
834 274
835 274
836 274
838 274
839 274
840 274
841 274
842 274
843 274
846 274
847 274
849 274
852 274
855 274
856 274
857 274
858 274
859 274
860 274
861 274
862 274
864 274
865 274
867 274
870 274
872 274
874 274
875 274
876 274
877 274
878 274
880 274
881 274
882 274
883 274
884 274
885 274
886 274
887 274
888 274
889 274
890 274
891 274
896 274
897 274
899 274
902 274
903 274
907 274
908 274
909 274
911 274
913 274
917 274
918 274
919 274
920 274
922 274
924 274
925 274
926 274
928 274
929 274
932 274
934 274
935 274
938 274
939 274
940 274
941 274
942 274
944 274
946 274
949 274
951 274
952 274
954 274
955 274
956 274
957 274
958 274
960 274
961 274
962 274
963 274
965 274
966 274
968 274
969 274
970 274
972 274
973 274
974 274
976 274
977 274
978 274
980 274
982 274
983 274
984 274
985 274
986 274
988 274
993 274
994 274
995 274
997 274
999 274
1000 274
3 275
5 275
25 275
134 275
176 275
247 275
279 275
404 275
499 275
651 275
783 275
2 276
3 276
9 276
14 276
17 276
25 276
28 276
30 276
38 276
39 276
42 276
45 276
51 276
56 276
63 276
65 276
66 276
73 276
75 276
86 276
99 276
105 276
110 276
112 276
120 276
121 276
126 276
128 276
129 276
134 276
143 276
144 276
145 276
152 276
153 276
165 276
168 276
177 276
178 276
183 276
190 276
191 276
194 276
199 276
214 276
216 276
222 276
224 276
225 276
228 276
229 276
243 276
244 276
247 276
251 276
258 276
267 276
274 276
280 276
283 276
287 276
295 276
296 276
297 276
301 276
302 276
306 276
309 276
311 276
312 276
317 276
323 276
325 276
327 276
340 276
347 276
349 276
350 276
359 276
368 276
377 276
378 276
380 276
384 276
392 276
399 276
412 276
417 276
429 276
431 276
435 276
436 276
442 276
443 276
446 276
447 276
451 276
453 276
456 276
457 276
460 276
463 276
467 276
469 276
471 276
472 276
473 276
474 276
478 276
479 276
482 276
485 276
496 276
500 276
508 276
513 276
516 276
518 276
528 276
533 276
534 276
539 276
546 276
548 276
553 276
556 276
557 276
573 276
576 276
589 276
593 276
602 276
604 276
611 276
616 276
617 276
618 276
619 276
626 276
628 276
634 276
643 276
646 276
647 276
650 276
651 276
655 276
670 276
674 276
675 276
679 276
680 276
681 276
689 276
690 276
691 276
704 276
706 276
710 276
714 276
716 276
734 276
738 276
754 276
758 276
761 276
771 276
775 276
783 276
811 276
816 276
819 276
827 276
828 276
834 276
843 276
847 276
858 276
859 276
870 276
880 276
885 276
889 276
898 276
911 276
941 276
952 276
965 276
976 276
978 276
995 276
997 276
17 277
73 277
121 277
145 277
201 277
222 277
378 277
389 277
436 277
457 277
474 277
534 277
539 277
566 277
634 277
655 277
689 277
690 277
771 277
774 277
856 277
961 277
997 277
3 278
63 278
86 278
121 278
130 278
145 278
165 278
176 278
190 278
201 278
228 278
237 278
243 278
247 278
287 278
301 278
319 278
410 278
446 278
447 278
534 278
557 278
2 279
3 279
17 279
23 279
45 279
63 279
65 279
86 279
99 279
124 279
134 279
145 279
162 279
165 279
191 279
222 279
225 279
228 279
243 279
247 279
274 279
311 279
312 279
329 279
383 279
392 279
393 279
404 279
412 279
446 279
474 279
602 279
634 279
926 279
2 280
3 280
6 280
8 280
9 280
11 280
17 280
23 280
25 280
28 280
30 280
37 280
45 280
48 280
50 280
51 280
58 280
61 280
62 280
63 280
65 280
66 280
73 280
75 280
86 280
96 280
99 280
110 280
120 280
121 280
129 280
134 280
136 280
139 280
142 280
145 280
157 280
158 280
162 280
165 280
175 280
177 280
181 280
190 280
194 280
199 280
207 280
209 280
222 280
224 280
225 280
228 280
229 280
239 280
243 280
244 280
245 280
247 280
251 280
257 280
258 280
260 280
268 280
269 280
274 280
276 280
283 280
285 280
286 280
290 280
296 280
297 280
301 280
303 280
311 280
312 280
325 280
330 280
347 280
359 280
365 280
367 280
369 280
372 280
373 280
375 280
377 280
378 280
379 280
390 280
399 280
404 280
405 280
409 280
412 280
414 280
425 280
429 280
431 280
436 280
437 280
442 280
443 280
446 280
451 280
453 280
456 280
457 280
463 280
468 280
472 280
473 280
474 280
489 280
496 280
507 280
508 280
516 280
518 280
528 280
533 280
534 280
536 280
539 280
550 280
557 280
566 280
570 280
573 280
576 280
577 280
578 280
590 280
593 280
595 280
601 280
602 280
603 280
606 280
608 280
609 280
610 280
612 280
613 280
616 280
617 280
618 280
621 280
622 280
623 280
625 280
626 280
628 280
629 280
630 280
631 280
633 280
634 280
636 280
638 280
641 280
643 280
646 280
647 280
649 280
652 280
653 280
655 280
656 280
657 280
660 280
662 280
664 280
665 280
667 280
668 280
670 280
672 280
674 280
675 280
676 280
679 280
680 280
681 280
682 280
684 280
686 280
687 280
688 280
689 280
691 280
692 280
695 280
696 280
700 280
701 280
704 280
705 280
708 280
711 280
714 280
715 280
716 280
717 280
719 280
720 280
721 280
722 280
723 280
724 280
725 280
729 280
730 280
734 280
737 280
738 280
739 280
741 280
742 280
744 280
745 280
746 280
748 280
750 280
753 280
754 280
755 280
756 280
757 280
758 280
760 280
761 280
762 280
767 280
769 280
771 280
772 280
774 280
776 280
779 280
782 280
783 280
784 280
789 280
791 280
792 280
793 280
794 280
795 280
796 280
798 280
800 280
804 280
806 280
808 280
810 280
811 280
813 280
816 280
817 280
818 280
819 280
820 280
821 280
825 280
826 280
828 280
829 280
830 280
833 280
834 280
835 280
836 280
840 280
841 280
842 280
843 280
846 280
847 280
849 280
851 280
852 280
853 280
855 280
856 280
857 280
858 280
859 280
860 280
861 280
864 280
865 280
870 280
871 280
873 280
874 280
875 280
876 280
877 280
878 280
880 280
881 280
882 280
884 280
887 280
888 280
889 280
890 280
891 280
899 280
902 280
903 280
907 280
908 280
909 280
911 280
913 280
917 280
918 280
919 280
920 280
922 280
924 280
925 280
926 280
928 280
929 280
932 280
934 280
935 280
938 280
939 280
940 280
942 280
944 280
946 280
951 280
952 280
954 280
955 280
957 280
958 280
962 280
963 280
965 280
966 280
968 280
969 280
970 280
973 280
976 280
977 280
978 280
980 280
982 280
983 280
985 280
986 280
993 280
994 280
995 280
997 280
1000 280
18 281
56 281
86 281
145 281
177 281
217 281
246 281
350 281
422 281
447 281
508 281
534 281
571 281
804 281
886 281
3 282
9 282
63 282
86 282
145 282
165 282
247 282
446 282
2 283
3 283
4 283
6 283
8 283
9 283
10 283
11 283
17 283
18 283
19 283
21 283
23 283
25 283
28 283
30 283
39 283
42 283
47 283
48 283
50 283
51 283
53 283
54 283
61 283
63 283
65 283
66 283
68 283
73 283
75 283
81 283
86 283
92 283
96 283
108 283
110 283
113 283
120 283
121 283
124 283
126 283
128 283
132 283
133 283
134 283
139 283
143 283
144 283
145 283
146 283
155 283
158 283
159 283
165 283
168 283
173 283
175 283
178 283
179 283
181 283
186 283
190 283
194 283
199 283
207 283
209 283
213 283
215 283
216 283
222 283
224 283
225 283
226 283
228 283
229 283
230 283
233 283
239 283
243 283
244 283
247 283
251 283
252 283
257 283
258 283
259 283
260 283
267 283
269 283
274 283
276 283
277 283
279 283
280 283
284 283
285 283
286 283
287 283
296 283
297 283
299 283
301 283
305 283
306 283
307 283
309 283
311 283
315 283
317 283
324 283
325 283
328 283
329 283
330 283
335 283
341 283
342 283
347 283
350 283
358 283
359 283
361 283
364 283
365 283
369 283
371 283
373 283
375 283
377 283
378 283
379 283
384 283
390 283
392 283
399 283
404 283
405 283
412 283
413 283
414 283
417 283
418 283
425 283
431 283
432 283
436 283
438 283
442 283
443 283
446 283
447 283
450 283
451 283
456 283
457 283
460 283
463 283
468 283
473 283
474 283
481 283
482 283
483 283
489 283
493 283
494 283
496 283
505 283
507 283
508 283
511 283
516 283
519 283
528 283
533 283
534 283
539 283
544 283
548 283
550 283
555 283
557 283
559 283
563 283
566 283
569 283
570 283
573 283
576 283
577 283
578 283
580 283
581 283
582 283
585 283
589 283
590 283
593 283
595 283
597 283
600 283
601 283
602 283
603 283
604 283
605 283
606 283
608 283
610 283
611 283
612 283
613 283
615 283
616 283
617 283
618 283
621 283
622 283
623 283
628 283
629 283
630 283
631 283
633 283
634 283
635 283
636 283
638 283
641 283
643 283
645 283
646 283
647 283
649 283
650 283
651 283
652 283
653 283
655 283
656 283
657 283
660 283
662 283
664 283
665 283
667 283
668 283
670 283
671 283
672 283
673 283
674 283
675 283
676 283
679 283
680 283
681 283
682 283
684 283
686 283
687 283
689 283
690 283
691 283
695 283
696 283
697 283
699 283
700 283
701 283
702 283
704 283
705 283
708 283
710 283
711 283
714 283
715 283
716 283
717 283
719 283
720 283
721 283
722 283
723 283
728 283
729 283
730 283
734 283
737 283
738 283
741 283
742 283
744 283
745 283
746 283
748 283
750 283
753 283
755 283
756 283
757 283
758 283
760 283
761 283
762 283
764 283
767 283
769 283
770 283
771 283
772 283
774 283
775 283
776 283
779 283
781 283
782 283
783 283
784 283
788 283
789 283
791 283
792 283
793 283
794 283
795 283
796 283
798 283
800 283
802 283
804 283
805 283
806 283
808 283
810 283
811 283
813 283
816 283
818 283
819 283
820 283
821 283
822 283
825 283
826 283
828 283
829 283
830 283
832 283
833 283
834 283
835 283
836 283
837 283
838 283
840 283
841 283
842 283
843 283
846 283
847 283
849 283
851 283
852 283
855 283
856 283
857 283
858 283
859 283
860 283
861 283
862 283
864 283
865 283
868 283
870 283
871 283
874 283
875 283
876 283
877 283
878 283
880 283
881 283
882 283
883 283
884 283
885 283
886 283
887 283
888 283
889 283
890 283
891 283
895 283
899 283
902 283
903 283
907 283
908 283
909 283
911 283
913 283
917 283
918 283
919 283
920 283
924 283
925 283
926 283
929 283
934 283
935 283
936 283
938 283
939 283
940 283
941 283
942 283
943 283
944 283
946 283
949 283
951 283
952 283
954 283
955 283
957 283
958 283
962 283
963 283
966 283
968 283
969 283
972 283
973 283
974 283
976 283
977 283
978 283
980 283
982 283
983 283
984 283
985 283
986 283
988 283
989 283
993 283
994 283
995 283
997 283
998 283
999 283
1000 283
3 284
23 284
42 284
53 284
63 284
65 284
86 284
118 284
121 284
128 284
134 284
145 284
149 284
165 284
176 284
183 284
190 284
201 284
222 284
224 284
228 284
237 284
241 284
243 284
244 284
247 284
277 284
279 284
287 284
297 284
301 284
315 284
324 284
327 284
329 284
335 284
336 284
341 284
399 284
446 284
634 284
856 284
3 285
17 285
56 285
62 285
63 285
65 285
73 285
86 285
121 285
136 285
143 285
145 285
165 285
168 285
176 285
190 285
222 285
225 285
243 285
244 285
247 285
255 285
312 285
315 285
340 285
359 285
377 285
399 285
412 285
435 285
446 285
447 285
462 285
528 285
557 285
576 285
585 285
586 285
602 285
604 285
616 285
626 285
634 285
788 285
875 285
952 285
978 285
997 285
3 286
40 286
42 286
63 286
73 286
75 286
124 286
135 286
145 286
162 286
165 286
222 286
225 286
228 286
243 286
244 286
247 286
271 286
307 286
436 286
446 286
469 286
474 286
566 286
626 286
771 286
3 287
4 287
5 287
9 287
23 287
42 287
62 287
63 287
65 287
101 287
121 287
128 287
143 287
145 287
165 287
177 287
180 287
183 287
201 287
207 287
244 287
247 287
255 287
264 287
316 287
399 287
446 287
447 287
462 287
516 287
711 287
783 287
847 287
926 287
2 288
3 288
5 288
9 288
12 288
17 288
18 288
19 288
23 288
25 288
27 288
28 288
30 288
42 288
45 288
47 288
49 288
50 288
51 288
52 288
53 288
54 288
56 288
62 288
63 288
65 288
66 288
68 288
73 288
74 288
75 288
77 288
86 288
87 288
92 288
93 288
98 288
99 288
106 288
110 288
111 288
118 288
119 288
121 288
124 288
125 288
129 288
130 288
133 288
134 288
138 288
142 288
143 288
145 288
147 288
151 288
152 288
153 288
154 288
155 288
165 288
175 288
176 288
177 288
180 288
181 288
182 288
183 288
189 288
190 288
191 288
194 288
196 288
197 288
199 288
201 288
206 288
209 288
212 288
213 288
216 288
217 288
222 288
224 288
225 288
227 288
228 288
231 288
234 288
236 288
237 288
239 288
241 288
243 288
244 288
245 288
246 288
247 288
253 288
254 288
259 288
264 288
265 288
269 288
271 288
276 288
279 288
280 288
281 288
285 288
287 288
291 288
294 288
295 288
296 288
297 288
299 288
301 288
303 288
307 288
309 288
310 288
311 288
312 288
313 288
315 288
316 288
317 288
318 288
324 288
325 288
327 288
329 288
330 288
331 288
333 288
334 288
335 288
336 288
341 288
342 288
343 288
345 288
347 288
348 288
350 288
351 288
357 288
358 288
359 288
364 288
366 288
367 288
368 288
369 288
377 288
386 288
390 288
392 288
399 288
405 288
408 288
410 288
412 288
417 288
422 288
427 288
428 288
429 288
431 288
432 288
434 288
435 288
436 288
439 288
443 288
444 288
446 288
447 288
451 288
453 288
457 288
459 288
460 288
462 288
463 288
466 288
468 288
469 288
471 288
472 288
474 288
476 288
479 288
482 288
483 288
487 288
488 288
489 288
494 288
496 288
497 288
501 288
516 288
517 288
518 288
520 288
521 288
523 288
526 288
529 288
532 288
534 288
539 288
546 288
548 288
553 288
554 288
559 288
562 288
564 288
566 288
568 288
570 288
571 288
573 288
575 288
583 288
584 288
585 288
586 288
587 288
591 288
593 288
599 288
602 288
604 288
606 288
608 288
613 288
616 288
620 288
625 288
626 288
629 288
630 288
634 288
635 288
640 288
641 288
642 288
644 288
646 288
647 288
649 288
650 288
652 288
653 288
655 288
660 288
668 288
671 288
674 288
676 288
679 288
680 288
681 288
689 288
690 288
697 288
699 288
702 288
716 288
725 288
734 288
746 288
749 288
750 288
758 288
760 288
768 288
774 288
776 288
779 288
781 288
783 288
792 288
794 288
810 288
811 288
830 288
843 288
847 288
849 288
853 288
855 288
859 288
861 288
864 288
871 288
873 288
877 288
880 288
881 288
882 288
884 288
885 288
886 288
887 288
889 288
897 288
903 288
908 288
928 288
932 288
946 288
952 288
954 288
970 288
978 288
990 288
997 288
999 288
1000 288
2 289
3 289
23 289
63 289
86 289
99 289
105 289
145 289
317 289
390 289
399 289
436 289
446 289
520 289
539 289
616 289
691 289
838 289
856 289
880 289
3 290
52 290
66 290
75 290
114 290
129 290
134 290
143 290
189 290
211 290
214 290
229 290
239 290
247 290
280 290
291 290
299 290
312 290
331 290
347 290
359 290
447 290
472 290
473 290
528 290
534 290
557 290
576 290
589 290
626 290
639 290
646 290
680 290
688 290
714 290
716 290
734 290
828 290
834 290
922 290
3 291
4 291
23 291
25 291
30 291
51 291
63 291
65 291
66 291
73 291
86 291
105 291
134 291
136 291
145 291
146 291
165 291
190 291
199 291
217 291
224 291
225 291
228 291
237 291
239 291
243 291
244 291
247 291
251 291
257 291
258 291
274 291
280 291
295 291
311 291
312 291
317 291
325 291
349 291
350 291
352 291
359 291
366 291
369 291
399 291
412 291
425 291
431 291
437 291
446 291
447 291
451 291
457 291
460 291
463 291
468 291
469 291
473 291
474 291
487 291
534 291
539 291
568 291
573 291
576 291
585 291
593 291
602 291
604 291
616 291
626 291
634 291
655 291
675 291
691 291
750 291
757 291
768 291
773 291
774 291
794 291
803 291
805 291
847 291
872 291
17 292
63 292
145 292
247 292
311 292
359 292
446 292
568 292
774 292
2 293
3 293
23 293
63 293
86 293
121 293
145 293
165 293
183 293
190 293
224 293
228 293
243 293
244 293
247 293
251 293
291 293
297 293
330 293
399 293
412 293
446 293
534 293
593 293
626 293
670 293
716 293
836 293
2 294
3 294
5 294
9 294
12 294
13 294
14 294
16 294
17 294
18 294
23 294
40 294
45 294
51 294
56 294
59 294
62 294
63 294
64 294
65 294
66 294
73 294
75 294
80 294
86 294
98 294
99 294
121 294
129 294
132 294
134 294
136 294
143 294
145 294
152 294
165 294
167 294
168 294
180 294
190 294
191 294
216 294
222 294
225 294
228 294
234 294
243 294
247 294
264 294
267 294
280 294
285 294
288 294
295 294
301 294
302 294
311 294
312 294
315 294
316 294
318 294
325 294
327 294
347 294
359 294
368 294
369 294
399 294
412 294
431 294
441 294
446 294
447 294
454 294
459 294
462 294
474 294
503 294
528 294
534 294
539 294
557 294
602 294
625 294
626 294
634 294
681 294
689 294
711 294
783 294
788 294
794 294
816 294
833 294
843 294
880 294
886 294
2 295
3 295
9 295
17 295
23 295
32 295
40 295
45 295
51 295
63 295
65 295
73 295
75 295
86 295
99 295
105 295
110 295
121 295
129 295
145 295
165 295
190 295
199 295
207 295
224 295
225 295
243 295
247 295
257 295
268 295
274 295
297 295
299 295
301 295
303 295
311 295
312 295
324 295
325 295
327 295
347 295
357 295
366 295
392 295
399 295
408 295
436 295
437 295
446 295
451 295
457 295
460 295
473 295
474 295
482 295
496 295
516 295
534 295
539 295
546 295
557 295
559 295
564 295
570 295
573 295
576 295
577 295
586 295
589 295
618 295
626 295
628 295
634 295
635 295
639 295
647 295
649 295
655 295
662 295
691 295
741 295
754 295
767 295
880 295
952 295
973 295
978 295
980 295
997 295
3 296
12 296
18 296
24 296
25 296
28 296
49 296
53 296
56 296
58 296
60 296
65 296
66 296
68 296
73 296
75 296
86 296
99 296
110 296
114 296
121 296
124 296
129 296
133 296
138 296
139 296
142 296
143 296
145 296
155 296
158 296
165 296
177 296
187 296
189 296
191 296
192 296
193 296
194 296
197 296
199 296
206 296
212 296
214 296
217 296
222 296
224 296
225 296
229 296
239 296
251 296
253 296
260 296
267 296
274 296
280 296
283 296
285 296
301 296
303 296
305 296
306 296
311 296
312 296
315 296
317 296
323 296
324 296
325 296
329 296
347 296
354 296
359 296
369 296
373 296
377 296
378 296
380 296
382 296
408 296
409 296
412 296
417 296
422 296
427 296
429 296
431 296
435 296
442 296
443 296
446 296
447 296
451 296
457 296
463 296
468 296
472 296
473 296
474 296
485 296
496 296
513 296
516 296
521 296
533 296
534 296
539 296
540 296
546 296
550 296
557 296
559 296
571 296
576 296
581 296
602 296
604 296
615 296
616 296
617 296
621 296
626 296
629 296
630 296
634 296
640 296
646 296
647 296
650 296
655 296
656 296
679 296
680 296
681 296
689 296
690 296
701 296
702 296
718 296
725 296
731 296
732 296
738 296
744 296
748 296
754 296
758 296
760 296
762 296
771 296
783 296
786 296
794 296
803 296
809 296
834 296
843 296
847 296
871 296
872 296
880 296
881 296
886 296
896 296
897 296
922 296
946 296
952 296
970 296
976 296
978 296
980 296
989 296
997 296
2 297
3 297
9 297
14 297
15 297
17 297
23 297
25 297
28 297
51 297
56 297
63 297
65 297
66 297
73 297
75 297
77 297
86 297
105 297
110 297
112 297
120 297
121 297
128 297
129 297
134 297
136 297
145 297
165 297
176 297
190 297
199 297
203 297
207 297
222 297
224 297
225 297
226 297
228 297
229 297
241 297
243 297
244 297
245 297
247 297
251 297
253 297
258 297
268 297
274 297
276 297
280 297
293 297
295 297
301 297
311 297
312 297
317 297
325 297
329 297
335 297
340 297
347 297
359 297
377 297
378 297
392 297
399 297
405 297
412 297
417 297
431 297
436 297
446 297
448 297
451 297
453 297
457 297
463 297
473 297
474 297
496 297
528 297
534 297
539 297
548 297
557 297
568 297
570 297
573 297
576 297
577 297
589 297
593 297
596 297
602 297
604 297
606 297
611 297
616 297
618 297
626 297
631 297
633 297
634 297
647 297
649 297
650 297
651 297
652 297
655 297
680 297
689 297
690 297
691 297
702 297
704 297
758 297
774 297
776 297
783 297
794 297
805 297
816 297
819 297
825 297
830 297
847 297
849 297
851 297
856 297
858 297
877 297
880 297
884 297
926 297
928 297
932 297
941 297
952 297
966 297
970 297
976 297
978 297
988 297
997 297
2 298
3 298
51 298
56 298
62 298
96 298
129 298
134 298
145 298
217 298
224 298
225 298
269 298
276 298
312 298
347 298
386 298
399 298
412 298
442 298
447 298
456 298
462 298
466 298
468 298
490 298
496 298
548 298
553 298
557 298
604 298
626 298
634 298
640 298
647 298
681 298
689 298
758 298
783 298
788 298
792 298
794 298
800 298
809 298
861 298
867 298
880 298
889 298
913 298
932 298
952 298
955 298
961 298
963 298
978 298
985 298
997 298
999 298
2 299
3 299
17 299
23 299
30 299
48 299
66 299
99 299
129 299
142 299
145 299
189 299
224 299
234 299
239 299
268 299
274 299
290 299
302 299
303 299
306 299
312 299
325 299
341 299
347 299
359 299
369 299
429 299
431 299
453 299
456 299
457 299
463 299
473 299
474 299
518 299
528 299
534 299
539 299
557 299
576 299
611 299
626 299
675 299
680 299
738 299
828 299
870 299
880 299
170 300
3 301
17 301
19 301
39 301
40 301
51 301
63 301
73 301
86 301
110 301
136 301
145 301
165 301
199 301
224 301
243 301
247 301
251 301
285 301
297 301
311 301
312 301
329 301
340 301
358 301
359 301
436 301
446 301
447 301
474 301
570 301
573 301
576 301
585 301
587 301
598 301
602 301
604 301
605 301
626 301
634 301
689 301
691 301
758 301
847 301
858 301
997 301
2 302
3 302
4 302
5 302
8 302
9 302
11 302
12 302
13 302
15 302
16 302
17 302
19 302
21 302
24 302
25 302
28 302
30 302
37 302
39 302
40 302
43 302
44 302
45 302
47 302
50 302
51 302
53 302
54 302
56 302
58 302
59 302
60 302
61 302
63 302
65 302
66 302
71 302
73 302
75 302
81 302
86 302
88 302
96 302
99 302
101 302
110 302
124 302
129 302
132 302
133 302
134 302
139 302
142 302
143 302
145 302
155 302
158 302
162 302
165 302
168 302
173 302
176 302
177 302
178 302
179 302
181 302
183 302
184 302
189 302
190 302
191 302
193 302
194 302
199 302
207 302
209 302
216 302
217 302
222 302
224 302
225 302
229 302
230 302
234 302
239 302
243 302
247 302
251 302
258 302
268 302
269 302
276 302
280 302
283 302
286 302
291 302
294 302
295 302
296 302
297 302
299 302
301 302
302 302
303 302
306 302
311 302
312 302
315 302
317 302
323 302
325 302
330 302
340 302
341 302
347 302
350 302
358 302
359 302
361 302
365 302
366 302
368 302
369 302
375 302
377 302
378 302
381 302
387 302
399 302
405 302
412 302
417 302
425 302
429 302
431 302
436 302
437 302
442 302
443 302
446 302
447 302
451 302
453 302
456 302
457 302
462 302
463 302
465 302
466 302
468 302
469 302
472 302
473 302
474 302
477 302
479 302
483 302
485 302
488 302
489 302
496 302
497 302
502 302
503 302
505 302
507 302
508 302
513 302
516 302
518 302
528 302
533 302
534 302
536 302
539 302
546 302
548 302
550 302
557 302
559 302
563 302
566 302
570 302
571 302
573 302
576 302
578 302
589 302
590 302
593 302
595 302
598 302
601 302
602 302
603 302
604 302
606 302
608 302
610 302
612 302
613 302
615 302
616 302
617 302
618 302
621 302
622 302
623 302
625 302
626 302
628 302
629 302
630 302
631 302
633 302
634 302
636 302
638 302
639 302
641 302
643 302
646 302
647 302
649 302
651 302
652 302
653 302
655 302
656 302
657 302
664 302
665 302
667 302
668 302
670 302
671 302
672 302
674 302
675 302
676 302
678 302
679 302
680 302
681 302
682 302
684 302
686 302
687 302
689 302
691 302
692 302
695 302
696 302
699 302
700 302
701 302
702 302
704 302
705 302
708 302
710 302
711 302
714 302
715 302
716 302
717 302
719 302
720 302
721 302
722 302
723 302
724 302
729 302
730 302
733 302
734 302
737 302
738 302
739 302
741 302
742 302
744 302
745 302
746 302
748 302
749 302
750 302
753 302
754 302
755 302
756 302
757 302
758 302
760 302
761 302
762 302
764 302
767 302
769 302
770 302
771 302
772 302
774 302
776 302
779 302
781 302
782 302
783 302
784 302
788 302
789 302
791 302
792 302
793 302
794 302
795 302
796 302
797 302
798 302
800 302
803 302
804 302
806 302
808 302
810 302
811 302
813 302
816 302
817 302
818 302
819 302
820 302
821 302
825 302
826 302
828 302
829 302
830 302
833 302
834 302
835 302
836 302
840 302
841 302
842 302
843 302
846 302
847 302
849 302
851 302
852 302
853 302
855 302
856 302
857 302
858 302
859 302
860 302
861 302
862 302
864 302
865 302
870 302
871 302
874 302
875 302
876 302
877 302
878 302
880 302
881 302
882 302
884 302
885 302
886 302
887 302
888 302
889 302
890 302
891 302
899 302
902 302
903 302
907 302
908 302
909 302
910 302
911 302
913 302
917 302
918 302
919 302
920 302
924 302
925 302
926 302
928 302
929 302
932 302
934 302
935 302
938 302
939 302
940 302
941 302
942 302
944 302
946 302
949 302
951 302
952 302
954 302
955 302
957 302
958 302
962 302
963 302
964 302
966 302
968 302
969 302
970 302
973 302
976 302
977 302
978 302
980 302
982 302
983 302
984 302
985 302
986 302
988 302
993 302
994 302
995 302
997 302
1000 302
2 303
3 303
4 303
8 303
12 303
16 303
25 303
28 303
30 303
47 303
51 303
52 303
53 303
56 303
58 303
59 303
60 303
63 303
65 303
66 303
71 303
75 303
86 303
87 303
88 303
99 303
101 303
106 303
108 303
110 303
114 303
121 303
125 303
126 303
129 303
132 303
133 303
134 303
138 303
139 303
142 303
144 303
145 303
150 303
155 303
162 303
164 303
165 303
168 303
177 303
180 303
187 303
188 303
189 303
191 303
193 303
194 303
198 303
206 303
212 303
214 303
215 303
216 303
217 303
222 303
224 303
225 303
229 303
239 303
243 303
244 303
247 303
251 303
253 303
254 303
260 303
261 303
267 303
269 303
270 303
276 303
277 303
280 303
281 303
284 303
285 303
289 303
294 303
295 303
296 303
297 303
299 303
301 303
302 303
305 303
306 303
308 303
311 303
312 303
315 303
317 303
320 303
322 303
323 303
324 303
325 303
329 303
331 303
333 303
334 303
340 303
341 303
347 303
350 303
354 303
358 303
359 303
367 303
369 303
373 303
375 303
377 303
378 303
379 303
382 303
383 303
399 303
409 303
412 303
413 303
417 303
422 303
425 303
426 303
427 303
429 303
431 303
436 303
438 303
442 303
446 303
447 303
449 303
450 303
451 303
453 303
456 303
458 303
463 303
467 303
469 303
470 303
471 303
472 303
473 303
498 303
503 303
513 303
514 303
516 303
518 303
519 303
521 303
528 303
533 303
534 303
539 303
544 303
548 303
549 303
552 303
553 303
557 303
559 303
574 303
576 303
580 303
581 303
582 303
590 303
591 303
600 303
602 303
604 303
616 303
617 303
621 303
623 303
625 303
626 303
629 303
630 303
631 303
634 303
639 303
645 303
646 303
647 303
650 303
651 303
653 303
655 303
656 303
673 303
674 303
679 303
680 303
681 303
685 303
689 303
690 303
694 303
701 303
714 303
716 303
725 303
728 303
732 303
733 303
734 303
735 303
738 303
741 303
742 303
744 303
754 303
758 303
761 303
762 303
767 303
768 303
771 303
775 303
782 303
784 303
786 303
787 303
788 303
794 303
795 303
800 303
803 303
804 303
809 303
811 303
828 303
831 303
833 303
834 303
837 303
843 303
847 303
848 303
849 303
851 303
855 303
856 303
859 303
862 303
868 303
871 303
875 303
880 303
883 303
884 303
885 303
889 303
892 303
895 303
897 303
913 303
922 303
928 303
933 303
936 303
943 303
946 303
947 303
951 303
952 303
954 303
955 303
964 303
966 303
974 303
976 303
978 303
980 303
985 303
989 303
991 303
997 303
998 303
999 303
145 304
446 304
2 305
3 305
9 305
25 305
27 305
47 305
48 305
60 305
62 305
63 305
65 305
86 305
110 305
114 305
129 305
134 305
139 305
145 305
160 305
165 305
166 305
225 305
239 305
276 305
296 305
301 305
312 305
333 305
359 305
399 305
412 305
417 305
427 305
429 305
431 305
443 305
446 305
447 305
451 305
499 305
513 305
516 305
539 305
546 305
571 305
576 305
587 305
590 305
617 305
625 305
655 305
677 305
716 305
803 305
816 305
828 305
834 305
856 305
864 305
880 305
885 305
951 305
952 305
974 305
978 305
3 306
27 306
28 306
30 306
50 306
60 306
66 306
73 306
75 306
108 306
114 306
121 306
133 306
136 306
165 306
168 306
176 306
193 306
194 306
197 306
199 306
224 306
229 306
239 306
251 306
253 306
260 306
274 306
296 306
303 306
311 306
312 306
323 306
324 306
325 306
340 306
347 306
350 306
359 306
366 306
377 306
378 306
399 306
405 306
412 306
417 306
431 306
436 306
446 306
447 306
448 306
451 306
456 306
463 306
468 306
472 306
473 306
474 306
476 306
484 306
516 306
521 306
528 306
533 306
534 306
539 306
548 306
550 306
570 306
576 306
602 306
604 306
616 306
617 306
618 306
621 306
630 306
633 306
634 306
646 306
647 306
674 306
675 306
680 306
682 306
688 306
706 306
716 306
734 306
746 306
751 306
754 306
758 306
761 306
771 306
783 306
794 306
823 306
828 306
834 306
848 306
877 306
880 306
896 306
922 306
926 306
946 306
951 306
952 306
954 306
958 306
961 306
964 306
976 306
2 307
3 307
7 307
17 307
18 307
38 307
51 307
60 307
63 307
65 307
73 307
86 307
112 307
120 307
121 307
124 307
125 307
145 307
162 307
168 307
190 307
225 307
229 307
247 307
254 307
257 307
271 307
292 307
296 307
297 307
301 307
311 307
324 307
325 307
347 307
368 307
377 307
387 307
399 307
408 307
434 307
436 307
446 307
451 307
457 307
463 307
474 307
534 307
602 307
616 307
650 307
655 307
662 307
675 307
689 307
690 307
754 307
782 307
797 307
802 307
847 307
885 307
886 307
929 307
963 307
980 307
2 309
3 309
17 309
51 309
53 309
58 309
62 309
75 309
133 309
145 309
165 309
177 309
207 309
213 309
222 309
224 309
225 309
239 309
243 309
244 309
247 309
251 309
258 309
265 309
274 309
279 309
280 309
301 309
311 309
313 309
317 309
325 309
335 309
340 309
347 309
350 309
359 309
368 309
396 309
399 309
407 309
431 309
436 309
446 309
447 309
451 309
457 309
460 309
462 309
473 309
483 309
508 309
516 309
518 309
528 309
534 309
557 309
604 309
616 309
634 309
680 309
716 309
761 309
783 309
791 309
795 309
828 309
880 309
922 309
974 309
21 310
26 310
64 310
65 310
106 310
119 310
187 310
312 310
399 310
2 311
3 311
6 311
8 311
11 311
14 311
17 311
19 311
20 311
23 311
25 311
26 311
28 311
32 311
39 311
40 311
42 311
45 311
51 311
56 311
60 311
61 311
62 311
63 311
65 311
66 311
73 311
75 311
86 311
96 311
99 311
110 311
118 311
120 311
123 311
124 311
129 311
134 311
136 311
138 311
145 311
147 311
152 311
165 311
173 311
176 311
181 311
190 311
191 311
194 311
199 311
207 311
209 311
212 311
215 311
217 311
222 311
224 311
225 311
228 311
229 311
234 311
239 311
241 311
243 311
244 311
247 311
251 311
257 311
258 311
260 311
262 311
265 311
267 311
269 311
274 311
276 311
279 311
280 311
283 311
285 311
286 311
297 311
301 311
306 311
312 311
317 311
323 311
325 311
327 311
329 311
330 311
335 311
340 311
341 311
347 311
350 311
358 311
359 311
365 311
366 311
369 311
370 311
375 311
377 311
383 311
384 311
392 311
399 311
404 311
405 311
412 311
417 311
431 311
432 311
433 311
436 311
443 311
446 311
447 311
451 311
457 311
458 311
460 311
461 311
462 311
463 311
465 311
466 311
468 311
469 311
473 311
474 311
482 311
483 311
485 311
486 311
489 311
490 311
492 311
494 311
495 311
496 311
497 311
498 311
500 311
501 311
504 311
505 311
507 311
508 311
509 311
510 311
513 311
517 311
521 311
522 311
523 311
524 311
526 311
528 311
529 311
530 311
531 311
533 311
534 311
536 311
537 311
538 311
539 311
545 311
546 311
548 311
550 311
551 311
552 311
554 311
555 311
557 311
559 311
561 311
563 311
566 311
568 311
569 311
570 311
571 311
573 311
574 311
576 311
578 311
579 311
583 311
586 311
587 311
589 311
590 311
593 311
595 311
601 311
602 311
603 311
604 311
605 311
606 311
608 311
610 311
612 311
613 311
615 311
616 311
618 311
621 311
623 311
625 311
626 311
628 311
629 311
631 311
633 311
634 311
635 311
636 311
638 311
640 311
641 311
643 311
646 311
647 311
649 311
650 311
652 311
653 311
655 311
656 311
657 311
662 311
664 311
665 311
667 311
670 311
672 311
674 311
675 311
676 311
678 311
681 311
682 311
684 311
685 311
686 311
687 311
688 311
689 311
690 311
691 311
692 311
695 311
696 311
699 311
700 311
701 311
704 311
705 311
708 311
710 311
711 311
714 311
715 311
717 311
719 311
720 311
721 311
722 311
723 311
724 311
729 311
730 311
734 311
737 311
738 311
741 311
742 311
744 311
745 311
746 311
748 311
750 311
753 311
755 311
756 311
757 311
758 311
760 311
761 311
762 311
767 311
769 311
772 311
774 311
776 311
779 311
782 311
783 311
784 311
788 311
789 311
790 311
791 311
792 311
793 311
794 311
795 311
796 311
798 311
800 311
806 311
808 311
810 311
811 311
813 311
816 311
817 311
818 311
819 311
820 311
821 311
825 311
826 311
828 311
829 311
830 311
833 311
834 311
835 311
836 311
838 311
840 311
841 311
842 311
843 311
846 311
847 311
849 311
851 311
852 311
855 311
856 311
857 311
858 311
859 311
861 311
864 311
865 311
870 311
874 311
875 311
876 311
877 311
878 311
880 311
881 311
882 311
884 311
887 311
888 311
889 311
890 311
891 311
897 311
899 311
902 311
903 311
907 311
908 311
909 311
911 311
913 311
917 311
918 311
919 311
920 311
924 311
925 311
926 311
929 311
932 311
933 311
934 311
935 311
938 311
939 311
940 311
942 311
944 311
951 311
952 311
957 311
958 311
962 311
963 311
965 311
966 311
968 311
969 311
970 311
973 311
977 311
978 311
980 311
982 311
983 311
985 311
986 311
993 311
994 311
995 311
997 311
1000 311
3 312
4 312
5 312
8 312
10 312
11 312
12 312
14 312
15 312
17 312
18 312
19 312
21 312
25 312
28 312
30 312
39 312
40 312
42 312
47 312
48 312
50 312
51 312
53 312
56 312
58 312
59 312
60 312
61 312
62 312
63 312
65 312
66 312
73 312
75 312
80 312
81 312
86 312
92 312
96 312
99 312
101 312
105 312
108 312
110 312
114 312
118 312
120 312
121 312
124 312
125 312
128 312
132 312
133 312
134 312
136 312
139 312
143 312
145 312
146 312
147 312
149 312
152 312
155 312
157 312
158 312
160 312
164 312
165 312
167 312
168 312
169 312
173 312
176 312
178 312
179 312
181 312
183 312
189 312
190 312
191 312
193 312
194 312
199 312
201 312
203 312
207 312
209 312
213 312
214 312
216 312
217 312
222 312
224 312
225 312
226 312
229 312
230 312
233 312
234 312
236 312
238 312
239 312
241 312
243 312
244 312
245 312
247 312
249 312
251 312
252 312
255 312
257 312
258 312
259 312
260 312
264 312
268 312
269 312
274 312
276 312
277 312
279 312
280 312
290 312
291 312
294 312
296 312
297 312
301 312
303 312
306 312
309 312
310 312
311 312
313 312
315 312
317 312
323 312
324 312
325 312
327 312
329 312
330 312
335 312
340 312
341 312
347 312
349 312
350 312
354 312
358 312
359 312
361 312
364 312
365 312
366 312
367 312
369 312
371 312
372 312
373 312
374 312
375 312
377 312
378 312
381 312
383 312
390 312
392 312
393 312
396 312
399 312
404 312
405 312
407 312
409 312
410 312
412 312
415 312
417 312
419 312
425 312
428 312
431 312
432 312
433 312
435 312
436 312
442 312
443 312
446 312
447 312
451 312
453 312
454 312
456 312
458 312
460 312
462 312
463 312
465 312
467 312
471 312
472 312
473 312
474 312
478 312
482 312
483 312
487 312
489 312
496 312
499 312
501 312
503 312
504 312
505 312
507 312
508 312
511 312
513 312
516 312
517 312
518 312
521 312
528 312
529 312
533 312
534 312
536 312
539 312
550 312
551 312
553 312
554 312
555 312
557 312
558 312
559 312
563 312
566 312
568 312
569 312
570 312
571 312
573 312
575 312
576 312
577 312
578 312
579 312
581 312
583 312
584 312
585 312
586 312
587 312
589 312
590 312
593 312
595 312
599 312
601 312
602 312
603 312
604 312
605 312
606 312
608 312
610 312
611 312
612 312
613 312
615 312
616 312
617 312
618 312
621 312
623 312
625 312
626 312
628 312
629 312
630 312
631 312
633 312
634 312
636 312
638 312
639 312
640 312
641 312
642 312
643 312
644 312
646 312
647 312
649 312
650 312
652 312
653 312
655 312
656 312
657 312
660 312
664 312
665 312
667 312
668 312
670 312
671 312
672 312
674 312
675 312
676 312
677 312
679 312
680 312
681 312
682 312
684 312
686 312
687 312
688 312
689 312
690 312
691 312
695 312
696 312
697 312
699 312
700 312
701 312
702 312
704 312
705 312
708 312
711 312
714 312
715 312
716 312
717 312
718 312
719 312
720 312
721 312
722 312
723 312
725 312
729 312
730 312
732 312
734 312
737 312
738 312
741 312
744 312
745 312
746 312
748 312
750 312
753 312
754 312
755 312
756 312
757 312
758 312
760 312
761 312
762 312
764 312
767 312
768 312
769 312
770 312
771 312
772 312
774 312
776 312
779 312
781 312
782 312
783 312
784 312
789 312
790 312
791 312
792 312
793 312
794 312
795 312
796 312
797 312
798 312
799 312
800 312
801 312
802 312
803 312
804 312
806 312
808 312
810 312
811 312
813 312
816 312
817 312
818 312
820 312
821 312
823 312
825 312
826 312
828 312
829 312
830 312
833 312
835 312
836 312
838 312
840 312
841 312
842 312
843 312
846 312
847 312
849 312
851 312
852 312
855 312
856 312
858 312
859 312
860 312
861 312
862 312
864 312
865 312
869 312
870 312
871 312
872 312
874 312
875 312
877 312
880 312
881 312
882 312
883 312
884 312
885 312
886 312
887 312
888 312
889 312
890 312
891 312
896 312
897 312
899 312
902 312
903 312
908 312
909 312
911 312
913 312
917 312
918 312
920 312
922 312
924 312
925 312
926 312
928 312
929 312
934 312
935 312
937 312
938 312
939 312
940 312
941 312
942 312
944 312
946 312
949 312
951 312
952 312
954 312
955 312
957 312
958 312
961 312
962 312
963 312
965 312
966 312
968 312
969 312
970 312
972 312
973 312
974 312
976 312
977 312
978 312
980 312
982 312
983 312
984 312
985 312
986 312
987 312
988 312
993 312
994 312
995 312
997 312
999 312
1000 312
3 313
17 313
30 313
56 313
62 313
63 313
65 313
86 313
133 313
134 313
145 313
165 313
217 313
225 313
243 313
274 313
301 313
309 313
311 313
312 313
317 313
329 313
331 313
341 313
347 313
392 313
399 313
412 313
431 313
446 313
447 313
457 313
462 313
518 313
528 313
559 313
634 313
694 313
783 313
980 313
997 313
65 314
128 314
133 314
214 314
224 314
258 314
269 314
329 314
340 314
606 314
626 314
655 314
2 315
3 315
8 315
12 315
16 315
17 315
18 315
24 315
25 315
28 315
30 315
35 315
44 315
49 315
50 315
51 315
53 315
56 315
58 315
60 315
62 315
63 315
64 315
65 315
66 315
67 315
71 315
73 315
75 315
83 315
86 315
99 315
101 315
106 315
108 315
110 315
112 315
114 315
115 315
121 315
123 315
124 315
129 315
134 315
136 315
139 315
145 315
155 315
157 315
165 315
168 315
175 315
176 315
177 315
183 315
191 315
193 315
194 315
197 315
206 315
207 315
214 315
217 315
224 315
225 315
229 315
234 315
239 315
258 315
260 315
267 315
268 315
271 315
276 315
280 315
283 315
285 315
296 315
299 315
301 315
302 315
303 315
312 315
323 315
325 315
329 315
331 315
333 315
336 315
341 315
347 315
350 315
358 315
359 315
369 315
373 315
377 315
378 315
379 315
399 315
400 315
429 315
431 315
434 315
437 315
446 315
447 315
451 315
462 315
468 315
473 315
474 315
477 315
488 315
503 315
507 315
508 315
513 315
516 315
518 315
528 315
533 315
534 315
539 315
548 315
550 315
553 315
555 315
557 315
566 315
570 315
571 315
576 315
602 315
604 315
611 315
616 315
617 315
623 315
626 315
634 315
639 315
640 315
646 315
647 315
656 315
662 315
670 315
673 315
675 315
679 315
680 315
681 315
689 315
702 315
706 315
710 315
711 315
716 315
725 315
732 315
734 315
746 315
761 315
762 315
768 315
771 315
783 315
788 315
794 315
822 315
825 315
828 315
834 315
838 315
847 315
849 315
855 315
858 315
871 315
872 315
880 315
884 315
886 315
896 315
897 315
932 315
933 315
946 315
951 315
952 315
964 315
976 315
978 315
980 315
989 315
997 315
56 316
145 316
167 316
217 316
222 316
446 316
447 316
858 316
2 317
3 317
21 317
51 317
63 317
73 317
145 317
152 317
165 317
224 317
243 317
251 317
274 317
297 317
301 317
302 317
311 317
359 317
399 317
412 317
436 317
437 317
446 317
451 317
469 317
473 317
474 317
483 317
528 317
534 317
539 317
548 317
576 317
602 317
604 317
626 317
662 317
689 317
849 317
880 317
932 317
940 317
952 317
978 317
5 318
17 318
56 318
145 318
217 318
244 318
264 318
299 318
326 318
329 318
446 318
447 318
691 318
858 318
997 318
2 319
3 319
23 319
63 319
75 319
86 319
128 319
145 319
165 319
224 319
225 319
228 319
243 319
247 319
257 319
311 319
312 319
399 319
410 319
412 319
446 319
457 319
460 319
474 319
858 319
23 320
60 320
121 320
134 320
145 320
165 320
198 320
322 320
329 320
399 320
508 320
513 320
858 320
3 321
23 321
63 321
65 321
134 321
145 321
165 321
201 321
218 321
222 321
446 321
858 321
198 322
508 322
534 322
997 322
2 323
3 323
12 323
30 323
51 323
53 323
56 323
59 323
60 323
66 323
71 323
73 323
83 323
110 323
114 323
115 323
121 323
124 323
133 323
139 323
142 323
144 323
145 323
155 323
165 323
181 323
184 323
189 323
194 323
196 323
217 323
225 323
239 323
251 323
276 323
280 323
296 323
297 323
303 323
306 323
312 323
324 323
325 323
327 323
329 323
347 323
369 323
377 323
378 323
382 323
399 323
409 323
412 323
446 323
447 323
451 323
453 323
463 323
473 323
479 323
496 323
513 323
516 323
521 323
523 323
528 323
533 323
534 323
539 323
540 323
571 323
576 323
604 323
618 323
626 323
646 323
655 323
675 323
681 323
690 323
712 323
716 323
725 323
734 323
738 323
754 323
771 323
783 323
794 323
800 323
809 323
828 323
847 323
849 323
855 323
858 323
871 323
880 323
881 323
896 323
922 323
946 323
951 323
952 323
955 323
997 323
999 323
2 324
3 324
18 324
25 324
30 324
38 324
45 324
47 324
51 324
56 324
58 324
59 324
75 324
88 324
101 324
106 324
110 324
114 324
115 324
121 324
125 324
133 324
139 324
145 324
176 324
224 324
225 324
229 324
239 324
247 324
257 324
260 324
290 324
295 324
296 324
301 324
302 324
303 324
306 324
307 324
311 324
312 324
323 324
325 324
327 324
334 324
342 324
347 324
358 324
364 324
368 324
369 324
377 324
378 324
399 324
412 324
417 324
422 324
425 324
427 324
429 324
431 324
439 324
442 324
443 324
446 324
447 324
453 324
456 324
463 324
468 324
469 324
472 324
473 324
474 324
476 324
516 324
521 324
528 324
534 324
539 324
553 324
557 324
566 324
576 324
602 324
604 324
616 324
617 324
626 324
629 324
630 324
631 324
634 324
646 324
647 324
655 324
656 324
674 324
679 324
680 324
681 324
689 324
690 324
691 324
692 324
716 324
718 324
734 324
738 324
746 324
751 324
794 324
800 324
805 324
806 324
809 324
823 324
828 324
834 324
843 324
848 324
849 324
853 324
857 324
858 324
871 324
880 324
885 324
895 324
899 324
922 324
933 324
946 324
951 324
952 324
955 324
964 324
970 324
974 324
978 324
997 324
2 325
3 325
4 325
5 325
6 325
8 325
10 325
11 325
12 325
14 325
17 325
18 325
19 325
20 325
21 325
23 325
25 325
27 325
28 325
30 325
31 325
32 325
37 325
38 325
39 325
40 325
42 325
45 325
47 325
49 325
50 325
51 325
53 325
56 325
58 325
59 325
60 325
61 325
62 325
63 325
65 325
66 325
73 325
75 325
80 325
81 325
83 325
86 325
87 325
90 325
92 325
93 325
96 325
99 325
101 325
106 325
108 325
110 325
113 325
114 325
119 325
120 325
123 325
124 325
125 325
126 325
128 325
129 325
132 325
133 325
134 325
135 325
136 325
139 325
143 325
144 325
145 325
146 325
152 325
155 325
157 325
164 325
165 325
167 325
168 325
173 325
176 325
178 325
179 325
180 325
181 325
183 325
186 325
189 325
190 325
191 325
193 325
194 325
199 325
206 325
207 325
209 325
212 325
214 325
215 325
216 325
222 325
224 325
225 325
226 325
228 325
229 325
230 325
233 325
234 325
238 325
239 325
241 325
243 325
244 325
247 325
251 325
252 325
253 325
257 325
258 325
259 325
260 325
262 325
267 325
269 325
270 325
274 325
276 325
277 325
279 325
280 325
283 325
286 325
291 325
293 325
294 325
295 325
296 325
297 325
299 325
301 325
302 325
303 325
306 325
309 325
311 325
312 325
313 325
315 325
317 325
319 325
323 325
324 325
327 325
329 325
330 325
333 325
335 325
340 325
341 325
342 325
343 325
346 325
347 325
349 325
350 325
351 325
354 325
357 325
358 325
359 325
361 325
365 325
366 325
367 325
369 325
371 325
372 325
373 325
374 325
375 325
377 325
378 325
381 325
382 325
383 325
392 325
396 325
399 325
402 325
404 325
405 325
409 325
412 325
414 325
417 325
424 325
425 325
429 325
431 325
432 325
435 325
436 325
439 325
442 325
443 325
446 325
447 325
451 325
453 325
456 325
457 325
458 325
460 325
461 325
462 325
463 325
465 325
467 325
468 325
469 325
472 325
473 325
474 325
478 325
481 325
482 325
483 325
485 325
486 325
487 325
488 325
489 325
490 325
492 325
493 325
494 325
495 325
496 325
497 325
498 325
500 325
503 325
504 325
505 325
507 325
508 325
509 325
510 325
511 325
513 325
516 325
517 325
518 325
521 325
522 325
523 325
524 325
526 325
528 325
529 325
530 325
531 325
534 325
536 325
537 325
538 325
539 325
540 325
545 325
546 325
548 325
550 325
551 325
552 325
553 325
554 325
555 325
557 325
561 325
563 325
564 325
566 325
568 325
569 325
570 325
571 325
573 325
574 325
576 325
577 325
578 325
579 325
581 325
583 325
584 325
585 325
587 325
589 325
591 325
593 325
595 325
597 325
599 325
601 325
602 325
603 325
604 325
605 325
606 325
608 325
610 325
611 325
612 325
613 325
615 325
616 325
617 325
618 325
620 325
621 325
622 325
623 325
625 325
626 325
628 325
629 325
630 325
631 325
633 325
634 325
635 325
636 325
638 325
639 325
640 325
641 325
642 325
643 325
645 325
646 325
647 325
649 325
650 325
652 325
653 325
655 325
656 325
657 325
662 325
664 325
665 325
667 325
670 325
671 325
672 325
674 325
675 325
676 325
677 325
678 325
679 325
680 325
681 325
682 325
684 325
686 325
687 325
688 325
689 325
690 325
691 325
692 325
695 325
696 325
697 325
700 325
701 325
702 325
704 325
705 325
708 325
710 325
711 325
714 325
715 325
716 325
717 325
718 325
719 325
720 325
721 325
722 325
723 325
725 325
729 325
730 325
732 325
733 325
734 325
737 325
738 325
741 325
742 325
744 325
745 325
746 325
748 325
750 325
753 325
754 325
755 325
756 325
757 325
758 325
760 325
761 325
762 325
764 325
767 325
768 325
769 325
770 325
771 325
772 325
773 325
774 325
776 325
779 325
781 325
782 325
783 325
784 325
786 325
788 325
789 325
790 325
791 325
792 325
793 325
794 325
795 325
796 325
798 325
800 325
802 325
803 325
804 325
805 325
806 325
808 325
810 325
811 325
813 325
816 325
817 325
818 325
820 325
821 325
822 325
825 325
826 325
828 325
829 325
830 325
833 325
834 325
835 325
836 325
838 325
840 325
841 325
842 325
843 325
846 325
847 325
849 325
851 325
852 325
855 325
856 325
857 325
858 325
859 325
860 325
861 325
864 325
865 325
870 325
871 325
872 325
874 325
875 325
876 325
877 325
878 325
880 325
881 325
882 325
883 325
884 325
885 325
886 325
887 325
888 325
889 325
890 325
891 325
895 325
896 325
897 325
899 325
902 325
903 325
907 325
908 325
909 325
910 325
911 325
913 325
917 325
918 325
919 325
920 325
922 325
924 325
925 325
926 325
928 325
929 325
932 325
933 325
934 325
935 325
938 325
939 325
940 325
941 325
942 325
944 325
946 325
949 325
951 325
952 325
954 325
955 325
957 325
958 325
961 325
962 325
963 325
964 325
965 325
966 325
968 325
969 325
970 325
973 325
974 325
976 325
977 325
978 325
980 325
982 325
983 325
984 325
985 325
986 325
988 325
989 325
993 325
994 325
995 325
997 325
999 325
1000 325
2 326
3 326
5 326
9 326
17 326
21 326
40 326
63 326
86 326
87 326
145 326
165 326
217 326
222 326
228 326
243 326
247 326
264 326
265 326
291 326
318 326
359 326
446 326
474 326
593 326
774 326
783 326
858 326
2 327
3 327
17 327
60 327
62 327
63 327
65 327
73 327
75 327
83 327
86 327
93 327
115 327
118 327
124 327
129 327
134 327
136 327
143 327
145 327
152 327
162 327
165 327
176 327
177 327
217 327
224 327
225 327
247 327
285 327
311 327
312 327
315 327
323 327
325 327
329 327
342 327
347 327
368 327
377 327
399 327
425 327
431 327
446 327
447 327
462 327
463 327
474 327
513 327
518 327
521 327
534 327
555 327
557 327
559 327
568 327
602 327
604 327
616 327
617 327
630 327
631 327
634 327
639 327
679 327
694 327
716 327
732 327
782 327
783 327
880 327
889 327
926 327
989 327
997 327
3 328
54 328
377 328
446 328
473 328
516 328
534 328
602 328
825 328
870 328
878 328
922 328
2 329
3 329
4 329
6 329
23 329
28 329
45 329
51 329
63 329
65 329
73 329
75 329
86 329
92 329
99 329
110 329
118 329
121 329
129 329
133 329
134 329
136 329
145 329
152 329
156 329
165 329
173 329
176 329
183 329
190 329
199 329
201 329
208 329
209 329
212 329
222 329
224 329
225 329
228 329
229 329
238 329
241 329
243 329
244 329
247 329
252 329
257 329
264 329
265 329
268 329
274 329
279 329
283 329
297 329
301 329
303 329
311 329
312 329
313 329
315 329
317 329
327 329
335 329
340 329
341 329
348 329
349 329
352 329
358 329
359 329
366 329
378 329
383 329
392 329
399 329
405 329
412 329
446 329
457 329
460 329
474 329
483 329
496 329
539 329
568 329
573 329
576 329
585 329
593 329
604 329
616 329
626 329
634 329
650 329
655 329
689 329
690 329
691 329
704 329
781 329
783 329
858 329
880 329
884 329
928 329
929 329
941 329
946 329
952 329
954 329
978 329
3 330
5 330
62 330
63 330
65 330
73 330
86 330
118 330
121 330
134 330
145 330
165 330
217 330
368 330
399 330
412 330
447 330
462 330
474 330
604 330
634 330
783 330
875 330
2 331
3 331
17 331
18 331
27 331
56 331
62 331
63 331
65 331
86 331
121 331
133 331
134 331
136 331
145 331
155 331
165 331
176 331
177 331
222 331
276 331
285 331
301 331
303 331
311 331
317 331
336 331
343 331
359 331
377 331
396 331
399 331
429 331
431 331
442 331
447 331
462 331
468 331
474 331
488 331
496 331
518 331
528 331
534 331
553 331
557 331
602 331
604 331
630 331
631 331
634 331
640 331
646 331
651 331
701 331
733 331
746 331
783 331
786 331
787 331
788 331
792 331
799 331
814 331
816 331
871 331
874 331
875 331
886 331
952 331
963 331
974 331
978 331
997 331
3 332
65 332
145 332
165 332
243 332
247 332
311 332
399 332
446 332
447 332
997 332
2 333
3 333
27 333
49 333
50 333
65 333
78 333
121 333
129 333
138 333
152 333
155 333
165 333
196 333
206 333
229 333
238 333
247 333
268 333
294 333
303 333
305 333
311 333
312 333
323 333
331 333
354 333
358 333
368 333
369 333
377 333
399 333
422 333
431 333
442 333
446 333
447 333
459 333
462 333
473 333
476 333
521 333
534 333
539 333
604 333
633 333
639 333
646 333
655 333
656 333
675 333
716 333
754 333
771 333
782 333
790 333
809 333
847 333
850 333
874 333
875 333
928 333
929 333
952 333
978 333
980 333
3 334
25 334
63 334
65 334
110 334
121 334
145 334
160 334
162 334
165 334
176 334
177 334
222 334
243 334
267 334
288 334
317 334
324 334
342 334
343 334
349 334
359 334
386 334
399 334
436 334
446 334
453 334
543 334
559 334
591 334
602 334
604 334
626 334
635 334
641 334
642 334
646 334
689 334
690 334
691 334
774 334
783 334
849 334
880 334
951 334
997 334
3 335
23 335
25 335
63 335
65 335
73 335
118 335
121 335
145 335
165 335
175 335
176 335
177 335
222 335
225 335
247 335
251 335
254 335
274 335
297 335
301 335
311 335
312 335
329 335
341 335
342 335
343 335
347 335
369 335
399 335
442 335
446 335
447 335
462 335
474 335
528 335
534 335
557 335
559 335
576 335
599 335
602 335
604 335
605 335
646 335
655 335
776 335
816 335
847 335
849 335
858 335
875 335
957 335
978 335
997 335
3 336
6 336
24 336
28 336
50 336
62 336
65 336
73 336
86 336
88 336
121 336
145 336
165 336
169 336
176 336
217 336
222 336
224 336
301 336
331 336
442 336
446 336
447 336
462 336
468 336
488 336
534 336
557 336
602 336
640 336
646 336
651 336
701 336
716 336
746 336
783 336
787 336
788 336
799 336
804 336
964 336
997 336
3 337
23 337
56 337
62 337
63 337
65 337
86 337
134 337
145 337
165 337
217 337
222 337
247 337
265 337
267 337
302 337
329 337
399 337
446 337
462 337
634 337
25 338
134 338
145 338
222 338
571 338
602 338
676 338
997 338
2 339
3 339
73 339
75 339
124 339
134 339
165 339
189 339
225 339
226 339
229 339
460 339
473 339
528 339
573 339
626 339
675 339
691 339
858 339
2 340
3 340
14 340
25 340
51 340
56 340
62 340
63 340
65 340
66 340
73 340
75 340
86 340
110 340
124 340
129 340
134 340
136 340
145 340
149 340
165 340
167 340
177 340
199 340
203 340
208 340
217 340
222 340
224 340
225 340
228 340
243 340
244 340
247 340
251 340
265 340
274 340
276 340
285 340
297 340
301 340
306 340
309 340
311 340
312 340
325 340
329 340
347 340
350 340
352 340
359 340
369 340
392 340
399 340
405 340
412 340
417 340
436 340
446 340
447 340
451 340
456 340
457 340
460 340
462 340
463 340
466 340
473 340
474 340
483 340
496 340
499 340
504 340
508 340
517 340
528 340
533 340
534 340
539 340
548 340
550 340
553 340
557 340
563 340
570 340
573 340
576 340
585 340
587 340
593 340
602 340
604 340
606 340
616 340
618 340
626 340
630 340
634 340
635 340
647 340
649 340
655 340
677 340
679 340
689 340
690 340
691 340
704 340
722 340
758 340
774 340
783 340
794 340
830 340
847 340
849 340
856 340
858 340
880 340
884 340
946 340
952 340
978 340
997 340
3 341
23 341
56 341
63 341
65 341
75 341
110 341
138 341
139 341
145 341
176 341
177 341
182 341
214 341
216 341
222 341
225 341
239 341
247 341
254 341
260 341
274 341
299 341
301 341
302 341
311 341
313 341
315 341
323 341
329 341
335 341
343 341
347 341
364 341
366 341
369 341
389 341
399 341
431 341
435 341
442 341
446 341
457 341
468 341
472 341
474 341
528 341
533 341
534 341
539 341
604 341
611 341
621 341
626 341
631 341
646 341
655 341
711 341
783 341
794 341
828 341
833 341
876 341
880 341
897 341
946 341
3 342
17 342
25 342
45 342
51 342
56 342
65 342
86 342
99 342
110 342
114 342
125 342
134 342
138 342
145 342
165 342
168 342
176 342
177 342
182 342
214 342
217 342
222 342
224 342
247 342
251 342
267 342
277 342
285 342
303 342
311 342
312 342
324 342
327 342
330 342
334 342
335 342
343 342
350 342
359 342
378 342
399 342
405 342
422 342
427 342
446 342
447 342
454 342
462 342
463 342
474 342
483 342
497 342
499 342
513 342
518 342
534 342
539 342
540 342
543 342
553 342
555 342
557 342
559 342
570 342
602 342
604 342
606 342
626 342
642 342
646 342
647 342
655 342
684 342
689 342
690 342
744 342
760 342
771 342
783 342
786 342
791 342
794 342
799 342
800 342
806 342
849 342
858 342
872 342
875 342
885 342
946 342
952 342
955 342
963 342
970 342
978 342
989 342
997 342
3 343
56 343
65 343
86 343
134 343
145 343
165 343
217 343
239 343
251 343
254 343
334 343
341 343
342 343
378 343
399 343
431 343
446 343
447 343
457 343
462 343
496 343
501 343
539 343
557 343
626 343
760 343
783 343
794 343
849 343
875 343
997 343
3 345
17 345
56 345
63 345
65 345
73 345
145 345
247 345
251 345
315 345
446 345
473 345
551 345
587 345
847 345
997 345
65 346
144 346
145 346
165 346
168 346
214 346
217 346
247 346
269 346
350 346
380 346
446 346
447 346
534 346
557 346
651 346
875 346
997 346
2 347
3 347
4 347
6 347
8 347
9 347
10 347
11 347
12 347
14 347
15 347
17 347
18 347
19 347
21 347
24 347
25 347
27 347
28 347
30 347
37 347
39 347
40 347
42 347
43 347
45 347
46 347
47 347
48 347
49 347
50 347
51 347
53 347
54 347
56 347
58 347
59 347
60 347
61 347
65 347
66 347
69 347
73 347
75 347
80 347
81 347
83 347
86 347
87 347
88 347
92 347
96 347
98 347
99 347
101 347
108 347
110 347
113 347
114 347
118 347
120 347
124 347
125 347
126 347
129 347
132 347
133 347
134 347
139 347
141 347
142 347
143 347
144 347
145 347
146 347
147 347
150 347
152 347
155 347
157 347
158 347
160 347
162 347
165 347
168 347
169 347
173 347
175 347
176 347
177 347
178 347
179 347
181 347
183 347
186 347
188 347
189 347
190 347
191 347
193 347
194 347
199 347
207 347
209 347
212 347
213 347
214 347
215 347
216 347
217 347
222 347
224 347
225 347
226 347
229 347
230 347
233 347
234 347
239 347
241 347
243 347
244 347
246 347
247 347
250 347
251 347
252 347
254 347
255 347
257 347
258 347
259 347
260 347
261 347
267 347
268 347
269 347
274 347
276 347
277 347
279 347
280 347
283 347
284 347
285 347
286 347
287 347
288 347
289 347
290 347
291 347
294 347
295 347
296 347
297 347
298 347
299 347
301 347
302 347
303 347
305 347
306 347
307 347
308 347
309 347
311 347
312 347
313 347
315 347
317 347
320 347
323 347
324 347
325 347
327 347
329 347
330 347
333 347
334 347
335 347
340 347
341 347
342 347
343 347
347 347
350 347
354 347
357 347
358 347
359 347
361 347
364 347
365 347
366 347
369 347
371 347
373 347
375 347
377 347
378 347
379 347
381 347
390 347
392 347
395 347
399 347
402 347
404 347
405 347
407 347
408 347
412 347
413 347
414 347
417 347
419 347
425 347
426 347
429 347
430 347
431 347
432 347
435 347
436 347
437 347
438 347
439 347
442 347
443 347
446 347
447 347
448 347
449 347
450 347
451 347
453 347
454 347
456 347
457 347
460 347
463 347
465 347
466 347
468 347
469 347
471 347
472 347
473 347
474 347
476 347
479 347
481 347
482 347
483 347
485 347
488 347
489 347
493 347
496 347
497 347
498 347
503 347
507 347
508 347
511 347
513 347
514 347
516 347
517 347
518 347
519 347
521 347
528 347
531 347
534 347
536 347
539 347
540 347
544 347
546 347
547 347
548 347
549 347
550 347
553 347
554 347
556 347
557 347
559 347
562 347
563 347
566 347
568 347
570 347
571 347
573 347
574 347
576 347
577 347
578 347
580 347
581 347
582 347
583 347
585 347
587 347
589 347
590 347
591 347
593 347
595 347
597 347
598 347
600 347
601 347
602 347
603 347
604 347
606 347
608 347
609 347
610 347
611 347
612 347
613 347
615 347
616 347
617 347
618 347
619 347
620 347
621 347
622 347
623 347
625 347
626 347
628 347
629 347
630 347
631 347
633 347
634 347
635 347
636 347
638 347
639 347
640 347
641 347
643 347
645 347
646 347
647 347
649 347
650 347
651 347
652 347
653 347
655 347
656 347
657 347
658 347
659 347
660 347
662 347
664 347
665 347
667 347
671 347
672 347
673 347
674 347
675 347
676 347
677 347
678 347
679 347
680 347
681 347
682 347
684 347
685 347
686 347
687 347
688 347
689 347
690 347
691 347
692 347
694 347
695 347
696 347
697 347
700 347
701 347
702 347
704 347
705 347
706 347
708 347
710 347
711 347
714 347
715 347
716 347
717 347
719 347
720 347
721 347
722 347
723 347
724 347
725 347
728 347
729 347
730 347
732 347
733 347
734 347
735 347
737 347
738 347
741 347
742 347
744 347
745 347
746 347
748 347
750 347
753 347
754 347
755 347
756 347
757 347
758 347
760 347
761 347
762 347
763 347
764 347
767 347
768 347
769 347
770 347
771 347
772 347
773 347
774 347
775 347
776 347
779 347
781 347
782 347
783 347
784 347
786 347
788 347
789 347
790 347
791 347
792 347
793 347
794 347
795 347
796 347
797 347
798 347
799 347
800 347
801 347
802 347
803 347
804 347
805 347
806 347
808 347
809 347
810 347
811 347
813 347
816 347
817 347
818 347
819 347
820 347
821 347
825 347
826 347
827 347
828 347
829 347
830 347
831 347
832 347
833 347
834 347
835 347
836 347
837 347
838 347
840 347
841 347
842 347
843 347
846 347
847 347
849 347
850 347
851 347
852 347
855 347
856 347
857 347
858 347
859 347
860 347
861 347
862 347
864 347
865 347
868 347
870 347
871 347
872 347
874 347
875 347
876 347
877 347
878 347
880 347
881 347
882 347
883 347
884 347
885 347
886 347
887 347
888 347
889 347
890 347
891 347
893 347
895 347
896 347
897 347
899 347
902 347
903 347
907 347
908 347
909 347
911 347
913 347
917 347
918 347
919 347
920 347
922 347
924 347
925 347
926 347
928 347
929 347
932 347
933 347
934 347
935 347
936 347
937 347
938 347
939 347
940 347
941 347
942 347
943 347
944 347
946 347
947 347
949 347
951 347
952 347
954 347
955 347
958 347
962 347
963 347
964 347
965 347
966 347
968 347
969 347
970 347
972 347
973 347
974 347
976 347
977 347
978 347
980 347
981 347
982 347
983 347
984 347
985 347
986 347
987 347
989 347
990 347
991 347
993 347
994 347
995 347
997 347
998 347
999 347
1000 347
65 348
145 348
399 348
446 348
2 349
3 349
17 349
23 349
63 349
65 349
86 349
143 349
145 349
165 349
194 349
199 349
222 349
225 349
228 349
243 349
247 349
251 349
274 349
276 349
279 349
301 349
311 349
312 349
329 349
334 349
335 349
359 349
392 349
399 349
412 349
436 349
446 349
466 349
472 349
474 349
540 349
557 349
626 349
691 349
997 349
2 350
3 350
5 350
12 350
15 350
17 350
19 350
22 350
25 350
30 350
40 350
51 350
56 350
59 350
60 350
63 350
66 350
73 350
75 350
83 350
93 350
99 350
108 350
110 350
114 350
124 350
126 350
129 350
133 350
135 350
139 350
144 350
145 350
152 350
165 350
168 350
176 350
177 350
194 350
196 350
214 350
217 350
224 350
225 350
226 350
229 350
239 350
243 350
244 350
251 350
253 350
254 350
257 350
258 350
260 350
267 350
274 350
276 350
278 350
279 350
283 350
297 350
299 350
302 350
303 350
306 350
311 350
312 350
315 350
317 350
325 350
333 350
340 350
341 350
347 350
359 350
368 350
369 350
377 350
378 350
383 350
392 350
399 350
409 350
412 350
417 350
431 350
435 350
436 350
442 350
443 350
446 350
447 350
451 350
453 350
456 350
457 350
463 350
465 350
468 350
472 350
473 350
474 350
485 350
505 350
507 350
508 350
516 350
517 350
518 350
521 350
528 350
529 350
533 350
534 350
539 350
548 350
552 350
553 350
554 350
555 350
557 350
559 350
570 350
571 350
573 350
576 350
577 350
579 350
581 350
582 350
587 350
602 350
604 350
605 350
606 350
616 350
617 350
623 350
625 350
626 350
629 350
630 350
633 350
634 350
635 350
645 350
646 350
647 350
650 350
651 350
655 350
674 350
675 350
677 350
679 350
680 350
681 350
686 350
689 350
690 350
691 350
697 350
718 350
732 350
746 350
754 350
761 350
762 350
767 350
771 350
783 350
786 350
788 350
794 350
800 350
804 350
805 350
816 350
828 350
833 350
834 350
838 350
843 350
847 350
849 350
851 350
856 350
858 350
862 350
872 350
880 350
883 350
885 350
892 350
895 350
896 350
902 350
918 350
922 350
932 350
936 350
940 350
943 350
946 350
952 350
954 350
961 350
964 350
970 350
976 350
978 350
980 350
989 350
995 350
997 350
999 350
3 351
6 351
18 351
25 351
38 351
65 351
74 351
94 351
105 351
112 351
145 351
165 351
176 351
213 351
222 351
224 351
225 351
228 351
243 351
257 351
279 351
288 351
330 351
345 351
408 351
412 351
436 351
442 351
447 351
457 351
468 351
474 351
492 351
539 351
543 351
553 351
602 351
641 351
642 351
691 351
754 351
760 351
783 351
799 351
811 351
814 351
886 351
997 351
3 352
65 352
134 352
136 352
145 352
165 352
176 352
243 352
247 352
329 352
340 352
368 352
399 352
446 352
691 352
783 352
858 352
997 352
3 353
56 353
63 353
65 353
86 353
145 353
165 353
217 353
228 353
311 353
329 353
340 353
359 353
399 353
446 353
447 353
463 353
568 353
626 353
783 353
856 353
997 353
2 354
3 354
56 354
60 354
83 354
124 354
129 354
140 354
142 354
189 354
229 354
239 354
260 354
285 354
296 354
303 354
309 354
312 354
323 354
347 354
354 354
366 354
377 354
409 354
429 354
431 354
473 354
520 354
521 354
534 354
559 354
576 354
581 354
602 354
616 354
617 354
631 354
651 354
677 354
679 354
716 354
734 354
754 354
761 354
784 354
848 354
875 354
880 354
896 354
946 354
955 354
999 354
446 356
856 356
997 356
2 357
3 357
17 357
23 357
51 357
56 357
62 357
63 357
65 357
66 357
75 357
86 357
108 357
128 357
134 357
136 357
145 357
165 357
199 357
203 357
217 357
222 357
224 357
225 357
226 357
228 357
243 357
247 357
267 357
274 357
280 357
295 357
301 357
311 357
312 357
317 357
319 357
325 357
347 357
350 357
359 357
366 357
372 357
392 357
399 357
407 357
412 357
432 357
436 357
446 357
447 357
457 357
460 357
462 357
469 357
534 357
573 357
604 357
611 357
626 357
634 357
655 357
689 357
716 357
783 357
858 357
885 357
970 357
980 357
997 357
2 358
3 358
4 358
8 358
9 358
11 358
12 358
14 358
17 358
19 358
21 358
25 358
27 358
28 358
30 358
37 358
39 358
42 358
47 358
50 358
51 358
53 358
56 358
58 358
59 358
61 358
63 358
65 358
66 358
73 358
75 358
81 358
86 358
92 358
96 358
98 358
99 358
102 358
105 358
108 358
110 358
120 358
124 358
125 358
129 358
132 358
133 358
134 358
138 358
139 358
144 358
145 358
146 358
150 358
155 358
158 358
164 358
165 358
168 358
173 358
175 358
176 358
177 358
178 358
179 358
181 358
183 358
189 358
190 358
193 358
194 358
197 358
199 358
206 358
207 358
209 358
212 358
214 358
215 358
216 358
222 358
224 358
225 358
228 358
229 358
230 358
238 358
239 358
243 358
244 358
247 358
251 358
253 358
258 358
260 358
262 358
269 358
274 358
276 358
277 358
279 358
280 358
283 358
285 358
286 358
289 358
290 358
291 358
296 358
297 358
301 358
303 358
311 358
312 358
325 358
329 358
330 358
331 358
335 358
341 358
347 358
350 358
357 358
359 358
361 358
365 358
366 358
369 358
370 358
373 358
375 358
377 358
378 358
379 358
382 358
384 358
392 358
399 358
405 358
412 358
417 358
425 358
429 358
431 358
432 358
435 358
436 358
437 358
438 358
442 358
443 358
446 358
447 358
451 358
453 358
456 358
457 358
458 358
460 358
463 358
468 358
469 358
471 358
473 358
479 358
482 358
483 358
485 358
487 358
488 358
489 358
499 358
503 358
507 358
508 358
513 358
516 358
517 358
521 358
528 358
533 358
534 358
536 358
539 358
546 358
549 358
550 358
556 358
557 358
563 358
566 358
570 358
571 358
573 358
576 358
577 358
578 358
581 358
589 358
590 358
593 358
595 358
600 358
601 358
602 358
603 358
604 358
606 358
608 358
610 358
611 358
612 358
613 358
615 358
616 358
617 358
618 358
621 358
622 358
623 358
625 358
626 358
628 358
629 358
630 358
631 358
633 358
634 358
636 358
638 358
639 358
640 358
641 358
643 358
646 358
647 358
649 358
651 358
652 358
655 358
656 358
657 358
662 358
664 358
665 358
667 358
668 358
670 358
671 358
672 358
673 358
674 358
675 358
676 358
678 358
679 358
680 358
681 358
682 358
684 358
686 358
687 358
689 358
690 358
691 358
692 358
694 358
696 358
700 358
701 358
704 358
705 358
706 358
708 358
710 358
711 358
714 358
715 358
716 358
717 358
719 358
720 358
721 358
722 358
723 358
724 358
725 358
729 358
730 358
732 358
735 358
737 358
738 358
739 358
741 358
742 358
744 358
745 358
746 358
748 358
750 358
753 358
755 358
756 358
757 358
758 358
760 358
761 358
762 358
767 358
769 358
770 358
771 358
772 358
774 358
776 358
779 358
781 358
782 358
783 358
784 358
789 358
790 358
791 358
792 358
793 358
794 358
795 358
796 358
797 358
798 358
803 358
804 358
806 358
808 358
810 358
811 358
813 358
816 358
817 358
818 358
819 358
820 358
821 358
825 358
826 358
827 358
828 358
829 358
830 358
833 358
834 358
835 358
836 358
838 358
840 358
841 358
842 358
843 358
846 358
847 358
849 358
852 358
853 358
855 358
856 358
857 358
858 358
859 358
860 358
861 358
862 358
864 358
865 358
868 358
870 358
871 358
874 358
875 358
876 358
877 358
878 358
880 358
881 358
882 358
884 358
885 358
886 358
887 358
888 358
889 358
890 358
891 358
892 358
896 358
899 358
902 358
903 358
907 358
908 358
909 358
910 358
911 358
913 358
917 358
918 358
919 358
920 358
922 358
924 358
925 358
926 358
928 358
929 358
932 358
934 358
935 358
938 358
939 358
940 358
942 358
944 358
946 358
947 358
949 358
951 358
952 358
955 358
957 358
958 358
961 358
962 358
963 358
965 358
966 358
968 358
969 358
970 358
972 358
973 358
976 358
977 358
978 358
980 358
982 358
983 358
984 358
985 358
986 358
991 358
993 358
994 358
995 358
997 358
998 358
999 358
1000 358
2 359
3 359
4 359
5 359
8 359
9 359
10 359
11 359
12 359
14 359
17 359
19 359
20 359
21 359
25 359
28 359
30 359
31 359
32 359
37 359
39 359
40 359
42 359
45 359
47 359
49 359
50 359
51 359
52 359
53 359
56 359
59 359
60 359
61 359
62 359
63 359
65 359
66 359
73 359
75 359
81 359
86 359
92 359
99 359
105 359
108 359
110 359
112 359
113 359
119 359
120 359
123 359
128 359
129 359
132 359
134 359
135 359
136 359
143 359
145 359
146 359
150 359
152 359
155 359
158 359
165 359
168 359
173 359
178 359
179 359
181 359
183 359
186 359
188 359
190 359
191 359
194 359
197 359
199 359
206 359
207 359
209 359
213 359
214 359
215 359
216 359
217 359
222 359
224 359
225 359
226 359
228 359
229 359
230 359
234 359
239 359
241 359
243 359
244 359
245 359
247 359
251 359
257 359
258 359
260 359
262 359
267 359
269 359
274 359
276 359
279 359
280 359
283 359
286 359
290 359
291 359
294 359
295 359
296 359
297 359
299 359
301 359
302 359
305 359
306 359
309 359
311 359
312 359
315 359
317 359
320 359
324 359
325 359
329 359
330 359
335 359
340 359
347 359
349 359
350 359
358 359
359 359
361 359
365 359
369 359
371 359
372 359
373 359
374 359
375 359
377 359
378 359
379 359
381 359
390 359
392 359
396 359
399 359
404 359
405 359
408 359
412 359
413 359
417 359
418 359
425 359
429 359
431 359
432 359
435 359
436 359
437 359
443 359
446 359
447 359
448 359
449 359
450 359
451 359
453 359
456 359
457 359
458 359
460 359
461 359
462 359
463 359
465 359
467 359
468 359
469 359
473 359
474 359
476 359
481 359
482 359
483 359
484 359
485 359
486 359
487 359
488 359
489 359
490 359
492 359
493 359
495 359
496 359
497 359
498 359
500 359
503 359
504 359
505 359
507 359
508 359
509 359
510 359
511 359
513 359
516 359
517 359
519 359
521 359
522 359
523 359
524 359
526 359
529 359
530 359
531 359
533 359
534 359
536 359
537 359
538 359
539 359
544 359
545 359
546 359
548 359
550 359
551 359
552 359
554 359
555 359
557 359
559 359
561 359
563 359
566 359
568 359
569 359
570 359
571 359
573 359
574 359
576 359
577 359
578 359
579 359
580 359
581 359
582 359
583 359
585 359
586 359
587 359
589 359
590 359
593 359
595 359
597 359
599 359
601 359
602 359
603 359
604 359
606 359
608 359
610 359
611 359
612 359
613 359
616 359
617 359
618 359
621 359
623 359
625 359
626 359
628 359
629 359
630 359
631 359
633 359
635 359
636 359
638 359
639 359
641 359
643 359
645 359
646 359
647 359
649 359
650 359
651 359
652 359
653 359
655 359
656 359
657 359
660 359
662 359
664 359
665 359
667 359
670 359
671 359
672 359
674 359
675 359
676 359
677 359
679 359
680 359
681 359
682 359
684 359
685 359
686 359
687 359
688 359
689 359
690 359
691 359
696 359
697 359
700 359
701 359
702 359
704 359
705 359
708 359
710 359
711 359
714 359
715 359
716 359
717 359
719 359
720 359
721 359
722 359
723 359
725 359
729 359
730 359
734 359
735 359
737 359
738 359
741 359
742 359
744 359
745 359
746 359
748 359
750 359
753 359
754 359
755 359
756 359
757 359
758 359
760 359
761 359
762 359
764 359
767 359
768 359
769 359
770 359
771 359
772 359
774 359
775 359
776 359
779 359
781 359
782 359
783 359
784 359
789 359
790 359
791 359
792 359
793 359
794 359
795 359
796 359
798 359
800 359
802 359
804 359
805 359
806 359
808 359
810 359
811 359
813 359
816 359
817 359
818 359
819 359
820 359
821 359
822 359
825 359
826 359
827 359
828 359
829 359
830 359
831 359
833 359
834 359
835 359
836 359
837 359
838 359
840 359
841 359
842 359
843 359
846 359
847 359
849 359
851 359
852 359
853 359
855 359
856 359
857 359
858 359
859 359
860 359
861 359
864 359
865 359
870 359
871 359
872 359
874 359
875 359
876 359
877 359
878 359
880 359
881 359
884 359
885 359
886 359
887 359
888 359
889 359
890 359
891 359
897 359
899 359
902 359
903 359
907 359
908 359
909 359
911 359
913 359
917 359
918 359
919 359
920 359
922 359
924 359
925 359
926 359
928 359
929 359
932 359
934 359
935 359
938 359
939 359
940 359
941 359
942 359
944 359
946 359
947 359
949 359
951 359
952 359
955 359
957 359
958 359
961 359
962 359
963 359
965 359
966 359
968 359
969 359
970 359
973 359
974 359
976 359
977 359
978 359
980 359
982 359
983 359
984 359
985 359
986 359
991 359
993 359
994 359
995 359
997 359
999 359
1000 359
53 360
65 360
134 360
143 360
145 360
165 360
222 360
264 360
399 360
997 360
65 361
145 361
254 361
257 361
63 362
65 362
86 362
145 362
165 362
359 362
446 362
447 362
997 362
2 363
3 363
12 363
15 363
17 363
24 363
25 363
48 363
51 363
52 363
54 363
56 363
63 363
65 363
66 363
71 363
73 363
75 363
79 363
80 363
86 363
92 363
103 363
107 363
108 363
112 363
124 363
128 363
142 363
144 363
145 363
158 363
165 363
222 363
224 363
239 363
243 363
257 363
274 363
276 363
280 363
294 363
297 363
299 363
311 363
312 363
325 363
331 363
340 363
347 363
365 363
368 363
377 363
387 363
392 363
402 363
412 363
429 363
431 363
432 363
436 363
446 363
447 363
451 363
453 363
457 363
463 363
467 363
468 363
473 363
474 363
479 363
485 363
508 363
516 363
528 363
533 363
534 363
545 363
546 363
557 363
568 363
571 363
573 363
576 363
587 363
604 363
611 363
615 363
616 363
618 363
625 363
626 363
634 363
639 363
646 363
651 363
652 363
680 363
691 363
716 363
734 363
752 363
758 363
762 363
771 363
783 363
804 363
805 363
822 363
834 363
842 363
843 363
858 363
878 363
880 363
922 363
926 363
946 363
954 363
978 363
2 364
3 364
25 364
35 364
64 364
73 364
110 364
124 364
145 364
147 364
158 364
247 364
257 364
274 364
283 364
285 364
293 364
297 364
312 364
317 364
324 364
341 364
396 364
417 364
436 364
446 364
474 364
483 364
539 364
557 364
576 364
577 364
593 364
604 364
625 364
626 364
634 364
639 364
662 364
716 364
822 364
864 364
964 364
3 365
56 365
145 365
446 365
474 365
783 365
2 366
3 366
12 366
15 366
17 366
56 366
58 366
60 366
63 366
90 366
129 366
145 366
165 366
191 366
225 366
228 366
239 366
243 366
251 366
295 366
302 366
311 366
312 366
341 366
357 366
377 366
390 366
412 366
446 366
451 366
482 366
528 366
534 366
576 366
602 366
626 366
634 366
639 366
689 366
690 366
691 366
718 366
767 366
783 366
803 366
828 366
859 366
875 366
880 366
997 366
3 367
145 367
177 367
247 367
251 367
378 367
446 367
602 367
858 367
997 367
2 368
3 368
4 368
5 368
6 368
7 368
8 368
9 368
10 368
11 368
12 368
13 368
14 368
15 368
16 368
17 368
18 368
19 368
21 368
23 368
24 368
25 368
28 368
29 368
30 368
31 368
34 368
36 368
37 368
39 368
40 368
45 368
47 368
48 368
50 368
51 368
52 368
53 368
54 368
56 368
58 368
59 368
61 368
62 368
63 368
65 368
66 368
71 368
73 368
75 368
77 368
79 368
80 368
81 368
83 368
86 368
88 368
92 368
96 368
98 368
99 368
101 368
102 368
106 368
107 368
108 368
110 368
113 368
114 368
117 368
120 368
124 368
125 368
126 368
128 368
129 368
132 368
133 368
134 368
136 368
138 368
139 368
142 368
143 368
144 368
145 368
147 368
150 368
152 368
154 368
155 368
158 368
159 368
160 368
165 368
168 368
170 368
171 368
172 368
173 368
178 368
179 368
180 368
181 368
183 368
184 368
186 368
189 368
190 368
191 368
193 368
194 368
197 368
199 368
203 368
207 368
208 368
209 368
212 368
213 368
215 368
216 368
217 368
222 368
224 368
225 368
226 368
228 368
229 368
230 368
231 368
233 368
234 368
238 368
239 368
243 368
244 368
247 368
249 368
250 368
253 368
257 368
258 368
260 368
264 368
267 368
268 368
269 368
276 368
277 368
278 368
279 368
280 368
283 368
285 368
286 368
288 368
289 368
291 368
293 368
294 368
296 368
297 368
299 368
301 368
303 368
305 368
309 368
311 368
312 368
317 368
320 368
324 368
325 368
327 368
328 368
329 368
330 368
331 368
333 368
334 368
335 368
336 368
340 368
346 368
347 368
349 368
350 368
352 368
358 368
359 368
361 368
364 368
365 368
366 368
367 368
369 368
371 368
375 368
376 368
377 368
378 368
381 368
382 368
389 368
390 368
392 368
395 368
396 368
399 368
402 368
405 368
412 368
414 368
417 368
425 368
427 368
429 368
430 368
431 368
435 368
436 368
437 368
439 368
441 368
442 368
443 368
444 368
446 368
447 368
453 368
454 368
456 368
457 368
459 368
460 368
462 368
463 368
466 368
467 368
468 368
469 368
470 368
471 368
472 368
474 368
476 368
478 368
481 368
482 368
484 368
485 368
487 368
489 368
493 368
496 368
502 368
503 368
505 368
507 368
508 368
511 368
513 368
516 368
517 368
518 368
521 368
523 368
524 368
528 368
531 368
533 368
534 368
536 368
539 368
545 368
546 368
547 368
548 368
549 368
552 368
553 368
556 368
557 368
558 368
559 368
563 368
566 368
568 368
570 368
571 368
573 368
574 368
577 368
578 368
579 368
581 368
582 368
583 368
585 368
587 368
589 368
590 368
591 368
593 368
595 368
596 368
597 368
598 368
601 368
602 368
603 368
604 368
605 368
606 368
608 368
610 368
612 368
613 368
615 368
616 368
617 368
618 368
619 368
621 368
623 368
625 368
626 368
628 368
629 368
630 368
631 368
633 368
634 368
636 368
638 368
639 368
640 368
641 368
642 368
643 368
644 368
646 368
647 368
649 368
650 368
651 368
652 368
653 368
655 368
656 368
657 368
658 368
659 368
660 368
662 368
664 368
665 368
667 368
668 368
670 368
671 368
672 368
673 368
674 368
675 368
676 368
677 368
679 368
680 368
681 368
682 368
684 368
685 368
686 368
687 368
688 368
689 368
690 368
691 368
692 368
695 368
696 368
697 368
699 368
700 368
701 368
702 368
704 368
705 368
706 368
707 368
708 368
710 368
711 368
712 368
714 368
715 368
716 368
717 368
719 368
720 368
721 368
722 368
723 368
725 368
728 368
729 368
730 368
732 368
733 368
734 368
737 368
738 368
739 368
741 368
742 368
744 368
745 368
746 368
748 368
749 368
750 368
751 368
752 368
753 368
754 368
755 368
756 368
757 368
758 368
760 368
761 368
762 368
763 368
764 368
767 368
769 368
770 368
771 368
772 368
774 368
776 368
779 368
781 368
782 368
783 368
784 368
788 368
789 368
790 368
791 368
792 368
793 368
794 368
795 368
796 368
798 368
800 368
802 368
803 368
804 368
806 368
808 368
810 368
811 368
813 368
814 368
816 368
817 368
818 368
819 368
820 368
821 368
825 368
826 368
827 368
828 368
829 368
830 368
832 368
833 368
834 368
835 368
836 368
839 368
840 368
841 368
842 368
843 368
846 368
847 368
848 368
849 368
851 368
852 368
853 368
855 368
856 368
857 368
858 368
859 368
860 368
861 368
862 368
864 368
865 368
870 368
871 368
874 368
875 368
876 368
877 368
878 368
880 368
881 368
882 368
883 368
884 368
885 368
886 368
887 368
888 368
889 368
890 368
891 368
896 368
897 368
899 368
902 368
903 368
907 368
908 368
909 368
911 368
913 368
917 368
918 368
919 368
920 368
921 368
924 368
925 368
926 368
928 368
929 368
932 368
933 368
934 368
935 368
936 368
937 368
938 368
939 368
940 368
941 368
942 368
943 368
944 368
945 368
946 368
949 368
951 368
952 368
954 368
955 368
957 368
958 368
962 368
963 368
964 368
965 368
966 368
968 368
969 368
970 368
973 368
974 368
976 368
977 368
978 368
980 368
982 368
983 368
984 368
985 368
986 368
987 368
988 368
989 368
991 368
993 368
994 368
995 368
997 368
999 368
1000 368
2 369
3 369
4 369
5 369
8 369
9 369
12 369
17 369
18 369
25 369
28 369
30 369
45 369
49 369
51 369
52 369
53 369
56 369
58 369
59 369
60 369
66 369
73 369
75 369
81 369
83 369
87 369
90 369
92 369
99 369
101 369
106 369
108 369
110 369
114 369
115 369
126 369
129 369
133 369
134 369
136 369
139 369
143 369
144 369
145 369
155 369
158 369
164 369
165 369
168 369
189 369
191 369
194 369
199 369
206 369
212 369
214 369
215 369
216 369
217 369
224 369
225 369
229 369
234 369
239 369
251 369
252 369
257 369
258 369
264 369
269 369
274 369
277 369
280 369
285 369
290 369
291 369
296 369
297 369
299 369
301 369
302 369
303 369
306 369
311 369
312 369
315 369
317 369
320 369
323 369
325 369
333 369
335 369
341 369
347 369
350 369
354 369
358 369
359 369
366 369
368 369
375 369
377 369
378 369
379 369
383 369
399 369
402 369
409 369
412 369
413 369
417 369
425 369
426 369
429 369
430 369
431 369
433 369
436 369
442 369
446 369
447 369
451 369
453 369
456 369
463 369
468 369
471 369
472 369
473 369
474 369
477 369
479 369
483 369
488 369
490 369
496 369
513 369
516 369
517 369
518 369
519 369
520 369
521 369
523 369
526 369
528 369
533 369
534 369
539 369
547 369
548 369
549 369
550 369
552 369
553 369
556 369
557 369
563 369
566 369
570 369
573 369
576 369
581 369
582 369
583 369
589 369
590 369
591 369
602 369
604 369
609 369
612 369
616 369
617 369
618 369
619 369
625 369
626 369
630 369
631 369
633 369
634 369
639 369
643 369
646 369
647 369
655 369
656 369
658 369
660 369
674 369
675 369
678 369
679 369
680 369
686 369
689 369
691 369
702 369
706 369
710 369
716 369
723 369
724 369
725 369
732 369
733 369
734 369
738 369
746 369
751 369
754 369
758 369
761 369
762 369
763 369
767 369
771 369
779 369
782 369
788 369
791 369
794 369
797 369
799 369
800 369
804 369
827 369
828 369
830 369
832 369
833 369
834 369
838 369
843 369
847 369
849 369
851 369
858 369
860 369
862 369
864 369
872 369
875 369
880 369
884 369
896 369
897 369
899 369
902 369
913 369
918 369
919 369
921 369
922 369
928 369
932 369
941 369
942 369
943 369
946 369
951 369
954 369
955 369
957 369
963 369
964 369
976 369
982 369
985 369
989 369
997 369
999 369
3 370
12 370
28 370
38 370
39 370
56 370
63 370
65 370
108 370
145 370
165 370
177 370
217 370
228 370
243 370
260 370
295 370
301 370
311 370
317 370
326 370
358 370
399 370
446 370
568 370
602 370
625 370
634 370
655 370
662 370
716 370
810 370
970 370
997 370
2 372
3 372
15 372
45 372
56 372
63 372
65 372
75 372
83 372
86 372
99 372
124 372
134 372
145 372
149 372
165 372
203 372
209 372
217 372
222 372
224 372
228 372
243 372
247 372
274 372
280 372
312 372
319 372
336 372
359 372
412 372
417 372
436 372
442 372
443 372
446 372
474 372
513 372
604 372
634 372
783 372
787 372
799 372
816 372
885 372
952 372
978 372
2 373
3 373
4 373
8 373
9 373
10 373
12 373
18 373
19 373
21 373
25 373
28 373
30 373
47 373
48 373
49 373
50 373
51 373
52 373
53 373
57 373
58 373
59 373
60 373
63 373
66 373
69 373
75 373
81 373
87 373
92 373
99 373
106 373
108 373
110 373
113 373
114 373
118 373
124 373
125 373
129 373
132 373
133 373
134 373
136 373
138 373
139 373
142 373
144 373
145 373
146 373
152 373
155 373
158 373
164 373
165 373
167 373
168 373
170 373
173 373
175 373
176 373
178 373
179 373
181 373
183 373
186 373
187 373
189 373
190 373
191 373
193 373
194 373
199 373
207 373
209 373
214 373
216 373
224 373
225 373
226 373
229 373
230 373
233 373
234 373
239 373
244 373
247 373
251 373
260 373
261 373
267 373
268 373
269 373
274 373
276 373
279 373
280 373
283 373
284 373
285 373
288 373
291 373
296 373
297 373
299 373
301 373
303 373
306 373
309 373
311 373
312 373
315 373
317 373
323 373
324 373
325 373
329 373
331 373
333 373
335 373
340 373
345 373
347 373
350 373
354 373
357 373
358 373
359 373
361 373
366 373
368 373
369 373
371 373
375 373
377 373
378 373
379 373
383 373
399 373
400 373
404 373
405 373
409 373
412 373
417 373
425 373
426 373
429 373
431 373
436 373
437 373
438 373
443 373
446 373
447 373
448 373
451 373
453 373
454 373
456 373
457 373
460 373
462 373
463 373
468 373
469 373
472 373
473 373
474 373
481 373
483 373
493 373
497 373
499 373
503 373
508 373
511 373
513 373
514 373
516 373
518 373
521 373
522 373
528 373
533 373
534 373
539 373
540 373
548 373
550 373
557 373
559 373
563 373
566 373
570 373
571 373
573 373
576 373
577 373
581 373
583 373
585 373
589 373
590 373
593 373
597 373
598 373
600 373
602 373
604 373
605 373
612 373
616 373
617 373
618 373
621 373
625 373
626 373
629 373
630 373
633 373
634 373
639 373
640 373
642 373
643 373
644 373
646 373
647 373
650 373
651 373
652 373
655 373
656 373
664 373
671 373
679 373
680 373
681 373
682 373
688 373
689 373
690 373
691 373
697 373
702 373
704 373
710 373
716 373
722 373
725 373
732 373
733 373
734 373
738 373
741 373
750 373
754 373
758 373
762 373
764 373
767 373
768 373
770 373
771 373
773 373
776 373
783 373
788 373
790 373
794 373
795 373
797 373
803 373
804 373
811 373
813 373
816 373
817 373
818 373
819 373
822 373
825 373
827 373
828 373
830 373
834 373
843 373
847 373
849 373
851 373
855 373
856 373
858 373
861 373
862 373
864 373
870 373
871 373
872 373
877 373
880 373
882 373
883 373
884 373
885 373
886 373
889 373
893 373
895 373
897 373
899 373
902 373
907 373
911 373
918 373
922 373
926 373
928 373
929 373
933 373
936 373
941 373
942 373
943 373
944 373
946 373
949 373
951 373
952 373
954 373
955 373
958 373
961 373
964 373
966 373
972 373
974 373
976 373
978 373
980 373
982 373
984 373
997 373
998 373
999 373
63 374
65 374
136 374
165 374
194 374
303 374
312 374
359 374
399 374
446 374
474 374
634 374
691 374
858 374
946 374
2 375
3 375
12 375
17 375
18 375
24 375
25 375
45 375
46 375
48 375
53 375
58 375
59 375
62 375
65 375
66 375
73 375
75 375
99 375
108 375
125 375
129 375
130 375
132 375
133 375
138 375
145 375
160 375
165 375
169 375
193 375
194 375
224 375
225 375
229 375
239 375
251 375
254 375
274 375
276 375
280 375
285 375
296 375
299 375
306 375
312 375
324 375
325 375
329 375
354 375
359 375
369 375
377 375
378 375
399 375
422 375
429 375
431 375
436 375
442 375
453 375
456 375
462 375
463 375
465 375
468 375
472 375
473 375
476 375
499 375
516 375
518 375
526 375
528 375
533 375
534 375
539 375
550 375
557 375
571 375
576 375
578 375
602 375
604 375
616 375
617 375
621 375
626 375
630 375
634 375
640 375
643 375
646 375
647 375
655 375
670 375
675 375
679 375
681 375
762 375
771 375
774 375
783 375
788 375
794 375
797 375
804 375
810 375
814 375
827 375
828 375
834 375
861 375
880 375
886 375
893 375
910 375
922 375
937 375
941 375
946 375
952 375
961 375
974 375
976 375
978 375
980 375
989 375
995 375
28 376
48 376
49 376
50 376
56 376
65 376
79 376
144 376
145 376
217 376
269 376
368 376
399 376
651 376
670 376
937 376
2 377
3 377
25 377
28 377
30 377
50 377
51 377
56 377
58 377
62 377
63 377
65 377
66 377
73 377
75 377
108 377
114 377
129 377
133 377
134 377
136 377
144 377
145 377
158 377
165 377
168 377
176 377
177 377
194 377
206 377
222 377
224 377
225 377
228 377
234 377
239 377
243 377
244 377
247 377
251 377
254 377
260 377
274 377
276 377
277 377
280 377
291 377
296 377
297 377
306 377
307 377
312 377
317 377
323 377
325 377
340 377
350 377
358 377
359 377
377 377
387 377
399 377
408 377
409 377
412 377
417 377
429 377
431 377
434 377
436 377
446 377
448 377
451 377
453 377
457 377
462 377
472 377
473 377
474 377
475 377
496 377
508 377
518 377
521 377
528 377
529 377
533 377
534 377
539 377
548 377
557 377
559 377
573 377
576 377
577 377
581 377
584 377
604 377
611 377
616 377
634 377
650 377
660 377
677 377
680 377
681 377
682 377
689 377
691 377
716 377
725 377
732 377
737 377
738 377
750 377
754 377
762 377
774 377
783 377
789 377
791 377
816 377
822 377
842 377
847 377
849 377
858 377
875 377
877 377
880 377
881 377
922 377
926 377
928 377
946 377
951 377
952 377
954 377
961 377
976 377
978 377
980 377
997 377
2 378
3 378
4 378
5 378
6 378
8 378
9 378
10 378
11 378
12 378
13 378
16 378
17 378
18 378
19 378
20 378
21 378
22 378
24 378
25 378
26 378
28 378
30 378
37 378
39 378
40 378
43 378
45 378
46 378
47 378
50 378
51 378
52 378
53 378
56 378
58 378
59 378
60 378
61 378
63 378
65 378
66 378
69 378
70 378
71 378
73 378
75 378
81 378
83 378
86 378
96 378
99 378
101 378
105 378
106 378
110 378
112 378
113 378
114 378
120 378
121 378
124 378
125 378
126 378
128 378
129 378
132 378
133 378
134 378
136 378
139 378
140 378
142 378
143 378
144 378
145 378
146 378
152 378
155 378
157 378
158 378
160 378
164 378
165 378
168 378
169 378
173 378
178 378
179 378
181 378
183 378
186 378
188 378
189 378
190 378
191 378
193 378
194 378
196 378
197 378
199 378
203 378
206 378
207 378
208 378
209 378
212 378
213 378
214 378
215 378
216 378
222 378
224 378
225 378
228 378
229 378
230 378
233 378
234 378
237 378
239 378
243 378
244 378
246 378
247 378
251 378
252 378
253 378
254 378
257 378
258 378
260 378
261 378
265 378
267 378
269 378
270 378
274 378
276 378
277 378
278 378
279 378
280 378
281 378
283 378
284 378
286 378
291 378
294 378
295 378
296 378
297 378
299 378
301 378
302 378
303 378
305 378
306 378
307 378
308 378
309 378
311 378
312 378
315 378
317 378
320 378
323 378
324 378
325 378
328 378
329 378
330 378
331 378
333 378
334 378
335 378
340 378
343 378
347 378
350 378
352 378
354 378
357 378
358 378
359 378
361 378
364 378
365 378
366 378
367 378
368 378
369 378
371 378
372 378
373 378
374 378
375 378
377 378
379 378
380 378
381 378
383 378
390 378
392 378
393 378
395 378
399 378
402 378
404 378
405 378
408 378
412 378
413 378
417 378
425 378
427 378
429 378
430 378
431 378
433 378
435 378
436 378
437 378
438 378
442 378
443 378
446 378
447 378
448 378
449 378
450 378
451 378
453 378
456 378
457 378
460 378
463 378
465 378
468 378
469 378
472 378
473 378
474 378
476 378
478 378
479 378
481 378
482 378
483 378
485 378
487 378
488 378
489 378
493 378
496 378
497 378
498 378
499 378
501 378
503 378
505 378
507 378
508 378
511 378
513 378
516 378
517 378
518 378
519 378
521 378
528 378
531 378
533 378
534 378
536 378
539 378
540 378
544 378
546 378
547 378
548 378
549 378
550 378
553 378
554 378
555 378
556 378
557 378
558 378
559 378
563 378
564 378
566 378
569 378
570 378
571 378
573 378
576 378
577 378
578 378
580 378
581 378
582 378
583 378
584 378
585 378
586 378
587 378
589 378
590 378
591 378
593 378
595 378
597 378
600 378
601 378
602 378
603 378
604 378
605 378
606 378
608 378
609 378
610 378
612 378
613 378
615 378
616 378
617 378
618 378
621 378
622 378
623 378
625 378
626 378
628 378
629 378
630 378
631 378
633 378
634 378
635 378
636 378
638 378
639 378
640 378
641 378
642 378
643 378
645 378
646 378
647 378
649 378
652 378
653 378
655 378
656 378
657 378
658 378
660 378
662 378
664 378
665 378
667 378
668 378
670 378
671 378
672 378
674 378
675 378
676 378
677 378
678 378
679 378
680 378
681 378
682 378
684 378
685 378
686 378
687 378
688 378
689 378
690 378
691 378
692 378
694 378
695 378
696 378
699 378
700 378
701 378
702 378
704 378
705 378
706 378
708 378
710 378
711 378
714 378
715 378
716 378
717 378
718 378
719 378
720 378
721 378
722 378
723 378
725 378
728 378
729 378
730 378
732 378
734 378
735 378
737 378
738 378
739 378
741 378
742 378
744 378
745 378
746 378
748 378
750 378
753 378
754 378
755 378
756 378
757 378
758 378
760 378
761 378
762 378
764 378
767 378
768 378
769 378
770 378
771 378
772 378
774 378
775 378
776 378
779 378
781 378
782 378
783 378
784 378
786 378
788 378
789 378
790 378
791 378
792 378
793 378
794 378
795 378
796 378
797 378
798 378
799 378
800 378
802 378
803 378
804 378
805 378
806 378
808 378
809 378
810 378
811 378
813 378
814 378
816 378
817 378
818 378
819 378
820 378
821 378
822 378
825 378
826 378
827 378
828 378
829 378
830 378
831 378
832 378
833 378
834 378
835 378
836 378
837 378
838 378
840 378
841 378
842 378
843 378
846 378
847 378
849 378
850 378
851 378
852 378
853 378
855 378
856 378
857 378
858 378
859 378
860 378
861 378
862 378
864 378
865 378
867 378
868 378
870 378
871 378
872 378
874 378
875 378
877 378
878 378
880 378
881 378
882 378
883 378
884 378
885 378
886 378
887 378
888 378
889 378
890 378
891 378
892 378
893 378
895 378
896 378
897 378
899 378
902 378
903 378
907 378
908 378
909 378
910 378
911 378
913 378
917 378
918 378
919 378
920 378
922 378
924 378
925 378
926 378
928 378
929 378
932 378
933 378
934 378
935 378
936 378
938 378
939 378
940 378
941 378
942 378
943 378
944 378
946 378
947 378
949 378
951 378
952 378
954 378
957 378
958 378
961 378
962 378
963 378
964 378
965 378
966 378
968 378
969 378
970 378
972 378
973 378
974 378
976 378
977 378
978 378
980 378
982 378
983 378
984 378
985 378
986 378
988 378
989 378
991 378
993 378
994 378
995 378
997 378
998 378
999 378
1000 378
3 379
17 379
27 379
49 379
52 379
62 379
63 379
65 379
86 379
108 379
133 379
139 379
143 379
145 379
165 379
189 379
206 379
217 379
222 379
229 379
247 379
260 379
268 379
285 379
350 379
358 379
369 379
378 379
399 379
422 379
427 379
446 379
447 379
456 379
462 379
508 379
523 379
534 379
539 379
555 379
559 379
571 379
576 379
602 379
604 379
621 379
629 379
633 379
634 379
657 379
674 379
712 379
741 379
783 379
791 379
809 379
811 379
828 379
858 379
875 379
884 379
909 379
946 379
951 379
966 379
997 379
3 380
8 380
17 380
25 380
63 380
65 380
96 380
143 380
145 380
201 380
214 380
222 380
267 380
276 380
280 380
296 380
346 380
427 380
446 380
461 380
513 380
534 380
566 380
604 380
650 380
691 380
711 380
738 380
828 380
858 380
898 380
952 380
960 380
978 380
3 381
63 381
68 381
73 381
75 381
129 381
136 381
143 381
145 381
177 381
214 381
222 381
224 381
251 381
258 381
274 381
285 381
294 381
297 381
301 381
312 381
317 381
359 381
417 381
431 381
446 381
462 381
521 381
557 381
576 381
602 381
604 381
616 381
626 381
655 381
690 381
758 381
788 381
834 381
849 381
858 381
864 381
874 381
897 381
946 381
952 381
966 381
978 381
997 381
3 382
56 382
58 382
60 382
63 382
65 382
133 382
144 382
145 382
165 382
214 382
217 382
222 382
247 382
285 382
296 382
301 382
303 382
311 382
323 382
325 382
346 382
442 382
446 382
447 382
474 382
513 382
521 382
534 382
557 382
604 382
615 382
626 382
633 382
639 382
711 382
800 382
858 382
875 382
896 382
951 382
974 382
997 382
3 383
12 383
18 383
28 383
58 383
61 383
86 383
114 383
129 383
145 383
177 383
193 383
206 383
229 383
239 383
247 383
260 383
285 383
296 383
303 383
312 383
323 383
324 383
325 383
343 383
350 383
369 383
379 383
431 383
447 383
451 383
468 383
472 383
473 383
496 383
516 383
517 383
521 383
528 383
534 383
539 383
554 383
557 383
576 383
602 383
604 383
616 383
623 383
633 383
656 383
674 383
701 383
732 383
741 383
742 383
751 383
754 383
761 383
767 383
771 383
782 383
783 383
858 383
872 383
875 383
880 383
886 383
899 383
922 383
926 383
976 383
997 383
251 384
2 386
3 386
9 386
17 386
51 386
63 386
65 386
86 386
145 386
165 386
177 386
222 386
224 386
225 386
228 386
243 386
247 386
280 386
311 386
312 386
359 386
392 386
412 386
446 386
457 386
474 386
573 386
858 386
3 387
63 387
65 387
98 387
145 387
165 387
224 387
228 387
269 387
302 387
312 387
377 387
409 387
446 387
475 387
517 387
783 387
858 387
2 389
3 389
18 389
56 389
124 389
129 389
143 389
229 389
234 389
341 389
417 389
462 389
539 389
576 389
680 389
768 389
794 389
3 390
31 390
63 390
65 390
165 390
224 390
243 390
247 390
251 390
276 390
311 390
312 390
317 390
347 390
359 390
366 390
392 390
435 390
436 390
446 390
457 390
460 390
474 390
483 390
505 390
548 390
858 390
997 390
18 391
602 391
886 391
2 392
3 392
27 392
50 392
51 392
63 392
86 392
136 392
145 392
165 392
199 392
208 392
225 392
243 392
247 392
251 392
257 392
276 392
297 392
312 392
340 392
347 392
350 392
359 392
365 392
412 392
431 392
435 392
436 392
446 392
457 392
460 392
474 392
496 392
504 392
513 392
522 392
563 392
573 392
626 392
691 392
783 392
2 393
3 393
63 393
65 393
86 393
145 393
165 393
222 393
225 393
241 393
243 393
247 393
279 393
412 393
446 393
145 395
197 395
301 395
341 395
602 395
858 395
875 395
876 395
997 395
2 396
3 396
5 396
17 396
21 396
25 396
45 396
51 396
63 396
65 396
73 396
75 396
86 396
99 396
110 396
120 396
133 396
134 396
145 396
165 396
167 396
176 396
199 396
207 396
222 396
224 396
225 396
241 396
243 396
244 396
247 396
269 396
274 396
276 396
279 396
280 396
291 396
297 396
301 396
309 396
311 396
312 396
335 396
342 396
347 396
349 396
359 396
364 396
378 396
390 396
392 396
393 396
399 396
407 396
412 396
419 396
432 396
436 396
441 396
446 396
447 396
457 396
460 396
463 396
473 396
487 396
497 396
505 396
539 396
548 396
559 396
570 396
573 396
577 396
585 396
599 396
602 396
618 396
634 396
649 396
783 396
858 396
3 397
17 397
56 397
63 397
65 397
145 397
165 397
191 397
217 397
222 397
224 397
243 397
247 397
285 397
359 397
399 397
446 397
29 398
65 398
226 398
2 399
3 399
4 399
9 399
14 399
25 399
28 399
51 399
62 399
63 399
65 399
71 399
73 399
75 399
86 399
110 399
134 399
136 399
138 399
139 399
143 399
145 399
146 399
152 399
165 399
168 399
173 399
183 399
190 399
194 399
199 399
207 399
209 399
222 399
224 399
225 399
228 399
229 399
243 399
251 399
254 399
257 399
260 399
274 399
276 399
283 399
285 399
291 399
294 399
297 399
301 399
306 399
309 399
311 399
312 399
313 399
315 399
324 399
325 399
329 399
333 399
340 399
341 399
342 399
343 399
347 399
348 399
350 399
352 399
359 399
369 399
377 399
378 399
405 399
412 399
417 399
431 399
436 399
443 399
446 399
447 399
448 399
451 399
456 399
457 399
462 399
463 399
474 399
478 399
483 399
494 399
496 399
508 399
518 399
528 399
534 399
539 399
540 399
546 399
548 399
557 399
559 399
570 399
573 399
576 399
585 399
587 399
593 399
598 399
602 399
604 399
605 399
606 399
616 399
618 399
626 399
634 399
635 399
639 399
642 399
644 399
647 399
652 399
655 399
656 399
660 399
681 399
682 399
689 399
690 399
691 399
704 399
705 399
707 399
712 399
716 399
718 399
730 399
734 399
774 399
776 399
783 399
788 399
792 399
797 399
816 399
822 399
826 399
830 399
842 399
849 399
851 399
858 399
859 399
871 399
874 399
880 399
881 399
884 399
890 399
907 399
946 399
952 399
954 399
961 399
970 399
976 399
978 399
980 399
989 399
997 399
3 400
17 400
63 400
65 400
134 400
143 400
145 400
176 400
222 400
243 400
244 400
247 400
269 400
288 400
312 400
315 400
317 400
374 400
399 400
442 400
446 400
466 400
539 400
557 400
633 400
642 400
675 400
677 400
746 400
771 400
788 400
811 400
897 400
928 400
3 401
17 401
28 401
57 401
65 401
74 401
133 401
145 401
165 401
176 401
177 401
222 401
225 401
243 401
285 401
368 401
406 401
462 401
499 401
626 401
634 401
891 401
970 401
997 401
3 402
4 402
5 402
8 402
9 402
12 402
16 402
17 402
18 402
24 402
25 402
27 402
28 402
46 402
49 402
50 402
51 402
53 402
62 402
63 402
65 402
66 402
68 402
73 402
75 402
86 402
106 402
110 402
112 402
114 402
124 402
129 402
132 402
145 402
151 402
152 402
165 402
169 402
176 402
180 402
184 402
191 402
194 402
204 402
206 402
214 402
222 402
224 402
225 402
226 402
229 402
238 402
239 402
243 402
250 402
251 402
253 402
257 402
262 402
264 402
268 402
274 402
276 402
280 402
285 402
288 402
296 402
297 402
299 402
301 402
303 402
311 402
312 402
317 402
323 402
324 402
325 402
333 402
342 402
350 402
358 402
359 402
369 402
378 402
380 402
399 402
405 402
406 402
408 402
410 402
412 402
424 402
429 402
431 402
442 402
444 402
446 402
447 402
451 402
453 402
459 402
463 402
473 402
474 402
483 402
489 402
496 402
499 402
508 402
513 402
516 402
517 402
523 402
528 402
531 402
534 402
539 402
546 402
548 402
559 402
568 402
571 402
573 402
576 402
589 402
602 402
604 402
616 402
628 402
629 402
636 402
646 402
647 402
655 402
667 402
668 402
681 402
689 402
690 402
708 402
711 402
714 402
716 402
722 402
725 402
734 402
738 402
741 402
754 402
761 402
771 402
774 402
783 402
795 402
804 402
810 402
816 402
830 402
833 402
849 402
857 402
885 402
886 402
893 402
903 402
910 402
933 402
946 402
952 402
953 402
954 402
963 402
966 402
970 402
978 402
980 402
989 402
993 402
997 402
3 403
8 403
9 403
12 403
38 403
63 403
86 403
96 403
99 403
145 403
165 403
180 403
222 403
234 403
243 403
299 403
326 403
399 403
412 403
446 403
447 403
459 403
566 403
604 403
626 403
643 403
691 403
2 404
3 404
5 404
25 404
43 404
51 404
56 404
63 404
65 404
73 404
75 404
86 404
108 404
145 404
165 404
213 404
222 404
243 404
247 404
251 404
258 404
280 404
312 404
341 404
359 404
378 404
392 404
412 404
446 404
473 404
483 404
570 404
576 404
602 404
634 404
771 404
830 404
858 404
880 404
946 404
952 404
978 404
997 404
999 404
3 405
51 405
65 405
86 405
110 405
145 405
165 405
214 405
222 405
224 405
225 405
243 405
245 405
297 405
311 405
312 405
340 405
347 405
359 405
392 405
399 405
412 405
446 405
462 405
473 405
474 405
559 405
573 405
576 405
604 405
626 405
783 405
817 405
858 405
954 405
978 405
74 406
243 406
546 406
691 406
800 406
856 406
3 407
17 407
56 407
65 407
86 407
145 407
165 407
243 407
312 407
446 407
528 407
2 408
3 408
14 408
17 408
51 408
56 408
65 408
75 408
86 408
110 408
120 408
134 408
143 408
145 408
165 408
199 408
222 408
224 408
225 408
241 408
243 408
251 408
257 408
276 408
295 408
297 408
301 408
311 408
312 408
359 408
378 408
392 408
399 408
412 408
431 408
432 408
436 408
446 408
447 408
457 408
474 408
482 408
503 408
559 408
570 408
573 408
576 408
584 408
604 408
634 408
655 408
691 408
754 408
858 408
880 408
980 408
997 408
3 409
12 409
30 409
58 409
99 409
177 409
191 409
206 409
239 409
260 409
274 409
296 409
312 409
323 409
373 409
377 409
387 409
431 409
435 409
451 409
472 409
473 409
528 409
534 409
539 409
559 409
576 409
609 409
616 409
617 409
639 409
646 409
679 409
680 409
716 409
725 409
767 409
771 409
803 409
828 409
871 409
880 409
896 409
897 409
922 409
2 410
3 410
25 410
51 410
62 410
63 410
86 410
145 410
165 410
222 410
225 410
237 410
243 410
251 410
274 410
312 410
319 410
359 410
368 410
412 410
431 410
436 410
446 410
447 410
462 410
469 410
604 410
634 410
222 411
243 411
858 411
997 411
2 412
3 412
12 412
17 412
25 412
28 412
30 412
39 412
45 412
51 412
53 412
56 412
59 412
63 412
65 412
73 412
75 412
81 412
86 412
99 412
101 412
105 412
108 412
110 412
129 412
135 412
136 412
139 412
142 412
145 412
155 412
165 412
168 412
173 412
177 412
189 412
190 412
194 412
208 412
222 412
224 412
225 412
229 412
239 412
241 412
243 412
244 412
247 412
251 412
258 412
260 412
269 412
274 412
276 412
277 412
278 412
280 412
283 412
291 412
296 412
297 412
299 412
306 412
311 412
312 412
323 412
325 412
330 412
340 412
343 412
347 412
349 412
350 412
358 412
359 412
364 412
366 412
369 412
373 412
375 412
377 412
378 412
393 412
395 412
396 412
399 412
405 412
408 412
409 412
417 412
425 412
430 412
431 412
436 412
446 412
447 412
451 412
453 412
456 412
457 412
463 412
466 412
468 412
473 412
474 412
476 412
484 412
496 412
516 412
520 412
528 412
531 412
533 412
534 412
539 412
549 412
552 412
553 412
555 412
557 412
559 412
570 412
571 412
573 412
576 412
577 412
582 412
593 412
602 412
604 412
616 412
618 412
625 412
626 412
630 412
639 412
643 412
646 412
647 412
655 412
656 412
673 412
675 412
680 412
681 412
689 412
690 412
691 412
716 412
734 412
738 412
761 412
771 412
773 412
776 412
783 412
788 412
797 412
828 412
834 412
838 412
843 412
856 412
858 412
880 412
884 412
886 412
922 412
928 412
932 412
933 412
946 412
951 412
952 412
976 412
978 412
989 412
997 412
999 412
65 413
133 413
165 413
222 413
243 413
447 413
496 413
783 413
3 414
17 414
52 414
65 414
75 414
128 414
136 414
145 414
165 414
189 414
217 414
243 414
247 414
257 414
280 414
341 414
399 414
431 414
446 414
447 414
462 414
473 414
528 414
534 414
557 414
711 414
734 414
783 414
874 414
875 414
880 414
922 414
997 414
3 415
16 415
63 415
86 415
125 415
136 415
145 415
165 415
222 415
243 415
251 415
285 415
312 415
412 415
446 415
534 415
2 417
3 417
17 417
19 417
21 417
25 417
47 417
51 417
56 417
66 417
75 417
145 417
152 417
165 417
168 417
194 417
224 417
225 417
251 417
274 417
277 417
280 417
283 417
285 417
291 417
297 417
302 417
306 417
307 417
312 417
324 417
335 417
340 417
341 417
349 417
350 417
378 417
393 417
399 417
431 417
435 417
436 417
447 417
448 417
451 417
463 417
466 417
468 417
473 417
474 417
496 417
504 417
508 417
528 417
536 417
546 417
548 417
559 417
576 417
585 417
598 417
602 417
604 417
605 417
616 417
625 417
626 417
643 417
647 417
655 417
664 417
677 417
681 417
689 417
690 417
716 417
754 417
758 417
774 417
783 417
791 417
794 417
819 417
830 417
835 417
836 417
847 417
856 417
858 417
877 417
880 417
885 417
890 417
926 417
927 417
952 417
958 417
961 417
970 417
978 417
980 417
993 417
997 417
3 418
59 418
73 418
145 418
165 418
224 418
243 418
283 418
312 418
359 418
496 418
626 418
716 418
922 418
932 418
2 419
3 419
4 419
5 419
8 419
11 419
17 419
20 419
21 419
25 419
28 419
32 419
37 419
43 419
44 419
48 419
50 419
51 419
56 419
59 419
61 419
63 419
66 419
75 419
86 419
96 419
110 419
120 419
128 419
134 419
143 419
145 419
165 419
170 419
173 419
174 419
176 419
181 419
185 419
190 419
194 419
197 419
199 419
202 419
207 419
209 419
218 419
222 419
224 419
225 419
229 419
241 419
243 419
244 419
245 419
249 419
251 419
257 419
262 419
268 419
269 419
271 419
274 419
276 419
279 419
280 419
285 419
286 419
294 419
295 419
297 419
301 419
307 419
311 419
312 419
317 419
330 419
334 419
335 419
347 419
351 419
359 419
365 419
368 419
390 419
392 419
396 419
399 419
403 419
405 419
410 419
412 419
432 419
435 419
436 419
442 419
443 419
446 419
447 419
457 419
458 419
460 419
461 419
462 419
465 419
466 419
467 419
469 419
474 419
476 419
482 419
483 419
485 419
486 419
487 419
489 419
490 419
492 419
494 419
495 419
496 419
498 419
500 419
504 419
505 419
507 419
508 419
509 419
510 419
513 419
516 419
517 419
521 419
522 419
524 419
526 419
530 419
531 419
534 419
536 419
537 419
538 419
539 419
543 419
545 419
548 419
550 419
551 419
554 419
555 419
557 419
559 419
561 419
563 419
566 419
568 419
569 419
571 419
573 419
574 419
576 419
577 419
578 419
579 419
583 419
587 419
590 419
593 419
595 419
599 419
601 419
602 419
603 419
604 419
606 419
608 419
610 419
612 419
613 419
615 419
618 419
621 419
622 419
623 419
625 419
626 419
628 419
629 419
631 419
633 419
634 419
636 419
638 419
641 419
643 419
646 419
649 419
650 419
652 419
655 419
657 419
662 419
664 419
665 419
667 419
670 419
672 419
675 419
676 419
681 419
682 419
684 419
686 419
687 419
689 419
690 419
691 419
692 419
695 419
696 419
699 419
700 419
701 419
704 419
705 419
708 419
710 419
711 419
714 419
715 419
716 419
717 419
719 419
720 419
721 419
722 419
723 419
729 419
730 419
734 419
737 419
738 419
741 419
742 419
744 419
745 419
746 419
748 419
750 419
753 419
755 419
756 419
757 419
758 419
760 419
761 419
767 419
769 419
772 419
774 419
776 419
779 419
782 419
783 419
784 419
789 419
790 419
791 419
792 419
793 419
794 419
795 419
796 419
798 419
800 419
802 419
806 419
808 419
810 419
811 419
813 419
816 419
817 419
818 419
819 419
820 419
821 419
825 419
826 419
829 419
830 419
833 419
834 419
836 419
838 419
840 419
841 419
842 419
843 419
846 419
851 419
852 419
853 419
855 419
856 419
857 419
858 419
859 419
861 419
864 419
865 419
870 419
873 419
874 419
875 419
876 419
877 419
878 419
880 419
881 419
884 419
887 419
888 419
889 419
890 419
891 419
899 419
902 419
903 419
907 419
908 419
909 419
911 419
913 419
917 419
918 419
919 419
920 419
924 419
925 419
926 419
929 419
932 419
934 419
935 419
937 419
938 419
939 419
940 419
942 419
944 419
951 419
952 419
957 419
958 419
962 419
963 419
965 419
966 419
968 419
969 419
970 419
973 419
977 419
978 419
980 419
982 419
983 419
985 419
986 419
988 419
993 419
994 419
995 419
997 419
1000 419
3 420
65 420
165 420
301 420
2 421
3 421
17 421
25 421
28 421
56 421
65 421
74 421
145 421
165 421
176 421
181 421
212 421
224 421
225 421
244 421
257 421
269 421
297 421
312 421
347 421
399 421
405 421
446 421
457 421
463 421
474 421
508 421
534 421
539 421
543 421
573 421
577 421
589 421
593 421
604 421
626 421
634 421
642 421
662 421
689 421
690 421
716 421
723 421
742 421
754 421
768 421
783 421
877 421
2 422
3 422
14 422
47 422
56 422
65 422
87 422
145 422
152 422
165 422
168 422
175 422
177 422
225 422
243 422
244 422
265 422
285 422
295 422
297 422
303 422
311 422
312 422
336 422
340 422
349 422
350 422
352 422
359 422
366 422
399 422
412 422
435 422
436 422
447 422
457 422
460 422
474 422
496 422
504 422
505 422
517 422
522 422
528 422
548 422
555 422
576 422
577 422
579 422
587 422
602 422
604 422
621 422
626 422
634 422
647 422
655 422
689 422
758 422
847 422
864 422
875 422
885 422
997 422
65 423
145 423
165 423
243 423
392 423
428 423
446 423
145 424
165 424
243 424
446 424
496 424
626 424
783 424
858 424
867 424
997 424
30 425
58 425
65 425
133 425
145 425
165 425
239 425
241 425
260 425
378 425
442 425
447 425
456 425
528 425
534 425
576 425
604 425
633 425
738 425
783 425
875 425
946 425
966 425
2 426
3 426
4 426
5 426
7 426
9 426
11 426
12 426
15 426
16 426
17 426
18 426
19 426
21 426
24 426
25 426
28 426
30 426
37 426
39 426
42 426
44 426
45 426
47 426
48 426
50 426
51 426
52 426
53 426
56 426
58 426
59 426
61 426
62 426
65 426
66 426
67 426
73 426
75 426
77 426
81 426
83 426
86 426
92 426
96 426
99 426
101 426
105 426
108 426
110 426
114 426
118 426
120 426
124 426
125 426
128 426
129 426
132 426
134 426
137 426
138 426
139 426
142 426
143 426
145 426
146 426
149 426
152 426
155 426
160 426
164 426
165 426
168 426
169 426
173 426
175 426
176 426
178 426
179 426
181 426
183 426
189 426
190 426
191 426
193 426
194 426
196 426
199 426
206 426
207 426
209 426
212 426
215 426
216 426
222 426
224 426
225 426
226 426
229 426
230 426
233 426
234 426
239 426
243 426
244 426
247 426
252 426
254 426
257 426
258 426
260 426
267 426
269 426
270 426
271 426
274 426
276 426
277 426
278 426
279 426
280 426
283 426
285 426
286 426
294 426
295 426
296 426
297 426
299 426
301 426
302 426
303 426
306 426
311 426
312 426
315 426
317 426
319 426
323 426
324 426
325 426
329 426
330 426
335 426
340 426
341 426
347 426
350 426
357 426
358 426
359 426
361 426
365 426
368 426
369 426
372 426
373 426
375 426
377 426
378 426
379 426
381 426
383 426
384 426
390 426
392 426
399 426
400 426
402 426
405 426
408 426
409 426
412 426
414 426
417 426
422 426
425 426
429 426
431 426
436 426
439 426
442 426
443 426
446 426
447 426
451 426
456 426
457 426
460 426
463 426
466 426
468 426
469 426
472 426
473 426
474 426
482 426
483 426
485 426
489 426
496 426
503 426
507 426
508 426
513 426
514 426
516 426
517 426
518 426
520 426
521 426
528 426
534 426
539 426
547 426
548 426
550 426
552 426
553 426
554 426
559 426
563 426
566 426
568 426
571 426
573 426
576 426
577 426
578 426
581 426
583 426
585 426
586 426
587 426
589 426
590 426
591 426
593 426
595 426
598 426
599 426
601 426
602 426
603 426
604 426
605 426
606 426
608 426
610 426
611 426
612 426
613 426
615 426
616 426
617 426
618 426
620 426
621 426
622 426
623 426
625 426
626 426
628 426
629 426
630 426
631 426
633 426
634 426
635 426
636 426
638 426
641 426
642 426
643 426
644 426
646 426
647 426
649 426
650 426
651 426
652 426
653 426
655 426
656 426
657 426
662 426
664 426
665 426
667 426
668 426
671 426
672 426
673 426
674 426
675 426
676 426
679 426
680 426
681 426
682 426
684 426
686 426
687 426
688 426
689 426
690 426
691 426
695 426
696 426
697 426
700 426
701 426
702 426
704 426
705 426
708 426
710 426
711 426
712 426
714 426
715 426
716 426
717 426
718 426
719 426
720 426
721 426
722 426
723 426
724 426
725 426
729 426
730 426
732 426
733 426
734 426
737 426
738 426
739 426
741 426
742 426
744 426
745 426
746 426
748 426
750 426
753 426
754 426
755 426
756 426
757 426
758 426
760 426
761 426
762 426
764 426
767 426
769 426
770 426
771 426
772 426
773 426
774 426
776 426
779 426
781 426
782 426
783 426
784 426
790 426
791 426
792 426
793 426
794 426
795 426
796 426
797 426
798 426
800 426
802 426
804 426
805 426
806 426
808 426
809 426
810 426
811 426
813 426
816 426
817 426
818 426
819 426
820 426
821 426
825 426
826 426
828 426
829 426
830 426
833 426
834 426
835 426
836 426
838 426
840 426
841 426
842 426
843 426
846 426
847 426
849 426
851 426
852 426
853 426
855 426
856 426
857 426
858 426
859 426
860 426
861 426
862 426
864 426
865 426
867 426
870 426
871 426
874 426
875 426
876 426
877 426
878 426
880 426
881 426
882 426
884 426
885 426
886 426
887 426
888 426
889 426
890 426
891 426
895 426
896 426
897 426
899 426
902 426
903 426
907 426
908 426
909 426
911 426
913 426
917 426
918 426
919 426
920 426
922 426
924 426
925 426
926 426
928 426
929 426
932 426
934 426
935 426
936 426
937 426
938 426
939 426
940 426
941 426
942 426
943 426
944 426
946 426
949 426
951 426
952 426
954 426
955 426
957 426
958 426
962 426
963 426
965 426
966 426
968 426
969 426
970 426
973 426
974 426
976 426
977 426
978 426
980 426
982 426
983 426
984 426
985 426
986 426
988 426
989 426
990 426
993 426
994 426
995 426
997 426
999 426
1000 426
2 427
3 427
53 427
65 427
86 427
114 427
145 427
165 427
222 427
243 427
313 427
375 427
380 427
399 427
432 427
446 427
447 427
462 427
534 427
604 427
783 427
816 427
56 428
65 428
165 428
243 428
247 428
2 429
3 429
17 429
25 429
30 429
39 429
51 429
65 429
75 429
110 429
129 429
132 429
133 429
142 429
145 429
165 429
177 429
191 429
194 429
206 429
224 429
225 429
229 429
243 429
251 429
258 429
274 429
280 429
283 429
296 429
307 429
312 429
315 429
350 429
359 429
369 429
375 429
377 429
378 429
379 429
389 429
399 429
417 429
425 429
431 429
432 429
446 429
447 429
451 429
458 429
463 429
473 429
474 429
518 429
528 429
533 429
534 429
539 429
557 429
576 429
577 429
602 429
604 429
611 429
616 429
617 429
626 429
656 429
675 429
679 429
680 429
682 429
690 429
754 429
794 429
803 429
834 429
880 429
926 429
951 429
952 429
972 429
976 429
978 429
997 429
2 431
3 431
4 431
10 431
12 431
17 431
18 431
19 431
21 431
24 431
25 431
27 431
28 431
30 431
49 431
50 431
51 431
54 431
58 431
59 431
60 431
62 431
65 431
66 431
75 431
81 431
86 431
99 431
105 431
106 431
108 431
110 431
114 431
119 431
124 431
125 431
129 431
132 431
133 431
134 431
139 431
143 431
144 431
145 431
146 431
152 431
155 431
160 431
164 431
165 431
168 431
169 431
173 431
176 431
177 431
178 431
179 431
181 431
183 431
186 431
189 431
190 431
191 431
193 431
194 431
197 431
199 431
206 431
207 431
214 431
216 431
217 431
222 431
224 431
225 431
229 431
230 431
238 431
239 431
243 431
247 431
251 431
254 431
255 431
258 431
260 431
267 431
268 431
269 431
274 431
276 431
277 431
278 431
280 431
283 431
285 431
291 431
296 431
297 431
301 431
303 431
305 431
306 431
309 431
311 431
312 431
315 431
317 431
324 431
325 431
328 431
331 431
333 431
335 431
340 431
343 431
347 431
349 431
350 431
354 431
358 431
359 431
361 431
369 431
371 431
373 431
375 431
377 431
378 431
381 431
383 431
384 431
392 431
399 431
402 431
405 431
408 431
409 431
410 431
412 431
414 431
417 431
425 431
429 431
435 431
436 431
442 431
443 431
446 431
447 431
451 431
453 431
456 431
457 431
458 431
460 431
462 431
463 431
468 431
470 431
472 431
473 431
474 431
478 431
479 431
483 431
496 431
503 431
508 431
511 431
513 431
516 431
521 431
528 431
531 431
533 431
534 431
539 431
540 431
548 431
550 431
553 431
554 431
557 431
558 431
559 431
563 431
566 431
570 431
571 431
573 431
576 431
577 431
581 431
583 431
587 431
589 431
593 431
596 431
599 431
602 431
604 431
606 431
612 431
616 431
617 431
618 431
621 431
626 431
630 431
633 431
634 431
639 431
643 431
646 431
647 431
651 431
655 431
656 431
660 431
664 431
671 431
675 431
677 431
679 431
680 431
681 431
689 431
690 431
691 431
702 431
704 431
706 431
714 431
716 431
722 431
725 431
732 431
733 431
738 431
746 431
754 431
758 431
761 431
762 431
764 431
767 431
768 431
770 431
771 431
776 431
779 431
783 431
788 431
794 431
795 431
800 431
801 431
802 431
803 431
804 431
814 431
816 431
818 431
822 431
828 431
830 431
834 431
838 431
843 431
847 431
849 431
851 431
855 431
856 431
858 431
861 431
864 431
870 431
871 431
872 431
875 431
877 431
880 431
882 431
883 431
884 431
885 431
886 431
889 431
895 431
897 431
899 431
902 431
911 431
913 431
922 431
926 431
928 431
932 431
936 431
946 431
949 431
951 431
952 431
954 431
955 431
961 431
964 431
966 431
970 431
972 431
974 431
976 431
978 431
984 431
989 431
997 431
999 431
3 432
17 432
65 432
145 432
153 432
165 432
243 432
247 432
311 432
312 432
359 432
412 432
446 432
474 432
2 433
3 433
145 433
165 433
177 433
208 433
222 433
224 433
225 433
243 433
247 433
269 433
297 433
312 433
340 433
359 433
393 433
399 433
410 433
412 433
432 433
436 433
446 433
447 433
3 434
17 434
145 434
165 434
177 434
243 434
251 434
399 434
412 434
446 434
689 434
690 434
783 434
816 434
974 434
980 434
2 435
3 435
65 435
75 435
86 435
145 435
165 435
224 435
225 435
234 435
243 435
245 435
247 435
251 435
257 435
285 435
312 435
341 435
359 435
368 435
392 435
417 435
436 435
447 435
457 435
458 435
460 435
473 435
474 435
482 435
505 435
508 435
528 435
534 435
539 435
550 435
553 435
602 435
630 435
647 435
677 435
689 435
690 435
774 435
880 435
997 435
2 436
3 436
13 436
14 436
17 436
25 436
45 436
51 436
56 436
65 436
73 436
75 436
86 436
99 436
110 436
129 436
136 436
145 436
165 436
177 436
199 436
207 436
216 436
222 436
224 436
225 436
229 436
239 436
243 436
247 436
249 436
251 436
258 436
274 436
276 436
277 436
280 436
283 436
295 436
297 436
301 436
306 436
311 436
312 436
317 436
325 436
340 436
347 436
351 436
359 436
372 436
377 436
378 436
392 436
399 436
412 436
417 436
419 436
431 436
435 436
446 436
448 436
451 436
453 436
457 436
460 436
468 436
473 436
474 436
482 436
483 436
517 436
518 436
523 436
524 436
528 436
534 436
539 436
548 436
557 436
566 436
570 436
573 436
576 436
586 436
602 436
604 436
606 436
616 436
626 436
630 436
634 436
635 436
642 436
646 436
649 436
650 436
655 436
667 436
675 436
689 436
690 436
691 436
701 436
716 436
722 436
729 436
734 436
783 436
792 436
794 436
805 436
847 436
849 436
858 436
870 436
880 436
946 436
952 436
954 436
961 436
978 436
997 436
2 437
3 437
12 437
25 437
27 437
30 437
51 437
108 437
165 437
168 437
183 437
229 437
239 437
243 437
247 437
251 437
257 437
280 437
291 437
295 437
311 437
315 437
317 437
359 437
368 437
377 437
378 437
429 437
442 437
446 437
474 437
534 437
539 437
576 437
604 437
616 437
634 437
646 437
675 437
679 437
716 437
762 437
788 437
828 437
841 437
880 437
928 437
980 437
995 437
145 438
165 438
247 438
539 438
566 438
716 438
738 438
2 439
3 439
25 439
51 439
60 439
65 439
73 439
86 439
110 439
120 439
145 439
152 439
165 439
199 439
207 439
222 439
224 439
225 439
241 439
243 439
251 439
269 439
274 439
297 439
301 439
311 439
312 439
347 439
359 439
378 439
399 439
412 439
432 439
436 439
446 439
457 439
460 439
474 439
487 439
513 439
534 439
570 439
573 439
602 439
634 439
639 439
681 439
783 439
952 439
978 439
997 439
222 440
403 440
2 441
3 441
9 441
12 441
17 441
18 441
19 441
20 441
24 441
32 441
45 441
51 441
56 441
63 441
75 441
83 441
86 441
99 441
101 441
105 441
124 441
135 441
145 441
148 441
151 441
153 441
164 441
165 441
176 441
184 441
197 441
217 441
222 441
224 441
227 441
237 441
238 441
239 441
243 441
253 441
262 441
264 441
279 441
291 441
294 441
303 441
311 441
312 441
368 441
412 441
442 441
446 441
447 441
453 441
457 441
458 441
459 441
460 441
461 441
462 441
463 441
465 441
469 441
474 441
482 441
483 441
485 441
486 441
490 441
492 441
494 441
495 441
496 441
497 441
498 441
500 441
503 441
504 441
505 441
508 441
509 441
510 441
513 441
517 441
521 441
522 441
523 441
524 441
526 441
529 441
530 441
531 441
534 441
537 441
538 441
545 441
546 441
548 441
550 441
551 441
553 441
554 441
555 441
561 441
563 441
566 441
568 441
569 441
570 441
571 441
574 441
579 441
583 441
587 441
602 441
604 441
615 441
618 441
623 441
625 441
630 441
653 441
655 441
681 441
689 441
692 441
711 441
725 441
800 441
828 441
886 441
897 441
932 441
966 441
980 441
987 441
995 441
999 441
3 442
17 442
25 442
30 442
58 442
62 442
75 442
78 442
86 442
110 442
125 442
132 442
139 442
145 442
165 442
176 442
182 442
212 442
225 442
239 442
243 442
274 442
301 442
312 442
324 442
325 442
331 442
336 442
341 442
350 442
351 442
372 442
378 442
382 442
412 442
425 442
431 442
446 442
447 442
462 442
468 442
472 442
488 442
496 442
499 442
521 442
534 442
539 442
557 442
576 442
602 442
604 442
623 442
626 442
639 442
640 442
643 442
651 442
716 442
746 442
787 442
788 442
794 442
799 442
828 442
880 442
952 442
974 442
977 442
978 442
997 442
2 443
3 443
4 443
25 443
30 443
38 443
39 443
47 443
66 443
73 443
75 443
86 443
93 443
110 443
129 443
133 443
139 443
145 443
165 443
168 443
177 443
193 443
194 443
224 443
225 443
229 443
239 443
243 443
251 443
260 443
269 443
271 443
274 443
277 443
283 443
291 443
297 443
301 443
306 443
311 443
312 443
315 443
317 443
324 443
325 443
330 443
334 443
347 443
350 443
358 443
359 443
368 443
369 443
377 443
378 443
399 443
409 443
417 443
425 443
429 443
431 443
436 443
451 443
453 443
456 443
457 443
458 443
463 443
468 443
473 443
474 443
485 443
508 443
516 443
523 443
533 443
534 443
539 443
540 443
555 443
557 443
559 443
568 443
569 443
573 443
576 443
583 443
585 443
587 443
589 443
602 443
604 443
616 443
617 443
626 443
634 443
639 443
643 443
647 443
650 443
655 443
680 443
681 443
688 443
689 443
690 443
702 443
716 443
718 443
734 443
758 443
762 443
771 443
783 443
794 443
804 443
811 443
828 443
834 443
843 443
847 443
849 443
855 443
858 443
859 443
864 443
872 443
880 443
885 443
889 443
897 443
932 443
946 443
951 443
952 443
954 443
955 443
964 443
966 443
970 443
978 443
997 443
999 443
1000 443
447 444
534 444
447 445
448 445
3 446
75 446
136 446
145 446
165 446
168 446
208 446
222 446
243 446
244 446
247 446
251 446
265 446
269 446
285 446
297 446
312 446
336 446
340 446
348 446
349 446
352 446
393 446
412 446
436 446
437 446
447 446
496 446
858 446
2 447
3 447
17 447
86 447
145 447
165 447
243 447
247 447
251 447
258 447
312 447
324 447
336 447
340 447
350 447
359 447
369 447
412 447
431 447
435 447
444 447
446 447
466 447
474 447
496 447
528 447
548 447
559 447
576 447
581 447
587 447
633 447
634 447
635 447
636 447
674 447
689 447
690 447
783 447
823 447
847 447
951 447
952 447
978 447
2 448
3 448
25 448
50 448
121 448
133 448
145 448
260 448
274 448
297 448
306 448
312 448
359 448
378 448
399 448
436 448
447 448
474 448
521 448
539 448
557 448
576 448
602 448
604 448
605 448
615 448
626 448
633 448
634 448
651 448
688 448
716 448
783 448
819 448
830 448
944 448
961 448
3 449
4 449
56 449
65 449
86 449
145 449
165 449
243 449
285 449
297 449
412 449
447 449
3 450
28 450
297 450
626 450
655 450
768 450
783 450
2 451
3 451
6 451
9 451
10 451
12 451
16 451
17 451
21 451
25 451
28 451
30 451
31 451
39 451
40 451
50 451
51 451
53 451
56 451
58 451
59 451
60 451
66 451
73 451
75 451
83 451
86 451
99 451
106 451
113 451
114 451
120 451
129 451
132 451
133 451
134 451
139 451
142 451
143 451
144 451
145 451
146 451
152 451
155 451
162 451
165 451
168 451
173 451
178 451
181 451
186 451
188 451
189 451
190 451
191 451
193 451
194 451
199 451
207 451
208 451
209 451
214 451
215 451
216 451
222 451
224 451
225 451
229 451
233 451
239 451
243 451
244 451
247 451
251 451
252 451
257 451
260 451
261 451
265 451
267 451
269 451
274 451
276 451
279 451
280 451
283 451
285 451
291 451
295 451
296 451
297 451
301 451
302 451
303 451
305 451
306 451
307 451
309 451
311 451
312 451
315 451
317 451
323 451
325 451
327 451
329 451
340 451
345 451
347 451
348 451
349 451
350 451
358 451
359 451
364 451
366 451
369 451
371 451
373 451
375 451
377 451
378 451
384 451
399 451
405 451
408 451
409 451
410 451
412 451
413 451
417 451
425 451
426 451
429 451
430 451
431 451
433 451
435 451
436 451
443 451
447 451
448 451
451 451
453 451
456 451
457 451
460 451
463 451
466 451
468 451
472 451
473 451
474 451
479 451
481 451
484 451
493 451
496 451
499 451
501 451
508 451
511 451
513 451
514 451
516 451
517 451
518 451
521 451
524 451
528 451
533 451
534 451
536 451
539 451
544 451
546 451
548 451
550 451
553 451
557 451
559 451
569 451
570 451
573 451
576 451
577 451
580 451
581 451
582 451
583 451
585 451
587 451
589 451
593 451
597 451
598 451
602 451
604 451
610 451
611 451
612 451
616 451
617 451
618 451
625 451
626 451
630 451
633 451
634 451
635 451
636 451
639 451
640 451
643 451
645 451
646 451
647 451
649 451
651 451
652 451
655 451
656 451
659 451
662 451
664 451
670 451
675 451
679 451
680 451
681 451
686 451
688 451
689 451
690 451
691 451
694 451
697 451
704 451
705 451
712 451
714 451
716 451
718 451
722 451
724 451
725 451
728 451
732 451
734 451
738 451
754 451
758 451
761 451
762 451
763 451
764 451
768 451
771 451
774 451
775 451
783 451
788 451
791 451
794 451
795 451
796 451
800 451
802 451
804 451
805 451
816 451
818 451
825 451
828 451
830 451
834 451
842 451
847 451
849 451
855 451
857 451
858 451
862 451
864 451
867 451
870 451
872 451
877 451
880 451
883 451
884 451
885 451
889 451
897 451
910 451
921 451
922 451
926 451
927 451
928 451
929 451
932 451
936 451
941 451
943 451
946 451
949 451
951 451
952 451
954 451
955 451
961 451
970 451
972 451
976 451
978 451
989 451
997 451
999 451
3 452
59 452
128 452
168 452
268 452
303 452
312 452
317 452
469 452
516 452
531 452
570 452
604 452
774 452
834 452
858 452
946 452
952 452
978 452
2 453
3 453
9 453
39 453
54 453
56 453
66 453
75 453
86 453
99 453
110 453
124 453
129 453
145 453
155 453
158 453
165 453
168 453
189 453
193 453
213 453
222 453
239 453
243 453
251 453
274 453
276 453
285 453
299 453
303 453
312 453
334 453
350 453
359 453
369 453
377 453
412 453
417 453
429 453
431 453
436 453
447 453
451 453
454 453
473 453
474 453
516 453
534 453
539 453
576 453
604 453
616 453
617 453
626 453
646 453
651 453
652 453
675 453
702 453
738 453
762 453
794 453
797 453
828 453
847 453
858 453
880 453
898 453
941 453
3 454
145 454
175 454
181 454
290 454
294 454
317 454
335 454
453 454
462 454
516 454
571 454
583 454
604 454
646 454
774 454
804 454
858 454
875 454
946 454
997 454
3 455
105 455
145 455
222 455
243 455
253 455
301 455
312 455
379 455
399 455
402 455
474 455
496 455
534 455
548 455
602 455
604 455
629 455
716 455
754 455
858 455
946 455
980 455
2 456
3 456
25 456
30 456
45 456
56 456
75 456
108 456
145 456
168 456
173 456
181 456
222 456
225 456
243 456
251 456
253 456
274 456
276 456
280 456
283 456
306 456
312 456
325 456
350 456
359 456
399 456
417 456
453 456
457 456
473 456
474 456
516 456
528 456
539 456
570 456
576 456
591 456
602 456
626 456
634 456
706 456
716 456
738 456
794 456
797 456
828 456
857 456
858 456
880 456
961 456
963 456
976 456
2 457
3 457
4 457
6 457
8 457
9 457
10 457
11 457
12 457
15 457
16 457
18 457
19 457
21 457
25 457
28 457
37 457
39 457
40 457
43 457
45 457
47 457
48 457
50 457
51 457
52 457
53 457
54 457
56 457
58 457
59 457
60 457
61 457
62 457
65 457
66 457
68 457
69 457
71 457
73 457
75 457
81 457
83 457
86 457
92 457
96 457
99 457
110 457
114 457
120 457
124 457
125 457
126 457
128 457
129 457
132 457
133 457
134 457
136 457
138 457
139 457
142 457
143 457
145 457
146 457
150 457
152 457
155 457
162 457
164 457
165 457
168 457
173 457
176 457
178 457
179 457
181 457
183 457
186 457
188 457
189 457
190 457
191 457
194 457
199 457
207 457
209 457
212 457
214 457
215 457
216 457
217 457
222 457
224 457
225 457
226 457
229 457
230 457
233 457
239 457
243 457
244 457
247 457
251 457
257 457
258 457
260 457
261 457
267 457
268 457
269 457
270 457
271 457
274 457
276 457
277 457
278 457
279 457
280 457
283 457
284 457
285 457
286 457
289 457
291 457
295 457
296 457
297 457
299 457
301 457
302 457
303 457
305 457
306 457
308 457
309 457
311 457
312 457
313 457
315 457
320 457
323 457
325 457
328 457
330 457
331 457
335 457
340 457
341 457
343 457
347 457
350 457
358 457
359 457
361 457
365 457
369 457
371 457
373 457
375 457
377 457
378 457
379 457
383 457
384 457
390 457
392 457
395 457
399 457
405 457
412 457
413 457
414 457
417 457
425 457
429 457
431 457
433 457
435 457
436 457
437 457
438 457
439 457
442 457
443 457
447 457
449 457
450 457
451 457
453 457
454 457
456 457
460 457
463 457
466 457
468 457
469 457
471 457
472 457
473 457
474 457
479 457
483 457
488 457
489 457
496 457
497 457
503 457
507 457
508 457
511 457
513 457
514 457
516 457
519 457
521 457
528 457
534 457
536 457
539 457
540 457
544 457
546 457
547 457
548 457
549 457
550 457
553 457
555 457
557 457
559 457
566 457
568 457
570 457
573 457
574 457
576 457
577 457
578 457
580 457
581 457
582 457
585 457
587 457
589 457
590 457
591 457
593 457
595 457
600 457
601 457
602 457
603 457
604 457
605 457
606 457
607 457
608 457
609 457
610 457
612 457
613 457
615 457
616 457
617 457
618 457
620 457
621 457
622 457
623 457
625 457
628 457
629 457
630 457
631 457
633 457
634 457
635 457
636 457
638 457
639 457
641 457
642 457
643 457
645 457
646 457
647 457
649 457
651 457
652 457
653 457
655 457
656 457
657 457
660 457
662 457
664 457
665 457
667 457
670 457
671 457
672 457
673 457
674 457
675 457
676 457
679 457
680 457
681 457
682 457
684 457
685 457
686 457
687 457
688 457
689 457
690 457
691 457
692 457
694 457
695 457
696 457
697 457
699 457
700 457
701 457
702 457
704 457
705 457
706 457
708 457
711 457
714 457
715 457
716 457
717 457
719 457
720 457
721 457
722 457
723 457
725 457
728 457
729 457
730 457
732 457
734 457
735 457
737 457
738 457
741 457
742 457
744 457
745 457
746 457
748 457
750 457
753 457
754 457
755 457
756 457
757 457
758 457
760 457
761 457
762 457
764 457
767 457
768 457
769 457
770 457
771 457
772 457
774 457
775 457
776 457
779 457
781 457
782 457
783 457
784 457
788 457
789 457
791 457
792 457
793 457
794 457
795 457
796 457
798 457
800 457
801 457
802 457
803 457
804 457
805 457
806 457
808 457
809 457
810 457
811 457
813 457
816 457
817 457
818 457
819 457
820 457
821 457
825 457
826 457
827 457
828 457
829 457
830 457
831 457
833 457
834 457
835 457
836 457
837 457
838 457
840 457
841 457
842 457
843 457
846 457
847 457
849 457
851 457
852 457
853 457
855 457
856 457
857 457
858 457
859 457
860 457
861 457
862 457
864 457
865 457
868 457
870 457
871 457
874 457
875 457
876 457
877 457
878 457
880 457
881 457
882 457
883 457
884 457
885 457
886 457
887 457
888 457
889 457
890 457
891 457
892 457
896 457
899 457
902 457
903 457
907 457
908 457
909 457
911 457
913 457
917 457
918 457
919 457
920 457
922 457
924 457
925 457
926 457
928 457
929 457
932 457
934 457
935 457
936 457
937 457
938 457
939 457
940 457
941 457
942 457
943 457
944 457
946 457
947 457
949 457
951 457
952 457
954 457
957 457
958 457
961 457
962 457
963 457
965 457
966 457
968 457
969 457
972 457
973 457
976 457
977 457
978 457
980 457
982 457
983 457
984 457
985 457
986 457
988 457
991 457
993 457
994 457
995 457
997 457
998 457
999 457
1000 457
3 458
56 458
86 458
145 458
165 458
222 458
225 458
243 458
312 458
441 458
548 458
551 458
604 458
626 458
691 458
858 458
952 458
978 458
997 458
16 459
40 459
53 459
56 459
86 459
145 459
165 459
194 459
222 459
234 459
243 459
251 459
323 459
403 459
412 459
534 459
602 459
626 459
706 459
712 459
716 459
833 459
858 459
2 460
3 460
65 460
73 460
145 460
165 460
222 460
243 460
283 460
312 460
340 460
390 460
392 460
399 460
412 460
435 460
436 460
457 460
469 460
474 460
482 460
528 460
570 460
634 460
858 460
17 461
86 461
143 461
145 461
165 461
177 461
243 461
359 461
380 461
412 461
447 461
462 461
534 461
566 461
741 461
783 461
858 461
3 462
17 462
51 462
60 462
62 462
63 462
86 462
110 462
124 462
134 462
136 462
145 462
165 462
168 462
176 462
217 462
222 462
224 462
225 462
243 462
280 462
285 462
291 462
301 462
311 462
312 462
336 462
340 462
350 462
359 462
386 462
399 462
412 462
447 462
457 462
501 462
513 462
518 462
534 462
539 462
559 462
570 462
573 462
602 462
634 462
655 462
788 462
816 462
858 462
874 462
980 462
997 462
3 463
28 463
40 463
49 463
56 463
66 463
75 463
86 463
114 463
138 463
145 463
169 463
177 463
222 463
224 463
225 463
239 463
243 463
251 463
258 463
283 463
297 463
306 463
311 463
312 463
325 463
340 463
350 463
359 463
378 463
399 463
412 463
417 463
431 463
435 463
451 463
456 463
468 463
483 463
508 463
528 463
534 463
539 463
557 463
576 463
602 463
604 463
616 463
626 463
647 463
651 463
689 463
690 463
776 463
794 463
797 463
804 463
828 463
834 463
858 463
877 463
880 463
961 463
976 463
980 463
989 463
86 464
145 464
165 464
222 464
243 464
359 464
412 464
539 464
568 464
858 464
3 465
75 465
165 465
224 465
243 465
245 465
311 465
312 465
325 465
350 465
412 465
442 465
460 465
474 465
552 465
616 465
674 465
880 465
3 466
56 466
145 466
165 466
176 466
251 466
298 466
311 466
340 466
349 466
412 466
447 466
457 466
474 466
534 466
570 466
602 466
604 466
674 466
689 466
690 466
707 466
814 466
951 466
997 466
2 467
3 467
51 467
73 467
75 467
110 467
129 467
133 467
134 467
145 467
165 467
177 467
222 467
224 467
225 467
241 467
243 467
245 467
251 467
274 467
276 467
301 467
307 467
311 467
312 467
317 467
325 467
359 467
378 467
408 467
412 467
417 467
419 467
431 467
496 467
510 467
539 467
566 467
573 467
602 467
604 467
616 467
634 467
639 467
647 467
689 467
691 467
716 467
717 467
810 467
830 467
834 467
858 467
880 467
952 467
954 467
978 467
997 467
2 468
3 468
9 468
30 468
65 468
66 468
75 468
86 468
99 468
110 468
129 468
144 468
145 468
165 468
168 468
176 468
178 468
194 468
222 468
224 468
225 468
239 468
243 468
251 468
274 468
283 468
299 468
301 468
306 468
312 468
325 468
336 468
341 468
350 468
351 468
358 468
359 468
368 468
377 468
378 468
392 468
405 468
412 468
417 468
431 468
436 468
442 468
447 468
451 468
456 468
463 468
472 468
473 468
474 468
488 468
534 468
539 468
557 468
576 468
586 468
602 468
604 468
616 468
626 468
630 468
634 468
647 468
651 468
674 468
691 468
701 468
746 468
761 468
771 468
783 468
787 468
788 468
794 468
799 468
828 468
834 468
847 468
849 468
870 468
880 468
922 468
928 468
932 468
976 468
997 468
2 469
3 469
25 469
42 469
47 469
50 469
51 469
56 469
73 469
75 469
110 469
112 469
134 469
137 469
144 469
145 469
165 469
177 469
183 469
196 469
214 469
224 469
225 469
229 469
239 469
243 469
251 469
254 469
267 469
268 469
274 469
276 469
279 469
283 469
294 469
297 469
299 469
301 469
302 469
303 469
311 469
312 469
317 469
325 469
347 469
350 469
352 469
358 469
359 469
377 469
378 469
399 469
408 469
412 469
417 469
457 469
460 469
462 469
468 469
474 469
508 469
516 469
517 469
531 469
534 469
539 469
546 469
548 469
557 469
559 469
570 469
576 469
593 469
596 469
602 469
604 469
616 469
622 469
626 469
631 469
634 469
646 469
647 469
651 469
655 469
679 469
689 469
702 469
704 469
762 469
768 469
782 469
794 469
797 469
810 469
834 469
849 469
858 469
859 469
864 469
870 469
880 469
885 469
897 469
941 469
952 469
954 469
955 469
959 469
970 469
974 469
978 469
980 469
997 469
3 470
56 470
143 470
145 470
247 470
252 470
303 470
412 470
431 470
471 470
602 470
783 470
3 471
145 471
165 471
222 471
225 471
243 471
276 471
359 471
443 471
467 471
470 471
570 471
2 472
3 472
4 472
5 472
8 472
9 472
10 472
12 472
19 472
21 472
25 472
28 472
30 472
39 472
44 472
45 472
47 472
48 472
50 472
51 472
53 472
54 472
56 472
58 472
59 472
62 472
64 472
65 472
66 472
75 472
81 472
83 472
86 472
87 472
93 472
99 472
101 472
106 472
108 472
110 472
114 472
123 472
124 472
129 472
132 472
133 472
134 472
135 472
139 472
142 472
143 472
145 472
150 472
152 472
155 472
158 472
160 472
164 472
165 472
166 472
168 472
169 472
173 472
176 472
178 472
179 472
186 472
189 472
190 472
191 472
193 472
194 472
196 472
199 472
206 472
207 472
212 472
214 472
216 472
222 472
224 472
225 472
229 472
230 472
233 472
239 472
243 472
244 472
247 472
251 472
253 472
257 472
260 472
261 472
267 472
268 472
269 472
274 472
276 472
277 472
280 472
283 472
285 472
289 472
290 472
291 472
294 472
295 472
296 472
297 472
299 472
301 472
303 472
306 472
308 472
309 472
311 472
312 472
315 472
317 472
323 472
324 472
325 472
329 472
331 472
334 472
335 472
336 472
340 472
341 472
343 472
347 472
349 472
350 472
351 472
358 472
359 472
361 472
367 472
368 472
369 472
371 472
372 472
373 472
375 472
377 472
378 472
381 472
383 472
384 472
390 472
392 472
399 472
402 472
405 472
408 472
409 472
412 472
417 472
425 472
429 472
430 472
431 472
435 472
436 472
437 472
438 472
442 472
443 472
447 472
449 472
451 472
453 472
456 472
457 472
460 472
462 472
463 472
466 472
468 472
469 472
471 472
472 472
473 472
474 472
476 472
478 472
479 472
482 472
483 472
485 472
488 472
496 472
499 472
501 472
503 472
505 472
507 472
508 472
511 472
513 472
514 472
516 472
518 472
521 472
528 472
533 472
534 472
539 472
546 472
548 472
549 472
550 472
553 472
554 472
556 472
557 472
559 472
566 472
570 472
573 472
576 472
577 472
579 472
581 472
583 472
587 472
589 472
591 472
593 472
600 472
602 472
604 472
605 472
611 472
612 472
616 472
617 472
618 472
621 472
623 472
625 472
626 472
628 472
629 472
630 472
633 472
634 472
639 472
640 472
642 472
643 472
646 472
647 472
650 472
651 472
652 472
655 472
656 472
657 472
664 472
665 472
671 472
673 472
674 472
675 472
679 472
680 472
681 472
682 472
688 472
689 472
690 472
691 472
694 472
701 472
702 472
704 472
706 472
714 472
716 472
724 472
725 472
734 472
742 472
746 472
753 472
754 472
758 472
760 472
761 472
762 472
764 472
767 472
768 472
770 472
771 472
776 472
782 472
783 472
787 472
788 472
789 472
790 472
794 472
795 472
796 472
799 472
801 472
803 472
804 472
805 472
809 472
810 472
814 472
816 472
818 472
819 472
825 472
827 472
828 472
830 472
831 472
834 472
838 472
843 472
847 472
848 472
849 472
851 472
855 472
856 472
858 472
859 472
862 472
864 472
870 472
875 472
877 472
880 472
883 472
884 472
885 472
886 472
889 472
897 472
913 472
922 472
926 472
928 472
933 472
936 472
941 472
942 472
943 472
946 472
947 472
949 472
951 472
952 472
954 472
955 472
961 472
963 472
964 472
970 472
972 472
973 472
974 472
976 472
978 472
984 472
988 472
997 472
998 472
999 472
1000 472
2 473
3 473
7 473
8 473
9 473
10 473
11 473
12 473
17 473
19 473
21 473
25 473
28 473
30 473
37 473
39 473
50 473
52 473
53 473
56 473
58 473
59 473
61 473
65 473
66 473
69 473
71 473
73 473
75 473
77 473
80 473
81 473
86 473
87 473
98 473
99 473
101 473
105 473
106 473
108 473
110 473
114 473
124 473
126 473
128 473
129 473
132 473
133 473
136 473
139 473
142 473
143 473
144 473
145 473
146 473
152 473
153 473
155 473
164 473
165 473
168 473
176 473
178 473
179 473
181 473
184 473
186 473
188 473
189 473
191 473
193 473
194 473
199 473
204 473
206 473
207 473
209 473
212 473
213 473
215 473
216 473
217 473
220 473
222 473
223 473
224 473
225 473
226 473
229 473
230 473
231 473
233 473
239 473
243 473
244 473
245 473
251 473
252 473
253 473
257 473
258 473
260 473
267 473
268 473
269 473
274 473
276 473
277 473
280 473
283 473
284 473
286 473
289 473
290 473
291 473
295 473
296 473
297 473
299 473
302 473
303 473
305 473
306 473
308 473
309 473
311 473
312 473
315 473
317 473
323 473
324 473
325 473
328 473
330 473
331 473
333 473
339 473
340 473
345 473
347 473
350 473
354 473
358 473
359 473
361 473
365 473
369 473
371 473
373 473
375 473
377 473
378 473
379 473
383 473
387 473
392 473
396 473
399 473
402 473
404 473
405 473
409 473
412 473
413 473
414 473
417 473
425 473
426 473
429 473
431 473
435 473
436 473
438 473
441 473
442 473
443 473
447 473
450 473
451 473
453 473
456 473
457 473
463 473
468 473
472 473
474 473
483 473
488 473
489 473
493 473
499 473
503 473
507 473
508 473
511 473
513 473
514 473
516 473
517 473
518 473
519 473
520 473
521 473
522 473
523 473
528 473
533 473
534 473
536 473
539 473
544 473
548 473
550 473
554 473
555 473
557 473
562 473
566 473
569 473
570 473
573 473
574 473
576 473
577 473
578 473
579 473
580 473
581 473
582 473
586 473
587 473
589 473
590 473
591 473
593 473
595 473
597 473
599 473
600 473
601 473
602 473
603 473
604 473
606 473
608 473
610 473
612 473
613 473
615 473
616 473
617 473
618 473
621 473
622 473
623 473
625 473
626 473
628 473
629 473
630 473
631 473
633 473
634 473
635 473
636 473
638 473
639 473
640 473
641 473
642 473
643 473
645 473
646 473
647 473
649 473
650 473
651 473
652 473
653 473
655 473
656 473
662 473
664 473
665 473
667 473
668 473
670 473
671 473
672 473
674 473
675 473
676 473
679 473
680 473
681 473
682 473
684 473
686 473
687 473
688 473
689 473
691 473
694 473
695 473
696 473
700 473
701 473
704 473
705 473
706 473
707 473
708 473
710 473
711 473
714 473
715 473
716 473
717 473
719 473
720 473
721 473
722 473
723 473
725 473
728 473
729 473
730 473
732 473
733 473
734 473
737 473
738 473
739 473
741 473
742 473
744 473
745 473
746 473
748 473
750 473
753 473
754 473
755 473
756 473
757 473
758 473
760 473
761 473
762 473
764 473
767 473
768 473
769 473
770 473
771 473
772 473
774 473
775 473
776 473
779 473
782 473
783 473
784 473
789 473
790 473
791 473
792 473
793 473
794 473
795 473
796 473
797 473
798 473
800 473
803 473
804 473
805 473
806 473
808 473
809 473
811 473
813 473
816 473
817 473
818 473
819 473
820 473
821 473
822 473
825 473
826 473
827 473
828 473
829 473
830 473
833 473
834 473
835 473
836 473
837 473
838 473
840 473
841 473
842 473
843 473
846 473
847 473
849 473
851 473
852 473
855 473
856 473
857 473
858 473
859 473
860 473
861 473
864 473
865 473
870 473
871 473
872 473
874 473
875 473
876 473
877 473
878 473
880 473
881 473
883 473
884 473
886 473
887 473
888 473
889 473
890 473
891 473
895 473
896 473
897 473
899 473
902 473
903 473
907 473
908 473
909 473
911 473
913 473
917 473
918 473
919 473
920 473
922 473
924 473
925 473
926 473
928 473
929 473
932 473
934 473
935 473
936 473
938 473
939 473
940 473
941 473
942 473
943 473
944 473
946 473
949 473
951 473
952 473
954 473
955 473
957 473
958 473
961 473
962 473
963 473
964 473
965 473
966 473
968 473
969 473
972 473
973 473
976 473
977 473
978 473
980 473
982 473
983 473
984 473
985 473
986 473
988 473
989 473
991 473
993 473
994 473
995 473
997 473
998 473
999 473
1000 473
2 474
3 474
8 474
10 474
11 474
14 474
15 474
17 474
19 474
21 474
25 474
28 474
30 474
39 474
42 474
45 474
50 474
51 474
56 474
61 474
62 474
63 474
65 474
66 474
73 474
75 474
86 474
96 474
99 474
108 474
110 474
120 474
128 474
129 474
132 474
133 474
134 474
136 474
143 474
145 474
152 474
162 474
165 474
168 474
173 474
176 474
177 474
181 474
183 474
186 474
190 474
191 474
194 474
199 474
207 474
209 474
214 474
222 474
224 474
225 474
226 474
229 474
239 474
241 474
243 474
244 474
245 474
247 474
251 474
253 474
257 474
258 474
269 474
274 474
276 474
277 474
278 474
279 474
280 474
283 474
286 474
291 474
295 474
296 474
297 474
299 474
301 474
302 474
306 474
311 474
312 474
317 474
319 474
325 474
330 474
335 474
340 474
341 474
347 474
349 474
350 474
359 474
365 474
369 474
371 474
374 474
377 474
378 474
382 474
392 474
399 474
405 474
412 474
417 474
419 474
431 474
432 474
433 474
435 474
436 474
443 474
447 474
451 474
453 474
456 474
457 474
460 474
463 474
465 474
466 474
468 474
469 474
472 474
473 474
482 474
483 474
489 474
493 474
496 474
497 474
498 474
504 474
505 474
507 474
508 474
510 474
511 474
513 474
516 474
528 474
529 474
534 474
536 474
539 474
546 474
548 474
550 474
553 474
555 474
557 474
566 474
570 474
571 474
573 474
575 474
576 474
577 474
578 474
581 474
583 474
587 474
589 474
590 474
593 474
595 474
597 474
601 474
602 474
603 474
604 474
606 474
608 474
610 474
612 474
613 474
615 474
616 474
618 474
620 474
621 474
622 474
623 474
625 474
626 474
628 474
629 474
630 474
631 474
633 474
634 474
635 474
636 474
638 474
639 474
641 474
642 474
643 474
645 474
646 474
647 474
649 474
650 474
651 474
652 474
653 474
655 474
656 474
657 474
660 474
664 474
665 474
667 474
668 474
670 474
672 474
674 474
675 474
676 474
681 474
682 474
684 474
686 474
687 474
688 474
689 474
690 474
691 474
692 474
695 474
696 474
699 474
700 474
701 474
702 474
704 474
705 474
707 474
708 474
710 474
711 474
712 474
714 474
715 474
716 474
717 474
719 474
720 474
721 474
722 474
723 474
728 474
729 474
730 474
734 474
737 474
738 474
741 474
742 474
744 474
745 474
746 474
748 474
750 474
753 474
754 474
755 474
756 474
757 474
758 474
760 474
761 474
762 474
764 474
767 474
769 474
771 474
772 474
774 474
776 474
779 474
781 474
782 474
783 474
784 474
788 474
789 474
790 474
791 474
792 474
793 474
794 474
795 474
796 474
797 474
798 474
800 474
804 474
805 474
806 474
808 474
810 474
811 474
813 474
816 474
818 474
819 474
820 474
821 474
822 474
825 474
826 474
828 474
829 474
830 474
833 474
834 474
835 474
836 474
838 474
840 474
841 474
842 474
843 474
846 474
847 474
849 474
851 474
852 474
855 474
856 474
857 474
858 474
859 474
861 474
864 474
865 474
870 474
871 474
872 474
874 474
875 474
876 474
877 474
878 474
880 474
881 474
882 474
883 474
884 474
885 474
887 474
888 474
889 474
890 474
891 474
899 474
902 474
903 474
907 474
908 474
909 474
911 474
913 474
917 474
918 474
919 474
920 474
924 474
925 474
926 474
928 474
929 474
932 474
934 474
935 474
938 474
939 474
940 474
941 474
942 474
944 474
946 474
951 474
952 474
954 474
957 474
958 474
961 474
962 474
963 474
965 474
966 474
968 474
969 474
970 474
973 474
976 474
977 474
978 474
980 474
982 474
983 474
985 474
986 474
987 474
988 474
993 474
994 474
995 474
997 474
999 474
1000 474
65 475
145 475
222 475
243 475
387 475
412 475
462 475
783 475
2 476
12 476
56 476
99 476
139 476
144 476
145 476
155 476
243 476
251 476
306 476
412 476
431 476
435 476
472 476
534 476
539 476
570 476
576 476
803 476
3 477
8 477
71 477
302 477
312 477
315 477
369 477
431 477
528 477
534 477
566 477
633 477
674 477
733 477
803 477
858 477
880 477
2 478
3 478
25 478
51 478
53 478
62 478
65 478
83 478
86 478
129 478
143 478
145 478
165 478
222 478
225 478
229 478
243 478
251 478
274 478
276 478
295 478
301 478
312 478
325 478
340 478
367 478
377 478
378 478
392 478
399 478
409 478
412 478
431 478
462 478
463 478
499 478
508 478
513 478
517 478
522 478
528 478
534 478
539 478
546 478
548 478
555 478
570 478
573 478
602 478
604 478
634 478
635 478
650 478
655 478
691 478
783 478
817 478
838 478
858 478
875 478
877 478
929 478
964 478
989 478
12 479
160 479
194 479
274 479
296 479
312 479
323 479
369 479
429 479
431 479
533 479
539 479
611 479
656 479
680 479
754 479
767 479
779 479
880 479
2 480
3 480
25 480
28 480
56 480
145 480
197 480
224 480
235 480
283 480
347 480
378 480
474 480
534 480
626 480
634 480
651 480
655 480
783 480
858 480
880 480
997 480
2 482
3 482
8 482
32 482
45 482
56 482
57 482
59 482
73 482
75 482
80 482
99 482
101 482
106 482
108 482
124 482
145 482
166 482
193 482
199 482
207 482
214 482
243 482
247 482
260 482
280 482
302 482
303 482
311 482
333 482
347 482
358 482
359 482
366 482
367 482
377 482
408 482
412 482
429 482
435 482
436 482
442 482
453 482
469 482
473 482
504 482
518 482
534 482
617 482
625 482
634 482
716 482
771 482
880 482
922 482
952 482
970 482
978 482
2 483
3 483
25 483
51 483
53 483
56 483
66 483
73 483
75 483
110 483
134 483
145 483
165 483
207 483
224 483
225 483
247 483
251 483
253 483
257 483
258 483
274 483
297 483
311 483
312 483
317 483
325 483
340 483
359 483
378 483
399 483
405 483
417 483
431 483
436 483
463 483
473 483
474 483
570 483
573 483
576 483
602 483
604 483
616 483
618 483
626 483
655 483
689 483
691 483
704 483
822 483
830 483
847 483
858 483
880 483
884 483
885 483
889 483
946 483
952 483
978 483
997 483
3 484
8 484
65 484
145 484
222 484
243 484
251 484
269 484
359 484
386 484
412 484
447 484
534 484
558 484
783 484
858 484
961 484
2 485
3 485
17 485
40 485
56 485
65 485
75 485
86 485
124 485
134 485
136 485
144 485
145 485
146 485
217 485
222 485
243 485
267 485
276 485
302 485
312 485
325 485
350 485
359 485
412 485
429 485
431 485
435 485
447 485
474 485
534 485
539 485
548 485
557 485
598 485
604 485
631 485
634 485
639 485
647 485
651 485
716 485
817 485
864 485
974 485
301 486
3 487
146 487
243 487
312 487
691 487
3 488
56 488
58 488
62 488
63 488
65 488
99 488
103 488
133 488
144 488
145 488
165 488
176 488
217 488
222 488
225 488
243 488
247 488
311 488
312 488
315 488
317 488
325 488
331 488
336 488
347 488
359 488
369 488
377 488
399 488
412 488
442 488
447 488
458 488
462 488
468 488
474 488
485 488
528 488
534 488
539 488
546 488
553 488
557 488
566 488
611 488
623 488
630 488
634 488
640 488
647 488
651 488
701 488
716 488
733 488
746 488
751 488
782 488
783 488
787 488
788 488
794 488
799 488
851 488
880 488
913 488
951 488
997 488
3 489
618 489
17 490
65 490
88 490
145 490
177 490
222 490
243 490
285 490
359 490
369 490
383 490
412 490
447 490
462 490
496 490
534 490
557 490
591 490
616 490
633 490
732 490
751 490
782 490
783 490
788 490
961 490
264 491
570 491
3 492
222 492
311 492
351 492
359 492
442 492
462 492
521 492
570 492
604 492
655 492
676 492
56 493
62 493
145 493
331 493
399 493
412 493
447 493
462 493
634 493
682 493
997 493
145 494
177 494
243 494
251 494
392 494
399 494
412 494
431 494
606 494
626 494
634 494
145 495
177 495
222 495
243 495
412 495
508 495
643 495
2 496
3 496
25 496
30 496
65 496
66 496
73 496
86 496
145 496
146 496
165 496
177 496
217 496
222 496
224 496
225 496
243 496
247 496
251 496
295 496
296 496
297 496
312 496
340 496
359 496
392 496
399 496
412 496
431 496
447 496
451 496
462 496
474 496
528 496
534 496
557 496
573 496
576 496
593 496
602 496
604 496
616 496
625 496
626 496
634 496
647 496
655 496
681 496
689 496
690 496
691 496
768 496
776 496
783 496
851 496
858 496
880 496
978 496
997 496
2 497
3 497
17 497
51 497
56 497
65 497
75 497
86 497
123 497
145 497
165 497
177 497
207 497
224 497
225 497
243 497
251 497
274 497
279 497
295 497
301 497
311 497
312 497
317 497
359 497
378 497
412 497
457 497
460 497
474 497
482 497
570 497
573 497
604 497
618 497
772 497
3 498
17 498
58 498
86 498
92 498
145 498
177 498
222 498
243 498
247 498
392 498
412 498
442 498
462 498
474 498
534 498
570 498
602 498
616 498
634 498
655 498
691 498
751 498
874 498
997 498
25 499
30 499
51 499
75 499
78 499
145 499
183 499
225 499
239 499
243 499
251 499
274 499
312 499
317 499
340 499
378 499
436 499
463 499
472 499
473 499
474 499
513 499
529 499
536 499
539 499
548 499
554 499
570 499
576 499
577 499
602 499
604 499
626 499
647 499
655 499
681 499
689 499
758 499
783 499
847 499
858 499
875 499
880 499
952 499
978 499
997 499
56 500
65 500
128 500
143 500
145 500
177 500
224 500
276 500
311 500
312 500
412 500
436 500
474 500
62 501
145 501
165 501
177 501
222 501
343 501
359 501
447 501
462 501
576 501
760 501
783 501
875 501
997 501
3 502
94 502
312 502
626 502
858 502
880 502
3 503
5 503
17 503
65 503
73 503
108 503
145 503
146 503
165 503
177 503
183 503
224 503
243 503
251 503
260 503
274 503
276 503
303 503
311 503
312 503
325 503
359 503
378 503
399 503
408 503
412 503
431 503
463 503
473 503
497 503
516 503
528 503
534 503
555 503
557 503
563 503
570 503
634 503
691 503
858 503
880 503
970 503
997 503
3 504
65 504
86 504
145 504
177 504
243 504
340 504
359 504
392 504
505 504
528 504
760 504
997 504
2 505
3 505
17 505
25 505
31 505
45 505
56 505
65 505
75 505
86 505
87 505
99 505
134 505
143 505
145 505
165 505
169 505
177 505
217 505
224 505
225 505
243 505
251 505
258 505
274 505
276 505
279 505
302 505
311 505
312 505
350 505
359 505
392 505
396 505
412 505
435 505
436 505
447 505
474 505
482 505
504 505
534 505
539 505
570 505
602 505
604 505
626 505
634 505
783 505
993 505
3 506
6 506
17 506
18 506
31 506
56 506
58 506
63 506
65 506
110 506
112 506
124 506
130 506
134 506
145 506
162 506
165 506
176 506
177 506
197 506
217 506
222 506
224 506
243 506
247 506
276 506
285 506
288 506
296 506
301 506
307 506
311 506
312 506
335 506
347 506
358 506
359 506
368 506
392 506
399 506
405 506
412 506
435 506
436 506
447 506
462 506
469 506
474 506
488 506
494 506
505 506
516 506
517 506
518 506
543 506
553 506
554 506
557 506
563 506
566 506
571 506
573 506
595 506
616 506
626 506
633 506
634 506
641 506
646 506
647 506
649 506
650 506
655 506
676 506
680 506
691 506
704 506
716 506
782 506
783 506
788 506
794 506
811 506
819 506
828 506
853 506
871 506
874 506
875 506
883 506
886 506
913 506
916 506
952 506
970 506
978 506
985 506
997 506
3 507
145 507
214 507
251 507
280 507
315 507
457 507
474 507
539 507
691 507
858 507
191 508
243 508
340 508
399 508
463 508
534 508
576 508
626 508
689 508
690 508
691 508
758 508
827 508
847 508
849 508
952 508
976 508
978 508
982 508
3 509
51 509
134 509
224 509
243 509
3 510
51 510
75 510
257 510
317 510
345 510
350 510
359 510
375 510
474 510
508 510
534 510
573 510
634 510
689 510
690 510
696 510
932 510
2 513
3 513
17 513
25 513
29 513
38 513
45 513
56 513
75 513
88 513
99 513
144 513
145 513
177 513
216 513
217 513
222 513
239 513
243 513
274 513
301 513
302 513
312 513
323 513
324 513
325 513
326 513
327 513
350 513
377 513
412 513
422 513
431 513
442 513
451 513
462 513
463 513
473 513
478 513
496 513
534 513
539 513
553 513
557 513
559 513
576 513
591 513
602 513
604 513
626 513
647 513
655 513
679 513
681 513
689 513
691 513
716 513
734 513
744 513
754 513
781 513
794 513
810 513
880 513
932 513
955 513
970 513
974 513
56 514
145 514
222 514
243 514
412 514
469 514
655 514
997 514
3 515
225 515
392 515
783 515
2 516
3 516
4 516
5 516
10 516
12 516
16 516
18 516
24 516
25 516
28 516
30 516
40 516
44 516
48 516
49 516
50 516
53 516
56 516
58 516
59 516
60 516
66 516
71 516
75 516
87 516
99 516
106 516
110 516
119 516
124 516
125 516
129 516
133 516
134 516
136 516
142 516
145 516
146 516
151 516
152 516
155 516
165 516
168 516
180 516
181 516
189 516
191 516
194 516
206 516
209 516
213 516
215 516
224 516
229 516
239 516
251 516
254 516
261 516
274 516
280 516
294 516
296 516
299 516
303 516
305 516
306 516
309 516
311 516
312 516
315 516
317 516
320 516
323 516
324 516
325 516
328 516
347 516
350 516
358 516
359 516
369 516
375 516
377 516
378 516
379 516
392 516
408 516
412 516
414 516
425 516
430 516
431 516
436 516
451 516
453 516
456 516
460 516
463 516
465 516
468 516
469 516
472 516
473 516
474 516
496 516
513 516
516 516
521 516
523 516
531 516
533 516
534 516
539 516
550 516
570 516
571 516
573 516
574 516
576 516
583 516
593 516
602 516
604 516
616 516
619 516
621 516
623 516
625 516
626 516
630 516
634 516
639 516
645 516
646 516
647 516
650 516
655 516
656 516
673 516
675 516
676 516
679 516
680 516
681 516
691 516
694 516
705 516
707 516
714 516
716 516
725 516
734 516
761 516
762 516
767 516
776 516
779 516
784 516
788 516
794 516
795 516
796 516
797 516
804 516
807 516
810 516
816 516
825 516
828 516
834 516
843 516
847 516
849 516
851 516
858 516
880 516
882 516
883 516
896 516
917 516
922 516
941 516
942 516
946 516
952 516
955 516
957 516
961 516
964 516
966 516
970 516
976 516
978 516
982 516
989 516
999 516
2 517
3 517
4 517
25 517
28 517
39 517
51 517
56 517
73 517
75 517
86 517
110 517
134 517
145 517
164 517
165 517
224 517
225 517
226 517
244 517
251 517
257 517
274 517
297 517
301 517
311 517
312 517
325 517
340 517
347 517
350 517
359 517
369 517
378 517
383 517
399 517
402 517
405 517
417 517
436 517
463 517
469 517
473 517
474 517
496 517
528 517
534 517
539 517
548 517
557 517
571 517
573 517
576 517
577 517
587 517
593 517
602 517
604 517
606 517
616 517
626 517
634 517
639 517
646 517
647 517
655 517
691 517
704 517
734 517
754 517
762 517
773 517
783 517
800 517
816 517
830 517
847 517
855 517
924 517
997 517
3 518
12 518
22 518
56 518
58 518
62 518
66 518
145 518
155 518
199 518
217 518
229 518
234 518
276 518
299 518
303 518
309 518
312 518
315 518
325 518
347 518
350 518
369 518
377 518
399 518
431 518
436 518
451 518
462 518
463 518
468 518
472 518
473 518
496 518
516 518
518 518
528 518
534 518
539 518
557 518
576 518
602 518
604 518
606 518
616 518
626 518
634 518
679 518
680 518
716 518
725 518
733 518
739 518
783 518
788 518
803 518
828 518
849 518
858 518
880 518
897 518
907 518
955 518
961 518
966 518
997 518
570 519
99 520
129 520
189 520
193 520
216 520
217 520
222 520
224 520
251 520
369 520
377 520
429 520
447 520
472 520
508 520
520 520
528 520
576 520
604 520
633 520
675 520
783 520
880 520
897 520
2 521
3 521
8 521
12 521
17 521
49 521
56 521
58 521
71 521
88 521
110 521
114 521
129 521
142 521
175 521
189 521
191 521
193 521
194 521
206 521
229 521
253 521
260 521
274 521
288 521
296 521
306 521
312 521
323 521
324 521
325 521
333 521
347 521
350 521
368 521
369 521
377 521
382 521
412 521
431 521
442 521
447 521
451 521
456 521
463 521
472 521
473 521
490 521
528 521
534 521
539 521
548 521
554 521
557 521
571 521
576 521
604 521
616 521
631 521
646 521
680 521
688 521
706 521
716 521
746 521
761 521
762 521
771 521
779 521
794 521
797 521
811 521
828 521
834 521
843 521
880 521
882 521
896 521
922 521
946 521
951 521
988 521
995 521
997 521
3 522
145 522
243 522
392 522
508 522
604 522
689 522
690 522
3 523
25 523
56 523
133 523
145 523
152 523
183 523
214 523
222 523
224 523
243 523
277 523
311 523
323 523
350 523
368 523
369 523
383 523
392 523
399 523
412 523
436 523
447 523
457 523
467 523
473 523
474 523
539 523
557 523
573 523
585 523
602 523
633 523
634 523
655 523
674 523
691 523
783 523
951 523
952 523
961 523
978 523
997 523
107 524
436 524
60 526
125 526
145 526
155 526
191 526
222 526
239 526
276 526
375 526
442 526
453 526
474 526
534 526
539 526
602 526
797 526
827 526
2 527
3 527
25 527
28 527
51 527
56 527
75 527
86 527
87 527
92 527
145 527
165 527
222 527
224 527
225 527
243 527
297 527
306 527
312 527
334 527
347 527
359 527
378 527
412 527
417 527
508 527
534 527
539 527
570 527
573 527
577 527
602 527
604 527
616 527
626 527
681 527
691 527
696 527
714 527
762 527
783 527
788 527
816 527
830 527
849 527
858 527
880 527
885 527
946 527
952 527
961 527
978 527
997 527
2 528
4 528
6 528
8 528
9 528
10 528
12 528
13 528
14 528
17 528
18 528
19 528
21 528
25 528
27 528
28 528
30 528
39 528
42 528
49 528
50 528
51 528
52 528
53 528
54 528
58 528
60 528
65 528
66 528
73 528
75 528
81 528
86 528
88 528
99 528
108 528
110 528
114 528
118 528
119 528
120 528
125 528
129 528
132 528
133 528
134 528
136 528
139 528
142 528
143 528
144 528
145 528
146 528
150 528
155 528
158 528
160 528
165 528
167 528
168 528
169 528
173 528
176 528
177 528
178 528
179 528
186 528
189 528
190 528
191 528
193 528
194 528
199 528
206 528
207 528
208 528
209 528
214 528
216 528
217 528
222 528
224 528
225 528
229 528
230 528
233 528
234 528
238 528
239 528
243 528
244 528
247 528
251 528
252 528
253 528
257 528
260 528
261 528
265 528
267 528
268 528
269 528
274 528
276 528
277 528
279 528
280 528
283 528
284 528
285 528
287 528
289 528
290 528
291 528
294 528
296 528
297 528
301 528
303 528
305 528
306 528
311 528
312 528
313 528
315 528
317 528
323 528
325 528
329 528
330 528
331 528
333 528
335 528
340 528
343 528
347 528
350 528
352 528
358 528
359 528
361 528
366 528
367 528
369 528
371 528
372 528
373 528
374 528
375 528
377 528
378 528
379 528
381 528
383 528
384 528
389 528
392 528
399 528
405 528
407 528
409 528
410 528
412 528
414 528
417 528
422 528
425 528
429 528
431 528
433 528
435 528
436 528
438 528
447 528
451 528
453 528
456 528
457 528
460 528
463 528
466 528
469 528
471 528
472 528
473 528
474 528
478 528
481 528
493 528
496 528
503 528
504 528
505 528
508 528
511 528
513 528
516 528
517 528
518 528
520 528
521 528
522 528
523 528
533 528
534 528
539 528
546 528
548 528
549 528
550 528
552 528
553 528
555 528
557 528
559 528
566 528
568 528
569 528
570 528
571 528
573 528
574 528
576 528
577 528
579 528
581 528
583 528
585 528
586 528
587 528
589 528
593 528
597 528
599 528
600 528
602 528
604 528
605 528
606 528
612 528
616 528
617 528
618 528
620 528
621 528
623 528
626 528
630 528
631 528
633 528
634 528
635 528
636 528
639 528
641 528
643 528
646 528
647 528
649 528
650 528
652 528
655 528
656 528
658 528
664 528
671 528
673 528
674 528
675 528
677 528
679 528
680 528
681 528
686 528
689 528
690 528
691 528
694 528
697 528
702 528
704 528
705 528
706 528
712 528
714 528
716 528
718 528
722 528
724 528
725 528
729 528
732 528
733 528
734 528
735 528
738 528
746 528
751 528
753 528
754 528
758 528
761 528
764 528
767 528
768 528
770 528
771 528
774 528
776 528
779 528
782 528
783 528
784 528
786 528
788 528
790 528
791 528
794 528
795 528
796 528
800 528
801 528
803 528
804 528
805 528
810 528
816 528
818 528
823 528
825 528
827 528
828 528
830 528
836 528
838 528
839 528
840 528
842 528
847 528
849 528
855 528
856 528
858 528
859 528
862 528
864 528
867 528
868 528
870 528
871 528
872 528
874 528
877 528
880 528
882 528
884 528
885 528
886 528
890 528
892 528
896 528
897 528
899 528
902 528
913 528
921 528
926 528
927 528
928 528
929 528
932 528
934 528
942 528
944 528
946 528
947 528
949 528
951 528
952 528
954 528
955 528
956 528
958 528
961 528
963 528
964 528
966 528
969 528
970 528
972 528
973 528
974 528
976 528
978 528
980 528
984 528
988 528
991 528
993 528
997 528
999 528
1000 528
2 529
3 529
17 529
51 529
56 529
73 529
145 529
165 529
177 529
199 529
222 529
225 529
243 529
251 529
311 529
312 529
335 529
377 529
412 529
457 529
460 529
474 529
499 529
559 529
604 529
609 529
626 529
681 529
783 529
858 529
880 529
952 529
17 530
23 531
75 531
145 531
177 531
222 531
243 531
311 531
412 531
469 531
539 531
634 531
922 531
952 531
974 531
978 531
145 532
177 532
183 532
222 532
243 532
997 532
3 533
12 533
17 533
21 533
25 533
28 533
30 533
39 533
40 533
47 533
48 533
50 533
51 533
53 533
62 533
65 533
66 533
75 533
86 533
108 533
110 533
132 533
133 533
134 533
145 533
146 533
152 533
158 533
165 533
168 533
173 533
183 533
191 533
194 533
199 533
207 533
208 533
214 533
217 533
222 533
224 533
229 533
238 533
239 533
243 533
244 533
245 533
247 533
253 533
257 533
258 533
260 533
265 533
268 533
269 533
274 533
276 533
277 533
279 533
280 533
283 533
295 533
296 533
297 533
299 533
306 533
307 533
311 533
312 533
315 533
317 533
323 533
328 533
335 533
340 533
341 533
343 533
348 533
349 533
350 533
352 533
354 533
358 533
359 533
369 533
373 533
375 533
377 533
378 533
408 533
409 533
412 533
417 533
425 533
429 533
431 533
435 533
436 533
437 533
443 533
447 533
451 533
453 533
456 533
460 533
463 533
466 533
468 533
469 533
473 533
483 533
485 533
496 533
504 533
508 533
516 533
517 533
518 533
528 533
533 533
534 533
536 533
539 533
548 533
550 533
552 533
555 533
557 533
559 533
563 533
570 533
571 533
573 533
587 533
598 533
602 533
604 533
606 533
616 533
617 533
618 533
625 533
630 533
634 533
635 533
636 533
639 533
644 533
645 533
646 533
647 533
649 533
651 533
655 533
656 533
660 533
662 533
664 533
670 533
675 533
677 533
679 533
680 533
681 533
689 533
690 533
704 533
705 533
712 533
716 533
724 533
725 533
738 533
754 533
758 533
761 533
764 533
771 533
774 533
779 533
783 533
792 533
794 533
795 533
803 533
804 533
811 533
812 533
822 533
827 533
828 533
830 533
835 533
836 533
838 533
842 533
843 533
847 533
849 533
850 533
856 533
858 533
859 533
864 533
870 533
877 533
880 533
885 533
890 533
899 533
913 533
926 533
927 533
936 533
940 533
941 533
942 533
946 533
952 533
954 533
958 533
961 533
966 533
976 533
978 533
980 533
983 533
988 533
993 533
995 533
997 533
999 533
2 534
3 534
4 534
5 534
6 534
8 534
9 534
12 534
14 534
17 534
18 534
21 534
25 534
27 534
28 534
30 534
40 534
45 534
46 534
48 534
53 534
54 534
56 534
58 534
59 534
60 534
65 534
66 534
68 534
71 534
73 534
75 534
78 534
83 534
86 534
88 534
99 534
101 534
105 534
106 534
108 534
110 534
112 534
114 534
115 534
124 534
125 534
126 534
129 534
130 534
132 534
133 534
134 534
136 534
138 534
140 534
142 534
144 534
145 534
150 534
152 534
155 534
160 534
164 534
165 534
167 534
168 534
170 534
172 534
176 534
177 534
180 534
182 534
183 534
184 534
185 534
188 534
189 534
190 534
191 534
193 534
194 534
199 534
206 534
212 534
214 534
215 534
216 534
224 534
225 534
229 534
239 534
243 534
247 534
249 534
251 534
253 534
260 534
261 534
268 534
269 534
271 534
276 534
277 534
278 534
280 534
283 534
284 534
285 534
289 534
290 534
291 534
295 534
296 534
297 534
299 534
303 534
305 534
306 534
308 534
309 534
311 534
312 534
315 534
317 534
318 534
320 534
323 534
324 534
325 534
327 534
328 534
331 534
333 534
336 534
340 534
341 534
343 534
346 534
347 534
350 534
358 534
359 534
364 534
366 534
368 534
369 534
373 534
375 534
377 534
378 534
379 534
380 534
382 534
383 534
395 534
399 534
406 534
409 534
412 534
414 534
417 534
425 534
427 534
429 534
430 534
431 534
433 534
435 534
436 534
437 534
438 534
442 534
444 534
447 534
449 534
450 534
451 534
453 534
456 534
457 534
459 534
460 534
461 534
463 534
466 534
468 534
469 534
471 534
472 534
473 534
474 534
476 534
477 534
479 534
485 534
488 534
496 534
499 534
503 534
508 534
513 534
514 534
516 534
517 534
518 534
519 534
520 534
521 534
528 534
533 534
539 534
547 534
548 534
549 534
550 534
553 534
556 534
557 534
559 534
563 534
566 534
568 534
571 534
576 534
577 534
578 534
581 534
582 534
586 534
589 534
591 534
600 534
601 534
602 534
604 534
609 534
611 534
615 534
616 534
617 534
618 534
619 534
621 534
623 534
625 534
626 534
630 534
631 534
633 534
634 534
636 534
639 534
640 534
642 534
643 534
646 534
647 534
651 534
652 534
655 534
656 534
658 534
659 534
660 534
670 534
673 534
674 534
675 534
678 534
679 534
680 534
681 534
682 534
685 534
689 534
694 534
701 534
706 534
710 534
711 534
714 534
716 534
722 534
725 534
728 534
729 534
732 534
733 534
734 534
735 534
738 534
742 534
746 534
749 534
750 534
751 534
754 534
761 534
762 534
763 534
767 534
768 534
781 534
782 534
783 534
784 534
788 534
794 534
795 534
798 534
799 534
800 534
803 534
804 534
805 534
809 534
819 534
823 534
827 534
828 534
831 534
832 534
833 534
834 534
837 534
843 534
847 534
849 534
851 534
852 534
853 534
856 534
857 534
860 534
868 534
870 534
871 534
880 534
882 534
886 534
892 534
895 534
896 534
898 534
899 534
903 534
907 534
910 534
913 534
922 534
941 534
942 534
943 534
946 534
947 534
949 534
951 534
952 534
955 534
958 534
960 534
963 534
964 534
966 534
969 534
970 534
974 534
976 534
978 534
980 534
985 534
989 534
991 534
997 534
998 534
1000 534
875 535
2 536
3 536
30 536
51 536
73 536
145 536
222 536
225 536
239 536
243 536
251 536
274 536
280 536
311 536
312 536
325 536
378 536
399 536
417 536
451 536
457 536
473 536
474 536
558 536
604 536
626 536
634 536
647 536
783 536
880 536
56 537
634 537
655 537
225 538
604 538
634 538
690 538
3 539
4 539
10 539
11 539
12 539
14 539
19 539
21 539
24 539
25 539
27 539
28 539
30 539
38 539
39 539
42 539
43 539
47 539
49 539
51 539
53 539
54 539
59 539
61 539
63 539
65 539
66 539
71 539
72 539
75 539
77 539
81 539
86 539
87 539
88 539
92 539
96 539
99 539
106 539
110 539
111 539
113 539
114 539
115 539
118 539
120 539
123 539
125 539
128 539
129 539
132 539
133 539
134 539
136 539
138 539
139 539
143 539
145 539
146 539
150 539
155 539
157 539
158 539
164 539
165 539
167 539
168 539
175 539
176 539
178 539
179 539
183 539
186 539
190 539
191 539
193 539
194 539
196 539
199 539
206 539
207 539
208 539
209 539
211 539
213 539
216 539
222 539
225 539
226 539
229 539
230 539
233 539
234 539
238 539
239 539
243 539
244 539
247 539
251 539
252 539
253 539
257 539
259 539
260 539
265 539
268 539
269 539
271 539
274 539
276 539
277 539
280 539
283 539
288 539
290 539
291 539
295 539
296 539
297 539
301 539
306 539
307 539
312 539
315 539
317 539
324 539
325 539
329 539
330 539
331 539
333 539
334 539
335 539
340 539
343 539
350 539
351 539
352 539
354 539
358 539
359 539
361 539
363 539
364 539
365 539
366 539
369 539
371 539
374 539
375 539
377 539
378 539
379 539
381 539
383 539
392 539
396 539
399 539
402 539
404 539
405 539
408 539
409 539
410 539
412 539
417 539
425 539
427 539
431 539
435 539
436 539
437 539
442 539
443 539
447 539
448 539
451 539
453 539
456 539
458 539
460 539
462 539
463 539
466 539
467 539
468 539
469 539
472 539
473 539
475 539
476 539
478 539
479 539
481 539
482 539
483 539
485 539
489 539
493 539
496 539
499 539
504 539
505 539
507 539
508 539
511 539
513 539
516 539
517 539
518 539
521 539
524 539
529 539
533 539
534 539
536 539
540 539
543 539
544 539
546 539
548 539
550 539
551 539
552 539
553 539
554 539
555 539
557 539
558 539
559 539
562 539
563 539
564 539
566 539
571 539
573 539
575 539
576 539
577 539
578 539
581 539
583 539
585 539
586 539
587 539
590 539
591 539
593 539
595 539
597 539
598 539
601 539
602 539
603 539
604 539
605 539
606 539
608 539
609 539
610 539
612 539
613 539
615 539
616 539
617 539
618 539
620 539
621 539
622 539
623 539
627 539
628 539
629 539
630 539
631 539
633 539
634 539
635 539
636 539
638 539
639 539
641 539
642 539
643 539
644 539
645 539
646 539
647 539
649 539
650 539
652 539
653 539
654 539
655 539
656 539
659 539
660 539
664 539
665 539
667 539
671 539
672 539
673 539
675 539
676 539
677 539
679 539
680 539
681 539
682 539
684 539
686 539
687 539
688 539
689 539
690 539
691 539
696 539
697 539
700 539
701 539
702 539
704 539
705 539
708 539
712 539
714 539
715 539
716 539
717 539
718 539
719 539
720 539
721 539
722 539
723 539
729 539
730 539
732 539
737 539
738 539
739 539
741 539
744 539
745 539
750 539
753 539
754 539
755 539
756 539
758 539
760 539
761 539
762 539
764 539
767 539
769 539
770 539
771 539
772 539
773 539
774 539
775 539
779 539
781 539
782 539
783 539
784 539
785 539
790 539
791 539
792 539
793 539
794 539
795 539
796 539
797 539
798 539
799 539
800 539
801 539
802 539
803 539
804 539
805 539
806 539
809 539
810 539
811 539
813 539
816 539
818 539
820 539
821 539
822 539
823 539
826 539
829 539
830 539
833 539
835 539
836 539
838 539
840 539
841 539
842 539
843 539
844 539
846 539
847 539
849 539
852 539
855 539
856 539
857 539
858 539
859 539
860 539
861 539
862 539
864 539
867 539
868 539
869 539
870 539
871 539
872 539
875 539
877 539
878 539
880 539
881 539
883 539
884 539
885 539
886 539
887 539
888 539
889 539
890 539
891 539
893 539
895 539
896 539
897 539
899 539
903 539
907 539
908 539
909 539
911 539
913 539
918 539
919 539
920 539
922 539
924 539
925 539
926 539
928 539
929 539
933 539
934 539
935 539
938 539
939 539
940 539
941 539
942 539
944 539
945 539
946 539
949 539
951 539
952 539
953 539
954 539
955 539
958 539
962 539
963 539
964 539
965 539
966 539
968 539
969 539
972 539
973 539
974 539
976 539
977 539
978 539
980 539
982 539
983 539
984 539
985 539
986 539
987 539
990 539
991 539
993 539
994 539
995 539
997 539
999 539
1000 539
2 540
3 540
4 540
21 540
25 540
28 540
38 540
40 540
47 540
51 540
53 540
56 540
62 540
66 540
72 540
73 540
75 540
110 540
114 540
119 540
120 540
129 540
134 540
138 540
145 540
146 540
152 540
155 540
165 540
168 540
189 540
191 540
193 540
194 540
196 540
203 540
207 540
212 540
213 540
216 540
224 540
225 540
226 540
228 540
229 540
233 540
234 540
247 540
252 540
253 540
257 540
267 540
268 540
269 540
276 540
277 540
279 540
280 540
285 540
295 540
296 540
297 540
301 540
306 540
307 540
312 540
317 540
323 540
335 540
340 540
342 540
343 540
349 540
350 540
357 540
359 540
361 540
367 540
369 540
378 540
381 540
389 540
393 540
399 540
408 540
412 540
414 540
417 540
431 540
435 540
436 540
442 540
443 540
447 540
457 540
458 540
462 540
463 540
466 540
474 540
476 540
478 540
483 540
496 540
499 540
501 540
508 540
513 540
518 540
523 540
534 540
539 540
548 540
553 540
557 540
559 540
563 540
564 540
576 540
587 540
598 540
602 540
604 540
616 540
626 540
629 540
634 540
638 540
640 540
646 540
647 540
651 540
652 540
655 540
660 540
664 540
668 540
676 540
681 540
689 540
690 540
691 540
702 540
704 540
712 540
718 540
722 540
750 540
754 540
758 540
768 540
771 540
779 540
783 540
786 540
788 540
789 540
790 540
794 540
805 540
806 540
809 540
834 540
835 540
842 540
843 540
847 540
849 540
856 540
858 540
859 540
864 540
867 540
871 540
874 540
875 540
877 540
880 540
885 540
889 540
908 540
926 540
927 540
929 540
940 540
946 540
952 540
954 540
958 540
961 540
964 540
966 540
970 540
974 540
978 540
989 540
990 540
993 540
997 540
999 540
145 541
183 541
243 541
247 541
301 541
311 541
312 541
412 541
573 541
2 542
3 542
18 542
25 542
56 542
110 542
145 542
153 542
165 542
224 542
225 542
243 542
258 542
297 542
312 542
317 542
340 542
350 542
359 542
366 542
399 542
405 542
412 542
435 542
436 542
474 542
539 542
559 542
573 542
587 542
593 542
602 542
604 542
606 542
626 542
634 542
635 542
636 542
655 542
689 542
690 542
691 542
712 542
734 542
774 542
783 542
816 542
877 542
884 542
885 542
886 542
997 542
18 543
93 543
119 543
133 543
145 543
222 543
334 543
412 543
436 543
508 543
539 543
553 543
557 543
559 543
634 543
655 543
716 543
886 543
997 543
3 544
54 544
145 544
183 544
243 544
412 544
473 544
474 544
570 544
573 544
581 544
634 544
816 544
926 544
2 545
24 545
30 545
46 545
48 545
54 545
56 545
73 545
110 545
133 545
145 545
183 545
189 545
224 545
229 545
231 545
243 545
268 545
276 545
299 545
301 545
303 545
311 545
312 545
377 545
412 545
414 545
429 545
441 545
457 545
573 545
586 545
616 545
630 545
634 545
655 545
670 545
716 545
733 545
734 545
738 545
752 545
767 545
802 545
805 545
922 545
937 545
964 545
988 545
2 546
3 546
12 546
28 546
56 546
66 546
129 546
142 546
145 546
165 546
214 546
225 546
229 546
239 546
243 546
251 546
253 546
258 546
276 546
295 546
312 546
341 546
358 546
359 546
368 546
377 546
399 546
406 546
412 546
431 546
436 546
451 546
453 546
456 546
457 546
463 546
473 546
474 546
518 546
528 546
534 546
539 546
553 546
570 546
576 546
602 546
604 546
615 546
616 546
626 546
634 546
639 546
655 546
668 546
675 546
680 546
691 546
696 546
716 546
758 546
783 546
828 546
843 546
859 546
880 546
884 546
941 546
946 546
966 546
970 546
989 546
993 546
997 546
3 547
56 547
62 547
134 547
145 547
243 547
291 547
324 547
399 547
412 547
462 547
539 547
604 547
634 547
696 547
783 547
875 547
974 547
997 547
3 548
4 548
6 548
8 548
9 548
10 548
12 548
16 548
17 548
18 548
19 548
21 548
25 548
27 548
28 548
30 548
39 548
46 548
47 548
49 548
50 548
51 548
52 548
53 548
58 548
59 548
60 548
65 548
66 548
67 548
71 548
75 548
81 548
83 548
86 548
88 548
92 548
99 548
101 548
108 548
110 548
113 548
128 548
132 548
134 548
136 548
138 548
139 548
143 548
144 548
145 548
146 548
150 548
158 548
160 548
164 548
165 548
168 548
175 548
178 548
179 548
186 548
190 548
191 548
193 548
194 548
196 548
199 548
206 548
207 548
209 548
212 548
213 548
214 548
216 548
222 548
223 548
224 548
225 548
229 548
230 548
233 548
234 548
239 548
243 548
247 548
251 548
253 548
257 548
260 548
261 548
268 548
269 548
274 548
277 548
280 548
283 548
284 548
289 548
291 548
295 548
297 548
299 548
301 548
303 548
306 548
308 548
309 548
311 548
313 548
315 548
317 548
323 548
324 548
325 548
333 548
335 548
340 548
347 548
350 548
358 548
359 548
361 548
366 548
369 548
371 548
373 548
375 548
377 548
378 548
379 548
381 548
383 548
399 548
402 548
405 548
407 548
409 548
412 548
414 548
417 548
423 548
425 548
427 548
429 548
431 548
435 548
436 548
443 548
447 548
451 548
456 548
457 548
458 548
460 548
463 548
469 548
471 548
472 548
473 548
474 548
476 548
478 548
479 548
481 548
483 548
485 548
493 548
496 548
499 548
503 548
508 548
511 548
513 548
516 548
517 548
518 548
521 548
528 548
533 548
534 548
536 548
539 548
540 548
549 548
550 548
553 548
554 548
557 548
559 548
563 548
564 548
566 548
570 548
573 548
577 548
581 548
583 548
585 548
587 548
589 548
593 548
597 548
600 548
602 548
604 548
606 548
611 548
612 548
616 548
617 548
618 548
626 548
628 548
629 548
630 548
633 548
634 548
635 548
640 548
643 548
645 548
646 548
647 548
649 548
651 548
655 548
656 548
658 548
660 548
664 548
671 548
672 548
673 548
674 548
675 548
676 548
680 548
681 548
688 548
689 548
690 548
691 548
694 548
696 548
702 548
704 548
710 548
714 548
716 548
722 548
732 548
734 548
735 548
737 548
738 548
746 548
754 548
758 548
761 548
762 548
764 548
767 548
770 548
771 548
779 548
781 548
792 548
794 548
795 548
800 548
802 548
803 548
804 548
809 548
816 548
818 548
828 548
830 548
833 548
836 548
847 548
849 548
851 548
856 548
858 548
860 548
861 548
864 548
867 548
868 548
870 548
871 548
875 548
877 548
880 548
882 548
884 548
885 548
886 548
889 548
892 548
897 548
899 548
913 548
918 548
922 548
926 548
941 548
946 548
947 548
949 548
951 548
952 548
954 548
955 548
959 548
961 548
964 548
966 548
973 548
974 548
976 548
978 548
980 548
984 548
989 548
990 548
991 548
993 548
995 548
997 548
998 548
999 548
19 550
45 550
51 550
145 550
151 550
153 550
176 550
207 550
222 550
225 550
243 550
247 550
253 550
258 550
276 550
290 550
294 550
317 550
326 550
334 550
340 550
352 550
358 550
412 550
422 550
435 550
447 550
466 550
474 550
548 550
555 550
563 550
568 550
612 550
626 550
629 550
653 550
3 551
28 551
75 551
145 551
226 551
243 551
312 551
345 551
422 551
458 551
474 551
539 551
566 551
626 551
634 551
691 551
940 551
989 551
30 552
56 552
136 552
145 552
193 552
243 552
301 552
303 552
311 552
325 552
350 552
359 552
399 552
412 552
570 552
576 552
606 552
633 552
655 552
656 552
856 552
899 552
922 552
995 552
3 553
17 553
28 553
56 553
145 553
165 553
214 553
224 553
243 553
251 553
340 553
408 553
412 553
435 553
447 553
457 553
474 553
508 553
534 553
539 553
548 553
570 553
576 553
589 553
634 553
689 553
690 553
696 553
737 553
754 553
760 553
858 553
978 553
3 554
17 554
24 554
27 554
30 554
51 554
60 554
145 554
193 554
206 554
225 554
239 554
243 554
309 554
312 554
383 554
412 554
429 554
473 554
496 554
499 554
521 554
534 554
539 554
557 554
577 554
602 554
604 554
616 554
629 554
634 554
639 554
640 554
691 554
760 554
783 554
786 554
847 554
871 554
883 554
897 554
922 554
974 554
989 554
997 554
2 555
3 555
17 555
19 555
25 555
28 555
51 555
56 555
75 555
92 555
106 555
110 555
133 555
137 555
143 555
145 555
148 555
153 555
169 555
190 555
194 555
199 555
207 555
224 555
225 555
229 555
234 555
243 555
251 555
257 555
269 555
277 555
280 555
283 555
285 555
290 555
297 555
301 555
303 555
311 555
312 555
325 555
327 555
350 555
359 555
366 555
369 555
399 555
412 555
417 555
422 555
429 555
436 555
442 555
443 555
457 555
459 555
474 555
496 555
508 555
528 555
534 555
539 555
540 555
557 555
570 555
573 555
593 555
598 555
602 555
604 555
616 555
626 555
634 555
647 555
655 555
664 555
671 555
681 555
689 555
691 555
702 555
708 555
753 555
783 555
794 555
797 555
800 555
806 555
834 555
842 555
847 555
849 555
858 555
872 555
877 555
880 555
885 555
889 555
890 555
911 555
918 555
952 555
955 555
978 555
980 555
997 555
999 555
56 556
133 556
145 556
217 556
243 556
412 556
634 556
783 556
2 557
3 557
8 557
9 557
10 557
11 557
12 557
14 557
17 557
19 557
21 557
23 557
25 557
28 557
39 557
45 557
47 557
50 557
51 557
58 557
61 557
62 557
65 557
66 557
75 557
81 557
86 557
88 557
90 557
92 557
99 557
101 557
102 557
106 557
108 557
110 557
112 557
113 557
114 557
120 557
125 557
126 557
129 557
132 557
133 557
134 557
135 557
139 557
142 557
143 557
144 557
145 557
146 557
150 557
152 557
155 557
158 557
162 557
165 557
167 557
168 557
169 557
173 557
175 557
176 557
178 557
179 557
180 557
181 557
183 557
186 557
188 557
189 557
190 557
191 557
193 557
194 557
199 557
207 557
209 557
212 557
214 557
215 557
216 557
217 557
224 557
225 557
229 557
230 557
234 557
239 557
243 557
244 557
247 557
251 557
254 557
257 557
258 557
259 557
260 557
261 557
267 557
269 557
274 557
276 557
278 557
280 557
283 557
284 557
285 557
286 557
295 557
296 557
297 557
298 557
299 557
301 557
302 557
303 557
305 557
306 557
307 557
308 557
309 557
311 557
312 557
315 557
317 557
324 557
325 557
327 557
330 557
333 557
335 557
336 557
340 557
341 557
343 557
347 557
349 557
350 557
357 557
358 557
359 557
361 557
364 557
365 557
367 557
369 557
371 557
373 557
375 557
377 557
378 557
379 557
381 557
382 557
383 557
392 557
395 557
399 557
402 557
405 557
408 557
409 557
412 557
413 557
414 557
417 557
425 557
427 557
429 557
431 557
435 557
436 557
438 557
442 557
443 557
447 557
448 557
449 557
450 557
451 557
453 557
454 557
456 557
457 557
462 557
463 557
468 557
469 557
472 557
473 557
474 557
479 557
481 557
485 557
488 557
489 557
493 557
494 557
496 557
506 557
507 557
508 557
511 557
513 557
514 557
516 557
517 557
518 557
519 557
521 557
523 557
528 557
533 557
534 557
536 557
539 557
544 557
548 557
550 557
553 557
554 557
555 557
556 557
558 557
559 557
563 557
566 557
568 557
569 557
570 557
571 557
573 557
575 557
576 557
577 557
578 557
580 557
581 557
582 557
583 557
585 557
586 557
589 557
590 557
591 557
593 557
595 557
597 557
598 557
600 557
601 557
602 557
603 557
604 557
605 557
606 557
608 557
609 557
610 557
612 557
613 557
615 557
616 557
617 557
618 557
621 557
622 557
623 557
625 557
626 557
628 557
629 557
630 557
631 557
633 557
634 557
635 557
636 557
638 557
639 557
640 557
641 557
643 557
645 557
646 557
647 557
649 557
650 557
651 557
652 557
653 557
655 557
656 557
657 557
660 557
662 557
664 557
665 557
667 557
670 557
671 557
672 557
674 557
675 557
676 557
677 557
679 557
681 557
682 557
684 557
686 557
687 557
689 557
690 557
691 557
692 557
695 557
696 557
700 557
701 557
702 557
704 557
705 557
708 557
710 557
711 557
712 557
714 557
715 557
716 557
717 557
718 557
719 557
720 557
721 557
722 557
723 557
729 557
730 557
732 557
733 557
734 557
735 557
737 557
738 557
741 557
742 557
744 557
745 557
746 557
748 557
750 557
751 557
753 557
754 557
755 557
756 557
757 557
758 557
760 557
761 557
762 557
764 557
767 557
768 557
769 557
770 557
771 557
772 557
773 557
774 557
775 557
776 557
779 557
781 557
782 557
783 557
784 557
786 557
787 557
788 557
789 557
791 557
792 557
793 557
794 557
795 557
796 557
798 557
799 557
800 557
803 557
804 557
805 557
806 557
808 557
810 557
811 557
813 557
816 557
817 557
818 557
819 557
820 557
821 557
825 557
826 557
828 557
829 557
830 557
831 557
833 557
834 557
835 557
836 557
837 557
838 557
840 557
841 557
842 557
843 557
846 557
847 557
849 557
851 557
852 557
855 557
856 557
857 557
858 557
859 557
860 557
861 557
864 557
865 557
868 557
871 557
874 557
875 557
876 557
877 557
878 557
880 557
881 557
882 557
883 557
884 557
885 557
886 557
887 557
888 557
889 557
890 557
891 557
896 557
897 557
899 557
902 557
903 557
907 557
908 557
909 557
911 557
913 557
916 557
917 557
918 557
919 557
920 557
922 557
924 557
925 557
926 557
928 557
929 557
932 557
934 557
938 557
939 557
940 557
941 557
942 557
943 557
944 557
946 557
949 557
951 557
952 557
954 557
955 557
957 557
958 557
961 557
962 557
963 557
965 557
966 557
968 557
969 557
973 557
974 557
976 557
977 557
978 557
980 557
982 557
983 557
984 557
985 557
986 557
989 557
993 557
994 557
995 557
997 557
998 557
999 557
1000 557
2 558
3 558
51 558
56 558
110 558
124 558
145 558
165 558
225 558
243 558
251 558
274 558
312 558
368 558
378 558
412 558
417 558
431 558
457 558
484 558
499 558
513 558
536 558
539 558
557 558
602 558
604 558
616 558
634 558
691 558
851 558
858 558
880 558
952 558
954 558
978 558
997 558
2 559
3 559
25 559
31 559
51 559
62 559
66 559
110 559
145 559
152 559
168 559
199 559
207 559
225 559
243 559
251 559
274 559
295 559
301 559
311 559
335 559
350 559
359 559
377 559
399 559
409 559
412 559
447 559
462 559
474 559
528 559
539 559
573 559
577 559
602 559
604 559
626 559
634 559
644 559
647 559
655 559
689 559
690 559
754 559
783 559
858 559
980 559
997 559
3 560
110 560
145 560
225 560
243 560
247 560
312 560
324 560
340 560
412 560
436 560
496 560
504 560
508 560
997 560
110 561
123 561
145 561
169 561
243 561
253 561
268 561
301 561
570 561
602 561
14 562
56 562
110 562
145 562
243 562
412 562
634 562
649 562
696 562
3 563
51 563
110 563
144 563
145 563
199 563
224 563
225 563
243 563
244 563
301 563
340 563
359 563
412 563
457 563
508 563
539 563
548 563
570 563
573 563
587 563
604 563
611 563
634 563
649 563
805 563
997 563
3 564
51 564
62 564
110 564
124 564
145 564
177 564
243 564
295 564
297 564
301 564
307 564
311 564
312 564
399 564
412 564
462 564
474 564
539 564
548 564
570 564
573 564
626 564
634 564
649 564
676 564
696 564
816 564
858 564
101 565
110 565
145 565
243 565
301 565
399 565
412 565
649 565
696 565
3 566
88 566
145 566
243 566
251 566
312 566
378 566
412 566
436 566
473 566
528 566
539 566
576 566
606 566
639 566
647 566
655 566
691 566
858 566
3 567
8 567
28 567
56 567
62 567
96 567
145 567
224 567
239 567
534 567
566 567
604 567
615 567
646 567
691 567
783 567
816 567
2 568
3 568
6 568
7 568
8 568
11 568
25 568
28 568
37 568
51 568
56 568
61 568
65 568
66 568
68 568
86 568
92 568
96 568
110 568
120 568
134 568
136 568
145 568
165 568
173 568
181 568
190 568
199 568
209 568
224 568
225 568
243 568
244 568
247 568
249 568
257 568
258 568
274 568
276 568
283 568
286 568
295 568
296 568
297 568
311 568
312 568
317 568
329 568
330 568
350 568
359 568
365 568
370 568
399 568
405 568
412 568
436 568
443 568
457 568
474 568
489 568
496 568
507 568
534 568
536 568
539 568
546 568
557 568
566 568
570 568
573 568
578 568
586 568
590 568
593 568
595 568
601 568
602 568
603 568
604 568
606 568
608 568
610 568
612 568
613 568
615 568
618 568
621 568
622 568
623 568
625 568
626 568
628 568
629 568
631 568
633 568
634 568
635 568
636 568
638 568
641 568
643 568
646 568
649 568
650 568
652 568
653 568
655 568
657 568
662 568
664 568
665 568
667 568
670 568
672 568
674 568
676 568
681 568
682 568
684 568
686 568
687 568
689 568
690 568
691 568
692 568
695 568
696 568
699 568
700 568
701 568
704 568
705 568
708 568
710 568
711 568
714 568
715 568
717 568
719 568
720 568
721 568
722 568
723 568
729 568
730 568
734 568
737 568
738 568
741 568
742 568
744 568
745 568
746 568
748 568
750 568
753 568
755 568
756 568
757 568
758 568
760 568
761 568
767 568
769 568
772 568
774 568
776 568
779 568
782 568
783 568
784 568
788 568
789 568
790 568
791 568
792 568
793 568
795 568
796 568
798 568
800 568
805 568
806 568
808 568
810 568
811 568
813 568
816 568
817 568
818 568
819 568
820 568
821 568
822 568
825 568
826 568
829 568
830 568
833 568
835 568
836 568
838 568
840 568
841 568
842 568
843 568
846 568
847 568
851 568
852 568
853 568
855 568
856 568
857 568
858 568
859 568
861 568
864 568
865 568
869 568
870 568
874 568
875 568
876 568
877 568
878 568
880 568
881 568
882 568
884 568
887 568
888 568
889 568
890 568
891 568
899 568
902 568
903 568
907 568
908 568
909 568
911 568
913 568
917 568
918 568
919 568
920 568
924 568
925 568
926 568
929 568
932 568
934 568
935 568
938 568
939 568
940 568
942 568
944 568
946 568
951 568
952 568
957 568
958 568
962 568
963 568
965 568
966 568
968 568
969 568
970 568
973 568
977 568
978 568
980 568
982 568
983 568
985 568
986 568
988 568
993 568
994 568
995 568
997 568
1000 568
2 569
3 569
17 569
25 569
51 569
56 569
65 569
75 569
86 569
110 569
120 569
129 569
134 569
145 569
194 569
199 569
224 569
225 569
243 569
251 569
297 569
301 569
311 569
312 569
325 569
350 569
359 569
378 569
399 569
405 569
412 569
417 569
443 569
451 569
457 569
463 569
472 569
473 569
474 569
485 569
528 569
557 569
559 569
570 569
573 569
602 569
604 569
616 569
617 569
626 569
634 569
646 569
649 569
651 569
655 569
689 569
691 569
696 569
783 569
797 569
804 569
811 569
828 569
859 569
880 569
961 569
2 570
3 570
5 570
14 570
17 570
18 570
25 570
28 570
31 570
40 570
51 570
66 570
73 570
86 570
105 570
110 570
112 570
120 570
134 570
136 570
145 570
157 570
165 570
199 570
203 570
212 570
217 570
224 570
225 570
226 570
229 570
243 570
244 570
251 570
258 570
260 570
274 570
280 570
295 570
297 570
301 570
311 570
312 570
317 570
340 570
347 570
350 570
366 570
399 570
408 570
412 570
431 570
436 570
457 570
462 570
466 570
473 570
474 570
478 570
483 570
505 570
517 570
519 570
534 570
539 570
546 570
548 570
552 570
553 570
555 570
557 570
568 570
573 570
576 570
586 570
587 570
590 570
591 570
593 570
598 570
602 570
604 570
606 570
611 570
616 570
620 570
626 570
627 570
628 570
629 570
634 570
635 570
636 570
639 570
642 570
644 570
649 570
652 570
653 570
655 570
659 570
660 570
664 570
668 570
674 570
675 570
676 570
688 570
689 570
690 570
691 570
696 570
711 570
712 570
753 570
754 570
773 570
774 570
781 570
783 570
847 570
858 570
871 570
877 570
880 570
886 570
941 570
954 570
970 570
978 570
2 571
3 571
12 571
16 571
17 571
18 571
25 571
26 571
30 571
46 571
48 571
49 571
50 571
58 571
59 571
62 571
66 571
73 571
81 571
86 571
92 571
110 571
119 571
124 571
125 571
129 571
134 571
142 571
143 571
145 571
151 571
155 571
168 571
180 571
181 571
183 571
189 571
225 571
243 571
253 571
258 571
267 571
274 571
276 571
291 571
296 571
297 571
301 571
302 571
305 571
311 571
312 571
315 571
323 571
325 571
347 571
350 571
359 571
375 571
377 571
378 571
412 571
427 571
431 571
435 571
436 571
453 571
456 571
457 571
466 571
474 571
513 571
516 571
518 571
521 571
528 571
533 571
534 571
539 571
545 571
553 571
555 571
557 571
570 571
573 571
576 571
583 571
587 571
591 571
602 571
604 571
606 571
616 571
618 571
621 571
626 571
634 571
638 571
646 571
647 571
649 571
655 571
670 571
671 571
681 571
689 571
691 571
710 571
716 571
733 571
738 571
754 571
758 571
769 571
771 571
781 571
794 571
804 571
833 571
834 571
843 571
858 571
861 571
880 571
881 571
886 571
895 571
896 571
902 571
909 571
910 571
918 571
922 571
931 571
935 571
937 571
941 571
946 571
951 571
952 571
954 571
966 571
978 571
980 571
997 571
2 572
3 572
17 572
18 572
110 572
124 572
145 572
243 572
276 572
311 572
359 572
436 572
462 572
474 572
564 572
570 572
573 572
604 572
634 572
649 572
676 572
886 572
2 573
3 573
14 573
17 573
25 573
32 573
51 573
66 573
73 573
110 573
136 573
145 573
199 573
222 573
224 573
225 573
243 573
244 573
251 573
253 573
258 573
274 573
283 573
295 573
297 573
301 573
311 573
312 573
340 573
347 573
359 573
377 573
378 573
396 573
399 573
412 573
431 573
436 573
451 573
457 573
473 573
474 573
496 573
528 573
539 573
557 573
570 573
576 573
587 573
593 573
602 573
604 573
605 573
606 573
611 573
616 573
618 573
626 573
634 573
635 573
639 573
649 573
650 573
651 573
652 573
655 573
675 573
689 573
690 573
691 573
722 573
725 573
783 573
805 573
816 573
822 573
834 573
847 573
858 573
955 573
978 573
997 573
3 574
25 574
30 574
56 574
60 574
106 574
110 574
145 574
207 574
243 574
290 574
347 574
359 574
429 574
447 574
473 574
513 574
516 574
570 574
634 574
649 574
689 574
690 574
696 574
744 574
761 574
782 574
783 574
816 574
838 574
858 574
872 574
880 574
952 574
966 574
978 574
3 575
45 575
51 575
110 575
145 575
213 575
224 575
225 575
243 575
301 575
312 575
431 575
447 575
457 575
474 575
513 575
528 575
539 575
557 575
566 575
570 575
573 575
599 575
649 575
695 575
760 575
794 575
883 575
2 576
3 576
4 576
5 576
8 576
9 576
10 576
12 576
15 576
17 576
18 576
19 576
21 576
24 576
25 576
27 576
28 576
30 576
39 576
40 576
44 576
47 576
48 576
50 576
51 576
52 576
53 576
54 576
56 576
58 576
59 576
60 576
62 576
65 576
66 576
73 576
75 576
81 576
86 576
88 576
98 576
99 576
101 576
105 576
106 576
108 576
110 576
114 576
123 576
124 576
125 576
126 576
129 576
132 576
133 576
134 576
138 576
139 576
142 576
143 576
144 576
145 576
146 576
150 576
152 576
155 576
158 576
160 576
164 576
165 576
166 576
168 576
169 576
171 576
173 576
175 576
176 576
178 576
179 576
181 576
184 576
186 576
188 576
189 576
190 576
191 576
193 576
194 576
199 576
206 576
207 576
209 576
213 576
214 576
215 576
216 576
217 576
222 576
224 576
225 576
226 576
229 576
230 576
233 576
234 576
236 576
239 576
243 576
244 576
247 576
251 576
252 576
254 576
257 576
258 576
259 576
260 576
261 576
267 576
268 576
269 576
270 576
274 576
276 576
278 576
280 576
283 576
284 576
285 576
289 576
290 576
291 576
295 576
296 576
297 576
299 576
301 576
302 576
303 576
305 576
306 576
308 576
309 576
311 576
312 576
315 576
317 576
320 576
323 576
324 576
325 576
328 576
329 576
335 576
340 576
347 576
350 576
354 576
357 576
358 576
359 576
361 576
364 576
366 576
369 576
371 576
373 576
375 576
377 576
378 576
379 576
381 576
383 576
384 576
389 576
395 576
399 576
402 576
404 576
405 576
408 576
409 576
412 576
413 576
417 576
419 576
422 576
425 576
426 576
429 576
431 576
433 576
436 576
437 576
438 576
442 576
443 576
447 576
448 576
449 576
450 576
451 576
453 576
456 576
457 576
463 576
465 576
468 576
469 576
471 576
472 576
473 576
474 576
476 576
479 576
483 576
485 576
496 576
499 576
501 576
504 576
508 576
511 576
513 576
514 576
516 576
517 576
518 576
519 576
520 576
521 576
528 576
534 576
539 576
540 576
544 576
545 576
546 576
547 576
548 576
549 576
550 576
552 576
553 576
557 576
564 576
566 576
570 576
571 576
573 576
577 576
580 576
581 576
582 576
583 576
585 576
587 576
589 576
593 576
598 576
600 576
602 576
604 576
606 576
609 576
612 576
616 576
617 576
618 576
621 576
623 576
625 576
626 576
628 576
630 576
631 576
633 576
634 576
635 576
636 576
639 576
640 576
642 576
643 576
645 576
646 576
647 576
649 576
650 576
652 576
655 576
656 576
658 576
664 576
670 576
671 576
673 576
674 576
675 576
677 576
678 576
679 576
680 576
681 576
682 576
684 576
685 576
688 576
689 576
690 576
691 576
694 576
701 576
702 576
704 576
706 576
707 576
708 576
711 576
712 576
714 576
716 576
717 576
718 576
721 576
722 576
725 576
728 576
732 576
734 576
735 576
738 576
746 576
754 576
758 576
761 576
762 576
763 576
764 576
767 576
768 576
770 576
771 576
774 576
775 576
776 576
779 576
782 576
783 576
784 576
788 576
791 576
792 576
794 576
795 576
796 576
797 576
800 576
801 576
803 576
804 576
805 576
809 576
811 576
814 576
816 576
818 576
819 576
821 576
822 576
825 576
826 576
827 576
828 576
830 576
831 576
832 576
834 576
837 576
838 576
842 576
843 576
847 576
849 576
850 576
851 576
853 576
855 576
856 576
858 576
859 576
862 576
864 576
868 576
870 576
871 576
872 576
877 576
880 576
882 576
883 576
884 576
885 576
886 576
889 576
892 576
895 576
897 576
899 576
909 576
913 576
918 576
922 576
926 576
928 576
933 576
936 576
941 576
942 576
943 576
946 576
947 576
949 576
951 576
952 576
954 576
955 576
957 576
958 576
959 576
961 576
963 576
964 576
966 576
970 576
972 576
974 576
976 576
978 576
980 576
982 576
984 576
988 576
989 576
991 576
993 576
997 576
998 576
999 576
2 577
3 577
4 577
6 577
9 577
12 577
17 577
18 577
21 577
24 577
25 577
27 577
28 577
30 577
39 577
45 577
47 577
49 577
51 577
53 577
56 577
58 577
59 577
65 577
66 577
71 577
72 577
73 577
75 577
77 577
81 577
86 577
92 577
93 577
99 577
105 577
108 577
110 577
118 577
124 577
128 577
129 577
133 577
134 577
138 577
139 577
143 577
145 577
165 577
173 577
175 577
180 577
190 577
191 577
193 577
194 577
199 577
206 577
207 577
209 577
212 577
216 577
222 577
224 577
225 577
226 577
229 577
233 577
234 577
239 577
243 577
244 577
247 577
251 577
253 577
254 577
257 577
258 577
260 577
267 577
274 577
276 577
280 577
283 577
294 577
295 577
297 577
301 577
306 577
307 577
311 577
312 577
325 577
326 577
329 577
331 577
333 577
339 577
340 577
341 577
347 577
350 577
357 577
358 577
359 577
364 577
368 577
369 577
373 577
377 577
378 577
396 577
399 577
405 577
409 577
412 577
417 577
419 577
425 577
429 577
431 577
435 577
436 577
437 577
442 577
451 577
456 577
457 577
460 577
463 577
468 577
469 577
473 577
474 577
478 577
483 577
496 577
497 577
499 577
505 577
508 577
516 577
517 577
518 577
521 577
528 577
532 577
534 577
539 577
540 577
546 577
548 577
550 577
552 577
553 577
554 577
557 577
559 577
563 577
564 577
566 577
570 577
573 577
576 577
579 577
583 577
585 577
586 577
587 577
589 577
591 577
593 577
599 577
602 577
604 577
606 577
608 577
611 577
615 577
616 577
617 577
618 577
625 577
626 577
627 577
628 577
629 577
630 577
634 577
635 577
639 577
640 577
642 577
644 577
646 577
647 577
649 577
650 577
652 577
655 577
659 577
664 577
674 577
675 577
677 577
679 577
680 577
681 577
682 577
686 577
688 577
689 577
690 577
691 577
697 577
702 577
704 577
708 577
710 577
712 577
716 577
717 577
718 577
721 577
725 577
732 577
733 577
734 577
738 577
754 577
758 577
762 577
768 577
771 577
773 577
774 577
776 577
783 577
796 577
802 577
804 577
805 577
816 577
817 577
822 577
825 577
828 577
830 577
834 577
843 577
847 577
849 577
852 577
855 577
857 577
858 577
859 577
861 577
864 577
867 577
869 577
870 577
872 577
877 577
880 577
884 577
885 577
886 577
889 577
896 577
899 577
907 577
918 577
922 577
926 577
928 577
929 577
932 577
934 577
946 577
951 577
952 577
954 577
958 577
959 577
964 577
972 577
974 577
978 577
980 577
989 577
990 577
997 577
999 577
3 578
14 578
15 578
17 578
25 578
51 578
54 578
56 578
58 578
65 578
73 578
108 578
110 578
124 578
125 578
134 578
143 578
145 578
165 578
199 578
214 578
217 578
224 578
225 578
226 578
239 578
243 578
247 578
280 578
283 578
290 578
296 578
307 578
311 578
312 578
315 578
317 578
330 578
334 578
342 578
357 578
358 578
359 578
378 578
409 578
427 578
431 578
451 578
457 578
462 578
466 578
472 578
473 578
474 578
528 578
534 578
548 578
557 578
563 578
569 578
570 578
573 578
583 578
591 578
602 578
628 578
629 578
633 578
634 578
649 578
652 578
657 578
671 578
696 578
737 578
746 578
783 578
794 578
811 578
816 578
847 578
875 578
935 578
966 578
997 578
17 579
56 579
110 579
124 579
145 579
243 579
257 579
359 579
508 579
570 579
634 579
649 579
689 579
690 579
3 580
25 580
56 580
110 580
114 580
145 580
243 580
323 580
358 580
447 580
474 580
570 580
576 580
602 580
604 580
626 580
634 580
649 580
809 580
810 580
867 580
3 581
17 581
25 581
60 581
75 581
110 581
114 581
129 581
145 581
146 581
168 581
214 581
217 581
224 581
225 581
243 581
247 581
249 581
253 581
258 581
264 581
269 581
274 581
297 581
301 581
303 581
312 581
324 581
336 581
340 581
343 581
357 581
359 581
367 581
377 581
408 581
417 581
422 581
425 581
431 581
435 581
436 581
447 581
451 581
454 581
457 581
463 581
466 581
473 581
474 581
499 581
501 581
508 581
521 581
536 581
539 581
553 581
557 581
570 581
602 581
604 581
605 581
616 581
626 581
629 581
634 581
647 581
649 581
655 581
662 581
689 581
690 581
691 581
714 581
754 581
758 581
783 581
794 581
795 581
797 581
800 581
830 581
834 581
836 581
847 581
856 581
858 581
864 581
867 581
875 581
877 581
880 581
885 581
889 581
890 581
922 581
926 581
933 581
952 581
958 581
974 581
978 581
993 581
997 581
3 582
17 582
51 582
110 582
145 582
224 582
243 582
312 582
359 582
563 582
570 582
573 582
577 582
634 582
649 582
997 582
17 583
25 583
46 583
49 583
110 583
145 583
181 583
217 583
224 583
243 583
359 583
447 583
454 583
513 583
570 583
571 583
602 583
634 583
638 583
649 583
858 583
875 583
895 583
910 583
917 583
937 583
2 584
3 584
17 584
25 584
50 584
51 584
56 584
108 584
110 584
145 584
165 584
199 584
217 584
224 584
225 584
243 584
244 584
301 584
312 584
334 584
377 584
386 584
408 584
417 584
474 584
483 584
539 584
559 584
566 584
570 584
573 584
593 584
604 584
626 584
628 584
634 584
649 584
691 584
712 584
716 584
722 584
783 584
816 584
858 584
877 584
929 584
952 584
954 584
978 584
2 585
3 585
25 585
28 585
51 585
56 585
73 585
75 585
108 585
110 585
134 585
145 585
165 585
190 585
199 585
209 585
224 585
225 585
228 585
239 585
243 585
244 585
251 585
254 585
260 585
274 585
283 585
291 585
297 585
301 585
311 585
312 585
325 585
340 585
359 585
375 585
378 585
399 585
405 585
417 585
436 585
451 585
457 585
528 585
539 585
548 585
570 585
573 585
576 585
577 585
593 585
602 585
604 585
616 585
626 585
634 585
647 585
649 585
691 585
704 585
783 585
794 585
816 585
858 585
877 585
880 585
952 585
955 585
978 585
997 585
2 586
3 586
8 586
11 586
14 586
17 586
25 586
28 586
37 586
43 586
51 586
56 586
61 586
62 586
71 586
92 586
96 586
110 586
112 586
134 586
136 586
139 586
142 586
145 586
181 586
224 586
243 586
246 586
247 586
251 586
253 586
268 586
285 586
286 586
290 586
295 586
296 586
301 586
311 586
312 586
330 586
358 586
359 586
365 586
368 586
380 586
399 586
405 586
436 586
443 586
447 586
457 586
462 586
468 586
473 586
485 586
489 586
507 586
528 586
534 586
536 586
539 586
545 586
546 586
563 586
566 586
568 586
570 586
573 586
578 586
590 586
593 586
595 586
601 586
602 586
603 586
606 586
608 586
610 586
612 586
613 586
615 586
618 586
621 586
622 586
623 586
625 586
626 586
628 586
629 586
631 586
633 586
634 586
635 586
636 586
638 586
641 586
643 586
646 586
649 586
652 586
653 586
655 586
656 586
657 586
659 586
662 586
664 586
665 586
667 586
668 586
670 586
672 586
674 586
676 586
681 586
682 586
684 586
686 586
687 586
689 586
691 586
692 586
695 586
696 586
699 586
700 586
701 586
704 586
705 586
708 586
710 586
711 586
714 586
715 586
716 586
717 586
719 586
720 586
721 586
722 586
723 586
729 586
730 586
733 586
734 586
737 586
738 586
741 586
742 586
744 586
745 586
746 586
748 586
750 586
751 586
752 586
753 586
755 586
756 586
757 586
758 586
760 586
761 586
767 586
769 586
772 586
774 586
776 586
779 586
781 586
782 586
783 586
784 586
787 586
788 586
789 586
791 586
792 586
793 586
795 586
796 586
798 586
800 586
802 586
806 586
808 586
810 586
811 586
813 586
814 586
816 586
817 586
818 586
819 586
820 586
821 586
825 586
826 586
829 586
830 586
833 586
835 586
836 586
840 586
841 586
842 586
843 586
846 586
847 586
851 586
852 586
853 586
855 586
856 586
857 586
858 586
859 586
860 586
861 586
864 586
865 586
870 586
874 586
875 586
876 586
877 586
878 586
880 586
881 586
882 586
884 586
887 586
888 586
889 586
890 586
891 586
899 586
902 586
903 586
907 586
908 586
909 586
911 586
913 586
917 586
918 586
919 586
920 586
924 586
925 586
926 586
929 586
934 586
935 586
938 586
939 586
940 586
941 586
942 586
944 586
951 586
952 586
957 586
958 586
961 586
962 586
963 586
964 586
966 586
968 586
969 586
970 586
973 586
977 586
978 586
980 586
982 586
983 586
985 586
986 586
987 586
988 586
993 586
994 586
995 586
997 586
1000 586
2 587
3 587
25 587
51 587
73 587
75 587
110 587
129 587
145 587
165 587
199 587
214 587
217 587
222 587
224 587
225 587
243 587
251 587
260 587
297 587
301 587
311 587
312 587
324 587
325 587
340 587
345 587
347 587
350 587
359 587
399 587
405 587
417 587
431 587
443 587
447 587
457 587
473 587
474 587
496 587
517 587
528 587
539 587
557 587
563 587
570 587
571 587
573 587
576 587
602 587
604 587
616 587
626 587
634 587
639 587
649 587
650 587
689 587
690 587
691 587
768 587
783 587
875 587
978 587
997 587
17 588
110 588
145 588
243 588
359 588
570 588
634 588
649 588
655 588
966 588
2 589
3 589
25 589
28 589
30 589
40 589
51 589
53 589
56 589
66 589
73 589
75 589
110 589
129 589
134 589
145 589
165 589
173 589
189 589
224 589
225 589
243 589
244 589
251 589
258 589
269 589
274 589
283 589
295 589
297 589
302 589
306 589
311 589
312 589
315 589
325 589
347 589
350 589
357 589
359 589
377 589
378 589
399 589
417 589
429 589
436 589
451 589
457 589
473 589
474 589
508 589
528 589
534 589
539 589
548 589
552 589
557 589
570 589
573 589
576 589
577 589
586 589
593 589
602 589
604 589
605 589
625 589
626 589
631 589
634 589
647 589
649 589
670 589
680 589
689 589
690 589
691 589
702 589
708 589
716 589
761 589
828 589
834 589
849 589
859 589
877 589
880 589
885 589
922 589
926 589
952 589
955 589
976 589
56 590
145 590
254 590
557 590
875 590
3 591
110 591
145 591
165 591
168 591
187 591
214 591
243 591
280 591
296 591
298 591
303 591
350 591
447 591
456 591
473 591
496 591
534 591
539 591
557 591
566 591
570 591
571 591
573 591
626 591
634 591
647 591
649 591
655 591
691 591
737 591
751 591
760 591
783 591
802 591
828 591
847 591
858 591
928 591
997 591
110 592
243 592
570 592
634 592
649 592
783 592
858 592
2 593
3 593
25 593
28 593
51 593
56 593
75 593
110 593
129 593
134 593
145 593
165 593
224 593
225 593
243 593
244 593
247 593
251 593
274 593
297 593
312 593
326 593
340 593
347 593
359 593
399 593
431 593
457 593
474 593
517 593
528 593
539 593
557 593
570 593
573 593
576 593
577 593
586 593
602 593
604 593
626 593
634 593
649 593
691 593
783 593
800 593
805 593
836 593
842 593
849 593
858 593
877 593
880 593
952 593
954 593
978 593
997 593
2 594
3 594
56 594
90 594
110 594
128 594
214 594
225 594
244 594
280 594
301 594
312 594
359 594
436 594
457 594
474 594
557 594
570 594
573 594
593 594
602 594
604 594
626 594
634 594
649 594
652 594
773 594
783 594
858 594
859 594
864 594
110 595
447 595
557 595
563 595
570 595
634 595
649 595
3 596
17 596
56 596
110 596
145 596
243 596
280 596
285 596
297 596
301 596
368 596
399 596
431 596
466 596
570 596
573 596
634 596
646 596
649 596
858 596
3 597
17 597
110 597
145 597
199 597
243 597
301 597
350 597
399 597
462 597
474 597
570 597
573 597
608 597
634 597
649 597
655 597
2 598
3 598
17 598
110 598
145 598
239 598
243 598
301 598
302 598
399 598
528 598
557 598
570 598
576 598
626 598
634 598
649 598
689 598
690 598
997 598
2 599
3 599
5 599
17 599
51 599
56 599
59 599
75 599
110 599
145 599
199 599
217 599
224 599
225 599
243 599
268 599
274 599
276 599
280 599
301 599
311 599
312 599
317 599
359 599
396 599
399 599
405 599
431 599
436 599
457 599
463 599
473 599
474 599
528 599
570 599
573 599
604 599
626 599
634 599
647 599
649 599
691 599
758 599
816 599
875 599
911 599
932 599
946 599
51 600
56 600
110 600
145 600
224 600
243 600
359 600
457 600
508 600
570 600
573 600
634 600
649 600
691 600
110 601
145 601
243 601
247 601
251 601
328 601
399 601
457 601
474 601
534 601
539 601
557 601
570 601
633 601
634 601
649 601
696 601
783 601
870 601
875 601
997 601
2 602
3 602
5 602
9 602
10 602
12 602
16 602
18 602
21 602
25 602
27 602
28 602
30 602
38 602
40 602
43 602
45 602
46 602
48 602
49 602
50 602
53 602
54 602
60 602
62 602
66 602
83 602
86 602
87 602
99 602
106 602
108 602
110 602
114 602
115 602
123 602
125 602
129 602
132 602
133 602
134 602
138 602
139 602
142 602
143 602
145 602
146 602
150 602
155 602
156 602
164 602
165 602
168 602
175 602
176 602
177 602
178 602
182 602
183 602
186 602
188 602
189 602
193 602
194 602
206 602
216 602
224 602
225 602
229 602
233 602
234 602
243 602
245 602
246 602
247 602
251 602
253 602
260 602
261 602
267 602
269 602
270 602
271 602
274 602
276 602
277 602
280 602
284 602
285 602
289 602
290 602
291 602
295 602
296 602
297 602
299 602
301 602
303 602
306 602
308 602
309 602
311 602
312 602
315 602
317 602
324 602
325 602
328 602
331 602
334 602
340 602
347 602
350 602
351 602
358 602
359 602
366 602
367 602
369 602
371 602
373 602
375 602
377 602
378 602
379 602
384 602
402 602
406 602
412 602
417 602
425 602
429 602
430 602
431 602
435 602
436 602
438 602
442 602
443 602
448 602
451 602
453 602
456 602
459 602
460 602
462 602
463 602
466 602
467 602
468 602
470 602
471 602
472 602
473 602
474 602
479 602
483 602
485 602
496 602
499 602
508 602
511 602
513 602
514 602
516 602
518 602
521 602
528 602
533 602
534 602
539 602
540 602
546 602
548 602
549 602
550 602
554 602
557 602
570 602
573 602
576 602
577 602
578 602
581 602
583 602
587 602
589 602
600 602
604 602
612 602
616 602
618 602
625 602
626 602
629 602
630 602
631 602
634 602
639 602
643 602
646 602
647 602
649 602
656 602
665 602
670 602
673 602
675 602
676 602
677 602
679 602
680 602
681 602
682 602
689 602
690 602
691 602
694 602
704 602
706 602
716 602
722 602
725 602
732 602
735 602
738 602
746 602
754 602
758 602
761 602
762 602
767 602
771 602
776 602
779 602
782 602
783 602
784 602
794 602
795 602
803 602
804 602
809 602
811 602
818 602
823 602
827 602
828 602
830 602
836 602
838 602
841 602
847 602
849 602
851 602
852 602
857 602
858 602
859 602
864 602
868 602
870 602
877 602
880 602
882 602
883 602
884 602
889 602
892 602
896 602
897 602
899 602
913 602
922 602
926 602
928 602
933 602
941 602
942 602
946 602
947 602
951 602
952 602
953 602
954 602
955 602
958 602
963 602
964 602
966 602
970 602
972 602
976 602
977 602
978 602
980 602
984 602
988 602
989 602
991 602
997 602
998 602
999 602
1000 602
17 603
51 603
99 603
145 603
224 603
239 603
243 603
251 603
296 603
311 603
357 603
399 603
457 603
474 603
570 603
573 603
634 603
649 603
653 603
656 603
676 603
691 603
783 603
816 603
858 603
899 603
2 604
3 604
6 604
8 604
9 604
12 604
17 604
18 604
21 604
24 604
25 604
26 604
28 604
30 604
39 604
40 604
45 604
50 604
51 604
52 604
53 604
56 604
58 604
59 604
62 604
63 604
65 604
66 604
73 604
75 604
86 604
88 604
92 604
94 604
99 604
101 604
106 604
108 604
110 604
114 604
120 604
124 604
125 604
126 604
129 604
132 604
134 604
138 604
139 604
140 604
142 604
143 604
145 604
146 604
147 604
150 604
152 604
155 604
157 604
160 604
162 604
164 604
165 604
168 604
169 604
173 604
176 604
178 604
181 604
183 604
186 604
189 604
190 604
191 604
193 604
194 604
199 604
206 604
207 604
209 604
212 604
213 604
214 604
216 604
217 604
222 604
224 604
225 604
229 604
233 604
234 604
237 604
239 604
243 604
244 604
246 604
247 604
251 604
252 604
257 604
258 604
260 604
261 604
267 604
268 604
269 604
271 604
274 604
276 604
277 604
278 604
279 604
280 604
283 604
285 604
289 604
295 604
296 604
297 604
299 604
301 604
302 604
303 604
306 604
308 604
311 604
312 604
317 604
323 604
324 604
325 604
329 604
330 604
331 604
333 604
335 604
340 604
341 604
342 604
343 604
347 604
350 604
358 604
359 604
364 604
368 604
369 604
375 604
377 604
378 604
383 604
389 604
399 604
405 604
410 604
412 604
414 604
417 604
425 604
429 604
431 604
435 604
436 604
438 604
442 604
443 604
447 604
448 604
451 604
453 604
456 604
457 604
458 604
462 604
463 604
466 604
468 604
469 604
472 604
473 604
474 604
478 604
483 604
496 604
499 604
501 604
505 604
507 604
508 604
511 604
514 604
516 604
517 604
518 604
521 604
522 604
523 604
528 604
534 604
536 604
539 604
547 604
548 604
551 604
553 604
557 604
558 604
559 604
568 604
570 604
571 604
573 604
576 604
577 604
579 604
583 604
587 604
589 604
593 604
598 604
602 604
605 604
616 604
617 604
618 604
626 604
629 604
630 604
633 604
634 604
635 604
636 604
639 604
640 604
642 604
643 604
644 604
645 604
646 604
647 604
649 604
650 604
651 604
652 604
655 604
657 604
660 604
664 604
673 604
674 604
675 604
679 604
680 604
681 604
689 604
690 604
691 604
694 604
702 604
704 604
705 604
716 604
718 604
722 604
725 604
732 604
734 604
738 604
741 604
754 604
758 604
761 604
762 604
768 604
771 604
774 604
775 604
781 604
782 604
783 604
788 604
791 604
794 604
795 604
796 604
800 604
801 604
803 604
804 604
811 604
816 604
822 604
825 604
828 604
830 604
832 604
834 604
835 604
836 604
839 604
842 604
843 604
847 604
849 604
855 604
858 604
859 604
867 604
868 604
871 604
872 604
875 604
877 604
880 604
882 604
883 604
884 604
885 604
886 604
889 604
897 604
909 604
922 604
926 604
928 604
929 604
936 604
941 604
943 604
946 604
947 604
951 604
952 604
954 604
955 604
959 604
961 604
964 604
970 604
976 604
978 604
980 604
989 604
997 604
998 604
999 604
110 605
145 605
253 605
297 605
306 605
312 605
340 605
457 605
463 605
508 605
528 605
570 605
604 605
634 605
647 605
649 605
689 605
758 605
795 605
847 605
877 605
970 605
997 605
3 606
17 606
28 606
45 606
50 606
56 606
73 606
86 606
110 606
124 606
134 606
145 606
224 606
225 606
229 606
243 606
251 606
258 606
297 606
311 606
312 606
340 606
347 606
359 606
399 606
431 606
436 606
457 606
473 606
474 606
494 606
508 606
517 606
518 606
539 606
566 606
570 606
571 606
573 606
576 606
577 606
604 606
616 606
626 606
634 606
649 606
655 606
689 606
690 606
691 606
696 606
783 606
858 606
926 606
961 606
997 606
17 607
110 607
145 607
225 607
243 607
359 607
399 607
457 607
474 607
570 607
649 607
689 607
690 607
17 608
73 608
110 608
145 608
243 608
244 608
251 608
399 608
457 608
570 608
573 608
634 608
649 608
783 608
858 608
908 608
529 609
110 610
243 610
251 610
311 610
359 610
399 610
451 610
457 610
474 610
508 610
539 610
570 610
573 610
602 610
634 610
649 610
2 611
3 611
5 611
30 611
40 611
75 611
99 611
110 611
124 611
129 611
139 611
145 611
222 611
225 611
226 611
239 611
243 611
251 611
257 611
258 611
274 611
297 611
312 611
315 611
341 611
357 611
358 611
377 611
399 611
408 611
451 611
472 611
474 611
528 611
534 611
539 611
548 611
563 611
566 611
570 611
573 611
577 611
602 611
616 611
618 611
626 611
630 611
634 611
646 611
649 611
651 611
655 611
686 611
701 611
767 611
784 611
788 611
827 611
858 611
871 611
961 611
997 611
3 612
39 612
110 612
145 612
224 612
243 612
247 612
251 612
311 612
358 612
399 612
447 612
457 612
474 612
528 612
550 612
570 612
573 612
634 612
649 612
3 613
17 613
28 613
110 613
145 613
199 613
217 613
223 613
224 613
243 613
311 613
341 613
399 613
442 613
453 613
457 613
473 613
474 613
557 613
570 613
573 613
628 613
634 613
639 613
649 613
691 613
875 613
997 613
110 614
447 614
508 614
570 614
579 614
626 614
633 614
634 614
649 614
2 615
3 615
7 615
13 615
28 615
51 615
56 615
73 615
86 615
108 615
110 615
134 615
139 615
144 615
145 615
170 615
224 615
257 615
260 615
267 615
274 615
297 615
301 615
312 615
325 615
378 615
408 615
447 615
448 615
453 615
457 615
473 615
474 615
485 615
496 615
508 615
534 615
539 615
546 615
557 615
570 615
577 615
604 615
616 615
634 615
647 615
649 615
655 615
681 615
691 615
752 615
758 615
764 615
783 615
830 615
847 615
857 615
858 615
875 615
876 615
880 615
922 615
954 615
2 616
3 616
4 616
6 616
8 616
9 616
12 616
16 616
17 616
18 616
21 616
24 616
25 616
28 616
38 616
39 616
45 616
49 616
50 616
51 616
52 616
53 616
54 616
56 616
58 616
59 616
60 616
62 616
66 616
69 616
71 616
73 616
75 616
81 616
92 616
99 616
105 616
106 616
110 616
114 616
120 616
129 616
132 616
133 616
134 616
136 616
139 616
142 616
144 616
145 616
146 616
155 616
158 616
165 616
168 616
173 616
177 616
183 616
189 616
190 616
191 616
193 616
194 616
199 616
206 616
207 616
209 616
212 616
214 616
216 616
224 616
225 616
226 616
229 616
234 616
239 616
243 616
244 616
251 616
257 616
258 616
260 616
269 616
270 616
274 616
276 616
278 616
280 616
283 616
285 616
290 616
291 616
296 616
297 616
299 616
301 616
302 616
303 616
306 616
307 616
309 616
311 616
312 616
315 616
317 616
323 616
324 616
325 616
329 616
335 616
340 616
345 616
347 616
350 616
354 616
358 616
359 616
366 616
368 616
369 616
373 616
375 616
377 616
378 616
379 616
387 616
390 616
399 616
402 616
405 616
409 616
412 616
417 616
425 616
426 616
429 616
431 616
435 616
436 616
437 616
451 616
453 616
456 616
457 616
463 616
465 616
467 616
468 616
472 616
473 616
474 616
479 616
483 616
485 616
496 616
498 616
508 616
513 616
516 616
517 616
518 616
521 616
528 616
533 616
534 616
539 616
546 616
548 616
550 616
554 616
555 616
557 616
566 616
570 616
571 616
573 616
574 616
576 616
577 616
581 616
585 616
589 616
591 616
593 616
596 616
602 616
604 616
606 616
611 616
616 616
617 616
623 616
625 616
626 616
630 616
633 616
634 616
639 616
643 616
646 616
647 616
649 616
650 616
651 616
652 616
655 616
656 616
660 616
662 616
667 616
674 616
675 616
677 616
679 616
680 616
681 616
688 616
689 616
690 616
691 616
696 616
697 616
701 616
702 616
704 616
716 616
717 616
722 616
724 616
725 616
732 616
733 616
734 616
735 616
738 616
746 616
754 616
761 616
762 616
767 616
771 616
773 616
774 616
776 616
779 616
781 616
783 616
792 616
794 616
797 616
800 616
801 616
803 616
804 616
810 616
816 616
822 616
823 616
825 616
828 616
830 616
834 616
838 616
843 616
847 616
849 616
855 616
856 616
858 616
861 616
871 616
872 616
877 616
880 616
883 616
884 616
885 616
886 616
889 616
897 616
922 616
924 616
926 616
928 616
929 616
932 616
941 616
946 616
951 616
952 616
955 616
964 616
966 616
973 616
974 616
976 616
978 616
980 616
988 616
989 616
991 616
997 616
999 616
2 617
3 617
4 617
9 617
10 617
12 617
14 617
17 617
18 617
19 617
21 617
25 617
28 617
30 617
31 617
39 617
40 617
45 617
47 617
49 617
51 617
52 617
53 617
56 617
57 617
58 617
59 617
62 617
65 617
66 617
67 617
69 617
73 617
75 617
81 617
86 617
92 617
99 617
108 617
110 617
113 617
114 617
118 617
120 617
125 617
128 617
129 617
132 617
133 617
134 617
138 617
139 617
142 617
143 617
145 617
146 617
150 617
152 617
155 617
158 617
164 617
165 617
167 617
168 617
169 617
173 617
178 617
179 617
181 617
186 617
189 617
190 617
191 617
193 617
194 617
199 617
207 617
209 617
211 617
214 617
215 617
216 617
217 617
222 617
224 617
225 617
226 617
229 617
230 617
233 617
234 617
237 617
239 617
243 617
244 617
247 617
249 617
251 617
252 617
257 617
258 617
261 617
267 617
268 617
269 617
271 617
274 617
276 617
277 617
278 617
280 617
283 617
284 617
289 617
290 617
291 617
295 617
296 617
297 617
299 617
301 617
303 617
306 617
307 617
308 617
309 617
311 617
312 617
315 617
317 617
323 617
324 617
325 617
327 617
331 617
333 617
335 617
340 617
347 617
350 617
357 617
358 617
359 617
361 617
364 617
366 617
369 617
371 617
373 617
375 617
377 617
378 617
381 617
399 617
402 617
405 617
409 617
412 617
417 617
419 617
425 617
427 617
429 617
431 617
436 617
437 617
438 617
439 617
442 617
443 617
447 617
448 617
451 617
453 617
456 617
457 617
458 617
460 617
463 617
470 617
471 617
472 617
473 617
474 617
479 617
481 617
482 617
483 617
485 617
493 617
496 617
497 617
499 617
500 617
501 617
503 617
504 617
505 617
508 617
511 617
513 617
514 617
516 617
517 617
521 617
528 617
529 617
533 617
534 617
539 617
540 617
544 617
547 617
548 617
549 617
550 617
553 617
555 617
557 617
559 617
566 617
569 617
570 617
571 617
573 617
574 617
576 617
577 617
580 617
581 617
582 617
583 617
585 617
589 617
593 617
597 617
600 617
602 617
604 617
605 617
606 617
609 617
611 617
612 617
616 617
618 617
621 617
626 617
629 617
630 617
634 617
635 617
639 617
642 617
643 617
644 617
645 617
646 617
647 617
649 617
650 617
652 617
653 617
655 617
656 617
664 617
667 617
671 617
673 617
674 617
675 617
677 617
678 617
679 617
680 617
681 617
688 617
689 617
690 617
691 617
694 617
697 617
702 617
704 617
706 617
714 617
716 617
717 617
722 617
725 617
735 617
738 617
754 617
758 617
761 617
762 617
764 617
767 617
768 617
770 617
771 617
775 617
779 617
781 617
783 617
788 617
794 617
795 617
796 617
797 617
800 617
802 617
803 617
804 617
805 617
810 617
816 617
818 617
819 617
825 617
827 617
828 617
830 617
833 617
834 617
836 617
838 617
839 617
840 617
843 617
847 617
849 617
855 617
856 617
857 617
858 617
859 617
861 617
862 617
868 617
870 617
871 617
872 617
874 617
877 617
880 617
882 617
883 617
884 617
885 617
886 617
889 617
892 617
895 617
897 617
899 617
917 617
918 617
922 617
926 617
928 617
933 617
936 617
941 617
946 617
947 617
949 617
951 617
952 617
954 617
955 617
958 617
963 617
964 617
966 617
972 617
974 617
976 617
978 617
980 617
982 617
984 617
989 617
991 617
995 617
997 617
998 617
999 617
1000 617
56 618
73 618
110 618
145 618
194 618
199 618
224 618
225 618
243 618
251 618
295 618
297 618
306 618
311 618
312 618
340 618
399 618
451 618
474 618
557 618
570 618
573 618
576 618
626 618
630 618
634 618
649 618
980 618
110 619
570 619
634 619
649 619
17 620
62 620
145 620
243 620
399 620
457 620
462 620
563 620
570 620
602 620
633 620
634 620
646 620
649 620
659 620
696 620
783 620
810 620
867 620
3 621
8 621
12 621
17 621
18 621
27 621
28 621
38 621
46 621
48 621
49 621
50 621
52 621
58 621
59 621
73 621
81 621
88 621
96 621
98 621
99 621
114 621
132 621
139 621
152 621
155 621
176 621
177 621
181 621
189 621
194 621
206 621
214 621
225 621
229 621
243 621
251 621
267 621
274 621
280 621
291 621
303 621
306 621
311 621
312 621
317 621
331 621
341 621
350 621
369 621
375 621
379 621
407 621
422 621
425 621
431 621
436 621
447 621
453 621
456 621
457 621
460 621
463 621
472 621
473 621
474 621
490 621
503 621
508 621
516 621
521 621
523 621
534 621
539 621
548 621
550 621
557 621
559 621
563 621
566 621
570 621
571 621
576 621
583 621
602 621
626 621
631 621
633 621
634 621
636 621
638 621
646 621
649 621
655 621
674 621
681 621
702 621
716 621
732 621
738 621
758 621
761 621
804 621
823 621
828 621
834 621
876 621
880 621
902 621
913 621
922 621
926 621
937 621
941 621
946 621
966 621
991 621
3 622
243 622
399 622
457 622
469 622
557 622
570 622
634 622
649 622
2 623
3 623
12 623
17 623
34 623
45 623
56 623
71 623
73 623
80 623
88 623
99 623
101 623
114 623
126 623
145 623
154 623
189 623
215 623
217 623
229 623
239 623
243 623
251 623
302 623
303 623
315 623
325 623
347 623
350 623
359 623
368 623
377 623
383 623
399 623
433 623
442 623
457 623
463 623
468 623
472 623
473 623
474 623
488 623
504 623
516 623
518 623
523 623
528 623
534 623
557 623
570 623
573 623
576 623
614 623
616 623
617 623
625 623
626 623
630 623
634 623
646 623
649 623
656 623
674 623
679 623
706 623
716 623
725 623
734 623
738 623
799 623
828 623
853 623
875 623
880 623
918 623
928 623
932 623
942 623
2 624
3 624
145 624
225 624
243 624
399 624
539 624
566 624
570 624
604 624
634 624
649 624
689 624
690 624
691 624
2 625
3 625
17 625
30 625
56 625
59 625
129 625
133 625
145 625
214 625
225 625
229 625
243 625
251 625
312 625
347 625
359 625
412 625
451 625
457 625
473 625
474 625
496 625
534 625
570 625
576 625
602 625
604 625
616 625
623 625
626 625
630 625
634 625
639 625
646 625
647 625
649 625
655 625
675 625
679 625
680 625
691 625
783 625
788 625
794 625
796 625
828 625
838 625
858 625
2 626
3 626
4 626
7 626
12 626
21 626
25 626
28 626
30 626
39 626
40 626
51 626
56 626
66 626
73 626
75 626
99 626
108 626
110 626
124 626
128 626
134 626
143 626
144 626
145 626
162 626
165 626
168 626
169 626
173 626
177 626
178 626
190 626
191 626
194 626
209 626
214 626
217 626
224 626
225 626
226 626
234 626
239 626
243 626
244 626
247 626
251 626
257 626
258 626
274 626
276 626
278 626
280 626
290 626
296 626
297 626
299 626
301 626
302 626
306 626
311 626
312 626
317 626
323 626
325 626
329 626
335 626
340 626
347 626
350 626
358 626
359 626
366 626
369 626
373 626
375 626
377 626
378 626
399 626
405 626
412 626
413 626
417 626
429 626
431 626
436 626
437 626
448 626
451 626
453 626
456 626
457 626
459 626
463 626
468 626
469 626
472 626
473 626
474 626
483 626
496 626
508 626
516 626
517 626
518 626
528 626
533 626
534 626
539 626
544 626
546 626
548 626
550 626
557 626
559 626
570 626
571 626
573 626
576 626
577 626
581 626
589 626
593 626
598 626
601 626
602 626
604 626
606 626
611 626
616 626
617 626
618 626
625 626
630 626
634 626
639 626
642 626
643 626
646 626
647 626
649 626
650 626
651 626
655 626
660 626
675 626
677 626
679 626
680 626
681 626
686 626
689 626
690 626
691 626
696 626
704 626
708 626
716 626
717 626
734 626
754 626
758 626
763 626
768 626
771 626
774 626
776 626
783 626
794 626
795 626
800 626
801 626
803 626
804 626
805 626
811 626
816 626
822 626
827 626
828 626
830 626
834 626
847 626
849 626
856 626
857 626
858 626
859 626
867 626
870 626
872 626
877 626
880 626
882 626
884 626
885 626
889 626
926 626
928 626
933 626
941 626
942 626
943 626
944 626
946 626
952 626
954 626
955 626
965 626
976 626
978 626
993 626
997 626
999 626
1000 626
73 627
243 627
399 627
534 627
559 627
570 627
634 627
649 627
691 627
696 627
783 627
25 628
136 628
145 628
399 628
457 628
473 628
570 628
649 628
737 628
783 628
2 629
3 629
12 629
17 629
25 629
45 629
47 629
51 629
57 629
60 629
66 629
92 629
99 629
108 629
110 629
114 629
124 629
125 629
129 629
143 629
145 629
152 629
165 629
189 629
194 629
199 629
212 629
214 629
224 629
225 629
239 629
243 629
251 629
257 629
274 629
280 629
283 629
296 629
297 629
301 629
303 629
311 629
312 629
317 629
324 629
325 629
350 629
358 629
377 629
378 629
417 629
422 629
425 629
436 629
447 629
457 629
466 629
473 629
474 629
483 629
496 629
499 629
508 629
513 629
516 629
521 629
539 629
540 629
548 629
557 629
559 629
570 629
573 629
577 629
581 629
587 629
593 629
602 629
604 629
616 629
626 629
634 629
640 629
641 629
647 629
649 629
655 629
657 629
679 629
680 629
681 629
689 629
691 629
718 629
738 629
762 629
783 629
809 629
816 629
828 629
830 629
834 629
848 629
858 629
870 629
880 629
897 629
922 629
933 629
946 629
952 629
961 629
978 629
997 629
3 630
25 630
45 630
56 630
81 630
99 630
108 630
138 630
145 630
165 630
177 630
217 630
260 630
297 630
317 630
340 630
341 630
352 630
358 630
359 630
393 630
431 630
435 630
436 630
447 630
457 630
466 630
474 630
517 630
521 630
534 630
539 630
557 630
570 630
587 630
602 630
604 630
605 630
611 630
618 630
626 630
633 630
634 630
636 630
641 630
649 630
689 630
690 630
691 630
706 630
758 630
761 630
783 630
788 630
828 630
858 630
859 630
870 630
877 630
880 630
885 630
926 630
935 630
952 630
976 630
978 630
997 630
2 631
3 631
17 631
25 631
56 631
58 631
73 631
86 631
88 631
92 631
99 631
110 631
124 631
129 631
135 631
144 631
145 631
150 631
165 631
191 631
212 631
215 631
224 631
225 631
239 631
243 631
244 631
247 631
251 631
257 631
274 631
276 631
283 631
285 631
297 631
302 631
303 631
311 631
312 631
323 631
325 631
327 631
341 631
347 631
354 631
359 631
369 631
377 631
378 631
379 631
405 631
417 631
433 631
435 631
436 631
442 631
451 631
453 631
456 631
457 631
458 631
462 631
463 631
468 631
469 631
472 631
473 631
474 631
485 631
503 631
516 631
517 631
519 631
521 631
534 631
539 631
547 631
553 631
556 631
557 631
563 631
570 631
573 631
576 631
582 631
587 631
589 631
602 631
604 631
606 631
609 631
615 631
619 631
621 631
626 631
630 631
633 631
634 631
635 631
639 631
646 631
647 631
649 631
650 631
655 631
658 631
674 631
678 631
679 631
718 631
733 631
751 631
782 631
788 631
794 631
803 631
804 631
805 631
816 631
819 631
827 631
828 631
833 631
834 631
847 631
853 631
880 631
883 631
884 631
944 631
955 631
958 631
974 631
997 631
570 632
634 632
649 632
3 633
30 633
56 633
58 633
73 633
108 633
133 633
166 633
194 633
251 633
258 633
274 633
276 633
280 633
297 633
306 633
369 633
383 633
447 633
448 633
451 633
457 633
472 633
474 633
523 633
528 633
548 633
557 633
570 633
573 633
576 633
604 633
634 633
636 633
641 633
647 633
649 633
655 633
659 633
674 633
701 633
788 633
801 633
827 633
838 633
880 633
922 633
951 633
970 633
999 633
3 634
4 634
25 634
56 634
73 634
75 634
86 634
110 634
134 634
136 634
145 634
165 634
173 634
199 634
208 634
224 634
225 634
243 634
244 634
247 634
251 634
253 634
257 634
260 634
274 634
277 634
283 634
295 634
297 634
301 634
306 634
311 634
312 634
340 634
350 634
399 634
405 634
431 634
436 634
437 634
447 634
457 634
460 634
473 634
474 634
496 634
528 634
534 634
536 634
539 634
557 634
570 634
573 634
576 634
579 634
587 634
598 634
602 634
604 634
611 634
616 634
626 634
635 634
636 634
644 634
649 634
651 634
652 634
653 634
655 634
686 634
689 634
690 634
691 634
705 634
712 634
722 634
729 634
756 634
758 634
773 634
774 634
783 634
788 634
791 634
794 634
795 634
805 634
822 634
830 634
847 634
858 634
867 634
877 634
926 634
944 634
954 634
961 634
978 634
997 634
3 635
27 635
62 635
73 635
199 635
213 635
217 635
224 635
243 635
251 635
311 635
334 635
340 635
350 635
359 635
399 635
436 635
447 635
457 635
473 635
474 635
478 635
534 635
570 635
573 635
576 635
602 635
604 635
634 635
649 635
650 635
655 635
667 635
689 635
690 635
691 635
783 635
816 635
997 635
3 636
56 636
280 636
312 636
447 636
457 636
474 636
528 636
570 636
576 636
633 636
634 636
649 636
655 636
674 636
689 636
690 636
828 636
838 636
902 636
922 636
3 637
28 637
224 637
225 637
340 637
359 637
539 637
566 637
570 637
604 637
634 637
649 637
858 637
17 638
25 638
44 638
46 638
48 638
50 638
73 638
181 638
399 638
457 638
473 638
534 638
570 638
571 638
583 638
602 638
621 638
634 638
644 638
649 638
655 638
670 638
769 638
774 638
816 638
867 638
895 638
898 638
910 638
917 638
935 638
937 638
997 638
2 639
3 639
17 639
28 639
30 639
60 639
63 639
75 639
99 639
101 639
110 639
125 639
129 639
143 639
145 639
165 639
177 639
189 639
190 639
194 639
199 639
217 639
224 639
225 639
239 639
243 639
247 639
251 639
258 639
274 639
277 639
295 639
306 639
312 639
325 639
333 639
347 639
350 639
359 639
364 639
374 639
378 639
399 639
409 639
412 639
417 639
431 639
436 639
447 639
451 639
473 639
474 639
485 639
496 639
508 639
516 639
517 639
518 639
523 639
528 639
534 639
539 639
546 639
557 639
559 639
566 639
570 639
573 639
576 639
577 639
587 639
593 639
602 639
604 639
606 639
613 639
616 639
618 639
626 639
634 639
643 639
646 639
647 639
649 639
655 639
675 639
691 639
710 639
716 639
758 639
762 639
771 639
783 639
794 639
800 639
822 639
825 639
828 639
847 639
856 639
880 639
922 639
928 639
946 639
951 639
952 639
954 639
955 639
976 639
978 639
995 639
999 639
3 640
17 640
25 640
45 640
51 640
56 640
62 640
75 640
99 640
110 640
129 640
143 640
145 640
165 640
176 640
225 640
229 640
251 640
267 640
274 640
297 640
311 640
312 640
325 640
336 640
347 640
359 640
378 640
399 640
442 640
447 640
462 640
473 640
474 640
488 640
508 640
539 640
548 640
554 640
557 640
570 640
576 640
604 640
626 640
629 640
634 640
641 640
647 640
649 640
651 640
656 640
716 640
741 640
783 640
786 640
788 640
794 640
799 640
847 640
858 640
880 640
882 640
951 640
952 640
978 640
997 640
3 641
18 641
19 641
62 641
73 641
110 641
125 641
135 641
199 641
224 641
225 641
243 641
251 641
288 641
351 641
399 641
457 641
462 641
473 641
474 641
539 641
557 641
570 641
573 641
585 641
626 641
633 641
634 641
642 641
644 641
649 641
691 641
760 641
783 641
886 641
2 642
3 642
14 642
18 642
25 642
28 642
40 642
43 642
47 642
51 642
53 642
56 642
62 642
66 642
87 642
92 642
94 642
105 642
106 642
110 642
124 642
125 642
129 642
133 642
135 642
143 642
145 642
165 642
173 642
176 642
194 642
199 642
207 642
213 642
224 642
225 642
229 642
243 642
244 642
251 642
252 642
253 642
257 642
262 642
268 642
276 642
288 642
299 642
301 642
303 642
311 642
312 642
334 642
342 642
351 642
367 642
378 642
399 642
417 642
429 642
436 642
443 642
447 642
457 642
458 642
462 642
463 642
466 642
469 642
473 642
474 642
499 642
526 642
534 642
539 642
540 642
553 642
555 642
557 642
563 642
570 642
576 642
577 642
593 642
602 642
604 642
606 642
626 642
628 642
629 642
633 642
634 642
635 642
640 642
641 642
644 642
649 642
650 642
653 642
662 642
675 642
676 642
689 642
691 642
768 642
774 642
783 642
799 642
800 642
805 642
806 642
830 642
844 642
847 642
849 642
852 642
861 642
867 642
871 642
877 642
885 642
886 642
889 642
897 642
946 642
952 642
954 642
963 642
970 642
974 642
978 642
2 643
3 643
9 643
12 643
28 643
66 643
73 643
75 643
99 643
108 643
110 643
132 643
145 643
177 643
194 643
216 643
224 643
225 643
239 643
251 643
274 643
276 643
280 643
303 643
306 643
312 643
323 643
325 643
359 643
368 643
369 643
378 643
399 643
412 643
417 643
431 643
442 643
443 643
451 643
456 643
457 643
463 643
465 643
472 643
473 643
474 643
508 643
528 643
534 643
539 643
553 643
557 643
570 643
576 643
602 643
604 643
618 643
625 643
626 643
634 643
639 643
646 643
647 643
649 643
655 643
677 643
681 643
682 643
767 643
768 643
797 643
828 643
833 643
860 643
875 643
880 643
917 643
918 643
949 643
970 643
976 643
978 643
980 643
997 643
3 644
110 644
133 644
136 644
251 644
399 644
508 644
539 644
559 644
570 644
634 644
649 644
980 644
2 645
3 645
5 645
19 645
25 645
53 645
57 645
62 645
66 645
73 645
75 645
110 645
134 645
165 645
244 645
257 645
268 645
307 645
312 645
324 645
335 645
342 645
350 645
359 645
399 645
412 645
427 645
436 645
447 645
453 645
462 645
473 645
474 645
496 645
539 645
559 645
570 645
571 645
604 645
616 645
626 645
634 645
646 645
649 645
681 645
716 645
734 645
760 645
783 645
861 645
885 645
952 645
978 645
997 645
2 646
3 646
12 646
25 646
40 646
48 646
56 646
58 646
59 646
60 646
62 646
66 646
73 646
99 646
110 646
139 646
145 646
155 646
160 646
164 646
189 646
191 646
194 646
214 646
216 646
217 646
225 646
239 646
251 646
253 646
274 646
280 646
290 646
299 646
303 646
306 646
312 646
317 646
324 646
325 646
331 646
334 646
335 646
347 646
350 646
359 646
373 646
377 646
378 646
387 646
402 646
409 646
414 646
429 646
431 646
435 646
436 646
437 646
451 646
453 646
454 646
456 646
457 646
462 646
463 646
468 646
469 646
472 646
473 646
474 646
485 646
496 646
508 646
516 646
518 646
521 646
528 646
533 646
534 646
539 646
557 646
563 646
566 646
570 646
571 646
576 646
596 646
602 646
604 646
611 646
616 646
617 646
625 646
626 646
631 646
634 646
639 646
643 646
649 646
651 646
675 646
680 646
689 646
690 646
710 646
716 646
725 646
738 646
754 646
761 646
762 646
768 646
771 646
794 646
828 646
834 646
847 646
849 646
850 646
851 646
858 646
880 646
883 646
899 646
922 646
941 646
951 646
952 646
953 646
970 646
972 646
976 646
978 646
997 646
999 646
2 647
3 647
17 647
25 647
28 647
39 647
47 647
50 647
51 647
54 647
56 647
60 647
66 647
73 647
75 647
108 647
110 647
114 647
124 647
129 647
132 647
134 647
144 647
145 647
147 647
152 647
165 647
191 647
207 647
209 647
213 647
224 647
225 647
234 647
235 647
239 647
244 647
247 647
251 647
253 647
257 647
258 647
262 647
267 647
274 647
283 647
295 647
297 647
301 647
302 647
303 647
306 647
311 647
312 647
315 647
317 647
325 647
329 647
340 647
347 647
350 647
359 647
366 647
367 647
369 647
377 647
378 647
399 647
402 647
405 647
409 647
412 647
417 647
431 647
435 647
436 647
451 647
457 647
463 647
468 647
473 647
474 647
483 647
496 647
513 647
517 647
528 647
534 647
539 647
540 647
548 647
557 647
559 647
566 647
570 647
573 647
576 647
577 647
581 647
585 647
587 647
593 647
602 647
604 647
605 647
616 647
617 647
625 647
626 647
634 647
635 647
639 647
645 647
646 647
649 647
650 647
651 647
652 647
655 647
675 647
689 647
690 647
691 647
704 647
716 647
738 647
754 647
758 647
761 647
764 647
768 647
771 647
779 647
783 647
788 647
794 647
816 647
822 647
825 647
833 647
834 647
842 647
847 647
849 647
851 647
856 647
858 647
859 647
872 647
874 647
877 647
880 647
882 647
884 647
885 647
899 647
926 647
929 647
941 647
943 647
944 647
946 647
951 647
952 647
961 647
970 647
973 647
976 647
978 647
980 647
988 647
989 647
993 647
997 647
110 648
570 648
634 648
649 648
3 649
47 649
56 649
73 649
110 649
199 649
225 649
243 649
280 649
297 649
312 649
317 649
340 649
399 649
436 649
457 649
474 649
508 649
539 649
570 649
573 649
576 649
598 649
606 649
611 649
626 649
634 649
635 649
636 649
639 649
642 649
652 649
655 649
664 649
689 649
690 649
691 649
758 649
858 649
3 650
14 650
17 650
25 650
73 650
110 650
134 650
144 650
145 650
165 650
177 650
224 650
226 650
244 650
297 650
301 650
307 650
311 650
312 650
347 650
436 650
457 650
473 650
474 650
539 650
557 650
563 650
566 650
570 650
573 650
576 650
577 650
587 650
593 650
604 650
616 650
626 650
634 650
635 650
642 650
649 650
655 650
691 650
738 650
783 650
792 650
794 650
816 650
2 651
3 651
30 651
40 651
43 651
50 651
51 651
54 651
56 651
58 651
60 651
62 651
66 651
73 651
75 651
101 651
106 651
108 651
110 651
129 651
132 651
142 651
144 651
145 651
150 651
155 651
158 651
176 651
177 651
184 651
189 651
197 651
217 651
225 651
229 651
261 651
274 651
276 651
280 651
283 651
293 651
296 651
297 651
302 651
303 651
305 651
307 651
312 651
315 651
331 651
336 651
346 651
347 651
359 651
369 651
377 651
379 651
399 651
417 651
429 651
431 651
433 651
442 651
447 651
448 651
450 651
451 651
453 651
456 651
457 651
462 651
463 651
468 651
469 651
473 651
474 651
476 651
479 651
485 651
488 651
490 651
513 651
516 651
518 651
519 651
533 651
534 651
539 651
547 651
548 651
556 651
557 651
559 651
570 651
582 651
589 651
602 651
604 651
609 651
611 651
616 651
618 651
626 651
630 651
631 651
634 651
640 651
646 651
647 651
649 651
651 651
655 651
658 651
660 651
674 651
675 651
678 651
680 651
681 651
691 651
694 651
701 651
716 651
732 651
733 651
738 651
741 651
746 651
762 651
763 651
787 651
788 651
794 651
797 651
799 651
804 651
827 651
828 651
833 651
834 651
837 651
843 651
847 651
851 651
858 651
875 651
880 651
932 651
941 651
951 651
952 651
955 651
961 651
978 651
2 652
3 652
17 652
25 652
28 652
44 652
53 652
54 652
56 652
66 652
73 652
75 652
110 652
120 652
129 652
134 652
145 652
165 652
173 652
199 652
209 652
224 652
225 652
229 652
238 652
243 652
244 652
247 652
251 652
267 652
274 652
283 652
285 652
297 652
301 652
311 652
312 652
347 652
359 652
399 652
405 652
417 652
419 652
436 652
451 652
453 652
457 652
463 652
473 652
474 652
483 652
496 652
528 652
540 652
557 652
559 652
573 652
576 652
589 652
593 652
602 652
604 652
616 652
626 652
633 652
634 652
649 652
655 652
675 652
689 652
690 652
691 652
716 652
734 652
737 652
771 652
783 652
816 652
858 652
869 652
877 652
880 652
955 652
966 652
970 652
978 652
997 652
2 653
3 653
17 653
73 653
110 653
145 653
199 653
312 653
399 653
457 653
474 653
534 653
559 653
570 653
602 653
634 653
649 653
655 653
656 653
952 653
978 653
3 654
50 654
56 654
73 654
110 654
124 654
143 654
145 654
199 654
243 654
276 654
312 654
333 654
334 654
350 654
358 654
359 654
436 654
474 654
534 654
539 654
554 654
557 654
563 654
570 654
573 654
577 654
602 654
616 654
626 654
634 654
639 654
649 654
650 654
651 654
655 654
691 654
762 654
764 654
794 654
851 654
885 654
946 654
952 654
961 654
978 654
2 655
3 655
25 655
39 655
50 655
51 655
73 655
75 655
110 655
143 655
145 655
199 655
224 655
225 655
243 655
251 655
274 655
276 655
277 655
297 655
301 655
311 655
312 655
335 655
340 655
341 655
347 655
350 655
359 655
378 655
399 655
412 655
431 655
443 655
457 655
463 655
473 655
474 655
483 655
539 655
557 655
566 655
570 655
573 655
576 655
577 655
602 655
604 655
606 655
616 655
626 655
634 655
635 655
636 655
639 655
647 655
649 655
650 655
651 655
659 655
672 655
675 655
681 655
689 655
690 655
691 655
754 655
783 655
800 655
822 655
823 655
830 655
842 655
847 655
858 655
880 655
882 655
885 655
889 655
946 655
997 655
3 656
12 656
17 656
56 656
58 656
60 656
66 656
71 656
73 656
83 656
99 656
101 656
110 656
114 656
133 656
143 656
145 656
155 656
160 656
206 656
217 656
225 656
243 656
268 656
274 656
280 656
285 656
290 656
291 656
296 656
303 656
306 656
311 656
312 656
315 656
325 656
347 656
369 656
377 656
378 656
383 656
399 656
412 656
431 656
442 656
447 656
457 656
462 656
473 656
474 656
479 656
496 656
516 656
534 656
539 656
548 656
552 656
554 656
557 656
570 656
573 656
576 656
602 656
616 656
617 656
626 656
630 656
633 656
634 656
640 656
646 656
649 656
653 656
655 656
658 656
679 656
680 656
691 656
722 656
734 656
761 656
767 656
771 656
783 656
785 656
797 656
803 656
809 656
828 656
834 656
847 656
856 656
872 656
880 656
913 656
922 656
946 656
952 656
964 656
978 656
989 656
997 656
3 657
12 657
52 657
56 657
110 657
114 657
144 657
169 657
212 657
217 657
296 657
378 657
399 657
447 657
457 657
539 657
557 657
570 657
602 657
629 657
634 657
649 657
809 657
858 657
875 657
997 657
58 658
576 658
656 658
680 658
8 659
56 659
96 659
110 659
243 659
399 659
447 659
462 659
534 659
566 659
570 659
602 659
633 659
634 659
649 659
655 659
783 659
3 660
15 660
25 660
56 660
73 660
110 660
129 660
143 660
144 660
165 660
177 660
224 660
225 660
243 660
251 660
260 660
274 660
280 660
285 660
312 660
347 660
369 660
377 660
399 660
412 660
431 660
435 660
468 660
474 660
496 660
534 660
546 660
570 660
616 660
626 660
634 660
649 660
665 660
794 660
827 660
828 660
851 660
858 660
880 660
922 660
928 660
952 660
966 660
978 660
997 660
1000 660
2 661
534 661
3 662
25 662
28 662
51 662
56 662
110 662
145 662
165 662
251 662
257 662
258 662
274 662
283 662
295 662
307 662
312 662
317 662
378 662
414 662
457 662
473 662
474 662
570 662
604 662
616 662
626 662
634 662
642 662
647 662
649 662
691 662
768 662
852 662
997 662
17 663
110 663
243 663
334 663
399 663
508 663
553 663
555 663
557 663
566 663
570 663
634 663
641 663
642 663
649 663
691 663
110 664
133 664
145 664
457 664
474 664
570 664
649 664
655 664
689 664
690 664
847 664
858 664
110 665
145 665
457 665
570 665
649 665
966 665
967 665
968 665
17 666
25 666
51 666
53 666
73 666
86 666
92 666
110 666
134 666
136 666
145 666
152 666
165 666
168 666
208 666
217 666
224 666
244 666
247 666
253 666
265 666
285 666
295 666
297 666
306 666
311 666
340 666
351 666
359 666
366 666
393 666
399 666
405 666
408 666
436 666
442 666
457 666
462 666
466 666
483 666
496 666
508 666
517 666
522 666
530 666
534 666
539 666
557 666
559 666
570 666
573 666
579 666
587 666
593 666
598 666
606 666
626 666
634 666
636 666
639 666
644 666
647 666
649 666
650 666
652 666
655 666
664 666
670 666
686 666
689 666
690 666
691 666
702 666
705 666
712 666
717 666
722 666
723 666
734 666
737 666
750 666
753 666
754 666
758 666
773 666
774 666
776 666
782 666
783 666
791 666
792 666
795 666
796 666
800 666
804 666
816 666
823 666
835 666
839 666
840 666
842 666
846 666
849 666
858 666
867 666
885 666
889 666
890 666
910 666
921 666
926 666
927 666
929 666
944 666
952 666
954 666
956 666
958 666
961 666
970 666
973 666
978 666
997 666
2 667
3 667
4 667
51 667
73 667
110 667
145 667
214 667
224 667
225 667
243 667
251 667
258 667
274 667
311 667
312 667
347 667
359 667
366 667
399 667
405 667
436 667
457 667
473 667
474 667
483 667
508 667
570 667
573 667
604 667
616 667
634 667
691 667
783 667
880 667
954 667
3 668
56 668
73 668
75 668
110 668
139 668
145 668
243 668
251 668
276 668
312 668
399 668
473 668
474 668
534 668
546 668
570 668
573 668
602 668
634 668
655 668
691 668
711 668
783 668
997 668
2 670
3 670
17 670
25 670
48 670
73 670
110 670
134 670
146 670
165 670
217 670
224 670
225 670
243 670
311 670
315 670
317 670
359 670
387 670
399 670
436 670
447 670
457 670
462 670
473 670
474 670
508 670
534 670
563 670
568 670
570 670
573 670
576 670
589 670
593 670
604 670
616 670
626 670
634 670
655 670
691 670
696 670
776 670
783 670
937 670
997 670
3 671
25 671
38 671
110 671
359 671
457 671
539 671
602 671
626 671
997 671
25 672
110 672
145 672
243 672
399 672
457 672
548 672
570 672
573 672
602 672
634 672
655 672
691 672
783 672
145 673
193 673
689 673
690 673
2 674
3 674
15 674
23 674
24 674
25 674
28 674
30 674
45 674
58 674
73 674
86 674
88 674
99 674
110 674
114 674
129 674
139 674
144 674
145 674
169 674
176 674
177 674
180 674
194 674
224 674
225 674
244 674
260 674
280 674
288 674
303 674
306 674
311 674
312 674
325 674
336 674
369 674
377 674
378 674
383 674
399 674
405 674
436 674
442 674
447 674
456 674
457 674
466 674
468 674
472 674
473 674
474 674
477 674
521 674
523 674
528 674
534 674
557 674
570 674
593 674
602 674
604 674
616 674
621 674
623 674
633 674
634 674
636 674
716 674
746 674
751 674
783 674
787 674
788 674
798 674
799 674
803 674
814 674
828 674
833 674
847 674
849 674
861 674
877 674
880 674
913 674
951 674
997 674
999 674
2 675
3 675
4 675
25 675
30 675
51 675
56 675
66 675
73 675
83 675
86 675
99 675
108 675
110 675
129 675
142 675
144 675
145 675
165 675
183 675
194 675
224 675
225 675
229 675
239 675
243 675
251 675
258 675
260 675
274 675
283 675
299 675
306 675
307 675
311 675
312 675
315 675
323 675
325 675
339 675
347 675
350 675
359 675
369 675
412 675
417 675
429 675
436 675
451 675
453 675
457 675
473 675
474 675
508 675
513 675
528 675
534 675
539 675
546 675
548 675
557 675
570 675
573 675
576 675
602 675
604 675
616 675
626 675
634 675
639 675
646 675
647 675
655 675
691 675
732 675
734 675
754 675
774 675
828 675
864 675
867 675
872 675
880 675
895 675
897 675
922 675
929 675
980 675
997 675
25 676
110 676
165 676
177 676
229 676
243 676
359 676
399 676
457 676
492 676
548 676
570 676
602 676
634 676
708 676
754 676
858 676
3 677
25 677
51 677
66 677
73 677
75 677
110 677
134 677
145 677
214 677
224 677
243 677
251 677
274 677
276 677
283 677
297 677
301 677
311 677
312 677
317 677
340 677
347 677
350 677
399 677
405 677
417 677
431 677
435 677
436 677
442 677
457 677
473 677
474 677
539 677
548 677
557 677
570 677
576 677
577 677
602 677
604 677
606 677
616 677
626 677
634 677
639 677
647 677
650 677
679 677
680 677
681 677
689 677
690 677
691 677
702 677
704 677
758 677
771 677
783 677
842 677
847 677
858 677
880 677
946 677
952 677
954 677
978 677
997 677
25 678
56 678
110 678
145 678
243 678
359 678
431 678
447 678
570 678
634 678
3 679
58 679
60 679
66 679
71 679
99 679
106 679
110 679
124 679
165 679
229 679
239 679
251 679
280 679
296 679
302 679
303 679
324 679
325 679
327 679
340 679
347 679
350 679
359 679
368 679
377 679
378 679
409 679
429 679
451 679
453 679
457 679
463 679
468 679
469 679
473 679
474 679
513 679
518 679
521 679
528 679
534 679
539 679
557 679
576 679
602 679
616 679
623 679
626 679
630 679
631 679
634 679
639 679
677 679
680 679
701 679
710 679
716 679
725 679
746 679
754 679
761 679
803 679
809 679
871 679
880 679
955 679
2 680
3 680
8 680
9 680
10 680
12 680
16 680
17 680
18 680
23 680
24 680
25 680
27 680
28 680
30 680
48 680
49 680
50 680
52 680
53 680
54 680
56 680
57 680
58 680
59 680
60 680
66 680
67 680
69 680
71 680
75 680
80 680
83 680
86 680
88 680
98 680
99 680
101 680
106 680
108 680
110 680
114 680
125 680
126 680
129 680
132 680
133 680
138 680
139 680
140 680
142 680
143 680
145 680
146 680
152 680
153 680
155 680
158 680
159 680
160 680
165 680
168 680
169 680
176 680
177 680
184 680
189 680
191 680
193 680
194 680
199 680
206 680
207 680
216 680
224 680
225 680
229 680
239 680
243 680
251 680
253 680
260 680
268 680
270 680
274 680
276 680
277 680
280 680
283 680
285 680
290 680
296 680
297 680
299 680
302 680
303 680
306 680
309 680
311 680
312 680
313 680
315 680
317 680
320 680
324 680
325 680
331 680
343 680
347 680
350 680
358 680
359 680
369 680
373 680
375 680
377 680
378 680
379 680
380 680
384 680
399 680
409 680
412 680
413 680
417 680
425 680
427 680
429 680
431 680
435 680
436 680
437 680
442 680
443 680
447 680
449 680
450 680
451 680
453 680
456 680
457 680
460 680
463 680
465 680
468 680
471 680
472 680
473 680
474 680
476 680
479 680
483 680
485 680
496 680
504 680
508 680
513 680
516 680
517 680
518 680
519 680
521 680
526 680
528 680
531 680
533 680
534 680
536 680
539 680
544 680
546 680
548 680
549 680
550 680
552 680
556 680
559 680
570 680
576 680
577 680
580 680
581 680
589 680
593 680
602 680
604 680
616 680
617 680
618 680
625 680
626 680
629 680
630 680
631 680
634 680
639 680
643 680
645 680
646 680
651 680
655 680
656 680
658 680
660 680
665 680
673 680
674 680
677 680
679 680
680 680
681 680
685 680
688 680
691 680
692 680
694 680
700 680
702 680
706 680
710 680
714 680
716 680
722 680
724 680
725 680
728 680
732 680
733 680
734 680
735 680
738 680
742 680
745 680
746 680
754 680
761 680
762 680
767 680
771 680
775 680
776 680
779 680
782 680
783 680
788 680
794 680
795 680
799 680
800 680
803 680
804 680
809 680
816 680
828 680
831 680
834 680
837 680
841 680
843 680
847 680
849 680
856 680
858 680
859 680
864 680
868 680
871 680
876 680
880 680
882 680
883 680
892 680
895 680
897 680
899 680
913 680
922 680
928 680
932 680
933 680
941 680
946 680
947 680
949 680
951 680
953 680
954 680
955 680
963 680
964 680
966 680
972 680
976 680
980 680
989 680
991 680
997 680
999 680
1000 680
2 681
3 681
4 681
12 681
18 681
25 681
28 681
45 681
47 681
50 681
51 681
53 681
60 681
66 681
75 681
86 681
108 681
110 681
129 681
133 681
138 681
139 681
145 681
158 681
165 681
169 681
173 681
177 681
183 681
194 681
197 681
207 681
212 681
214 681
224 681
225 681
229 681
233 681
243 681
251 681
257 681
267 681
268 681
274 681
276 681
277 681
280 681
283 681
285 681
294 681
295 681
297 681
299 681
301 681
305 681
306 681
311 681
312 681
315 681
317 681
320 681
323 681
325 681
333 681
341 681
347 681
350 681
357 681
358 681
359 681
377 681
378 681
399 681
402 681
405 681
412 681
417 681
429 681
431 681
436 681
441 681
442 681
447 681
451 681
456 681
457 681
458 681
473 681
474 681
483 681
485 681
496 681
499 681
502 681
508 681
513 681
516 681
523 681
528 681
534 681
539 681
540 681
548 681
553 681
557 681
559 681
570 681
571 681
573 681
576 681
577 681
581 681
591 681
602 681
604 681
606 681
616 681
626 681
629 681
630 681
634 681
643 681
646 681
647 681
651 681
655 681
664 681
673 681
675 681
676 681
682 681
689 681
690 681
691 681
702 681
708 681
712 681
716 681
734 681
754 681
764 681
768 681
771 681
776 681
783 681
792 681
802 681
830 681
834 681
835 681
841 681
843 681
847 681
848 681
849 681
858 681
859 681
864 681
877 681
880 681
882 681
885 681
886 681
899 681
922 681
928 681
946 681
952 681
954 681
961 681
970 681
978 681
980 681
989 681
990 681
991 681
997 681
999 681
3 682
25 682
108 682
129 682
146 682
260 682
274 682
331 682
399 682
457 682
474 682
539 682
577 682
946 682
25 683
225 683
602 683
634 683
3 684
25 684
145 684
243 684
251 684
457 684
570 684
783 684
25 685
243 685
247 685
634 685
691 685
3 686
25 686
73 686
225 686
226 686
243 686
251 686
260 686
283 686
312 686
350 686
457 686
473 686
474 686
508 686
517 686
539 686
577 686
604 686
611 686
626 686
634 686
689 686
690 686
783 686
885 686
3 687
25 687
56 687
73 687
119 687
225 687
311 687
312 687
447 687
457 687
474 687
508 687
568 687
570 687
573 687
602 687
626 687
691 687
750 687
2 688
3 688
49 688
52 688
65 688
75 688
106 688
110 688
128 688
129 688
143 688
145 688
184 688
194 688
211 688
213 688
214 688
226 688
251 688
280 688
290 688
303 688
306 688
311 688
312 688
325 688
347 688
359 688
448 688
457 688
474 688
499 688
521 688
534 688
570 688
576 688
606 688
616 688
626 688
634 688
680 688
691 688
716 688
734 688
749 688
880 688
941 688
964 688
2 689
3 689
4 689
12 689
18 689
25 689
28 689
47 689
56 689
73 689
75 689
110 689
129 689
144 689
145 689
152 689
165 689
173 689
194 689
217 689
224 689
225 689
244 689
251 689
258 689
268 689
274 689
276 689
277 689
294 689
297 689
301 689
307 689
312 689
317 689
325 689
329 689
334 689
340 689
347 689
350 689
357 689
359 689
366 689
378 689
399 689
412 689
417 689
431 689
434 689
435 689
436 689
447 689
457 689
463 689
466 689
469 689
473 689
474 689
496 689
508 689
510 689
522 689
528 689
539 689
540 689
548 689
553 689
555 689
557 689
559 689
568 689
569 689
570 689
573 689
574 689
576 689
579 689
587 689
598 689
602 689
604 689
606 689
616 689
626 689
634 689
635 689
636 689
646 689
647 689
649 689
652 689
655 689
664 689
677 689
686 689
690 689
691 689
702 689
705 689
707 689
712 689
716 689
722 689
727 689
734 689
738 689
753 689
754 689
758 689
771 689
774 689
783 689
788 689
791 689
794 689
805 689
812 689
816 689
817 689
822 689
823 689
827 689
834 689
835 689
836 689
840 689
842 689
843 689
847 689
849 689
856 689
859 689
867 689
874 689
877 689
880 689
884 689
885 689
890 689
926 689
928 689
944 689
946 689
952 689
958 689
961 689
966 689
970 689
978 689
993 689
997 689
3 690
12 690
25 690
56 690
110 690
145 690
165 690
253 690
297 690
340 690
412 690
435 690
436 690
447 690
457 690
466 690
474 690
508 690
518 690
539 690
559 690
570 690
576 690
587 690
602 690
606 690
626 690
634 690
649 690
655 690
689 690
691 690
712 690
716 690
812 690
816 690
817 690
823 690
827 690
847 690
858 690
874 690
877 690
885 690
926 690
946 690
954 690
958 690
961 690
974 690
993 690
997 690
2 691
3 691
4 691
6 691
12 691
17 691
18 691
25 691
28 691
45 691
51 691
73 691
75 691
92 691
99 691
110 691
134 691
139 691
145 691
152 691
165 691
173 691
175 691
190 691
194 691
209 691
224 691
225 691
229 691
244 691
247 691
251 691
257 691
274 691
297 691
301 691
311 691
312 691
329 691
340 691
347 691
352 691
359 691
366 691
369 691
378 691
399 691
405 691
412 691
431 691
436 691
457 691
473 691
474 691
483 691
496 691
508 691
513 691
517 691
534 691
539 691
546 691
548 691
553 691
566 691
568 691
570 691
573 691
576 691
577 691
585 691
587 691
593 691
602 691
604 691
606 691
615 691
616 691
626 691
627 691
634 691
635 691
639 691
642 691
650 691
652 691
655 691
672 691
689 691
690 691
702 691
704 691
708 691
711 691
714 691
734 691
741 691
754 691
768 691
774 691
783 691
796 691
805 691
810 691
811 691
816 691
822 691
833 691
842 691
847 691
849 691
858 691
864 691
880 691
884 691
886 691
907 691
928 691
933 691
946 691
952 691
954 691
957 691
958 691
961 691
966 691
978 691
997 691
999 691
25 692
56 692
145 692
217 692
342 692
343 692
441 692
454 692
457 692
557 692
602 692
634 692
794 692
871 692
875 692
25 693
534 693
3 694
312 694
313 694
474 694
634 694
783 694
997 694
3 695
25 695
73 695
251 695
257 695
359 695
457 695
474 695
634 695
25 696
56 696
447 696
473 696
474 696
546 696
606 696
626 696
634 696
727 696
3 697
25 697
129 697
165 697
312 697
350 697
508 697
634 697
731 697
732 697
741 697
774 697
811 697
872 697
474 698
634 698
783 698
885 698
3 699
25 699
457 699
474 699
516 699
634 699
997 699
25 700
59 700
129 700
143 700
165 700
251 700
296 700
447 700
457 700
634 700
655 700
697 700
875 700
980 700
997 700
2 701
3 701
4 701
5 701
8 701
17 701
18 701
23 701
24 701
25 701
28 701
30 701
40 701
45 701
47 701
49 701
50 701
51 701
52 701
56 701
58 701
59 701
60 701
62 701
66 701
71 701
73 701
75 701
86 701
93 701
99 701
101 701
106 701
108 701
110 701
114 701
125 701
129 701
133 701
134 701
136 701
139 701
142 701
143 701
145 701
152 701
155 701
158 701
165 701
166 701
167 701
176 701
177 701
189 701
191 701
193 701
194 701
199 701
215 701
217 701
224 701
225 701
229 701
230 701
234 701
238 701
239 701
247 701
251 701
253 701
257 701
258 701
260 701
267 701
274 701
276 701
280 701
285 701
290 701
296 701
297 701
299 701
301 701
302 701
303 701
306 701
311 701
312 701
315 701
317 701
325 701
331 701
336 701
341 701
345 701
347 701
358 701
359 701
366 701
369 701
377 701
378 701
399 701
419 701
423 701
425 701
429 701
431 701
433 701
435 701
436 701
442 701
444 701
447 701
456 701
457 701
461 701
462 701
463 701
468 701
469 701
473 701
474 701
476 701
484 701
485 701
488 701
490 701
496 701
513 701
518 701
520 701
528 701
534 701
539 701
548 701
557 701
559 701
563 701
566 701
568 701
569 701
570 701
571 701
573 701
576 701
589 701
591 701
602 701
604 701
606 701
611 701
616 701
626 701
630 701
631 701
634 701
639 701
643 701
646 701
651 701
655 701
659 701
667 701
674 701
675 701
679 701
680 701
682 701
688 701
689 701
691 701
699 701
702 701
704 701
706 701
716 701
718 701
733 701
734 701
737 701
738 701
746 701
752 701
758 701
761 701
762 701
767 701
771 701
782 701
783 701
787 701
788 701
790 701
794 701
796 701
798 701
799 701
803 701
804 701
805 701
816 701
828 701
834 701
849 701
856 701
871 701
880 701
883 701
885 701
886 701
896 701
902 701
913 701
922 701
926 701
941 701
951 701
952 701
954 701
978 701
980 701
997 701
2 702
3 702
4 702
19 702
25 702
45 702
51 702
56 702
66 702
73 702
75 702
81 702
99 702
108 702
110 702
129 702
133 702
134 702
145 702
146 702
155 702
165 702
173 702
179 702
194 702
207 702
212 702
216 702
217 702
222 702
224 702
225 702
229 702
230 702
247 702
251 702
258 702
269 702
274 702
276 702
280 702
283 702
285 702
296 702
297 702
301 702
312 702
315 702
317 702
325 702
333 702
335 702
341 702
347 702
350 702
359 702
361 702
368 702
369 702
377 702
378 702
399 702
405 702
417 702
422 702
431 702
436 702
453 702
456 702
457 702
463 702
474 702
496 702
502 702
503 702
507 702
508 702
513 702
517 702
518 702
528 702
533 702
534 702
539 702
548 702
557 702
566 702
568 702
570 702
571 702
573 702
576 702
577 702
589 702
593 702
602 702
604 702
616 702
618 702
619 702
626 702
631 702
634 702
646 702
647 702
650 702
655 702
671 702
679 702
680 702
689 702
690 702
691 702
704 702
705 702
716 702
734 702
749 702
754 702
758 702
768 702
770 702
771 702
783 702
804 702
816 702
830 702
834 702
847 702
849 702
858 702
860 702
861 702
864 702
877 702
880 702
884 702
885 702
886 702
897 702
926 702
928 702
934 702
941 702
946 702
952 702
954 702
970 702
974 702
978 702
980 702
984 702
997 702
3 703
17 703
86 703
145 703
570 703
634 703
783 703
970 703
3 704
25 704
56 704
280 704
297 704
340 704
359 704
399 704
457 704
474 704
483 704
557 704
570 704
576 704
583 704
602 704
626 704
634 704
655 704
691 704
847 704
875 704
958 704
978 704
997 704
3 705
25 705
110 705
145 705
152 705
251 705
312 705
399 705
474 705
602 705
604 705
634 705
689 705
690 705
750 705
956 705
997 705
3 706
8 706
12 706
16 706
24 706
25 706
28 706
45 706
48 706
52 706
54 706
56 706
58 706
59 706
60 706
62 706
66 706
88 706
99 706
101 706
110 706
114 706
129 706
133 706
139 706
142 706
155 706
177 706
189 706
191 706
194 706
206 706
214 706
229 706
239 706
250 706
260 706
276 706
281 706
303 706
306 706
312 706
315 706
325 706
331 706
358 706
368 706
369 706
375 706
377 706
380 706
427 706
431 706
453 706
456 706
459 706
463 706
472 706
473 706
513 706
516 706
521 706
528 706
534 706
539 706
570 706
576 706
602 706
617 706
626 706
630 706
634 706
646 706
658 706
680 706
711 706
714 706
716 706
738 706
742 706
761 706
767 706
771 706
788 706
791 706
797 706
803 706
804 706
828 706
834 706
838 706
843 706
858 706
880 706
895 706
902 706
913 706
917 706
919 706
933 706
935 706
941 706
951 706
961 706
964 706
970 706
989 706
997 706
3 707
25 707
56 707
75 707
359 707
399 707
466 707
474 707
576 707
602 707
634 707
655 707
689 707
690 707
849 707
2 708
3 708
25 708
40 708
51 708
56 708
87 708
128 708
143 708
144 708
145 708
173 708
229 708
251 708
274 708
277 708
297 708
301 708
311 708
312 708
359 708
417 708
431 708
474 708
539 708
546 708
557 708
568 708
576 708
602 708
604 708
618 708
626 708
634 708
647 708
655 708
676 708
691 708
764 708
800 708
806 708
828 708
852 708
966 708
997 708
399 709
570 709
634 709
653 709
997 709
2 710
3 710
25 710
30 710
48 710
73 710
189 710
225 710
239 710
257 710
258 710
274 710
276 710
347 710
359 710
399 710
447 710
456 710
457 710
468 710
473 710
474 710
534 710
631 710
634 710
639 710
679 710
680 710
828 710
880 710
997 710
2 711
3 711
17 711
18 711
25 711
27 711
28 711
48 711
51 711
56 711
58 711
73 711
79 711
86 711
119 711
133 711
145 711
168 711
214 711
224 711
225 711
229 711
230 711
251 711
274 711
287 711
295 711
301 711
307 711
312 711
315 711
341 711
380 711
414 711
462 711
473 711
474 711
508 711
534 711
570 711
576 711
602 711
634 711
647 711
655 711
668 711
670 711
681 711
691 711
741 711
758 711
830 711
856 711
858 711
886 711
946 711
997 711
3 712
25 712
145 712
152 712
175 712
251 712
399 712
474 712
508 712
539 712
570 712
602 712
634 712
689 712
690 712
722 712
858 712
997 712
2 714
3 714
8 714
25 714
30 714
51 714
60 714
75 714
96 714
102 714
108 714
110 714
129 714
139 714
142 714
145 714
146 714
176 714
189 714
194 714
225 714
239 714
250 714
251 714
260 714
274 714
280 714
283 714
297 714
303 714
307 714
311 714
312 714
325 714
350 714
359 714
361 714
377 714
378 714
399 714
417 714
429 714
431 714
451 714
457 714
472 714
473 714
474 714
516 714
528 714
534 714
539 714
557 714
570 714
573 714
576 714
581 714
602 714
616 714
634 714
639 714
675 714
680 714
682 714
690 714
691 714
706 714
771 714
794 714
834 714
859 714
876 714
880 714
922 714
954 714
997 714
25 715
145 715
447 715
508 715
634 715
997 715
2 716
3 716
12 716
17 716
25 716
28 716
30 716
48 716
50 716
51 716
53 716
54 716
56 716
66 716
71 716
73 716
75 716
99 716
110 716
128 716
129 716
133 716
134 716
139 716
142 716
143 716
144 716
145 716
165 716
188 716
194 716
207 716
224 716
225 716
260 716
261 716
269 716
274 716
276 716
280 716
283 716
297 716
306 716
312 716
315 716
317 716
320 716
323 716
341 716
358 716
359 716
368 716
369 716
377 716
378 716
399 716
412 716
417 716
431 716
436 716
451 716
456 716
457 716
463 716
473 716
474 716
485 716
496 716
513 716
516 716
521 716
528 716
534 716
539 716
546 716
548 716
557 716
576 716
602 716
604 716
616 716
617 716
626 716
634 716
647 716
655 716
670 716
675 716
679 716
680 716
681 716
688 716
689 716
690 716
691 716
706 716
725 716
738 716
754 716
758 716
788 716
794 716
828 716
834 716
847 716
858 716
862 716
880 716
922 716
936 716
941 716
942 716
947 716
951 716
970 716
976 716
997 716
3 717
25 717
145 717
474 717
576 717
626 717
634 717
858 717
2 718
3 718
15 718
51 718
53 718
56 718
66 718
108 718
145 718
212 718
217 718
225 718
257 718
274 718
285 718
297 718
312 718
325 718
350 718
399 718
447 718
474 718
528 718
539 718
570 718
576 718
577 718
604 718
616 718
631 718
634 718
701 718
760 718
781 718
875 718
952 718
978 718
997 718
3 719
13 719
25 719
56 719
145 719
225 719
474 719
634 719
858 719
997 719
25 720
145 720
399 720
634 720
997 720
25 721
276 721
280 721
312 721
399 721
508 721
557 721
570 721
576 721
634 721
783 721
3 722
17 722
25 722
66 722
73 722
99 722
105 722
110 722
129 722
145 722
224 722
274 722
280 722
311 722
312 722
340 722
359 722
399 722
405 722
431 722
436 722
451 722
457 722
473 722
474 722
496 722
508 722
518 722
528 722
534 722
570 722
573 722
576 722
604 722
616 722
634 722
689 722
690 722
691 722
711 722
754 722
758 722
833 722
838 722
858 722
976 722
25 723
145 723
216 723
399 723
634 723
25 724
73 724
311 724
330 724
369 724
375 724
399 724
474 724
539 724
570 724
606 724
997 724
2 725
3 725
12 725
25 725
30 725
50 725
53 725
56 725
58 725
66 725
71 725
83 725
86 725
99 725
110 725
124 725
129 725
133 725
139 725
144 725
155 725
168 725
189 725
194 725
197 725
206 725
225 725
229 725
239 725
260 725
274 725
276 725
280 725
290 725
295 725
296 725
299 725
303 725
309 725
311 725
312 725
315 725
317 725
323 725
325 725
347 725
358 725
359 725
366 725
369 725
373 725
377 725
378 725
379 725
399 725
409 725
412 725
429 725
431 725
435 725
451 725
453 725
457 725
465 725
468 725
472 725
473 725
479 725
498 725
516 725
518 725
523 725
528 725
533 725
534 725
539 725
550 725
568 725
570 725
573 725
576 725
577 725
602 725
606 725
616 725
617 725
623 725
626 725
630 725
634 725
643 725
646 725
675 725
677 725
679 725
680 725
681 725
688 725
710 725
716 725
761 725
762 725
771 725
828 725
834 725
858 725
880 725
941 725
964 725
974 725
976 725
997 725
3 726
25 726
56 726
110 726
359 726
399 726
408 726
517 726
634 726
867 726
110 727
399 727
508 727
634 727
689 727
690 727
696 727
534 728
738 728
3 729
25 729
73 729
86 729
110 729
145 729
214 729
224 729
251 729
280 729
283 729
312 729
359 729
399 729
405 729
436 729
463 729
473 729
474 729
508 729
534 729
539 729
570 729
602 729
616 729
626 729
634 729
691 729
737 729
768 729
783 729
816 729
856 729
858 729
884 729
897 729
933 729
25 730
56 730
73 730
110 730
145 730
247 730
399 730
634 730
858 730
129 731
296 731
732 731
39 732
54 732
59 732
99 732
110 732
114 732
129 732
145 732
155 732
165 732
191 732
194 732
239 732
309 732
312 732
325 732
327 732
345 732
350 732
369 732
377 732
378 732
383 732
399 732
425 732
431 732
451 732
473 732
474 732
490 732
528 732
534 732
548 732
557 732
570 732
576 732
581 732
589 732
604 732
616 732
621 732
630 732
634 732
674 732
675 732
689 732
690 732
697 732
714 732
722 732
731 732
746 732
754 732
761 732
771 732
783 732
794 732
804 732
828 732
838 732
847 732
851 732
858 732
872 732
880 732
895 732
903 732
922 732
932 732
946 732
949 732
951 732
964 732
989 732
2 733
3 733
12 733
25 733
26 733
28 733
30 733
34 733
48 733
50 733
51 733
52 733
54 733
56 733
58 733
59 733
66 733
71 733
73 733
81 733
88 733
98 733
99 733
101 733
106 733
110 733
125 733
126 733
129 733
133 733
136 733
142 733
143 733
145 733
150 733
155 733
158 733
165 733
181 733
188 733
189 733
191 733
194 733
214 733
215 733
225 733
229 733
235 733
239 733
258 733
260 733
261 733
268 733
280 733
289 733
294 733
296 733
299 733
302 733
303 733
306 733
308 733
312 733
315 733
320 733
325 733
328 733
331 733
347 733
359 733
368 733
369 733
375 733
377 733
379 733
395 733
399 733
404 733
413 733
429 733
430 733
431 733
433 733
435 733
442 733
448 733
449 733
456 733
460 733
463 733
468 733
469 733
471 733
472 733
473 733
477 733
485 733
490 733
511 733
513 733
514 733
516 733
518 733
519 733
528 733
534 733
539 733
544 733
545 733
547 733
549 733
550 733
556 733
557 733
571 733
577 733
580 733
585 733
586 733
604 733
609 733
611 733
616 733
626 733
630 733
631 733
634 733
645 733
646 733
647 733
651 733
658 733
659 733
670 733
673 733
674 733
678 733
679 733
680 733
685 733
688 733
694 733
701 733
716 733
728 733
734 733
735 733
739 733
746 733
752 733
762 733
763 733
767 733
771 733
775 733
788 733
799 733
803 733
827 733
828 733
831 733
843 733
860 733
868 733
880 733
883 733
886 733
895 733
896 733
899 733
913 733
941 733
947 733
951 733
955 733
961 733
976 733
980 733
991 733
997 733
2 734
3 734
8 734
12 734
16 734
17 734
18 734
24 734
25 734
27 734
28 734
30 734
39 734
44 734
45 734
49 734
51 734
52 734
54 734
56 734
58 734
59 734
60 734
62 734
65 734
66 734
70 734
71 734
73 734
75 734
80 734
88 734
92 734
98 734
99 734
101 734
106 734
110 734
114 734
115 734
124 734
129 734
133 734
134 734
135 734
139 734
141 734
142 734
143 734
145 734
155 734
160 734
165 734
166 734
167 734
168 734
173 734
180 734
184 734
189 734
193 734
194 734
197 734
199 734
207 734
209 734
212 734
214 734
216 734
220 734
224 734
225 734
229 734
231 734
239 734
244 734
251 734
252 734
253 734
260 734
268 734
269 734
274 734
276 734
277 734
285 734
290 734
296 734
297 734
299 734
301 734
302 734
303 734
306 734
311 734
312 734
323 734
324 734
325 734
347 734
349 734
358 734
359 734
369 734
373 734
375 734
378 734
379 734
392 734
399 734
402 734
405 734
409 734
412 734
414 734
417 734
425 734
429 734
431 734
436 734
443 734
447 734
451 734
456 734
457 734
460 734
472 734
473 734
474 734
477 734
485 734
496 734
513 734
516 734
517 734
518 734
520 734
528 734
534 734
539 734
545 734
546 734
548 734
553 734
557 734
573 734
576 734
577 734
580 734
593 734
599 734
602 734
604 734
611 734
616 734
618 734
623 734
626 734
630 734
634 734
639 734
646 734
647 734
650 734
652 734
655 734
656 734
674 734
675 734
677 734
680 734
681 734
688 734
689 734
691 734
704 734
706 734
716 734
725 734
733 734
735 734
738 734
745 734
746 734
753 734
754 734
762 734
767 734
776 734
781 734
782 734
783 734
785 734
788 734
789 734
791 734
795 734
803 734
804 734
805 734
816 734
827 734
828 734
830 734
834 734
839 734
849 734
858 734
859 734
864 734
871 734
880 734
885 734
886 734
895 734
899 734
907 734
916 734
922 734
942 734
946 734
951 734
952 734
963 734
964 734
966 734
978 734
985 734
997 734
998 734
999 734
25 736
56 736
110 736
214 736
285 736
347 736
359 736
436 736
447 736
634 736
858 736
867 736
3 737
25 737
73 737
86 737
105 737
110 737
145 737
224 737
246 737
311 737
377 737
399 737
405 737
431 737
462 737
473 737
474 737
508 737
534 737
539 737
553 737
559 737
570 737
591 737
626 737
634 737
643 737
652 737
655 737
681 737
729 737
767 737
774 737
783 737
810 737
816 737
867 737
880 737
2 738
3 738
8 738
12 738
17 738
25 738
27 738
28 738
30 738
38 738
45 738
51 738
52 738
53 738
54 738
59 738
60 738
62 738
66 738
68 738
71 738
81 738
86 738
88 738
99 738
101 738
105 738
110 738
114 738
125 738
129 738
133 738
138 738
142 738
145 738
155 738
164 738
167 738
168 738
169 738
183 738
189 738
194 738
196 738
206 738
217 738
224 738
229 738
239 738
251 738
253 738
261 738
268 738
274 738
276 738
291 738
296 738
299 738
301 738
303 738
311 738
312 738
317 738
323 738
324 738
325 738
331 738
341 738
350 738
358 738
359 738
369 738
377 738
378 738
379 738
380 738
399 738
405 738
412 738
417 738
425 738
427 738
429 738
430 738
431 738
438 738
447 738
451 738
453 738
456 738
463 738
468 738
472 738
473 738
474 738
479 738
516 738
521 738
528 738
533 738
534 738
539 738
548 738
549 738
550 738
553 738
554 738
566 738
571 738
577 738
602 738
604 738
616 738
621 738
623 738
625 738
630 738
633 738
634 738
639 738
643 738
645 738
646 738
647 738
650 738
651 738
653 738
656 738
657 738
679 738
680 738
689 738
696 738
716 738
725 738
728 738
731 738
732 738
733 738
734 738
754 738
758 738
761 738
762 738
767 738
771 738
783 738
789 738
794 738
795 738
800 738
804 738
809 738
816 738
822 738
828 738
833 738
834 738
847 738
858 738
871 738
875 738
880 738
883 738
885 738
889 738
892 738
895 738
902 738
903 738
922 738
926 738
946 738
952 738
955 738
964 738
966 738
969 738
976 738
978 738
989 738
995 738
997 738
999 738
2 739
3 739
4 739
73 739
110 739
145 739
224 739
257 739
258 739
312 739
399 739
473 739
518 739
534 739
634 739
733 739
771 739
783 739
788 739
843 739
2 741
3 741
12 741
25 741
51 741
110 741
129 741
136 741
145 741
151 741
168 741
225 741
251 741
274 741
312 741
325 741
399 741
408 741
415 741
474 741
508 741
539 741
602 741
634 741
691 741
711 741
783 741
2 742
3 742
8 742
9 742
12 742
16 742
17 742
23 742
24 742
25 742
27 742
28 742
43 742
45 742
48 742
50 742
52 742
53 742
54 742
56 742
58 742
59 742
60 742
66 742
71 742
75 742
88 742
99 742
101 742
106 742
110 742
114 742
124 742
125 742
129 742
133 742
139 742
142 742
145 742
155 742
160 742
166 742
177 742
184 742
188 742
189 742
191 742
194 742
198 742
199 742
206 742
215 742
216 742
224 742
225 742
229 742
239 742
251 742
253 742
268 742
274 742
276 742
295 742
296 742
297 742
299 742
303 742
312 742
315 742
320 742
323 742
324 742
325 742
343 742
347 742
358 742
368 742
369 742
377 742
378 742
380 742
383 742
395 742
399 742
405 742
412 742
425 742
429 742
430 742
431 742
433 742
442 742
449 742
456 742
459 742
462 742
463 742
465 742
468 742
471 742
472 742
473 742
474 742
488 742
490 742
507 742
508 742
513 742
516 742
518 742
520 742
521 742
528 742
534 742
539 742
547 742
548 742
556 742
557 742
602 742
604 742
609 742
616 742
619 742
623 742
626 742
630 742
631 742
634 742
643 742
646 742
656 742
658 742
674 742
675 742
676 742
678 742
679 742
680 742
682 742
685 742
701 742
702 742
706 742
710 742
716 742
723 742
728 742
733 742
734 742
737 742
738 742
746 742
751 742
761 742
763 742
767 742
783 742
799 742
803 742
804 742
816 742
827 742
828 742
831 742
832 742
834 742
837 742
843 742
860 742
874 742
880 742
886 742
896 742
897 742
913 742
922 742
932 742
941 742
946 742
951 742
952 742
955 742
963 742
964 742
966 742
976 742
978 742
989 742
997 742
2 743
3 743
6 743
14 743
25 743
28 743
45 743
73 743
106 743
110 743
134 743
145 743
147 743
165 743
168 743
183 743
208 743
209 743
212 743
216 743
224 743
225 743
244 743
247 743
257 743
258 743
260 743
277 743
279 743
285 743
297 743
312 743
329 743
340 743
347 743
350 743
364 743
366 743
393 743
399 743
405 743
407 743
435 743
436 743
444 743
457 743
466 743
474 743
482 743
496 743
503 743
504 743
508 743
517 743
530 743
534 743
539 743
557 743
566 743
568 743
573 743
577 743
579 743
587 743
593 743
598 743
604 743
606 743
615 743
616 743
626 743
629 743
634 743
635 743
636 743
639 743
644 743
655 743
664 743
686 743
689 743
690 743
705 743
706 743
712 743
714 743
716 743
729 743
752 743
753 743
774 743
783 743
791 743
795 743
796 743
800 743
805 743
809 743
842 743
849 743
858 743
877 743
952 743
978 743
990 743
997 743
3 744
18 744
25 744
73 744
110 744
145 744
173 744
224 744
225 744
247 744
251 744
303 744
312 744
317 744
354 744
359 744
399 744
447 744
474 744
534 744
602 744
616 744
626 744
634 744
647 744
886 744
997 744
3 745
25 745
56 745
110 745
399 745
634 745
858 745
3 746
15 746
25 746
53 746
54 746
56 746
58 746
60 746
73 746
78 746
83 746
88 746
99 746
110 746
114 746
115 746
139 746
142 746
158 746
176 746
187 746
189 746
224 746
239 746
247 746
251 746
260 746
267 746
274 746
280 746
312 746
315 746
324 746
325 746
331 746
336 746
350 746
377 746
378 746
399 746
400 746
427 746
431 746
436 746
442 746
453 746
456 746
462 746
468 746
473 746
474 746
488 746
521 746
528 746
534 746
554 746
557 746
559 746
576 746
604 746
605 746
616 746
626 746
634 746
640 746
646 746
656 746
674 746
679 746
682 746
701 746
733 746
734 746
761 746
786 746
787 746
794 746
799 746
800 746
811 746
828 746
838 746
848 746
851 746
880 746
896 746
920 746
922 746
951 746
952 746
974 746
978 746
988 746
997 746
999 746
25 747
56 747
110 747
399 747
634 747
783 747
3 748
25 748
56 748
73 748
110 748
145 748
217 748
254 748
296 748
354 748
399 748
462 748
474 748
521 748
553 748
557 748
568 748
570 748
591 748
626 748
634 748
783 748
858 748
3 749
25 749
110 749
516 749
534 749
626 749
634 749
702 749
858 749
993 749
997 749
25 750
56 750
110 750
145 750
274 750
312 750
399 750
473 750
474 750
534 750
539 750
570 750
634 750
705 750
783 750
858 750
997 750
25 751
56 751
62 751
110 751
145 751
247 751
312 751
317 751
399 751
447 751
462 751
496 751
534 751
557 751
634 751
783 751
788 751
794 751
858 751
874 751
884 751
997 751
25 752
110 752
247 752
545 752
634 752
802 752
990 752
997 752
3 753
25 753
99 753
145 753
225 753
251 753
274 753
312 753
417 753
474 753
508 753
528 753
634 753
689 753
690 753
858 753
880 753
997 753
2 754
3 754
12 754
25 754
51 754
56 754
60 754
66 754
73 754
99 754
108 754
110 754
114 754
124 754
129 754
133 754
139 754
144 754
145 754
169 754
189 754
191 754
194 754
213 754
214 754
216 754
224 754
225 754
230 754
239 754
251 754
258 754
260 754
274 754
276 754
280 754
282 754
302 754
303 754
306 754
307 754
312 754
317 754
323 754
325 754
347 754
350 754
354 754
359 754
369 754
377 754
378 754
383 754
417 754
429 754
431 754
436 754
451 754
456 754
457 754
472 754
473 754
474 754
508 754
517 754
528 754
533 754
534 754
539 754
548 754
553 754
557 754
559 754
570 754
573 754
576 754
581 754
602 754
604 754
606 754
616 754
626 754
630 754
634 754
647 754
655 754
665 754
675 754
676 754
679 754
681 754
689 754
690 754
691 754
716 754
732 754
734 754
762 754
767 754
771 754
783 754
797 754
802 754
828 754
830 754
847 754
848 754
851 754
856 754
858 754
872 754
880 754
884 754
895 754
897 754
926 754
932 754
946 754
953 754
976 754
980 754
993 754
997 754
999 754
25 755
145 755
474 755
602 755
997 755
25 756
110 756
312 756
634 756
25 757
56 757
110 757
145 757
291 757
399 757
634 757
783 757
858 757
2 758
3 758
21 758
25 758
39 758
51 758
66 758
73 758
75 758
110 758
134 758
145 758
194 758
224 758
225 758
251 758
258 758
274 758
276 758
280 758
297 758
301 758
306 758
312 758
340 758
347 758
350 758
359 758
369 758
378 758
417 758
431 758
443 758
451 758
473 758
474 758
508 758
528 758
533 758
539 758
557 758
576 758
602 758
604 758
626 758
634 758
649 758
689 758
690 758
716 758
746 758
776 758
794 758
830 758
847 758
849 758
856 758
858 758
867 758
880 758
884 758
976 758
997 758
3 759
12 759
56 759
101 759
145 759
225 759
399 759
447 759
523 759
534 759
557 759
602 759
634 759
655 759
716 759
760 759
783 759
816 759
997 759
17 760
25 760
56 760
110 760
133 760
145 760
251 760
399 760
474 760
496 760
553 760
557 760
634 760
761 760
783 760
875 760
3 761
25 761
45 761
58 761
59 761
73 761
99 761
114 761
133 761
143 761
145 761
216 761
274 761
303 761
309 761
325 761
347 761
350 761
354 761
369 761
378 761
383 761
412 761
431 761
457 761
463 761
468 761
473 761
516 761
521 761
534 761
539 761
574 761
576 761
616 761
630 761
646 761
675 761
680 761
706 761
725 761
738 761
746 761
788 761
828 761
851 761
880 761
922 761
952 761
978 761
989 761
2 762
3 762
4 762
8 762
9 762
10 762
12 762
19 762
21 762
25 762
28 762
30 762
40 762
47 762
48 762
50 762
51 762
52 762
53 762
54 762
56 762
66 762
71 762
73 762
75 762
81 762
87 762
99 762
108 762
110 762
129 762
132 762
133 762
134 762
142 762
143 762
145 762
146 762
150 762
155 762
164 762
165 762
168 762
178 762
179 762
186 762
189 762
191 762
193 762
194 762
199 762
206 762
207 762
212 762
213 762
216 762
224 762
229 762
230 762
233 762
239 762
247 762
258 762
260 762
268 762
269 762
274 762
276 762
280 762
283 762
296 762
297 762
299 762
301 762
302 762
306 762
311 762
312 762
315 762
317 762
325 762
333 762
335 762
347 762
358 762
359 762
361 762
369 762
371 762
373 762
375 762
377 762
378 762
381 762
384 762
399 762
402 762
412 762
417 762
425 762
429 762
430 762
431 762
436 762
443 762
447 762
448 762
451 762
453 762
456 762
457 762
458 762
463 762
468 762
472 762
473 762
474 762
496 762
503 762
508 762
511 762
513 762
516 762
521 762
528 762
534 762
539 762
548 762
550 762
556 762
557 762
566 762
573 762
576 762
577 762
581 762
602 762
604 762
612 762
616 762
617 762
618 762
626 762
629 762
630 762
631 762
634 762
640 762
643 762
645 762
647 762
651 762
655 762
664 762
671 762
674 762
680 762
681 762
689 762
690 762
702 762
704 762
716 762
722 762
738 762
754 762
758 762
761 762
763 762
768 762
770 762
771 762
783 762
794 762
795 762
804 762
818 762
828 762
830 762
831 762
833 762
834 762
843 762
847 762
849 762
855 762
858 762
870 762
877 762
880 762
884 762
885 762
886 762
889 762
896 762
897 762
899 762
922 762
926 762
928 762
936 762
941 762
942 762
946 762
949 762
951 762
952 762
954 762
961 762
976 762
978 762
982 762
984 762
997 762
25 763
225 763
858 763
978 763
3 764
25 764
51 764
56 764
66 764
145 764
225 764
251 764
312 764
431 764
473 764
474 764
528 764
576 764
647 764
681 764
708 764
771 764
880 764
3 765
5 765
56 765
145 765
209 765
224 765
312 765
350 765
529 765
539 765
563 765
570 765
626 765
634 765
650 765
783 765
847 765
858 765
999 765
25 766
56 766
110 766
399 766
474 766
508 766
534 766
557 766
570 766
631 766
634 766
655 766
816 766
880 766
3 767
12 767
25 767
45 767
53 767
56 767
99 767
114 767
129 767
194 767
206 767
216 767
223 767
224 767
225 767
274 767
295 767
303 767
325 767
347 767
350 767
369 767
377 767
378 767
383 767
409 767
425 767
472 767
474 767
479 767
508 767
516 767
520 767
534 767
539 767
550 767
576 767
616 767
633 767
643 767
656 767
675 767
706 767
734 767
742 767
754 767
803 767
858 767
880 767
922 767
961 767
972 767
2 768
3 768
12 768
25 768
28 768
56 768
73 768
75 768
110 768
124 768
129 768
133 768
142 768
145 768
162 768
165 768
190 768
194 768
224 768
225 768
239 768
244 768
260 768
297 768
312 768
324 768
325 768
347 768
359 768
378 768
386 768
399 768
405 768
417 768
429 768
431 768
451 768
456 768
457 768
463 768
473 768
496 768
528 768
534 768
557 768
573 768
576 768
593 768
602 768
604 768
616 768
626 768
634 768
647 768
662 768
674 768
691 768
762 768
782 768
783 768
794 768
830 768
847 768
858 768
859 768
872 768
877 768
880 768
884 768
897 768
942 768
952 768
954 768
963 768
978 768
25 769
46 769
49 769
50 769
73 769
145 769
181 769
251 769
513 769
528 769
534 769
571 769
634 769
638 769
804 769
895 769
917 769
935 769
25 770
634 770
858 770
997 770
2 771
3 771
12 771
16 771
18 771
24 771
25 771
27 771
28 771
30 771
32 771
50 771
51 771
53 771
54 771
56 771
58 771
60 771
66 771
71 771
73 771
75 771
99 771
101 771
106 771
108 771
110 771
114 771
124 771
129 771
132 771
133 771
139 771
144 771
145 771
164 771
165 771
181 771
184 771
188 771
189 771
191 771
194 771
209 771
214 771
216 771
224 771
225 771
229 771
234 771
239 771
251 771
258 771
260 771
267 771
270 771
274 771
276 771
277 771
282 771
285 771
286 771
290 771
296 771
297 771
302 771
303 771
306 771
309 771
312 771
315 771
323 771
325 771
331 771
333 771
347 771
350 771
354 771
358 771
359 771
369 771
373 771
375 771
377 771
378 771
379 771
400 771
404 771
405 771
409 771
412 771
414 771
417 771
425 771
426 771
429 771
431 771
436 771
442 771
443 771
451 771
456 771
463 771
468 771
472 771
473 771
474 771
483 771
485 771
499 771
516 771
518 771
521 771
523 771
528 771
534 771
539 771
548 771
550 771
553 771
556 771
557 771
563 771
564 771
571 771
573 771
574 771
576 771
577 771
581 771
589 771
602 771
604 771
616 771
617 771
618 771
621 771
626 771
630 771
634 771
639 771
645 771
646 771
647 771
650 771
652 771
655 771
656 771
677 771
679 771
680 771
689 771
690 771
691 771
699 771
702 771
706 771
716 771
725 771
732 771
738 771
739 771
746 771
754 771
761 771
762 771
764 771
767 771
776 771
782 771
783 771
794 771
795 771
803 771
804 771
811 771
828 771
830 771
834 771
838 771
843 771
847 771
851 771
855 771
858 771
870 771
871 771
872 771
875 771
880 771
883 771
886 771
896 771
897 771
899 771
922 771
928 771
932 771
933 771
944 771
946 771
951 771
952 771
954 771
955 771
961 771
964 771
965 771
966 771
972 771
976 771
978 771
980 771
989 771
997 771
999 771
25 772
497 772
2 773
3 773
25 773
225 773
474 773
508 773
634 773
858 773
3 774
4 774
25 774
51 774
53 774
56 774
73 774
75 774
108 774
136 774
145 774
224 774
225 774
251 774
274 774
277 774
292 774
297 774
312 774
340 774
399 774
435 774
474 774
539 774
557 774
570 774
576 774
577 774
604 774
616 774
626 774
634 774
689 774
690 774
691 774
783 774
792 774
822 774
856 774
880 774
961 774
25 775
56 775
143 775
145 775
602 775
634 775
783 775
856 775
997 775
2 776
3 776
6 776
25 776
28 776
51 776
56 776
60 776
66 776
73 776
75 776
92 776
134 776
145 776
147 776
165 776
190 776
194 776
209 776
224 776
225 776
229 776
244 776
251 776
252 776
257 776
274 776
283 776
296 776
297 776
299 776
302 776
312 776
325 776
335 776
347 776
359 776
378 776
399 776
405 776
431 776
436 776
457 776
463 776
473 776
474 776
496 776
517 776
528 776
534 776
539 776
557 776
573 776
576 776
585 776
590 776
593 776
602 776
604 776
616 776
626 776
634 776
650 776
691 776
734 776
758 776
768 776
783 776
816 776
847 776
858 776
877 776
880 776
884 776
928 776
952 776
961 776
970 776
978 776
4 777
25 777
110 777
474 777
568 777
634 777
783 777
858 777
25 778
56 778
110 778
173 778
689 778
25 779
53 779
56 779
59 779
66 779
110 779
274 779
276 779
312 779
350 779
369 779
463 779
473 779
576 779
602 779
634 779
647 779
758 779
847 779
858 779
958 779
997 779
2 781
3 781
8 781
18 781
25 781
27 781
28 781
51 781
56 781
73 781
86 781
101 781
110 781
129 781
139 781
145 781
160 781
165 781
166 781
168 781
173 781
175 781
190 781
214 781
224 781
225 781
229 781
244 781
251 781
252 781
258 781
280 781
283 781
301 781
312 781
317 781
329 781
347 781
358 781
378 781
399 781
405 781
417 781
457 781
463 781
468 781
474 781
483 781
490 781
508 781
517 781
518 781
534 781
539 781
553 781
557 781
566 781
570 781
571 781
573 781
593 781
604 781
616 781
634 781
646 781
647 781
655 781
674 781
689 781
691 781
704 781
711 781
718 781
734 781
761 781
773 781
783 781
785 781
803 781
816 781
834 781
858 781
880 781
884 781
885 781
907 781
952 781
959 781
978 781
997 781
25 782
56 782
110 782
133 782
225 782
359 782
369 782
383 782
447 782
474 782
490 782
528 782
534 782
570 782
576 782
634 782
783 782
2 783
3 783
25 783
28 783
30 783
51 783
56 783
66 783
73 783
110 783
120 783
129 783
134 783
136 783
145 783
152 783
157 783
165 783
168 783
169 783
173 783
183 783
190 783
209 783
222 783
224 783
225 783
229 783
244 783
251 783
258 783
274 783
283 783
297 783
306 783
311 783
312 783
329 783
335 783
340 783
347 783
359 783
366 783
368 783
399 783
405 783
407 783
412 783
417 783
431 783
436 783
457 783
473 783
474 783
496 783
539 783
546 783
568 783
570 783
573 783
576 783
577 783
587 783
593 783
602 783
604 783
605 783
616 783
626 783
635 783
639 783
689 783
690 783
691 783
734 783
774 783
776 783
781 783
788 783
791 783
794 783
795 783
796 783
797 783
805 783
816 783
822 783
828 783
834 783
849 783
858 783
876 783
877 783
880 783
884 783
908 783
921 783
926 783
929 783
940 783
941 783
946 783
952 783
956 783
958 783
961 783
970 783
973 783
978 783
980 783
997 783
110 784
165 784
456 784
557 784
783 784
997 784
2 785
3 785
8 785
14 785
17 785
18 785
25 785
27 785
50 785
54 785
56 785
62 785
71 785
75 785
96 785
101 785
106 785
110 785
120 785
134 785
143 785
166 785
172 785
224 785
225 785
244 785
252 785
270 785
297 785
303 785
312 785
359 785
399 785
436 785
462 785
474 785
496 785
513 785
517 785
534 785
553 785
566 785
573 785
604 785
625 785
626 785
634 785
656 785
691 785
734 785
781 785
782 785
783 785
788 785
791 785
803 785
804 785
816 785
834 785
886 785
25 786
110 786
185 786
325 786
350 786
462 786
557 786
640 786
25 787
176 787
336 787
442 787
462 787
468 787
488 787
557 787
602 787
626 787
651 787
783 787
788 787
794 787
799 787
997 787
2 788
3 788
9 788
25 788
27 788
30 788
35 788
51 788
56 788
58 788
62 788
75 788
108 788
110 788
144 788
145 788
176 788
224 788
225 788
229 788
258 788
260 788
283 788
285 788
298 788
301 788
312 788
315 788
331 788
336 788
350 788
375 788
378 788
399 788
400 788
431 788
437 788
442 788
447 788
451 788
453 788
456 788
462 788
468 788
472 788
474 788
488 788
490 788
518 788
528 788
534 788
557 788
566 788
576 788
604 788
611 788
630 788
634 788
639 788
640 788
647 788
651 788
662 788
674 788
680 788
689 788
690 788
701 788
716 788
733 788
734 788
751 788
761 788
783 788
787 788
794 788
799 788
803 788
858 788
860 788
874 788
880 788
913 788
946 788
959 788
997 788
25 789
56 789
73 789
110 789
145 789
634 789
783 789
858 789
3 790
25 790
51 790
56 790
73 790
96 790
110 790
129 790
145 790
193 790
229 790
251 790
285 790
312 790
378 790
447 790
473 790
474 790
528 790
534 790
539 790
557 790
571 790
618 790
634 790
701 790
741 790
761 790
783 790
849 790
875 790
932 790
954 790
997 790
25 791
54 791
56 791
108 791
260 791
369 791
379 791
474 791
508 791
634 791
689 791
690 791
741 791
783 791
884 791
3 792
25 792
73 792
99 792
108 792
110 792
181 792
194 792
224 792
239 792
251 792
260 792
280 792
282 792
299 792
302 792
312 792
399 792
436 792
456 792
468 792
474 792
534 792
539 792
557 792
576 792
604 792
626 792
634 792
691 792
734 792
774 792
783 792
816 792
871 792
988 792
989 792
25 793
56 793
110 793
311 793
2 794
3 794
25 794
30 794
62 794
66 794
110 794
129 794
144 794
145 794
165 794
196 794
214 794
225 794
239 794
251 794
261 794
267 794
274 794
280 794
283 794
291 794
297 794
306 794
312 794
320 794
323 794
325 794
340 794
341 794
350 794
359 794
369 794
375 794
377 794
378 794
399 794
417 794
431 794
433 794
436 794
442 794
451 794
453 794
456 794
462 794
463 794
468 794
473 794
474 794
496 794
501 794
508 794
521 794
528 794
534 794
539 794
548 794
557 794
576 794
602 794
604 794
605 794
616 794
617 794
625 794
626 794
631 794
634 794
639 794
647 794
651 794
660 794
689 794
690 794
716 794
758 794
768 794
783 794
788 794
801 794
819 794
828 794
847 794
849 794
856 794
858 794
871 794
880 794
882 794
883 794
884 794
952 794
974 794
985 794
997 794
3 795
25 795
56 795
110 795
280 795
474 795
528 795
634 795
783 795
797 795
997 795
25 796
56 796
73 796
75 796
110 796
294 796
516 796
534 796
576 796
625 796
634 796
783 796
3 797
56 797
62 797
110 797
207 797
280 797
456 797
473 797
474 797
508 797
521 797
570 797
576 797
602 797
626 797
634 797
677 797
689 797
783 797
795 797
830 797
841 797
842 797
926 797
989 797
25 798
56 798
99 798
110 798
359 798
447 798
496 798
521 798
534 798
557 798
602 798
634 798
674 798
783 798
858 798
997 798
25 799
129 799
133 799
145 799
176 799
312 799
331 799
336 799
369 799
378 799
399 799
431 799
442 799
468 799
488 799
534 799
557 799
623 799
634 799
640 799
651 799
746 799
783 799
787 799
788 799
828 799
880 799
881 799
2 800
3 800
12 800
15 800
17 800
25 800
28 800
30 800
38 800
49 800
53 800
60 800
73 800
75 800
88 800
99 800
110 800
114 800
129 800
133 800
139 800
144 800
145 800
165 800
194 800
206 800
207 800
209 800
212 800
214 800
217 800
224 800
225 800
239 800
247 800
251 800
258 800
274 800
280 800
283 800
290 800
298 800
299 800
301 800
302 800
303 800
312 800
319 800
323 800
324 800
331 800
350 800
359 800
368 800
369 800
378 800
382 800
399 800
406 800
412 800
417 800
427 800
431 800
436 800
447 800
451 800
453 800
456 800
462 800
463 800
473 800
474 800
483 800
496 800
501 800
513 800
517 800
528 800
534 800
539 800
546 800
548 800
553 800
555 800
557 800
566 800
568 800
573 800
581 800
593 800
599 800
604 800
616 800
625 800
626 800
633 800
634 800
639 800
640 800
642 800
647 800
651 800
655 800
657 800
674 800
689 800
691 800
708 800
738 800
746 800
751 800
767 800
768 800
776 800
783 800
794 800
803 800
805 800
809 800
828 800
830 800
847 800
849 800
851 800
858 800
867 800
875 800
880 800
885 800
889 800
907 800
932 800
951 800
952 800
970 800
974 800
978 800
997 800
999 800
3 801
4 801
28 801
129 801
144 801
224 801
260 801
274 801
312 801
347 801
431 801
447 801
457 801
472 801
528 801
539 801
566 801
576 801
604 801
616 801
626 801
633 801
634 801
783 801
794 801
880 801
997 801
3 802
25 802
51 802
56 802
225 802
297 802
307 802
312 802
417 802
545 802
634 802
752 802
754 802
783 802
858 802
990 802
3 803
56 803
58 803
99 803
114 803
129 803
146 803
160 803
274 803
296 803
325 803
331 803
366 803
369 803
375 803
377 803
378 803
386 803
429 803
431 803
456 803
472 803
473 803
476 803
518 803
534 803
539 803
576 803
604 803
617 803
626 803
656 803
674 803
679 803
680 803
761 803
771 803
781 803
783 803
785 803
788 803
828 803
834 803
880 803
913 803
922 803
961 803
2 804
3 804
19 804
25 804
56 804
110 804
125 804
129 804
145 804
214 804
225 804
251 804
280 804
447 804
463 804
474 804
528 804
559 804
576 804
602 804
604 804
626 804
634 804
655 804
677 804
758 804
783 804
858 804
880 804
941 804
2 805
3 805
17 805
21 805
25 805
28 805
51 805
56 805
60 805
88 805
110 805
129 805
134 805
145 805
165 805
173 805
190 805
194 805
209 805
217 805
224 805
225 805
244 805
251 805
283 805
293 805
297 805
301 805
317 805
350 805
359 805
366 805
399 805
405 805
417 805
436 805
457 805
458 805
473 805
474 805
496 805
513 805
539 805
553 805
557 805
573 805
576 805
577 805
593 805
604 805
615 805
626 805
631 805
634 805
642 805
652 805
689 805
690 805
691 805
734 805
783 805
800 805
806 805
816 805
825 805
847 805
849 805
858 805
871 805
877 805
880 805
926 805
929 805
952 805
978 805
3 806
4 806
25 806
56 806
75 806
134 806
143 806
165 806
217 806
224 806
244 806
267 806
312 806
347 806
474 806
496 806
501 806
517 806
529 806
555 806
559 806
573 806
593 806
604 806
626 806
634 806
642 806
650 806
708 806
734 806
783 806
805 806
847 806
875 806
990 806
56 807
101 807
496 807
634 807
660 807
783 807
62 808
129 808
213 808
224 808
244 808
311 808
324 808
462 808
474 808
516 808
534 808
593 808
604 808
650 808
711 808
741 808
797 808
816 808
858 808
997 808
3 809
25 809
30 809
53 809
56 809
58 809
60 809
99 809
101 809
110 809
114 809
133 809
139 809
144 809
145 809
152 809
155 809
194 809
207 809
225 809
239 809
296 809
298 809
299 809
303 809
312 809
323 809
324 809
347 809
369 809
377 809
409 809
417 809
427 809
431 809
447 809
453 809
454 809
473 809
474 809
488 809
508 809
513 809
534 809
548 809
557 809
581 809
602 809
604 809
611 809
616 809
630 809
633 809
640 809
646 809
647 809
655 809
656 809
657 809
674 809
738 809
758 809
800 809
828 809
847 809
848 809
849 809
858 809
872 809
946 809
951 809
952 809
970 809
978 809
997 809
3 810
4 810
17 810
25 810
56 810
66 810
73 810
112 810
165 810
224 810
226 810
311 810
312 810
347 810
368 810
469 810
474 810
534 810
557 810
573 810
593 810
626 810
634 810
655 810
734 810
783 810
816 810
997 810
3 811
21 811
25 811
73 811
165 811
224 811
276 811
317 811
462 811
474 811
521 811
534 811
573 811
576 811
593 811
602 811
626 811
634 811
639 811
657 811
741 811
746 811
783 811
867 811
875 811
966 811
145 812
462 812
508 812
634 812
689 812
690 812
783 812
794 812
25 813
56 813
145 813
634 813
783 813
25 814
139 814
244 814
257 814
466 814
534 814
602 814
997 814
17 815
56 815
145 815
217 815
326 815
474 815
634 815
690 815
702 815
858 815
997 815
2 816
3 816
17 816
25 816
73 816
134 816
145 816
165 816
209 816
213 816
224 816
225 816
244 816
251 816
276 816
297 816
311 816
312 816
330 816
359 816
399 816
473 816
474 816
528 816
573 816
576 816
593 816
602 816
616 816
626 816
634 816
635 816
689 816
690 816
734 816
752 816
776 816
783 816
792 816
805 816
839 816
840 816
842 816
847 816
858 816
874 816
885 816
941 816
970 816
982 816
3 817
25 817
134 817
145 817
225 817
267 817
312 817
474 817
508 817
539 817
604 817
626 817
655 817
689 817
690 817
783 817
25 818
56 818
145 818
783 818
867 818
2 819
3 819
25 819
44 819
75 819
194 819
247 819
251 819
274 819
276 819
297 819
306 819
312 819
317 819
336 819
417 819
435 819
448 819
462 819
468 819
473 819
474 819
485 819
521 819
534 819
557 819
576 819
602 819
616 819
631 819
771 819
783 819
794 819
797 819
880 819
944 819
997 819
56 820
73 820
145 820
473 820
474 820
534 820
570 820
602 820
650 820
783 820
816 820
2 821
3 821
13 821
51 821
62 821
133 821
145 821
225 821
399 821
462 821
473 821
474 821
483 821
816 821
933 821
2 822
3 822
6 822
25 822
48 822
50 822
51 822
56 822
73 822
75 822
129 822
134 822
145 822
146 822
224 822
225 822
251 822
257 822
258 822
274 822
283 822
290 822
301 822
312 822
315 822
359 822
364 822
378 822
399 822
417 822
431 822
473 822
474 822
483 822
508 822
534 822
539 822
568 822
573 822
576 822
577 822
602 822
604 822
616 822
626 822
634 822
639 822
647 822
651 822
655 822
670 822
689 822
690 822
691 822
738 822
774 822
783 822
816 822
830 822
847 822
858 822
880 822
929 822
937 822
946 822
952 822
959 822
978 822
980 822
997 822
999 822
2 823
3 823
56 823
145 823
146 823
225 823
251 823
306 823
312 823
447 823
528 823
534 823
539 823
616 823
621 823
646 823
655 823
689 823
690 823
2 824
3 824
17 824
28 824
56 824
75 824
143 824
145 824
165 824
173 824
190 824
224 824
225 824
252 824
298 824
312 824
350 824
378 824
405 824
417 824
474 824
483 824
557 824
568 824
593 824
604 824
626 824
634 824
691 824
704 824
734 824
738 824
783 824
884 824
929 824
3 825
25 825
28 825
56 825
66 825
73 825
114 825
134 825
145 825
155 825
165 825
224 825
283 825
297 825
311 825
312 825
315 825
328 825
347 825
359 825
469 825
473 825
474 825
528 825
534 825
570 825
573 825
576 825
593 825
604 825
605 825
626 825
639 825
675 825
816 825
849 825
858 825
951 825
3 826
145 826
399 826
474 826
768 826
783 826
858 826
56 827
125 827
145 827
276 827
359 827
375 827
473 827
508 827
526 827
528 827
602 827
626 827
689 827
690 827
734 827
858 827
3 828
25 828
28 828
30 828
45 828
56 828
58 828
60 828
66 828
75 828
114 828
129 828
139 828
144 828
145 828
146 828
155 828
160 828
189 828
191 828
194 828
214 828
217 828
224 828
247 828
251 828
253 828
261 828
274 828
276 828
280 828
297 828
306 828
309 828
311 828
312 828
324 828
325 828
335 828
340 828
341 828
347 828
349 828
350 828
359 828
366 828
368 828
369 828
373 828
377 828
378 828
409 828
417 828
431 828
436 828
442 828
447 828
451 828
453 828
456 828
463 828
466 828
468 828
472 828
473 828
474 828
508 828
516 828
521 828
528 828
533 828
534 828
544 828
546 828
550 828
557 828
576 828
602 828
604 828
616 828
617 828
618 828
626 828
630 828
634 828
636 828
639 828
645 828
647 828
651 828
656 828
660 828
675 828
677 828
680 828
682 828
689 828
690 828
701 828
706 828
710 828
716 828
724 828
761 828
771 828
783 828
794 828
803 828
834 828
847 828
849 828
851 828
858 828
859 828
864 828
875 828
880 828
885 828
905 828
909 828
922 828
952 828
955 828
961 828
964 828
972 828
974 828
976 828
978 828
980 828
993 828
997 828
56 829
62 829
73 829
145 829
229 829
251 829
359 829
399 829
462 829
474 829
513 829
516 829
534 829
816 829
849 829
997 829
3 830
51 830
145 830
225 830
274 830
297 830
301 830
340 830
399 830
474 830
576 830
602 830
604 830
626 830
642 830
655 830
758 830
783 830
816 830
847 830
858 830
978 830
3 831
56 831
145 831
247 831
508 831
604 831
689 831
690 831
816 831
3 832
534 832
2 833
3 833
5 833
8 833
16 833
17 833
25 833
45 833
50 833
56 833
59 833
60 833
63 833
64 833
66 833
68 833
73 833
75 833
88 833
92 833
99 833
124 833
125 833
127 833
129 833
144 833
145 833
165 833
189 833
191 833
194 833
217 833
223 833
224 833
234 833
244 833
251 833
253 833
283 833
294 833
302 833
303 833
311 833
315 833
324 833
325 833
341 833
350 833
354 833
359 833
366 833
369 833
378 833
429 833
436 833
447 833
453 833
465 833
473 833
474 833
483 833
496 833
507 833
517 833
528 833
534 833
539 833
557 833
566 833
570 833
571 833
573 833
604 833
616 833
617 833
618 833
626 833
631 833
634 833
643 833
646 833
647 833
651 833
655 833
674 833
716 833
722 833
729 833
782 833
785 833
803 833
804 833
816 833
828 833
843 833
860 833
880 833
889 833
907 833
980 833
2 834
3 834
4 834
8 834
9 834
10 834
12 834
17 834
18 834
25 834
27 834
28 834
30 834
43 834
46 834
47 834
48 834
50 834
53 834
54 834
56 834
58 834
62 834
66 834
71 834
73 834
75 834
92 834
98 834
101 834
106 834
110 834
114 834
124 834
125 834
129 834
133 834
134 834
139 834
142 834
143 834
144 834
145 834
152 834
155 834
158 834
160 834
162 834
165 834
168 834
173 834
178 834
181 834
189 834
190 834
191 834
193 834
194 834
199 834
204 834
207 834
212 834
214 834
224 834
225 834
229 834
239 834
244 834
251 834
252 834
254 834
258 834
267 834
269 834
274 834
276 834
277 834
278 834
280 834
283 834
285 834
290 834
295 834
296 834
297 834
301 834
302 834
303 834
306 834
309 834
311 834
312 834
317 834
323 834
325 834
331 834
340 834
343 834
347 834
350 834
357 834
358 834
359 834
369 834
373 834
375 834
377 834
378 834
399 834
402 834
405 834
409 834
412 834
417 834
422 834
429 834
431 834
436 834
437 834
442 834
443 834
451 834
453 834
456 834
457 834
462 834
463 834
465 834
468 834
469 834
472 834
473 834
474 834
478 834
479 834
485 834
496 834
508 834
516 834
518 834
521 834
528 834
531 834
534 834
539 834
548 834
550 834
554 834
555 834
556 834
557 834
559 834
566 834
570 834
571 834
573 834
576 834
577 834
589 834
593 834
601 834
602 834
604 834
616 834
617 834
625 834
626 834
629 834
630 834
631 834
634 834
639 834
643 834
645 834
646 834
647 834
655 834
656 834
664 834
674 834
675 834
676 834
677 834
679 834
680 834
681 834
689 834
690 834
691 834
704 834
706 834
712 834
714 834
716 834
724 834
725 834
734 834
741 834
745 834
746 834
754 834
758 834
762 834
768 834
771 834
773 834
781 834
782 834
783 834
788 834
794 834
797 834
803 834
804 834
809 834
810 834
816 834
828 834
847 834
849 834
858 834
872 834
875 834
880 834
883 834
884 834
885 834
889 834
892 834
899 834
902 834
917 834
922 834
926 834
928 834
941 834
943 834
946 834
952 834
954 834
955 834
961 834
966 834
970 834
976 834
978 834
980 834
989 834
997 834
999 834
3 835
25 835
75 835
145 835
359 835
453 835
689 835
690 835
716 835
880 835
952 835
978 835
3 836
25 836
145 836
224 836
244 836
293 836
417 836
473 836
474 836
508 836
528 836
548 836
557 836
593 836
604 836
626 836
655 836
689 836
690 836
847 836
2 837
3 837
56 837
62 837
145 837
312 837
462 837
474 837
570 837
816 837
2 838
3 838
59 838
66 838
75 838
99 838
110 838
129 838
133 838
138 838
145 838
155 838
177 838
194 838
224 838
225 838
229 838
239 838
251 838
269 838
274 838
289 838
301 838
309 838
312 838
325 838
347 838
358 838
359 838
369 838
377 838
399 838
412 838
431 838
447 838
468 838
472 838
473 838
474 838
508 838
528 838
533 838
534 838
539 838
550 838
568 838
576 838
593 838
602 838
604 838
616 838
617 838
625 838
633 838
636 838
639 838
647 838
675 838
716 838
732 838
738 838
746 838
761 838
762 838
771 838
783 838
795 838
816 838
828 838
850 838
851 838
872 838
880 838
897 838
922 838
932 838
951 838
999 838
1000 838
56 839
145 839
816 839
17 840
56 840
145 840
508 840
689 840
690 840
816 840
3 841
25 841
47 841
56 841
145 841
162 841
183 841
251 841
312 841
437 841
453 841
463 841
469 841
474 841
534 841
602 841
631 841
646 841
681 841
682 841
779 841
797 841
880 841
933 841
966 841
3 842
25 842
28 842
56 842
145 842
224 842
244 842
251 842
297 842
312 842
399 842
474 842
508 842
539 842
557 842
576 842
593 842
604 842
655 842
689 842
690 842
691 842
816 842
877 842
997 842
3 843
56 843
145 843
175 843
239 843
276 843
347 843
379 843
399 843
521 843
534 843
602 843
689 843
706 843
783 843
828 843
880 843
922 843
5 844
145 844
244 844
399 844
436 844
469 844
508 844
539 844
559 844
566 844
634 844
662 844
711 844
774 844
852 844
858 844
889 844
890 844
56 845
145 845
224 845
771 845
816 845
3 846
56 846
145 846
224 846
816 846
2 847
3 847
4 847
17 847
19 847
21 847
25 847
39 847
48 847
50 847
51 847
58 847
59 847
66 847
73 847
75 847
110 847
114 847
129 847
133 847
137 847
144 847
145 847
165 847
196 847
207 847
213 847
214 847
224 847
225 847
226 847
244 847
247 847
251 847
258 847
267 847
274 847
276 847
283 847
287 847
291 847
296 847
297 847
301 847
302 847
307 847
312 847
315 847
317 847
323 847
325 847
333 847
335 847
340 847
343 847
345 847
350 847
359 847
369 847
378 847
399 847
417 847
431 847
436 847
443 847
447 847
451 847
453 847
457 847
468 847
472 847
473 847
474 847
483 847
499 847
508 847
517 847
528 847
533 847
534 847
539 847
548 847
554 847
555 847
557 847
566 847
569 847
570 847
573 847
576 847
577 847
602 847
604 847
616 847
617 847
618 847
626 847
634 847
640 847
642 847
646 847
647 847
651 847
655 847
664 847
670 847
674 847
680 847
681 847
689 847
690 847
691 847
704 847
716 847
732 847
754 847
758 847
764 847
768 847
771 847
776 847
779 847
794 847
805 847
806 847
816 847
822 847
828 847
830 847
834 847
836 847
843 847
849 847
858 847
872 847
880 847
885 847
922 847
928 847
932 847
937 847
946 847
952 847
955 847
961 847
965 847
970 847
974 847
976 847
978 847
997 847
999 847
3 848
25 848
53 848
56 848
58 848
62 848
92 848
114 848
121 848
145 848
230 848
312 848
324 848
399 848
447 848
462 848
570 848
602 848
626 848
629 848
681 848
754 848
809 848
816 848
851 848
951 848
961 848
980 848
2 849
3 849
9 849
17 849
21 849
25 849
28 849
48 849
51 849
59 849
73 849
75 849
108 849
124 849
129 849
134 849
145 849
155 849
175 849
176 849
194 849
217 849
224 849
225 849
229 849
239 849
244 849
251 849
271 849
274 849
280 849
283 849
297 849
303 849
311 849
312 849
315 849
317 849
325 849
334 849
335 849
340 849
342 849
343 849
347 849
350 849
359 849
369 849
377 849
378 849
399 849
431 849
436 849
451 849
457 849
462 849
463 849
468 849
473 849
474 849
508 849
516 849
518 849
528 849
534 849
548 849
576 849
577 849
589 849
593 849
604 849
616 849
626 849
630 849
642 849
646 849
647 849
679 849
681 849
689 849
690 849
691 849
707 849
710 849
722 849
758 849
794 849
805 849
825 849
834 849
847 849
855 849
858 849
864 849
867 849
875 849
877 849
880 849
885 849
933 849
946 849
951 849
952 849
978 849
997 849
999 849
145 850
244 850
576 850
2 851
3 851
12 851
17 851
25 851
28 851
30 851
50 851
51 851
60 851
66 851
75 851
99 851
101 851
108 851
125 851
129 851
133 851
142 851
143 851
144 851
145 851
175 851
191 851
224 851
225 851
239 851
244 851
252 851
274 851
280 851
297 851
303 851
311 851
312 851
325 851
347 851
350 851
359 851
369 851
378 851
399 851
412 851
417 851
431 851
435 851
463 851
468 851
472 851
473 851
474 851
488 851
496 851
513 851
516 851
528 851
534 851
539 851
546 851
557 851
570 851
576 851
593 851
602 851
604 851
616 851
626 851
630 851
634 851
646 851
647 851
651 851
655 851
660 851
662 851
680 851
706 851
716 851
732 851
746 851
754 851
758 851
761 851
768 851
771 851
779 851
783 851
794 851
804 851
816 851
828 851
834 851
838 851
855 851
858 851
877 851
880 851
928 851
932 851
946 851
951 851
980 851
3 852
4 852
5 852
17 852
18 852
25 852
28 852
38 852
56 852
65 852
73 852
92 852
105 852
124 852
125 852
134 852
145 852
169 852
185 852
209 852
212 852
224 852
233 852
244 852
254 852
267 852
271 852
291 852
297 852
311 852
317 852
330 852
345 852
350 852
359 852
399 852
427 852
442 852
443 852
457 852
469 852
473 852
474 852
499 852
508 852
517 852
518 852
534 852
539 852
546 852
554 852
566 852
577 852
585 852
591 852
593 852
602 852
604 852
616 852
626 852
629 852
634 852
642 852
644 852
650 852
651 852
655 852
662 852
671 852
676 852
691 852
708 852
716 852
771 852
774 852
781 852
783 852
816 852
842 852
844 852
849 852
877 852
886 852
889 852
890 852
952 852
970 852
978 852
3 853
56 853
60 853
73 853
106 853
145 853
212 853
224 853
244 853
247 853
324 853
399 853
447 853
474 853
485 853
513 853
534 853
570 853
576 853
631 853
662 853
783 853
816 853
852 853
889 853
997 853
56 854
145 854
244 854
3 855
25 855
28 855
56 855
73 855
75 855
99 855
144 855
145 855
217 855
224 855
244 855
312 855
315 855
323 855
347 855
399 855
473 855
474 855
528 855
534 855
539 855
576 855
593 855
602 855
604 855
616 855
691 855
771 855
816 855
849 855
858 855
871 855
877 855
881 855
145 856
244 856
297 856
412 856
626 856
639 856
647 856
689 856
690 856
729 856
794 856
820 856
858 856
926 856
997 856
3 857
56 857
145 857
244 857
359 857
417 857
431 857
456 857
474 857
534 857
602 857
604 857
626 857
783 857
970 857
3 858
25 858
40 858
44 858
45 858
56 858
73 858
99 858
125 858
136 858
145 858
183 858
207 858
213 858
214 858
217 858
244 858
251 858
297 858
301 858
325 858
340 858
350 858
359 858
399 858
412 858
436 858
462 858
474 858
483 858
508 858
534 858
553 858
570 858
583 858
602 858
605 858
626 858
629 858
634 858
647 858
655 858
664 858
682 858
689 858
691 858
712 858
758 858
783 858
788 858
816 858
827 858
847 858
877 858
926 858
946 858
951 858
952 858
958 858
978 858
3 859
4 859
25 859
28 859
30 859
56 859
75 859
145 859
189 859
225 859
239 859
244 859
251 859
274 859
283 859
312 859
359 859
366 859
399 859
474 859
539 859
546 859
557 859
576 859
577 859
604 859
626 859
639 859
647 859
655 859
680 859
689 859
690 859
714 859
803 859
828 859
849 859
856 859
952 859
970 859
978 859
997 859
3 860
15 860
56 860
145 860
244 860
312 860
317 860
369 860
399 860
474 860
508 860
557 860
757 860
3 861
28 861
56 861
73 861
75 861
145 861
151 861
194 861
222 861
224 861
225 861
244 861
251 861
283 861
312 861
359 861
399 861
431 861
474 861
534 861
539 861
557 861
570 861
604 861
662 861
816 861
851 861
858 861
952 861
978 861
2 862
3 862
28 862
53 862
110 862
145 862
165 862
224 862
225 862
244 862
297 862
302 862
312 862
378 862
405 862
451 862
466 862
474 862
483 862
508 862
518 862
528 862
534 862
539 862
557 862
593 862
604 862
616 862
626 862
652 862
691 862
704 862
783 862
805 862
816 862
849 862
941 862
952 862
954 862
978 862
2 864
3 864
6 864
25 864
50 864
73 864
129 864
145 864
224 864
239 864
244 864
260 864
274 864
301 864
305 864
312 864
347 864
359 864
364 864
378 864
417 864
422 864
431 864
451 864
457 864
473 864
474 864
528 864
539 864
557 864
576 864
602 864
647 864
675 864
680 864
691 864
774 864
783 864
816 864
952 864
974 864
978 864
56 865
145 865
216 865
244 865
299 865
431 865
642 865
3 866
51 866
145 866
225 866
244 866
285 866
312 866
324 866
329 866
417 866
604 866
626 866
691 866
946 866
980 866
3 867
86 867
145 867
226 867
244 867
274 867
508 867
534 867
539 867
577 867
626 867
689 867
690 867
758 867
885 867
954 867
997 867
3 868
25 868
28 868
56 868
75 868
128 868
145 868
224 868
226 868
244 868
253 868
312 868
399 868
474 868
517 868
523 868
539 868
577 868
593 868
604 868
616 868
626 868
688 868
691 868
783 868
816 868
842 868
858 868
867 868
874 868
877 868
885 868
909 868
944 868
952 868
954 868
978 868
982 868
3 869
31 869
56 869
75 869
145 869
226 869
244 869
280 869
474 869
528 869
539 869
577 869
602 869
634 869
774 869
885 869
2 870
3 870
56 870
57 870
71 870
73 870
99 870
124 870
133 870
142 870
143 870
144 870
145 870
194 870
229 870
244 870
253 870
280 870
283 870
299 870
302 870
312 870
347 870
350 870
359 870
431 870
436 870
463 870
468 870
469 870
473 870
528 870
534 870
576 870
602 870
626 870
858 870
880 870
889 870
964 870
3 871
7 871
28 871
30 871
48 871
53 871
54 871
58 871
73 871
75 871
129 871
134 871
139 871
144 871
145 871
209 871
224 871
239 871
285 871
296 871
303 871
312 871
315 871
323 871
358 871
359 871
377 871
378 871
399 871
409 871
431 871
436 871
463 871
468 871
473 871
474 871
485 871
528 871
534 871
539 871
550 871
573 871
576 871
593 871
602 871
604 871
611 871
616 871
646 871
670 871
691 871
716 871
771 871
804 871
828 871
855 871
880 871
895 871
902 871
951 871
952 871
978 871
997 871
2 872
3 872
25 872
30 872
56 872
108 872
110 872
129 872
145 872
224 872
225 872
229 872
251 872
260 872
274 872
280 872
291 872
296 872
306 872
312 872
325 872
350 872
359 872
369 872
383 872
399 872
417 872
431 872
451 872
473 872
474 872
508 872
528 872
539 872
540 872
573 872
576 872
585 872
602 872
604 872
616 872
626 872
634 872
647 872
675 872
697 872
732 872
828 872
830 872
834 872
838 872
847 872
858 872
880 872
922 872
999 872
3 873
56 873
145 873
474 873
691 873
56 874
73 874
144 874
145 874
168 874
399 874
462 874
534 874
557 874
602 874
689 874
690 874
788 874
797 874
816 874
3 875
17 875
56 875
73 875
145 875
165 875
168 875
183 875
225 875
253 875
285 875
366 875
399 875
431 875
474 875
501 875
602 875
847 875
974 875
989 875
997 875
3 876
30 876
60 876
73 876
110 876
145 876
225 876
251 876
268 876
274 876
280 876
312 876
323 876
325 876
341 876
399 876
447 876
473 876
474 876
528 876
534 876
602 876
604 876
615 876
625 876
691 876
761 876
783 876
788 876
941 876
989 876
3 877
4 877
25 877
28 877
51 877
56 877
145 877
225 877
251 877
283 877
297 877
306 877
312 877
340 877
431 877
474 877
478 877
483 877
570 877
576 877
585 877
593 877
602 877
604 877
626 877
634 877
689 877
690 877
805 877
842 877
849 877
858 877
978 877
997 877
2 878
3 878
54 878
66 878
71 878
73 878
79 878
80 878
88 878
99 878
110 878
134 878
135 878
145 878
184 878
194 878
225 878
274 878
283 878
297 878
325 878
328 878
468 878
473 878
516 878
521 878
534 878
547 878
556 878
601 878
602 878
616 878
623 878
626 878
631 878
658 878
691 878
734 878
759 878
763 878
825 878
856 878
870 878
880 878
941 878
980 878
145 879
474 879
3 880
4 880
9 880
10 880
14 880
19 880
21 880
25 880
28 880
39 880
47 880
51 880
53 880
56 880
58 880
59 880
66 880
81 880
86 880
87 880
92 880
106 880
108 880
110 880
119 880
132 880
133 880
134 880
138 880
139 880
142 880
143 880
145 880
146 880
155 880
165 880
168 880
178 880
179 880
183 880
189 880
190 880
193 880
194 880
199 880
207 880
209 880
211 880
213 880
216 880
225 880
226 880
229 880
230 880
233 880
234 880
239 880
247 880
251 880
253 880
257 880
258 880
260 880
265 880
269 880
274 880
276 880
277 880
279 880
280 880
296 880
297 880
303 880
306 880
307 880
311 880
312 880
315 880
317 880
323 880
324 880
325 880
329 880
333 880
335 880
340 880
341 880
349 880
350 880
352 880
357 880
358 880
359 880
361 880
366 880
369 880
371 880
373 880
375 880
377 880
378 880
381 880
384 880
393 880
399 880
402 880
404 880
405 880
408 880
409 880
412 880
417 880
425 880
429 880
431 880
435 880
436 880
437 880
443 880
447 880
448 880
451 880
453 880
454 880
456 880
466 880
467 880
468 880
473 880
474 880
475 880
477 880
483 880
499 880
501 880
508 880
511 880
513 880
516 880
521 880
529 880
531 880
533 880
534 880
536 880
539 880
540 880
546 880
550 880
553 880
555 880
557 880
564 880
566 880
568 880
570 880
571 880
573 880
574 880
576 880
581 880
585 880
587 880
593 880
604 880
606 880
611 880
612 880
616 880
617 880
618 880
622 880
630 880
633 880
634 880
640 880
642 880
649 880
651 880
652 880
655 880
660 880
664 880
665 880
667 880
670 880
671 880
675 880
676 880
679 880
680 880
681 880
688 880
689 880
690 880
691 880
702 880
704 880
705 880
712 880
714 880
716 880
724 880
725 880
729 880
732 880
733 880
753 880
754 880
758 880
761 880
762 880
764 880
767 880
770 880
771 880
773 880
774 880
776 880
781 880
783 880
789 880
791 880
794 880
795 880
798 880
800 880
801 880
803 880
804 880
812 880
816 880
828 880
830 880
833 880
835 880
836 880
841 880
842 880
843 880
847 880
849 880
851 880
856 880
858 880
861 880
864 880
867 880
870 880
871 880
877 880
882 880
885 880
886 880
889 880
897 880
899 880
909 880
922 880
926 880
928 880
941 880
943 880
944 880
946 880
947 880
949 880
951 880
952 880
954 880
958 880
960 880
966 880
968 880
969 880
972 880
974 880
976 880
978 880
980 880
984 880
985 880
988 880
989 880
993 880
997 880
999 880
1000 880
73 881
145 881
315 881
323 881
534 881
629 881
771 881
816 881
855 881
858 881
871 881
952 881
978 881
2 882
3 882
4 882
27 882
30 882
50 882
56 882
58 882
62 882
71 882
73 882
106 882
129 882
143 882
145 882
160 882
194 882
224 882
225 882
229 882
239 882
260 882
271 882
274 882
276 882
280 882
285 882
302 882
311 882
312 882
325 882
334 882
350 882
359 882
369 882
377 882
378 882
417 882
456 882
463 882
472 882
474 882
485 882
508 882
521 882
528 882
534 882
539 882
557 882
576 882
602 882
604 882
616 882
617 882
618 882
626 882
630 882
640 882
646 882
716 882
794 882
828 882
880 882
895 882
941 882
955 882
56 883
74 883
145 883
165 883
399 883
506 883
557 883
716 883
952 883
978 883
2 884
3 884
22 884
25 884
28 884
50 884
51 884
66 884
73 884
129 884
134 884
143 884
145 884
165 884
173 884
190 884
194 884
207 884
224 884
229 884
247 884
251 884
258 884
268 884
274 884
283 884
285 884
290 884
297 884
301 884
312 884
317 884
325 884
329 884
333 884
340 884
347 884
350 884
359 884
366 884
369 884
378 884
399 884
402 884
405 884
408 884
412 884
417 884
429 884
431 884
436 884
457 884
473 884
474 884
483 884
496 884
528 884
539 884
548 884
557 884
559 884
573 884
576 884
593 884
602 884
604 884
616 884
626 884
634 884
642 884
646 884
647 884
650 884
655 884
681 884
689 884
690 884
691 884
704 884
754 884
758 884
768 884
771 884
776 884
783 884
794 884
830 884
834 884
849 884
858 884
877 884
880 884
946 884
952 884
954 884
961 884
974 884
978 884
980 884
997 884
999 884
2 885
3 885
4 885
25 885
28 885
51 885
56 885
66 885
75 885
110 885
136 885
145 885
181 885
224 885
226 885
251 885
257 885
258 885
267 885
274 885
301 885
307 885
312 885
372 885
378 885
408 885
417 885
474 885
539 885
548 885
576 885
589 885
604 885
626 885
634 885
647 885
655 885
686 885
689 885
690 885
701 885
816 885
847 885
858 885
867 885
880 885
926 885
946 885
951 885
952 885
978 885
989 885
997 885
2 886
3 886
7 886
16 886
18 886
53 886
58 886
66 886
73 886
75 886
119 886
132 886
145 886
168 886
214 886
230 886
277 886
296 886
312 886
315 886
358 886
369 886
373 886
400 886
412 886
473 886
528 886
534 886
539 886
576 886
604 886
626 886
642 886
655 886
691 886
771 886
783 886
816 886
834 886
858 886
922 886
933 886
952 886
960 886
978 886
997 886
56 887
145 887
496 887
539 887
570 887
738 887
952 887
978 887
2 888
3 888
6 888
25 888
28 888
70 888
73 888
145 888
224 888
226 888
257 888
258 888
283 888
312 888
359 888
399 888
474 888
559 888
602 888
626 888
662 888
711 888
783 888
952 888
978 888
3 889
25 889
50 889
145 889
239 889
244 889
251 889
274 889
276 889
285 889
312 889
378 889
399 889
417 889
474 889
483 889
539 889
557 889
568 889
602 889
604 889
616 889
626 889
634 889
655 889
738 889
783 889
797 889
858 889
870 889
880 889
885 889
890 889
929 889
951 889
952 889
978 889
980 889
997 889
145 890
244 890
399 890
473 890
689 890
690 890
889 890
911 890
952 890
978 890
997 890
73 891
145 891
399 891
534 891
570 891
602 891
952 891
978 891
6 892
145 892
858 892
952 892
978 892
2 893
3 893
25 893
30 893
51 893
99 893
110 893
129 893
132 893
145 893
190 893
224 893
225 893
229 893
274 893
276 893
299 893
317 893
359 893
377 893
378 893
417 893
425 893
429 893
435 893
508 893
516 893
533 893
534 893
539 893
602 893
604 893
618 893
626 893
646 893
679 893
716 893
794 893
828 893
830 893
858 893
880 893
952 893
978 893
3 895
25 895
28 895
44 895
46 895
48 895
49 895
50 895
58 895
73 895
75 895
139 895
145 895
152 895
181 895
193 895
213 895
260 895
276 895
297 895
312 895
315 895
350 895
378 895
399 895
429 895
431 895
437 895
456 895
463 895
472 895
474 895
508 895
534 895
539 895
546 895
566 895
571 895
583 895
616 895
634 895
638 895
670 895
675 895
754 895
769 895
804 895
816 895
856 895
893 895
896 895
910 895
917 895
933 895
937 895
941 895
952 895
966 895
978 895
982 895
3 896
17 896
25 896
44 896
46 896
48 896
49 896
50 896
56 896
57 896
62 896
92 896
110 896
114 896
145 896
164 896
181 896
189 896
191 896
206 896
217 896
239 896
251 896
296 896
297 896
306 896
312 896
315 896
323 896
325 896
347 896
350 896
358 896
369 896
377 896
378 896
399 896
409 896
453 896
456 896
462 896
463 896
473 896
496 896
516 896
521 896
528 896
533 896
534 896
539 896
550 896
571 896
583 896
602 896
604 896
616 896
618 896
626 896
634 896
638 896
655 896
681 896
701 896
716 896
746 896
771 896
794 896
804 896
816 896
834 896
858 896
867 896
875 896
895 896
898 896
910 896
917 896
935 896
937 896
941 896
946 896
952 896
964 896
978 896
3 897
25 897
30 897
75 897
99 897
110 897
129 897
138 897
145 897
168 897
225 897
239 897
260 897
274 897
291 897
296 897
312 897
324 897
325 897
333 897
341 897
350 897
359 897
378 897
409 897
417 897
431 897
451 897
473 897
516 897
518 897
534 897
539 897
548 897
557 897
571 897
576 897
602 897
604 897
616 897
634 897
675 897
689 897
716 897
754 897
768 897
771 897
797 897
849 897
858 897
880 897
899 897
911 897
946 897
952 897
970 897
978 897
997 897
2 898
3 898
25 898
28 898
44 898
46 898
48 898
49 898
53 898
54 898
58 898
60 898
69 898
73 898
75 898
83 898
129 898
142 898
143 898
145 898
153 898
181 898
183 898
193 898
229 898
253 898
276 898
283 898
297 898
303 898
309 898
317 898
323 898
354 898
380 898
402 898
429 898
436 898
442 898
453 898
456 898
463 898
468 898
474 898
476 898
496 898
513 898
516 898
518 898
533 898
534 898
546 898
571 898
583 898
638 898
646 898
670 898
710 898
716 898
769 898
771 898
788 898
804 898
841 898
843 898
880 898
886 898
895 898
896 898
910 898
917 898
935 898
937 898
941 898
952 898
964 898
978 898
993 898
997 898
2 899
3 899
25 899
28 899
51 899
58 899
62 899
66 899
73 899
75 899
99 899
105 899
110 899
124 899
142 899
144 899
145 899
183 899
189 899
193 899
213 899
214 899
229 899
239 899
251 899
274 899
285 899
294 899
295 899
312 899
347 899
358 899
359 899
369 899
377 899
383 899
399 899
431 899
457 899
462 899
473 899
474 899
533 899
534 899
539 899
548 899
552 899
576 899
577 899
602 899
604 899
606 899
616 899
640 899
646 899
647 899
655 899
681 899
718 899
752 899
758 899
771 899
794 899
834 899
858 899
880 899
946 899
951 899
952 899
954 899
970 899
978 899
997 899
152 900
910 900
25 901
46 901
145 901
165 901
181 901
513 901
534 901
571 901
583 901
602 901
638 901
858 901
867 901
895 901
917 901
935 901
937 901
952 901
978 901
2 902
3 902
8 902
12 902
18 902
25 902
28 902
48 902
51 902
58 902
75 902
99 902
129 902
143 902
145 902
152 902
181 902
207 902
251 902
274 902
302 902
303 902
312 902
324 902
350 902
431 902
456 902
473 902
528 902
534 902
571 902
636 902
670 902
674 902
681 902
706 902
722 902
738 902
753 902
758 902
761 902
834 902
875 902
886 902
919 902
937 902
952 902
978 902
995 902
997 902
4 903
28 903
56 903
73 903
145 903
146 903
247 903
274 903
312 903
399 903
474 903
570 903
646 903
732 903
783 903
816 903
907 903
952 903
978 903
828 905
3 906
4 906
25 906
40 906
46 906
50 906
73 906
145 906
181 906
297 906
312 906
474 906
496 906
539 906
545 906
557 906
570 906
571 906
583 906
626 906
729 906
783 906
816 906
861 906
895 906
910 906
917 906
928 906
929 906
935 906
941 906
952 906
978 906
993 906
997 906
3 907
28 907
51 907
60 907
66 907
73 907
129 907
145 907
229 907
244 907
246 907
257 907
312 907
378 907
399 907
462 907
474 907
513 907
518 907
534 907
539 907
557 907
604 907
646 907
651 907
677 907
679 907
691 907
800 907
816 907
880 907
903 907
952 907
964 907
978 907
997 907
3 908
4 908
15 908
18 908
24 908
25 908
45 908
56 908
73 908
75 908
92 908
99 908
134 908
145 908
175 908
193 908
209 908
218 908
224 908
257 908
269 908
288 908
296 908
312 908
341 908
359 908
368 908
399 908
427 908
436 908
473 908
474 908
496 908
508 908
534 908
559 908
566 908
577 908
593 908
602 908
608 908
616 908
626 908
634 908
640 908
642 908
646 908
662 908
681 908
691 908
774 908
783 908
877 908
886 908
889 908
893 908
926 908
952 908
970 908
977 908
978 908
997 908
3 909
28 909
73 909
145 909
183 909
312 909
399 909
474 909
534 909
570 909
576 909
681 909
816 909
858 909
925 909
929 909
952 909
978 909
3 910
16 910
25 910
46 910
47 910
49 910
50 910
53 910
101 910
132 910
145 910
181 910
312 910
442 910
463 910
476 910
534 910
550 910
557 910
571 910
591 910
638 910
804 910
880 910
895 910
898 910
917 910
931 910
935 910
952 910
978 910
980 910
3 911
134 911
145 911
225 911
251 911
274 911
276 911
301 911
312 911
325 911
359 911
399 911
431 911
462 911
539 911
858 911
922 911
929 911
952 911
978 911
997 911
28 912
128 912
145 912
783 912
885 912
928 912
929 912
952 912
978 912
2 913
3 913
6 913
8 913
16 913
17 913
24 913
25 913
27 913
28 913
44 913
45 913
46 913
48 913
49 913
50 913
52 913
54 913
56 913
58 913
59 913
60 913
62 913
66 913
71 913
73 913
88 913
99 913
101 913
106 913
108 913
114 913
124 913
125 913
129 913
133 913
134 913
139 913
142 913
143 913
144 913
145 913
146 913
155 913
165 913
175 913
176 913
181 913
184 913
194 913
206 913
224 913
225 913
229 913
239 913
247 913
251 913
254 913
260 913
267 913
268 913
274 913
280 913
290 913
291 913
299 913
303 913
312 913
315 913
323 913
324 913
325 913
331 913
336 913
347 913
354 913
358 913
368 913
369 913
377 913
380 913
383 913
389 913
399 913
414 913
425 913
427 913
431 913
435 913
436 913
442 913
444 913
447 913
453 913
456 913
462 913
463 913
468 913
472 913
473 913
474 913
479 913
488 913
490 913
496 913
498 913
506 913
513 913
516 913
518 913
528 913
533 913
534 913
539 913
546 913
553 913
557 913
566 913
568 913
571 913
586 913
591 913
602 913
604 913
621 913
626 913
629 913
630 913
631 913
633 913
634 913
640 913
646 913
651 913
656 913
659 913
662 913
674 913
675 913
679 913
680 913
689 913
701 913
702 913
706 913
711 913
716 913
718 913
733 913
734 913
738 913
742 913
746 913
751 913
761 913
767 913
771 913
781 913
782 913
783 913
786 913
787 913
788 913
794 913
799 913
803 913
804 913
810 913
816 913
828 913
850 913
853 913
856 913
871 913
880 913
883 913
897 913
908 913
916 913
922 913
935 913
952 913
955 913
963 913
964 913
970 913
978 913
997 913
145 914
783 914
864 914
952 914
978 914
880 915
3 916
6 916
17 916
25 916
28 916
45 916
58 916
60 916
63 916
66 916
75 916
92 916
125 916
134 916
141 916
145 916
183 916
194 916
196 916
209 916
224 916
247 916
267 916
285 916
290 916
291 916
296 916
297 916
298 916
312 916
347 916
350 916
358 916
369 916
399 916
427 916
431 916
436 916
447 916
453 916
454 916
457 916
463 916
465 916
496 916
513 916
534 916
557 916
568 916
571 916
591 916
593 916
602 916
604 916
616 916
626 916
629 916
639 916
640 916
646 916
655 916
657 916
689 916
691 916
692 916
701 916
716 916
734 916
738 916
752 916
783 916
787 916
789 916
794 916
800 916
804 916
809 916
819 916
858 916
861 916
871 916
875 916
936 916
941 916
952 916
956 916
974 916
978 916
985 916
997 916
2 917
3 917
4 917
12 917
16 917
24 917
25 917
28 917
30 917
43 917
46 917
48 917
49 917
50 917
53 917
56 917
62 917
66 917
73 917
81 917
101 917
124 917
125 917
129 917
134 917
138 917
142 917
143 917
145 917
153 917
155 917
158 917
164 917
173 917
181 917
189 917
229 917
239 917
251 917
253 917
276 917
285 917
295 917
296 917
297 917
302 917
311 917
312 917
315 917
317 917
325 917
358 917
368 917
378 917
399 917
402 917
427 917
429 917
436 917
442 917
453 917
456 917
462 917
463 917
469 917
471 917
472 917
473 917
476 917
496 917
513 917
521 917
533 917
534 917
550 917
570 917
571 917
577 917
583 917
602 917
626 917
638 917
643 917
646 917
655 917
662 917
670 917
675 917
679 917
691 917
706 917
711 917
716 917
758 917
767 917
769 917
783 917
803 917
804 917
816 917
827 917
828 917
870 917
880 917
885 917
895 917
896 917
910 917
918 917
929 917
935 917
937 917
952 917
978 917
16 918
25 918
46 918
50 918
58 918
73 918
143 918
145 918
155 918
181 918
189 918
285 918
297 918
312 918
317 918
325 918
350 918
354 918
368 918
422 918
447 918
516 918
521 918
528 918
534 918
570 918
571 918
576 918
602 918
623 918
662 918
771 918
783 918
816 918
871 918
895 918
896 918
917 918
928 918
929 918
935 918
952 918
978 918
145 919
858 919
902 919
952 919
978 919
17 920
145 920
253 920
662 920
746 920
783 920
858 920
952 920
978 920
3 921
60 921
145 921
783 921
858 921
952 921
978 921
2 922
3 922
12 922
30 922
49 922
53 922
56 922
58 922
59 922
60 922
66 922
75 922
83 922
99 922
110 922
129 922
133 922
139 922
142 922
145 922
155 922
164 922
177 922
189 922
191 922
193 922
194 922
206 922
216 922
224 922
229 922
239 922
251 922
260 922
274 922
285 922
296 922
303 922
306 922
309 922
312 922
315 922
323 922
324 922
325 922
328 922
343 922
347 922
350 922
358 922
359 922
366 922
369 922
375 922
377 922
378 922
399 922
409 922
412 922
417 922
418 922
425 922
429 922
431 922
451 922
453 922
456 922
457 922
468 922
472 922
473 922
474 922
488 922
496 922
508 922
516 922
518 922
521 922
534 922
539 922
548 922
552 922
554 922
557 922
574 922
576 922
577 922
589 922
602 922
604 922
615 922
616 922
617 922
625 922
626 922
629 922
630 922
633 922
636 922
639 922
643 922
646 922
656 922
674 922
675 922
677 922
679 922
680 922
688 922
706 922
710 922
714 922
716 922
722 922
732 922
738 922
746 922
761 922
771 922
783 922
784 922
800 922
803 922
828 922
834 922
838 922
847 922
858 922
859 922
872 922
880 922
895 922
897 922
927 922
932 922
951 922
961 922
964 922
966 922
970 922
972 922
974 922
978 922
989 922
999 922
145 923
858 923
922 923
927 923
952 923
978 923
56 924
145 924
399 924
473 924
474 924
517 924
783 924
858 924
926 924
952 924
978 924
145 925
783 925
816 925
858 925
909 925
952 925
978 925
30 926
134 926
145 926
251 926
297 926
306 926
528 926
634 926
689 926
690 926
783 926
797 926
856 926
858 926
885 926
952 926
978 926
145 927
682 927
858 927
922 927
952 927
978 927
997 927
3 928
28 928
56 928
66 928
73 928
129 928
134 928
145 928
244 928
251 928
274 928
285 928
297 928
347 928
412 928
431 928
473 928
474 928
508 928
528 928
539 928
576 928
577 928
596 928
616 928
626 928
639 928
655 928
681 928
689 928
690 928
691 928
783 928
816 928
847 928
858 928
880 928
929 928
952 928
978 928
997 928
3 929
4 929
145 929
244 929
474 929
662 929
783 929
858 929
944 929
952 929
978 929
997 929
56 930
145 930
244 930
655 930
662 930
783 930
952 930
978 930
3 931
48 931
51 931
56 931
57 931
145 931
181 931
183 931
244 931
285 931
295 931
297 931
317 931
513 931
534 931
550 931
571 931
591 931
602 931
604 931
618 931
626 931
642 931
655 931
670 931
691 931
783 931
816 931
861 931
910 931
929 931
935 931
941 931
946 931
952 931
959 931
978 931
997 931
2 932
3 932
4 932
12 932
17 932
28 932
30 932
56 932
58 932
59 932
60 932
66 932
73 932
83 932
86 932
110 932
144 932
145 932
165 932
193 932
217 932
224 932
239 932
244 932
274 932
283 932
297 932
303 932
312 932
315 932
325 932
347 932
350 932
359 932
368 932
369 932
378 932
412 932
418 932
431 932
451 932
468 932
472 932
473 932
474 932
496 932
516 932
534 932
539 932
616 932
623 932
626 932
630 932
639 932
647 932
679 932
680 932
732 932
754 932
773 932
783 932
790 932
816 932
834 932
838 932
847 932
851 932
858 932
859 932
899 932
922 932
928 932
929 932
951 932
952 932
961 932
964 932
978 932
989 932
997 932
56 933
145 933
146 933
224 933
244 933
303 933
306 933
312 933
378 933
474 933
534 933
576 933
602 933
626 933
691 933
706 933
783 933
849 933
851 933
882 933
886 933
952 933
978 933
993 933
5 934
17 934
51 934
145 934
217 934
244 934
463 934
474 934
483 934
602 934
651 934
689 934
702 934
783 934
816 934
952 934
978 934
3 935
4 935
17 935
25 935
46 935
47 935
50 935
56 935
57 935
62 935
73 935
86 935
145 935
181 935
183 935
224 935
244 935
251 935
274 935
285 935
297 935
312 935
325 935
368 935
431 935
436 935
456 935
463 935
472 935
473 935
474 935
513 935
523 935
534 935
570 935
571 935
583 935
593 935
602 935
604 935
626 935
630 935
634 935
652 935
662 935
706 935
716 935
755 935
769 935
779 935
783 935
788 935
794 935
804 935
816 935
889 935
910 935
917 935
918 935
928 935
929 935
931 935
937 935
941 935
946 935
952 935
954 935
978 935
993 935
3 936
51 936
144 936
145 936
244 936
283 936
307 936
343 936
447 936
462 936
474 936
662 936
781 936
783 936
794 936
800 936
875 936
952 936
978 936
997 936
46 937
48 937
50 937
145 937
181 937
244 937
276 937
513 937
571 937
583 937
634 937
662 937
670 937
783 937
847 937
935 937
941 937
952 937
978 937
17 938
56 938
145 938
244 938
251 938
312 938
474 938
602 938
662 938
783 938
816 938
858 938
889 938
926 938
929 938
952 938
978 938
145 939
165 939
244 939
251 939
297 939
474 939
546 939
783 939
816 939
907 939
952 939
978 939
3 940
145 940
185 940
244 940
297 940
345 940
473 940
474 940
551 940
626 940
655 940
783 940
816 940
889 940
952 940
978 940
989 940
997 940
2 941
3 941
4 941
9 941
12 941
16 941
25 941
46 941
48 941
49 941
50 941
54 941
56 941
57 941
58 941
59 941
60 941
66 941
73 941
79 941
99 941
105 941
110 941
129 941
142 941
143 941
144 941
145 941
155 941
158 941
164 941
181 941
183 941
189 941
191 941
194 941
224 941
225 941
229 941
244 941
251 941
253 941
276 941
280 941
297 941
301 941
302 941
315 941
325 941
328 941
347 941
350 941
358 941
359 941
368 941
369 941
377 941
402 941
429 941
431 941
435 941
436 941
442 941
447 941
451 941
453 941
456 941
457 941
468 941
469 941
473 941
474 941
479 941
516 941
518 941
523 941
528 941
533 941
534 941
539 941
545 941
546 941
550 941
557 941
570 941
571 941
576 941
611 941
616 941
621 941
626 941
639 941
646 941
647 941
651 941
662 941
670 941
680 941
688 941
701 941
706 941
710 941
716 941
733 941
738 941
762 941
771 941
783 941
797 941
804 941
816 941
828 941
834 941
838 941
843 941
856 941
858 941
876 941
880 941
886 941
896 941
898 941
902 941
910 941
931 941
935 941
937 941
946 941
952 941
954 941
978 941
980 941
993 941
17 942
56 942
145 942
152 942
217 942
244 942
369 942
474 942
508 942
690 942
783 942
858 942
952 942
978 942
3 944
56 944
110 944
145 944
244 944
306 944
435 944
448 944
462 944
474 944
508 944
534 944
626 944
631 944
634 944
689 944
690 944
771 944
783 944
819 944
929 944
952 944
978 944
62 945
110 945
145 945
244 945
399 945
462 945
783 945
816 945
858 945
929 945
952 945
978 945
997 945
2 946
3 946
16 946
17 946
25 946
28 946
30 946
47 946
51 946
56 946
58 946
60 946
66 946
70 946
73 946
99 946
106 946
110 946
114 946
115 946
129 946
133 946
139 946
145 946
146 946
165 946
168 946
175 946
194 946
217 946
224 946
225 946
229 946
230 946
239 946
244 946
251 946
253 946
274 946
296 946
297 946
303 946
312 946
315 946
317 946
323 946
324 946
325 946
329 946
341 946
350 946
354 946
358 946
359 946
369 946
377 946
378 946
379 946
399 946
405 946
412 946
417 946
425 946
429 946
431 946
436 946
442 946
453 946
457 946
463 946
472 946
473 946
474 946
483 946
499 946
516 946
517 946
521 946
528 946
533 946
534 946
539 946
546 946
548 946
557 946
571 946
573 946
576 946
602 946
604 946
616 946
621 946
626 946
634 946
642 946
647 946
655 946
656 946
662 946
677 946
689 946
690 946
691 946
711 946
738 946
754 946
758 946
771 946
783 946
788 946
809 946
822 946
828 946
838 946
847 946
849 946
858 946
871 946
872 946
875 946
880 946
884 946
896 946
920 946
941 946
951 946
952 946
954 946
961 946
965 946
970 946
974 946
976 946
978 946
980 946
989 946
990 946
997 946
56 947
110 947
145 947
244 947
253 947
399 947
662 947
783 947
861 947
946 947
952 947
978 947
110 948
145 948
244 948
462 948
508 948
689 948
690 948
708 948
771 948
783 948
952 948
978 948
473 949
966 949
110 950
145 950
244 950
783 950
816 950
952 950
978 950
30 951
50 951
56 951
58 951
66 951
75 951
106 951
110 951
133 951
145 951
177 951
244 951
260 951
302 951
303 951
306 951
312 951
323 951
334 951
369 951
377 951
378 951
447 951
456 951
466 951
473 951
534 951
539 951
548 951
576 951
616 951
626 951
630 951
633 951
674 951
701 951
716 951
732 951
746 951
783 951
848 951
849 951
851 951
858 951
880 951
885 951
899 951
922 951
952 951
961 951
966 951
978 951
989 951
2 952
3 952
25 952
47 952
51 952
56 952
73 952
75 952
92 952
105 952
106 952
110 952
120 952
125 952
129 952
134 952
144 952
145 952
165 952
190 952
193 952
207 952
209 952
214 952
224 952
225 952
244 952
251 952
253 952
258 952
274 952
296 952
297 952
306 952
311 952
312 952
315 952
317 952
329 952
335 952
340 952
347 952
350 952
359 952
380 952
399 952
405 952
417 952
431 952
436 952
447 952
457 952
458 952
473 952
474 952
483 952
496 952
508 952
534 952
539 952
548 952
553 952
557 952
566 952
568 952
570 952
573 952
576 952
577 952
587 952
593 952
602 952
604 952
616 952
626 952
629 952
634 952
642 952
647 952
651 952
655 952
660 952
681 952
689 952
690 952
691 952
704 952
758 952
781 952
783 952
786 952
794 952
805 952
822 952
830 952
834 952
847 952
851 952
858 952
861 952
867 952
871 952
877 952
880 952
884 952
885 952
889 952
895 952
907 952
921 952
926 952
927 952
929 952
941 952
944 952
954 952
956 952
958 952
959 952
961 952
963 952
970 952
973 952
974 952
978 952
997 952
646 953
754 953
972 953
2 954
3 954
25 954
28 954
50 954
51 954
73 954
110 954
120 954
134 954
145 954
165 954
173 954
175 954
224 954
225 954
244 954
251 954
258 954
274 954
280 954
312 954
325 954
347 954
350 954
378 954
399 954
405 954
436 954
451 954
473 954
474 954
508 954
539 954
548 954
557 954
570 954
576 954
593 954
602 954
604 954
626 954
634 954
639 954
647 954
691 954
701 954
768 954
783 954
830 954
858 954
859 954
867 954
880 954
884 954
952 954
978 954
2 955
3 955
25 955
110 955
145 955
165 955
168 955
225 955
239 955
244 955
285 955
297 955
298 955
299 955
312 955
323 955
324 955
340 955
350 955
378 955
412 955
436 955
442 955
451 955
468 955
473 955
474 955
485 955
496 955
508 955
518 955
528 955
534 955
548 955
557 955
559 955
576 955
583 955
602 955
604 955
605 955
616 955
626 955
639 955
647 955
655 955
660 955
689 955
690 955
691 955
754 955
758 955
783 955
794 955
795 955
828 955
842 955
847 955
858 955
864 955
877 955
880 955
926 955
946 955
952 955
961 955
978 955
997 955
3 956
110 956
145 956
244 956
251 956
528 956
705 956
783 956
952 956
978 956
56 957
73 957
110 957
124 957
129 957
145 957
191 957
194 957
244 957
246 957
254 957
335 957
359 957
369 957
442 957
463 957
516 957
534 957
646 957
682 957
783 957
858 957
880 957
978 957
997 957
3 958
28 958
110 958
145 958
244 958
251 958
283 958
306 958
312 958
341 958
474 958
528 958
534 958
602 958
655 958
689 958
690 958
783 958
858 958
952 958
978 958
3 959
27 959
56 959
62 959
110 959
145 959
244 959
257 959
399 959
447 959
462 959
640 959
783 959
788 959
858 959
952 959
978 959
997 959
3 960
12 960
16 960
60 960
71 960
88 960
108 960
110 960
144 960
145 960
162 960
173 960
244 960
260 960
285 960
380 960
417 960
534 960
634 960
651 960
691 960
716 960
783 960
886 960
952 960
978 960
2 961
3 961
25 961
30 961
50 961
54 961
56 961
58 961
59 961
66 961
75 961
110 961
133 961
134 961
145 961
151 961
152 961
214 961
224 961
225 961
244 961
247 961
251 961
253 961
257 961
274 961
277 961
306 961
312 961
325 961
350 961
359 961
399 961
431 961
436 961
448 961
456 961
463 961
473 961
474 961
484 961
490 961
516 961
518 961
523 961
528 961
548 961
557 961
569 961
576 961
604 961
606 961
611 961
626 961
634 961
647 961
651 961
681 961
689 961
690 961
691 961
706 961
762 961
771 961
774 961
776 961
783 961
803 961
834 961
847 961
848 961
856 961
880 961
946 961
951 961
952 961
978 961
997 961
110 962
145 962
229 962
244 962
474 962
783 962
952 962
978 962
62 963
101 963
110 963
129 963
133 963
145 963
165 963
244 963
258 963
274 963
297 963
298 963
359 963
399 963
402 963
462 963
472 963
474 963
496 963
518 963
528 963
534 963
557 963
602 963
625 963
647 963
783 963
952 963
978 963
980 963
3 964
12 964
18 964
24 964
25 964
28 964
30 964
50 964
52 964
56 964
58 964
59 964
60 964
62 964
69 964
83 964
106 964
110 964
114 964
117 964
121 964
123 964
124 964
129 964
139 964
145 964
152 964
155 964
168 964
169 964
184 964
194 964
229 964
244 964
253 964
303 964
306 964
315 964
325 964
346 964
347 964
350 964
368 964
369 964
378 964
379 964
380 964
383 964
429 964
437 964
442 964
456 964
473 964
507 964
516 964
518 964
528 964
534 964
539 964
545 964
571 964
577 964
602 964
604 964
616 964
647 964
656 964
677 964
680 964
688 964
732 964
734 964
738 964
754 964
783 964
804 964
816 964
828 964
848 964
875 964
880 964
907 964
952 964
963 964
970 964
978 964
997 964
3 965
28 965
30 965
56 965
73 965
110 965
114 965
124 965
133 965
145 965
244 965
251 965
257 965
276 965
312 965
357 965
399 965
431 965
473 965
474 965
508 965
534 965
626 965
771 965
783 965
847 965
875 965
946 965
952 965
978 965
3 966
16 966
30 966
56 966
99 966
108 966
110 966
133 966
145 966
168 966
225 966
239 966
244 966
251 966
260 966
274 966
307 966
358 966
369 966
377 966
378 966
474 966
528 966
534 966
539 966
550 966
574 966
576 966
602 966
616 966
660 966
665 966
680 966
689 966
691 966
708 966
783 966
816 966
851 966
858 966
880 966
922 966
949 966
951 966
952 966
968 966
978 966
982 966
1000 966
665 967
966 967
110 968
145 968
244 968
399 968
474 968
665 968
783 968
816 968
952 968
966 968
978 968
110 969
145 969
244 969
528 969
534 969
738 969
783 969
816 969
858 969
952 969
978 969
2 970
3 970
4 970
25 970
30 970
45 970
48 970
51 970
53 970
56 970
73 970
75 970
86 970
105 970
106 970
110 970
124 970
139 970
145 970
168 970
180 970
191 970
194 970
196 970
207 970
224 970
225 970
244 970
251 970
254 970
258 970
267 970
268 970
269 970
274 970
283 970
285 970
297 970
299 970
301 970
302 970
312 970
317 970
324 970
325 970
335 970
359 970
378 970
399 970
402 970
408 970
417 970
422 970
431 970
443 970
451 970
463 970
469 970
474 970
496 970
513 970
516 970
528 970
534 970
539 970
553 970
557 970
559 970
563 970
570 970
576 970
589 970
602 970
604 970
616 970
626 970
633 970
646 970
647 970
655 970
662 970
670 970
689 970
690 970
704 970
706 970
716 970
771 970
783 970
797 970
804 970
816 970
828 970
834 970
847 970
849 970
857 970
858 970
880 970
885 970
897 970
922 970
928 970
946 970
952 970
955 970
978 970
980 970
997 970
3 971
56 971
77 971
110 971
145 971
225 971
244 971
254 971
474 971
783 971
858 971
952 971
978 971
3 972
110 972
145 972
244 972
378 972
399 972
431 972
473 972
516 972
539 972
546 972
576 972
602 972
630 972
655 972
771 972
783 972
828 972
858 972
880 972
922 972
952 972
953 972
978 972
999 972
3 973
4 973
56 973
73 973
110 973
145 973
244 973
295 973
378 973
399 973
474 973
546 973
783 973
952 973
976 973
978 973
2 974
3 974
8 974
25 974
50 974
51 974
62 974
83 974
99 974
110 974
124 974
139 974
145 974
175 974
176 974
217 974
239 974
244 974
251 974
297 974
312 974
323 974
324 974
382 974
429 974
431 974
442 974
462 974
469 974
483 974
513 974
528 974
539 974
546 974
554 974
557 974
576 974
577 974
604 974
616 974
725 974
746 974
768 974
783 974
794 974
800 974
828 974
847 974
875 974
880 974
946 974
952 974
976 974
978 974
110 975
145 975
474 975
753 975
783 975
952 975
978 975
2 976
3 976
12 976
30 976
50 976
58 976
66 976
75 976
99 976
106 976
110 976
129 976
139 976
142 976
145 976
158 976
189 976
191 976
193 976
194 976
224 976
229 976
239 976
244 976
251 976
258 976
260 976
274 976
276 976
280 976
283 976
296 976
297 976
303 976
306 976
312 976
315 976
317 976
325 976
347 976
350 976
359 976
369 976
373 976
377 976
378 976
399 976
412 976
426 976
429 976
431 976
451 976
456 976
457 976
463 976
468 976
472 976
473 976
474 976
483 976
508 976
516 976
528 976
533 976
534 976
539 976
548 976
550 976
557 976
576 976
589 976
602 976
604 976
616 976
617 976
626 976
630 976
639 976
643 976
646 976
647 976
680 976
682 976
716 976
722 976
754 976
758 976
762 976
771 976
783 976
828 976
834 976
843 976
847 976
880 976
885 976
895 976
922 976
946 976
973 976
974 976
980 976
110 977
145 977
244 977
343 977
359 977
442 977
474 977
508 977
602 977
646 977
754 977
783 977
3 978
56 978
110 978
145 978
165 978
168 978
193 978
244 978
251 978
253 978
258 978
274 978
276 978
296 978
297 978
301 978
312 978
340 978
380 978
399 978
431 978
436 978
473 978
474 978
496 978
508 978
566 978
570 978
576 978
585 978
604 978
616 978
626 978
639 978
651 978
652 978
677 978
689 978
690 978
691 978
783 978
847 978
858 978
877 978
880 978
889 978
921 978
926 978
927 978
941 978
952 978
954 978
956 978
958 978
961 978
970 978
997 978
110 979
145 979
244 979
783 979
875 979
997 979
3 980
54 980
110 980
145 980
168 980
244 980
251 980
377 980
399 980
412 980
474 980
533 980
559 980
602 980
618 980
626 980
647 980
689 980
783 980
880 980
3 981
4 981
5 981
17 981
25 981
28 981
75 981
110 981
128 981
129 981
134 981
145 981
157 981
165 981
176 981
183 981
190 981
209 981
225 981
226 981
235 981
244 981
247 981
268 981
296 981
311 981
323 981
329 981
340 981
347 981
358 981
359 981
378 981
390 981
404 981
405 981
412 981
417 981
436 981
447 981
474 981
497 981
505 981
517 981
546 981
553 981
559 981
570 981
571 981
573 981
585 981
602 981
606 981
616 981
625 981
626 981
630 981
640 981
652 981
691 981
753 981
758 981
774 981
783 981
788 981
794 981
816 981
825 981
840 981
851 981
859 981
861 981
864 981
880 981
889 981
918 981
926 981
952 981
978 981
993 981
997 981
73 982
110 982
145 982
203 982
244 982
359 982
399 982
456 982
474 982
508 982
534 982
602 982
616 982
716 982
783 982
816 982
889 982
929 982
966 982
58 983
110 983
142 983
145 983
216 983
244 983
399 983
534 983
675 983
783 983
56 984
110 984
145 984
244 984
312 984
557 984
783 984
858 984
880 984
3 985
56 985
110 985
145 985
165 985
244 985
251 985
474 985
602 985
783 985
794 985
56 986
110 986
145 986
244 986
546 986
783 986
816 986
2 987
3 987
30 987
56 987
110 987
145 987
244 987
359 987
429 987
474 987
783 987
834 987
3 988
56 988
66 988
75 988
110 988
145 988
244 988
274 988
297 988
306 988
312 988
325 988
463 988
473 988
474 988
483 988
528 988
576 988
602 988
616 988
626 988
634 988
647 988
655 988
783 988
797 988
858 988
880 988
885 988
940 988
980 988
999 988
2 989
3 989
27 989
30 989
50 989
59 989
66 989
108 989
110 989
124 989
129 989
145 989
173 989
225 989
229 989
239 989
244 989
260 989
303 989
306 989
315 989
325 989
343 989
350 989
369 989
375 989
378 989
399 989
447 989
451 989
463 989
473 989
516 989
534 989
539 989
546 989
548 989
557 989
576 989
602 989
604 989
616 989
626 989
639 989
647 989
655 989
675 989
680 989
681 989
761 989
783 989
828 989
864 989
875 989
880 989
922 989
940 989
951 989
952 989
954 989
978 989
997 989
3 990
30 990
110 990
139 990
145 990
244 990
253 990
312 990
508 990
546 990
752 990
783 990
946 990
2 991
3 991
110 991
125 991
129 991
145 991
169 991
244 991
247 991
296 991
431 991
602 991
697 991
732 991
783 991
800 991
110 992
145 992
244 992
783 992
3 993
110 993
145 993
244 993
299 993
325 993
474 993
528 993
546 993
576 993
626 993
647 993
689 993
690 993
749 993
754 993
783 993
880 993
933 993
941 993
997 993
110 994
145 994
244 994
546 994
655 994
783 994
997 994
3 995
62 995
73 995
110 995
145 995
244 995
276 995
350 995
399 995
462 995
474 995
534 995
546 995
552 995
602 995
639 995
783 995
875 995
997 995
3 997
25 997
66 997
110 997
136 997
145 997
165 997
168 997
212 997
214 997
244 997
247 997
251 997
253 997
277 997
285 997
297 997
340 997
366 997
435 997
436 997
466 997
474 997
501 997
504 997
528 997
559 997
598 997
602 997
605 997
626 997
647 997
660 997
689 997
690 997
691 997
758 997
783 997
794 997
795 997
842 997
856 997
867 997
875 997
877 997
952 997
961 997
978 997
999 997
3 998
51 998
56 998
110 998
136 998
139 998
145 998
168 998
244 998
264 998
312 998
483 998
681 998
783 998
816 998
2 999
3 999
4 999
19 999
21 999
25 999
28 999
47 999
48 999
51 999
66 999
73 999
75 999
81 999
108 999
110 999
129 999
134 999
136 999
145 999
147 999
152 999
155 999
165 999
168 999
179 999
197 999
207 999
214 999
216 999
217 999
224 999
225 999
229 999
230 999
233 999
244 999
247 999
251 999
267 999
269 999
274 999
276 999
277 999
280 999
296 999
297 999
301 999
307 999
312 999
323 999
324 999
325 999
335 999
340 999
350 999
352 999
359 999
361 999
366 999
369 999
374 999
378 999
381 999
393 999
399 999
404 999
405 999
412 999
417 999
431 999
435 999
436 999
443 999
444 999
447 999
451 999
453 999
456 999
457 999
463 999
466 999
468 999
469 999
473 999
474 999
496 999
501 999
502 999
503 999
504 999
505 999
508 999
513 999
517 999
518 999
528 999
534 999
539 999
540 999
548 999
553 999
555 999
557 999
559 999
566 999
570 999
573 999
576 999
577 999
583 999
587 999
598 999
602 999
604 999
616 999
618 999
626 999
634 999
635 999
639 999
646 999
652 999
655 999
664 999
670 999
671 999
681 999
689 999
690 999
691 999
702 999
704 999
734 999
738 999
754 999
758 999
770 999
771 999
774 999
783 999
791 999
794 999
800 999
802 999
804 999
822 999
830 999
834 999
835 999
842 999
847 999
849 999
856 999
858 999
859 999
871 999
872 999
874 999
877 999
880 999
884 999
885 999
886 999
889 999
890 999
922 999
926 999
928 999
941 999
952 999
954 999
955 999
958 999
959 999
961 999
966 999
970 999
974 999
978 999
980 999
982 999
984 999
988 999
989 999
997 999
110 1000
145 1000
244 1000
783 1000
816 1000
880 1000
966 1000
968 1000
