node,degree,eccentricity,betweenness_centrality,closeness_centrality,eigenvector_centrality,coreness_centrality,harmonic_centrality,clustering_coefficient,pagerank
0,67,6.0,3147.2868344881795,0.3839059674502712,0.06178270630271978,47,0.4070680902287225,0.1922207146087743,0.0001538210532406505
1,8,6.0,6008.458389347251,0.3240067151650811,0.004784801177851994,5,0.3341000680378667,0.14285714285714285,7.093707466398149e-05
2,50,6.0,4433.025256771686,0.36257542980758284,0.02448311601337885,37,0.3822159418014176,0.13142857142857145,0.00014203548543179084
3,70,6.0,3083.1208327455593,0.3938044889630866,0.07190742004724913,50,0.4171193803318381,0.21242236024844718,0.00015401612157657442
4,123,6.0,4800.388371723311,0.3796947657088351,0.15376652976176275,56,0.40582247343906036,0.18006130880980942,0.000243763990746952
5,67,5.0,3022.582838368702,0.3825225225225225,0.07073069338800624,49,0.40531480609201676,0.18588873812754408,0.00015194779468196809
6,363,5.0,177796.3207694079,0.47317979197622584,0.3997042407970721,56,0.5010781389019954,0.048262636409296386,0.0007728481821113511
7,8,6.0,41.14181919537131,0.3278764478764479,0.007426193981134487,8,0.33875542994711333,0.5,4.0802149927011446e-05
8,22,6.0,419.5782304751479,0.35440431806799844,0.019385487273420012,22,0.37006594441825785,0.17316017316017315,6.853291529234884e-05
9,113,6.0,7259.8857122527215,0.3957867263236391,0.14295902926367615,56,0.42180091066104036,0.15233881163084703,0.00023923273829627896
10,87,5.0,1654.439742489539,0.3772210376687989,0.1259895974024237,56,0.40049719997906746,0.2900294039026998,0.00017037802933508612
11,31,6.0,1053.804474043521,0.37933293627159026,0.040636032139285204,28,0.3993928926571448,0.13333333333333333,8.561055182102002e-05
12,98,6.0,2056.9142485582856,0.3826374286572544,0.1891801388174089,56,0.4077301512534771,0.4891647380601725,0.00018534771162596823
13,84,6.0,7057.890366930109,0.387267420649398,0.05594968507776418,45,0.41183597634376357,0.14830751577739532,0.00020956797799028128
14,38,6.0,649.9957193380683,0.3443819617173137,0.01610293565653789,30,0.3613518605746328,0.1251778093883357,0.00010808979506893391
15,44,6.0,479.4541512302583,0.35277500830840813,0.028636543691556614,35,0.3707986601768782,0.6173361522198731,0.00011560162638688052
16,17,7.0,1185.9990063025896,0.31707074227112064,0.0026585850797957683,15,0.3273160920829092,0.5,9.598124589523222e-05
17,3,7.0,6.02339571132578,0.29164758677534575,0.0011206216344468167,3,0.30113720476414824,0.3333333333333333,3.097233226790595e-05
18,141,5.0,18840.76593636963,0.4346253582639552,0.16368253014445863,55,0.4593918459203848,0.09321175278622086,0.00030607371775859173
19,25,6.0,510.5629222137731,0.35187845303867404,0.01982886623198149,24,0.3677631234625854,0.22333333333333336,7.414474090896718e-05
20,35,6.0,679.1254435136746,0.3735264793853733,0.0496016650678924,31,0.39356518553409353,0.1781512605042017,9.00252515856351e-05
21,78,6.0,3095.3907077215727,0.3914326101653248,0.1175546533333458,55,0.41578217407234963,0.13752913752913754,0.0001623312716951685
22,251,5.0,32920.85074067805,0.4454157633400937,0.3460380058034092,56,0.474114198984702,0.12653386454183266,0.00047993472290681617
23,40,6.0,281.59642211785183,0.36121823956442833,0.04205015791524387,37,0.3797404092740715,0.4282051282051282,9.77075732030543e-05
24,84,6.0,16202.416874693618,0.4075638318295258,0.11081876944923079,52,0.43185481760615185,0.13539873780837636,0.00021432496711099687
25,29,6.0,349.99947085668043,0.3566468809497144,0.02611640168484364,29,0.37379494426124715,0.3768472906403941,7.848143408389617e-05
26,123,6.0,7033.710275788837,0.3960820895522388,0.1506675015712925,56,0.422714188517324,0.16126882580301213,0.0002475677976588153
27,19,6.0,388.17785019322224,0.3261136712749616,0.0055544179022703885,17,0.33897524467470025,0.2807017543859649,7.40322793138782e-05
28,53,6.0,596.3160554012766,0.3792877560743211,0.07849428942700108,46,0.4009603810121986,0.21915820029027577,0.00011862543352534355
29,11,6.0,1992.4150619669663,0.3624722554208639,0.02889548397165346,10,0.37962003454229765,0.509090909090909,5.345687125407041e-05
30,5,7.0,8.409797499454335,0.2988176785211598,0.0012007944282305025,5,0.30888829075357044,0.4,3.606264401134624e-05
31,110,6.0,5750.7745740676555,0.3810349985043374,0.06217296240733738,45,0.40678023760926124,0.1756463719766472,0.00025246684023295864
32,47,6.0,1842.077723342169,0.36973180076628354,0.036545909525242844,38,0.3899120741089566,0.28492136910268273,0.00012229252820280433
33,7,6.0,6446.582673444532,0.3122977346278317,0.002556585427842792,5,0.32213324959437367,0.2380952380952381,7.019730369551632e-05
34,49,6.0,1627.4594274174049,0.3678526048284625,0.0342535565280397,40,0.38772177735907176,0.24914965986394558,0.00012026910239578545
35,21,6.0,191.34765827417013,0.3525211711961034,0.02573939432524669,20,0.36863191500495174,0.2571428571428572,6.192302462842398e-05
36,7,6.0,27.123843411766195,0.33111515466597347,0.008421987674648005,7,0.3422934003244604,0.2857142857142857,3.8808785629847566e-05
37,92,5.0,9201.603210452675,0.3896604466197614,0.08047068980686023,52,0.41427748992517643,0.13975155279503107,0.0002046321350362067
38,24,6.0,406.4495267034055,0.3415196525282857,0.015626359302011575,22,0.35598471764272294,0.23188405797101447,7.636633606519376e-05
39,272,6.0,36329.236856440984,0.44988344988344986,0.37532857925508134,56,0.47908619877535136,0.0926850444975038,0.0005182764884734226
40,49,6.0,1540.6571096134076,0.36303009575923395,0.035459542893616997,37,0.38240435442506393,0.19982993197278912,0.00012245850887246745
41,55,6.0,1796.4538004869755,0.3882116298915031,0.07348727055320535,46,0.41054063955619896,0.12996632996632998,0.00012146927178540935
42,93,6.0,4765.207182543569,0.41489153801055306,0.15177426750617667,54,0.4394619772858588,0.1664329125759701,0.00019301498354592315
43,84,5.0,4514.089111047592,0.39480535581453013,0.09830113770128464,52,0.41892238446644997,0.15289730349971312,0.00018293546085075728
44,2,7.0,0.0,0.28146544104649107,0.00048772917695966443,2,0.29042908732028816,1.0,2.8384430801388823e-05
45,41,6.0,1053.2014810832584,0.3506579309585421,0.01740518158415559,34,0.3681870518657866,0.17560975609756097,0.00011284138169857336
46,67,6.0,2427.015555719652,0.39754072779476934,0.0862575726790568,50,0.4210603443764335,0.13387607417458164,0.00015007529683294974
47,42,6.0,409.48563719772005,0.3552543507362784,0.034663259835144886,38,0.37241586852984027,0.470383275261324,0.0001016645233781149
48,76,6.0,4465.569121536625,0.3885431918008785,0.08511278677366214,51,0.41223635316901197,0.12596491228070175,0.0001704038596300053
49,160,6.0,9110.107669070874,0.42316125174407015,0.24115590585949298,56,0.45000000000005125,0.16580188679245284,0.00030587816476550575
50,62,6.0,8596.6038815691,0.36953872932985204,0.029731666297408376,37,0.3911890930025562,0.19407720782654678,0.00018584116421220266
51,70,6.0,14161.572756006715,0.3816057519472738,0.06244381410229623,45,0.4048463913748964,0.07412008281573498,0.0001984045352377306
52,71,6.0,2037.35668397013,0.3917696992064957,0.08280544438629409,52,0.41537918040510735,0.24466800804828973,0.0001555493407498501
53,72,6.0,4303.773672794014,0.3949277608978731,0.06447168118435574,45,0.4186554665829517,0.2793427230046948,0.0001701408094528279
54,13,6.0,95.76684040149436,0.32638105975197296,0.006220000192776342,13,0.3370126131783904,0.44871794871794873,5.3361811837590595e-05
55,15,6.0,308.48787807445854,0.33429561200923785,0.007308136267472661,13,0.3478123200920852,0.3238095238095238,5.922023780999018e-05
56,159,5.0,18116.23894343034,0.42417582417582417,0.1554225072333105,54,0.4515570209871209,0.1048483401003105,0.00033102775924352776
57,147,6.0,29386.461795203635,0.4260200668896321,0.21070126938586578,56,0.4519914167583046,0.13400428664616532,0.0003082161122300144
58,27,6.0,159.77595056493462,0.358695652173913,0.03684130326169189,27,0.3760140262730761,0.2535612535612536,7.03834280819213e-05
59,137,6.0,5750.850094288051,0.39016172506738545,0.19562353310171846,56,0.416978070864101,0.2706097037355088,0.0002579822330519306
60,32,5.0,691.050599234136,0.36998954339491114,0.05438577571066971,30,0.3894462762338323,0.25,8.436671059184666e-05
61,41,6.0,1026.2060446966325,0.3565071368597817,0.022665979915489357,34,0.37520280525459926,0.15,0.00010916663852351231
62,56,6.0,3710.64282460605,0.3842302123552124,0.04807273296964983,38,0.4068639765531063,0.14350649350649353,0.0001443522411921084
63,136,6.0,16207.19792715838,0.40816457318636246,0.16617121879491492,56,0.4354111058774681,0.15403050108932462,0.0002924110329384438
64,57,6.0,14721.487427156904,0.38693803159173756,0.06374955114257684,40,0.40930810697651454,0.13345864661654136,0.00017326730811456864
65,86,6.0,8630.13035431839,0.4065751675710182,0.13318694157590127,55,0.4310226618517153,0.15841313269493845,0.00018918959966909054
66,8,6.0,0.0,0.32287336510189596,0.01027199742021435,8,0.3328780028261642,1.0,3.735702531687869e-05
67,58,6.0,4700.328934098418,0.36834191197732924,0.05668265948703893,45,0.3889386088867851,0.2655777374470659,0.00014785338473154408
68,76,6.0,2414.532298098271,0.3774669590469982,0.08675559885478383,51,0.40048149892709717,0.23614035087719296,0.000161515473975332
69,58,6.0,5294.572294021381,0.3753314868289233,0.04648351248756672,44,0.3969644632857059,0.24016938898971568,0.00014962819552754244
70,69,6.0,3879.7905252600185,0.3747352318192516,0.04104385681288366,44,0.397370073794943,0.16325660699062233,0.00017175951156058258
71,69,6.0,1925.9820927855887,0.3857662023016354,0.11324119273050984,54,0.4092269848746662,0.319693094629156,0.00014131070558998524
72,18,6.0,1682.6689842226344,0.33041087362523347,0.007145737125264146,15,0.3417072277175623,0.20261437908496732,8.265586702543413e-05
73,93,6.0,7313.736384081773,0.3949277608978731,0.06701489464743722,45,0.41986444758467945,0.17274427302477793,0.00022368016953129582
74,117,6.0,3987.6210545242784,0.39816204051012755,0.21784548290341593,56,0.4246899042236121,0.3300913645741232,0.0002181463118644745
75,35,6.0,480.57829573085405,0.36173112966433807,0.03684736678090468,31,0.38061705134242263,0.3126050420168067,9.245496128964557e-05
76,1,7.0,0.0,0.26201250617080796,0.00022083924962502794,1,0.2685369610240097,0.0,2.623139892951373e-05
77,172,5.0,15893.481962872474,0.4308618590177243,0.2639005727169214,56,0.4579866017690293,0.15551475588195293,0.00032525378676266485
78,105,5.0,6660.12220791019,0.4011968503937008,0.13905759037350585,56,0.42652169362017134,0.11684981684981685,0.000227954272441063
79,139,6.0,17939.949036227204,0.4142708468843502,0.13446734823311818,54,0.44075731407342383,0.12668126368470442,0.00030642321483138836
80,112,6.0,3858.7152759459227,0.3953690483580607,0.17597495981041744,56,0.4213953001518024,0.2665701415701416,0.00021026776761872952
81,43,6.0,1815.9461258160554,0.3710673502680028,0.04071471624815909,37,0.39129376668236077,0.18715393133997785,0.00010855299392738222
82,102,6.0,4878.575620218191,0.3798985982702058,0.05288577873935932,45,0.4048228397969393,0.21355076684139004,0.0002429908389585196
83,178,5.0,11739.007347962275,0.4314163787847998,0.28759145300609185,56,0.4582535196525289,0.22941661905668762,0.00034220123529990417
84,72,6.0,2113.9984278280367,0.3871732522796353,0.10535651525745086,55,0.4101821322028721,0.3395931142410016,0.00015442574645962783
85,12,7.0,17.8288351933468,0.3374125874125874,0.014977110676403836,12,0.35033645111362477,0.42424242424242425,4.4355263365988345e-05
86,55,6.0,2525.6369870659933,0.38172010788133054,0.039703921417510606,39,0.4041529282461999,0.15151515151515152,0.00014196756324346693
87,24,6.0,667.5578657721561,0.3444937256598875,0.02092451956639097,22,0.35925053645258526,0.25362318840579706,7.277244496055756e-05
88,18,6.0,1241.813022103167,0.33678811273861775,0.01135374651186468,17,0.34903438530378683,0.2549019607843137,6.397763670449116e-05
89,11,6.0,54.7397895043286,0.3216829132784484,0.007404392618087208,11,0.33337258596323593,0.2727272727272727,4.5907413561740496e-05
90,49,6.0,2724.6624890250328,0.3854860186418109,0.0679855441642604,44,0.407172763908527,0.20068027210884354,0.00011675572129945743
91,27,6.0,489.7246023413018,0.3476528384279476,0.02293203076267452,25,0.3646229130684845,0.24786324786324787,7.931372626683749e-05
92,50,6.0,1337.981117572463,0.35033003300330035,0.018659641252857958,36,0.3694065002354925,0.13877551020408163,0.00013410375878488288
93,3,7.0,4.583936477193048,0.26339950372208437,0.00016659646735890695,3,0.2703448250080397,0.6666666666666666,3.689801463029185e-05
94,79,6.0,3591.98805712634,0.3892080175996089,0.10217286135859617,53,0.4133275762809615,0.1895488477766959,0.00016805076110594584
95,87,6.0,1643.3053507212435,0.377176359114059,0.1340604371058793,56,0.40107552205998054,0.2796043838545843,0.00017098327967901837
96,28,6.0,157.805235979144,0.34632952691680263,0.028089991721558207,26,0.36155597425025227,0.6613756613756614,7.67877550457185e-05
97,39,6.0,1690.313770908075,0.3822699717904087,0.05414454148303884,33,0.4037054482650414,0.09851551956815115,9.924202099920899e-05
98,50,6.0,3111.3597569355725,0.3795589988081049,0.05248483080619524,40,0.4009080441722972,0.1526530612244898,0.000125451110911175
99,4,6.0,22.886478654884744,0.3194562873050108,0.003686990428859314,4,0.32876694405189466,0.0,3.2233393521427854e-05
100,3,6.0,0.0,0.3022781205505458,0.0027811916554021676,3,0.3116972837180013,1.0,2.9423943433959813e-05
101,2,7.0,0.0,0.2773471520641003,0.0006575600537774321,2,0.2860092411905962,1.0,3.8027554385157776e-05
102,27,6.0,253.3521288514958,0.3587764758900406,0.031829324593594596,27,0.3761788873187661,0.3333333333333333,7.388631246538007e-05
103,110,6.0,9181.780690256814,0.38773895044441736,0.06434051541067241,45,0.41361804574241456,0.15179316096747292,0.00025743685543209353
104,39,6.0,2126.432338080925,0.3491967761390427,0.017518649836159618,29,0.3674935887370879,0.1767881241565452,0.0001159726868104642
105,46,6.0,1261.3354817269847,0.3917696992064957,0.07267744229348924,41,0.41406814256557145,0.32367149758454106,0.0001108901096668762
106,91,6.0,5372.497599877728,0.3878333942272561,0.10458140430262926,54,0.4126812163081754,0.18315018315018314,0.00018597542651344997
107,26,6.0,463.83315140260447,0.3396618846994827,0.011150939649088093,23,0.3545114355994909,0.16615384615384618,8.311642528916671e-05
108,9,7.0,13485.556403463863,0.2527481249255923,6.488171288671861e-05,4,0.2579671623713119,0.2777777777777778,0.00022618646870092312
109,36,6.0,720.0135320993747,0.3683845219503731,0.03922759864124912,33,0.3879860784005755,0.292063492063492,9.411071741579397e-05
110,17,6.0,1938.2135903784335,0.3453155497722837,0.028220519435715043,16,0.3589940859370689,0.6470588235294118,6.40646737723003e-05
111,37,6.0,1500.237384117368,0.3539316476799111,0.017481538163895704,32,0.3713665148898112,0.2222222222222222,0.00010810994431055934
112,80,6.0,6494.680797432729,0.4047664442326025,0.09578920267095607,48,0.42894750614961435,0.14335443037974682,0.00018176169958283603
113,189,6.0,10390.858682894324,0.4134371957156767,0.2927894120923123,56,0.4432590150207212,0.19216480918608578,0.00034035894576933776
114,107,5.0,9273.164433515181,0.4084525107419996,0.13465386366124163,55,0.4336395038467981,0.1902662669723153,0.00022437049626393923
115,61,6.0,1021.8211999483307,0.38759737098344693,0.09026149560974202,51,0.4100931595750396,0.41092896174863386,0.00013042367711017092
116,20,6.0,105.92821106414542,0.3554724563263939,0.02739571949006242,20,0.372125399068385,0.4421052631578948,5.948924720843263e-05
117,47,6.0,1107.9051150831576,0.351218705194662,0.020660711272243816,37,0.36975454022083937,0.21924144310823312,0.00012638409867745624
118,114,5.0,5924.151313511279,0.3918661170245493,0.17589930246602822,56,0.4176296645208775,0.2914143766495886,0.00021597316336157692
119,70,6.0,1647.4716369626287,0.37024764562260204,0.09269894766822191,49,0.3926492908358123,0.20248447204968945,0.00014998184377458464
120,50,6.0,2916.7290404896617,0.3663081612699143,0.036572621058923005,38,0.3863819542575887,0.12816326530612246,0.0001286659663667854
121,91,6.0,5157.330597689758,0.3867970363172598,0.09379060124638912,52,0.4111032605851404,0.16678876678876678,0.00020024294457891758
122,25,6.0,2006.5133217170085,0.32063028594442206,0.004285064775558373,13,0.33156173130264055,0.4766666666666666,0.00015505322606245564
123,40,6.0,575.4531743018377,0.33809321584032276,0.014508925868221141,33,0.3554090124037998,0.2923076923076923,0.00011272329985110248
124,60,6.0,2168.387166517057,0.38780977896851976,0.07647089692349099,47,0.4106217616580462,0.2621468926553672,0.00013707724044922898
125,47,6.0,2923.830176764251,0.3630094043887147,0.02394025242805898,34,0.3830899670277737,0.13876040703052728,0.00013109979238236317
126,33,6.0,1474.7006874587314,0.3609930283965312,0.022251742135440764,26,0.3795310619144642,0.2727272727272727,0.00010063171453205086
127,99,6.0,2829.404144652638,0.3874323255672486,0.149051351120814,56,0.4122023342230751,0.4052772624201196,0.00019505514438423395
128,17,6.0,159.0204589963583,0.3565071368597817,0.02711135566979964,16,0.37261213167947116,0.5882352941176471,5.459676541217061e-05
129,115,6.0,8399.204340841383,0.410347271438696,0.1461732042368393,56,0.43602606374631375,0.10678871090770405,0.00023780417540942184
130,40,6.0,1152.0436277016597,0.3599118444846293,0.03522179296940894,31,0.3780787146071952,0.24615384615384614,0.00010732978972061983
131,41,6.0,946.9588244313522,0.36611864796504945,0.04837539454984863,38,0.38627989741978036,0.28536585365853656,9.666006940228001e-05
132,32,6.0,2514.943158236787,0.3761294513671529,0.03902480915492242,27,0.39672633066415414,0.22580645161290322,9.187008886557778e-05
133,36,6.0,1736.9087207042116,0.3603190767141887,0.03378172300319758,34,0.37841628722456055,0.5507936507936508,9.562808158097132e-05
134,27,6.0,995.9463896785487,0.36611864796504945,0.022546513738895144,26,0.38521222588578713,0.14245014245014245,8.009157294814314e-05
135,160,6.0,7978.673896741832,0.41586679725759057,0.2640390198417906,56,0.44395247814941935,0.19630503144654088,0.00029270621578630663
136,80,6.0,1426.4483526437225,0.38117182356813695,0.09553040350249234,53,0.4047391008530977,0.254746835443038,0.00016844868249567656
137,91,5.0,5221.142169277685,0.40374009508716324,0.1077475610299477,52,0.42833778196475963,0.13357753357753357,0.00019806403574353795
138,53,6.0,1413.0655714019986,0.36303009575923395,0.042151977263777916,43,0.3834118385931687,0.27358490566037735,0.0001242486536620676
139,62,6.0,2901.7276189508243,0.36683561801635756,0.03524645103638714,41,0.38817449102422,0.15494447382337387,0.0001538311004455571
140,12,6.0,83.74477600024936,0.3192161186848436,0.005734808809873282,11,0.3306327523943884,0.3484848484848485,5.495910091273326e-05
141,55,6.0,4898.722608790908,0.37834145182369017,0.061384508536326265,42,0.4003297220913831,0.09292929292929293,0.00013564202740222288
142,49,6.0,3163.0078148033303,0.35716689098250337,0.036214577325473014,37,0.37667085361383923,0.25170068027210885,0.00012956532641751923
143,3,7.0,6513.141350581513,0.2786576828841442,0.0008102318748644496,2,0.28735429797606776,0.0,8.851075146039493e-05
144,106,6.0,12603.85681017514,0.3888041023136561,0.06888785363627524,45,0.41489506463601505,0.15579514824797844,0.0002621581561520438
145,50,6.0,3150.65706351521,0.37228197334580315,0.0397784168055083,36,0.3934291097503482,0.2114285714285714,0.00012637574790615955
146,46,6.0,1550.1189715009536,0.3649020281883809,0.03777302999842244,35,0.38416810592974904,0.2753623188405797,0.00011651749462218401
147,105,6.0,6469.216047674508,0.39100006139112287,0.06503952727336725,45,0.41650180562099676,0.17619047619047618,0.00023801248170402184
148,43,6.0,1016.3374360086301,0.3558100558659218,0.026293178614026167,37,0.37505364526087853,0.18161683277962348,0.00011007585585050005
149,87,6.0,1964.8362532164972,0.3776236214870153,0.12326473744119208,56,0.4012979536295628,0.3338679497460572,0.0001717434758302285
150,103,6.0,2394.8811018940437,0.39726796407185627,0.17138023082247847,56,0.4224708222117824,0.34932419569769657,0.0001978602816005163
151,137,5.0,7517.114885865685,0.4328236493374108,0.22410432344612619,56,0.45717276390855927,0.1847359381708888,0.0002666980171682948
152,53,5.0,2988.2793657363454,0.37599622173682035,0.04489772229560864,41,0.39703250117757855,0.15239477503628446,0.00013168041209958215
153,66,6.0,3156.149429316183,0.38101220387652546,0.06627856158145656,45,0.40344376406553223,0.17435897435897438,0.00015336722725179153
154,9,7.0,5047.350409755778,0.30985161761128677,0.002843673191296364,7,0.3197979050310522,0.08333333333333333,7.612981013512121e-05
155,91,6.0,12206.111587421447,0.3991852083986211,0.09308096618499485,50,0.4237949442612949,0.1514041514041514,0.0002138330093518858
156,94,6.0,6654.063235708947,0.4011715797430083,0.09124903688248344,51,0.4257601925996026,0.1493937314115763,0.00020979656409045872
157,137,6.0,5736.539907518528,0.4118864385953567,0.18529502431872985,56,0.4390301983566684,0.17078145126663805,0.00026264335482513803
158,144,6.0,18587.26858534279,0.41263362487852284,0.17056695603543298,55,0.43961375412157205,0.2086247086247086,0.000314648710683946
159,5,6.0,1.957773916551348,0.30782986950217495,0.0032225500002731598,5,0.3175773276809425,0.9,3.4388247094010234e-05
160,125,6.0,4001.5249226554356,0.39768966593818295,0.20734005990231316,56,0.4244674726540298,0.26103225806451613,0.00023424663478489212
161,79,6.0,2024.9418095061221,0.37802706552706555,0.10312605627631848,54,0.4012534673156467,0.2518662771827329,0.00016032794956558787
162,73,6.0,1989.3548138110168,0.3842302123552124,0.08119650017516888,51,0.40779295546136024,0.2058599695585997,0.00015488732118300934
163,33,6.0,5365.945620629004,0.3709376820034945,0.03392444838411988,27,0.3905715182917181,0.10037878787878787,0.00010148837324204159
164,30,6.0,707.1654183873496,0.3434904541041959,0.010995604753718956,24,0.35956194064999764,0.19999999999999998,9.46984491916531e-05
165,68,6.0,3148.0759424196885,0.3756857193417094,0.03784461942706404,41,0.39859998953263215,0.12423178226514488,0.00017010037881789447
166,3,7.0,0.0,0.30014137606032043,0.001141373082706493,3,0.3096995117720441,1.0,3.0221758220134116e-05
167,64,6.0,4480.412978779487,0.3780719458625193,0.03532147774368211,41,0.4006463599727878,0.15873015873015872,0.00016296625683203625
168,28,6.0,600.5970189014562,0.36146424517593645,0.04452910878222955,27,0.3800779818914356,0.22486772486772486,7.895984834606103e-05
169,158,5.0,14762.315436200406,0.4115936409461031,0.24959197799006302,56,0.43951954780974845,0.17318390711924533,0.00029866180341728445
170,77,6.0,3519.6420846901474,0.38110339875538535,0.08065288229731275,49,0.4047207829591321,0.1982228298017772,0.00017304297600140723
171,77,6.0,5221.7734146776065,0.3867735470941884,0.07194428050537166,48,0.4101297953629701,0.13328776486671223,0.0001819151768002253
172,105,6.0,7051.6512555229,0.39627924340467896,0.08892138093444932,53,0.42197362223271606,0.18388278388278387,0.00022594287243505524
173,59,6.0,2027.2840619504477,0.3851130729229653,0.07669467348399177,46,0.4075181870518775,0.3892460549386324,0.00013555476498128076
174,388,5.0,77684.06150212456,0.46635425056747454,0.5623127227057925,56,0.49752446747268064,0.08962678814033405,0.0007228515642800448
175,132,5.0,6642.823502274897,0.4278804165267047,0.25055513930769674,56,0.45278170304081733,0.22981725653481377,0.0002556978256262327
176,61,6.0,3861.600156278039,0.373657964212379,0.035932201005553194,38,0.39574501491599656,0.12568306010928962,0.0001589684068347989
177,33,6.0,624.1318811996032,0.34938833726479784,0.016920959585371896,29,0.36633171089127387,0.3181818181818182,9.530798725126048e-05
178,13,6.0,943.3096068174165,0.31479833926453143,0.004578942803431161,9,0.3258884178573102,0.3846153846153846,7.670144511563152e-05
179,34,6.0,1321.8839932769256,0.351296194153337,0.03547712175909191,31,0.36924425603179817,0.1550802139037433,9.313354976112133e-05
180,300,5.0,37702.74044614368,0.45215107198636945,0.4348559653641202,56,0.48206939864974296,0.10321070234113712,0.0005615181855254797
181,53,6.0,659.2095615282772,0.35326418547895055,0.0641600992618765,45,0.37244988747577323,0.3642960812772133,0.00011850234794316427
182,21,6.0,371.9391766893426,0.3421985815602837,0.010761946065127032,20,0.35718061443447435,0.14761904761904762,6.939430646121992e-05
183,97,6.0,2342.339764248495,0.3814000838373555,0.13805694709478752,56,0.40595069869682066,0.2854381443298969,0.00018842993459664223
184,5,6.0,2.835993673719155,0.30836641812723925,0.0034216061407407947,5,0.318283875019614,0.7,3.351777697286589e-05
185,67,6.0,2867.8206483693402,0.3762183235867446,0.0937730280445758,48,0.39900036635788005,0.24423337856173674,0.00015396629953774499
186,52,6.0,1361.9637519442458,0.37632947293783975,0.05028961262623629,43,0.3977495158842312,0.18099547511312217,0.00012184048034112565
187,2,7.0,0.0,0.283760302962798,0.000535553924398306,2,0.2930777052538782,1.0,2.824474649711643e-05
188,13,6.0,420.3262813840092,0.32374320134194073,0.007756554390775166,11,0.3354320406133636,0.11538461538461538,5.816891824184157e-05
189,156,6.0,11964.80332513478,0.42181601430558313,0.2740291582692487,56,0.4490814884597773,0.2069478908188586,0.0002978852821551249
190,54,6.0,936.3472200653341,0.37639619407836417,0.07239765493142444,45,0.39793007798189184,0.23689727463312368,0.0001224632859061168
191,27,6.0,244.71386517380006,0.3438984881209503,0.02180639910687196,25,0.3590830585648992,0.3675213675213675,7.983881837265492e-05
192,44,6.0,2541.9585176134947,0.36849109002545705,0.027602691308230433,32,0.3885539331135083,0.23467230443974632,0.00011645077531025416
193,149,5.0,4932.688998042489,0.407616,0.2597920581752737,56,0.43496100905431373,0.2694540177761654,0.0002685524962000592
194,126,5.0,9398.995338948493,0.4095029897768919,0.15141792558665115,55,0.435827183754687,0.14273015873015873,0.00025250771549514893
195,64,6.0,2399.0280496946016,0.37557494987616463,0.057709786194695224,44,0.39779923588213706,0.17212301587301587,0.00014881775506293533
196,165,5.0,18456.577364837118,0.42690528855821436,0.18882823866267434,55,0.45374208405301286,0.1189209164818921,0.00033347476883898304
197,39,6.0,794.028597752694,0.3472926549975462,0.016485972884212403,30,0.36459674464853425,0.26855600539811064,0.00011035322030363062
198,38,6.0,1558.7433359275744,0.35575043288834274,0.024465518525466644,31,0.37400952530484255,0.14935988620199145,0.00010451478584777987
199,45,6.0,41682.187787119554,0.3400790260572405,0.009428614901913351,13,0.3542497513999864,0.2313131313131313,0.0003055814817743452
200,91,6.0,3917.242775646111,0.38092105263157894,0.051493514524066475,45,0.40528602083006965,0.17924297924297924,0.00021095547123455436
201,169,6.0,14549.309470864762,0.4188478232276733,0.22102504063337028,56,0.4466138064584193,0.13792617638771484,0.0003337244420507823
202,88,6.0,12097.946621462597,0.394487457417157,0.07986834846434068,51,0.4189276181504399,0.1893939393939394,0.00021701909928470485
203,77,5.0,3338.5694910685543,0.3838134265397132,0.06295982200943855,47,0.407020987072811,0.16233766233766234,0.0001738254535550833
204,8,6.0,36.4575997517813,0.3308227716600873,0.007767121814298859,8,0.3417124614015518,0.32142857142857145,3.8491181032018594e-05
205,4,6.0,26.75159548422669,0.3080979102167183,0.003127371539642263,4,0.3173705971633311,0.3333333333333333,3.6475622473668766e-05
206,12,6.0,212.27024250635532,0.3336126970823948,0.007512059535818273,12,0.34484482126966215,0.3484848484848485,4.856595564906011e-05
207,156,6.0,8980.199490711459,0.4187652048129397,0.2798987429059808,56,0.44636258962689085,0.23920595533498762,0.0002880115091648198
208,55,6.0,2868.6494253830556,0.38146861523718256,0.04984096601812302,38,0.40320301460198515,0.2505050505050505,0.00013990167443792093
209,52,6.0,1933.7844514865772,0.3904487493869544,0.060120069461484606,39,0.41260532789032006,0.19230769230769232,0.00012445029046807937
210,35,6.0,567.0196598150899,0.3474252672921667,0.025473290408875762,30,0.3632150520751338,0.426890756302521,9.364713636039251e-05
211,100,6.0,3540.4417777773483,0.4079554189085319,0.12841726130347755,56,0.4327105249385439,0.2484848484848485,0.00020193027295695108
212,5,7.0,27.045814416410877,0.255178492728074,0.00010289169334121365,4,0.2608079312742562,0.6,8.055709096680829e-05
213,76,6.0,725.1000867471694,0.37668559261887863,0.12438342192830572,56,0.39958130528078856,0.4456140350877193,0.00014975788856955478
214,76,6.0,2657.5921867819275,0.38946982205099984,0.08789825922199573,50,0.4131234626053454,0.2691228070175439,0.00016519418999569438
215,14,6.0,167.29542734595464,0.31881663913500524,0.007914710506377166,12,0.3306615376563347,0.1868131868131868,5.643152287538269e-05
216,66,6.0,4189.988044341915,0.369517289394291,0.03719802361684061,41,0.3915790024598233,0.12540792540792542,0.0001668524683862116
217,122,6.0,1994.4789841800548,0.386,0.21817163516401,56,0.4120584079133445,0.2954884162037664,0.00021984156633806065
218,133,5.0,10066.892089067416,0.41416309012875535,0.17147682517786902,55,0.44064217302564007,0.13624971519708362,0.0002742314547134458
219,7,6.0,7.537784722948334,0.31849777466619994,0.007316681664760595,7,0.32926152718896623,0.3333333333333333,3.6752930620230525e-05
220,1,7.0,0.0,0.27457320227625454,0.0005856456209861142,1,0.28297258297258987,0.0,2.5561220646334897e-05
221,2,7.0,0.0,0.27142552738120607,0.00022869333018907557,2,0.2794069488370061,1.0,2.984427557155716e-05
222,1,7.0,0.0,0.2553933755714171,0.00013544329444855818,1,0.26064718240884394,0.0,2.8304413198706328e-05
223,930,5.0,850746.5691692601,0.5102956493870684,0.9999999999999999,56,0.5560946250065556,0.04035325300647013,0.0018828978448328722
224,80,5.0,1531.4170950851612,0.3996862252902416,0.12553908954726212,54,0.4236876537394969,0.27468354430379743,0.0001643736021742847
225,77,6.0,723.8654713940775,0.37771320128098684,0.1411370016655552,56,0.4010886062699563,0.43574846206425155,0.00014852383718234001
226,64,6.0,4941.485001225938,0.39370711503987144,0.07985251266202872,47,0.41692573402420197,0.18452380952380953,0.0001512834280355702
227,19,6.0,407.55833995259144,0.3355814321091733,0.00993349572712407,18,0.34809232218555697,0.17543859649122806,6.516357535982463e-05
228,161,5.0,48387.36217584201,0.41744772891131937,0.12402867939645662,53,0.4453969749307054,0.0860248447204969,0.00039731391881201133
229,70,6.0,3406.0410129190313,0.3923489188689706,0.07834965295968485,49,0.4157246035484586,0.17184265010351968,0.00015949569356021572
230,76,6.0,3774.9409546278534,0.3993604213694507,0.10198287188295471,52,0.4236143821636345,0.22280701754385965,0.00016547128878442632
231,39,6.0,1025.1075597012746,0.3608089734874235,0.030605464368370708,31,0.3802977966190218,0.23346828609986506,0.00010707649973017107
232,146,6.0,15200.26281981938,0.4277941966684578,0.18291074406461594,55,0.4537132987910655,0.1131790269248937,0.00029853723813521134
233,1,7.0,0.0,0.27899947432977046,0.00047631812048950747,1,0.2869658838570836,0.0,2.6131691425887435e-05
234,61,6.0,1398.4438973131462,0.38153717126939435,0.07086008090398187,51,0.40398806720050967,0.1721311475409836,0.00013224061058478002
235,37,6.0,1480.544626821513,0.35760808534531163,0.025693319693848065,32,0.3752499084105126,0.26576576576576577,0.00010105301758169506
236,172,5.0,12395.943197599618,0.4224875621890547,0.27256350132986823,56,0.4504056105092882,0.16530667754657963,0.0003210167357661526
237,80,6.0,1971.0421373669665,0.4039705695801091,0.13765751597327325,55,0.4280630135552763,0.23354430379746835,0.00016494195741707332
238,2,7.0,7.254758917637359,0.2808572562508268,0.0005000114369729383,2,0.2894821643526394,0.0,2.897827661336756e-05
239,42,6.0,1139.4795465447885,0.3725650775080433,0.05035911825461172,32,0.39353901711414196,0.17305458768873402,0.00010644899930357113
240,38,6.0,568.2439970453574,0.3913604522551309,0.07188849405569717,37,0.41296121840165173,0.30725462304409673,9.030159078184559e-05
241,78,6.0,2534.345057425231,0.39928531126575134,0.11284170333788782,51,0.42325064112631805,0.2450882450882451,0.00016826666529596372
242,115,6.0,3390.0251584678413,0.3927118017018128,0.20597294297622984,56,0.4186423823729747,0.26758199847444697,0.00021189369404038408
243,71,6.0,2000.6339594159224,0.39104807515196166,0.09709858511013468,55,0.41473805411631176,0.15010060362173036,0.0001481792918268399
244,63,6.0,1758.4283807783202,0.386750060723828,0.07281149463711739,47,0.4092819385565637,0.17204301075268816,0.00014022264206055526
245,25,6.0,624.4740509386182,0.3529118413032637,0.018777246387706455,24,0.3693541633955942,0.15,7.460942607176582e-05
246,46,6.0,2238.6776120721256,0.37197757271346804,0.042975625660190746,30,0.39276966556758747,0.24541062801932365,0.00012486153916750392
247,8,6.0,73.86139450486907,0.30920477716283135,0.006036935433119657,8,0.32124875700003996,0.42857142857142855,4.526288009542416e-05
248,17,6.0,51.365446839585495,0.3197770748606718,0.005828643519842987,17,0.33376772910449404,0.4338235294117647,6.302621968690783e-05
249,53,6.0,1321.257442090773,0.3893507763785304,0.08503247170892239,45,0.4117810226618685,0.18432510885341075,0.00011632693495089489
250,30,6.0,979.6852520793333,0.3661817972747657,0.03316614821073132,26,0.3847438111686677,0.25057471264367814,8.249081056412484e-05
251,155,6.0,8613.867481913769,0.4215368323515785,0.23239398743250164,56,0.44833568849118105,0.17955592794302472,0.00029572013792448403
252,46,6.0,489.08803103324544,0.3549771485899008,0.06522366255048603,41,0.37408018003870863,0.5739130434782609,0.00010244135949892202
253,79,6.0,5090.30411576298,0.3745809563018291,0.04093302082328714,44,0.39790129271994445,0.17559234014930217,0.00019868927717859995
254,46,6.0,1794.952597539531,0.37944593386952635,0.04727846034810052,40,0.400874025226361,0.20772946859903382,0.00011214592836598451
255,41,6.0,3387.2706289089165,0.381149012567325,0.045970337069214405,32,0.4025749725231653,0.11219512195121953,0.00010915672338972292
256,58,6.0,1444.397468730256,0.3632164242942686,0.04074503225510274,41,0.38349034385302194,0.32486388384754994,0.00013727830672576716
257,64,6.0,4605.183185769329,0.3663924523960191,0.06794471209479128,47,0.38818495839219996,0.1626984126984127,0.00015618663874725927
258,41,6.0,1227.790383992439,0.37124038237351364,0.03936429645582516,36,0.3914507772020657,0.16219512195121952,0.00010220221765335139
259,78,5.0,2456.848951759683,0.3787689562890277,0.07139130658773833,52,0.4013633746794407,0.2590742590742591,0.0001705298428689922
260,48,6.0,2621.1011162106274,0.3611567904734902,0.02931929289424658,37,0.3803658345108955,0.26684397163120566,0.00012629271864835658
261,47,6.0,1544.9713892425061,0.3468954248366013,0.020657920420361815,35,0.36536871303708157,0.19888991674375578,0.00012784696187270007
262,23,6.0,154.38054211817862,0.35351909413854354,0.033894771210491476,23,0.37028052546185214,0.31620553359683795,6.521578325293117e-05
263,1,7.0,0.0,0.29454747259862185,0.002094411986839747,1,0.3038613372810243,0.0,2.5304511212409224e-05
264,118,6.0,14963.472721029302,0.40774647887323945,0.1286217702733389,55,0.43394044067623194,0.19962335216572505,0.00024334083228615185
265,119,5.0,12339.876470447596,0.4030757546990697,0.10663233487486191,52,0.42856021353434126,0.12562313060817548,0.0002603204892956498
266,61,6.0,1700.7892643954287,0.37944593386952635,0.08384153693631348,47,0.4018841262364624,0.4158469945355191,0.0001380742803674826
267,42,6.0,732.0600219979037,0.38117182356813695,0.06086998346799704,39,0.4022164651698392,0.26480836236933797,0.00010084584875792172
268,122,6.0,6600.198050668152,0.41524318685617423,0.18755114083454008,56,0.441416758256185,0.17341823601138057,0.0002403910952176865
269,89,6.0,4431.55536500602,0.39600820742398807,0.08225964986188647,49,0.42018108546608524,0.2017364657814096,0.00019718375044535164
270,119,5.0,15457.528963534973,0.40129796484153485,0.10186515081886109,52,0.4275160935783024,0.09300669420310498,0.0002812275534897431
271,129,6.0,6380.979534783187,0.4116734535582703,0.19137886192200548,56,0.43862197100543554,0.2371608527131783,0.000246922188687389
272,77,6.0,2769.560102883761,0.37100250480573194,0.06617010084454641,48,0.39321191186475546,0.36261107313738894,0.00017434655879316717
273,43,6.0,1314.092754486262,0.37374567220233557,0.05528789008752541,39,0.3943659391845887,0.24141749723145073,0.00010620900365254765
274,50,6.0,1570.7874770065396,0.3679588653301751,0.052276198033907095,41,0.3888234678390011,0.14285714285714285,0.00011914688585096618
275,53,5.0,1011.3564467095537,0.3735045742434905,0.05736594837486905,46,0.3945491181242441,0.28809869375907116,0.000126211722437848
276,154,5.0,15393.775633510892,0.4271343303601368,0.22919382022452037,56,0.4535222693254253,0.10143451319921908,0.0003060976138572965
277,56,6.0,2914.411365626029,0.371218744535758,0.049850666270182795,43,0.39262835609985247,0.15,0.00013423191607099717
278,17,6.0,252.18710708869466,0.3308915211970075,0.009227429963790086,15,0.3426597582037718,0.19117647058823528,6.236484654975219e-05
279,96,6.0,9447.073853229445,0.4072250639386189,0.11784440588044198,54,0.43236771863718765,0.11710526315789474,0.00020469482356595673
280,76,6.0,1192.2992999570276,0.3838596914175506,0.11451832621019944,56,0.4074292144240437,0.33649122807017545,0.0001506128968497438
281,79,6.0,3626.9555899799716,0.3987852983532653,0.10937422054282663,53,0.4231826032344455,0.15968841285296984,0.00016512598974683957
282,82,6.0,2421.317427559546,0.3899467336068083,0.0985142818205894,54,0.4143141257131078,0.2014453477868112,0.00017017550571672
283,9,6.0,9.221020522615593,0.31380567599527,0.005185959175325995,9,0.3246271000156818,0.5555555555555556,4.278398170733163e-05
284,51,6.0,2073.5390153377493,0.3650693568726356,0.0411392927402877,40,0.38549746166325005,0.1670588235294118,0.00012495468491589286
285,6,6.0,42.46992698094165,0.31467391304347825,0.002093031003736238,6,0.3240487779347682,0.26666666666666666,3.852951067739279e-05
286,12,6.0,38.70130397601848,0.3282820473171486,0.011273803599034437,12,0.34128591615635695,0.3181818181818182,4.6831813627706556e-05
287,16,6.0,1076.9832585680801,0.3446801601904968,0.021456586344619527,14,0.35944418276022044,0.06666666666666667,5.995390638833599e-05
288,181,5.0,8506.670835823748,0.4175845790715972,0.29883920345675785,56,0.44623174752713657,0.17317372621240024,0.0003274931706505096
289,52,6.0,6373.753316734576,0.3781617385108657,0.044926815133397614,38,0.3997016800125635,0.12066365007541478,0.0001474868808645054
290,28,6.0,2723.3487573704488,0.3715219039841335,0.03552198161378151,24,0.3909247919610547,0.14285714285714285,8.932753189701937e-05
291,41,6.0,1931.8602990064292,0.37897179578721885,0.04185707281048426,34,0.399824671586333,0.11951219512195121,0.0001041791886347199
292,56,6.0,813.2494305836626,0.37119710922018884,0.0611532602280819,49,0.3926806929397541,0.335064935064935,0.00012220075529703167
293,53,6.0,1759.6973589944203,0.37526514258779164,0.04775773619735554,43,0.3966896948762223,0.17126269956458634,0.000125393655140481
294,48,6.0,4887.593918751898,0.3572871087176035,0.022910237523070205,35,0.37628617784056323,0.1524822695035461,0.00014209187846665793
295,29,6.0,3263.883085938759,0.35213136506883397,0.021044777280926238,23,0.368166117129828,0.14532019704433496,9.517256870762024e-05
296,184,6.0,21625.757698441856,0.4283408433653911,0.26401776665098003,56,0.4558774271209983,0.12443573295319553,0.0003508547183389703
297,212,5.0,24673.257640146123,0.42969909593846983,0.3847263661598984,56,0.45897053435918156,0.1997227935258875,0.0003929505575567173
298,5,6.0,9743.783983481462,0.29661885245901637,0.0019549768439884765,4,0.3058277071230405,0.0,9.170230010821716e-05
299,102,6.0,12370.759250265613,0.39881026925485286,0.11448704362004174,55,0.42408803056474387,0.0945447485925063,0.00022840034001760174
300,32,6.0,1102.844961171047,0.3538136770179435,0.02311779177248397,29,0.37006856126025267,0.22782258064516128,9.355489293058122e-05
301,18,6.0,189.99196769707146,0.3435275080906149,0.016263475085356086,17,0.35781389019728543,0.30718954248366015,6.095211026322361e-05
302,19,6.0,436.84773804341756,0.3603190767141887,0.020418704604803245,18,0.378251426178869,0.2573099415204678,6.597716781239641e-05
303,22,6.0,1180.999724132053,0.34073400385191527,0.009395837852752352,20,0.355047888208484,0.19047619047619047,7.689606505463537e-05
304,52,6.0,5699.131983915103,0.38149146451033245,0.06452120607914995,45,0.403650494583144,0.2549019607843137,0.00012699267611417125
305,46,6.0,1596.8247044671227,0.35213136506883397,0.02016906948627497,29,0.3701496833620978,0.34879227053140094,0.00013544755483996663
306,142,6.0,6223.119916132666,0.39397500927873313,0.21996994178986692,56,0.42134296331189974,0.2561182699031066,0.00026462484546819196
307,19,6.0,46.94329185465879,0.3366457000898568,0.014840989201658524,19,0.3489506463599441,0.7602339181286549,5.882790021539694e-05
308,80,6.0,4266.2852554809215,0.3925423728813559,0.0877216050062342,51,0.41678180771447165,0.18481012658227847,0.00017297354892434309
309,133,6.0,8529.672655374521,0.4067049808429119,0.15996262662977764,55,0.4333778196472887,0.22146274777853725,0.00026274202180736
310,9,6.0,289.5113565589685,0.34789971049325397,0.011904489664974167,9,0.3618673784476679,0.3333333333333333,4.679737024806634e-05
311,79,6.0,4119.726576411795,0.3896604466197614,0.07993150260056964,51,0.4134872036426618,0.19441739694904253,0.00018147629494949795
312,62,6.0,416.51509915200637,0.371024117441454,0.12453625217003494,55,0.3925027476840884,0.3722897937599154,0.00012236200522070884
313,167,6.0,17731.593056542355,0.4271629778672032,0.19964061563468327,56,0.45457685664944186,0.09977635091263257,0.00032745433737853415
314,118,5.0,5030.276793725526,0.3954426921644108,0.1731252298649509,56,0.4211964201601764,0.21237143271041575,0.0002308691405038831
315,17,6.0,273.0940332462472,0.3314943007338781,0.007415347933364433,16,0.34482650337569853,0.14705882352941177,6.51948829491525e-05
316,103,6.0,4559.680633755293,0.39573754194109606,0.12328118979546182,55,0.4214973569896108,0.18751189796306875,0.00020952506002625503
317,159,5.0,28007.981440902622,0.43208955223880596,0.2294391685736312,56,0.45779033861939894,0.09728524798980973,0.0003469741690637254
318,10,6.0,6657.392815159807,0.33387502621094567,0.013933021381944044,8,0.3462919348929433,0.13333333333333333,6.955014184852338e-05
319,68,6.0,2362.935810552044,0.371132218402191,0.05863505265816807,45,0.393481446590249,0.20851624231782265,0.00015615844659580994
320,2,8.0,9.622504326262003,0.2033395057786859,7.759082459343985e-07,2,0.20627892544993956,0.0,7.771659391692596e-05
321,39,6.0,1808.4459547155432,0.35730715287517534,0.03242172531078755,36,0.3755456115559557,0.31713900134952766,0.00010349944526085552
322,75,5.0,2677.8585749496733,0.39030518445887974,0.08580763286261138,52,0.41397655309574255,0.2727927927927928,0.00016448994964280973
323,221,6.0,12004.005959043045,0.42805296054842396,0.3843058617402212,56,0.4581802480766682,0.17248046071575485,0.000390294041736918
324,3,8.0,6386.431022160092,0.22111512289959728,4.429449032665736e-06,2,0.2253080396863014,0.0,0.00013163076681444377
325,22,6.0,61.183860407426295,0.34885249493345016,0.028597485140481216,22,0.36490291516196,0.5238095238095238,6.175714748396392e-05
326,67,5.0,3789.17705072391,0.40236275191104937,0.08877116568553764,48,0.4254069189302675,0.08231569425599276,0.00014598856903153362
327,107,5.0,9673.069674321987,0.4003897655120387,0.09513032903459268,53,0.4257392578636413,0.15147240345618057,0.0002342107794892483
328,27,6.0,1087.8717643341745,0.3618544400886313,0.023391633176266025,23,0.37937928507875096,0.18233618233618232,8.644716287094723e-05
329,172,6.0,15820.614323231268,0.4192338072669826,0.2694099243350405,56,0.4475166169467218,0.15735074119407044,0.00032318488840444887
330,21,6.0,74.35056608334995,0.3285360569483132,0.012160050639667349,20,0.3396634741194051,0.719047619047619,6.898511413531149e-05
331,92,6.0,1832.5869300803688,0.3866796187238176,0.1770155633026746,56,0.41133354268070754,0.41423793597706643,0.0001756261771455404
332,82,5.0,11273.909012679469,0.3959343528534129,0.05785911642211019,45,0.4199638875804933,0.08611863896416742,0.00019772553281390334
333,1,7.0,0.0,0.28597727987068383,0.000652484810777303,1,0.2946175298506955,0.0,2.562789493304065e-05
334,60,6.0,3343.555450079914,0.3961559992535921,0.09058440088139559,49,0.4195792118072164,0.13559322033898305,0.00013004234937626948
335,50,6.0,530.4709386087981,0.3578894133513149,0.04841352273074054,44,0.3771968388548513,0.4914285714285714,0.00011441232902407498
336,2,7.0,1.3824743798368548,0.27523768366464996,0.00033779362094528415,2,0.284020815108905,0.0,2.8492069207043146e-05
337,42,6.0,558.2470800677977,0.34484812388326386,0.015443674950070473,35,0.3628539278798081,0.1753774680603949,0.00011356727742827738
338,72,6.0,2606.7919275125755,0.3633200228180262,0.044391476389088816,45,0.3850002616841831,0.215962441314554,0.00016826897958262512
339,132,6.0,4681.009443634859,0.4049465920651068,0.23558387148866566,56,0.4321374365416189,0.22715706685172335,0.00024226409249329144
340,40,6.0,280.5809484865166,0.3424745926762381,0.018522966046371155,36,0.3603783953524601,0.24358974358974358,0.00010594142230281013
341,44,6.0,706.0033138999561,0.3602171822860698,0.06130238872455664,38,0.3797744282200058,0.3488372093023256,0.000103016379327592
342,1,7.0,0.0,0.28339414434457594,0.000515639341234175,1,0.2912795609686871,0.0,2.6125284509793073e-05
343,18,6.0,502.6536300138356,0.34157460045049876,0.016749351661070975,17,0.35573873449518534,0.2549019607843137,6.460119271415255e-05
344,1,7.0,0.0,0.2670440251572327,0.000315452855976125,1,0.2741747601851263,0.0,2.5911850045708173e-05
345,3,6.0,1.7871877644664693,0.2969369201361369,0.0009046568796156614,3,0.3058826608049367,0.6666666666666666,3.460975335861305e-05
346,12,6.0,61.08704956213025,0.35304878048780486,0.02113970878092948,12,0.368357146595469,0.36363636363636365,4.546689479275337e-05
347,94,6.0,7197.79724800824,0.3884957911431011,0.06035499820731139,45,0.4134427173287445,0.14413177762525736,0.0002217093855472585
348,60,6.0,1917.0039442683444,0.3839059674502712,0.0790911201777488,49,0.4067148165593864,0.192090395480226,0.00013424838775738575
349,76,6.0,4561.589712194873,0.3647975256314795,0.03044038744844444,41,0.38665410582507587,0.12140350877192982,0.00019837346948769834
350,45,6.0,884.297562627054,0.35462138084632516,0.021441572324633784,36,0.37326895902023416,0.1616161616161616,0.00011877300818778865
351,13,6.0,1683.0279880990995,0.3343658126837463,0.00784586557787699,9,0.34554351808234857,0.06410256410256411,6.796891947789031e-05
352,74,6.0,1700.67440240829,0.38289046531201154,0.08427853258466807,52,0.40594023132884155,0.34431691965938543,0.00015777546074250234
353,6,6.0,72.65373647815018,0.3392457654202621,0.00978311864119124,6,0.3515831894069973,0.06666666666666667,3.7029641473198054e-05
354,57,6.0,1409.2457449912617,0.3894936399217221,0.07019821668448592,43,0.4121133615952439,0.34461152882205515,0.0001312961191132097
355,39,6.0,1455.1346481435157,0.3736360436466033,0.06055966188628513,33,0.39385565499554764,0.28879892037786775,9.898593916363299e-05
356,2,7.0,0.0,0.2791951604418727,0.00044696422982631623,2,0.2875034579697871,1.0,4.5990524401476824e-05
357,14,6.0,216.02183326313232,0.3240726606624943,0.003713448517512776,13,0.33445072486520644,0.21978021978021978,5.8744213498454e-05
358,16,6.0,416.8745169630739,0.3431573275862069,0.012462058261204209,15,0.3560710734285636,0.18333333333333332,5.799972880257207e-05
359,11,6.0,89.3882529100297,0.32947079819978276,0.005815978453019431,11,0.34243994347618617,0.2,4.759809306877863e-05
360,3,7.0,15.761739000525127,0.30296831890400533,0.0012793837949901018,3,0.3133578568811645,0.0,3.12193623513868e-05
361,50,5.0,1869.474415869117,0.36446351931330473,0.029281978228997082,39,0.38381483226041313,0.23020408163265305,0.0001254251581409116
362,22,6.0,33.990021845418056,0.3531662415437507,0.038418867513957615,22,0.3694222012874663,0.6839826839826839,6.0232251456891464e-05
363,142,6.0,14450.824324584937,0.41378638253638256,0.18665647796555854,56,0.4404275919820433,0.17001298571571272,0.00028405228111936224
364,13,6.0,410.1392252681294,0.33850651076268934,0.007544074513258722,13,0.35140262730933586,0.2692307692307692,5.476546636192994e-05
365,33,6.0,934.9788834954916,0.35112189205579136,0.01655612170275685,30,0.3687863086826594,0.13446969696969696,9.40648027959267e-05
366,78,6.0,3284.7143205288758,0.38904159794759025,0.07965168952287853,51,0.41284346051187126,0.27672327672327673,0.00016710245351715975
367,67,6.0,3136.3897866300335,0.3939506401929857,0.0760513290411349,50,0.41744386873922823,0.2645861601085482,0.00014751360673882018
368,175,6.0,11213.352257707229,0.4282544378698225,0.26408990825824924,56,0.4559768671168092,0.1477175697865353,0.00032667063862287397
369,215,5.0,28678.119588476406,0.4475755446240337,0.31313567425529915,56,0.4737923274193055,0.10923712236470333,0.0004175358681472251
370,204,6.0,15330.085006470707,0.4091872791519435,0.31869127321196206,56,0.43988067200506803,0.20786245532695838,0.0003793873694894423
371,175,6.0,12013.482877455202,0.4322068403908795,0.2533210604209584,56,0.459051656461027,0.13727422003284073,0.0003412987030984365
372,130,6.0,8198.42656830289,0.42420407619555084,0.18705493109714638,56,0.44959962317480173,0.13714967203339298,0.0002570161852397036
373,17,6.0,28.47564074191495,0.34977209072436705,0.042039946766318746,17,0.3658632961741544,0.6397058823529411,5.082766796013749e-05
374,5,7.0,1065.5628322287391,0.3114120868374731,0.0016724740010855361,5,0.31960687556540973,0.5,6.117206349771021e-05
375,32,7.0,481.5292589409734,0.33650340783008403,0.012449471460646051,28,0.3525372152314858,0.18951612903225806,9.519235095375028e-05
376,52,6.0,602.0072324957766,0.35942437923250564,0.0441911502945431,45,0.3785131103783782,0.4019607843137255,0.00011891716215875512
377,141,6.0,15305.35533222042,0.4243453927643414,0.1732319974893619,56,0.4507091641807145,0.12451874366767984,0.00028876596455217063
378,130,6.0,9542.950837659995,0.4041756568092397,0.18427311380322786,56,0.4307269587062694,0.13321407274895647,0.00025206867479891335
379,157,6.0,7857.669539104939,0.40853110968569595,0.2631045828282437,56,0.43672214371700424,0.23722031683815123,0.00028617224554833867
380,259,6.0,68092.88180604634,0.45080690826727066,0.37047383668584577,56,0.4788690008897596,0.11331597378109007,0.0005073078453243744
381,64,6.0,2817.1080055569664,0.3703983716196569,0.034080252852116265,39,0.3921259224367961,0.15823412698412698,0.0001659135192428252
382,49,6.0,1310.6088782426948,0.39092806285293397,0.06489121765035209,44,0.41345318469672676,0.19642857142857142,0.00011123952830581207
383,37,6.0,497.92289297933337,0.37016157154480994,0.043916023505333315,35,0.3899303920029225,0.4459459459459459,9.225290987508298e-05
384,34,6.0,1701.6166554982456,0.3583122362869198,0.018542197986774683,26,0.3765897315119929,0.14260249554367202,0.00010703529468643984
385,40,6.0,2299.9260914037304,0.3650902837489252,0.029131631524241326,30,0.38435651855339464,0.10256410256410256,0.00010871989048523079
386,42,5.0,1261.1199136676996,0.3873380769932494,0.05687719265930353,37,0.4087899722614887,0.22067363530778164,0.00010445499404808614
387,167,6.0,8265.912889593978,0.4043809523809524,0.26062136124005636,56,0.4334196891192084,0.1601616045018397,0.0003055916836420971
388,120,6.0,5121.878924367222,0.41316899124229645,0.15989897368664122,55,0.43899879625272825,0.20238095238095238,0.0002400919033825415
389,173,6.0,27367.25875464637,0.42316125174407015,0.17012714128303333,55,0.45098131574820577,0.10310525608280682,0.00038137640470578283
390,58,6.0,1209.6648691969174,0.38492687054272934,0.07751136418950677,47,0.40736379337416745,0.21113127646702964,0.00013057089771859815
391,51,6.0,1234.4027844717145,0.36040063377093706,0.06116862149212466,45,0.3805490134505494,0.24235294117647058,0.0001202868850802248
392,12,6.0,34.07302351748088,0.3324806849029025,0.008587554431468965,12,0.3442952844506964,0.4848484848484848,4.86715424053469e-05
393,35,6.0,482.5984060283921,0.37295777946946185,0.04633241455325852,33,0.3931621918668504,0.33949579831932775,8.88908381829945e-05
394,121,6.0,10628.516428114024,0.41010946555054734,0.21585014711192033,56,0.4358271837546875,0.353168044077135,0.0002481717790377029
395,172,6.0,13721.56023129186,0.41335669781931467,0.28046484617837125,56,0.4419976971790919,0.23072215422276623,0.0003298973006452469
396,16,6.0,214.6991969589185,0.3275055278449118,0.008040717721341642,15,0.3393651541319676,0.20833333333333334,6.0616045580616786e-05
397,91,6.0,9156.432444176624,0.39541814118085306,0.06318985570089208,45,0.4199508033705175,0.16605616605616605,0.0002193843212099768
398,221,6.0,16437.654094709596,0.436352425322006,0.3717930801322589,56,0.46487936358406945,0.15450431921020155,0.00040212782005318026
399,172,5.0,55681.15305153971,0.4281968535699879,0.17272487698146727,55,0.45461087559538105,0.11695906432748537,0.0003769991685233287
400,18,6.0,161.3149334150623,0.33769883351007424,0.013665241047886138,18,0.35093421259221563,0.4836601307189542,6.189713634517478e-05
401,35,6.0,1056.5727925831056,0.34378711000755696,0.0150191184728984,29,0.3603391427225368,0.27058823529411763,9.90726431101173e-05
402,4,6.0,98.72893390028435,0.28193891102257634,0.0007218553851128992,4,0.29040142356205395,0.3333333333333333,4.782770315250821e-05
403,37,6.0,395.78354441112486,0.3611772711806737,0.039287768625450276,34,0.3798005966399579,0.46696696696696693,9.301257848232467e-05
404,52,5.0,1729.2512696923193,0.37731042654028435,0.049385177467596,43,0.39894017899199397,0.1870286576168929,0.0001265109966251705
405,8,6.0,46.04077520811619,0.30877005866097834,0.003013108573231025,8,0.31863191500495913,0.2857142857142857,4.432244059948063e-05
406,111,5.0,4540.577666558081,0.407642089093702,0.16402343975415823,56,0.43338828701526966,0.15085995085995085,0.0002161036425179182
407,83,5.0,9209.85751244823,0.3896604466197614,0.08973711490728525,51,0.4134086983828094,0.22685865412870998,0.00020764943107244528
408,59,6.0,1482.5691198299282,0.3810577958597583,0.07058093756384981,46,0.4032658188098667,0.2413793103448276,0.00013605614289897132
409,71,6.0,2840.832808135656,0.39667414050822125,0.09686152138554,51,0.42030407703985434,0.16579476861167003,0.0001543359712981498
410,83,6.0,6329.983916845233,0.37147856517935257,0.042397019356832606,44,0.3945595854922229,0.15574493094328534,0.00020746135286184585
411,44,6.0,2041.3762526053881,0.37673015497456525,0.05227890989942387,36,0.3971057727534415,0.15856236786469344,0.00010912901656244959
412,83,6.0,2421.636267860934,0.3866092023795071,0.10766456236041813,53,0.41087559533156814,0.18718777549221277,0.00017463735443469159
413,34,6.0,320.09739497646024,0.3594649508973925,0.03357040561922355,32,0.37754749568219326,0.4759358288770053,8.681466692010066e-05
414,39,6.0,574.7067790526772,0.3564073866815893,0.04507597864507976,33,0.3747474747474554,0.28879892037786775,9.771555181003486e-05
415,31,6.0,344.83222271828316,0.34885249493345016,0.015985775580358404,28,0.36570890249644433,0.24301075268817204,8.976790237816908e-05
416,113,6.0,2260.555253337322,0.3919384615384615,0.18514095415250997,56,0.41775265609464646,0.3656763590391909,0.00021268990925099777
417,113,5.0,4016.9532393607424,0.40579802484867794,0.193039522542432,56,0.4316899565604605,0.2868204804045512,0.0002148087285170806
418,136,5.0,5411.360104424259,0.3998116760828625,0.1997761961643847,56,0.4267781441356883,0.25,0.0002597210263209493
419,113,6.0,5022.793427105349,0.4084263178145441,0.13547137603046516,55,0.4342439943476619,0.22281921618204806,0.0002254987596321782
420,63,6.0,3165.4374307994067,0.3703983716196569,0.03308346648699563,42,0.3919846129690618,0.10240655401945724,0.00015817492050066676
421,5,6.0,238.13765560257636,0.2777583951155691,0.0003503910949700687,4,0.28539540482546344,0.5,6.372755264417618e-05
422,116,6.0,8404.545700863311,0.4129546780781949,0.13617613014047517,55,0.43849374574767747,0.1659670164917541,0.00023924016539876428
423,80,6.0,5405.277780953409,0.3715652529023978,0.059950675044987224,45,0.39477416653581965,0.12025316455696203,0.00019068402297297847
424,103,6.0,7877.685073759714,0.39232475052359245,0.08905882910617346,51,0.4173365782174288,0.1810394060536836,0.00022694154575420467
425,211,6.0,36693.459279888906,0.4462271421565193,0.34624142821921683,56,0.47307792955464745,0.15432182351613632,0.0004054555807105961
426,42,6.0,2040.4828099223323,0.3689179796107507,0.04662043321313306,38,0.3887083267912184,0.22415795586527293,0.00010649109117975151
427,42,6.0,5305.718437290199,0.3570267391669937,0.03211263012677608,30,0.3753650494582951,0.26132404181184665,0.00012010325992007658
428,6,7.0,93.04505609367128,0.2954492740177205,0.0009711064290691039,5,0.30569574351957507,0.33333333333333337,4.8558139364271505e-05
429,30,6.0,573.6424128788389,0.3517424200585409,0.01867890321986797,27,0.3687993928926358,0.1586206896551724,8.527402581805316e-05
430,172,6.0,14188.913487115364,0.433826033648934,0.2611762435274417,56,0.4604464332444031,0.14789881680946554,0.00033031513163900484
431,106,5.0,18300.681454353336,0.4143517012556112,0.13452868344159213,54,0.4394253414979273,0.09523809523809523,0.00024070570641505123
432,74,6.0,1477.3960755441826,0.38755020080321284,0.09198759037862857,51,0.4107552205997952,0.31321732691595705,0.00015860261391627777
433,110,6.0,15089.072384045026,0.3860233953572944,0.07421288493358415,47,0.41113727953107587,0.17948290241868223,0.0002749503441673422
434,18,6.0,5231.190103916525,0.33975248052917956,0.015183144992702274,16,0.3543439577118054,0.12418300653594772,7.189045188680905e-05
435,88,6.0,3665.652187031532,0.387668147787449,0.15336825484565464,56,0.4118595279217196,0.2714211076280042,0.00017484512259341304
436,20,6.0,1181.9206687702883,0.34086165373294086,0.009320056344153806,16,0.35461349243730117,0.2473684210526316,8.248830229404926e-05
437,145,6.0,10052.880878496311,0.41660125588697017,0.21436762839597612,56,0.44389229078353293,0.14157088122605363,0.00027974621751670375
438,122,6.0,4998.038975102498,0.40502384737678854,0.21356734300872182,56,0.43163761972055836,0.25701124508874135,0.0002288993426599238
439,33,6.0,5090.407958503969,0.3771986970684039,0.04027403323144944,26,0.3974224106348466,0.19696969696969696,0.00011032860420936336
440,152,6.0,20072.840048737537,0.4058238817382439,0.15465214568153668,55,0.433888103836329,0.12687347507842456,0.0003291683842194527
441,84,5.0,1974.2234441088274,0.39988698436617065,0.18233229662674255,56,0.4243837337101888,0.34853700516351116,0.00016177670134198804
442,130,6.0,3755.7643992944813,0.40292275574112735,0.21936873607748403,56,0.4297404092741228,0.2701252236135957,0.00023576982398909187
443,103,6.0,3478.3433862041306,0.40955565558484985,0.1377469421548932,55,0.4346025017009889,0.22158766419189035,0.0002069267780049233
444,29,6.0,1450.6480154890305,0.34621656881930857,0.018783783472268077,25,0.36178363950382364,0.3251231527093596,8.97534582841336e-05
445,92,6.0,4613.642365396157,0.3573271992818671,0.03475644342350082,45,0.3800779818914334,0.17415193502150023,0.00022859782930176282
446,16,6.0,4605.654334804025,0.3375019871760903,0.01427824950450632,11,0.3508295389124121,0.18333333333333332,7.970279069527694e-05
447,64,6.0,4738.324951269833,0.37958161988199535,0.04255787086437382,41,0.4022504841157741,0.12351190476190477,0.00016594002459085274
448,73,6.0,2911.4851388397105,0.39502573962662035,0.09740924571091714,50,0.4185193907992075,0.20357686453576865,0.00016201951651559853
449,133,6.0,3255.2217580630986,0.40208333333333335,0.2540415269933897,56,0.4294420892866829,0.29027113237639557,0.00023857433926098288
450,114,5.0,4714.116907028541,0.38818796855000914,0.1620645238325096,56,0.413947767833795,0.2931221859959634,0.00021870571583743512
451,47,6.0,2326.6365239207576,0.3793103448275862,0.05904741543372842,38,0.40053121892500526,0.14616096207215543,0.00011732024779543429
452,132,6.0,3413.279705547081,0.4060308555399719,0.2385644405127495,56,0.4331894070236424,0.27145500809622947,0.00024096903688134908
453,2,7.0,0.0,0.24638297872340426,4.4581784084964245e-05,2,0.25098729710129414,1.0,4.187195477693306e-05
454,96,6.0,4612.038695564366,0.38492687054272934,0.11324098567021255,54,0.41026587114671287,0.2135964912280702,0.0002020237905162165
455,144,5.0,4672.955598117238,0.41556831528122146,0.250919462607983,56,0.4423012508505228,0.22843822843822842,0.0002657920881151563
456,9,7.0,80.39891164771791,0.31564079690752306,0.002585241256401436,9,0.3266304794801987,0.2777777777777778,4.4833562526739066e-05
457,278,6.0,61200.92795747191,0.4475755446240337,0.2891694314782366,56,0.47782488093372333,0.1008492844713399,0.0005548956268078396
458,169,6.0,8606.4010710509,0.40966102785103237,0.25103396981951637,56,0.43851206364164075,0.20540997464074387,0.0003091429277135177
459,204,6.0,29655.124055999335,0.4195099459886708,0.20191056556046996,56,0.44951326738896835,0.09166425190765962,0.0004238563645472526
460,94,6.0,3526.8615677954263,0.3959589679825925,0.1728336442539308,56,0.4211650180562357,0.30931137039579043,0.0001828364497870353
461,38,6.0,1556.257713090692,0.36538351213355513,0.025182525024347025,31,0.38513372062593404,0.14509246088193456,0.00010691388855313893
462,112,6.0,11566.262395412288,0.40743346980552714,0.13813265385783663,55,0.4331501543937171,0.25466537966537967,0.00023761498113099647
463,67,6.0,1030.5827502747393,0.3878570123622191,0.12022209470169554,55,0.4109096142775052,0.5775667118950701,0.00013959256365651392
464,2,8.0,0.0,0.20630344648872764,9.463037464122505e-07,2,0.20949147283347186,1.0,6.041913858381766e-05
465,126,5.0,8547.520912127762,0.4149185667752443,0.16534614391465646,55,0.4407075940755177,0.19085714285714286,0.00025468284087820853
466,3,7.0,18.621265488148563,0.2980904240381915,0.00155871462937444,3,0.30778660027364224,0.0,3.1341265619529366e-05
467,122,6.0,32362.583846319758,0.41108887884851225,0.11200560169111909,53,0.4369184068666371,0.08833491396829699,0.00031292846300624345
468,93,6.0,8300.400783045088,0.39463411611624016,0.10442977702775676,52,0.41975454022088576,0.11757830762038335,0.00020767209902633441
469,52,6.0,1664.9107860470885,0.35978985425375665,0.03149219681379362,36,0.37925105982099055,0.4841628959276018,0.00013611061677461155
470,22,6.0,760.6744019826682,0.3381650207072316,0.008080234801706412,17,0.3513947767833507,0.27705627705627706,8.108078158835926e-05
471,64,6.0,7042.885233637031,0.38367469879518074,0.04954955679477834,39,0.4063955618359864,0.13839285714285715,0.00017171043371078196
472,13,7.0,47.92432114434728,0.32483296781761617,0.010385412195184705,13,0.3365535443255396,0.6153846153846154,5.0054796992882144e-05
473,154,6.0,14932.89792349611,0.42564993651005817,0.17431339910013216,56,0.4522661851677877,0.10355657414480944,0.0003118004916156464
474,16,7.0,257.80035058003136,0.31451851851851853,0.0035607208469827694,15,0.3260390731893112,0.65,6.626787236188873e-05
475,59,6.0,2880.475549116102,0.37870139136639314,0.05437266126736321,45,0.401311037839539,0.10403272939801286,0.00014137887472745808
476,76,6.0,2731.690277708477,0.38137724550898205,0.08069447787218306,51,0.40515517873031587,0.17578947368421052,0.00016413779745174612
477,30,6.0,753.6439576873021,0.37191240875912407,0.035262591225634916,29,0.3914821793060073,0.03908045977011494,7.936698469566856e-05
478,192,5.0,18173.10491673848,0.38806970509383376,0.08403175383568033,45,0.4184042497514188,0.14343368237347295,0.00043271166941729206
479,4,6.0,12.572900189710875,0.30962566844919787,0.0037615492783304727,4,0.3196210812790993,0.0,3.2400402157013604e-05
480,6,6.0,6378.705783178695,0.33948083790842704,0.009996456184909791,5,0.35108337258593764,0.13333333333333333,5.9740369142725306e-05
481,131,6.0,13815.109066895604,0.41079721362229105,0.13271869179621423,53,0.4373632700058007,0.1464474456840869,0.00029261056041381773
482,76,5.0,6142.69314557835,0.3854860186418109,0.06625345801160028,43,0.4089024964672758,0.14385964912280702,0.00018527242406423075
483,2,7.0,0.0,0.28591309032142215,0.0009433703855286307,2,0.29512631870145367,1.0,2.7981971521537096e-05
484,46,6.0,3372.836731952831,0.3604210288042556,0.030323698715486392,34,0.3792196577170503,0.2599033816425121,0.00012779356718805744
485,42,6.0,4873.452268508537,0.37212971078001755,0.03281744821158949,32,0.39232480242842377,0.19396051103368178,0.00012635808627126262
486,37,6.0,516.1012331410413,0.3539709887178347,0.022424010557790783,33,0.3719788559166593,0.1996996996996997,0.0001006159309263027
487,71,6.0,2182.50053612904,0.4001130795326046,0.10654027678622893,50,0.4234992411158514,0.19718309859154928,0.00015256991572880433
488,52,6.0,1663.3114770461011,0.3762627754475099,0.05670659369517614,42,0.39797979797979827,0.15912518853695323,0.0001226623913352997
489,4,6.0,5.588195294288782,0.31711810396335394,0.0044369926696341795,4,0.32674412518969903,0.3333333333333333,3.132833348654262e-05
490,28,6.0,8250.508246262063,0.36529968454258677,0.03385838437631932,23,0.38381744910240795,0.17724867724867724,0.00010940685006373006
491,143,5.0,13577.65979339792,0.4217880794701987,0.2023032516082525,56,0.44839587585706586,0.1211464591746282,0.00028791731359052275
492,225,6.0,30746.912424409624,0.434328968903437,0.2449939384903114,56,0.4637619720521704,0.09892857142857144,0.000456212083976907
493,74,6.0,4058.2646394862354,0.3925423728813559,0.07353356962405892,48,0.4160857277437799,0.17586079229914847,0.00016823808494370794
494,54,6.0,2798.048791173891,0.35408906432423415,0.02394995994917745,39,0.37320092112836184,0.2194269741439553,0.0001496766254100423
495,13,6.0,73.77780796855505,0.3307368749026328,0.009453944573968696,13,0.34279060030352665,0.32051282051282054,5.066512074741343e-05
496,68,6.0,3054.508483826147,0.39013782542113323,0.07083504439558412,46,0.413672999424313,0.13784021071115013,0.00015113867406641308
497,123,5.0,11509.135941330596,0.41241986660622937,0.10111751928970268,52,0.43834458575395735,0.1451419432227109,0.00026207131552550173
498,157,6.0,7341.507549863462,0.3999874395528481,0.2444005602916006,56,0.4282985293348308,0.2049648864935489,0.0002911049302647126
499,63,6.0,371.5533270144486,0.3658032278444661,0.11527169228512285,56,0.38707280054428983,0.44239631336405527,0.00012565241902547474
500,83,5.0,3316.1064949543256,0.3871967900784242,0.0816080667695645,51,0.4112524205788603,0.1921833676168087,0.00018341611289058929
501,35,6.0,484.54229305508744,0.37697543651968035,0.049111855516356405,35,0.3971424085413728,0.2773109243697479,8.703165487272872e-05
502,12,6.0,185.59005142599833,0.3260135135135135,0.005007408790715546,11,0.3359004553304809,0.4393939393939394,5.4441104899822616e-05
503,51,6.0,7551.090028568177,0.36136170212765956,0.05187752173586671,40,0.3806641544983349,0.3003921568627451,0.00014414386949611566
504,69,6.0,3699.834362994279,0.3816514860977948,0.08956890694725654,51,0.4043465745538359,0.3145780051150895,0.00015282365014313197
505,5,7.0,129.44478811989035,0.3195364238410596,0.005594384105906435,5,0.3294802204128397,0.3,3.802813667525854e-05
506,36,6.0,1258.1231326272205,0.3689820983720526,0.032019936701773055,32,0.3886245878473759,0.12857142857142856,9.388016897387454e-05
507,164,6.0,6388.800966309131,0.41986947063089197,0.2670218326886994,56,0.44727848432517,0.26582373185695046,0.0003063836587731587
508,21,6.0,551.1968101332436,0.3413183279742765,0.008317781276017662,19,0.35457162296538103,0.18095238095238095,7.143405705133845e-05
509,155,6.0,15045.209810081451,0.4138939433324669,0.16700175591220873,55,0.4415894698278594,0.12375366568914957,0.0003081388600247199
510,72,6.0,3482.493400946097,0.3852994555353902,0.06329427347487689,47,0.4088972627832855,0.09585289514866979,0.00016287354457063415
511,58,6.0,2525.7518142157223,0.3997113091502448,0.07246669257482492,46,0.4228685821950364,0.13127646702964307,0.00013277591685258535
512,27,6.0,935.1347682888434,0.3481469334207937,0.01283337592807727,25,0.3644632857067861,0.15954415954415954,8.445870420757695e-05
513,15,6.0,711.4161304304076,0.3449601906515734,0.015950611211628163,14,0.35949913644211795,0.07619047619047618,5.789023173555003e-05
514,10,6.0,8.657988685977175,0.3220896126226358,0.004731476932839282,10,0.3356204532370101,0.4,4.450513976483835e-05
515,50,6.0,4565.697413346433,0.35322500138650104,0.01958454678954316,34,0.3721201653843931,0.14857142857142858,0.00015614479319345015
516,43,6.0,750.3820737208172,0.35539311422353664,0.022125385001719875,37,0.3738813000470834,0.2591362126245847,0.00011506799411218954
517,12,6.0,578.2433896969444,0.32952193708609273,0.008465095949094989,10,0.34142460878209374,0.25757575757575757,5.7061127793484035e-05
518,69,6.0,1182.2626993454805,0.3764406879839234,0.07832273195447796,51,0.39925681687339826,0.3115942028985507,0.00014444896283719158
519,80,6.0,6076.427430573945,0.4014750378214826,0.09190331909669346,48,0.4256319673418438,0.17626582278481012,0.00017556343636789464
520,57,6.0,3457.728572723992,0.3831207892204042,0.06267433244075993,43,0.405822473439063,0.12844611528822056,0.00013797035584158605
521,101,6.0,1339.182844643166,0.3911921872120877,0.17080512639055187,56,0.4161275972157003,0.4750495049504951,0.00019133116502074424
522,55,6.0,691.5460344980012,0.3808071748878924,0.08308650737630682,50,0.4029674988224273,0.37777777777777777,0.00011835202646266703
523,92,6.0,2860.4548657017167,0.39759036144578314,0.11326174992312954,54,0.42246035484380223,0.2682752030578118,0.0001844142779867074
524,196,5.0,10062.197804799527,0.4184350568293805,0.3446191740617782,56,0.4480792379756646,0.2079539508110937,0.00035137384006845933
525,26,6.0,470.3431853502434,0.3292153416726972,0.007360659703619312,20,0.34400743183124,0.20923076923076922,8.955468990610343e-05
526,10,6.0,25.44630912322148,0.31787781992413655,0.005839929667687193,10,0.32763385146802676,0.5111111111111111,4.4724701817897065e-05
527,107,6.0,12244.553508041912,0.3916733288235656,0.10517006733880514,54,0.4171874182237086,0.20349144771645214,0.0002427385446594578
528,44,5.0,2546.8278265529057,0.37232549982462293,0.046196417223646015,36,0.39222274559061576,0.12896405919661735,0.0001134104900799652
529,3,6.0,7.3929530273120525,0.2864660639589799,0.0009435180435675986,3,0.2956351075522108,0.6666666666666666,3.3661790742246504e-05
530,94,6.0,4563.143458485963,0.37381148022068317,0.053812142179414005,45,0.3974616632647701,0.18554106611759322,0.00021391575933022632
531,11,6.0,2755.4866401636914,0.3212610340479193,0.005537370945633863,7,0.3309127544878594,0.41818181818181815,8.950146955540852e-05
532,264,6.0,37499.6132581828,0.44560274260127336,0.36925383670189643,56,0.4752420578845808,0.11311787072243346,0.000491120086930149
533,99,6.0,7892.3273188280455,0.3882589612289685,0.10154549857400845,54,0.41338252996285746,0.21129663986806843,0.0002197221196440431
534,136,6.0,5883.657401973624,0.4056687898089172,0.23381721830811106,56,0.432959124928075,0.23366013071895425,0.0002566957340890731
535,39,6.0,1029.6353535832739,0.3644218115237169,0.04108812483128921,37,0.38399801120006793,0.10256410256410256,9.494561318808659e-05
536,31,6.0,834.7517692405195,0.3642550757792393,0.03550727450990981,27,0.38258491652272486,0.26666666666666666,8.746959834475058e-05
537,14,6.0,84.28756665765852,0.3420515574650913,0.015421486553272315,14,0.3561731302663687,0.3186813186813187,5.120960098189144e-05
538,15,6.0,479.99216464660304,0.3506579309585421,0.017541829821109647,14,0.36512796357353977,0.14285714285714285,5.723153276236934e-05
539,36,6.0,294.5907558995612,0.36557226495235906,0.06000864135252919,35,0.38455278170302626,0.6174603174603175,8.459772594461601e-05
540,64,6.0,2134.1139594712026,0.37541998231653406,0.051583785090455365,45,0.39739624221489456,0.17857142857142858,0.00014559055225913653
541,1,7.0,0.0,0.2536338656365736,6.669104660873303e-05,1,0.25820043514344426,0.0,2.8110275324251415e-05
542,21,6.0,978.1307815546306,0.33366512992455993,0.010309606805716562,16,0.34575548228395053,0.3142857142857143,7.574862125435417e-05
543,51,6.0,1779.8889068409514,0.35883711758408926,0.02542130820642693,37,0.3787198408959878,0.1670588235294118,0.00013579248695191304
544,94,6.0,4301.08242566523,0.40652326546243694,0.11903378384481245,53,0.4314570576228989,0.16426447037291236,0.00019467824255680718
545,41,6.0,1772.0427395012196,0.36723750216225565,0.046370685916366755,36,0.3867927984508173,0.35853658536585364,0.00010687656287205128
546,17,6.0,1939.5937570563,0.3427510494026477,0.02470028165984741,14,0.35737687758410575,0.22058823529411764,7.427501448194482e-05
547,16,6.0,149.21453238483178,0.3334380398931993,0.010737304770799448,15,0.3455304338723742,0.35,5.755365227364432e-05
548,182,6.0,13472.050291039137,0.4331179870792248,0.271502949448183,56,0.45995446694932995,0.15008196223665837,0.0003428427258081312
549,53,6.0,934.2448616811089,0.3745369009114966,0.05849751084306308,45,0.3957973517558989,0.22859216255442671,0.00012221023652303693
550,5,6.0,137.37921860210363,0.30920477716283135,0.0014077716272914514,5,0.3174569529491675,0.2,4.3680805172069746e-05
551,11,7.0,87.08454767290196,0.32366094115255617,0.005654142084362239,11,0.3337299718128474,0.3090909090909091,4.74810724506955e-05
552,72,6.0,1534.7356652132182,0.37852133602757637,0.0914494490268215,54,0.4014209452033324,0.25078247261345854,0.00015050113688301785
553,43,6.0,887.8704330008935,0.37212971078001755,0.05497167853469648,38,0.39275658135761216,0.32004429678848284,0.00010215390617955327
554,102,6.0,8826.07626417466,0.3956637882835311,0.15334527714805138,56,0.42062856544724386,0.36264802950883324,0.00021681688883751267
555,62,6.0,10831.470049657706,0.3762850053172634,0.04538061108643253,41,0.3980740042916212,0.11422527763088314,0.00017386767917436152
556,5,7.0,654.6558325524852,0.23064387629463315,1.6069404671495415e-05,4,0.23522830077235884,0.5,0.00012180843120500838
557,105,6.0,5578.080997280547,0.3924214417744917,0.09613644123923383,53,0.4173496624274043,0.22783882783882786,0.00022410380771809333
558,44,6.0,774.5717935516988,0.3787689562890277,0.05535442562511958,39,0.4002302820955704,0.14482029598308668,0.0001028801484503609
559,34,6.0,1995.5278956954294,0.3583525572497609,0.01848226961855497,26,0.3767702936096532,0.1319073083778966,0.00010638207626502377
560,24,6.0,206.1774452994872,0.3604414261460102,0.03483514743121513,23,0.37842413775054484,0.25,6.627584814947906e-05
561,12,6.0,123.84216392796263,0.3190881763527054,0.0037438933727203818,12,0.3323912702150824,0.2727272727272727,5.0803129623219095e-05
562,150,5.0,8267.42331600665,0.4235270647692512,0.2736493637950632,56,0.45007065473391705,0.2025950782997763,0.0002807506083677742
563,128,6.0,8881.2819020053,0.41873767258382644,0.1423117466400852,55,0.44458837075422614,0.1347194881889764,0.0002613205877656016
564,46,6.0,1058.8851436973405,0.3549375835934017,0.023807368862465584,37,0.37476840948341367,0.2183574879227053,0.00012074263225690809
565,213,5.0,25460.815047631262,0.44830013373689026,0.3119115946983492,56,0.4743627989742321,0.1002746035964213,0.0004099598709652042
566,88,6.0,5643.750849945022,0.39319669094949994,0.09987579788094003,53,0.41762181399489323,0.2035005224660397,0.00019232259582163292
567,125,5.0,10420.675401685054,0.41470243521291833,0.15233585469475072,55,0.44057675197576346,0.15135483870967742,0.0002630153726759402
568,44,6.0,1406.6771742831395,0.3517424200585409,0.017057609040515558,34,0.37012874862613615,0.1501057082452431,0.0001237829470510461
569,62,6.0,1047.6546675680258,0.37163029525032093,0.06263931924764,45,0.39307845292300686,0.3791644632469593,0.00013792243948377377
570,5,7.0,61.251599263157026,0.30777036822267323,0.0018232088998518337,5,0.31716797882599773,0.2,3.828592497901718e-05
571,63,6.0,6576.6005354307335,0.39412128712871286,0.08449384877358322,45,0.41717433401373505,0.12391193036354327,0.00015156408914270318
572,87,6.0,5418.6993467362445,0.40805996924654026,0.12361217596014305,55,0.43277071230443076,0.11868484362469929,0.00018156380508773808
573,85,6.0,3269.4264496849933,0.38574283810792803,0.11124104271711283,55,0.40982100800754967,0.26526610644257703,0.0001768535810306185
574,30,6.0,442.9933277085247,0.36201898482350936,0.040325587980313576,30,0.38022452504316123,0.16551724137931034,7.853592017685543e-05
575,43,6.0,689.3141990764301,0.3804886791325647,0.058885342474865404,40,0.40172188203276826,0.3732004429678848,0.0001027317249736431
576,56,6.0,2330.6588630094416,0.37115384615384617,0.034879074587286854,39,0.39282200240748844,0.19805194805194803,0.0001454554992503218
577,10,7.0,18.275084137968868,0.27340631036703156,0.0004847019286274958,9,0.28182491084046024,0.7777777777777778,8.02084501540758e-05
578,55,6.0,1066.4147249205582,0.379604243652402,0.0711982121724297,47,0.4016224420369544,0.1925925925925926,0.00012181755782046194
579,68,6.0,2419.357509762645,0.37787006822901215,0.067003437399442,47,0.4007379494426155,0.23529411764705885,0.000155759549807587
580,90,6.0,16562.869709112663,0.3853460793804453,0.10796668911717244,53,0.40970063327577555,0.28339575530586764,0.00021124416260456872
581,4,7.0,20.4083503865259,0.2995625793706787,0.0010428713849252441,4,0.3091735265310336,0.16666666666666666,3.2958319682517036e-05
582,160,5.0,8330.027551775263,0.42816806722689077,0.26574325203714894,56,0.45488041032087095,0.19882075471698113,0.0002934634714821112
583,167,6.0,28787.796468007975,0.41470243521291833,0.17449824280664872,56,0.44282461924953853,0.13909530336916529,0.0003518071181311896
584,152,6.0,15251.318864077524,0.42265578339637666,0.17426665725010287,56,0.4494138273931523,0.09044963401882189,0.0003014606417980156
585,5,6.0,4.2255585396935835,0.3124202884332385,0.0033676851954576644,5,0.32160203066937265,0.4,3.4074173858717034e-05
586,122,6.0,3892.338984826826,0.39109610070617135,0.18845195031198422,56,0.4172554561155803,0.24861129928194012,0.00023110536713782148
587,58,6.0,902.2970432529685,0.3907361963190184,0.08513184062280946,47,0.41350813837862327,0.3339382940108893,0.00012847280550423124
588,35,6.0,179.32355952138374,0.3494266747133374,0.047532481210318875,33,0.36629769194533807,0.4218487394957983,8.544604709221967e-05
589,250,5.0,30974.897400355654,0.43674141123225674,0.3234420315385806,56,0.46692311718222695,0.0949718875502008,0.0004758927748257165
590,49,6.0,2411.122092863927,0.39006614404703577,0.07501751276967392,42,0.41217093211913614,0.20918367346938774,0.00011562203148261678
591,111,6.0,6107.608069062917,0.41016228748068007,0.14979116311114302,55,0.4357251269168793,0.20147420147420148,0.0002260840185859442
592,10,6.0,6212.258260044706,0.3269003746856234,0.006482247794813393,5,0.33590307217247567,0.26666666666666666,9.566402429376166e-05
593,79,6.0,3142.585865372877,0.3718038528896673,0.06899985830709368,50,0.39473753074788864,0.1739694904251866,0.00017517166448198916
594,67,6.0,1937.7559179097786,0.36840583063396576,0.06029586410105072,44,0.3908201182812488,0.1754862053369516,0.00015751152080202034
595,11,6.0,21.99120458892572,0.3255469229196483,0.005885575513563786,11,0.3389150573088147,0.21818181818181817,4.6555593192301944e-05
596,30,6.0,501.3814377961098,0.3392638363607308,0.011623759805262462,27,0.3555712566074963,0.44137931034482764,9.173458459097341e-05
597,72,6.0,5619.978844975854,0.3819948419600552,0.044713751193701815,42,0.4052546187261295,0.09976525821596244,0.00018369594747370395
598,166,6.0,17503.083975045352,0.4225436210442513,0.19929584974746814,56,0.45046056419118363,0.11062431544359257,0.0003411466864035374
599,192,6.0,28420.892705876326,0.4093976987851128,0.09772400110262804,45,0.43925524676824385,0.11087478184991273,0.0004421949901595606
600,104,6.0,5946.753711357611,0.4075899142454883,0.12294856440196504,55,0.4329852933480271,0.20500373412994774,0.00021819058985972432
601,144,5.0,8435.523651908316,0.38028421304036303,0.05934180558895881,45,0.4071701470665278,0.11858974358974358,0.00033957665925996857
602,133,5.0,7120.25695241063,0.42187189507849243,0.20863380255605243,56,0.44727586748317344,0.18842560947824105,0.00026046290853813393
603,33,6.0,1821.7420699945678,0.36367270027979215,0.04137290513664317,30,0.3825613649447682,0.19507575757575757,8.726948050053051e-05
604,27,6.0,224.1183625482533,0.3808071748878924,0.05317634120433244,26,0.4012691683676194,0.32193732193732194,7.225218503929453e-05
605,63,6.0,5094.861753422445,0.3832360551176364,0.06593600078401325,46,0.4054273302978059,0.14285714285714288,0.0001495746381637601
606,106,6.0,8158.915445423051,0.39627924340467896,0.13283698530623306,55,0.4218794159208931,0.1604672057502246,0.00021570847206020156
607,83,6.0,1521.8582878536188,0.37440479689612605,0.11084612277620692,56,0.3975113832626772,0.36879224213928885,0.00016534401994274634
608,115,6.0,6142.839255353938,0.3661817972747657,0.04655456648646503,45,0.3912231119484894,0.1118230358504958,0.0002728498411848484
609,78,6.0,1549.7217789640317,0.379220005954153,0.11220766213114015,56,0.4024572146333852,0.2340992340992341,0.00015837126072019555
610,178,6.0,8599.607528213659,0.40934507359084776,0.3128792331986024,56,0.43875542994718303,0.2044689900336444,0.00031768098103319845
611,2,7.0,0.0,0.2558858979509843,0.00011901304224365965,2,0.2608812028501179,1.0,4.1411796521294526e-05
612,54,6.0,2087.7535829946714,0.3764851924100018,0.047830733381251496,41,0.39817082744543936,0.17610062893081763,0.00012716977860998402
613,105,6.0,2151.3716060487086,0.39222810690971793,0.18453176821230965,56,0.4178390118804843,0.3097069597069597,0.0001955608653156044
614,17,6.0,343.5148834244134,0.34286175710594313,0.01761486801608692,15,0.3580310880828751,0.14705882352941177,6.53065435696109e-05
615,80,6.0,1732.609271550809,0.3630094043887147,0.03788324606570576,45,0.38561783639502206,0.1949367088607595,0.00019134164711559913
616,204,5.0,47439.21973411395,0.4381535498073748,0.2972505755430236,56,0.4650703930497101,0.14884574519462956,0.00039968131580366776
617,32,6.0,3.9209293584234324,0.3688538831296693,0.06523617273076043,32,0.3881116868163398,0.9576612903225806,7.722765496822447e-05
618,100,6.0,4430.141431740066,0.40785092213114754,0.14653791475746625,55,0.4329643586120666,0.19616161616161618,0.00020749098031738666
619,21,6.0,300.44119904579634,0.34218019663675925,0.010077372092087547,20,0.3566650965614441,0.19523809523809524,7.302707477716493e-05
620,57,6.0,977.1319879046108,0.39102406679764246,0.10633293607834624,51,0.41409431098552174,0.2136591478696742,0.00011912454584908793
621,24,6.0,796.0810865229499,0.3519756838905775,0.016256047180374173,22,0.36822368765371893,0.2391304347826087,7.759615357135872e-05
622,17,6.0,655.9331458118872,0.3347524440239672,0.009049844561814218,15,0.3478332548280446,0.22794117647058823,6.712222058712101e-05
623,21,6.0,209.56608686340311,0.3355283953218839,0.010375052453305599,19,0.3497749515883945,0.3619047619047619,6.827499308624149e-05
624,70,6.0,1612.986406649239,0.38578956932582226,0.08545494617045814,49,0.4083765112262647,0.32629399585921326,0.0001521451273092011
625,107,6.0,2973.4733413363833,0.3936827790827049,0.16728380636115256,56,0.4189982728843065,0.3323928760359725,0.0002033637441606128
626,128,5.0,7119.479964445606,0.4057204739457256,0.16193539805717128,56,0.4321950070655113,0.1548966535433071,0.0002579313535816699
627,20,6.0,56.76499735553705,0.3463671959973896,0.03181639819034795,19,0.36180457423978357,0.6526315789473685,5.972190173307413e-05
628,33,6.0,630.5818427475303,0.3505228398458998,0.01590254522825294,30,0.3678677971423862,0.20643939393939395,9.354611467004458e-05
629,77,6.0,3601.8872181769543,0.3949767441860465,0.08858879067434965,51,0.41861883079502066,0.20198222829801776,0.00017143633418789924
630,173,5.0,18355.457617511085,0.43356024506466984,0.23341669982017282,56,0.4599623174753144,0.1275709100685576,0.00034226688727091096
631,83,6.0,3026.810209241981,0.4182701779733368,0.15023237178156704,55,0.44192704244522785,0.1519247722597708,0.0001661461327286331
632,86,6.0,6019.015811726768,0.39390191106438244,0.09059329084468314,51,0.4180431255561019,0.23502051983584132,0.00018832441122951983
633,94,6.0,2658.959260937056,0.40091904821855723,0.1300938667109282,55,0.4260428115350712,0.18371082132235186,0.0001859072065334527
634,77,5.0,6811.796250922617,0.3670893371757925,0.06236449529627285,48,0.38890720678284313,0.15584415584415584,0.00018537181700927595
635,144,5.0,12571.730492176284,0.4263908415344447,0.20999885215669228,56,0.45195216412837863,0.09557109557109557,0.00028528862534739813
636,90,6.0,9618.897569219636,0.40456075716191325,0.09849420977739075,51,0.42890301983569784,0.09637952559300873,0.0002075918133867279
637,8,6.0,95.2756300835025,0.31363569212586795,0.0026556028983088613,8,0.32414036740459706,0.10714285714285714,4.306050219734126e-05
638,1,7.0,0.0,0.2652976215270546,0.00018761600910989504,1,0.2729407322671611,0.0,2.6268119734156495e-05
639,241,5.0,24768.73389875083,0.4320016278912026,0.4256033861342156,56,0.4620584079133768,0.18329875518672198,0.00044304884715494676
640,200,6.0,6624.722753498396,0.42106307021023404,0.40064221459667193,56,0.4507798189145858,0.21150753768844222,0.0003466380124654126
641,79,6.0,5349.253899577422,0.40167759838546924,0.11060112616489656,53,0.4257968283875341,0.17104836092177864,0.00017004566004629476
642,17,6.0,1025.6080816470455,0.3388126396425152,0.016470909158905218,16,0.35290207777251575,0.3088235294117647,6.468202749119406e-05
643,35,6.0,1443.2143257429111,0.36062510616612875,0.026150376800537563,29,0.37897105772751727,0.14453781512605043,9.99535972847092e-05
644,97,5.0,3296.7611528016982,0.3926391714444239,0.13597150036716857,56,0.4177605066206322,0.2313144329896907,0.00018910975063374176
645,213,6.0,23063.283631107235,0.43575533661740556,0.31513461029219036,56,0.4643062751871459,0.1276906723359022,0.00039426550236905015
646,5,6.0,0.8537030245539002,0.3069101773323053,0.0035492028039052397,5,0.31710367927983374,0.8,3.366462846233874e-05
647,109,5.0,14105.9207038725,0.425849157528751,0.14375756072521495,55,0.45006803789191907,0.06642881413523616,0.00023374638058058054
648,55,6.0,2566.6603477689473,0.3599932172733439,0.024623523013796604,37,0.3802977966190218,0.18855218855218855,0.00014839295858464784
649,180,5.0,20256.975231842167,0.43400340715502556,0.2767603312469954,56,0.46098811953738483,0.12464307883302296,0.0003354545557019938
650,106,6.0,4633.882392744002,0.39319669094949994,0.09751705313122086,52,0.4190165907782717,0.21221922731356693,0.00022368515032773246
651,62,6.0,4465.356828596397,0.36171058609722856,0.029995347702203072,42,0.3825822996807277,0.2147012162876785,0.00016838099013088
652,5,6.0,14595.42536086157,0.30029704370785987,0.0015872643620849492,3,0.3089077301512469,0.1,0.00011919312265705276
653,10,6.0,297.94546705531616,0.3215529863179684,0.004911734521993134,9,0.331114251321481,0.3333333333333333,5.7216112396043565e-05
654,80,6.0,4270.3398721099275,0.37054922038631605,0.03901583629989629,45,0.39360967184800744,0.17468354430379748,0.0001958028250959157
655,8,6.0,31.317809709057723,0.32563014469042384,0.00715951260644658,7,0.3372193436960027,0.25,4.20746961031608e-05
656,127,6.0,4485.43438589593,0.3990101491041223,0.18978394864323087,56,0.4258596325954141,0.2627171603549556,0.00023742554117848
657,72,6.0,633.8801539209663,0.36645569620253166,0.10534649745415074,56,0.3882634636520525,0.45226917057902977,0.00014598587621959962
658,25,6.0,172.4367238465766,0.34929253043764397,0.03557022189228616,25,0.3654733867168878,0.36000000000000004,6.729646972785454e-05
659,11,6.0,117.61108564599785,0.3278258184064237,0.00501597551794546,11,0.3401816088344321,0.3090909090909091,4.859273557312723e-05
660,63,6.0,1235.1033329321865,0.3875266200182537,0.09252416575785775,51,0.4106531637619869,0.2411674347158218,0.00013470845320102988
661,51,6.0,1186.9674665350778,0.37847634894223914,0.06405480027522653,42,0.40042916208719637,0.1984313725490196,0.00011672479487958486
662,26,6.0,446.33853345895517,0.34580301878597025,0.01921000016650896,23,0.36240644789865056,0.2,7.994057342601568e-05
663,65,6.0,6133.35595376136,0.3811262042965711,0.039339263555849976,40,0.4042916208719388,0.1346153846153846,0.00016696617678424222
664,13,6.0,571.0304569336014,0.33178787247343194,0.008900388078850461,12,0.34459360443813675,0.25641025641025644,5.6536016869144145e-05
665,29,6.0,523.8038926024366,0.35579017931959106,0.01700327430415389,27,0.3732846600722055,0.17980295566502463,8.608573606641852e-05
666,144,6.0,10237.554272812302,0.4223474801061008,0.3066645116017062,56,0.4484874653268948,0.28564491064491065,0.0002769423405422705
667,131,5.0,14291.916474169904,0.4298731101511879,0.16209323799119282,55,0.4545716229654505,0.09653552554315913,0.00026927043949752746
668,17,6.0,7250.238354769282,0.3341202392193894,0.0088802589771224,14,0.3462291306850606,0.1323529411764706,9.409867842055036e-05
669,103,6.0,4316.31449805647,0.39208323073134693,0.11398492551255031,55,0.417412466635286,0.21225966114601177,0.00021458338107807344
670,7,7.0,35.77660408886971,0.3175608296769047,0.004149199697364392,7,0.32740244786874617,0.047619047619047616,3.86082880791386e-05
671,20,6.0,884.5988292586226,0.3540300166759311,0.023185791313883524,17,0.37100539069448923,0.17368421052631577,6.814082743900991e-05
672,44,6.0,1028.8463278809147,0.35410875125097296,0.020035800574718685,33,0.37275082430520773,0.24101479915433402,0.00012173540586092635
673,3,6.0,0.0,0.31019871420222095,0.003195442497170819,3,0.31886219710052505,1.0,2.9613436353702045e-05
674,17,6.0,180.71086343111813,0.34580301878597025,0.016838483879638374,17,0.360637462709978,0.20588235294117646,5.769621496229851e-05
675,59,6.0,2093.7091819058414,0.3866326716445092,0.07351529730425559,46,0.40934997644843557,0.13383985973115137,0.00013652351822332064
676,77,6.0,1306.4860647835278,0.39013782542113323,0.14068171780189082,55,0.4135526246925393,0.44258373205741625,0.00015649950787573324
677,8,6.0,46.10486246913664,0.3126196436460021,0.004158950740191089,8,0.3229889569267639,0.39285714285714285,4.070248354233323e-05
678,88,6.0,4132.47530137709,0.37295777946946185,0.058080616694687864,45,0.3969775474956794,0.14367816091954022,0.00020294418364187678
679,62,6.0,972.9958777656892,0.37195584885826083,0.0700562310947762,47,0.39390014130946266,0.35378106821787414,0.00014029026296761508
680,91,6.0,3934.57235411683,0.39370711503987144,0.10586645447362701,53,0.41828649186164435,0.20244200244200244,0.000195202451387267
681,85,6.0,3894.8024616131106,0.38656227239621266,0.05875053976293792,45,0.4112471868948697,0.19859943977591038,0.00019807841662718506
682,125,6.0,8838.43338987323,0.40847870702924577,0.1424478500838315,55,0.43508661747007826,0.22412903225806452,0.00025620477341237093
683,92,6.0,5638.308163012539,0.3848803480783176,0.07196967020261376,45,0.40964044590988835,0.12900143334925945,0.00020561696007619546
684,53,6.0,1954.7230666432201,0.36979620275213376,0.05126556113981087,42,0.3906840424975057,0.30551523947750364,0.00012453313244568994
685,20,6.0,159.18219285603553,0.32282426884282023,0.005969816128477377,19,0.3359658763803597,0.4105263157894737,7.079941939242728e-05
686,67,6.0,3565.054335478162,0.39285714285714285,0.11990348073161099,53,0.4161720835296179,0.24468566259611035,0.00014154090071417884
687,4,7.0,295.3387614829057,0.29347525573679845,0.002632880159196656,4,0.3041544235844748,0.5,3.998080836373236e-05
688,150,5.0,16831.071323467386,0.42943833861506303,0.2074524200548951,56,0.4554011618778911,0.1221476510067114,0.0002999713649011279
689,81,5.0,5749.093934235222,0.38894656488549617,0.062249891661025326,47,0.4126890668341614,0.14598765432098765,0.00019009904707560234
690,88,6.0,10852.948928975304,0.3923489188689706,0.08771917527617967,51,0.41679750876644195,0.11703239289446186,0.00021500847651043458
691,28,6.0,902.6700732322331,0.35706677131804676,0.026066591279460222,25,0.37397288951691326,0.335978835978836,8.04130413256632e-05
692,188,6.0,20187.223838986443,0.4305705786911844,0.23616602012252194,56,0.4587925891035139,0.14017521902377972,0.00036463668484077057
693,124,6.0,19736.55239666269,0.41909587418569455,0.13716536178859534,55,0.44487098968969446,0.13729346970889064,0.0002761623570799898
694,1,7.0,0.0,0.2394000902119982,4.458356641857735e-05,1,0.24385715033384445,0.0,3.8067979129819364e-05
695,37,6.0,644.5928299477958,0.37420681551116336,0.05149724435141682,33,0.394329303396658,0.24174174174174176,9.434313264914013e-05
696,17,6.0,110.3106805055918,0.34135491478186303,0.01747029681742677,17,0.3554273302977707,0.14705882352941177,5.349111269120235e-05
697,49,6.0,4022.203770201394,0.374140868237091,0.0367400702728898,33,0.39454650128224966,0.26105442176870747,0.0001353931861888515
698,71,5.0,1822.5622543399597,0.37673015497456525,0.08021609208645898,51,0.399275134767364,0.24587525150905434,0.00015711662357907206
699,52,6.0,1232.4931109437975,0.37699775068071506,0.05611348919052931,44,0.39854241900874143,0.2149321266968326,0.00011999133421725847
700,10,7.0,8009.229460684088,0.2630187900061945,0.0001365424690822319,4,0.2699837008127176,0.17777777777777778,0.00021631239291608966
701,8,6.0,6413.000422764968,0.32272612110463644,0.00802496119767991,7,0.3341654890877452,0.21428571428571427,6.543968211323357e-05
702,108,6.0,3907.2203749274286,0.41284760484864197,0.18208197176296875,56,0.4384989794316675,0.1870889581169955,0.0002119680045854382
703,60,6.0,1261.2795456183585,0.36651896184611843,0.05903465246315933,45,0.38706495001830515,0.43163841807909603,0.00013275870428697059
704,11,6.0,436.80581655508587,0.3065408865572508,0.0026808683228059208,9,0.3160831109017525,0.5636363636363637,7.41909852814307e-05
705,29,6.0,2399.073294773013,0.3202433628318584,0.003948938418854436,13,0.3308604176479587,0.4236453201970444,0.00018448959006649843
706,9,6.0,6422.320476485405,0.34139150943396224,0.013261261522463303,8,0.3551106924163658,0.16666666666666666,6.479310478023072e-05
707,90,6.0,3779.5667730008863,0.3922039534454092,0.0949382491431042,53,0.4169676034961221,0.23495630461922598,0.0001894583699838944
708,53,6.0,865.999138360013,0.36005427101588555,0.04342321142913678,40,0.3803082639870019,0.24310595065312046,0.00012582914981097126
709,83,6.0,1675.876206259232,0.38231586529803707,0.12530437050666804,56,0.40633275762810334,0.2967969438730532,0.00016339970234123552
710,68,6.0,827.1145200281653,0.37892670157068065,0.10945558174343961,55,0.40205683780813745,0.2414398595258999,0.00013637316782004347
711,5,7.0,5.705154898035397,0.2913540713632205,0.0009721601340609122,5,0.30114131694442636,0.5,3.82052048111049e-05
712,26,6.0,1410.3871750636492,0.3307540506855006,0.00997419358155583,19,0.34386350552150946,0.20923076923076922,9.493381879429622e-05
713,154,6.0,15643.401026258847,0.41573107049608354,0.21960289975080452,56,0.4431883602868556,0.20023767082590613,0.0003017160300420061
714,127,5.0,12698.044124233318,0.4170650252111846,0.1615971910438442,55,0.4429659287172744,0.16297962754655668,0.0002691708189333169
715,37,6.0,2432.9389898691115,0.36038024104566285,0.03141541702419373,29,0.3791542366671723,0.1066066066066066,0.00011109542671748235
716,23,6.0,222.82759888372976,0.34738736773208245,0.01658349679312535,23,0.3622572879049345,0.17391304347826086,6.746976136712523e-05
717,113,5.0,4848.4793980564855,0.4062380405663988,0.15713241618381435,56,0.4316559376145248,0.252212389380531,0.00022891191947180538
718,120,6.0,11629.379692298366,0.4206459282742223,0.1447701064420499,55,0.4462212801591542,0.13487394957983193,0.00025174182718736005
719,1,7.0,0.0,0.2895658104114571,0.0008280056413411175,1,0.29794989121414167,0.0,2.5716645238992664e-05
720,3,7.0,0.0,0.280177723033609,0.000642229438005777,3,0.2889924410649889,1.0,4.638203412429444e-05
721,21,7.0,146.16413902292425,0.3346644947716883,0.009218204651460027,21,0.3488055985465025,0.24761904761904763,6.851174800184739e-05
722,35,6.0,996.3307352881078,0.35473989083212654,0.02958635803303733,31,0.37238446642589756,0.17310924369747901,9.181135262892311e-05
723,51,6.0,3733.695594945173,0.36609760303500605,0.025463345910660504,35,0.3864238237295098,0.1403921568627451,0.0001395147057085507
724,26,6.0,104397.70717048556,0.3375556497774009,0.008473435490545972,11,0.34918616213950315,0.027692307692307693,0.0002884432550539633
725,9,7.0,12331.58006439846,0.31382113821138213,0.0034803418320717397,6,0.3239586838032243,0.0,9.572692536595878e-05
726,69,6.0,6876.136158701341,0.3690462394251941,0.06409273993829565,48,0.3907075940754608,0.15217391304347827,0.00016886883567836602
727,61,6.0,2353.8635856258416,0.39424326833797585,0.08053691553253939,47,0.4173182603234646,0.12240437158469945,0.00013396627302846186
728,23,6.0,129.0860429465185,0.34778572598700375,0.020283201600247738,22,0.362657664730182,0.4189723320158103,7.04487215354281e-05
729,130,6.0,2740.3076085495286,0.3983612709532149,0.2536537076502357,56,0.4254200031402399,0.2836016696481813,0.00023499947569217234
730,24,6.0,639.360841288743,0.36029869321717484,0.04719265311599018,23,0.3774114198984499,0.40217391304347827,7.206220119393658e-05
731,52,6.0,1494.0030025477788,0.39392627412172193,0.0668258217130348,44,0.4165933950908268,0.17722473604826547,0.00011826037461305489
732,13,6.0,236.5513858244484,0.32653165854909,0.0044437466595610734,11,0.33891244046681873,0.23076923076923075,5.8661814576816325e-05
733,21,6.0,304.63792345567333,0.36249288560045534,0.02726736052355422,20,0.38045742398072313,0.23333333333333334,6.691043974957189e-05
734,4,7.0,13.832907011468267,0.2567213511225765,0.00012563500497716747,4,0.2627720581088484,0.6666666666666666,5.2909781435237554e-05
735,24,6.0,324.00032172364865,0.34006086817235304,0.009189308480991672,22,0.354626576647275,0.2971014492753623,7.905108297627701e-05
736,83,6.0,2797.2492430636153,0.36048222775639577,0.03517303173354992,45,0.3830480975558509,0.16367910667058477,0.00020323812146949864
737,46,6.0,708.3045081958287,0.36643461250791093,0.044255154737392534,40,0.38627466373579045,0.22608695652173916,0.00010987776061917755
738,46,6.0,1806.319492188692,0.371024117441454,0.04296141385177073,38,0.39118124247657227,0.16135265700483092,0.0001130069269279908
739,33,6.0,247.21204920091208,0.3570867907602602,0.030408648407127325,33,0.37472392316950076,0.5170454545454546,8.537142587198384e-05
740,19,6.0,312.5859888574097,0.32948784273150544,0.006160601041954948,18,0.3431438739728638,0.15789473684210525,6.749993905426005e-05
741,51,6.0,2632.947526506801,0.37169536037350454,0.04485398219979983,40,0.3926414403098282,0.1403921568627451,0.0001277248166174689
742,91,6.0,2733.6103050790707,0.3897081319219238,0.16079581635166237,56,0.4143821636049797,0.3321123321123321,0.00017853161230914824
743,90,6.0,2798.050086236333,0.3785888367116448,0.1225022603533756,56,0.4026717956769813,0.3348314606741573,0.0001791710138084994
744,87,6.0,4516.123380188196,0.39948566769114974,0.09428300995560245,53,0.4242424242424541,0.18952151831061215,0.00018619670522403237
745,83,5.0,6169.733030983055,0.39711934156378603,0.10985152331833975,53,0.42157062856547406,0.13517484572436084,0.0001813092488192777
746,30,6.0,915.6443528411187,0.34194137227531407,0.024812554026011055,26,0.35809127544876096,0.2574712643678161,8.770361427924902e-05
747,30,6.0,586.0998587781904,0.37311072056239014,0.05298701630292735,28,0.3931386402888949,0.296551724137931,7.659992879759404e-05
748,119,6.0,8514.220419379466,0.39906015037593984,0.11279260886393437,54,0.4253022452504618,0.18686796752599344,0.0002576158273740258
749,231,5.0,35322.42308951636,0.43912024269167127,0.2978724667597159,56,0.46807191081806465,0.08710709580274799,0.0004619081266593889
750,2,7.0,204.51164111302194,0.2762404580152672,0.0004672179282868476,2,0.28435016336571445,0.0,5.090764497494975e-05
751,108,6.0,6392.680468365435,0.4008181246066709,0.12225510864140617,55,0.426424870466353,0.13205261336102458,0.00022086099343336026
752,110,6.0,8459.044827058604,0.3794233289646134,0.052701820517894946,45,0.40459517454336696,0.16096747289407842,0.0002662972272354386
753,14,6.0,97.13751806555047,0.3471033843806202,0.02031046215363799,14,0.3626785994661403,0.21978021978021978,4.9248187579702544e-05
754,107,6.0,5005.613617703211,0.3904726871436454,0.09271857558580021,53,0.416038624587867,0.18885558102627403,0.00022524122292520642
755,153,6.0,11264.409441404576,0.42259969477805054,0.2065914410750916,56,0.4495603705448765,0.12478500171998624,0.0002928670785232213
756,3,6.0,2.323198872418812,0.3028818717899943,0.002067467919948318,3,0.3117286858219414,0.0,2.9414160994602554e-05
757,24,6.0,482.76351789585163,0.3478807078872624,0.01750177583939912,23,0.3632490710210696,0.08333333333333334,7.226927796231348e-05
758,101,6.0,5930.82799259909,0.41573107049608354,0.1458192905287816,55,0.44015544041455607,0.19663366336633664,0.00021077781964664615
759,1,8.0,0.0,0.20985864443639,1.6307036206415844e-06,1,0.21339337116542298,0.0,3.6017392358267164e-05
760,25,6.0,680.5451863562595,0.3533229779207811,0.023009745876803153,23,0.369184068665915,0.18999999999999997,7.60460676885921e-05
761,50,6.0,3116.9351767407725,0.36911040278180235,0.04311428609286307,39,0.389940859370902,0.16489795918367348,0.00012967031259959117
762,23,6.0,270.66101565722084,0.3444937256598875,0.01285070948057179,23,0.35976082064162507,0.21343873517786563,7.167793013680557e-05
763,155,5.0,37986.20671160181,0.41676482135846094,0.236673627126596,56,0.4436410739520053,0.16070381231671554,0.00033736970571077965
764,5,6.0,69.23476843338518,0.31484502446982054,0.0023118420179739584,5,0.32396503899092594,0.0,3.5784280822837344e-05
765,43,6.0,2124.9194470344105,0.364818421354107,0.03608762364518387,36,0.3837598785785165,0.221483942414175,0.00011252425339923926
766,13,6.0,66.90454170685419,0.3253639846743295,0.006629459506846886,13,0.335725126916811,0.48717948717948717,5.3918577340117494e-05
767,27,6.0,350.24565581937213,0.337806301050175,0.0374606131291744,26,0.3533233893337225,0.44159544159544156,7.292233709377087e-05
768,130,6.0,6764.894886420539,0.4118065433854908,0.19499697110369543,56,0.43802533103055713,0.1654144305307096,0.00024844034785581436
769,12,6.0,40.149376222293135,0.3406064495427563,0.01821576110495072,12,0.3532396503898846,0.5454545454545454,4.509808240793091e-05
770,7,7.0,111.96790258354525,0.31735512481937317,0.0028447467906969922,7,0.32657552579830174,0.2380952380952381,4.2924352459880825e-05
771,43,6.0,349.31657667236584,0.37385536510918055,0.07073646530676408,43,0.3946040718061412,0.38316722037652273,9.547982739432214e-05
772,208,5.0,40560.72551161139,0.4441422594142259,0.24425872493436213,56,0.4705448265034131,0.09917316982534373,0.0004213596521199862
773,16,6.0,319.51860302864804,0.32616377323705636,0.005266145974495148,16,0.3399225414769204,0.2,6.042886368548256e-05
774,25,6.0,816.855212530864,0.35942437923250564,0.022071066579302627,23,0.3766996388757875,0.21666666666666667,7.875677948748231e-05
775,16,6.0,347.8651931054811,0.3365745389208899,0.011203628380179544,15,0.3488198042601899,0.15,5.700590111442628e-05
776,31,6.0,1017.4878391162787,0.3616900448634221,0.03461245166814756,28,0.37954414612444093,0.21935483870967742,8.703503576514136e-05
777,1,7.0,0.0,0.28824221578566256,0.0009929723107542396,1,0.29703923019985523,0.0,2.551687137523454e-05
778,115,6.0,7341.20045275862,0.40613442162989416,0.1491306998995907,55,0.43195687444395914,0.18367658276125096,0.0002357152007039633
779,44,5.0,905.3104803322691,0.379672131147541,0.06624536950140796,40,0.40096823153818406,0.19873150105708245,0.00010280849992840253
780,73,6.0,1471.3276288848117,0.39227642276422764,0.13334156956752605,56,0.41631339299735176,0.332572298325723,0.00014468126622208498
781,6,7.0,13.987473132169184,0.2840133779264214,0.001236814925479527,6,0.2933509783250786,0.5333333333333333,4.060425773477845e-05
782,51,6.0,2167.673500874011,0.3724997075681366,0.04450826336893032,38,0.3936777097398812,0.15450980392156863,0.00012549161546095844
783,76,6.0,1254.2239601019232,0.3849966753309557,0.13970120811199496,56,0.4086355785837772,0.3470175438596491,0.00014700093548380698
784,47,6.0,347.97863946901424,0.3658662683823529,0.05264136842774385,43,0.3860705500601736,0.43755781683626277,0.00010831991701460386
785,63,6.0,6011.84168784678,0.35865525397004167,0.02779973707397275,40,0.3791228345632305,0.17101894521249358,0.00017574611954593845
786,41,6.0,699.4657644115184,0.3467632166385365,0.027424896326314573,33,0.3622651384309202,0.47682926829268296,0.0001083658118719932
787,26,6.0,1317.665408901054,0.38243064729194187,0.040729053973491226,24,0.4026168419950877,0.1876923076923077,7.515756767521539e-05
788,28,6.0,6475.945687042812,0.3292834246716989,0.007683783948701101,13,0.3412545140524142,0.32010582010582006,0.00017938367496584938
789,55,6.0,1260.2797912522349,0.3733513101588604,0.06010769788954298,41,0.3949521117914866,0.23905723905723905,0.00012810591869149272
790,112,6.0,3782.5355192791535,0.4001130795326046,0.16964273747233383,56,0.4262286073167214,0.2479086229086229,0.0002113084253434661
791,115,6.0,2366.397639426161,0.38780977896851976,0.18144588967325562,56,0.4134924373266507,0.40122044241037375,0.00021725743938209378
792,28,6.0,1267.377442130041,0.3550958965209634,0.022059569448785305,26,0.37220652117023245,0.28835978835978837,8.512468202478704e-05
793,33,6.0,1167.435943239889,0.3656772119193891,0.028349069376944758,27,0.38481969958652457,0.3068181818181818,9.202079733890839e-05
794,15,6.0,289.61887737880136,0.3421985815602837,0.013709641513693091,14,0.3559768671167384,0.29523809523809524,5.533037591235891e-05
795,4,6.0,2.4903500414441617,0.3118237454100367,0.0031403604071673216,4,0.32138221594178623,0.3333333333333333,3.143956349849662e-05
796,56,6.0,2048.5168153929076,0.3924939914956554,0.078287079768766,45,0.41545506882296523,0.13116883116883118,0.00012852403945444075
797,139,5.0,8442.424041626839,0.4262196346115238,0.21335319333677105,56,0.4520751557021457,0.16442498175372744,0.00027191448849651423
798,107,6.0,3196.068494115475,0.39664943638288597,0.14201051208531892,55,0.4224996074737278,0.18709222359372243,0.00020889666338507422
799,98,6.0,4202.556703465895,0.40616032140807345,0.13374549098205263,55,0.4312293923693265,0.20071533768146432,0.000197775430598376
800,89,6.0,15823.129132427866,0.3916492436354692,0.06169967349197795,46,0.4157481551264138,0.09499489274770175,0.00022840892525322312
801,1,6.0,0.0,0.27706964806194806,0.0004829561604739168,1,0.2852933479876563,0.0,2.5751353220199066e-05
802,27,6.0,944.50466349773,0.3454841334418226,0.012591241538312018,24,0.36109802690111187,0.19943019943019943,8.51914593971844e-05
803,94,6.0,10126.709512773594,0.4005912321529656,0.09365096505572927,51,0.42543047050822197,0.1159917638984214,0.00021477654170025368
804,143,5.0,5027.9986524331,0.4035354495343091,0.23777773919630674,56,0.43085518396402794,0.2741061755146262,0.0002599682784471684
805,34,6.0,1296.0590406452948,0.380829944989237,0.04486825668142033,29,0.40152561888313737,0.26559714795008915,9.434558189993212e-05
806,96,6.0,3558.784724781461,0.39576213260423787,0.14424426161182888,56,0.42069922018111106,0.2986842105263158,0.00018850041210820585
807,11,6.0,14709.2482993846,0.329385601985933,0.00500781913134006,6,0.3393887057099221,0.21818181818181817,0.00012567984673848197
808,27,6.0,4310.268761697079,0.36834191197732924,0.03577198675622178,24,0.38705448265032644,0.2222222222222222,8.740566709836499e-05
809,107,6.0,5212.0803432598195,0.4011463122756188,0.12983605155020375,55,0.426576647302068,0.16945864926820667,0.00022168495676247284
810,3,7.0,7998.02976937319,0.29725567068048164,0.0015768642688977746,2,0.30640490770024037,0.0,8.03359191538667e-05
811,84,6.0,3936.454005206379,0.39669884771099345,0.09041303587420335,53,0.4210786622703985,0.2598967297762479,0.00018198989070651532
812,4,7.0,6.355541625332646,0.31338877134281357,0.0024659720887371217,4,0.322388578606178,0.5,3.16627128305722e-05
813,124,6.0,9071.995046513863,0.3866092023795071,0.06186400365046315,45,0.41304234050349564,0.15355363231051666,0.0002967033705942792
814,29,6.0,793.934198506488,0.34552161883578364,0.013590909938705476,23,0.3616213953001272,0.20689655172413793,9.080137203330085e-05
815,44,6.0,1277.577779592572,0.3648602199816682,0.04967017209564273,39,0.3846286701208829,0.32452431289640593,0.00010338926097143451
816,40,6.0,1728.9860506982054,0.37733278037798446,0.0497254554631574,34,0.3982781179672385,0.14871794871794872,0.00010171889519093465
817,14,6.0,69.39370810325505,0.33834466638334043,0.016236432908364143,14,0.3528157219866769,0.39560439560439564,5.028083558671479e-05
818,166,6.0,17952.36255695129,0.4294093851132686,0.2276095679972792,56,0.45570994923331265,0.12588535962029937,0.0003357234779325734
819,9,7.0,5.987795263937324,0.33872254427484977,0.0142671189624158,9,0.3511738405520524,0.8055555555555556,4.021537913290189e-05
820,134,6.0,11722.025560740485,0.4033565547815073,0.15130915646516566,56,0.430378918720923,0.1908876669285153,0.0002808778560377973
821,106,6.0,6971.980469255268,0.4056687898089172,0.12170561049388742,55,0.43121107447536056,0.11159029649595686,0.00021582575772118205
822,94,6.0,4639.608651597082,0.3800119331742243,0.06821954128122011,47,0.4039017114146708,0.2312971859986273,0.00022008157364826358
823,114,6.0,13514.468443047737,0.4232456140350877,0.1587864941716838,55,0.4480164337677781,0.09346374786523831,0.00023301965120335787
824,97,6.0,9219.307714633605,0.40523000572628365,0.10928260204293161,53,0.4304835924007276,0.11383161512027491,0.00021532577244906127
825,201,6.0,12582.680732286759,0.4233862926278003,0.348018538323826,56,0.45286020830067314,0.16597014925373135,0.00035865797200730393
826,35,6.0,727.2929606555361,0.3478237125225274,0.026149175600045208,32,0.36561469618461956,0.13445378151260504,9.301830494571254e-05
827,27,6.0,697.4842860912961,0.3495609220636663,0.015072255383285705,26,0.36598628774792363,0.1396011396011396,8.138091645258114e-05
828,125,5.0,18635.30504479792,0.42031280934468424,0.14796564816412391,54,0.4456403412362485,0.13341935483870968,0.0002849938783470936
829,136,6.0,4640.886243830303,0.4058756054040275,0.21601669139056165,56,0.4332312764955636,0.17069716775599128,0.0002514569455686083
830,84,6.0,10884.572450860256,0.3967977073079559,0.10638737920888987,53,0.42138483278382316,0.17527251864601262,0.0001944095346836161
831,2,7.0,0.0,0.28047384181786156,0.0004841191489824603,2,0.2882911274103069,1.0,2.9614931723422337e-05
832,46,6.0,1467.2049768774423,0.3522871840256651,0.017603379584556315,33,0.3708954833306949,0.13140096618357486,0.00012843389429213723
833,16,6.0,125.73871939268554,0.3048827190043083,0.0022898661083941762,14,0.316381430889193,0.5916666666666667,7.048181244039765e-05
834,31,6.0,214.92388142172175,0.3491010743258057,0.0243807123666748,29,0.3645862772805571,0.5290322580645161,8.513285461201416e-05
835,3,7.0,34.04077996982473,0.26572930574098796,0.00015883850712944088,3,0.27240465349273935,0.0,4.4858423647062285e-05
836,5,7.0,2.4957813094378714,0.3028098702039652,0.0012805937181487488,5,0.31212009061749113,0.8,4.0950322958143036e-05
837,19,6.0,449.1945503592183,0.3626993166287016,0.024482511297732483,19,0.38000471031557526,0.2046783625730994,6.353109006531467e-05
838,105,6.0,8661.880995211503,0.4163289318865211,0.1701047026577413,56,0.4410346993249038,0.21025641025641026,0.0002188266184713576
839,54,6.0,1077.677322164788,0.369517289394291,0.06256122000579693,43,0.3904145077720121,0.36617749825296997,0.00012526595164028976
840,165,6.0,28573.930854222523,0.4253940689286668,0.16837960738601454,55,0.4523342230596611,0.1270509977827051,0.0003534134852324747
841,69,6.0,2560.0744969564057,0.36103395499121366,0.03072126489506407,44,0.3826922070445202,0.14578005115089512,0.0001738831662319347
842,62,5.0,14113.301810116518,0.3770647090166361,0.04031883236415767,39,0.3989663474119447,0.19196192490745637,0.00016824028338539076
843,4,8.0,6473.8279971557695,0.20418042509537396,6.369794725300135e-07,2,0.20724996074739935,0.3333333333333333,0.00013754382044027755
844,39,6.0,358.69320347316636,0.36257542980758284,0.052203940859346036,37,0.3818391165541255,0.3657219973009447,9.190482785935558e-05
845,4,7.0,0.0,0.26803299385573603,0.00029242241192190563,4,0.27526224495136814,1.0,4.909113798009814e-05
846,34,6.0,637.6276652586574,0.36216308427157967,0.032207010038025286,30,0.3805097608206253,0.21390374331550802,8.971594960243636e-05
847,78,6.0,1575.2419466410727,0.3773551368645574,0.13364751109635964,56,0.4011697283718035,0.40492840492840493,0.0001574564411701069
848,71,6.0,12317.48988312393,0.3960328317373461,0.06956489771881186,46,0.4198749149526605,0.07927565392354124,0.00018668736931586857
849,18,6.0,1535.8537244666759,0.3246839314845024,0.0037309251748170037,11,0.3362903647877481,0.42483660130718953,8.719781754498708e-05
850,15,6.0,216.31585006532703,0.34862335103180253,0.01893801925106241,14,0.36335897838486386,0.2761904761904762,5.2239038807101784e-05
851,51,6.0,7709.21483812622,0.3526187576126675,0.017516057488508777,31,0.37052127492540016,0.09803921568627452,0.00015286879983307096
852,70,6.0,1496.3194778841146,0.39334239130434784,0.09071143685230258,52,0.4168576961323296,0.2732919254658385,0.00014895365935232766
853,26,6.0,897.3227075836727,0.36609760303500605,0.03371619800687736,25,0.3845920343329528,0.2953846153846154,7.482599303447327e-05
854,153,6.0,5638.670744462334,0.4147294393436218,0.2528575984831318,56,0.44252106557810894,0.18765049879600965,0.0002787334361521764
855,1,7.0,0.0,0.2830918303849231,0.0006523691164627648,1,0.29161713358605296,0.0,2.566687383942336e-05
856,22,6.0,649.0616480935886,0.34139150943396224,0.008919431067572531,21,0.35551891976759903,0.27705627705627706,7.215428841494747e-05
857,36,6.0,294.53972241754315,0.34890982798290787,0.019035747676067,35,0.36527450672526235,0.6253968253968254,9.744670180584142e-05
858,31,6.0,902.525321795238,0.34512842744120514,0.014279588208566323,26,0.3619668184434766,0.1053763440860215,9.671919807692175e-05
859,15,6.0,78.40134762108164,0.33574064312071694,0.015348655224858003,14,0.3492882189773098,0.39999999999999997,5.307100372698111e-05
860,8,6.0,27.93857797571461,0.3272362945075271,0.007518034009589104,8,0.3374339247395977,0.5,4.158929389858577e-05
861,7,7.0,3.203480815045645,0.2675038850854719,0.0003677957803808094,7,0.2751586927752763,0.8571428571428572,6.206062346975096e-05
862,66,6.0,5170.850966842456,0.386750060723828,0.05918404700345383,43,0.40959072591198326,0.10815850815850815,0.00016942816188835535
863,1,8.0,0.0,0.20629676416286075,9.248114976500774e-07,1,0.2094129675736194,0.0,4.1604218571440545e-05
864,174,5.0,7446.8054370602595,0.42034054910242874,0.2949732125106962,56,0.4482885853352708,0.17932363298119725,0.00031244030819238864
865,238,6.0,71680.18769825727,0.4285425918449738,0.13826345026964765,45,0.4594337153923119,0.09481260858773889,0.000557976469001813
866,141,6.0,12745.899709896588,0.4250817593272375,0.21938313464999873,56,0.4507693515466028,0.15491388044579535,0.00028477978603454
867,95,6.0,5655.797578915702,0.3973919011667811,0.11090543839532557,53,0.42257549589158566,0.18947368421052632,0.00020795992364115677
868,10,6.0,49.577965038366465,0.31001752336448596,0.002716817850484007,10,0.32297848955878566,0.13333333333333333,4.700691784285922e-05
869,128,6.0,4098.894819142314,0.41641059169663286,0.22279578141723982,56,0.4423378866384545,0.27878937007874016,0.00024243633271658384
870,10,6.0,120.04650856740155,0.3202272613002162,0.0034094291363528347,10,0.3306406029203715,0.08888888888888889,4.616201932103081e-05
871,138,5.0,16533.731423947367,0.4152161157832975,0.18357492430100456,56,0.44178049929350127,0.12049084946577805,0.00029668865790052277
872,74,6.0,2377.134587690248,0.38069336521219366,0.07322630432088689,50,0.4038938608886861,0.27582376897445393,0.00016073821478744153
873,1,7.0,0.0,0.25784381199141737,0.0001698188858267713,1,0.26337617477514097,0.0,2.6407198449647865e-05
874,45,6.0,3255.5286852819218,0.37829650748396293,0.04697056192191774,38,0.3991573768775866,0.14747474747474748,0.00011782280402077507
875,61,6.0,1323.7999990459737,0.34617893249266224,0.019711403886596344,39,0.3657036688124512,0.12240437158469945,0.00016030515969566743
876,35,6.0,439.9025207339908,0.3565470525667581,0.0318657916327373,33,0.37445700528600195,0.3142857142857143,8.928302963273995e-05
877,6,6.0,1288.8677759320587,0.3454841334418226,0.012573406142876288,5,0.35865389647770823,0.2,4.583646737462198e-05
878,140,5.0,26194.166509219536,0.4178311356032277,0.1998128340652273,56,0.44360443816407497,0.1510791366906475,0.0002931471660119999
879,16,6.0,173.85640287301587,0.3392096293140179,0.017254695297920297,16,0.35263515988901956,0.25833333333333336,5.3777299889040525e-05
880,36,6.0,965.8563291056639,0.35135433331494453,0.015970808265078053,28,0.36883341183857166,0.13333333333333333,0.00010334288741377141
881,13,6.0,493.3432203136302,0.33370009430996544,0.005797121089010082,11,0.3440676191971233,0.07692307692307693,5.574754354086957e-05
882,70,6.0,2976.9730360687386,0.3779821958456973,0.05402787283502126,46,0.4004317789291911,0.21242236024844718,0.00016704151169180052
883,45,6.0,893.1355242292058,0.37022612335057836,0.05501172027125609,40,0.39067880881351585,0.25555555555555554,0.00010851956264738056
884,54,6.0,1005.5402240531367,0.3687044112539076,0.05744339070954797,46,0.3893232846600624,0.43116701607267643,0.00012098827852714132
885,80,6.0,3475.654913129274,0.3874323255672486,0.07609107688828515,49,0.4112524205788605,0.20126582278481014,0.00017538137596673497
886,110,6.0,13962.96615502365,0.4145135047185161,0.1665893926352029,56,0.4397602972732979,0.1274395329441201,0.0002426311371063071
887,34,6.0,2327.4376780516172,0.3548387096774194,0.01650663669475998,24,0.3723870832678928,0.24242424242424243,0.00011452001218506766
888,31,6.0,1217.878130140645,0.358554298260429,0.032157759758207144,26,0.3761815041607611,0.18279569892473116,9.569026903368583e-05
889,89,6.0,2944.6297123638274,0.39926028084252757,0.11336511386261623,55,0.423925786361049,0.16419816138917262,0.0001803769045405614
890,149,6.0,15752.19617808296,0.4242888548397842,0.18188667155663174,56,0.4505809389229575,0.12252856883729366,0.00031161916015923376
891,44,6.0,503.34904673040376,0.3602783120262473,0.03789976637867058,40,0.378677971424069,0.5285412262156448,0.00010559007402455902
892,29,6.0,696.5233538738502,0.3651949541284404,0.04467388242495559,27,0.3839221227822112,0.3842364532019705,7.743631536758737e-05
893,27,6.0,186.34717641503048,0.3504071302816901,0.0319543129996516,27,0.36605955932378764,0.5242165242165242,7.06401299999887e-05
894,119,6.0,4251.318050220573,0.3997614863168466,0.14668336273810592,56,0.4259904746951687,0.22774533542230452,0.0002342193696190994
895,100,6.0,4864.256004689681,0.4128743679502139,0.14065315185741672,55,0.4373763542157776,0.12787878787878787,0.00020454079439886517
896,14,6.0,107.30907669356901,0.3352458153489841,0.011285980761056651,14,0.34730988642902777,0.12087912087912088,5.079653816441307e-05
897,13,6.0,34.591477936821995,0.3491967761390427,0.023830347995353048,13,0.3647197362223044,0.2948717948717949,4.5256825214436086e-05
898,94,5.0,2104.6603144937512,0.382591457920346,0.14234049969919027,56,0.4068744439210854,0.35644017387325555,0.00018209911917647066
899,123,6.0,6483.0066557175505,0.4080076873798847,0.14023230430310787,55,0.4340084785681043,0.24243635878981742,0.00025664329295197645
900,27,6.0,6639.825825718985,0.36236913973600365,0.03218987325576588,26,0.3799968597895901,0.3675213675213675,9.529797525125023e-05
901,206,5.0,31054.007485926257,0.4358149719447105,0.23342517363193074,56,0.46377767310414025,0.11759412739758465,0.00042771053937463977
902,99,6.0,5206.719445624728,0.40592734225621413,0.12017822499698735,53,0.4309206050139066,0.15955473098330242,0.00020908380909984305
903,100,6.0,7823.919163386688,0.39162516140933407,0.05966835080224362,45,0.4170120898100382,0.13333333333333333,0.00023212451454637868
904,1,7.0,0.0,0.21658845133646196,2.466901032626986e-06,1,0.22035005869205515,0.0,4.317498706816674e-05
905,293,5.0,108740.7171719419,0.4648905109489051,0.3354921253374118,56,0.49196629507512696,0.08090607321520407,0.0006047260451476307
906,66,6.0,2263.4746335828795,0.38238472622478387,0.09175248358775127,49,0.40517611346627735,0.16503496503496504,0.00014206478780871536
907,83,6.0,3676.9835498532,0.38508978777435154,0.07514785538109832,49,0.4091066101428919,0.13135468704084632,0.00018322992825242095
908,60,6.0,2292.4253376744928,0.35561139028475713,0.03317866099656674,41,0.3755456115559543,0.21977401129943502,0.0001482878602649708
909,172,5.0,12245.88037872178,0.3904966278356836,0.08205922427129315,45,0.4196158475951434,0.14341085271317827,0.0003948570975023742
910,53,6.0,1682.6429541472837,0.36881116451444784,0.030950458651745352,41,0.3895535667556297,0.19158200290275762,0.00013640392157298112
911,40,6.0,7443.8960499344785,0.36158737368002725,0.04411469601229284,33,0.3807321923902063,0.17307692307692307,0.00011877571069418104
912,66,6.0,5027.533633237281,0.4107177403753144,0.07984426225481127,45,0.4339639922541897,0.1365967365967366,0.00015950389262659465
913,5,7.0,3250.6131967437013,0.24968637290261878,4.836013182447187e-05,3,0.25426433094827433,0.5,0.00012693667376269667
914,87,6.0,3107.8349019758884,0.36440096120837623,0.03755668897344435,45,0.3869184068665788,0.13739641807003475,0.00020776913040107935
915,65,6.0,4088.7229498647116,0.36555128278712046,0.027006065120390606,39,0.38630606583973076,0.10865384615384616,0.00017322013563332545
916,38,6.0,1097.1601235058517,0.383374465779811,0.05262578091490633,33,0.40464227769928146,0.23613086770981506,9.512675097476753e-05
917,72,6.0,1809.235417896381,0.37526514258779164,0.06408139231388348,50,0.39803475166169416,0.3149452269170579,0.00016037020559312728
918,43,6.0,406.0956327557839,0.36238975817923186,0.033904075122173735,36,0.38164023656249974,0.5227021040974529,0.00010975890616022158
919,77,6.0,8794.703055389355,0.39162516140933407,0.06891986899834987,48,0.41576908986237443,0.21907040328092958,0.00018461198708193122
920,40,6.0,943.9068577708739,0.3779373368146214,0.04883025960768296,37,0.3984011095410079,0.2217948717948718,9.847764615342021e-05
921,8,7.0,14.007692049307263,0.2703769740193581,0.0003438958826616472,7,0.27817740693388865,0.8214285714285714,8.254973240105963e-05
922,50,6.0,1788.1209100281012,0.36917458845351264,0.0471601427728764,41,0.38978123200920206,0.17142857142857143,0.00011864332275169116
923,127,5.0,15887.18499310871,0.4115936409461031,0.12369202683992842,52,0.4377453289370832,0.10948631421072366,0.0002892577101601314
924,144,6.0,7342.1821309224815,0.41239316239316237,0.24447987586425357,56,0.439841419375144,0.23212898212898211,0.00026754811555648647
925,124,5.0,4728.878865283632,0.40315229775921,0.20385652826527317,56,0.42963050191032953,0.2858641489640703,0.00023170959962664846
926,56,6.0,1338.6579457688997,0.34921592279855246,0.02422988008474436,38,0.36855602658709075,0.18766233766233767,0.00014710658586749792
927,138,6.0,10172.107656049022,0.4179408097644202,0.17899532829035383,56,0.4446642591720829,0.12810747910716175,0.00027686521327348703
928,101,5.0,5146.710933786443,0.4007172517931295,0.1215208698137676,54,0.4260218767991104,0.21168316831683168,0.0002084671015813466
929,114,6.0,4999.890758569613,0.41551409185803756,0.19363959758497776,56,0.4414036740462097,0.160068312373855,0.0002158294355649899
930,130,5.0,13794.248587080667,0.43659171922127776,0.1885467520836506,55,0.4601611974669378,0.09326177698270721,0.0002710380436746211
931,36,6.0,1264.3777730438574,0.365425440358024,0.03469835775150169,31,0.3854163395614029,0.15396825396825398,9.746397485270722e-05
932,45,6.0,3824.8314366424693,0.3553732842316706,0.01777403963576516,30,0.3738211126811969,0.1414141414141414,0.0001378191034284829
933,41,6.0,2210.43444493244,0.36305078948868497,0.034061675921568876,33,0.3812215418432887,0.20975609756097563,0.00011651476975447896
934,106,6.0,6231.685045594608,0.3799892607839628,0.056787755334893095,45,0.40570994923327214,0.14285714285714285,0.0002479153070541888
935,125,5.0,10835.033850060458,0.41298145506419404,0.12438419127891802,54,0.4389438425708314,0.1198709677419355,0.00026422151789461877
936,255,5.0,29946.071695536786,0.42619111349036404,0.3348200478747286,56,0.4577196838855381,0.14052802223251507,0.0004701691656100812
937,21,6.0,340.4031604369494,0.3497528830313015,0.021390892276850492,20,0.3650546919976762,0.3,6.464518191554112e-05
938,34,6.0,1052.8985038320693,0.3704414587332054,0.03768934369284025,29,0.3905191814518161,0.22994652406417113,9.120290725220722e-05
939,1,7.0,0.0,0.2913007683863886,0.0010062093466387423,1,0.29971887640281475,0.0,2.5471640684934895e-05
940,46,6.0,2411.049883052256,0.37650744856940177,0.038668347693901386,37,0.3977730674621871,0.16714975845410626,0.00011536498668756308
941,78,6.0,3020.7446862872157,0.4036377463717599,0.11584558068053645,53,0.42792955461352683,0.1615051615051615,0.0001638363151579454
942,30,6.0,2449.37491148129,0.35555183386367445,0.016499098786193222,25,0.3735882137436339,0.12183908045977011,9.527942043797246e-05
943,23,6.0,781.7453888367282,0.373438874230431,0.03188860404015826,21,0.3925969539959133,0.17786561264822134,6.85918336613827e-05
944,23,6.0,158.89938475859557,0.3518201403082362,0.026974949197198377,22,0.3674255508452203,0.44664031620553357,6.712630805572844e-05
945,74,6.0,3031.0126165891315,0.3953445065176909,0.07634152557596882,47,0.4188831318365242,0.20881155127730472,0.0001653523299301423
946,32,6.0,836.9095719511001,0.3562678301728478,0.016358383518215974,27,0.3737190558433895,0.15524193548387097,9.381465602515261e-05
947,18,6.0,280.3717414896208,0.33387502621094567,0.010638731593986496,17,0.3474250274768134,0.26143790849673204,6.222977634883894e-05
948,1,7.0,0.0,0.26464722014460235,0.0003269858389160692,1,0.27145137533738867,0.0,2.616774300264018e-05
949,4,7.0,42.02404515500195,0.3046493829522625,0.001308956114380454,4,0.314132442111707,0.0,3.6221396257185584e-05
950,1,7.0,0.0,0.2890664003994009,0.000995134123270862,1,0.2975024112329834,0.0,2.5417777896877305e-05
951,33,6.0,300.6206862793998,0.35172299536116636,0.0371447036177941,32,0.37003715915630714,0.23674242424242425,8.333631487423609e-05
952,27,6.0,445.7665382301125,0.3549375835934017,0.024914778623014867,25,0.37207306222848296,0.3618233618233618,7.596576124599875e-05
953,30,6.0,319.9407902793768,0.32631417153396863,0.007438996662491825,27,0.341945360339118,0.3310344827586207,9.441143073273775e-05
954,40,6.0,907.9548865992373,0.38117182356813695,0.06410811700529788,37,0.40236300832156374,0.1717948717948718,9.72905201143997e-05
955,36,6.0,764.9226968564341,0.34484812388326386,0.01463744922013886,30,0.36200868791539786,0.2587301587301587,0.00010435825435528462
956,73,6.0,2496.379852139292,0.3753093694755451,0.06127322244107625,48,0.3985057832208088,0.18188736681887369,0.000162796692950179
957,67,6.0,5868.554251191491,0.38245361196180866,0.05319247130568691,44,0.40495891558068564,0.1587516960651289,0.00015967214092618535
958,104,6.0,4232.375668463734,0.3967977073079559,0.1806596507516161,56,0.4222928769561164,0.25168035847647496,0.00020018968891344105
959,50,6.0,3383.933639727212,0.3708728818494148,0.045170489348700285,41,0.3915371329879032,0.14204081632653062,0.000123946940914634
960,3,7.0,43.08208522497543,0.29659122659960885,0.0014645836338253726,3,0.3061720087626788,0.3333333333333333,3.549831505842812e-05
961,153,6.0,5469.192515392095,0.412313070499126,0.2915300499633275,56,0.43981786779718823,0.25343997248022015,0.0002737013206042549
962,106,6.0,1956.1640570760742,0.39726796407185627,0.19777162003828627,56,0.4230125085047642,0.3495058400718778,0.00019717526567923947
963,17,6.0,232.8466068275247,0.3365745389208899,0.014796920082975272,15,0.34892971162398334,0.19852941176470587,6.0827441784610134e-05
964,153,6.0,10881.297544023619,0.4168193717277487,0.19540748321571616,56,0.4437745328937546,0.1433608531131751,0.0002937529541316841
965,77,6.0,3252.539933251012,0.38110339875538535,0.0735281251607621,50,0.4047103155911518,0.15003417634996583,0.00016418425639359808
966,92,6.0,4555.8464046073295,0.39322096684571217,0.09545584426689567,53,0.418158266603885,0.1268514094601051,0.00019426867421259934
967,168,6.0,20086.72205647312,0.41597544249232576,0.1626633752291101,55,0.44381116868168513,0.11049329911605361,0.0003559780693185474
968,258,5.0,34148.34722545374,0.4472926469555446,0.3941957474099015,56,0.4760742136390158,0.12418182366603325,0.00047198647961343895
969,23,6.0,339.0366598299926,0.3439542042447481,0.013647444239516804,21,0.3579133301930998,0.3122529644268775,7.536330064083607e-05
970,35,6.0,896.205061244669,0.372674078408426,0.03963733758077372,30,0.3929894802951749,0.21512605042016805,9.572045792317396e-05
971,1,7.0,0.0,0.267571314540184,0.00025298000879834636,1,0.274453640774888,0.0,2.6869160067780316e-05
972,15,6.0,209.77308639779457,0.3317014738815687,0.016704329913452793,14,0.34463024022606786,0.37142857142857144,5.4241322495665695e-05
973,22,6.0,3346.784400677695,0.3260302022011774,0.0053156952082185184,13,0.3373135500078236,0.329004329004329,0.00012561322477557216
974,188,6.0,17739.296192922957,0.4295541916773454,0.23463020225342665,56,0.4573585596902124,0.12532711343725111,0.0003644947801712864
975,155,6.0,14085.494079126567,0.41622010194745784,0.19708387031832952,56,0.4437588318417836,0.16296606619187265,0.00030274152346874614
976,67,6.0,1718.217438193099,0.3602171822860698,0.031156893818165717,42,0.3811718218453789,0.17096336499321574,0.00016467495487954725
977,54,6.0,1604.840183534481,0.37675244010647735,0.06336325213845868,42,0.39862354111058873,0.12718378756114604,0.00012548179905753196
978,180,5.0,9444.999399544753,0.41119504164245596,0.32349440391733464,56,0.44060553723770696,0.23327126008690252,0.00032526612995955446
979,103,6.0,7848.850812751819,0.40200719560689263,0.08836287416872494,50,0.42739048516253897,0.1283076337331049,0.00023146023275417703
980,6,6.0,133.54797213734406,0.32395727365208543,0.0036627325714906414,6,0.33372585963256857,0.2,4.0710173349851456e-05
981,1,7.0,0.0,0.2537248028045574,8.741267850024367e-05,1,0.2591279187134154,0.0,2.752732041361574e-05
982,177,6.0,20628.608389235593,0.41095625241966705,0.09781574156540389,45,0.4402391793583954,0.1271186440677966,0.0003972432852449564
983,4,6.0,0.0,0.3036906351325577,0.0024673485173122367,4,0.31306327523943184,1.0,3.23176244350245e-05
984,50,6.0,1112.6161253187738,0.3726522731262068,0.05633507722468263,42,0.39425603182079433,0.23591836734693877,0.00011487037786029224
985,34,6.0,1592.7745299275844,0.3675341912401177,0.030878947506737014,26,0.3864918616213832,0.2192513368983957,0.00010279873491101182
986,73,6.0,3703.775861009322,0.3677676406051507,0.03425487664485268,39,0.3899487098968861,0.1632420091324201,0.00019024804734058573
987,116,5.0,7864.5377902747705,0.4049208468434103,0.13877158175929422,55,0.4309807923797928,0.17481259370314842,0.0002466035709150636
988,89,6.0,8437.787861562225,0.3959835861725939,0.060994470870784745,45,0.4207044538651013,0.12793667007150153,0.00021673745322420404
989,104,5.0,3434.1905514457553,0.3860467935507334,0.14359598100915236,56,0.41112157847910547,0.17625093353248691,0.0002075615179669845
990,322,5.0,58014.99304541306,0.4534064212999217,0.5104683321052937,56,0.4840424975140337,0.11000174145237128,0.0005925051493968442
991,96,6.0,3666.3297185780057,0.3804886791325647,0.14872195532523763,56,0.4048071387449693,0.3385964912280702,0.00019211143512242235
992,102,6.0,3169.452236750234,0.38231586529803707,0.14177261347642953,56,0.407512953367885,0.29955348476024074,0.0001991239204554762
993,44,6.0,2656.377241447583,0.36819285466527923,0.050257678636135845,38,0.3882320615481129,0.33086680761099363,0.00011181209391124418
994,5,7.0,21.81267801197559,0.31016850102269405,0.0024334082842395743,5,0.31954668819952403,0.4,3.7841447848878566e-05
995,112,6.0,3891.3940913678716,0.402311919651317,0.1691566998675621,56,0.4281676872350784,0.2776705276705277,0.00021972303425361265
996,45,6.0,338.83887166642785,0.3440842787682334,0.01877180486948568,39,0.36228083948288486,0.2404040404040404,0.00011642618374824528
997,10,6.0,9.401186547104563,0.32156922144804606,0.005206412144594388,10,0.3310409797456191,0.6888888888888889,4.356255187046205e-05
998,51,5.0,1351.741173439557,0.37475728155339805,0.060871418853645075,42,0.39584968859580066,0.4596078431372549,0.00012049932964443986
999,58,5.0,2633.1357293713468,0.3849734042553192,0.06989124444917945,42,0.4073664102161626,0.14216575922565033,0.0001350579476297246
1000,118,6.0,5908.882591018734,0.40701687116564417,0.14186770897916864,55,0.43288061966822355,0.2023757786469651,0.0002318137788175401
1001,51,6.0,5597.7900493779,0.34447509329871817,0.018904065070401526,38,0.36374627100012913,0.1811764705882353,0.00015121080286870773
1002,126,6.0,4995.1105128209265,0.4060308555399719,0.15848381908955494,56,0.43297744282204076,0.17663492063492064,0.0002444800194881345
1003,1,6.0,0.0,0.3186093046523262,0.0044234977343290535,1,0.32726225990472396,0.0,2.5155221651425633e-05
1004,62,6.0,3806.667225619706,0.39011392870268286,0.05028929592856941,44,0.4136206625844113,0.1343204653622422,0.00015353916788621674
1005,377,5.0,60556.520452330864,0.41470243521291833,0.1620346030077506,45,0.4544564819176759,0.11003724815170156,0.000847630192682316
1006,40,6.0,371.6846805483375,0.3682141411805515,0.046693995673856944,36,0.38813000471030484,0.4666666666666667,9.67924938469293e-05
1007,13,6.0,132.30497136178104,0.3251978555016594,0.004914703965219137,13,0.3378316847228508,0.2692307692307692,5.274712946889085e-05
1008,43,6.0,7674.1681670155185,0.3574876515491693,0.03203991637550484,32,0.3764353378342825,0.15725359911406422,0.00013373954346643856
1009,16,6.0,179.67116865595517,0.3287565168017344,0.006339674067666893,15,0.3399356256868931,0.4666666666666667,6.343957085567562e-05
1010,7,7.0,58.61529706669491,0.3060253699788584,0.0013530452453121109,7,0.3154958167911425,0.2857142857142857,4.3111519820025784e-05
1011,68,6.0,1932.788713763417,0.3633822103041022,0.06143723253174565,48,0.3843931543413246,0.23353819139596135,0.00015054074021353866
1012,105,6.0,5448.666727573509,0.39948566769114974,0.10731435034942799,54,0.42531532946043743,0.19890109890109892,0.00021897716317606232
1013,6,7.0,1879.773927112117,0.30933993880227306,0.0014684775370166722,5,0.31842406298363485,0.06666666666666667,5.543808952323946e-05
1014,6,6.0,15.689353601297109,0.3099270072992701,0.0021131641146903643,6,0.3200371591563166,0.4,3.770515668817169e-05
1015,17,6.0,53.64259624432282,0.31234368103575105,0.003603491793386318,17,0.32554822839794995,0.4632352941176471,6.294806265628554e-05
1016,53,6.0,1772.4058138063926,0.37935553040681397,0.045050436977920785,42,0.40130057047155926,0.1328011611030479,0.0001250092747397837
1017,37,6.0,1622.9922167442999,0.3794685414680648,0.052393830433719896,32,0.4005704715549316,0.22972972972972971,9.630529316919052e-05
1018,16,6.0,137.10587605180922,0.3335777510082229,0.01194907808898006,15,0.347678861150336,0.21666666666666667,5.955061835883851e-05
1019,28,6.0,356.65879054814485,0.35300964416361824,0.02608131657915922,27,0.369607997069117,0.2645502645502646,7.774822391816885e-05
1020,27,6.0,723.6534061273004,0.3376630261902237,0.00910853600769099,21,0.3530250693462828,0.12820512820512822,9.178175764503321e-05
1021,12,6.0,408.34435577018127,0.31636201072918735,0.0037866169353619095,10,0.3268357146595275,0.21212121212121213,6.573683526692568e-05
1022,121,6.0,3363.2814812492065,0.39478088390255994,0.2206774440951346,56,0.421363898047861,0.24710743801652893,0.0002263002027320228
1023,69,6.0,2184.5227778895346,0.37535360678925034,0.06645451450170652,50,0.39771811378028943,0.31074168797953966,0.0001521861997918221
1024,63,6.0,4466.452115854629,0.38889906576296024,0.07607043653006214,47,0.41219710053908604,0.13312852022529442,0.00015177351135441528
1025,39,6.0,1642.1661282636228,0.3634651600753296,0.02263166263294331,31,0.38268697336053215,0.22672064777327935,0.00011207931648696734
1026,67,6.0,3168.8419019156163,0.3686617272516786,0.10086341853776426,55,0.39103208248285054,0.36680235187697874,0.00014353515232241447
1027,9,7.0,390.11726166117944,0.2723074949762709,0.0002792334945643649,5,0.28026303000396785,0.25,0.00010111961353312955
1028,12,6.0,49.326296735965826,0.33237657864523534,0.006815615121019513,12,0.34626314963099747,0.3333333333333333,4.908372522104519e-05
1029,4,6.0,2.6213150250080153,0.30627554700649195,0.0026855637939828658,4,0.3159365677500284,0.6666666666666666,3.178251813243078e-05
1030,90,6.0,3453.703722186927,0.39642723764471555,0.12627359440548738,55,0.42143978646571956,0.15805243445692885,0.00018145528621029566
1031,105,6.0,3891.4700507416587,0.3898273962541315,0.11472837233811489,54,0.4152902077772731,0.22545787545787543,0.00021249775329505258
1032,66,6.0,2822.2762828262903,0.38167435728411336,0.07502135614507154,47,0.40387815983671643,0.19533799533799534,0.00015136715846045343
1033,44,6.0,1082.653537722543,0.3682780154967041,0.04631484186581342,38,0.3879808447165852,0.27167019027484146,0.00010612912948878262
1034,69,6.0,5754.673089770939,0.3774222222222222,0.06817339509154087,44,0.40058093892291025,0.11722080136402387,0.00016812690478512033
1035,39,6.0,1705.4351636765016,0.36340294419719277,0.02320024355219482,32,0.3824043544250637,0.1794871794871795,0.00010895892382081495
1036,42,6.0,364.95936962227614,0.36932444186720786,0.05963514333477225,40,0.38974459622127106,0.4413472706155633,9.640196183323272e-05
1037,44,6.0,1323.469484939428,0.36224547833011034,0.02465845812757436,35,0.3819516407599136,0.19873150105708245,0.00012032460734697845
1038,3,7.0,1.3797467658179852,0.30428550953131717,0.0026363391954047338,3,0.31401468422192863,0.6666666666666666,2.9527262123828967e-05
1039,122,6.0,7174.504358432746,0.4114341085271318,0.2032309652806363,56,0.4374313078976733,0.1955019645034548,0.00023475267138704263
1040,143,6.0,10169.228627557706,0.40185500662502366,0.18806573087124662,56,0.42928507876697786,0.21973800847040284,0.0002828326989700347
1041,8,7.0,91.2352866494786,0.3058637083993661,0.0020149055676819206,7,0.3170057346223044,0.07142857142857142,5.383117740857165e-05
1042,30,6.0,57.150593883646025,0.33856049330214755,0.023474785665071014,30,0.3527843198827385,0.7402298850574712,7.88997891343914e-05
1043,127,5.0,22851.105815872274,0.42209556630658096,0.11744793124141151,51,0.44727063379918247,0.10111236095488065,0.0002919191754697438
1044,11,7.0,7.869328446514125,0.26621802374184916,0.0003011482952065548,10,0.27378335538957543,0.7636363636363637,8.918801952084458e-05
1045,101,6.0,9546.236394501439,0.3896366083445491,0.05956506358125231,45,0.41471711938035016,0.16316831683168317,0.0002515769287472439
1046,14,6.0,204.88674156645516,0.337806301050175,0.010808945305188626,12,0.3505678547129046,0.26373626373626374,5.4611959038176527e-05
1047,124,5.0,5310.13942176302,0.4188478232276733,0.212834794002934,56,0.4445020149683884,0.26606346708628376,0.0002393356156882843
1048,200,5.0,21864.69776916907,0.4328824848773194,0.3437084641566219,56,0.4610901763751942,0.1536683417085427,0.0003713656364890673
1049,14,6.0,239.68678620793693,0.3233979892353001,0.01093117811470259,12,0.3349636258962444,0.5274725274725275,6.14702136754857e-05
1050,217,5.0,32907.508305466596,0.42920681986656783,0.25818117795053547,56,0.45816716386669454,0.11934630483017579,0.00041806863931500015
1051,26,6.0,431.77622327095884,0.3554922973878098,0.024818657640220402,24,0.3719736222326712,0.28307692307692306,7.443128027692751e-05
1052,62,6.0,1557.4802385547541,0.38098941197583297,0.07795368044516351,50,0.40363217668917817,0.1417239555790587,0.00013156614867542292
1053,50,6.0,2048.85125767345,0.37519882179675995,0.053311413163563685,40,0.3967210969801632,0.16,0.00011925764427731592
1054,6,7.0,3.3716971754605947,0.3139758442198669,0.004707363388493213,6,0.32396130064521916,0.8666666666666666,3.6195890548429184e-05
1055,4,6.0,10.650292962884663,0.29041083397929873,0.0017563228104428342,4,0.3002643010415048,0.3333333333333333,3.400775464993677e-05
1056,87,6.0,6938.859928875418,0.38847209515096065,0.0722325837237098,47,0.4126053278903185,0.21464848970863407,0.00019652563869156553
1057,36,6.0,886.9985844140025,0.3732419127988748,0.03618285666681172,33,0.39348668027424083,0.16984126984126985,9.196063464159964e-05
1058,52,6.0,1458.1735769191125,0.36529968454258677,0.036310662387657774,39,0.38589522164650275,0.1349924585218703,0.0001263600556439567
1059,85,6.0,32650.09143417605,0.38729096989966555,0.059373915561462105,43,0.4109226984874802,0.10252100840336134,0.00028966708400046405
1060,74,6.0,1608.67231306672,0.38745589487772236,0.09415115734116246,53,0.4109331658554606,0.31469825990373934,0.00015532403133643345
1061,21,6.0,386.2380843354925,0.335563751317176,0.009282149422399874,18,0.3493850421311271,0.27142857142857146,7.247785741193989e-05
1062,36,6.0,989.3780120958196,0.3583122362869198,0.033959411229333436,34,0.37733291463859464,0.3380952380952381,9.351886446071763e-05
1063,85,6.0,3994.7170843932317,0.3887566379783922,0.06538692617338662,45,0.41324645417911365,0.22605042016806723,0.0001950443223015942
1064,534,5.0,182299.28260501908,0.48191585956416466,0.8036000505438025,56,0.516504422462992,0.07912248526115338,0.0009897491393947412
1065,1,7.0,0.0,0.26599565653190776,0.0002405133785756425,1,0.2725586733358783,0.0,2.654800213394021e-05
1066,50,6.0,2294.8537481020303,0.3852062416838031,0.060418129514029056,42,0.40738996179411846,0.11428571428571428,0.0001172330330780357
1067,37,6.0,4796.901027977804,0.35357797146505304,0.016323884581579566,26,0.3705029570314353,0.26726726726726724,0.00011890684034793747
1068,73,5.0,1147.2241307250993,0.3861404146962532,0.12050328368887672,55,0.40959857643796804,0.273972602739726,0.000147964011343779
1069,39,6.0,410.02357454243264,0.35098644329328776,0.026498982168397127,33,0.36745956979115596,0.4831309041835357,0.00010180805672898078
1070,45,6.0,533.9340725616524,0.36101349053395304,0.05237226740758632,40,0.3799105040037516,0.45454545454545453,0.00010479949751325136
1071,75,5.0,4494.245155331763,0.39622993654348637,0.12231744767435244,54,0.419916784424582,0.21225225225225225,0.0001612569300299138
1072,64,6.0,2336.476882708092,0.3803977781759541,0.08026583638027415,45,0.4030276861883139,0.1875,0.00014791668997438353
1073,31,6.0,462.85027156520135,0.3564672300889909,0.03137200510430775,30,0.37457476317577976,0.13763440860215054,8.101490634881923e-05
1074,46,6.0,1381.2308674033713,0.37385536510918055,0.04190005528762632,38,0.39481341916574764,0.19130434782608693,0.00011275672583905163
1075,32,6.0,1229.4961164685851,0.35470037870349747,0.019787926127429557,26,0.3719474538127195,0.08870967741935484,9.582405712564541e-05
1076,199,6.0,9926.107286963426,0.40774647887323945,0.3192352506860762,56,0.43824252891614607,0.18318867062585656,0.00035454145407594416
1077,120,6.0,5129.29922890752,0.4209517514871117,0.1910127913410632,56,0.445784267545978,0.15644257703081232,0.00023656606460414708
1078,2,6.0,0.5110365320340555,0.3085008476628724,0.0016052491254330624,2,0.31924687287380354,0.0,2.794667667175383e-05
1079,128,5.0,11437.236215735751,0.41470243521291833,0.14976122235997738,55,0.4408462867012568,0.13324311023622049,0.00026616602968583373
1080,10,6.0,88.67042218922704,0.3346293280092471,0.00914823993499995,10,0.34561155597422144,0.2222222222222222,4.3155827161404525e-05
1081,35,6.0,765.0873681801537,0.34362017804154305,0.020483357242815352,32,0.358719317527584,0.3378151260504202,9.498870773044426e-05
1082,154,6.0,17180.175037870136,0.41673755152784137,0.23081167560994817,56,0.44433977076469205,0.19514472455648926,0.0002917840426918822
1083,78,6.0,5955.466332788953,0.3788816180844735,0.0717480577193712,45,0.4023185220076455,0.16916416916416915,0.00019364932745971522
1084,38,6.0,761.4804381362026,0.36076809788149994,0.03394394191271348,33,0.37946040718059726,0.1906116642958748,9.956606002871112e-05
1085,8,6.0,555.6068983042021,0.34685764077987147,0.014016184464145284,7,0.36055110692414205,0.5357142857142857,4.7780660553231714e-05
1086,75,6.0,5468.5168151060925,0.3949767441860465,0.08204879394050507,48,0.4187078034228534,0.17945945945945946,0.00017937457725194424
1087,125,6.0,8901.810386799714,0.41622010194745784,0.14196198102693264,55,0.44198199612712324,0.17974193548387096,0.00025671377284691607
1088,8,6.0,1318.441327962937,0.3220896126226358,0.005759559223353066,6,0.3321845396974684,0.14285714285714285,5.525136234878307e-05
1089,2,6.0,0.0,0.2963152507676561,0.0021640467666824746,2,0.30582509028104565,1.0,3.099194803483733e-05
1090,31,6.0,699.391596392323,0.36396365506600376,0.03569508166431921,27,0.382469775474941,0.2043010752688172,8.525878649843367e-05
1091,187,6.0,26682.25723117011,0.43471435396901237,0.2026522373507171,56,0.46178363950388945,0.06727617733310333,0.0003787767089402659
1092,6,7.0,122.68208698949947,0.25723979159093663,0.0001388353574071172,5,0.2637911311486471,0.5333333333333333,7.388902330101906e-05
1093,63,6.0,3054.682489778241,0.3853227660475528,0.06512368143828116,45,0.4081226775527414,0.2964669738863287,0.00015227145510334365
1094,108,6.0,7900.6803200588565,0.42042379034919797,0.14495564167231323,54,0.44520071178107345,0.12876427829698858,0.0002248323819204006
1095,49,6.0,737.1963144465007,0.3816057519472738,0.07254550972840289,43,0.4034018945936114,0.21513605442176872,0.00011266251690792166
1096,136,5.0,6308.101171698053,0.41306180686166416,0.19667841031506558,56,0.4397393625373362,0.1383442265795207,0.00026291335807473445
1097,7,6.0,42.49242616561548,0.311518708730741,0.003993667334973065,7,0.321895116972822,0.5714285714285714,4.1468041211831186e-05
1098,68,6.0,3927.1003134883517,0.38527614784344566,0.06106385032117319,45,0.4084759512220774,0.15583845478489905,0.00015949852873472316
1099,77,6.0,4650.438175072247,0.39307535641547864,0.08312811771598336,47,0.4172476055895965,0.1507177033492823,0.00018020183018254782
1100,20,6.0,334.406639328507,0.3566668533348267,0.021822847942074425,19,0.3730674621866151,0.15263157894736842,6.620370576213315e-05
1101,137,6.0,17374.927960241377,0.42128588437624026,0.15549493058000938,55,0.4471031559114981,0.14233576642335766,0.0002942080297289527
1102,116,6.0,6342.932789334341,0.40271893771735695,0.12149148733414535,54,0.4287276914220261,0.1856071964017991,0.00023600479297540016
1103,62,6.0,1751.2820197071812,0.3774893314366999,0.056740138579035315,49,0.39984298948029734,0.25859333685880487,0.00014080398656792753
1104,42,6.0,1956.5285715323232,0.36195726301432146,0.03558292735197879,36,0.38153294604070065,0.21951219512195122,0.00011089421121148415
1105,75,6.0,2940.156305620833,0.38238472622478387,0.08781838806328074,53,0.40553985450359376,0.2064864864864865,0.00016618622862392304
1106,1,7.0,0.0,0.3098214720046699,0.0035175510867746485,1,0.3191698629522328,0.0,2.5154870006344744e-05
1107,155,6.0,5550.263936532197,0.4042782785324362,0.2672388866577683,56,0.4320406133878005,0.2537075827398408,0.0002780380815048887
1108,10,6.0,294.9732953405085,0.3321339173967459,0.005988210173656047,10,0.3424504108441641,0.06666666666666667,4.834773379316344e-05
1109,46,6.0,3811.7707493050157,0.33892081736909324,0.012762379929035195,31,0.35647145025380395,0.12560386473429952,0.00014009462348187602
1110,39,6.0,2941.560725437246,0.36861905313114945,0.03568313584537332,33,0.3882137436541478,0.18488529014844804,0.00011296624851909406
1111,21,6.0,3679.1434019699896,0.35487825263275197,0.016967457329390187,18,0.3719710053906743,0.2619047619047619,8.657143260711682e-05
1112,48,6.0,380.8169465080635,0.3642759094028826,0.06791236239019963,41,0.3840503480399694,0.35992907801418444,0.00010636253579508227
1113,52,5.0,3095.97333428795,0.37608503100088575,0.050164858395158746,40,0.3972732506411262,0.12368024132730014,0.00013018775813762568
1114,21,6.0,1785.426032529396,0.3479947546716206,0.01317339963415305,17,0.3640498246715632,0.11904761904761904,7.973749473873179e-05
1115,24,6.0,388.6166588642323,0.3635896557629731,0.03366780087725245,23,0.3816088344585593,0.2753623188405797,6.911401904565782e-05
1116,137,6.0,8492.669666685686,0.37935553040681397,0.06049995152381954,45,0.40631182289214024,0.14501932159725203,0.00031968788613749946
1117,35,6.0,633.3993967133981,0.359810180215807,0.031604565746109994,31,0.3779818914533767,0.2184873949579832,9.132647432445042e-05
1118,17,6.0,451.5493055543004,0.3398975344220301,0.010681982106508848,16,0.3534254461715338,0.1323529411764706,6.39121266685659e-05
1119,146,6.0,8902.98968881741,0.4035354495343091,0.21627885694275809,56,0.43137855236304423,0.1627775153519131,0.0002806115894001021
1120,58,6.0,3815.652458574689,0.36309218402599625,0.027874375935891982,42,0.38403726382999287,0.1839080459770115,0.00015910343729811873
1121,88,5.0,8709.661340687326,0.3943897454950771,0.09041466515865033,49,0.4183466792275318,0.17398119122257052,0.00020360452592366695
1122,113,6.0,9430.008734358997,0.41335669781931467,0.13217100259086673,54,0.43891244046689065,0.23798988621997472,0.00023534262870348932
1123,42,6.0,3045.881034463564,0.36666666666666664,0.0356525364317988,32,0.386766630030866,0.10685249709639955,0.00011736538548285119
1124,2,7.0,0.0,0.302063078017548,0.002187330452249359,2,0.3109032590897797,1.0,2.7354776394899993e-05
1125,65,6.0,3381.5539016787334,0.37280496370873334,0.060431876652654884,47,0.3948003349557714,0.26298076923076924,0.00015387983624497523
1126,182,5.0,24791.594997522094,0.4322948482997353,0.23127533649355472,56,0.4592060501387377,0.12185052516544229,0.0003843290092477512
1127,54,6.0,2515.4706160461483,0.35596914822266934,0.04793574032451988,39,0.37434709792220944,0.27952480782669464,0.00014090547296082242
1128,134,6.0,14290.986759127949,0.42335814942834354,0.17382433426526817,55,0.44867849479253535,0.16979014700931433,0.0002786093271359166
1129,118,6.0,5155.312976051826,0.39605745911323925,0.11572759178655227,54,0.4223347464280372,0.23468057366362452,0.0002396106303046569
1130,115,6.0,3338.7398640089536,0.38625750500333556,0.1497500234821342,56,0.41198775317947756,0.2062547673531655,0.00022492941849411996
1131,71,6.0,1454.168000808675,0.38392910965097354,0.09022994572758286,52,0.4074370649500289,0.2663983903420523,0.00015030229925876905
1132,28,6.0,715.4743062989836,0.35575043288834274,0.02701077060258116,25,0.37324279060028404,0.21164021164021166,8.213986384460947e-05
1133,17,6.0,164.47879903789254,0.3496184882252841,0.01792350517712548,17,0.36559637829065633,0.09558823529411764,5.587281531075187e-05
1134,102,6.0,7469.82969394506,0.3860233953572944,0.09517813338587493,51,0.4110587742712234,0.1335662978062512,0.00022220060483455438
1135,59,6.0,3691.7459130580824,0.38911290322580644,0.06683129650809577,40,0.4118542942377305,0.1157218001168907,0.0001418360296545524
1136,86,6.0,7839.569923014789,0.39988698436617065,0.0991813584055502,51,0.4244151358141297,0.1811217510259918,0.0001934395631995078
1137,147,6.0,8210.080724243555,0.4184350568293805,0.18385235443545722,56,0.4451300570472078,0.19271270151896375,0.0002891356497216782
1138,65,6.0,936.2726895519959,0.3687044112539076,0.09070346746632289,50,0.39066572460353927,0.31201923076923077,0.0001369899550706137
1139,12,6.0,11502.695447881984,0.32957309184993533,0.0063290399089533265,9,0.34003506568270647,0.07575757575757576,9.567718855866441e-05
1140,47,6.0,3565.422379067091,0.36666666666666664,0.024233263754447176,33,0.3868608363426889,0.2802960222016651,0.000136403447674308
1141,159,6.0,14323.216208146967,0.4326766304347826,0.2238768362811542,56,0.45877427120954734,0.1452113685216145,0.000308002936988138
1142,9,6.0,15.868687472492205,0.32367738984601313,0.006167905853275988,9,0.33362380279476167,0.5833333333333334,4.17300259654034e-05
1143,127,6.0,7966.553367602231,0.41322260429507557,0.17466671780749163,56,0.43920814361233484,0.14623172103487064,0.00025140582021789676
1144,244,6.0,34147.796451864124,0.4254793239361347,0.2397263252648511,56,0.4569869681269143,0.13317142278890912,0.00046947743457868764
1145,48,6.0,1881.652766467572,0.37381148022068317,0.044664293763577445,38,0.39451509917830835,0.30939716312056736,0.00012190439681483987
1146,5,7.0,6.764405777878014,0.299618949052077,0.001636287823910039,5,0.3095320338843596,0.6,3.542000945365562e-05
1147,38,6.0,319.8268897338448,0.3497144739732045,0.050538433477104315,35,0.3669754540220639,0.49075391180654343,9.25507778857056e-05
1148,128,6.0,12406.520296675217,0.40976645435244163,0.1326138871157523,55,0.43625896268387565,0.11392716535433071,0.00026505199847423215
1149,63,5.0,1212.7801310323036,0.37418483050349566,0.09567320983805892,55,0.3957738001779429,0.40450588837685614,0.00013169264472357673
1150,76,6.0,1715.3611616574667,0.3787239103288339,0.12710651496734998,55,0.40202281886220126,0.39964912280701753,0.00015592501518611938
1151,164,6.0,11768.099383733106,0.4181603309040772,0.1833515587488038,55,0.446009315957555,0.1913811162651504,0.0003268608370059023
1152,65,6.0,2506.9400843247718,0.3804204993429698,0.06912270749216082,49,0.4031637619720581,0.3778846153846154,0.00014331394912325113
1153,41,6.0,1032.6493475285813,0.373592210229939,0.045164306431238886,37,0.3943345370806476,0.11951219512195121,0.00010102366078397521
1154,79,6.0,2171.091504692167,0.36548835074027314,0.038867122294002326,45,0.38812738786830736,0.19279454722492698,0.00018766290352742712
1155,25,6.0,422.19390451409237,0.33366512992455993,0.008181566470314119,22,0.3492384989794035,0.10666666666666667,8.123307266919625e-05
1156,92,5.0,8765.34981473222,0.3969708302169035,0.08593357591605204,52,0.4219683885487264,0.11514572384137602,0.00020518624438620308
1157,1,7.0,0.0,0.2755711318795431,0.00038042319822513223,1,0.28433446231374415,0.0,2.5799118209741554e-05
1158,6,6.0,0.0,0.31484502446982054,0.0065055756614709834,6,0.3251138326267661,1.0,3.418932350025805e-05
1159,64,6.0,4147.828165144035,0.38806970509383376,0.0646008278291053,46,0.41095148374942664,0.20982142857142858,0.00015266546412641345
1160,2,6.0,13.353941456646918,0.32096961144988156,0.005316350524422127,2,0.3302951797770208,0.0,2.7919296712371813e-05
1161,97,6.0,10505.577303056589,0.38557936796222303,0.052532810605848725,45,0.410443816402379,0.11791237113402063,0.0002369318334248064
1162,108,6.0,6663.965169269152,0.4130885977428979,0.1836594692221871,56,0.43847542785371185,0.18431983385254413,0.0002128843765987191
1163,75,6.0,3493.983981207219,0.38954128440366975,0.07863121750359313,50,0.4134270162767748,0.16864864864864865,0.00016943661501566304
1164,26,6.0,838.8353692613639,0.34653680831383643,0.017128428804595475,22,0.36117129847697627,0.2153846153846154,8.348980264342854e-05
1165,95,6.0,7976.574667991877,0.40198182277202726,0.1191804371494684,55,0.4267127230858129,0.18611422172452405,0.0002087149556394156
1166,3,8.0,0.0,0.20178050944113546,9.757187771500683e-07,3,0.20443386492612167,1.0,9.047670583610909e-05
1167,142,5.0,6429.481962772628,0.397863568215892,0.20905522268631113,56,0.42499607473703643,0.23154530016981323,0.0002620840661831266
1168,95,6.0,19072.921817298717,0.38693803159173756,0.058303920361369554,45,0.4121028942272616,0.0671892497200448,0.0002465540270007936
1169,137,5.0,11465.112365746954,0.4151890482398957,0.16786641412703887,56,0.4414141414141899,0.11485616144267925,0.0002847348216498441
1170,52,6.0,737.3661291754584,0.37418483050349566,0.07806633156653596,43,0.39532632019678393,0.26018099547511314,0.0001126048216719216
1171,65,6.0,2066.6038105402326,0.3991852083986211,0.08639478764134757,49,0.42276652535722786,0.2586538461538462,0.00014084892177346727
1172,102,6.0,3828.022503658681,0.4062898698647614,0.1408385458667492,55,0.43193070602400835,0.14929139972820812,0.00020302128885784314
1173,296,5.0,42512.08539594178,0.4346253582639552,0.44956261425134436,56,0.4672554561156056,0.13983050847457626,0.0005473602884684131
1174,24,6.0,470.0518359398169,0.3468765317793149,0.028051144327944658,23,0.36289841419372715,0.34057971014492755,7.079278734123863e-05
1175,148,6.0,9797.185742410802,0.4001382170006911,0.18775308130700233,56,0.428076097765249,0.21520500091928665,0.0002898525386076998
1176,171,5.0,18482.63572038591,0.42684806648347967,0.24450421254339252,56,0.45428377034599393,0.1825249398004816,0.00033778228824119677
1177,30,6.0,706.2223173428184,0.35444376426067115,0.021847157108401894,27,0.37070445386505735,0.29195402298850576,8.916723625009853e-05
1178,63,6.0,2430.273889311925,0.38806970509383376,0.07035256101764799,47,0.41049877008427765,0.20532514080901176,0.00014298887603220252
1179,5,7.0,78.59071529310289,0.3169287420382166,0.004766564749828534,4,0.3261803826570447,0.1,3.88349353395042e-05
1180,13,6.0,7.114126659591216,0.32774147069418,0.01020992440205087,13,0.3393494530799963,0.8333333333333334,4.90960858869919e-05
1181,257,6.0,53959.1644440426,0.4540852702124626,0.3374997896816504,56,0.48168995656045294,0.07499392023346303,0.0004962196165410067
1182,39,6.0,1096.493107620033,0.36529968454258677,0.04691549695774345,36,0.3837520280525319,0.3090418353576248,9.652973926524834e-05
1183,109,6.0,8046.7314338367005,0.3999623210248681,0.09671764753005246,51,0.4251818705186889,0.145429833503228,0.0002302893760941342
1184,22,6.0,328.14949860133214,0.351218705194662,0.023725768331229462,20,0.3669937719160312,0.367965367965368,6.964354536357344e-05
1185,2,7.0,1.3657449873099021,0.3078893937929034,0.002177978356354336,2,0.31744274723548116,0.0,2.7171871812157657e-05
1186,49,6.0,537.3672458992002,0.3674069800980675,0.0573081301292814,43,0.38752813105143535,0.4183673469387755,0.00011592251890155255
1187,91,6.0,3745.193907877155,0.3709808946877912,0.04490330758562844,45,0.39457005286020264,0.16703296703296702,0.00021802359673964104
1188,64,6.0,5686.590607132865,0.3677676406051507,0.030288950270759216,42,0.38931805097607136,0.18998015873015872,0.0001781790817879129
1189,88,6.0,6224.9824693558785,0.39040088267745493,0.09132826363994959,51,0.41494478463392276,0.1536050156739812,0.00019638120118366882
1190,44,6.0,3049.58152107878,0.35897869462292864,0.021009222197706057,31,0.3772779609567003,0.1754756871035941,0.0001263916357116612
1191,12,7.0,100.25614789715317,0.3287565168017344,0.007323803873029953,12,0.34035581574438967,0.5151515151515151,5.1213586776385794e-05
1192,207,6.0,85841.55828800333,0.4490270727580372,0.20882793510119574,56,0.47448840738999587,0.04938792739552554,0.0004775510580441776
1193,1,7.0,0.0,0.23909452661611233,2.5404927924316527e-05,1,0.2430051813471602,0.0,3.386542006351768e-05
1194,2,8.0,0.0,0.19793641420890698,2.1250560833061543e-07,2,0.20002411232983977,1.0,0.00010573897034712578
1195,26,6.0,390.5779268536899,0.3523456516928524,0.02727507563007041,25,0.36945883707539595,0.23384615384615384,7.342414584030729e-05
1196,114,5.0,6083.96559920445,0.4151078667796389,0.1497185488124584,55,0.4404877793479309,0.18677224033535164,0.00023460742563037102
1197,5,7.0,15.380982649909026,0.29103454578687626,0.0010371641145346683,5,0.3015809463996005,0.2,3.9471535770234224e-05
1198,80,6.0,6065.1927449522045,0.3670470262793914,0.03428610288067248,43,0.3893468362380167,0.1481012658227848,0.00020375257633105422
1199,5,7.0,3130.7703251791036,0.24920765348045545,4.770619089857348e-05,3,0.2537357288652683,0.5,0.00012952419560130512
1200,49,6.0,2538.901018261741,0.37557494987616463,0.04541227757068095,37,0.39650651593656694,0.17602040816326528,0.00012537539633035308
1201,33,6.0,1884.2117972864694,0.37284861257463997,0.029823413707396784,27,0.3927225624116767,0.17234848484848486,9.609451038387308e-05
1202,34,6.0,2022.8090836693352,0.3687898089171974,0.029516352251418077,29,0.3880593499764381,0.0926916221033868,9.922304350330147e-05
1203,105,6.0,4360.981618989066,0.4013991302703725,0.1534654300140427,56,0.4267702936097042,0.25622710622710626,0.00021343704894398065
1204,81,6.0,3709.8409567494623,0.3894221950473861,0.10190010164072279,53,0.4135892604804698,0.20802469135802468,0.00017006741026619104
1205,40,6.0,1842.9543121652669,0.36019681031557516,0.02693869679665821,34,0.37839011880461,0.12564102564102564,0.00010477799880234128
1206,114,5.0,12594.13675806408,0.39145666871542717,0.08952589938768436,53,0.4171455487517872,0.1847539201987269,0.0002578142958718548
1207,19,6.0,3665.015276208728,0.3283497448058978,0.0052431165192426835,13,0.3385277646935403,0.5438596491228069,0.00012706526651821908
1208,43,6.0,482.62515280963754,0.36003391746749575,0.05541636095135367,40,0.3787119903700043,0.31672203765227025,9.834281847159058e-05
1209,39,6.0,668.0509063585891,0.36218367927210693,0.03398219086919335,36,0.3811404197414393,0.2658569500674764,0.00010117092718814224
1210,57,6.0,1565.0409160945703,0.3710673502680028,0.049382462797363004,41,0.39297901292719317,0.2531328320802005,0.0001392861184561473
1211,92,6.0,8358.870388357469,0.38201775431861806,0.04540381726587358,44,0.4070314544407898,0.14357381748686096,0.00022945982279848364
1212,88,5.0,5161.9218920267895,0.3987603305785124,0.11085433305334808,53,0.4232323232323521,0.15282131661442006,0.00018952446378873555
1213,69,6.0,2381.934099632756,0.37933293627159026,0.06505547845411654,47,0.402096090438064,0.10954816709292413,0.00015394796419710853
1214,23,6.0,575.5866803152077,0.3521703068841581,0.014338449670144353,22,0.36857957816504977,0.13438735177865613,7.407238934241846e-05
1215,151,5.0,15467.869146478373,0.41005665722379603,0.1735639985634332,56,0.4378657036688559,0.10172185430463576,0.0003072559389931695
1216,62,6.0,3489.999731403945,0.3922522633491409,0.07320989308732215,46,0.41559376144870436,0.17292437863564253,0.00014230050938006462
1217,14,6.0,141.96577710627034,0.34672546137514293,0.017414480439023543,14,0.361050923745202,0.3076923076923077,5.048552458855995e-05
1218,77,6.0,2549.0323190905124,0.37119710922018884,0.04634018876156524,45,0.39425341497879807,0.18933697881066303,0.00018194435818888956
1219,16,6.0,133.16535418190193,0.3397162363985492,0.013644506474598642,16,0.35280525461870005,0.24166666666666667,5.6342114830300085e-05
1220,11,6.0,201.97271589924347,0.3175291654202812,0.0026477435498896014,11,0.3278353483016473,0.2727272727272727,5.665545883271873e-05
1221,9,6.0,111.73129348751377,0.33872254427484977,0.00967697441294736,9,0.35030878735539317,0.25,4.2979294529902566e-05
1222,7,6.0,163.8335875402282,0.3163777258953852,0.0020005416306611698,7,0.32626785994659546,0.047619047619047616,4.349141051820119e-05
1223,2,8.0,19.695740069746666,0.24115865202574782,2.9212446176101325e-05,2,0.24570669687250948,0.0,4.4145117838203786e-05
1224,40,6.0,5254.222088052436,0.35770850884582983,0.0242791278991984,31,0.37654001151408567,0.12307692307692307,0.00012525235956134225
1225,2,6.0,69.05846789386172,0.2712983472482535,0.000283389259126071,2,0.2784869419584489,0.0,3.8600790430852786e-05
1226,1,7.0,0.0,0.23095333067411247,1.185957805377106e-05,1,0.23483315763110083,0.0,4.381071154254407e-05
1227,185,6.0,8951.095089127159,0.41613851682456715,0.31614011452679813,56,0.4454022086146947,0.2147473560517039,0.00033115967926551534
1228,135,6.0,19514.562189596705,0.41654676258992807,0.19147809300511165,56,0.4431281729209691,0.12548369264787174,0.00027710483388743634
1229,31,6.0,584.5035202575325,0.35166473413947325,0.01875559672321925,29,0.36957921180716846,0.14193548387096774,8.945866248890917e-05
1230,112,6.0,11773.077923045837,0.3913604522551309,0.10567119393365118,53,0.41721358664365915,0.12918275418275418,0.00025249800265052713
1231,3,7.0,129.73443776005564,0.2529488859764089,0.00011740874147530243,3,0.2584176330290368,0.3333333333333333,5.393780509401907e-05
1232,14,6.0,65.4500535236088,0.317339312406577,0.005253131444478416,12,0.3278876851415494,0.5164835164835165,6.062612670300306e-05
1233,1,7.0,0.0,0.2968953943688234,0.0015011776574220099,1,0.30598247463532036,0.0,2.540177555115809e-05
1234,1,7.0,0.0,0.2553626558678481,0.00011759444398847309,1,0.2605514807587382,0.0,2.8047980112411703e-05
1235,13,6.0,198.29209983039752,0.3406246657396513,0.01804081620090612,13,0.3539252629925948,0.3076923076923077,4.921916491835564e-05
1236,11,7.0,18.53056237174973,0.2974917090943061,0.001617887253000843,11,0.3081439861232565,0.6545454545454545,5.534077056806876e-05
1237,98,6.0,9634.222794569881,0.38481058546311403,0.10948669061632985,56,0.4093316585544688,0.18135914159478225,0.00021479694795640438
1238,52,6.0,803.2278775633475,0.3916733288235656,0.08968098352622358,49,0.4143507615010402,0.21417797888386125,0.0001115093452158035
1239,59,6.0,2500.7455268311546,0.3636311732800457,0.030381654959091686,39,0.38428324697753113,0.17358270017533606,0.00015942284385778375
1240,29,6.0,198.92445743195222,0.3642967454098267,0.03598845969789534,28,0.3832391270214941,0.4408866995073892,7.55326416878059e-05
1241,30,6.0,5325.888676238722,0.34122689525850525,0.00908696596913276,18,0.35648453446378253,0.16551724137931034,0.00012121882868573581
1242,53,6.0,975.6869034989365,0.373438874230431,0.05675939800225528,47,0.39478986758779167,0.2779390420899855,0.00012077453138588598
1243,142,5.0,4498.940196933776,0.38894656488549617,0.22470611092618775,56,0.41640236562518207,0.2616122265507941,0.0002608558359130937
1244,20,6.0,649.705276348241,0.3473494764397906,0.021765397074207996,18,0.3616606479300568,0.3105263157894737,6.850982494073435e-05
1245,26,6.0,648.1019623016292,0.33363017286537455,0.018943217424144402,23,0.3492018631914733,0.23384615384615384,8.238631473752316e-05
1246,1,7.0,0.0,0.26814584035028627,0.00033545106658141026,1,0.2756297243343919,0.0,2.585549938418203e-05
1247,256,5.0,22384.05244538428,0.41654676258992807,0.3701318386400995,56,0.4492882189773911,0.14466911764705884,0.00046541080875999916
1248,82,6.0,4052.678702107497,0.38460144927536233,0.07052874689860683,49,0.40846548385409653,0.12797350195724178,0.0001805988589858907
1249,23,6.0,666.1391660889691,0.35519491383637275,0.0178608821751708,22,0.3716805359292217,0.3517786561264822,7.453082995390455e-05
1250,53,6.0,1911.1214744874208,0.36932444186720786,0.0352586452447506,42,0.39085413722718554,0.18867924528301885,0.00013247949427117752
1251,123,6.0,5484.905563736175,0.4042782785324362,0.2261207957522014,56,0.4303082639870565,0.24416899906703984,0.00023240709967605535
1252,98,6.0,14161.813860217553,0.38245361196180866,0.054115984184991674,45,0.40768304809756556,0.12791920892068168,0.00024926084776231993
1253,1,7.0,0.0,0.31392941640378547,0.00246088380171783,1,0.32241736386812353,0.0,2.5389813010833488e-05
1254,136,6.0,12653.352360225019,0.4266764922623434,0.21103585122576732,56,0.4517951536086735,0.16503267973856212,0.0002742304801392131
1255,8,6.0,18.066406422450786,0.3177509479145879,0.002832122865294725,8,0.3283273145967222,0.42857142857142855,4.459120223350822e-05
1256,62,6.0,1443.2477989739982,0.37204275950698057,0.036737764932140225,43,0.3940597686711627,0.21258593336858803,0.0001519284520878583
1257,5,7.0,128.72353442158968,0.21903157025930256,3.1589866702543283e-06,4,0.223179986392447,0.7,0.0001170915365947889
1258,6,7.0,0.0,0.26390154968094803,0.00022853894913948123,6,0.27184464930579294,1.0,4.777332685490348e-05
1259,32,6.0,430.64073411954837,0.3342780664462289,0.010598160729480903,27,0.3505626210289134,0.11290322580645161,9.626250996174528e-05
1260,16,6.0,52.862333297930896,0.33536938549839396,0.020074049599598243,16,0.34930392002928035,0.38333333333333336,5.2131939817762756e-05
1261,6,6.0,3.265171147243431,0.32586339217191096,0.008540268343945565,6,0.33652326372531005,0.6,3.425981417454844e-05
1262,15,6.0,194.337182726256,0.33159785494871663,0.008803452372168508,14,0.3435756529020499,0.31428571428571433,6.022052631138497e-05
1263,24,6.0,194.49636515866888,0.31880068074882373,0.004862204375670765,20,0.3324200554770271,0.4384057971014493,8.65276601274572e-05
1264,71,6.0,3008.602551559842,0.3837440501295415,0.0663573323253676,48,0.4072041660124665,0.18511066398390344,0.00015936390068633526
1265,57,6.0,1414.505300459456,0.3729796205200281,0.07199964531303146,50,0.39463809075207656,0.24436090225563908,0.0001256528454340787
1266,20,6.0,231.21334970246622,0.33668129195961305,0.011978068602322355,20,0.3505914062908589,0.1631578947368421,6.544653290776002e-05
1267,144,6.0,8388.895058226626,0.4158124959195665,0.20572625669216182,56,0.44285602135348023,0.15384615384615385,0.0002777653294416112
1268,150,5.0,9702.068216637455,0.4144056217060316,0.20782041392841416,56,0.4420003140210876,0.1778076062639821,0.00028289464911339466
1269,82,6.0,6319.913468780043,0.38481058546311403,0.08716315873442447,50,0.4087376354215852,0.1565793435712135,0.000181165646642176
1270,55,6.0,1472.1881481923376,0.38527614784344566,0.06951842803566435,44,0.40753388810384805,0.2,0.00012567416508115934
1271,25,6.0,511.16042654607713,0.3469143199520671,0.014800861103960007,23,0.3627126184120769,0.13,7.599067923510556e-05
1272,191,6.0,15492.209568310593,0.42499666355264915,0.2457930810874574,56,0.45349348406348206,0.13116561036098098,0.00036556348223949086
1273,108,6.0,12202.116691570327,0.3896604466197614,0.12102949042571409,56,0.41452347307271425,0.1919349255797854,0.00023090831964293267
1274,52,6.0,1039.43299371972,0.3803523439832786,0.06938779357544347,47,0.402038519914173,0.1546003016591252,0.00011402759622245629
1275,25,6.0,3000.66517283671,0.35606865321182984,0.025225078065306546,21,0.3729706390327964,0.26666666666666666,8.33877534495537e-05
1276,9,6.0,184.2036359730007,0.346838751837935,0.01309285115513925,9,0.3603940964044375,0.027777777777777776,4.12941554829557e-05
1277,40,6.0,2541.391716546937,0.36007462686567165,0.04072338973579321,34,0.3791490029831818,0.16794871794871793,0.00011052512398359592
1278,57,6.0,3142.7808142176473,0.35410875125097296,0.02922403571485828,37,0.37341550217195846,0.09461152882205513,0.00015222102979108674
1279,137,6.0,6571.67522531827,0.41456746729154464,0.2171115004237062,56,0.4414298424661599,0.20276942893945898,0.00025425918816342316
1280,27,6.0,540.8799712201966,0.34716014390057776,0.02122687051188135,23,0.3626471973622008,0.28774928774928776,7.882235141154315e-05
1281,76,6.0,3032.3691151171784,0.3895174607057672,0.07376133093321167,47,0.413238603653129,0.2245614035087719,0.00016813445666973316
1282,107,6.0,16850.863860069738,0.3803750597228858,0.050915149115369276,45,0.405568639765538,0.1442426379827191,0.00028339107590810096
1283,181,5.0,17705.457546329944,0.4230488209897044,0.28488701345184353,56,0.4510179515361379,0.1738489871086556,0.00034924013688791594
1284,93,6.0,6357.8240378706,0.37475728155339805,0.09247945657371354,53,0.39917569477154935,0.17858812529219262,0.0002085511478477497
1285,10,6.0,56.729133261789315,0.30617248341505626,0.0020160265719769694,10,0.3177657403045897,0.4,4.8012087254303684e-05
1286,72,6.0,2884.7054253486795,0.35942437923250564,0.03045492251105098,43,0.38104359658761894,0.1529733959311424,0.00017895500764863442
1287,94,6.0,4101.9085524152415,0.40142442959788227,0.1568741555162257,56,0.42645103888630426,0.18622740791580872,0.00018971883873307162
1288,85,6.0,3467.175507552984,0.3854860186418109,0.07315949794868316,51,0.40940231328833643,0.1918767507002801,0.00018532532141309535
1289,79,6.0,5769.915056369898,0.38316688725785103,0.05272175055892857,45,0.4071518291725645,0.13307367737747486,0.0001970745716269483
1290,45,6.0,1120.2374581733486,0.3532054125998225,0.01781226538605483,33,0.3711309991102536,0.24141414141414141,0.00012338918221897613
1291,38,6.0,2507.015068677296,0.36986062717770035,0.04102504464615279,33,0.3898545035850649,0.112375533428165,0.00010182480582513731
1292,88,6.0,3097.8671087589673,0.38686752110793904,0.08818581554674314,53,0.41156120793427964,0.2413793103448276,0.00018208844341041115
1293,4,7.0,49.949700878023314,0.2978255786766425,0.0015211663122834675,3,0.3069596782031968,0.5,4.451017058494669e-05
1294,111,6.0,5555.031517538807,0.39407251577775027,0.11952798900821758,55,0.4199481865285214,0.20245700245700246,0.00022614107156286722
1295,91,5.0,4969.543084570491,0.3961559992535921,0.08564174793224479,49,0.4203668812477361,0.21123321123321123,0.00020136667122979434
1296,61,6.0,1424.1752126981794,0.3923005851555282,0.1084634941070783,52,0.4151672162035062,0.29890710382513663,0.0001273059588296416
1297,32,6.0,908.8609794800564,0.35085109899190214,0.01795946299113545,25,0.36860836342699355,0.19153225806451613,9.63257642455385e-05
1298,44,6.0,2042.3510165989705,0.353774370938177,0.03756448332395199,37,0.37225624116813755,0.20084566596194503,0.00012103443058226942
1299,36,6.0,1674.1520968840123,0.3419230149782574,0.01356770380171017,30,0.3592950227664969,0.2111111111111111,0.00010958806535062828
1300,32,6.0,707.7108068341392,0.35841305571187393,0.028495472287854096,29,0.3759564557491843,0.17137096774193547,8.592325409117875e-05
1301,177,6.0,17850.060064243564,0.4397569564316785,0.25970669792220535,56,0.4656068456586978,0.14747046738572164,0.0003481723579743712
1302,98,5.0,2827.5976832814304,0.4049465920651068,0.1574255996725296,55,0.430151253467352,0.2225962549968441,0.00019392096026835167
1303,31,6.0,480.2522614430236,0.339498933901919,0.010505265672432387,27,0.3559454650127928,0.17634408602150536,9.290484873611439e-05
1304,148,5.0,25370.036957256234,0.41284760484864197,0.22860226771755138,56,0.4396974930654149,0.22752344180915607,0.00029831761581428453
1305,188,5.0,39857.22118900948,0.42805296054842396,0.18968659582749905,55,0.4559480818548655,0.09688246671976333,0.0004009933389026185
1306,19,7.0,185.8657839290371,0.3361127236265766,0.013382238079669604,18,0.34982616692458296,0.21052631578947367,6.162235167003807e-05
1307,4,7.0,0.0,0.2991404818937579,0.001449732303326187,4,0.3079451061316285,1.0,3.776660093053491e-05
1308,1,7.0,0.0,0.252377555872563,6.331104760124858e-05,1,0.2568523876814078,0.0,3.297775633684032e-05
1309,87,6.0,4470.655788558141,0.40350988342625443,0.12957202746175958,55,0.4283116135448087,0.1697407110398289,0.0001801041681642136
1310,88,6.0,3909.823169329653,0.38483383685800604,0.051208499394148226,45,0.409436332234272,0.13897596656217348,0.00020546217176208972
1311,64,6.0,1563.3127448446323,0.3658662683823529,0.04067155308125919,45,0.3877793478829619,0.20089285714285715,0.00015390914898124214
1312,42,6.0,1215.515066797417,0.3633822103041022,0.04099248182411248,36,0.38271314178048293,0.2137049941927991,0.00010280805376390883
1313,102,6.0,6387.135004682635,0.4018803634528016,0.10195666605248085,52,0.42723085780083886,0.20597942147155893,0.00021668393275335203
1314,92,5.0,3530.1433012230095,0.40084335074579897,0.12409663851942719,55,0.42547495682213843,0.2608695652173913,0.00019012031559291793
1315,70,6.0,11557.566471100457,0.3855093517341565,0.059254768685682586,46,0.40853613858796445,0.12505175983436853,0.00018544456555253378
1316,54,6.0,1573.6524931802633,0.37978533094812167,0.062040543612425635,45,0.40192861255037915,0.19217330538085256,0.0001214178500917572
1317,21,6.0,317.28709439753806,0.35297051651518513,0.014452536097119004,20,0.36946407075938703,0.2,7.030529929781934e-05
1318,27,6.0,989.6182376898298,0.3458593537876731,0.022345361012821918,24,0.3619772858114582,0.14529914529914528,8.113395443587514e-05
1319,9,7.0,6469.92559565578,0.2849027063296802,0.0006559501262494823,5,0.2951629544893857,0.3055555555555556,9.015015302881236e-05
1320,32,6.0,35.975547295091744,0.3473684210526316,0.033978833964844,32,0.36279635735592114,0.8366935483870968,7.927287461816897e-05
1321,1,7.0,0.0,0.29497035939236754,0.0014412606718863766,1,0.3038377857030683,0.0,2.535745218116583e-05
1322,2,7.0,3.005036992227647,0.26552989243725506,0.00016906061672227704,2,0.2726218513783317,0.0,3.077658598548656e-05
1323,78,5.0,3076.598038766161,0.39169741697416977,0.0939926837117674,52,0.41562254671064985,0.25607725607725607,0.00016928127751793072
1324,6,7.0,347.39132057436206,0.23304061470911086,1.3789487029215098e-05,5,0.23747803721898433,0.6666666666666667,0.0001355313844561847
1325,164,6.0,24046.186394031778,0.4168739363791072,0.17688686319624597,56,0.4450201496834133,0.11387101601077361,0.0003568985338659173
1326,132,6.0,13830.475027014269,0.4100830596870775,0.1576675195419809,56,0.4368529858167593,0.13752024057367568,0.0002644670529905246
1327,8,6.0,8.963185863466578,0.3279946441446081,0.011157679906722541,8,0.3396163709634951,0.4642857142857143,3.751011440327575e-05
1328,76,6.0,4420.424482794094,0.38215528621144845,0.07451511425952914,48,0.40555817239755904,0.24456140350877192,0.00017861448371212467
1329,51,6.0,1249.5560466026654,0.37182555899351977,0.052233736351410966,45,0.39283246977546926,0.3780392156862745,0.0001193860589518661
1330,74,6.0,12588.22506474669,0.3739212117653966,0.042747861506262655,42,0.3963495054168606,0.08071084783413551,0.00020796319260635898
1331,6,6.0,124.07171445588325,0.3154375711950869,0.0049872679861752735,6,0.3257915947034913,0.0,4.205714401278295e-05
1332,23,6.0,1120.541951849209,0.37210796915167094,0.031222861925635264,21,0.391372271942214,0.45454545454545453,7.260131004467437e-05
1333,31,6.0,413.54146725653266,0.3595664201433975,0.025211123849217462,27,0.3769351546553454,0.389247311827957,8.793093530916938e-05
1334,41,6.0,759.1618346561899,0.36101349053395304,0.029177032316042264,38,0.3807897629140969,0.26707317073170733,0.00010737684628838389
1335,158,6.0,22532.861952011557,0.4075377527514717,0.10846426504275736,45,0.4360417647982824,0.1548012577602193,0.00035881865510980566
1336,1,7.0,0.0,0.2836971046770601,0.0005197687001648425,1,0.29207395943147924,0.0,2.5782870323500265e-05
1337,56,6.0,2255.211847856753,0.3813087469316889,0.0662655103749941,43,0.40358245669127185,0.1616883116883117,0.00012549370215730806
1338,40,6.0,1218.6859322583953,0.3583727211343687,0.030916332226233977,35,0.37630449573453034,0.3128205128205128,0.00010647615088343303
1339,147,5.0,10285.471992238263,0.4219557440042401,0.19367940052228574,56,0.44845606322295367,0.13400428664616532,0.00028460831992465453
1340,42,6.0,2396.758713651127,0.3615257989442016,0.024690139554462184,31,0.3806301355523985,0.1614401858304297,0.00011589715642085007
1341,128,6.0,7773.968968660989,0.4182701779733368,0.15499290410222707,55,0.44450724865237823,0.12438484251968504,0.00025537023421320497
1342,64,6.0,4924.317202968942,0.384531787719616,0.060725382907852725,47,0.40715444601456074,0.21279761904761904,0.00015278334895645187
1343,6,7.0,62.34955716383672,0.31913614270681967,0.004239533907720781,6,0.3280357236315554,0.2,3.8117052386179644e-05
1344,11,6.0,725.5222999618549,0.33661011574441096,0.0073722359047506646,10,0.3480085832417153,0.09090909090909091,5.2985038307283766e-05
1345,67,6.0,5613.983399207369,0.3826374286572544,0.07042702387785023,49,0.40565761239337256,0.14925373134328357,0.0001537841039304956
1346,21,6.0,486.7679598461154,0.35686670028576234,0.03109378607865777,20,0.373459988485877,0.11904761904761904,6.33544525856457e-05
1347,8,6.0,110.80511526849828,0.31819544364508395,0.005761907916436958,8,0.3284686240644572,0.6071428571428571,5.448842087534572e-05
1348,32,6.0,1241.2746597150242,0.34218019663675925,0.012093527007189173,26,0.35750248599986983,0.42338709677419356,0.00010648265001696492
1349,63,5.0,1597.8621114388654,0.3884957911431011,0.08873774334621957,47,0.41118699952898424,0.31490015360983103,0.0001445045536885669
1350,36,6.0,1096.9829557850235,0.36097256857855364,0.03605000624120442,30,0.3800151776835537,0.20793650793650795,9.538858228631052e-05
1351,35,6.0,370.60344405237,0.35135433331494453,0.036231898114809175,31,0.36958706233315347,0.2084033613445378,8.934757272988371e-05
1352,132,6.0,14340.86045045469,0.40769427730124186,0.15378920548835256,55,0.4340555817240156,0.13879250520471895,0.00027604002440559107
1353,166,5.0,11901.914640972158,0.42128588437624026,0.2664778557088123,56,0.4489323284660588,0.1674333698430084,0.000323571466376166
1354,1,7.0,0.0,0.2685641998734978,0.00027844522311325687,1,0.27524878690682153,0.0,2.6867224216203616e-05
1355,31,6.0,6900.4420434218855,0.37608503100088575,0.04825328783597348,29,0.3962605327890296,0.16559139784946236,9.939274234510019e-05
1356,93,6.0,6077.244944639355,0.3838596914175506,0.05375260828167358,45,0.4085701575338993,0.14446002805049088,0.00022430807441537682
1357,38,6.0,588.849274638441,0.3727613250614538,0.050177642492770756,36,0.393214528706752,0.24324324324324326,9.126244007268583e-05
1358,35,6.0,385.90401407622056,0.3587360594795539,0.04562794667985393,33,0.37729366200866926,0.2134453781512605,8.482512640420172e-05
1359,162,5.0,20490.798156714794,0.42117444782436186,0.18246240672213707,56,0.4486654105825605,0.10083582547350663,0.0003349979005790491
1360,140,6.0,23635.329193021782,0.41529733959311427,0.11563569123630774,52,0.44189564034128503,0.08365878725590956,0.000304832656044256
1361,158,6.0,9719.6311313229,0.408793324775353,0.16103768669129737,55,0.4370204637044437,0.21148109328388293,0.00032021276258658405
1362,63,6.0,1303.6539736381617,0.37431677931237145,0.06602682107218451,47,0.39584445491181025,0.257552483358935,0.000140026575983007
1363,2,7.0,0.0,0.30717661811517316,0.003327410022995873,2,0.3160034841381874,1.0,2.7085122943253538e-05
1364,81,6.0,2795.7914810048646,0.3928329118608524,0.0891044071219654,53,0.4170539592819603,0.29104938271604935,0.00017069328951822515
1365,21,6.0,508.2564305911171,0.3480518061096235,0.013231620420385977,18,0.3639425341497649,0.17619047619047618,7.248578696971323e-05
1366,14,6.0,198.47774076684033,0.3280622231379417,0.004120732699251395,13,0.338758046789107,0.1758241758241758,6.0510241160180104e-05
1367,132,6.0,6861.570528134752,0.41154044972861203,0.16303414122257714,55,0.43819542576023723,0.20055517002081888,0.00025871254357688015
1368,48,6.0,1135.5201119259868,0.3709808946877912,0.04233512600265985,39,0.39159208666979994,0.2650709219858156,0.00011626270174035326
1369,7,7.0,955.0337269264079,0.30824702352144034,0.0033923129463625493,5,0.3173563914496433,0.38095238095238093,7.637421874942103e-05
1370,83,6.0,4054.940229952574,0.38621066036019647,0.09791529212187629,51,0.4109750353273809,0.16808698207464004,0.00018065903285906088
1371,78,6.0,3590.6616930454593,0.3867265772056591,0.07581053603630558,50,0.4102187679908028,0.23776223776223776,0.00016733680647005157
1372,159,6.0,15167.136124405624,0.38999448900863387,0.07928149581208031,45,0.4188046265766678,0.1471220444232147,0.0003685724844920686
1373,251,6.0,20425.45334752975,0.4328236493374108,0.41201901243399,56,0.46355000785057143,0.15276494023904383,0.00045095313427927653
1374,48,6.0,9012.91237862553,0.39365844613387724,0.0727548042610311,35,0.4158502119642234,0.14361702127659576,0.00014509389340696112
1375,40,6.0,1026.187026823138,0.3724997075681366,0.0521510516382575,37,0.39287172240539603,0.27051282051282055,9.82223235717014e-05
1376,202,6.0,38891.27398472358,0.4425375208449138,0.25419590121334107,56,0.4695844454912175,0.08881335894783508,0.0004050023454208712
1377,144,6.0,20492.290042247856,0.41835260115606937,0.14494527546875008,55,0.4450986549432667,0.15977078477078477,0.0003060641617063878
1378,22,6.0,2028.1480368580749,0.3565470525667581,0.026724662989716225,18,0.37345998848587647,0.2683982683982684,8.057136097053684e-05
1379,42,6.0,327.82116089431383,0.3642134156802196,0.050364874919416255,40,0.38367613963467273,0.33681765389082463,9.779819465085533e-05
1380,30,6.0,1249.2203901418945,0.34940750493745887,0.018547221933823833,27,0.36430365834508943,0.3563218390804598,8.907939135907163e-05
1381,45,6.0,825.6416800633863,0.37160861193768596,0.051115384742927324,41,0.39200031402103325,0.2686868686868687,0.00010510652231932007
1382,5,7.0,6379.8813482640135,0.250748031496063,8.154931742124597e-05,3,0.25602471794182213,0.3,0.00011095824347214486
1383,64,6.0,1870.0077467583694,0.3796947657088351,0.07434688683827845,46,0.40209609043806427,0.32490079365079366,0.000143638365484861
1384,32,6.0,521.3607360563676,0.3613822060826146,0.037410336495337926,31,0.37986078400584444,0.19556451612903225,8.345558762115861e-05
1385,78,6.0,4668.92933297623,0.3956146344493447,0.08638061427529471,50,0.4195975297011816,0.16516816516816515,0.00017554245302652037
1386,33,6.0,1165.1857761498504,0.36715282181357006,0.041674255008358314,30,0.38639242162556975,0.13636363636363635,8.669924774470267e-05
1387,21,6.0,424.36445028178616,0.341153784348385,0.011057967117381532,21,0.35583555764900276,0.2,6.70815173670061e-05
1388,26,6.0,451.62559338887087,0.34488547138138304,0.019675860314204537,23,0.36026587114667585,0.2953846153846154,7.857986889501504e-05
1389,19,6.0,1591.1320800176074,0.35389231538589766,0.01953418633197652,17,0.3692494897157926,0.21637426900584797,6.957133372757689e-05
1390,48,6.0,532.0416273961174,0.38032963095664635,0.06287595421534552,44,0.4019678651803058,0.30319148936170215,0.00010994963531244764
1391,34,6.0,701.9590485618278,0.3712836656173487,0.036406279360527524,31,0.3909771288009561,0.08912655971479501,8.790498421380978e-05
1392,174,6.0,8991.457004340375,0.43668152211175865,0.3106552414101556,56,0.462618412100319,0.19354195734502694,0.0003261611727906295
1393,70,6.0,4083.5818016666794,0.38670309653916213,0.06555618924846902,43,0.4099256816873536,0.14161490683229816,0.00015910765661251902
1394,200,6.0,17123.23637744754,0.43638232271325794,0.309821756921956,56,0.46368084995032255,0.17050251256281407,0.00038007950132755197
1395,80,6.0,6167.058318354795,0.3993103448275862,0.1089412742866844,53,0.42349139058986557,0.09367088607594937,0.0001737176451517209
1396,24,6.0,409.65223309231357,0.33447116899485346,0.013071925894073714,22,0.3477076464122802,0.30434782608695654,7.517526117619253e-05
1397,117,6.0,5738.540585128129,0.40751167701068525,0.16662836205566386,56,0.4332757628094812,0.1710875331564987,0.00022763064620799682
1398,32,6.0,473.29163520909367,0.3460660725929146,0.023919864953100833,27,0.3630318731354751,0.35685483870967744,8.90448454850737e-05
1399,32,6.0,1095.5497415289494,0.34642371498504215,0.01593956522942239,27,0.3616815826660164,0.1975806451612903,9.894343975339042e-05
1400,118,5.0,8461.957546758118,0.4224875621890547,0.18277267136492387,56,0.44703511801962525,0.14790670722874114,0.00023415692095963018
1401,81,6.0,2917.8481595336334,0.39431649331352153,0.11237395265986595,52,0.41811116344797444,0.2506172839506173,0.00017401165203475424
1402,54,6.0,587.595900471422,0.38578956932582226,0.09376376308962475,47,0.4083032396504023,0.3095737246680643,0.00011769558391645221
1403,2,8.0,1686.430300900792,0.23892410998987132,2.600990014129409e-05,2,0.24337770749688908,0.0,6.561830939010171e-05
1404,7,7.0,10.585637069450902,0.31926412351496314,0.006540459826955879,7,0.3295665761986765,0.2857142857142857,3.621421650690913e-05
1405,55,6.0,3126.507743150304,0.3586148648648649,0.022417268332043924,38,0.37836918406864756,0.1367003367003367,0.0001460018818558983
1406,67,5.0,1440.46712372649,0.3790394572397786,0.07730035121580334,52,0.4014968336211901,0.3288104929895974,0.00014614277500914574
1407,95,6.0,2313.0329254308444,0.3925423728813559,0.1346886139310836,55,0.41730517611348794,0.3404255319148936,0.00018662601664943922
1408,186,6.0,16984.452478109277,0.4280817314155128,0.25042720100673177,56,0.4563013555241999,0.12362685265911072,0.00035380462323002297
1409,28,6.0,684.7520565296384,0.3312529255734124,0.00705382018901873,20,0.3458680064897411,0.15608465608465608,9.718690345228046e-05
1410,10,6.0,66.32452937060275,0.32195935699120415,0.004123082036344549,10,0.33409745119587186,0.17777777777777778,4.580330007588762e-05
1411,75,6.0,7217.0946186102865,0.37555280382098,0.11911600366254452,56,0.39861045690061236,0.5326126126126126,0.00016808263431536958
1412,1,7.0,0.0,0.3002828854314003,0.0021671246898618476,1,0.30930698547278174,0.0,2.519904165302947e-05
1413,125,5.0,9967.952438184027,0.40725110301170153,0.1471984351833742,56,0.4330376301879286,0.17587096774193547,0.00026114889586030516
1414,3,6.0,1.4490556074301943,0.32541385652973637,0.006949477013226017,3,0.33574606165277127,0.3333333333333333,2.854345441685281e-05
1415,3,6.0,3.1225137051498604,0.3089048404306916,0.0022106623891877215,3,0.3177866750405479,0.0,2.958669550274331e-05
1416,124,6.0,13555.333089434953,0.40777258467251426,0.12173920585661081,54,0.43433035013349913,0.14162077104642012,0.0002622699163824919
1417,14,6.0,144.02333720740947,0.3282312925170068,0.006219474506406706,13,0.34246349505414336,0.25274725274725274,5.860365927876925e-05
1418,34,6.0,269.20155685952943,0.37061390747745127,0.057195908352168166,33,0.3907468467053883,0.2923351158645276,8.17931576447081e-05
1419,70,5.0,9662.924908966048,0.3832360551176364,0.06463797434394003,46,0.40643743130790727,0.10020703933747413,0.00018146244359383174
1420,26,6.0,541.6576339867133,0.349580108677754,0.02028621827886859,22,0.36551525618880987,0.20307692307692307,8.004740016568654e-05
1421,46,6.0,5047.540985574293,0.3739431658055425,0.04657923896886235,37,0.3944575286544168,0.1400966183574879,0.00011917176064002974
1422,79,6.0,744.0088615928648,0.37291410504127875,0.13018623296155515,56,0.3960616527974008,0.45796819214540735,0.00015323243840757698
1423,27,6.0,2063.56352264441,0.3562479024499385,0.019007390260079703,23,0.37239231695188524,0.12535612535612534,8.48930113023903e-05
1424,76,6.0,3087.07083365053,0.36103395499121366,0.034022297317933235,43,0.38325744491545743,0.16736842105263158,0.00018583053841756815
1425,72,6.0,4564.696844595825,0.388306304109255,0.07212078037181377,49,0.41189616370965126,0.14788732394366197,0.00016086920626047843
1426,3,6.0,7.133789712566737,0.34195973154362413,0.010978800345586445,3,0.35428900402991254,0.3333333333333333,2.9298257407641487e-05
1427,1,7.0,0.0,0.2861700215672178,0.00046662046579824264,1,0.29503472923162527,0.0,2.595401597576073e-05
1428,2,7.0,4.19236370669625,0.29952031602708806,0.0015752809834791652,2,0.30889875812155,0.0,2.7572473919406576e-05
1429,148,6.0,14862.853262450331,0.4198141190429108,0.17030501922567973,55,0.4468545559219652,0.13485934914506342,0.00030567682923920053
1430,130,6.0,8743.8146935822,0.41744772891131937,0.15203860720615053,55,0.44383733710163675,0.1765056648777579,0.000266127259097456
1431,83,6.0,3120.9988830751445,0.365341593529513,0.04108484693162633,45,0.38839430575180556,0.15456949750220395,0.0001970872275369513
1432,48,6.0,3314.1737988832424,0.38691452524147985,0.06198736251950151,36,0.4086983827916606,0.16666666666666666,0.00012479418601900902
1433,109,5.0,12150.481339285088,0.40443230886461773,0.15286379753356452,56,0.4300177945256025,0.19724770642201836,0.00022110901965958926
1434,17,6.0,4691.290170711716,0.3478807078872624,0.01224819204947525,15,0.36252682263042785,0.10294117647058823,7.680787226091527e-05
1435,40,6.0,1647.6846044555023,0.37590745440594936,0.04969177950129726,33,0.39704035170356367,0.1794871794871795,0.00010253258561061768
1436,113,6.0,10016.98398285148,0.3873380769932494,0.058297618555035145,45,0.41319673418120606,0.14617572692793931,0.00026908943438753736
1437,154,6.0,11580.428352438843,0.4260770671661761,0.2049767405650157,56,0.45271628199094094,0.137764196587726,0.00030511424764618215
1438,87,6.0,5945.882493032012,0.3756192498230715,0.043379460233078676,45,0.3995760715967975,0.14194065757818766,0.00021746528670007668
1439,72,6.0,1493.9332148142723,0.3847176079734219,0.14368744926359697,56,0.40839221227823436,0.31846635367762127,0.00014187737961300246
1440,68,6.0,8243.940876636969,0.35462138084632516,0.026171768281487852,40,0.37518187051863733,0.1562774363476734,0.00019237490202633756
1441,173,5.0,8443.738076742387,0.40074246523626755,0.2587308799461315,56,0.42991050400380154,0.21494824573195323,0.0003199934847031755
1442,8,7.0,8687.689504556458,0.25265788638527453,6.473099529091254e-05,4,0.2577866002736514,0.4642857142857143,0.00018759249990018894
1443,10,6.0,94.29915501658712,0.32003416913722926,0.005315536017123179,10,0.33204584707173146,0.13333333333333333,4.529355540430084e-05
1444,88,6.0,4028.220724587854,0.38362847849656667,0.05574870247014559,45,0.40801015334695157,0.22701149425287356,0.00020584140005702482
1445,60,6.0,748.4533158335995,0.3638804776324059,0.09804053821717715,53,0.3847202595907099,0.5180790960451978,0.000123765280439423
1446,99,6.0,7463.73809617011,0.403050246804202,0.09368177910256836,51,0.42873292510601646,0.10946196660482374,0.00021192942134764685
1447,57,6.0,3330.8632069158875,0.36643461250791093,0.07663048950562866,46,0.3873397184277887,0.2236842105263158,0.0001322907380778783
1448,122,6.0,5262.769500324633,0.4047407219115404,0.17598919599199184,56,0.43121369131735493,0.27530144966806663,0.0002343222928286993
1449,6,6.0,3.5915245400702376,0.31912015231987173,0.0030779569963048253,6,0.3285811482702441,0.8,3.6345638836302385e-05
1450,41,6.0,2069.0240168385485,0.3654464080789534,0.03393449913778506,33,0.38500287852618004,0.11585365853658536,0.00010769771586675435
1451,58,6.0,3617.4007060832128,0.38755020080321284,0.059951296851365694,41,0.4102554037787345,0.14095583787053842,0.000144872413549726
1452,39,6.0,1268.56265103289,0.3871967900784242,0.05938998022204176,37,0.40856754069190665,0.2483130904183536,9.657414416632588e-05
1453,115,6.0,6595.839574335225,0.40769427730124186,0.13865290084503568,55,0.4336264196368222,0.19938977879481312,0.00023387082271167476
1454,9,6.0,27188.175894177344,0.27645628960847296,0.0003301655485656132,5,0.2845501648610524,0.3611111111111111,0.00020781642046575628
1455,221,6.0,18270.526316478972,0.4387270097127506,0.3678923637847508,56,0.4668053592924472,0.17799259563965447,0.0004168494825075625
1456,78,5.0,3223.668589147351,0.40185500662502366,0.10581131589490506,52,0.4258596325954161,0.18048618048618048,0.00017185619049626258
1457,36,6.0,767.1496818072824,0.34441920830629463,0.014292096401743885,29,0.36081802480763703,0.27619047619047615,0.00010666136032041149
1458,17,6.0,384.867664127767,0.3384165781083953,0.00870341407764684,16,0.352145810435938,0.14705882352941177,6.419966533713195e-05
1459,219,5.0,17870.642715609913,0.41701041052838345,0.3809822283280117,56,0.4479693306118703,0.1790038121570106,0.0003974245283607861
1460,92,6.0,1754.5730272017356,0.3905924199681099,0.157339043483688,56,0.4155100225048605,0.26994744386048736,0.00017710720415438626
1461,31,6.0,1080.960296899453,0.3529118413032637,0.019974998843213614,27,0.3702334223059404,0.16774193548387098,9.031662218629562e-05
1462,32,6.0,235.42282861405238,0.34680098012523825,0.01969758053468255,32,0.36373842047414734,0.20362903225806453,8.731925016061647e-05
1463,27,6.0,281.6904667679062,0.34988738120090096,0.026294986575484562,26,0.36672685403253086,0.3418803418803419,7.557832245653855e-05
1464,72,6.0,3616.3479309502864,0.3916733288235656,0.07291001434537817,47,0.4151253467315844,0.17331768388106417,0.00016840376436781684
1465,181,6.0,17475.515941689308,0.4288311338540264,0.2203217708856392,56,0.45619144816040746,0.11301411909146716,0.00035634762155695567
1466,11,6.0,30.175066124626795,0.30593716975694113,0.003116987006817007,9,0.3159758203799549,0.7636363636363637,7.541017471645197e-05
1467,166,6.0,31209.42125069394,0.42347074468085105,0.13956678243649043,54,0.45130842099758894,0.09127418765972983,0.0003597593274036201
1468,121,6.0,16104.819625313618,0.40177895533686603,0.13754286497849763,56,0.42814675249911727,0.13911845730027547,0.0002547162170465109
1469,31,6.0,1942.7389217503717,0.36798012479778136,0.03944736911595087,27,0.3868268173967541,0.26881720430107525,9.68394208127451e-05
1470,27,6.0,4510.835287546319,0.3211476401774909,0.002826086990152282,13,0.33112210184746543,0.358974358974359,0.00017198336525393068
1471,52,6.0,1752.773511660904,0.3583122362869198,0.02214986656927869,37,0.3779766577693852,0.15761689291101055,0.0001387740263895199
1472,20,6.0,169.13454577179056,0.35011819031389146,0.02106791071257643,20,0.36523787093733234,0.3105263157894737,5.988577779945258e-05
1473,60,6.0,1375.990992940409,0.37519882179675995,0.07818024420870297,47,0.39772596430627444,0.29096045197740117,0.00013667015475311392
1474,143,6.0,8314.135211402703,0.4060049722700325,0.2288158086955394,56,0.4334955775370669,0.24298236974293314,0.00027176339663038084
1475,95,6.0,2685.7724620279823,0.3922039534454092,0.10761218881230215,55,0.41723713822161546,0.28107502799552075,0.0002016994833501717
1476,23,6.0,1331.6013358263392,0.3475579809004093,0.01729023237433874,18,0.36199560370542727,0.17391304347826086,8.305435626677388e-05
1477,146,6.0,11933.498545482398,0.42375249500998,0.21632457190575516,56,0.45040822735128083,0.12385451110061409,0.00028453610901518224
1478,127,6.0,12555.208389549956,0.4247415805268423,0.1571739557811909,55,0.45010205683785603,0.13523309586301713,0.0002555752051673681
1479,63,6.0,4379.199976594553,0.39539359324559226,0.0750856555657248,48,0.41842256764538976,0.19252432155657961,0.00014050814925420615
1480,117,6.0,7261.106635417974,0.38162861765234585,0.056652368708412476,45,0.4077484691474419,0.1268788682581786,0.0002747102804164188
1481,117,6.0,3284.7362168166455,0.38670309653916213,0.185303531537686,56,0.41265504788822366,0.3323017978190392,0.00021919875095520415
1482,137,6.0,8748.542129445857,0.41263362487852284,0.17176501181412457,56,0.43949076254780317,0.14877629884070417,0.00027242325997060254
1483,16,6.0,243.787906163842,0.3278258184064237,0.007481859586577962,15,0.3406866593394832,0.30833333333333335,6.079265792545998e-05
1484,115,6.0,7552.230726265596,0.402617106011758,0.1361662942625606,55,0.4290704977233817,0.19755911517925248,0.00022667033528699196
1485,34,6.0,8090.060237721286,0.34218019663675925,0.014580918397072444,17,0.3569503323389091,0.2281639928698752,0.00015965176490709396
1486,85,6.0,4557.477610581803,0.3624722554208639,0.037628100817293134,45,0.38539540482543966,0.1596638655462185,0.00020748336510502478
1487,52,5.0,2852.1270129272043,0.3815600287562904,0.059755779287332986,39,0.40339666090962123,0.19683257918552036,0.0001328496232811427
1488,113,6.0,8422.447442940833,0.3859532177917828,0.06962686266906246,45,0.41212906264721166,0.13827433628318583,0.0002613710772503533
1489,6,6.0,15.700518495118663,0.32829896907216494,0.007013390282296299,6,0.3389595436227288,0.06666666666666667,3.4728896617517974e-05
1490,133,6.0,4441.874205839553,0.3934881996787347,0.20397694394414537,56,0.4205134243994586,0.2511961722488038,0.0002494903414683963
1491,2,6.0,0.4386069747536719,0.30696934644303064,0.0023431920456420427,2,0.3151017951535967,0.0,2.7629486384111544e-05
1492,10,6.0,80.81948878317847,0.3365389696169089,0.009405857027028248,10,0.34863139163654383,0.37777777777777777,4.442112942922026e-05
1493,142,5.0,15783.665806523008,0.4195099459886708,0.1437635419813572,55,0.4461977285812002,0.1064828688442713,0.0003042284084754366
1494,15,7.0,202.04930751027527,0.28266465471329666,0.0003564383611307451,11,0.2922373251388875,0.6285714285714287,0.0001007644399177984
1495,79,6.0,4099.870446673439,0.3858129391810031,0.06476653154647037,48,0.4093395090804548,0.13696851671535215,0.0001757135026656909
1496,63,6.0,7453.911521036536,0.3839059674502712,0.07583654053353625,46,0.4065892081436226,0.12698412698412698,0.00015146031075454782
1497,7,6.0,10.30538907869116,0.31892839258888334,0.005586505466806641,7,0.32918825561310255,0.4761904761904762,3.697965306099303e-05
1498,162,6.0,34035.765405021586,0.43578515224084846,0.2152891079575569,56,0.46127073847285277,0.104823249750786,0.00035297135524137645
1499,123,6.0,4196.843092013972,0.4079815514701172,0.22195634373668421,56,0.4339561417282027,0.25203252032520324,0.00022839176363335825
1500,129,5.0,15604.290102203933,0.40541056651814134,0.08475845424743222,45,0.432229026011447,0.11531007751937984,0.0003007353381505201
1501,29,6.0,608.2447505538331,0.3481659651232712,0.023356161661819797,27,0.36439786465690926,0.14039408866995073,8.16023922974216e-05
1502,77,6.0,2568.659829311354,0.40302474213756884,0.10691591132224107,53,0.42681477992362177,0.26349965823650034,0.00016125938588568156
1503,275,5.0,19738.661242629933,0.4459771724669141,0.5618296866286635,56,0.47569215470773607,0.16,0.0004765437942167263
1504,31,6.0,6672.009987484966,0.3397162363985492,0.009511343803110254,24,0.3551682629402558,0.1849462365591398,0.00011527943168389544
1505,1,7.0,0.0,0.2528785833399508,6.53607109047266e-05,1,0.25842959573530017,0.0,2.733620389996953e-05
1506,124,6.0,3310.851189136016,0.41373262309990905,0.22953595053738562,56,0.4392814151881975,0.3587726199842644,0.0002363801490507218
1507,16,6.0,806.2656546813483,0.3301881901601949,0.005587977490679086,15,0.34281938556547237,0.1,6.451042682368465e-05
1508,94,6.0,16203.030176263966,0.377243380915714,0.04844368503384601,45,0.4017506672947115,0.16632349576755892,0.0002473397291043827
1509,7,6.0,25.949350825104542,0.2965221844592393,0.003591534759341118,7,0.30716753022452203,0.5238095238095238,4.1259321067416725e-05
1510,105,6.0,7303.641739617063,0.4130350194552529,0.1212028576005341,55,0.4381430889203365,0.09084249084249084,0.0002200204508618843
1511,149,5.0,10486.953319844211,0.42613408269771175,0.22334057328418258,56,0.4519652483383545,0.1538182477779793,0.0003006641678341717
1512,4,6.0,2.627074224606554,0.3150163220892274,0.0025737392242950645,4,0.3265844978280004,0.16666666666666666,3.182713108222769e-05
1513,93,6.0,4120.047423378724,0.41085021287575796,0.1310400804952949,53,0.43547652692734695,0.1463300607760636,0.00019196756560846374
1514,120,6.0,6357.335947212771,0.41995252538573125,0.17349967883080494,55,0.44539959177270017,0.1456582633053221,0.00023906358820566793
1515,141,6.0,5496.534837691572,0.4200633161851998,0.20651691766150326,56,0.4463259538389599,0.22532928064842958,0.00026901477834763844
1516,13,6.0,84.8783494914834,0.32656514382402707,0.005734395874850626,13,0.33804888260844135,0.3846153846153846,5.284721391334448e-05
1517,54,5.0,1726.0792281356264,0.3748455064445883,0.09275936933681848,47,0.3954780970324993,0.6121593291404612,0.00012242810075426688
1518,5,6.0,133.8901816098624,0.31400680372725925,0.0018689676351123972,5,0.3227900769351365,0.0,4.1275778157891626e-05
1519,119,6.0,13251.47642141922,0.39140855457227136,0.06687438526309297,45,0.4179593866122574,0.15012106537530268,0.0002842144516614894
1520,17,6.0,199.96299807430427,0.3371268261698073,0.013081799572060179,15,0.350314021039381,0.3014705882352941,6.147863865099055e-05
1521,8,6.0,46.78780197989168,0.31433224755700323,0.003885027780222441,8,0.32457738001777475,0.42857142857142855,4.2862380414478304e-05
1522,1,7.0,0.0,0.3066441983630236,0.0022316166804548726,1,0.31492796207820944,0.0,2.524630311086566e-05
1523,110,6.0,3879.8287628816297,0.4004401131719585,0.1206701501012807,54,0.426079447323002,0.27139282735613013,0.00022280688278868743
1524,7,7.0,281.8604247225161,0.28930274812627754,0.0008796545877343382,6,0.29894690801426804,0.4761904761904762,6.51380276640114e-05
1525,148,6.0,15341.422962596145,0.4325003395355154,0.20617202303022938,56,0.45786361019525984,0.11371575657289944,0.0003077157497232518
1526,149,5.0,28644.381421718706,0.4173109684182938,0.1199114448576858,52,0.4439786465693712,0.10103391982586614,0.0003458427762950634
1527,9,6.0,153.2926117205501,0.3295048890268508,0.005193660675781848,9,0.34023656251632706,0.2777777777777778,4.577412078431261e-05
1528,204,6.0,34981.85128459429,0.4035354495343091,0.2323986756864251,56,0.4342492280316487,0.12097942625325993,0.00042021830872834425
1529,109,6.0,3105.008248950397,0.39429208196619825,0.2091743120887705,56,0.4202151044120198,0.37716615698267075,0.00020492040907175884
1530,212,6.0,17983.9070368322,0.4265050559164267,0.3235985631972535,56,0.45573088396927586,0.164133059107574,0.00039645577742883657
1531,62,6.0,2302.584769713405,0.3688966116420504,0.09797546247936796,48,0.39049562987385905,0.3188789000528821,0.00014779602673595636
1532,29,6.0,405.57364963892957,0.35778888826470423,0.05172535086959224,27,0.37601402627307434,0.26108374384236455,7.565601732585627e-05
1533,105,6.0,7408.716587575416,0.40769427730124186,0.13725726980744563,56,0.43318417333965337,0.1443223443223443,0.00021861254836341745
1534,53,6.0,1433.8608955183167,0.38243064729194187,0.06928566868074905,43,0.4048359240069168,0.22714078374455732,0.00012262599094647455
1535,17,6.0,194.58023836531834,0.3548387096774194,0.017172964805209467,17,0.37130109383993426,0.3014705882352941,6.066671904947261e-05
1536,3,6.0,4.396837198106008,0.3025653206650831,0.0017731368830761944,3,0.3115324226723108,0.3333333333333333,3.08160167921529e-05
1537,155,5.0,8910.040166059161,0.41562255285826155,0.25742367661493487,56,0.4430706023970767,0.18290741516547968,0.00028574267203762023
1538,7,6.0,18.9729343171569,0.32543048387920903,0.005260107504002807,7,0.3350970848379908,0.5714285714285714,3.867426411368308e-05
1539,152,6.0,10759.953975489227,0.4168739363791072,0.17672010579643188,55,0.4441487412990512,0.1489194841408156,0.0003019284988790628
1540,97,6.0,7305.46235456244,0.4126068929774553,0.11836819078830088,52,0.4372559794840035,0.1481958762886598,0.0002118542062813302
1541,3,7.0,130.76835147165158,0.2890664003994009,0.001644725288332273,3,0.2991472833441776,0.0,4.0345248078733446e-05
1542,25,6.0,383.62474763142046,0.3319262038774234,0.008879598312153967,21,0.34657717067040716,0.14666666666666667,8.180972026539277e-05
1543,1,7.0,0.0,0.2869306663062576,0.0006255867000176509,1,0.295215291329285,0.0,2.5999041221103387e-05
1544,115,6.0,5857.518740989572,0.410823711539702,0.1797387820631435,56,0.43698382791651386,0.15545385202135775,0.0002234434833476445
1545,224,6.0,22388.85665832219,0.4403346238938053,0.3274511002014371,56,0.4685063065892477,0.11555092889173607,0.00041375959489990796
1546,78,6.0,6827.144674705347,0.3949767441860465,0.07910314196218117,47,0.4188805149945288,0.13386613386613389,0.00018766278949244034
1547,101,6.0,13221.167970391616,0.3973919011667811,0.1413075323882947,56,0.42253624326165945,0.2710891089108911,0.00022760538221630884
1548,10,6.0,228.30587010124842,0.3281129256607078,0.007004474749216878,8,0.33886010362691565,0.37777777777777777,5.26019598982416e-05
1549,247,6.0,29935.467114156956,0.39407251577775027,0.09945995367752539,45,0.42779871251376594,0.10203745762153979,0.0005697532089749619
1550,142,6.0,14347.362496256756,0.4263908415344447,0.1652325364444841,55,0.4524284293714815,0.15043452202577165,0.00030128430347527055
1551,26,6.0,464.67950294221805,0.3252476764375447,0.006023806644789809,21,0.33986758779502385,0.28307692307692306,9.158951110845011e-05
1552,76,6.0,4014.8354582510638,0.39846096096096095,0.11016122935980498,55,0.42246820536978813,0.17017543859649123,0.00015876983024270687
1553,31,6.0,53.840291962638084,0.355333630885963,0.03803316341675705,31,0.3725781127335341,0.7075268817204301,7.722045318955309e-05
1554,99,6.0,14900.963633795118,0.39647659362549803,0.07124624940169266,48,0.4215784790914589,0.07215007215007216,0.000235841702644169
1555,90,6.0,3149.799911463789,0.3882589612289685,0.0932261862870359,54,0.4126707489401953,0.22122347066167292,0.0001897936159532036
1556,49,6.0,2240.8039275491255,0.3673222215814061,0.036293572167701814,37,0.38715392264613874,0.18112244897959184,0.0001259396576093743
1557,77,6.0,3251.857007678724,0.39848589125946315,0.11706321935163563,54,0.42249175694774377,0.145933014354067,0.00015945857289853413
1558,76,6.0,4572.969789951762,0.3919625823127577,0.08149231833208416,46,0.41553095724082223,0.20526315789473684,0.0001767542312534271
1559,121,6.0,5490.805938327243,0.39898515316669797,0.12295827355204868,55,0.4253598157743536,0.2172176308539945,0.0002497261949755399
1560,15,6.0,212.43440590451524,0.351296194153337,0.013806395796961178,15,0.36693881823413405,0.30476190476190473,5.915947687949524e-05
1561,32,6.0,1553.1438399779756,0.35389231538589766,0.020487239943282637,25,0.370725388601017,0.08870967741935484,9.414848504143175e-05
1562,90,6.0,6470.368487601047,0.361895562247855,0.03740024811681993,45,0.3845920343329497,0.1930087390761548,0.0002325276803704965
1563,39,6.0,2735.552050632855,0.36953872932985204,0.04014067054124271,34,0.3898440362170843,0.1106612685560054,0.00010908927519419257
1564,10,6.0,405.61563273227404,0.3198734367937321,0.007961053668518524,9,0.33029517977702183,0.6888888888888889,5.197307732647288e-05
1565,94,6.0,2788.1860128051667,0.37983062977099236,0.11582174787024088,55,0.4036792798450887,0.23793182338137728,0.00018857101041861737
1566,11,6.0,329.381383402583,0.3434719301083967,0.014204627293676135,10,0.35590621238287395,0.32727272727272727,5.178743313147798e-05
1567,39,6.0,1431.1252435065426,0.37849884114815474,0.044542155888442125,36,0.3991704610875622,0.3873144399460189,0.00010082537596924707
1568,68,6.0,4236.962958905744,0.36555128278712046,0.033953773498148355,45,0.3866645731930569,0.17647058823529413,0.00017335362684193717
1569,36,6.0,1284.786778820176,0.36134120049926244,0.02747512055094659,33,0.3798869524257957,0.18888888888888888,9.705975663819881e-05
1570,39,6.0,1339.8733819228335,0.3654673782062317,0.03678297203826192,31,0.38501596273615546,0.1767881241565452,0.00010506128905526638
1571,39,6.0,1513.9232312586992,0.35811076750070286,0.022973129390241088,35,0.3768697336054661,0.18488529014844804,0.00010402542993476919
1572,69,6.0,3734.8243442995517,0.37847634894223914,0.0577874422565981,43,0.4009263620662618,0.1555839727195226,0.00016952206617240308
1573,90,6.0,4294.864859135999,0.3930996173311937,0.09368756843014013,52,0.41773433820068173,0.1822721598002497,0.00020113119169136846
1574,147,6.0,11595.47137165245,0.42392172523961663,0.19540043982280259,56,0.45071178102270987,0.12114434815021899,0.0002844131572556643
1575,30,6.0,1369.7495290508914,0.36074766355140186,0.020362365550403327,24,0.3792379756110149,0.19540229885057472,9.345244749800253e-05
1576,23,6.0,366.6715588576153,0.34142811193309747,0.011236110802168728,21,0.35692678076095025,0.23320158102766797,7.683567193993473e-05
1577,13,6.0,81.89304954431347,0.32753921316533813,0.006230157453218303,11,0.3375987857852879,0.6794871794871794,5.837681398037857e-05
1578,2,7.0,0.0,0.227871198568873,1.0622842787609457e-05,2,0.23221257729031586,1.0,5.2504003029993334e-05
1579,14,6.0,120.41037277860936,0.33494609518800944,0.00797806252243297,14,0.34764745904639316,0.3516483516483516,5.302631566654346e-05
1580,53,5.0,4558.787808726684,0.3888515782404298,0.05647693927511633,39,0.41121055110694027,0.125544267053701,0.00013096132012541147
1581,67,6.0,3002.724602176966,0.4016269390843738,0.08210931279928321,50,0.42505364526093087,0.18769787426503845,0.00014488853351444627
1582,41,6.0,703.942620553188,0.36140271236452365,0.06189147041772003,38,0.38002302820954026,0.3780487804878049,9.596649713348293e-05
1583,31,6.0,6616.546221416414,0.377154023805294,0.03657310717551098,25,0.3972915685350925,0.07096774193548387,0.00010444510313272314
1584,128,5.0,7206.007171242893,0.3999120934321236,0.17876575675699907,56,0.4264301041503426,0.15538877952755906,0.0002488212415818393
1585,16,6.0,0.0,0.3732637871417687,0.04242015419053095,16,0.39278798346155414,1.0,5.1837675430838245e-05
1586,97,5.0,2785.247338300412,0.4024135970177545,0.14182541051182637,55,0.42772544093790965,0.18513745704467355,0.00019356667843314776
1587,187,6.0,22459.48976575459,0.4259915724700689,0.20288854635616438,55,0.4543805934998129,0.1709504916336036,0.00037942324916395454
1588,26,6.0,260.21358894219736,0.36717398823936354,0.04748115796286178,26,0.38591615638246496,0.42769230769230765,6.731099147517956e-05
1589,54,6.0,488.5325282141174,0.35798999494126243,0.07576490643690038,48,0.37791647040349796,0.5709294199860238,0.00011463635475078023
1590,128,6.0,7772.241975262589,0.4092924619240409,0.15435565443279997,55,0.43568064060296224,0.1906988188976378,0.00026284829819261615
1591,59,6.0,1344.5600010292046,0.3687044112539076,0.058657189436415326,47,0.38957188464959513,0.2887200467562829,0.00013374023141492995
1592,61,6.0,3551.9998742907214,0.377131691141639,0.057702656211882315,45,0.39939812634113314,0.040437158469945354,0.00013937944007252998
1593,31,6.0,1521.4897115748242,0.3554922973878098,0.022084296242924545,26,0.3732925105981902,0.1075268817204301,9.371045778371802e-05
1594,127,6.0,9249.757435070087,0.41939944685894903,0.17155576016649776,56,0.4450724865233164,0.16260467441569804,0.00024942326340717625
1595,95,6.0,3410.35606065134,0.3894936399217221,0.1698425335305205,56,0.413911132045865,0.3281075027995521,0.00018217966199961255
1596,8,7.0,35.252566267551735,0.3071025603934616,0.0014624209548574707,8,0.3171522777740277,0.6428571428571429,4.8924839717067996e-05
1597,76,6.0,2002.2054572683023,0.37899434692055933,0.11583742579388878,56,0.4020882399120784,0.3607017543859649,0.00015110246887969878
1598,24,6.0,713.7162038274654,0.3569867159912561,0.023173506271562595,22,0.37332914638612386,0.2644927536231884,7.407666378704791e-05
1599,34,6.0,136.91422883805353,0.35529398638848597,0.04278340797397065,33,0.37220913801222866,0.5918003565062389,8.566319790969233e-05
1600,18,6.0,110.86497487647624,0.34786170735703753,0.02164693618906395,18,0.36293243313966467,0.4901960784313726,5.7954603426417884e-05
1601,64,6.0,1851.847650620234,0.3710673502680028,0.05116286740429751,45,0.3925158318940638,0.1984126984126984,0.00014753945395024772
1602,60,6.0,1145.838993967691,0.37232549982462293,0.05509277935693195,45,0.39373004657978267,0.32598870056497176,0.00013754578992802543
1603,2,7.0,0.0,0.253916995574692,7.207857420806639e-05,2,0.25938063088322544,1.0,4.178948701400185e-05
1604,16,6.0,505.1140714290816,0.330068407960199,0.00567053953681874,14,0.3428272360914572,0.26666666666666666,6.890154767669169e-05
1605,36,6.0,493.35114274219984,0.3327760071059094,0.009908438829826104,30,0.3479745642957809,0.3761904761904762,0.00010545961274771716
1606,81,6.0,3870.8344566253745,0.38117182356813695,0.05101814427887905,43,0.4052075155702174,0.14074074074074075,0.00019999282851854605
1607,17,7.0,45.61634292593201,0.325880065493246,0.007803687798104054,16,0.33763168322751214,0.7205882352941176,5.919815916351631e-05
1608,62,5.0,2923.739277408936,0.38816431009263774,0.07632122089065684,49,0.41080494059770206,0.2088841882601798,0.00014268259111152747
1609,90,6.0,1859.8175529843052,0.3763072378138848,0.14231574805082048,56,0.4003035536714307,0.3515605493133583,0.00017209415569438118
1610,1,7.0,0.0,0.25990614160375436,0.00018484594870004793,1,0.26605993315838067,0.0,2.6634894520674163e-05
1611,7,7.0,450.044757423521,0.24233315577201126,2.486068601834127e-05,4,0.24678913487204468,0.2380952380952381,0.000142068717133626
1612,8,6.0,51.17169119253323,0.32084025993652715,0.0045311736719981476,8,0.33082901554401717,0.07142857142857142,4.138078016683954e-05
1613,100,6.0,19011.381347559523,0.4080076873798847,0.12960589262446787,55,0.4330768828178552,0.12666666666666665,0.00022451508381874684
1614,66,6.0,1395.3181822726885,0.38691452524147985,0.10965599408076479,52,0.4102056837808275,0.28951048951048947,0.00013641402011592448
1615,186,6.0,7872.548504270499,0.4138401559454191,0.3415638575872929,56,0.4431935939708444,0.24103458297006686,0.0003273999273114654
1616,42,6.0,3185.4937223444067,0.3763739510696135,0.034259171854645845,32,0.39785418956403446,0.10220673635307782,0.00011820061560542429
1617,89,5.0,9463.906169006894,0.4004401131719585,0.08623344034851704,48,0.42488878421523985,0.17160367722165473,0.0002089986480224217
1618,50,6.0,777.5660519667264,0.366413531239213,0.055095467571693243,44,0.38646045951744123,0.27346938775510204,0.0001151487103699775
1619,44,6.0,625.4671182597039,0.3632785763175907,0.04985771147193175,40,0.3826948238865174,0.2357293868921776,0.00010157583436129807
1620,81,6.0,3933.423720292821,0.37775800711743773,0.06877905395487985,50,0.40076935154655635,0.22191358024691357,0.00018341123988453096
1621,33,6.0,5077.507741670579,0.3565470525667581,0.019342055121033982,24,0.3735777463756561,0.04734848484848485,0.00010853750969503495
1622,68,6.0,1930.0559629221825,0.3913604522551309,0.10069512836422341,52,0.41514628146754473,0.1887620719929763,0.00014251966460104254
1623,47,6.0,2088.737768037467,0.3824076853797658,0.0561427064344408,39,0.4039671324645498,0.18963922294172064,0.00011512244645883435
1624,142,5.0,7961.855426446401,0.4177215189873418,0.16783532916535557,55,0.4443528549746681,0.1343522125661772,0.00028605989913298646
1625,67,6.0,3553.1915005341093,0.3764406879839234,0.057519464380769325,45,0.3988878421520917,0.23156942559927635,0.00016120089175871723
1626,79,6.0,2914.713802493773,0.39266337854500616,0.10995637695975606,54,0.4162924582613915,0.21908471275559882,0.0001712516091987623
1627,6,7.0,13.014895935412165,0.2855413584398117,0.0007415105843187351,6,0.2962620281273189,0.26666666666666666,3.957492830890253e-05
1628,70,6.0,2591.8744610239405,0.38055688336520077,0.06022084808180381,48,0.4035013345894238,0.2596273291925466,0.00015518553910026924
1629,77,6.0,2728.247302260479,0.39339098208770845,0.08143397955104846,51,0.4175511592610262,0.16712235133287764,0.00016317116745386597
1630,116,6.0,4447.064959398556,0.41499967420342737,0.17091083352021244,56,0.44033338567022107,0.19985007496251875,0.00023017853466573597
1631,85,6.0,5421.961720760938,0.39667414050822125,0.07994601505308384,49,0.42112576542631003,0.24677871148459385,0.00018944189636886842
1632,100,6.0,4219.004132100205,0.4133835269682612,0.2060014103473466,56,0.4382896320720613,0.30242424242424243,0.00019423927011193195
1633,47,6.0,586.6264310645994,0.36932444186720786,0.05101004178940096,41,0.3898100172711481,0.48936170212765956,0.00010982804972501887
1634,21,6.0,1900.2191035831445,0.33065102273907176,0.007245488494554963,15,0.34213638980475597,0.36666666666666664,9.092708475489931e-05
1635,77,6.0,6194.951217142411,0.39796300924768807,0.08458338813645565,47,0.4221620348563631,0.1291866028708134,0.00017213053858926397
1636,283,6.0,55164.35487826283,0.42358339984038307,0.32770304555945445,56,0.4570209870728538,0.1259554419467208,0.0005575970023370462
1637,57,6.0,3240.8233968554127,0.3611567904734902,0.023620967036991947,37,0.38117705552937003,0.15413533834586465,0.00015766532574204876
1638,34,6.0,769.0843177588525,0.35889777978135917,0.03258212915842875,29,0.3770293609671669,0.19429590017825313,9.37419716131416e-05
1639,47,6.0,603.9225813485864,0.3512768187082897,0.024769826239029836,40,0.3701078138901748,0.2377428307123034,0.00011846191345062886
1640,38,6.0,507.52293907419715,0.36048222775639577,0.03579168347873225,34,0.3791202177212366,0.4139402560455192,9.57617738886672e-05
1641,3,6.0,7.205332774866109,0.30640815933801596,0.0025447036108895197,3,0.31542628356098756,0.3333333333333333,2.983325529156637e-05
1642,49,6.0,3416.3317477744104,0.37208623006367936,0.03113953112220926,38,0.3924713455801483,0.10884353741496598,0.0001270891063623488
1643,2,6.0,0.0,0.31077388503952375,0.0028831126724265317,2,0.319102946564072,1.0,2.7199661354486978e-05
1644,27,6.0,610.5255183776358,0.34356457007228397,0.015365950775219081,21,0.3584968859580014,0.26495726495726496,8.759795599941149e-05
1645,10,6.0,74.96606793159646,0.3307025286878862,0.008957931171152051,10,0.342528916104018,0.022222222222222223,4.36019042983367e-05
1646,186,5.0,8969.829255366245,0.4241475759190197,0.31572394415476257,56,0.4521144083320764,0.23777971519907004,0.0003411435863750899
1647,25,7.0,106.99275666411855,0.31334251697333465,0.003669955653566942,20,0.3255078542643102,0.5766666666666667,9.453678712017609e-05
1648,1,7.0,0.0,0.25863959390862945,0.0001308727302017529,1,0.2654176853658748,0.0,2.6319417646303497e-05
1649,114,6.0,7202.059063752032,0.405307369224895,0.17425473080042622,56,0.4314622913068881,0.3019717435180873,0.00022654055796507883
1650,16,6.0,95.12565919356538,0.34678209735380594,0.018049163363627666,16,0.36162401214212386,0.39166666666666666,5.34491860874405e-05
1651,48,6.0,1458.0203131482951,0.38153717126939435,0.05215559643603103,41,0.4033731093316655,0.149822695035461,0.00011404990489960416
1652,96,6.0,2654.208283055447,0.41324941603944976,0.16189820235645608,56,0.43771130999114827,0.24100877192982456,0.00019127448150308535
1653,20,7.0,334.1328644002384,0.3245350318471338,0.004355331410863785,16,0.3365012074856374,0.3684210526315789,7.678556842350787e-05
1654,23,6.0,682.7261549330564,0.3463671959973896,0.012849260121790973,22,0.3620793426492673,0.16205533596837943,7.512321872132525e-05
1655,99,6.0,6572.176310426761,0.37679701828077855,0.044407703417542764,45,0.401036269430054,0.1523397237682952,0.00024151641959960096
1656,37,6.0,658.2644585291001,0.3467632166385365,0.02233900813864093,31,0.3633615952268566,0.2627627627627628,9.879797912149276e-05
1657,32,6.0,934.5957334311846,0.34582179508063204,0.01344473237540106,28,0.36260271104828196,0.22580645161290322,9.498767267160584e-05
1658,77,6.0,3924.9246841947534,0.403458760927404,0.11878176801927995,53,0.4270712304391401,0.18591934381408065,0.0001702108533626845
1659,161,6.0,7353.599172381746,0.40675692936518076,0.2636143374298701,56,0.4351912911498803,0.18043478260869567,0.0002928416674078567
1660,19,6.0,184.79995433403013,0.3485088919288646,0.020003443717393023,19,0.3648270267441015,0.28654970760233917,5.9384941770269516e-05
1661,36,6.0,506.9018925079452,0.3443819617173137,0.014179559654855026,30,0.3614774689903962,0.22857142857142856,0.00010418746666665113
1662,50,6.0,2921.9540663172647,0.36981767506677504,0.05831480555063469,42,0.39043282566597787,0.37142857142857144,0.00012303933038384935
1663,164,6.0,13882.713613016329,0.4266193315024449,0.2740255127087609,56,0.45399068404254406,0.1237468202902888,0.00031156432753642736
1664,28,6.0,1313.827655895811,0.3566269108012767,0.022458688665075017,24,0.373276809546222,0.17989417989417988,8.574968114543055e-05
1665,20,6.0,272.09340325642626,0.3471790678659035,0.020655813534100138,18,0.36164494687808596,0.4263157894736842,6.380116969110048e-05
1666,21,6.0,329.8658452070732,0.3347524440239672,0.00739879165449321,20,0.3490317684617913,0.1619047619047619,7.10710563681883e-05
1667,66,6.0,1519.3647280770233,0.3849501359927471,0.0815908995108871,52,0.40798660176899687,0.22051282051282053,0.00013962915838923866
1668,29,6.0,1061.5691225109904,0.3746470588235294,0.03475450189491703,25,0.3939263097294157,0.26354679802955666,8.523687871659825e-05
1669,31,6.0,912.174510361485,0.3539709887178347,0.023481042349844168,27,0.37130632752392395,0.22150537634408604,8.832784927853518e-05
1670,68,6.0,5147.204266654464,0.4123397643402823,0.08960643175094517,46,0.4357382111268561,0.07682177348551361,0.0001524770439811487
1671,77,6.0,4480.455422433858,0.3976400074920397,0.08182224307291824,49,0.4215261422515582,0.1168831168831169,0.00017495959310957825
1672,234,6.0,24913.75604140196,0.429091154079364,0.30342642522926155,56,0.45990474695142514,0.10054656835772716,0.00043598293884904545
1673,24,6.0,56.82623937630743,0.3543845982639662,0.03711256325037568,24,0.37057361176530274,0.5760869565217391,6.544525894842063e-05
1674,57,6.0,484.90491712868584,0.37317630515029004,0.09188188216421098,51,0.3945674360182095,0.35714285714285715,0.00011901235034105818
1675,3,7.0,3.1000782771780324,0.3008786848072562,0.0015588742927496466,3,0.3099847475495073,0.6666666666666666,3.222176230423124e-05
1676,118,6.0,5235.31693949507,0.41103581800580835,0.14909347570074874,55,0.437140838436219,0.15717803853397075,0.0002328064923707161
1677,32,6.0,1867.7514334839896,0.3467443379790941,0.014092852870686682,27,0.36327262259902365,0.14717741935483872,9.766402195774171e-05
1678,10,6.0,35.323571503581285,0.3232338611449452,0.005862120785905905,10,0.33380959857641296,0.37777777777777777,4.5197524649826006e-05
1679,12,6.0,45.983128175142326,0.33471725877653985,0.011923704396861573,12,0.3472078295912209,0.28787878787878785,4.6888195363444886e-05
1680,6,6.0,881.0243714421275,0.3102138229993668,0.0018080044154687026,5,0.31981211074473936,0.4,5.020463866661634e-05
1681,9,6.0,26.87055005200588,0.3269171542962735,0.0069942984119568865,9,0.33697859423245335,0.4444444444444444,4.152148391737905e-05
1682,74,6.0,4406.784184245795,0.3856260595785905,0.06699751582301353,48,0.4091039933008972,0.11810440577563865,0.00017025726116343625
1683,131,6.0,15220.25248402713,0.41901315789473687,0.1502192381807865,55,0.44513529073119795,0.14304169113329418,0.00027713069918050955
1684,91,6.0,15881.442422631371,0.40104527422706376,0.0986607610742009,51,0.42549327471610426,0.1133089133089133,0.00022747149604309446
1685,8,6.0,17.580074576249235,0.32493240140809143,0.007964545882952562,8,0.33579839849267445,0.32142857142857145,3.8771099686502575e-05
1686,1,7.0,0.0,0.250393143576034,4.9246200653890126e-05,1,0.2547278858159742,0.0,3.2004913554624195e-05
1687,109,6.0,5842.611004724956,0.4125,0.14763675327729178,56,0.4380645836604837,0.17838939857288483,0.00021903371067083873
1688,16,6.0,161.34815618674142,0.34124517788255465,0.01419102369820131,15,0.3550688229444448,0.25,5.5761241949907656e-05
1689,240,6.0,28531.420555007775,0.4352193521935219,0.36145574735846214,56,0.4651907677814843,0.1367154811715481,0.0004421666576875443
1690,43,5.0,6522.871705040355,0.3649647584665635,0.0319564669458752,32,0.3840529648819653,0.09191583610188261,0.00012058455024479364
1691,4,6.0,2.8208992852987533,0.3291813107297912,0.005599034638460035,4,0.3388208509969888,0.3333333333333333,3.1249498426413314e-05
1692,57,6.0,3992.06678617251,0.3611772711806737,0.02350038866935232,37,0.3812136913173012,0.11278195488721805,0.00015438775283047415
1693,156,5.0,8578.592926348489,0.4246283085539036,0.2698114272641146,56,0.4511697283718507,0.20256410256410257,0.0002952452089124189
1694,2,7.0,6.794805362879147,0.24489560502941515,3.848425927154531e-05,2,0.24922018108547353,0.0,4.324836091533635e-05
1695,17,6.0,1048.3160247987935,0.34890982798290787,0.011654554648296702,15,0.3639346836237813,0.25735294117647056,7.276547180510675e-05
1696,97,6.0,19554.735077027166,0.3971936389148737,0.08578664511940155,52,0.42252315905168397,0.10824742268041238,0.0002420221117680864
1697,102,6.0,5993.405118447835,0.37508833922261486,0.05126175961328904,45,0.3999685978960593,0.17608231411376432,0.0002424361876032714
1698,79,6.0,4515.7949988682385,0.40246445497630334,0.09267600744710301,50,0.4267284241377836,0.11035378123985719,0.00017368995793957858
1699,5,7.0,40.43951465159245,0.3046202410560551,0.002247629162110105,5,0.3137660842323957,0.3,4.3473421429565306e-05
1700,50,6.0,5813.6654750752305,0.36529968454258677,0.0449691661146869,37,0.3853326006175602,0.15918367346938775,0.0001385802121444952
1701,49,6.0,1501.1692904058991,0.36241037896893136,0.030763239011780494,36,0.3822394933793729,0.5187074829931972,0.00012940542250736248
1702,11,6.0,32105.46623245443,0.31764001795421676,0.005302207760603485,7,0.32854189564032027,0.2,0.00010818422886210173
1703,164,6.0,15388.306798077314,0.39838618877838244,0.20870003580020474,56,0.4271680535929544,0.19257818345054617,0.00032581246081060807
1704,42,6.0,2329.231798009323,0.35150946520227383,0.026811908455039796,31,0.3697859423247803,0.11846689895470382,0.00012312432689561286
1705,36,6.0,952.1695155322052,0.3713269589552239,0.03631281593749681,33,0.39112105511068557,0.1873015873015873,9.193592807723452e-05
1706,138,6.0,15139.772351771862,0.4154056874510827,0.14262717171244352,55,0.44237975611037506,0.1534962445784407,0.00028486772704170734
1707,46,6.0,1381.4893444024583,0.3429725363489499,0.016842684477700747,34,0.36174438687389177,0.18743961352657004,0.0001302463445558402
1708,80,6.0,3548.187885097864,0.3796947657088351,0.06683373485430591,49,0.4026220756790759,0.1860759493670886,0.00017796189005330322
1709,30,6.0,911.7203056415119,0.3461413043478261,0.01290787847595593,24,0.36187784581564636,0.21379310344827587,9.55262989700896e-05
1710,55,6.0,1062.6881351268535,0.3818116419878904,0.08524451831357004,45,0.4042104987700918,0.2047138047138047,0.00011906623898307897
1711,31,6.0,637.3420710706048,0.346838751837935,0.025641680440052474,27,0.36232532579680626,0.3720430107526882,8.643199333543149e-05
1712,68,6.0,1547.2970894706357,0.39273601775914163,0.11831991774259173,55,0.4163212435233375,0.20983318700614573,0.00013868017405500478
1713,60,6.0,3351.464902742285,0.3689820983720526,0.032164842011241424,41,0.3911446066886394,0.11073446327683616,0.00015745408618359733
1714,13,7.0,148.33353211704417,0.26870016453613466,0.0004188321832023941,9,0.2769093600699856,0.5,0.00011098874855780254
1715,133,6.0,4574.409850844244,0.40284629981024667,0.2442920341520552,56,0.4299000366358227,0.24231032125768967,0.00024172102859233176
1716,38,6.0,686.4520687954176,0.3566468809497144,0.025528344996792376,35,0.3744674726539827,0.2844950213371266,0.0001006997708713192
1717,92,6.0,3395.950884769633,0.39343958487768715,0.09357367215616227,52,0.4184722876432949,0.1877687529861443,0.00019388449661925802
1718,10,6.0,186.92771607089017,0.3015625,0.0014504180433725974,8,0.3123357931648014,0.35555555555555557,6.5366938724495e-05
1719,12,6.0,213.94812824470097,0.33104631217838765,0.009886685793058686,10,0.34235620453234256,0.15151515151515152,5.432943253725046e-05
1720,52,6.0,1429.5575111296698,0.36511121302453564,0.053472170426806284,45,0.38523054377975186,0.22926093514328807,0.0001194233874245477
1721,75,5.0,2667.2026075729746,0.4042782785324362,0.10329601004371784,52,0.42758674831217175,0.13333333333333333,0.0001604444113437439
1722,6,6.0,60.04128987640074,0.32726992446431324,0.0039081828241485685,6,0.33642905741348494,0.33333333333333337,3.9237070251737794e-05
1723,62,6.0,3914.8498131838132,0.3715652529023978,0.041605439010680915,42,0.39253414978802986,0.09201480698043364,0.00015213134224193657
1724,33,6.0,592.2404714444972,0.3594446639200858,0.03221848619322614,30,0.3774506725283753,0.24242424242424243,9.02427918286156e-05
1725,62,6.0,2049.2693375687827,0.39285714285714285,0.10141604115097391,52,0.4161904014235834,0.2004230565838181,0.0001316665118321987
1726,26,6.0,119.78191016278582,0.35263828137976855,0.02673420562011311,26,0.3687993928926374,0.3261538461538461,7.09375514548918e-05
1727,119,6.0,7756.847583309554,0.40325440040521715,0.1551859993609056,56,0.42944208928668376,0.13758723828514455,0.00023836041945756844
1728,46,6.0,918.2215397577261,0.36095211107962594,0.043194652765265296,42,0.3800413461035054,0.4367149758454106,0.00010713536286909374
1729,110,6.0,7461.508722828289,0.3790845782989108,0.09220558065108214,51,0.4046762966452143,0.12877397831526272,0.0002513693478917617
1730,80,6.0,3562.4422487439306,0.374031007751938,0.04304125973492446,45,0.397097922227454,0.1930379746835443,0.0001949089843810673
1731,76,6.0,1997.6932261906022,0.3889703187980945,0.10065598310890989,54,0.4130371068195072,0.19157894736842104,0.0001557312319319315
1732,33,6.0,547.386196081933,0.3669201520912547,0.0376248340421202,32,0.38588475427852376,0.16098484848484848,8.433726210626126e-05
1733,48,6.0,847.5091289737192,0.3706786171574904,0.05233456483532822,42,0.3920238655989881,0.2570921985815603,0.00011107624305096465
1734,45,5.0,3090.7034495270364,0.363527397260274,0.038001390740478175,36,0.38387763646829326,0.13434343434343435,0.00012257792184678049
1735,180,6.0,12289.825971033248,0.3893745796906523,0.08323620377080326,45,0.41899303920031317,0.1345127250155183,0.00040894063908849447
1736,144,6.0,5345.492619328675,0.4158396448158788,0.25450610450185557,56,0.4424085413723214,0.2978826728826729,0.00027119083364884775
1737,133,5.0,5054.312930863725,0.3987852983532653,0.19970222254461292,56,0.42595383890723687,0.20050125313283207,0.0002506617262948048
1738,10,6.0,50.174442539791876,0.3440099384249757,0.012532145950738397,10,0.3570916418066447,0.2222222222222222,4.243160348599448e-05
1739,88,6.0,1452.2895785012884,0.37861134228985854,0.14597791535427213,56,0.402661328309001,0.34717868338557994,0.00017187030173531397
1740,3,7.0,135.3386408449785,0.2969784575212161,0.001334940673543963,3,0.30619817718262904,0.3333333333333333,4.0494457269304475e-05
1741,137,6.0,7586.683528587548,0.41532442125855884,0.17489649845750846,56,0.4422672319045865,0.1349291541434092,0.0002656463787537025
1742,39,6.0,821.9256502308783,0.36555128278712046,0.040831307830739676,33,0.3847202595907113,0.1794871794871795,9.86696349666316e-05
1743,44,6.0,1184.339435653478,0.3521508348999226,0.022261949300355115,36,0.37090595069867477,0.1522198731501057,0.00011749449241027584
1744,112,6.0,1998.0030625602808,0.41605696367912204,0.22326550573297896,56,0.4408855393311841,0.42084942084942084,0.00021316148272044458
1745,98,5.0,6501.314620713377,0.41095625241966705,0.11313739089656112,53,0.43552101324126347,0.17041868293709236,0.00020404554966519528
1746,55,6.0,4182.08497822809,0.3690034762456547,0.03939954680310972,39,0.39048777934787393,0.1164983164983165,0.00014979366295132386
1747,88,6.0,3170.0089235336663,0.4027953453073615,0.10877056808291877,54,0.42775684304185085,0.20689655172413793,0.0001809039281892719
1748,184,6.0,10054.256397299085,0.41154044972861203,0.275340815234179,56,0.4410137645889399,0.19499881206937514,0.00033497638948078195
1749,5,6.0,40.51307974395084,0.34232733136253696,0.008960363488301662,5,0.3550662061024512,0.4,3.416756132723982e-05
1750,50,6.0,606.4320315194291,0.36917458845351264,0.05554243984253553,47,0.38993562568691187,0.32979591836734695,0.00011157289106725696
1751,17,6.0,351.2719623794949,0.3362901948360526,0.01184155534080487,14,0.34937195792115194,0.41911764705882354,6.45246560014905e-05
1752,192,5.0,10521.967661327897,0.42042379034919797,0.3306951784617753,56,0.44909980635374663,0.22224040139616055,0.0003514463129580979
1753,29,6.0,537.2083744280567,0.34812790379885217,0.014908666867496489,25,0.3641937509812934,0.2536945812807882,8.849992259110469e-05
1754,65,5.0,4944.133651489881,0.3724997075681366,0.06828415479458555,47,0.39393154341340414,0.16009615384615383,0.0001559362347365014
1755,84,5.0,10246.498770290169,0.3966247353344128,0.073565927353415,48,0.4204715549275396,0.1549053356282272,0.00020499780797795839
1756,92,5.0,11950.426811974652,0.389612772985869,0.07774423168672785,47,0.41339038048884386,0.11323459149546107,0.00022363967387950082
1757,119,6.0,15619.730433008213,0.403586591470756,0.135126426433076,55,0.42999162610565106,0.20381712006836633,0.0002512744854408951
1758,146,6.0,12146.526072070707,0.41316899124229645,0.1729091931249156,55,0.4405244151358608,0.17997165800661313,0.00028417296486406355
1759,47,6.0,1182.4369472795106,0.3574074074074074,0.035432861184120916,38,0.3761082325848982,0.330249768732655,0.00011645106966294853
1760,49,6.0,1167.7419545129399,0.366266030249008,0.04682111677179605,41,0.3864997121473674,0.2457482993197279,0.00011965171507400634
1761,139,5.0,10376.59071297133,0.4122330097087379,0.20506085977798946,56,0.4388130004710769,0.2209362944427067,0.00027325245912836524
1762,89,6.0,3923.837279591221,0.3588775567701583,0.031946434692658364,43,0.3809755586957477,0.16419816138917262,0.00022815716734853395
1763,37,6.0,6950.459239133108,0.3954426921644108,0.06901223182807037,34,0.4173862982153375,0.39339339339339335,0.00011219287211890586
1764,46,6.0,1130.0576077101396,0.3584332264055377,0.02347783203098927,38,0.3779740409273898,0.20483091787439614,0.00012074462078671143
1765,28,6.0,583.5320940032414,0.34033344020519396,0.011054527059605393,25,0.3552493850421042,0.32275132275132273,8.973779573115363e-05
1766,61,6.0,1441.2331442153147,0.3803523439832786,0.060217521836545246,47,0.40255927147119425,0.28306010928961745,0.0001395022744656077
1767,54,6.0,8960.154352389902,0.38110339875538535,0.038491980919224886,32,0.40343853038154226,0.08805031446540881,0.00015979808619158876
1768,87,6.0,2327.098941743151,0.38275240384615383,0.1090286905556412,54,0.40710995970064284,0.3352044907778669,0.0001774203839642538
1769,44,6.0,2110.1765172586747,0.371218744535758,0.028713705796301572,34,0.3919322761291608,0.12050739957716701,0.00011911754534519032
1770,108,6.0,7482.993637032886,0.4091609919054349,0.1439440637459855,55,0.43484586800653113,0.13620629975770163,0.00022267182559085655
1771,14,6.0,99.62816756286558,0.35004122011541633,0.01615219213502584,14,0.3638980478358524,0.27472527472527475,5.0325447311676235e-05
1772,126,6.0,9566.943283244125,0.4109032258064516,0.14413000468458037,55,0.4370204637044452,0.1326984126984127,0.00025565543912344684
1773,1,8.0,0.0,0.19781960491986583,6.953350695370381e-07,1,0.2003620587817772,0.0,5.678195140390169e-05
1774,78,6.0,2534.7635257462875,0.39302684356680034,0.08546210766957801,52,0.41698330454809324,0.1888111888111888,0.00016553952164667987
1775,15,6.0,349.8441490062899,0.3230862882361893,0.003911359963654084,13,0.33563615428897936,0.19047619047619047,6.366154209666157e-05
1776,1,7.0,0.0,0.2763963025647702,0.00045954723792759764,1,0.28471913808702104,0.0,2.568881846832479e-05
1777,24,6.0,488.81774284237224,0.3315633296892082,0.013673185633258582,22,0.34617417700316605,0.25,7.739865574108069e-05
1778,55,5.0,2043.3175751252888,0.3861404146962532,0.05832339438057573,44,0.40768304809756845,0.2383838383838384,0.00013172121414960843
1779,53,6.0,1545.6349056033293,0.3597695305880359,0.024815218720627676,40,0.37959124928035043,0.1872278664731495,0.00013638466707905378
1780,154,5.0,6137.336849031558,0.4005912321529656,0.2763933322379221,56,0.42914115245724743,0.23860453272217977,0.00028273685469147646
1781,39,6.0,1263.4146973351603,0.36111583602653513,0.02773133977411644,35,0.3800256450515345,0.2253711201079622,0.0001031405297863516
1782,98,5.0,4437.11486860923,0.39796300924768807,0.15286825943932172,56,0.422698487465355,0.23206395960446036,0.0001974516274564225
1783,144,5.0,11303.099112842241,0.42619111349036404,0.18445279407612541,55,0.45232898937566857,0.12412587412587413,0.0002818447007784931
1784,1,7.0,0.0,0.29441131604493137,0.0010661951903581663,1,0.3032202109922299,0.0,2.5507264483654953e-05
1785,58,6.0,2964.016211810462,0.377154023805294,0.04304775408446445,39,0.3994897158109611,0.14579552329098608,0.00014965801511437971
1786,77,6.0,7462.515570624794,0.3721514549491644,0.0309267252314378,42,0.39481080232375126,0.09501025290498975,0.00019777512242382913
1787,123,6.0,2864.1946673554935,0.39948566769114974,0.20289517996896145,56,0.4258858010153653,0.31174196987871516,0.00022595986580803851
1788,150,6.0,7480.118095252632,0.4099246958872369,0.22348708268408335,56,0.4378212173549394,0.18711409395973153,0.00027815494178362664
1789,3,7.0,12.741807892981623,0.2924242424242424,0.001710604338435312,3,0.3012287942339754,0.3333333333333333,4.167850355755863e-05
1790,100,6.0,4502.94830893368,0.40203257164499434,0.1379690456535238,55,0.4271837546449275,0.20545454545454545,0.0002036089525346527
1791,63,6.0,3760.6030690814127,0.38215528621144845,0.04738352726421767,41,0.4045192861255117,0.15156169994879673,0.00015516475590097482
1792,93,6.0,6367.846291879299,0.4013991302703725,0.0938536073406267,50,0.4263411315225108,0.2227676484338476,0.00020210563311961785
1793,125,6.0,5893.1626826841575,0.39174560216508797,0.187711509194957,56,0.4184382686973577,0.3305806451612903,0.00024212134523353694
1794,75,6.0,3168.6466245539286,0.3892793839007396,0.08543506370787383,52,0.4129036478777583,0.24792792792792795,0.0001670321425033253
1795,66,6.0,5338.679313079521,0.39573754194109606,0.08728145428512665,47,0.4188831318365245,0.13426573426573427,0.00015107938244507486
1796,315,6.0,125008.75514502362,0.45603608764141484,0.3255614050016078,56,0.4865206468833704,0.09006167222727732,0.0006569747812382339
1797,88,6.0,3622.1257984481035,0.4095293209876543,0.11907656568924001,53,0.4336552048987694,0.17685475444096135,0.00018187345623712207
1798,40,6.0,806.0595554454225,0.35764824797843664,0.02890920574924187,36,0.3769377714973372,0.2217948717948718,0.00010302082651080488
1799,74,6.0,4068.9134548567094,0.36981767506677504,0.03672093697915088,45,0.3924818129481267,0.16549426138467233,0.00018131596962592969
1800,88,6.0,4483.448740340796,0.396180641950734,0.1009564479191832,53,0.4207123043910868,0.1700626959247649,0.00018415331387612447
1801,297,5.0,53048.595679303085,0.4422916666666667,0.4251944202391257,56,0.47419793792854703,0.1272181272181272,0.0005536081137431423
1802,17,6.0,106.84593702050194,0.34784270890223923,0.0167789330457004,17,0.3620662584392944,0.5441176470588235,5.756053664956861e-05
1803,147,6.0,8902.412928745993,0.4232456140350877,0.2762818263840136,56,0.4496100905427831,0.2514211163917622,0.00027129163439765805
1804,55,6.0,1178.2144437831419,0.39307535641547864,0.0865759265352046,48,0.4158318940702574,0.24377104377104378,0.00012329140360487956
1805,104,6.0,8055.119345153825,0.4124465742779433,0.13070975772839022,55,0.43742869105567883,0.1383495145631068,0.00021544974367849884
1806,46,6.0,1325.2281293794506,0.36201898482350936,0.05105371985110355,41,0.3820772491756769,0.20579710144927535,0.00010867112628898792
1807,202,6.0,9772.736482007942,0.41381326749399,0.345210829141697,56,0.4438661223635803,0.21402886557312448,0.0003567659301318395
1808,85,6.0,2772.4220356126625,0.36557226495235906,0.10442887274969632,56,0.38799131208456333,0.38431372549019605,0.0001813513926321371
1809,76,6.0,5579.61223066238,0.3875266200182537,0.053336017560068234,44,0.41142774899253104,0.14350877192982456,0.00018632240735290032
1810,88,6.0,6218.588008655906,0.38818796855000914,0.05742140778194508,45,0.4126550478882249,0.15282131661442006,0.0002139447184008016
1811,29,6.0,767.2439853783532,0.3404607900785802,0.01118130952502903,23,0.35554770502954336,0.3522167487684729,9.480363627202456e-05
1812,99,6.0,5615.101787710197,0.40725110301170153,0.11772578567314762,53,0.43259276704876465,0.11028653885796742,0.00020479192112219107
1813,9,7.0,9.161936521090245,0.2619263036683665,0.00033144803477245193,9,0.26942893030976245,0.6944444444444444,7.248691427407875e-05
1814,31,6.0,1629.484402201242,0.35628776012530766,0.016586738565456647,24,0.37387606636309406,0.2537634408602151,9.959741804140279e-05
1815,85,6.0,1675.5943377788126,0.38999448900863387,0.12838298667725212,55,0.4145601088606455,0.19467787114845936,0.00016676941856904733
1816,51,5.0,1331.7448218018733,0.37502208090443384,0.06020218554379129,44,0.3961506254252354,0.26666666666666666,0.00011728575658240336
1817,78,6.0,5122.185723348028,0.40605674211029646,0.10245621705744481,51,0.42990003663582493,0.1718281718281718,0.00017732131262136877
1818,120,6.0,7860.360793294857,0.40995108135942326,0.16163964452607665,55,0.43624326163190524,0.1918767507002801,0.00023572296694687487
1819,102,6.0,7114.017343932398,0.393536826495304,0.10140086869265089,53,0.4191160307740851,0.16812269462240342,0.00022427288626256924
1820,174,6.0,8774.924951812987,0.4277367360644728,0.3237017366252197,56,0.455432563981833,0.18902398511726795,0.0003136202127876555
1821,147,6.0,4572.840775775042,0.39838618877838244,0.2204204040427404,56,0.426092531532976,0.2961513372472277,0.0002730528708678914
1822,13,7.0,142.5588030144217,0.3214556099530611,0.006781448236533717,12,0.33214416556382953,0.4358974358974359,5.49827624607221e-05
1823,12,7.0,19.548632001017786,0.31896033653846156,0.008797606062187296,12,0.3306447151006508,0.6666666666666666,4.8480574784581906e-05
1824,70,6.0,1795.7062912958472,0.36234852363884623,0.03409381012108138,45,0.3838697859423074,0.2186335403726708,0.00017333060453830494
1825,138,6.0,9361.470548704521,0.4192338072669826,0.20305172444079153,56,0.44597268016962266,0.19655135935681795,0.00026249705319748563
1826,68,6.0,885.4021005489662,0.3641717651094974,0.09452801121083314,54,0.3847699795886173,0.4192273924495171,0.00014333529379756426
1827,88,5.0,3708.9969224657793,0.4019564531397917,0.11763836021819372,54,0.4264484220443095,0.12983281086729362,0.00018364425197368278
1828,58,6.0,1482.4068038496475,0.36859771977545,0.07181581055865896,46,0.3901763751504589,0.20810647307924987,0.00013106454828565756
1829,183,6.0,16150.194709553605,0.43725113277495536,0.26056459065074056,56,0.4638666457319711,0.10562661382333514,0.0003500977565448085
1830,7,7.0,39.27100427779543,0.3116254036598493,0.0025781929962915362,7,0.32098856813881216,0.14285714285714285,4.131416077770365e-05
1831,151,5.0,26388.48587249608,0.4299021262234222,0.17446335344295563,55,0.4554613492437789,0.12335540838852097,0.0003378380151161259
1832,93,6.0,5883.241363912758,0.3792651700113142,0.051191316044909,45,0.404024702988439,0.12926601215521272,0.00021805853023326415
1833,166,6.0,13631.568760297481,0.43578515224084846,0.24797717363296565,56,0.46174438687396163,0.12822197882438846,0.00031529736057174886
1834,37,6.0,390.72001406055256,0.37804950436279455,0.07557698551646855,36,0.3987727011043095,0.3333333333333333,8.616200403492386e-05
1835,1,7.0,0.0,0.2968953943688234,0.0015011776574220105,1,0.30598247463532036,0.0,2.540177555115809e-05
1836,115,5.0,14491.968708813141,0.42192779065915864,0.12628305028275247,55,0.4466609096143281,0.05003813882532418,0.0002474239010113496
1837,1,7.0,0.0,0.3065999133490589,0.0017676964373537708,1,0.31534927363941745,0.0,2.5396031862437976e-05
1838,1,7.0,0.0,0.2969507646400597,0.0022913081138449137,1,0.3055570508938344,0.0,2.518260978432418e-05
1839,133,6.0,10319.918354233174,0.39402375649591687,0.070363310805122,45,0.4209504370126376,0.1524265208475735,0.00030912108492726665
1840,25,6.0,615.4375585466561,0.3457279339919661,0.011794129825616948,22,0.361192233212935,0.19666666666666666,8.138643388674565e-05
1841,108,6.0,3562.323289629137,0.40958199356913183,0.17307949613134005,56,0.43524101114778874,0.20231914157147804,0.00020840249864512126
1842,84,6.0,2766.490594583147,0.3782291109923392,0.10125930811288,52,0.4018736588684812,0.2395295467584624,0.00017607542994807745
1843,30,6.0,869.1271339659303,0.3512574454003971,0.015060458393129873,27,0.3676427487308111,0.2804597701149425,9.024983833864877e-05
1844,111,6.0,4408.211597716749,0.3902095331454479,0.14003861180290397,56,0.41633956141730105,0.16773136773136774,0.00021702995631359408
1845,52,6.0,1240.991673684349,0.3648393194706994,0.053538460935352895,40,0.3851494216779041,0.20965309200603316,0.0001241036660234224
1846,1,7.0,0.0,0.24736862547092864,3.5356336456074635e-05,1,0.25135328114603334,0.0,3.053446659381264e-05
1847,32,6.0,858.8639837306112,0.3479377219338978,0.018026033841190964,28,0.36322290260111995,0.25,9.165959524197554e-05
1848,4,6.0,1.0116151118058079,0.31325004918355304,0.006252522259050899,4,0.3229994242947435,0.6666666666666666,3.0509571168146944e-05
1849,21,6.0,279.30608013221695,0.3443261069362599,0.01511151524239453,21,0.35846548385406163,0.22857142857142856,6.558114009948218e-05
1850,37,6.0,7521.207462046402,0.35501672240802673,0.029556723611083295,31,0.37249960747368177,0.39339339339339335,0.00011681197038910015
1851,135,6.0,15581.7109057471,0.41912345354040537,0.15396480760060394,55,0.44519547809708526,0.15500276395798782,0.00029345877113331494
1852,77,6.0,2044.2031646575426,0.3870556061987238,0.09605615304361671,54,0.4108468100696226,0.22419685577580312,0.0001584034285657175
1853,22,6.0,467.29240532237975,0.3448667966211826,0.026461632340680784,19,0.3606845658658881,0.12987012987012986,6.953056645099378e-05
1854,90,6.0,4029.7864918837954,0.39145666871542717,0.0816033574693939,51,0.4159679698540004,0.21672908863920098,0.00019100693319298577
1855,4,6.0,7.794036765506075,0.3032423939437223,0.002710076012003287,4,0.3122834563248982,0.3333333333333333,3.13514163464778e-05
1856,5,6.0,6421.6293164602175,0.32953898690950484,0.005909670238203479,4,0.339121787826423,0.1,6.345064057418732e-05
1857,51,6.0,642.9143903001651,0.3605434474950467,0.07419522497634946,42,0.3805437797665597,0.4674509803921568,0.00011439063089088034
1858,75,6.0,2263.296757410722,0.3802615081497403,0.10515634542936549,55,0.4034437640655317,0.37261261261261264,0.00015277412902994103
1859,72,6.0,5336.20825235238,0.3692816141937728,0.03602324562740364,42,0.39182498560736084,0.15140845070422534,0.0001794806431706454
1860,8,6.0,18781.912646343586,0.33196080475346607,0.005251177883786242,5,0.34130685089231483,0.07142857142857142,9.038325907137948e-05
1861,179,6.0,18005.06767727494,0.4332063664807509,0.21349943409621833,55,0.4606400795520384,0.11066474169857511,0.00035023891372884064
1862,44,6.0,3338.4793190069095,0.36734340754412276,0.03767701217210632,34,0.3868320510807436,0.16067653276955604,0.00011905575320829217
1863,280,5.0,49022.96958792032,0.43791254125412543,0.3221152881598313,56,0.46964201601511474,0.06802355350742448,0.0005459245889432046
1864,32,6.0,1135.3711388576378,0.3413183279742765,0.01175617441275062,28,0.35771706704346384,0.24193548387096775,0.00010064476219569493
1865,19,6.0,3036.974157758693,0.3269675034652703,0.0032415730158844858,15,0.33742084052962124,0.43859649122807015,0.00010753619229024595
1866,85,6.0,5497.05111789727,0.3864918987802658,0.07243399214542875,51,0.4106400795520107,0.2156862745098039,0.00019139901281568954
1867,5,7.0,1.4370986392234513,0.3188804886596906,0.003311796963249816,5,0.32811684573340283,0.9,3.471930974438148e-05
1868,25,6.0,2576.4811351905614,0.34681986495316924,0.019180361253773183,22,0.3624404668445887,0.18000000000000002,8.76172993684659e-05
1869,38,6.0,5636.765388158416,0.35389231538589766,0.015528670804633597,27,0.37092950227663357,0.112375533428165,0.00013242241002991805
1870,114,5.0,5197.79174008185,0.3997865796246312,0.20390438914401127,56,0.4255560789239853,0.24980593075609378,0.00021675597921308316
1871,16,6.0,122.24131889884751,0.33973435749719955,0.01289305605206332,16,0.3534254461715334,0.425,5.74973272081323e-05
1872,118,6.0,6974.3350397199065,0.3897081319219238,0.16249946839091345,56,0.41578479091434345,0.219324931189338,0.0002406764889839869
1873,18,6.0,156.64986817702146,0.3263308910180868,0.00559096317739454,16,0.3401135709425611,0.17647058823529413,6.747354908877524e-05
1874,25,6.0,710.4553235392306,0.3644843767883713,0.0341087320462998,22,0.3822342596953845,0.22333333333333336,7.593382552200547e-05
1875,13,6.0,91.85669923744939,0.31145777299623456,0.002745409997961611,13,0.323844664259155,0.21794871794871795,5.733590489595179e-05
1876,86,6.0,3580.4433860321133,0.3918420081210779,0.09350380204322335,52,0.41616423300363187,0.3233926128590971,0.00018034799138032587
1877,5,7.0,0.18800669254866267,0.30620192307692307,0.0021347729484324043,5,0.3185706061353627,0.9,3.4547158109980234e-05
1878,37,6.0,798.6413107491317,0.3500219828533744,0.01826893581024347,30,0.36675302245248315,0.24474474474474472,0.00010622918988672759
1879,109,6.0,12570.379342392062,0.38153717126939435,0.05702340146507719,45,0.4069817344428829,0.15188583078491333,0.00026876164306936106
1880,11,6.0,114.43645279287217,0.3268165024630542,0.005717400129903318,11,0.33660176898516136,0.34545454545454546,4.6441759499379436e-05
1881,18,6.0,929.5293498818738,0.3447361299052774,0.01641007858453827,16,0.35915894698275747,0.26143790849673204,6.604316001792125e-05
1882,66,6.0,3006.6285725858543,0.38729096989966555,0.06488613082150832,47,0.4105275553462228,0.11468531468531468,0.00015255277729311843
1883,205,6.0,30031.560658530936,0.4303669166835597,0.2985776918417404,56,0.45906997435499447,0.13830703012912482,0.0003933409377722272
1884,77,5.0,4913.27301558997,0.38295953340147915,0.06697801439070283,48,0.4061600460564284,0.17429938482570062,0.00018138015548637427
1885,52,6.0,2535.0915879320223,0.3832129963898917,0.044185094111628055,40,0.40568639765531883,0.1870286576168929,0.0001305327319153246
1886,6,6.0,3.0068364676415533,0.33164965632159965,0.012296689821118258,6,0.3431255560788962,0.4666666666666667,3.3727097237919015e-05
1887,2,6.0,0.0,0.2903181693864527,0.0008495165138861547,2,0.2991887789815265,1.0,2.786675460438835e-05
1888,4,6.0,0.4249493165908348,0.31920012028266426,0.004715323940922623,4,0.32844507248649946,0.8333333333333334,3.096000051563815e-05
1889,40,6.0,323.306469769481,0.36156684643769516,0.04270042795862542,40,0.38003349557752075,0.6025641025641025,9.409188460197219e-05
1890,79,6.0,3697.491509410037,0.39324524573968883,0.08216251098914164,52,0.41714031506779836,0.1522233041220383,0.00017460001227518314
1891,149,6.0,21532.4250283247,0.43068704354882337,0.18164254229267654,55,0.45620714921237565,0.11799383275893342,0.000314468537820411
1892,78,6.0,2890.7433445431293,0.401601614225361,0.11596355322772323,49,0.4252551420945521,0.20379620379620378,0.00017330280244415804
1893,178,6.0,15408.502393983677,0.42851375899885624,0.28581963769978735,56,0.4562856544722288,0.16314352821684758,0.0003267482410385017
1894,29,6.0,459.5194399845342,0.34629186602870815,0.015308203813097427,26,0.36330140786096815,0.19704433497536947,8.632276493736183e-05
1895,196,6.0,5165.766908039308,0.4049465920651068,0.3734845862698332,56,0.4352383943057905,0.23657770800627942,0.0003382554722911129
1896,48,6.0,2333.1526743929226,0.360115345470994,0.03705341651884779,39,0.3793740513947592,0.2171985815602837,0.0001215869943376717
1897,47,6.0,3717.594262469454,0.3539316476799111,0.017434804156663236,32,0.37226147485212846,0.16743755781683625,0.00014402921483164268
1898,133,5.0,10266.694148238688,0.377131691141639,0.05941649552696474,45,0.40352750300937185,0.1482114376851219,0.00032170687320601514
1899,71,5.0,955.8858074250072,0.3785438335809807,0.11562018334261553,56,0.40180823781860436,0.39195171026156944,0.00014230026698100275
1900,151,6.0,29192.632421908256,0.4182701779733368,0.12126536551044656,53,0.44549379808452394,0.10322295805739515,0.0003273834388325036
1901,9,6.0,54.64885301621377,0.3235622840885999,0.007204761931868573,9,0.3353273669335604,0.3888888888888889,4.229241905733875e-05
1902,17,6.0,363.7462425638817,0.3275897541405205,0.005147304603024761,15,0.33993562568689445,0.1323529411764706,6.467499466376464e-05
1903,69,5.0,2520.5650417865418,0.40923986377947696,0.12177682658095501,53,0.4325770659967955,0.22719522591645352,0.0001461102529840496
1904,31,6.0,775.1131006695114,0.32843440594059403,0.007652981034431414,24,0.3431412571308681,0.3720430107526882,0.00010292911701560325
1905,46,6.0,1685.4442755825776,0.36757661453223295,0.0434718063953032,38,0.3876956089391207,0.12367149758454106,0.00011265255063891607
1906,21,6.0,878.1972598755043,0.35346023641711527,0.015931411975154765,19,0.3699952896843886,0.15238095238095237,7.051874320415241e-05
1907,101,6.0,8312.45983938813,0.39669884771099345,0.11914829591277312,55,0.42210969801646064,0.20752475247524754,0.0002196333355184561
1908,75,6.0,854.1715586470201,0.37897179578721885,0.12322890342219582,56,0.4021981472758719,0.47855855855855856,0.0001455768829070686
1909,46,6.0,2121.483662238264,0.35426632550895537,0.022408030171479177,35,0.3734861569058248,0.15458937198067632,0.00012270476793440257
1910,121,6.0,7219.994836450028,0.40892455858747995,0.14420064916428466,56,0.4352593290417539,0.1928374655647383,0.00024283575906416282
1911,10,6.0,22.49716667585323,0.31148823788330804,0.0023382879846697608,10,0.32252054220964554,0.4666666666666667,4.773902346072383e-05
1912,11,6.0,1257.4576019413191,0.33805732484076434,0.008811645900883795,10,0.3494216779190603,0.18181818181818182,5.739809872359357e-05
1913,19,6.0,344.16595569995957,0.3348932590177726,0.010725893728086704,17,0.3469068927617852,0.4035087719298246,6.582533024049721e-05
1914,110,6.0,14242.607385294601,0.4117000646412411,0.11402520793804007,54,0.4373685036897915,0.17364470391993325,0.0002377735752678901
1915,18,6.0,610.3757836430713,0.33121847209943317,0.00718763924871591,15,0.34312555607889567,0.39215686274509803,7.255916972488498e-05
1916,91,6.0,2947.624268920762,0.39373145400593473,0.14221949650974594,56,0.4183885486994526,0.18803418803418803,0.0001772012133399085
1917,103,6.0,3232.7771535988422,0.40404745289602234,0.13624855171941108,55,0.42915947035121554,0.2796497239672568,0.00020767536919639716
1918,32,6.0,1221.930511793364,0.35805037103665394,0.019006786492709673,28,0.37615271889881435,0.19153225806451613,9.554018386207117e-05
1919,32,6.0,912.0811932294101,0.35108318174301306,0.0224252503143299,27,0.3676322813628305,0.2782258064516129,0.00010253968660770963
1920,202,6.0,11891.444616525967,0.4279666711463513,0.3385431965218011,56,0.4567985555032664,0.15664252992463426,0.0003621940361256381
1921,36,6.0,2722.365803682779,0.37906201642661586,0.05731284492551828,31,0.39952635159889366,0.28095238095238095,0.00010434742591672213
1922,250,6.0,13917.579585922676,0.4250817593272375,0.44902829654722437,56,0.45716229654058443,0.17506827309236947,0.0004313963159522274
1923,104,6.0,1840.3653534637097,0.3945852177684158,0.2065336251125648,56,0.42052127492544455,0.32206870799103804,0.00019239158055740283
1924,28,6.0,4068.676693910489,0.3186093046523262,0.00434180832069585,13,0.3300779818914299,0.3994708994708995,0.0001879624614122145
1925,29,6.0,196.7432437560434,0.37095928708719206,0.048321481198491896,29,0.39025749725230835,0.39162561576354676,7.443836548856467e-05
1926,55,6.0,3887.6004643382007,0.3753093694755451,0.061959173974809566,44,0.39688595802585347,0.14882154882154883,0.0001322240360434106
1927,168,6.0,15529.816029119473,0.428600269179004,0.24642104100788634,56,0.45544564819180894,0.15119760479041916,0.00033702034092260676
1928,1,7.0,0.0,0.2727272727272727,0.00035045734229929815,1,0.28034377827124496,0.0,2.582278239964705e-05
1929,14,6.0,201.94202748322027,0.323053512553893,0.004077749535792505,14,0.33452399644107034,0.1758241758241758,5.8444797314704106e-05
1930,92,6.0,8141.307039587691,0.3926391714444239,0.07865864629598947,47,0.41723190453762576,0.1753463927376971,0.00021466333716415375
1931,113,5.0,5149.687872942834,0.40150034671877954,0.13791858593010364,55,0.42720207253889275,0.1975347661188369,0.0002338900998637447
1932,73,6.0,2926.9590860691446,0.3867970363172598,0.06788395815195983,50,0.41018736588686183,0.273972602739726,0.00016211912970080582
1933,43,6.0,1477.2351407543142,0.3778924884300463,0.05337903805656535,35,0.3989454126759847,0.11960132890365449,0.00010664898733013498
1934,25,7.0,209.31446272126544,0.34512842744120514,0.022340979583714508,24,0.36005016859936817,0.37333333333333335,7.034705959395031e-05
1935,64,6.0,5080.846030945621,0.4029992406985573,0.08194347039182993,48,0.4261684199508366,0.10912698412698413,0.00014469257316785162
1936,156,6.0,6317.028924092726,0.4033565547815073,0.23608313902447609,56,0.4316559376145228,0.2327543424317618,0.0002868052103998131
1937,18,6.0,472.63575253660053,0.33721607454863134,0.010318200133346979,15,0.34945308002300024,0.19607843137254902,6.907069394787502e-05
1938,8,6.0,14.421850441826681,0.3094301122285381,0.006271517229667027,8,0.3204035170356284,0.39285714285714285,3.940864066951494e-05
1939,141,6.0,12382.761111181953,0.39431649331352153,0.07958913567640506,45,0.4216883864552508,0.16109422492401215,0.00031974767266834496
1940,141,5.0,11509.040934300718,0.4017282704680207,0.13018861226045333,55,0.42904956298742036,0.20901722391084093,0.00028725712073116375
1941,97,6.0,5947.749471945982,0.3716519810935403,0.09350519940695314,53,0.3948945412675935,0.2562285223367698,0.00021280693439653176
1942,90,5.0,4980.419428954224,0.4008938125511424,0.11700784254376591,55,0.42559533155391227,0.18901373283395756,0.00019777655403616163
1943,14,6.0,198.8410837375111,0.3390290641967423,0.009335895041520862,14,0.3520934735960375,0.26373626373626374,5.3343104603922374e-05
1944,168,6.0,13663.468864493105,0.41108887884851225,0.22280855254734486,56,0.43932328466011705,0.2240518962075848,0.0003248309006125742
1945,127,6.0,8876.085714648927,0.39948566769114974,0.12485584695286303,54,0.42648244099024385,0.14785651793525809,0.00026469061092743867
1946,109,6.0,4307.256212228522,0.3926391714444239,0.13042958971748853,55,0.4184199508033926,0.2164458036017669,0.00021623355927728494
1947,41,6.0,2957.536327207188,0.38266041816870944,0.0571900619509064,36,0.4041607787721859,0.14146341463414633,0.00011507632816705058
1948,185,5.0,7734.9282794891205,0.409740092640247,0.32999402701902464,56,0.43936253729004227,0.2153349001175088,0.0003259122671287073
1949,88,6.0,4632.045742701438,0.375840906408592,0.04931222340264892,45,0.39959700633275835,0.1943573667711599,0.00021210951313623637
1950,104,5.0,9783.558847210266,0.39709458195648106,0.08742206329052313,47,0.422303344324097,0.1594473487677371,0.00024347318421848562
1951,221,6.0,26591.54478829507,0.42212354188759277,0.32289029266377633,56,0.45279740409279257,0.15841217605923488,0.0004104016253954971
1952,161,5.0,9981.922924587105,0.42201166180758015,0.2822365820109287,56,0.4491024231957392,0.16661490683229813,0.0002923681984164657
1953,111,6.0,6740.593773754275,0.4122863801139306,0.1538824877904076,56,0.4379677605066655,0.14627354627354627,0.0002261180790345656
1954,134,6.0,3773.274990454089,0.39908515571151076,0.2332236401682756,56,0.4262652431046518,0.2739310963977107,0.00024276832588283835
1955,31,7.0,4097.296684872031,0.3305137519460301,0.004403275921945656,15,0.34220853987690486,0.24946236559139784,0.00014512646263405575
1956,104,5.0,7179.219270992648,0.40699086203591284,0.15307247370017282,55,0.432030146019822,0.18465272591486184,0.00021888432489309845
1957,42,6.0,7054.552421429465,0.34885249493345016,0.01751576824033326,34,0.3668760140262495,0.16492450638792103,0.00013694653191676136
1958,92,6.0,2794.7941731915453,0.3979381443298969,0.12775859106106782,55,0.4228319464071041,0.2646918299092212,0.00018304206206359847
1959,153,6.0,6313.721539057334,0.4138401559454191,0.27296890682558556,56,0.4412649814204694,0.2859477124183007,0.00028908622501097516
1960,94,6.0,4210.050142662599,0.3785888367116448,0.056917151626701926,45,0.4028889935625731,0.2564630519331961,0.00021860335510323246
1961,52,6.0,2870.2287632613134,0.3649647584665635,0.02987139520589066,37,0.3857774637567237,0.15082956259426847,0.00013827775637143035
1962,114,6.0,14096.910900629768,0.407120940935822,0.1227653727018454,55,0.43331763228140213,0.08911659680173886,0.000249707709456061
1963,64,6.0,5180.355101701875,0.380625112054025,0.08495759025285407,49,0.40322394933794514,0.27331349206349204,0.00015370133530451515
1964,73,6.0,2381.091999370848,0.3746470588235294,0.07252951074262874,50,0.39738315800491836,0.2553272450532724,0.00016079575280545606
1965,84,6.0,6060.630689781188,0.3852994555353902,0.05255000532361662,45,0.4094232480242969,0.1827309236947791,0.00020734164353963192
1966,210,6.0,48104.4581799599,0.40535896130346233,0.09033943548416674,45,0.43676401318892333,0.06484392800182273,0.0005185004985093993
1967,114,6.0,21941.67128746889,0.39898515316669797,0.08833948512255851,45,0.42508504736486996,0.13972985561248252,0.0002686775275393805
1968,80,5.0,2824.73691038262,0.39273601775914163,0.10346773386842009,53,0.4169126498142258,0.20284810126582276,0.00016564985910013432
1969,6,7.0,61.45678267446788,0.2741713301764959,0.00022146382194373546,5,0.2822462224016688,0.4,5.631346242054063e-05
1970,118,6.0,13159.317538959205,0.39302684356680034,0.08567243002799517,45,0.4196236981211305,0.1429813124728379,0.00025621554092597037
1971,61,6.0,3356.7372096749045,0.39322096684571217,0.06936915362951057,45,0.41587114670018377,0.10546448087431695,0.00014329020925703744
1972,38,6.0,2647.226848218754,0.3685337345214674,0.041797896907204826,29,0.388349819437892,0.16073968705547653,0.0001054502918267093
1973,45,6.0,460.10602350943367,0.3656142365097589,0.048756465981198226,38,0.38512848694194407,0.3888888888888889,0.00010843492171761898
1974,9,6.0,84.1552598494195,0.3098666926145762,0.005225951875298637,8,0.32147903909560627,0.5,4.8709507699871114e-05
1975,80,6.0,9871.840450690468,0.38804606104916833,0.0537660817370264,44,0.4123357931648247,0.12278481012658227,0.00020485465646202328
1976,85,6.0,4005.8692756805644,0.3814000838373555,0.0683431671164718,49,0.404511435599526,0.26666666666666666,0.0001857827316975111
1977,75,6.0,2801.573248336599,0.3981869334166927,0.11079681045394846,54,0.42244203694983706,0.24144144144144145,0.00015313247767179648
1978,68,6.0,3505.142861386802,0.4090558766859345,0.1006319752637125,52,0.43226304495738566,0.15583845478489905,0.00014944543128595143
1979,301,6.0,87933.89800119781,0.45754310344827587,0.3293602133219816,56,0.4861412047940852,0.09840531561461793,0.000652260739195809
1980,44,5.0,6586.918960535441,0.3680651872399445,0.03162280381487857,31,0.3877191605170769,0.13424947145877378,0.00014065259973945174
1981,38,6.0,1141.5988046561372,0.3617927743694615,0.029365355006654843,33,0.3803239650389745,0.3485064011379801,0.00010039020414521029
1982,2,7.0,169.65392944937838,0.24057565913726675,2.1231535988693672e-05,2,0.24476594217527817,0.0,5.6091965360439416e-05
1983,5,7.0,35.12837110012071,0.3230207435208196,0.005917626408577874,5,0.33312548131198483,0.4,3.4287883174976374e-05
1984,154,6.0,9489.687774967357,0.4106647752917661,0.23419399451928746,56,0.43876328047316926,0.1520244461420932,0.00028533216492111486
1985,62,6.0,3558.444698560711,0.37787006822901215,0.05486157812102279,43,0.40008897262783527,0.13484928609201483,0.00015052235230359222
1986,161,6.0,12149.569190598788,0.39148073022312374,0.07645351879335055,45,0.4206442664992111,0.1045807453416149,0.0003704318929436507
1987,207,6.0,23372.14122534273,0.4331179870792248,0.2546699466106862,56,0.46169466687605754,0.1115332301486797,0.00040848534939448534
1988,40,6.0,442.8107801192646,0.3650902837489252,0.04724368198124689,38,0.38483278379649943,0.27564102564102566,9.32068967298745e-05
1989,51,6.0,7976.988657672844,0.37847634894223914,0.04855019537204123,41,0.3997671010624408,0.13176470588235292,0.00013813724630270713
1990,114,6.0,8654.04300228149,0.4202850732479873,0.1722368644109321,56,0.44540482545668986,0.16022356776897997,0.00022463918930034195
1991,99,6.0,5447.132059045821,0.3918179021839434,0.10251257228766164,53,0.41712461401582673,0.1544011544011544,0.00020627136218628281
1992,65,6.0,1700.5491662659756,0.38686752110793904,0.07258220655432529,49,0.41002773852516194,0.17548076923076922,0.00014142725032462167
1993,82,6.0,3156.3469197934537,0.3853227660475528,0.07795253246760196,50,0.4088920290992955,0.1728395061728395,0.00017946503856659286
1994,55,6.0,984.3595426607881,0.3645469635395799,0.060641333233769204,43,0.38457109959699093,0.3420875420875421,0.00012867695929903443
1995,96,6.0,14131.665010194463,0.39509925558312653,0.07303984863422547,48,0.4200345423143598,0.08048245614035088,0.0002390717604303924
1996,32,6.0,881.9201808485758,0.35706677131804676,0.02739677272939297,28,0.3745590621238108,0.2782258064516129,8.732923633577836e-05
1997,100,6.0,1337.414474499889,0.3857662023016354,0.16841225474853777,56,0.4109017637515184,0.3694949494949495,0.00018534274587846797
1998,36,6.0,1532.7117364095739,0.35373507359066925,0.01973478370177137,31,0.37209923064843214,0.22857142857142856,0.00010044035252170563
1999,24,6.0,889.2392871885384,0.35614829726555947,0.016542185586107754,22,0.37330821165016137,0.15217391304347827,7.8064687621851e-05
2000,29,6.0,523.2641407872798,0.34013351134846465,0.016240152370807656,24,0.353985450358482,0.3029556650246305,9.141733227585505e-05
2001,200,6.0,13452.082549790934,0.41728362707200417,0.332343197008526,56,0.4473177369550951,0.20195979899497488,0.0003588740356212826
2002,7,6.0,0.3611079087288325,0.32501530924678507,0.013195985604894933,7,0.33633223425966924,0.8571428571428572,3.472235399353203e-05
2003,130,5.0,11153.708639815723,0.41193971929370676,0.15904977301390305,56,0.4383707541739078,0.14382826475849733,0.00026929394557270367
2004,28,6.0,694.8627790951248,0.34153796653796653,0.01655847360608294,25,0.3560815407965413,0.22751322751322753,9.024962550290671e-05
2005,42,6.0,1600.71558257627,0.36983914987515243,0.04448813332897623,36,0.3903464698801402,0.13588850174216027,0.00010338670584028104
2006,26,6.0,353.32576284395196,0.35330337826593444,0.027655166807831533,25,0.36926519076776243,0.2123076923076923,7.611761027654923e-05
2007,77,5.0,2494.5276807368245,0.3958605258250979,0.10923821522844715,53,0.419767624430862,0.20198222829801776,0.00016271242652049294
2008,34,6.0,376.23707365110636,0.3605230386052304,0.03413101656197401,32,0.37897367456951214,0.22638146167557932,8.561082782198014e-05
2009,4,6.0,1.6137358755767162,0.299957613149343,0.0036791284812984475,4,0.30954623959804717,0.6666666666666666,3.1162838354939354e-05
2010,176,6.0,12214.05082304897,0.42776546443683255,0.30005481961472896,56,0.4549903176846663,0.13857142857142857,0.0003218414459800054
2011,103,6.0,5115.924424361851,0.41079721362229105,0.15515208685532866,56,0.43590045533055016,0.16371597182562345,0.0002033369303308807
2012,33,6.0,912.9487614949054,0.3342254408060453,0.009874068760471642,28,0.35018056209763254,0.19886363636363635,0.00010283275795539098
2013,113,6.0,6360.193636605905,0.4080076873798847,0.13654280494581028,55,0.43376249542056666,0.15186472819216182,0.00023092067424797358
2014,131,6.0,4030.044216482461,0.41255343956471047,0.20463672982872996,56,0.4392735646622114,0.18567234292425133,0.00024583873669845117
2015,119,6.0,8283.11604836101,0.4119130772215755,0.15788450148028754,55,0.43804364892452263,0.1243412619285002,0.00023734710831936233
2016,28,6.0,571.7862460929775,0.3365567533291059,0.012902891466375738,24,0.349733082116473,0.3994708994708995,8.739851813379767e-05
2017,3,6.0,628.7908515303376,0.26116373477672533,0.00011633192446443028,3,0.26713246454179224,0.0,6.180135509989036e-05
2018,127,6.0,16319.014861133299,0.4073813483433542,0.1208240757177919,55,0.4339456743602219,0.1526059242594676,0.00028027517101628617
2019,35,6.0,1577.0517041946198,0.36440096120837623,0.024424557282073524,30,0.3832888470194013,0.026890756302521007,9.396969239131398e-05
2020,193,6.0,23833.923428649094,0.44223024579919457,0.29867551869553355,56,0.4684435023813638,0.1276986183074266,0.000385641796545792
2021,6,7.0,74.8780080086429,0.301106278366112,0.001431398752941906,6,0.31026474964298073,0.26666666666666666,4.34885023991497e-05
2022,40,6.0,668.7877930137049,0.36702587448856105,0.046671792473240416,36,0.3867509289788958,0.27692307692307694,9.862056020504144e-05
2023,110,6.0,6018.151653916599,0.407616,0.15252682208094967,56,0.4327026744125585,0.18198498748957465,0.00022130102226511187
2024,137,6.0,6401.412344672242,0.41788596548782886,0.16551377866748115,55,0.44443659391851076,0.21082009446114214,0.0002688292650369795
2025,17,6.0,452.08899649478764,0.33519288458502183,0.008448941018175763,15,0.3480295179776757,0.2426470588235294,6.648253413777297e-05
2026,105,5.0,9066.78670878195,0.4117266791647812,0.15159133846358436,56,0.436452608991513,0.19780219780219782,0.00021002521405930362
2027,47,6.0,1229.1240439305914,0.35310750124743584,0.02010395701520502,37,0.3724498874757721,0.1646623496762257,0.00012566427600443247
2028,187,6.0,21394.195089688143,0.42089611419508327,0.24630673055644123,56,0.44984822316433737,0.14559254786958772,0.00036064081503990814
2029,8,7.0,2.593618344446023,0.3285699546017334,0.00865163930698536,8,0.33950010841199746,0.7857142857142857,3.8087797238032796e-05
2030,176,5.0,28681.443153716336,0.43599397590361444,0.2604322177973911,56,0.4620557910713775,0.12467532467532466,0.0003616658196162547
2031,27,6.0,419.3340403614855,0.3516259040468172,0.022904006157527322,26,0.36785994661640287,0.14529914529914528,7.547613621480568e-05
2032,9,6.0,5555.672008910216,0.3428986755679983,0.011440629272199975,6,0.35556340608151754,0.3888888888888889,8.30462034588519e-05
2033,6,6.0,26.085875815040154,0.3230698995637618,0.006197239036030616,6,0.3335976343748118,0.26666666666666666,3.6885889833897054e-05
2034,10,6.0,7692.246790004636,0.3374841034336583,0.007825365105300864,8,0.3486104569005848,0.2888888888888889,7.181255156076064e-05
2035,253,6.0,25706.67596686276,0.4403955192919375,0.4281937235986285,56,0.4704610875595721,0.15079365079365079,0.00045359509290578495
2036,4,7.0,1.5270262953325588,0.29284105016322587,0.0010161882698275849,4,0.3017443121070057,0.8333333333333334,3.4716791929135554e-05
2037,128,6.0,12455.270396031918,0.39319669094949994,0.19147375337553402,56,0.42034332966977805,0.250369094488189,0.00025777868580015886
2038,26,5.0,2897.8239570054825,0.3495033748559513,0.02152819519678427,21,0.3649578688438582,0.1323076923076923,9.811526128971357e-05
2039,32,6.0,933.8036230733522,0.35019519436960467,0.014696382487796346,29,0.36710891296381337,0.2217741935483871,9.346033361304881e-05
2040,43,6.0,903.6121918786755,0.3634236804564907,0.03904246697572863,37,0.38227874600930045,0.39091915836101887,0.00010530679637918987
2041,334,6.0,55218.849818790426,0.45496106864776054,0.5162093592755465,56,0.48659391845923405,0.10116703529877183,0.0006081135828161827
2042,8,6.0,31.48893335817356,0.3225463384989365,0.004940376770022708,8,0.33249332705288803,0.5714285714285714,4.082338095718869e-05
2043,70,6.0,3270.68378899832,0.37699775068071506,0.05040962330388468,47,0.3995420526508625,0.23436853002070393,0.00016338587626389212
2044,43,6.0,701.5463628272855,0.36917458845351264,0.05046935324533719,38,0.3893075836080923,0.22591362126245848,0.00010043990941626977
2045,39,6.0,11559.701265527638,0.3619161268325946,0.05101181220197673,33,0.38073480923220177,0.15654520917678813,0.00012674596643645982
2046,15,6.0,173.293296415345,0.3240726606624943,0.004459432920885593,13,0.33671952687494217,0.19047619047619047,5.9837533691286005e-05
2047,83,6.0,9653.720329872885,0.37204275950698057,0.04007815430440506,44,0.3950908044172248,0.1704378489568028,0.00021646398404701522
2048,55,6.0,3587.0860925479806,0.36400525804423617,0.031901690196945325,41,0.38429894802950193,0.21683501683501682,0.0001463372561449813
2049,63,6.0,2587.3981545486254,0.38501994922016686,0.059770726162122895,47,0.40757052389177906,0.21863799283154123,0.00014551367072299036
2050,1,7.0,0.0,0.24113126112141747,1.8685776313898834e-05,1,0.24545043327427707,0.0,3.0284072426727725e-05
2051,39,6.0,764.891194861861,0.34672546137514293,0.03285707742182258,37,0.3636415973203303,0.7233468286099864,9.735147890053439e-05
2052,16,6.0,64.25128705022915,0.32264437689969605,0.007236635712390642,15,0.3334432406971021,0.575,5.767279611431239e-05
2053,11,6.0,38.262960327833184,0.35304878048780486,0.02106193880659067,11,0.3685821950070455,0.5454545454545454,4.3470399934293286e-05
2054,57,6.0,1940.94815465377,0.37933293627159026,0.06918256344826149,49,0.4014942167791952,0.16040100250626566,0.00012865333552311526
2055,54,6.0,2698.394915734319,0.3794233289646134,0.04719827026886495,41,0.40100225048411997,0.2802236198462613,0.00013765402581880317
2056,41,6.0,807.2665104708154,0.35312707917498337,0.02730802448722451,36,0.3706625843931344,0.2817073170731707,0.00010827100604419967
2057,128,5.0,11901.919053181462,0.41212631034036495,0.1418114488414648,55,0.438467577327726,0.10900590551181102,0.0002702979050241566
2058,49,6.0,1748.6742628583397,0.3734826716706738,0.0598854303680825,43,0.3945857539121753,0.17942176870748297,0.00011532585064778004
2059,26,6.0,976.8611871845995,0.33139081117644,0.007358197274840273,22,0.34678651803001453,0.13846153846153847,9.21029958105494e-05
2060,71,5.0,3731.843760884358,0.36757661453223295,0.042036731911050416,45,0.3884230910137535,0.2768611670020121,0.00017380865087935008
2061,11,6.0,250.1327290105109,0.3334904178448005,0.009797604374848808,10,0.34472182969589416,0.21818181818181817,4.969858738327471e-05
2062,9,7.0,94.54737240396425,0.3202433628318584,0.0034204624860649803,9,0.330919483510133,0.4722222222222222,4.3786086585620364e-05
2063,30,6.0,13454.781438853099,0.33180515759312323,0.0049569343261202745,15,0.34428220024071976,0.29885057471264365,0.0001783325434611781
2064,52,6.0,3269.6747867245344,0.39011392870268286,0.05325780304295719,40,0.4124012142147033,0.167420814479638,0.00013091455688551135
2065,7,6.0,29.30651279828393,0.32576338806199173,0.006332756202139741,7,0.33647092688540897,0.2380952380952381,3.713505745956232e-05
2066,148,5.0,7017.116140765923,0.41416309012875535,0.2265481982322938,56,0.4415816193018743,0.1598639455782313,0.0002759634810508337
2067,118,6.0,6063.8796386053,0.40008794522268987,0.1510030466619058,56,0.4263044957345788,0.19716065478777342,0.00023226496061695332
2068,27,6.0,322.78822917519807,0.3558498156218572,0.030635242639984867,25,0.3724682053697415,0.4188034188034188,7.855128984846234e-05
2069,41,6.0,447.0747748553127,0.37407494420298365,0.0583914678971379,38,0.3947165960119299,0.35853658536585364,9.795557860700876e-05
2070,63,6.0,2892.1600079708787,0.3985357612164445,0.08451358026553867,46,0.42153660961953915,0.15207373271889402,0.00014511944342898188
2071,21,6.0,30.820897284806716,0.34033344020519396,0.021491893120031018,21,0.3535275030093435,0.5238095238095238,6.368788779677474e-05
2072,97,6.0,5447.257477663631,0.4030757546990697,0.10625484571092332,53,0.42824095881094115,0.17117697594501716,0.0002086396461034648
2073,150,6.0,6791.90237948325,0.4120196661922629,0.23083201225752661,56,0.4399016067410306,0.22031319910514544,0.0002755518117674651
2074,98,6.0,6201.041001598357,0.4036889142422514,0.0956174536157135,51,0.42927461139899886,0.12455291394908478,0.00020929007016285615
2075,63,6.0,4993.828661452759,0.38172010788133054,0.04687642460195528,39,0.40367666300309507,0.11315924219150025,0.00016226548232168433
2076,15,6.0,345.52534915086636,0.34208830164357074,0.009054818213796159,14,0.35524938504210696,0.17142857142857143,5.809684594185767e-05
2077,212,6.0,30069.485711554953,0.43881769326167835,0.2568158398730049,56,0.466818443502421,0.10234284181346687,0.00041854449607374314
2078,1,7.0,0.0,0.3098968470221876,0.0015603016455856074,1,0.3178038714308004,0.0,2.5508839141751562e-05
2079,155,6.0,5860.269978422742,0.4135445750275956,0.2805413187736864,56,0.4413408698383265,0.21340594888981987,0.00027725610642123123
2080,36,6.0,1659.755872039211,0.3337700450686511,0.008988665359254293,25,0.35082168838642663,0.08571428571428572,0.00011792163999456987
2081,2,7.0,6.095145865767141,0.26476823945125755,0.00018632714322758064,2,0.2716139933756541,0.0,3.345958496374675e-05
2082,29,6.0,467.5028433148795,0.358695652173913,0.03200128707481187,28,0.37632281362849535,0.2118226600985222,7.797634973834366e-05
2083,153,6.0,27734.963524696162,0.41722895512610547,0.14269762558236457,55,0.44404145077725315,0.08634330925352597,0.000352689082705725
2084,177,6.0,8650.122059284637,0.4128743679502139,0.28347882325020607,56,0.4418982571832784,0.187211093990755,0.0003235732385329142
2085,33,6.0,890.5033497631104,0.37111059317095907,0.0511668275964289,31,0.3909875961689362,0.2878787878787879,8.238056455123059e-05
2086,38,6.0,2753.9638218313307,0.34973367744769646,0.014379141539272172,28,0.3656356309205849,0.2901849217638691,0.00012179476564097573
2087,2,6.0,0.0,0.30806810486601527,0.002132552946276243,2,0.3174831213691193,1.0,2.8001032270517874e-05
2088,1,7.0,0.0,0.26127087008245475,0.0001302751114078659,1,0.26765097309138947,0.0,2.6651618631410075e-05
2089,19,6.0,58.463558247334596,0.34574670213343467,0.023790383590082034,19,0.3599754016852241,0.5906432748538012,5.963851104280541e-05
2090,8,6.0,618.0571480728826,0.3217479161404395,0.005695560850351971,7,0.3317763123462364,0.14285714285714285,5.294211148131614e-05
2091,1,8.0,0.0,0.20637698065519589,1.136065254903532e-06,1,0.20924605043779015,0.0,5.5213630068373026e-05
2092,5,7.0,6.2673505565260434,0.28990850744230506,0.0009214655253831238,5,0.30039925532153694,0.1,3.596889305214471e-05
2093,189,6.0,15293.980431214452,0.4311535337124289,0.3072459235023759,56,0.45858847542789977,0.1609816503433525,0.00034266327304612835
2094,26,6.0,1337.3248242487052,0.36846977147816024,0.022596133047217307,23,0.3876040194692936,0.11076923076923077,8.167309085217422e-05
2095,104,5.0,4772.086507662094,0.38231586529803707,0.05752683642091479,45,0.40707594075470643,0.1840926064227035,0.00024241743841160631
2096,61,6.0,2167.465409588416,0.3863746663431206,0.06537235745591381,48,0.40891558067725187,0.1923497267759563,0.0001373304465795816
2097,11,6.0,68.59922458816864,0.3285191107443132,0.0051308294428457114,11,0.3405505835557382,0.18181818181818182,4.964125530804623e-05
2098,13,6.0,105.13251037859222,0.3226770696119161,0.004952266880392893,13,0.33593970796040945,0.16666666666666666,5.3272167722249494e-05
2099,26,6.0,891.6710924018673,0.3459720788744636,0.012611961730982838,22,0.36178102266182766,0.15692307692307692,8.462098022640655e-05
2100,3,7.0,0.0,0.24253617669459254,4.02448893971492e-05,3,0.24732222296990033,1.0,4.638214644668335e-05
2101,220,5.0,36564.609297671035,0.44021288360519767,0.26182777117796424,56,0.4682079866018085,0.08493150684931508,0.00044863151483495105
2102,12,6.0,52.40888595213588,0.32239939255884587,0.012921850176239811,11,0.336209242685904,0.45454545454545453,5.029977523359063e-05
2103,64,6.0,4350.710365966222,0.3936341161928307,0.06946803569588571,45,0.4166509656147183,0.18898809523809523,0.00015918329696213717
2104,21,6.0,165.36322714242937,0.359140633810759,0.02938034861702792,20,0.37672580729573735,0.38095238095238093,6.412057629402676e-05
2105,86,6.0,3640.4037834413484,0.4044579919984759,0.12018084914209021,53,0.4290260114094666,0.22818057455540355,0.000182448684632581
2106,158,6.0,9537.853324776032,0.4203960396039604,0.2745586079570146,56,0.44783063798613026,0.23687817463516894,0.0003003099814762429
2107,122,6.0,6135.70161441022,0.4066790115573718,0.13884916442616402,56,0.43257444915479876,0.23939845549383554,0.0002500730997374897
2108,100,6.0,6654.791446912024,0.3640676803475477,0.037620704283776056,45,0.3876249542052505,0.13575757575757574,0.00024673256899157624
2109,61,6.0,3746.560163860402,0.3671951571057942,0.027608842307291333,35,0.3881561731302548,0.14153005464480872,0.00017225956369643715
2110,62,6.0,3095.0560658283653,0.4005912321529656,0.0867211670359968,49,0.42395457162299593,0.16763617133791645,0.00013722027191808738
2111,146,6.0,3428.877042266339,0.3976151829192159,0.24509751939134547,56,0.4253257968284165,0.30344827586206896,0.0002617066312361114
2112,8,6.0,2.134507208765933,0.3307368749026328,0.008089910757732646,8,0.34124928036842245,0.7857142857142857,3.9290600936162266e-05
2113,66,6.0,1703.5055645796376,0.3802615081497403,0.07031490824816995,51,0.40275291777883027,0.3025641025641026,0.00014276573979291846
2114,4,7.0,43.71930743391999,0.27300784431394404,0.0005371863580582437,4,0.2812099529716172,0.6666666666666666,5.854865231869379e-05
2115,5,7.0,13.52726023859925,0.3073545024611524,0.003659713176837295,5,0.3177436840649161,0.3,3.3680198948555603e-05
2116,59,6.0,7722.0357297534865,0.3772880753509863,0.05861302815711545,45,0.3991285916156399,0.22910578609000584,0.00014815361467286728
2117,17,6.0,108.40237390610623,0.33434825975116805,0.014105779612869932,16,0.34771288009627194,0.3161764705882353,5.7245457007579896e-05
2118,85,5.0,2602.056325854955,0.3895889405431857,0.0914633539744433,53,0.4134872036426618,0.21708683473389354,0.00017859668826768798
2119,1,7.0,0.0,0.23927417537005033,2.7827708031538604e-05,1,0.24383696326702578,0.0,3.1411985678111744e-05
2120,13,6.0,152.2294481069395,0.3240561717716495,0.004738659221000579,13,0.33658083424920265,0.12820512820512822,5.324786786778577e-05
2121,27,6.0,905.4693934996369,0.35754785830573177,0.033141162499900824,25,0.37525775893649654,0.20797720797720798,8.025041006885439e-05
2122,28,6.0,5826.192653824166,0.34210667669334477,0.014346274714334329,21,0.35691107970898206,0.12433862433862435,0.00010256066479603401
2123,8,6.0,15.951490612845538,0.3480327868852459,0.015338828701914012,8,0.3624849531585061,0.4642857142857143,3.857369879521186e-05
2124,172,5.0,21448.78562255349,0.4382439964219363,0.26089168607631213,56,0.4642225362433008,0.13810689514483884,0.0003526289540891178
2125,10,6.0,368.8293672647163,0.3201789664186608,0.0037587039958917735,9,0.3297220913800984,0.022222222222222223,5.5836096116971694e-05
2126,71,6.0,3039.7402458357246,0.37230373531302974,0.045696276087746485,45,0.39514052441513164,0.16338028169014085,0.0001673255755955995
2127,53,6.0,943.6852375618614,0.39174560216508797,0.08723455381514734,48,0.4138666457319502,0.3178519593613933,0.00012071864513152573
2128,15,7.0,106.7864042548953,0.3250650742612157,0.004862919072366011,15,0.339018609484906,0.14285714285714285,5.813973860388072e-05
2129,89,6.0,31062.503441625737,0.3890891318956564,0.08271961744977421,49,0.4138457109959875,0.11389172625127682,0.00027345314558541227
2130,101,6.0,6610.33488638356,0.39399938137952367,0.08239425116060461,50,0.4192887423457608,0.16257425742574255,0.0002301862191520538
2131,19,7.0,590.25198334046,0.34113551151580074,0.013637927249221807,18,0.35486882144910714,0.38011695906432746,6.29405803177746e-05
2132,59,6.0,7966.116511607076,0.36943155452436194,0.04819293823114642,46,0.390158057256494,0.3921683226183519,0.00015289911357272868
2133,31,6.0,223.60833314525487,0.3522482163597146,0.02879965848707126,30,0.3690113570942382,0.3333333333333333,8.114414150751452e-05
2134,82,6.0,14802.500875431246,0.38291348524018515,0.04412487078657549,44,0.40668079761344966,0.12556458897922312,0.00021079386855173292
2135,49,5.0,2129.7536488020096,0.3799212598425197,0.0492796940217911,39,0.40077981891453857,0.18877551020408165,0.00012360890769841555
2136,48,6.0,4481.630635428759,0.34780471821756226,0.01413013644433229,30,0.36474590464225576,0.24822695035460993,0.00014256698764476502
2137,107,5.0,10727.381954112148,0.39632856253889237,0.11392377166181904,53,0.42151044119958675,0.16593193440310353,0.00023993707887301157
2138,88,6.0,3389.4786900829927,0.39983677569213383,0.113084373698105,54,0.42399120741092666,0.19566353187042843,0.00018277529688723364
2139,101,6.0,2288.30105579079,0.3922522633491409,0.15639172819350777,56,0.4176244308368876,0.4297029702970297,0.00019467093699966463
2140,2,7.0,0.0,0.2740415644765716,0.0003988543899212027,2,0.28282753515914827,1.0,2.9096263819224788e-05
2141,2,7.0,1.1689963725269794,0.3005521211835213,0.0013960763696462845,2,0.30936978968066364,0.0,2.7820184888732157e-05
2142,13,6.0,4490.547655696729,0.33684154855087795,0.00892975066106603,10,0.3486680274244757,0.06410256410256411,7.639368531512557e-05
2143,48,6.0,630.892339015301,0.35772860031453607,0.04310238878712986,40,0.37679122834561396,0.4352836879432624,0.00011229141967043062
2144,27,6.0,622.9161800320124,0.34595328625746874,0.01730653232990553,25,0.36111111111108835,0.3190883190883191,7.948233885261149e-05
2145,70,6.0,10668.32308129063,0.36738578680203043,0.028942999477446763,41,0.389053749934568,0.17018633540372669,0.00019174383363905023
2146,104,6.0,11216.58778291526,0.41100929272070214,0.13466922933304257,55,0.4358298005966832,0.22572815533980584,0.00023537769339449101
2147,37,6.0,559.0331271302578,0.3556312468591211,0.022699412983039728,30,0.3739885905688815,0.24324324324324323,0.00010235252363301099
2148,22,6.0,6610.250202530854,0.33948083790842704,0.009923398616980909,20,0.3537420840529376,0.34199134199134196,9.240445052835273e-05
2149,25,6.0,2040.1957475069605,0.3380035026269702,0.008980880175888824,20,0.3532187156539191,0.15,9.225660916137838e-05
2150,3,6.0,32.46280925710675,0.3134658923122355,0.0020745886548690392,3,0.32207306222848553,0.0,3.0207313701540473e-05
2151,277,5.0,26057.557669781734,0.4373712402142563,0.42254357830786393,56,0.4685010729052618,0.14155286977449905,0.0005137374132235282
2152,108,6.0,6712.740974131744,0.38780977896851976,0.06656990299391324,45,0.4135500078505424,0.15091727241259953,0.00024864468908206166
2153,89,6.0,4385.549373957784,0.40112104799093085,0.13020092422401333,55,0.42549327471610426,0.17236976506639426,0.00018715068090158264
2154,41,6.0,3240.276064701839,0.3525016603940669,0.015550208006977234,27,0.36958182864916667,0.3390243902439024,0.00012888881478268475
2155,18,6.0,34.68714546224015,0.3314253005151689,0.02801159543215235,18,0.3446590254880138,0.5620915032679739,5.4850666976048635e-05
2156,18,7.0,1957.3265643735413,0.33173602791812073,0.0073454471453507164,15,0.34347770824451895,0.1895424836601307,7.953641148496786e-05
2157,1,7.0,0.0,0.2943840998382251,0.0012852788971506695,1,0.30336937098594946,0.0,2.5459009880859475e-05
2158,52,6.0,1076.8517358532508,0.3753093694755451,0.06514075424370196,45,0.39693567802376,0.33861236802413275,0.00011971639523437433
2159,270,6.0,54150.59560856677,0.45186236253990775,0.36302716126578416,56,0.48019312293927013,0.09577309651659094,0.0005408182310464685
2160,2,6.0,0.0,0.30682146642258407,0.0019145985736501588,2,0.3152221698853705,1.0,2.7838474288740826e-05
2161,10,6.0,156.45409963999643,0.3182272409313481,0.002721141510426421,10,0.32886900088970267,0.1111111111111111,4.881176896150453e-05
2162,95,6.0,5568.124824285425,0.3929056138186305,0.11007051965751775,55,0.41801434029415524,0.18633818589025758,0.00020699537816016374
2163,4,6.0,7.420840774700764,0.3283497448058978,0.006748363845267697,4,0.3391662741403409,0.5,3.171823662861521e-05
2164,89,5.0,4685.722539897219,0.3956883697813121,0.1051729381273657,54,0.4197362223269211,0.10291113381001021,0.0001916101569329756
2165,77,5.0,2576.8765439438043,0.4064454371410338,0.11565298101914645,51,0.42975349348410075,0.19172932330827067,0.00016421029054971618
2166,41,6.0,1276.0114156586615,0.36410930711182254,0.029373658613642113,33,0.3834066049091796,0.22804878048780486,0.00011221341713925218
2167,12,6.0,128.00794641379514,0.3371982210927573,0.017031047932212287,11,0.3493614905531721,0.4090909090909091,4.8200736332821714e-05
2168,37,6.0,413.6523490292521,0.3703337597395046,0.05672480734785563,35,0.39032553514418006,0.1981981981981982,8.779204282755814e-05
2169,19,6.0,317.1339536207536,0.3296583850931677,0.008444071371410521,16,0.3419479771811103,0.2631578947368421,6.830045873790257e-05
2170,152,6.0,7166.671450386718,0.40730319114919744,0.21500601021435836,56,0.43480399853460866,0.19118159637504356,0.00028342879713704855
2171,8,6.0,4.628916460616686,0.31770339701701,0.006582445876725168,8,0.3281389019730769,0.5357142857142857,3.8834732453328615e-05
2172,101,6.0,3672.327972935157,0.40399619410085635,0.13895913279890545,55,0.4291568535092204,0.20950495049504952,0.00020248801608698473
2173,157,6.0,14849.12965179712,0.4238653001464129,0.2597077028753455,56,0.4512822525776374,0.1830801894496162,0.00030100320797888855
2174,49,6.0,671.3037442520018,0.3674705746595892,0.04876484521068615,45,0.3879599099806238,0.41581632653061223,0.00011096256172953867
2175,24,6.0,773.6715527711509,0.3517424200585409,0.02406574773500175,22,0.36781022661849644,0.15942028985507245,7.510065439700269e-05
2176,77,5.0,5189.634494320225,0.39434090768373475,0.08945682817192963,51,0.41749882242112535,0.15037593984962405,0.00017336700849519644
2177,1,7.0,0.0,0.29960485464295794,0.001029845428798741,1,0.3078075350096013,0.0,2.5704545483983002e-05
2178,43,6.0,2645.3359194355985,0.3480137697393585,0.014307910725924045,28,0.36569581828646835,0.14174972314507198,0.00013349552471047908
2179,23,6.0,145.0934864687795,0.35764824797843664,0.02777260971187593,23,0.3747422410634664,0.29249011857707513,6.733856218764676e-05
2180,16,6.0,327.86112021831406,0.33063385765457093,0.006341956401129613,14,0.3436122886899819,0.175,6.506471671626246e-05
2181,170,6.0,16282.169750873214,0.3931238812418986,0.09273969340304111,45,0.4230203590307464,0.12718412808910545,0.0003819224212621174
2182,35,6.0,2895.267665414011,0.3632578566132436,0.021625095892319816,29,0.3820981839116391,0.15294117647058825,0.00010862779711289861
2183,14,6.0,269.03457561075504,0.34013351134846465,0.015325428473956598,14,0.3541189093002293,0.13186813186813187,5.54281449259198e-05
2184,3,7.0,3.5763044346793467,0.30392250429471274,0.0017403645050261397,3,0.3129077600580101,0.6666666666666666,3.200313725258796e-05
2185,77,6.0,1506.7580594179174,0.3779373368146214,0.11987956640322152,56,0.40120113047574496,0.310663021189337,0.0001519774636244946
2186,40,6.0,1135.3129330893819,0.35987117188382867,0.03198212110768798,32,0.3792798450829352,0.20641025641025643,0.00010627339716452278
2187,179,5.0,19492.757474690443,0.422936449963477,0.20444724697698538,56,0.4510572041660635,0.12717343544033644,0.00035307823238632703
2188,157,6.0,15885.431978859091,0.4168466522678186,0.16920031476093228,56,0.4447846339038559,0.1464968152866242,0.0003234582406778675
2189,30,6.0,441.67971647257923,0.3426219807412986,0.023418071415742852,27,0.3577720207253635,0.36551724137931035,8.355722839018655e-05
2190,107,6.0,5489.7742596763155,0.3768639053254438,0.051002965957135646,45,0.4017297325587506,0.14635866690178098,0.0002498061939879361
2191,137,6.0,8525.803488344362,0.4222914732794059,0.18360665293445444,56,0.44831737059721366,0.16262344353799915,0.00026605074319518355
2192,143,6.0,4951.786430283874,0.412313070499126,0.2917396972302952,56,0.43979169937723733,0.25490002954791685,0.0002562442819569805
2193,92,6.0,2594.9553130820195,0.3810805959432777,0.13372048101638326,56,0.40540116187785336,0.28953655040611564,0.00018647117757992023
2194,58,6.0,3795.4147767048607,0.38172010788133054,0.05113322686333749,37,0.4037080651070361,0.21718088324258922,0.000147674871237607
2195,62,6.0,3923.3044161860225,0.39451189296333,0.08909979174745482,46,0.4176898518867664,0.14013749338974088,0.00014330877356021895
2196,12,6.0,65.54566941389746,0.32561349693251534,0.004874083086821573,12,0.33812215418430486,0.18181818181818182,4.9917349814213874e-05
2197,2,8.0,24.62814255912507,0.24641157581150616,3.323768607603574e-05,2,0.25052542448916165,0.0,4.737884385930583e-05
2198,90,6.0,3296.7260362512975,0.39966114457831325,0.14034355313327065,56,0.4237242895274282,0.35805243445692886,0.00018345381969490216
2199,36,6.0,724.8305761137029,0.3795589988081049,0.04705132537320729,31,0.4004082273512366,0.2587301587301587,9.597861479842092e-05
2200,230,6.0,25605.825148406628,0.437401277384795,0.2934800837169605,56,0.46641806667717556,0.11057528004556673,0.0004471682721621795
2201,52,5.0,3103.888987827471,0.3778252358070831,0.05972218378875713,41,0.3990396189878076,0.1515837104072398,0.00013273090595303797
2202,53,6.0,2152.202054962085,0.385462688373782,0.05874299385353816,40,0.407850525985253,0.15529753265602325,0.0001233611453087648
2203,21,6.0,565.2535198789352,0.35746758713588145,0.022935411001816768,17,0.37441513581408126,0.3476190476190476,6.952945235140364e-05
2204,128,6.0,9360.70463114674,0.4031778185731468,0.13643590486589693,55,0.43000732715762124,0.12229330708661418,0.0002694944411201295
2205,61,6.0,7383.112549202222,0.3712620227338968,0.027970792912272946,35,0.39314125713088843,0.09234972677595629,0.00017647107078447253
2206,53,6.0,4684.865683011108,0.36915319074943487,0.03316892267449162,42,0.38962160464750206,0.181422351233672,0.00013948447418017692
2207,47,6.0,1179.939498437384,0.3753757293569871,0.08132361119735475,42,0.39618726121316683,0.3191489361702127,0.00010798715809878616
2208,9,6.0,39.250066074159925,0.3299316203895566,0.005910175570943026,9,0.3425341497880077,0.5,4.300430682407377e-05
2209,27,6.0,256.76546262565324,0.34929253043764397,0.02418251668321728,27,0.36518815093942464,0.3418803418803419,7.37298787199973e-05
2210,7,6.0,34.508443500511056,0.30216339311130086,0.0014153350636681883,6,0.31183335950174546,0.2857142857142857,5.190521704666917e-05
2211,63,6.0,1873.9883222984527,0.38174298729321504,0.0772910479051706,53,0.40454283770346705,0.2452636968766001,0.00013390126275777956
2212,2,7.0,0.0,0.2881509297380446,0.0007030168327586148,2,0.2978190491143894,1.0,2.7864647246480146e-05
2213,17,6.0,202.90441755973166,0.34835639665262813,0.020795878371370077,16,0.36293243313966583,0.27205882352941174,5.7379515397524295e-05
2214,105,6.0,7414.826360695988,0.4006164297395899,0.08755931697256276,50,0.4257340241796514,0.1523809523809524,0.00022955911194996034
2215,2,7.0,11854.845180944703,0.2820263029712616,0.0005619365442994768,2,0.290442171530263,0.0,6.309351217391892e-05
2216,175,5.0,21058.729427057322,0.4236115729963419,0.2151952151382368,56,0.4515910399330587,0.13129720853858787,0.00035206160708428733
2217,31,6.0,224.02771440044685,0.3652368390870513,0.04143089392530216,29,0.38377557963048664,0.46021505376344085,8.007535896733231e-05
2218,42,6.0,1246.6133602555174,0.3506579309585421,0.019426215547961218,33,0.3680614434500231,0.22880371660859466,0.00011488486328263672
2219,26,6.0,146.60337079775223,0.3428433008558971,0.01907563692927618,26,0.3577955723033192,0.5661538461538461,7.341274895362925e-05
2220,55,6.0,1249.8019488551356,0.373657964212379,0.06564587880309343,45,0.39529230125084747,0.18585858585858586,0.00012014251348025785
2221,17,6.0,290.1924569136676,0.34044259140474664,0.011823037580190387,17,0.35399591772646194,0.07352941176470588,5.7299743651043544e-05
2222,5,6.0,2.680362988510547,0.3067475798295044,0.00251869758831541,5,0.31625843931542297,0.7,3.457731226150997e-05
2223,88,5.0,3258.618893695664,0.38346679511108434,0.09675407321200591,51,0.4075286544198565,0.2421630094043887,0.00019143407392150516
2224,36,6.0,1497.997327803474,0.3561682138463259,0.031092983415895094,29,0.3746297168576762,0.18412698412698414,0.00010122759040035837
2225,372,5.0,90775.54481162361,0.4675524886213478,0.5920328933820069,56,0.4976945622023593,0.09062980030721966,0.0007034480439245677
2226,49,6.0,1315.5493852347934,0.37985328323492573,0.05166511487180015,41,0.40158580624902346,0.19557823129251703,0.00011407509760694589
2227,116,6.0,4005.6946755653953,0.3737018130610808,0.05873526894321945,45,0.39888784215208956,0.21499250374812595,0.00026603888014258405
2228,97,6.0,4572.6274665861565,0.40574632095304836,0.13184406417397218,55,0.43074004291624596,0.20833333333333334,0.00020270109087471442
2229,61,6.0,2305.7032483564803,0.36038024104566285,0.02876738222348015,39,0.38183126602813794,0.17978142076502734,0.0001596232524134906
2230,103,6.0,3002.449284388335,0.40743346980552714,0.1560771024285782,56,0.4325665986288141,0.23548448505615838,0.00020120483252629288
2231,145,6.0,9126.65423314414,0.41042660136615544,0.2138384444157559,56,0.4378552363008758,0.22567049808429118,0.0002730153823119521
2232,166,6.0,13559.458253283281,0.4245716952203186,0.23867010778710762,56,0.45247029884340323,0.16516976998904712,0.0003117558416381133
2233,124,6.0,9626.339406381874,0.3973919011667811,0.17467527581872347,56,0.42444915476006395,0.22777340676632574,0.0002453470124254445
2234,9,6.0,29.28761613264802,0.30827686350435624,0.0023204737241651324,9,0.3210053906944982,0.2222222222222222,4.4912915901349304e-05
2235,77,6.0,4894.526055430525,0.39210736932832607,0.08448044607123581,48,0.41627414036742544,0.1722488038277512,0.00017228525944964864
2236,87,6.0,2656.8858779503453,0.39409689994431035,0.11500844583425003,55,0.41832312764957585,0.2453889334402566,0.0001804378034616274
2237,31,6.0,582.5816579992875,0.37176044828391314,0.04900001656805159,28,0.39194797718113167,0.25591397849462366,8.105878925942655e-05
2238,22,6.0,114.04322118372404,0.33929998401789996,0.033613063965714715,21,0.3536007745852031,0.47619047619047616,6.360947449377203e-05
2239,83,6.0,4540.964630493082,0.3951482814244944,0.10584541073540042,51,0.4194169676035206,0.16985013223626214,0.00018001206370135377
2240,5,6.0,113.99644158385688,0.3100929938166415,0.002197958293219615,5,0.31877322447269224,0.2,3.8548582160512475e-05
2241,87,5.0,4405.907978971494,0.39687188434695914,0.10082891462886727,51,0.4211074475323446,0.24619085805934243,0.00019032110695138047
2242,125,6.0,24538.77193547116,0.4143247462919594,0.13748689455765245,55,0.4403595540901714,0.05832258064516129,0.0002881073261309453
2243,153,5.0,5753.344130148741,0.403586591470756,0.27896176898550895,56,0.43164547024654265,0.22256621947024424,0.0002725550827188008
2244,84,6.0,2858.0906962288,0.3884957911431011,0.08208713566605372,51,0.41279897419795447,0.24268502581755594,0.00018232186608206622
2245,2,7.0,0.0,0.27303125133964934,0.00035258522518467596,2,0.2813957487532682,1.0,2.8725703679368135e-05
2246,3,7.0,0.0,0.2843049727702884,0.0008396535740917165,3,0.2933300435891176,1.0,3.0856743385879605e-05
2247,1,7.0,0.0,0.2600759524684552,0.00013063444135556984,1,0.26613694307995006,0.0,2.817068646427857e-05
2248,68,6.0,941.8578279083399,0.38098941197583297,0.1119306094876973,54,0.4039435808865928,0.2664618086040386,0.00013747482026484002
2249,3,6.0,6.066087929782076,0.2795996312392994,0.00046306985870793753,3,0.2878212173549044,0.3333333333333333,3.671479642193256e-05
2250,126,6.0,9303.503955378685,0.3750662505152818,0.055273510781997735,45,0.4011697283718017,0.10755555555555556,0.00029315060764866446
2251,68,6.0,1156.6419975743358,0.37949115176071024,0.11632473832029755,55,0.40231328832365587,0.39025460930640915,0.00013750193105112644
2252,7,7.0,108.50023392739044,0.2602247191011236,0.00017316808251914754,5,0.266828163201222,0.5714285714285714,9.456021797119425e-05
2253,22,6.0,579.047595121034,0.33710898216270574,0.010838146556857567,17,0.3502014968335928,0.14285714285714285,7.993936210979672e-05
2254,132,6.0,4917.829906539507,0.4021087189847844,0.2037661950835722,56,0.42925629350503214,0.2536433032616239,0.00024845347623961674
2255,119,6.0,3207.025536319735,0.39343958487768715,0.18470776737284064,56,0.4194980897053669,0.29326306793904,0.00022251719623554
2256,35,6.0,1005.0328141231602,0.35098644329328776,0.028294335785464815,31,0.36811639713191974,0.2319327731092437,9.555432343164159e-05
2257,98,6.0,4555.578943308128,0.3894936399217221,0.0940414728859962,54,0.4143167425551025,0.28760782663580897,0.0002148622061917314
2258,122,6.0,8650.405953705618,0.4254793239361347,0.1838338584137553,56,0.44982728842837416,0.12816691505216096,0.00024204870791230958
2259,75,6.0,7563.314658785643,0.37315444105929224,0.06353281093766781,45,0.3953315538807733,0.17009009009009007,0.0001810680561767619
2260,46,6.0,868.2791340630741,0.3754642457112539,0.05659629070524145,39,0.39691474328779947,0.2579710144927536,0.00010900129978506501
2261,56,6.0,2616.7260481743497,0.37827403931816833,0.07248406625076567,44,0.40018579578165364,0.16623376623376623,0.00012651916603013003
2262,25,6.0,1412.8005795695433,0.34898630136986303,0.013354814459646718,21,0.36506777620765035,0.14666666666666667,8.712273002816399e-05
2263,6,7.0,1679.6917833102423,0.3075622947653081,0.001960537929810839,5,0.31678853673671103,0.13333333333333333,5.843667265071748e-05
2264,59,6.0,3345.550885689943,0.3747793338825468,0.0346161331774052,38,0.3968310043439563,0.14494447691408535,0.00015493580087032877
2265,67,6.0,1914.6824971571373,0.3943897454950771,0.10303124687420571,50,0.4177500392526532,0.2062415196743555,0.00014271040135699584
2266,168,6.0,8634.00091313666,0.42496830586508305,0.3012746309428137,56,0.45197833254833103,0.2023809523809524,0.0003103144315447811
2267,13,6.0,401.91991025042114,0.32974372249546985,0.005583272689515606,12,0.3420788192808644,0.11538461538461538,5.49459256128526e-05
2268,71,6.0,4561.352633462442,0.39632856253889237,0.081093826389726,48,0.42000052336842464,0.12756539235412476,0.00016518147888506577
2269,69,6.0,2787.654260079245,0.3897796817625459,0.08358060427022591,51,0.41321243523317847,0.11892583120204604,0.00015069328390532715
2270,99,6.0,5088.611976960632,0.40616032140807345,0.13962359996815035,55,0.4316611712985149,0.12471655328798185,0.00020006107037116448
2271,34,6.0,1069.7935402368407,0.3454279205987634,0.023067497315897564,29,0.36196943528547265,0.3101604278074866,0.0001047461423430209
2272,2,7.0,0.0,0.29954849026432134,0.0007942749917426347,2,0.30869613978421645,1.0,2.9421693156762394e-05
2273,127,6.0,2976.651207148791,0.4011463122756188,0.25054554581952915,56,0.4279217040875399,0.2882139732533433,0.00023016747647727366
2274,45,5.0,1857.7540764760745,0.3835822693326909,0.05969087444483089,36,0.4050374208405389,0.1808080808080808,0.00011194404286179533
2275,73,6.0,2002.2772809226724,0.3785888367116448,0.09622888034671953,52,0.4016852462448356,0.2161339421613394,0.00015121805750559537
2276,77,6.0,1794.6286683145986,0.37141357592722185,0.11724466217660973,56,0.3942534149787983,0.3585099111414901,0.00015714763843033177
2277,24,6.0,217.39634035565925,0.3490819402576048,0.021246712869871117,23,0.3646595488564185,0.286231884057971,7.082768007334503e-05
2278,35,6.0,676.1683897040555,0.34157460045049876,0.01139776703348705,28,0.3581828649185884,0.13277310924369748,0.00010368127603826765
2279,8,7.0,7040.475153334707,0.25862909120441807,0.00010641448170495,5,0.2647316989285922,0.5357142857142857,0.00015369436051113655
2280,170,6.0,11835.234092141302,0.4151349237387564,0.24687093482953543,56,0.44385303815360583,0.18948833971458406,0.00031846769744444243
2281,103,6.0,5134.400783671481,0.40376569037656906,0.1302453270378839,55,0.42913853561525467,0.1837045497810775,0.00020601053175927392
2282,2,7.0,0.0,0.27010178117048345,0.0003127405837697236,2,0.27832133324361874,1.0,2.871592956007547e-05
2283,32,6.0,352.96614442287216,0.38032963095664635,0.05207818167104728,32,0.40102841890407154,0.20967741935483872,8.014116407999741e-05
2284,12,6.0,887.1512184675945,0.3286547293461995,0.007711342983467584,9,0.3410006803788926,0.0606060606060606,6.743806626283318e-05
2285,65,6.0,2220.705335358552,0.3750662505152818,0.05931550641572665,45,0.3966242738263452,0.1528846153846154,0.000146843843899505
2286,142,6.0,7104.192691418644,0.407642089093702,0.20897058415459072,56,0.4354241900874431,0.14913595045450007,0.0002661663372691908
2287,46,6.0,3025.8605987181827,0.3680439179427911,0.03629430077196291,37,0.38766944051917035,0.17294685990338163,0.00012169953286416263
2288,37,6.0,594.1495502724576,0.33973435749719955,0.012904047624545055,29,0.35642696393988804,0.17567567567567569,0.00010729533364741015
2289,13,6.0,62.96339402898724,0.33939038686987105,0.014610601794759348,13,0.3530067514523203,0.3333333333333333,4.7607679490343434e-05
2290,60,6.0,1186.591894635875,0.3797174029690574,0.07928533943339734,49,0.4017559009787038,0.23502824858757063,0.00013089221876751256
2291,228,6.0,28486.75695501599,0.43632253202712884,0.3656933623391843,56,0.4649369341079624,0.17157431022490147,0.0004287013112838314
2292,46,6.0,949.3368407975422,0.3671104962822065,0.045999578875977075,38,0.3873528026377646,0.2628019323671497,0.00011353038935152661
2293,32,7.0,4705.770839400273,0.3421250537172325,0.011676261933252335,24,0.3581503413109365,0.19556451612903225,0.00011196293409241004
2294,68,6.0,3441.2808677571693,0.3815143165209057,0.05840501497377583,45,0.40460040822735865,0.20105355575065847,0.00015924466530357897
2295,17,6.0,129.3703612769857,0.36050263202581084,0.025871644193029314,17,0.3778248809336718,0.38235294117647056,5.4549123207240094e-05
2296,104,6.0,4527.7712872752645,0.4022865083375442,0.1420813539856582,56,0.427670487256013,0.16803584764749813,0.0002065682516965347
2297,171,6.0,7198.153034044216,0.4098983138113013,0.297063463920462,56,0.43882608468105067,0.2105263157894737,0.0003050858097780948
2298,30,6.0,827.0094552775643,0.3421250537172325,0.010715072371368055,24,0.3576359449416182,0.1632183908045977,9.2856633226138e-05
2299,18,7.0,351.3149604779063,0.3305480589578576,0.007169908754681781,15,0.3421195672490732,0.34640522875817,6.893031288335878e-05
2300,124,6.0,6247.820954371786,0.4091084275436793,0.1607421455825022,55,0.43571989323288834,0.1683713611329662,0.0002480558814173168
2301,36,6.0,709.6800763626165,0.3495417375555678,0.027841331990775348,29,0.3674203171612262,0.29365079365079366,0.0001007039959143231
2302,55,6.0,3717.851387539569,0.3738992603029236,0.044439466440767544,42,0.395593238080282,0.16565656565656564,0.00013813218151245628
2303,4,6.0,36.22371454461755,0.3081873608826091,0.0019466727674715973,4,0.3174569529491686,0.16666666666666666,3.483075199799424e-05
2304,23,7.0,338.19175286894716,0.30620192307692307,0.0025565592395684067,20,0.3188506082288357,0.3913043478260869,8.951231467516619e-05
2305,40,6.0,269.6259414575799,0.3578894133513149,0.04440259322513357,37,0.3758439315433958,0.3935897435897436,9.698526561641789e-05
2306,124,6.0,7290.852895935322,0.41564967695620963,0.1759270110687813,56,0.4413853561522443,0.11513244164699712,0.00024502621417548846
2307,1,8.0,0.0,0.20010682417996734,3.6522186055693264e-07,1,0.2024274947850361,0.0,4.834935050397103e-05
2308,18,6.0,211.36760937978022,0.36154632152588556,0.02370111966356037,18,0.3784162872245613,0.24836601307189543,5.634185738109103e-05
2309,16,6.0,1695.9553574755807,0.3357583425589119,0.006337596336684428,15,0.34814727586745325,0.2833333333333333,7.189008877002753e-05
2310,58,6.0,2676.7023432589085,0.38169723121179433,0.06440106143497626,45,0.40410844193228357,0.15668481548699334,0.00013922613964987809
2311,10,6.0,73.3245650307754,0.3413183279742765,0.010945158340772336,10,0.3541398440361923,0.24444444444444446,4.247988130336722e-05
2312,108,6.0,5074.347456176921,0.38169723121179433,0.07343787004693596,45,0.40772491756948614,0.12997577016268605,0.00023679260028680254
2313,86,5.0,2411.234926028482,0.39583592293349906,0.10428566011710626,53,0.4201496833621439,0.24268125854993158,0.0001809267402989548
2314,89,6.0,1692.0952542313294,0.3825454982281218,0.17114600747751144,56,0.4066363112995329,0.41062308478038817,0.0001709654123974396
2315,394,5.0,164694.77448162806,0.4686189390037525,0.45435791114713536,56,0.4999528968441125,0.07297761589232896,0.0007965527203042835
2316,122,6.0,4977.77230999513,0.4039705695801091,0.1635738674773407,56,0.43022975872720376,0.2530822381791085,0.00023644943622131744
2317,9,6.0,667.0625360445529,0.3364500792393027,0.008538244829419315,7,0.34717119380328976,0.3055555555555556,6.144779659013347e-05
2318,31,6.0,2824.2491764824167,0.34194137227531407,0.010812852835272278,20,0.3568482755011,0.06021505376344086,0.0001114758088220782
2319,82,6.0,7537.653169742108,0.3838828280392984,0.04839704142426688,45,0.4076804312555716,0.17524841915085818,0.00020500842760805342
2320,78,6.0,4665.627194454015,0.37302331029635705,0.04455950081195005,45,0.3963678233108254,0.16983016983016982,0.00019081032720249562
2321,3,6.0,338.2550911528547,0.2865047233468286,0.000779384541498108,3,0.2952294970429734,0.3333333333333333,4.382401044967417e-05
2322,56,6.0,7212.793930457409,0.3814000838373555,0.04360772778118602,40,0.4033757261736605,0.20844155844155843,0.00015462218070239612
2323,1,8.0,0.0,0.22138412874969585,4.789430489353578e-06,1,0.22552299456446848,0.0,5.394454046229584e-05
2324,122,6.0,12235.57052778199,0.41865509761388287,0.1908921144083469,56,0.44464855812011195,0.09876710472835659,0.0002545701754249422
2325,166,5.0,7138.015870164543,0.432030932030932,0.32747010981860736,56,0.45809127544883343,0.1664841182913472,0.00030135909598061214
2326,105,6.0,4351.509642801526,0.412313070499126,0.16782349455894488,56,0.4373815878997673,0.17875457875457876,0.00020357396541464433
2327,141,5.0,4997.854666059742,0.4075899142454883,0.24173757651950367,56,0.4344245564453221,0.2542046605876393,0.00026138184412375135
2328,2,7.0,0.0,0.253916995574692,7.207857420806662e-05,2,0.25938063088322544,1.0,4.178948701400185e-05
2329,116,6.0,5227.7824222375675,0.38275240384615383,0.06290669182674005,45,0.4088553933113623,0.19010494752623688,0.00026461335558845074
2330,44,6.0,460.3029469314409,0.36973180076628354,0.05224282838308954,42,0.39033600251215983,0.24207188160676532,0.00010252515931091584
2331,159,5.0,8444.388493665316,0.4027698728893948,0.23951834811835196,56,0.43091798817190946,0.20762678130722076,0.0002951636991600277
2332,73,6.0,2261.4071154331596,0.3866092023795071,0.0880829294745898,51,0.4104569006123551,0.16248097412480975,0.00015283523064892589
2333,69,6.0,3232.749701646636,0.38799878160219314,0.09043232153144401,51,0.4111869995289839,0.2536231884057971,0.00015394397229907288
2334,92,6.0,3958.889013689336,0.4004904734955669,0.11650460454056534,55,0.4250928978908563,0.19732441471571904,0.00019295055464907737
2335,39,6.0,1414.4228509305535,0.36958161666569955,0.03009993180687036,32,0.38999319621080397,0.21322537112010795,0.00010883291477530553
2336,27,6.0,609.0491113989913,0.35306835190420754,0.023340273478652532,23,0.36949285602133364,0.30484330484330485,8.234715811566587e-05
2337,52,6.0,483.4115606252205,0.3732419127988748,0.08917681492704245,47,0.3944653791804013,0.34464555052790347,0.0001133590933329689
2338,81,6.0,1628.8094580252086,0.3929298537849343,0.12009796095390184,55,0.41731564348146855,0.3015432098765432,0.0001634094617910047
2339,120,6.0,5066.851389293018,0.3882589612289685,0.16124119491416902,56,0.4145182393887229,0.19789915966386556,0.00023249692112055196
2340,43,6.0,511.1638459338632,0.3580705009276438,0.0394308243340389,40,0.3762940283665496,0.5559246954595791,0.00010174288024984135
2341,105,6.0,4114.576089278919,0.3929298537849343,0.11998221275030542,55,0.4181504160778996,0.15366300366300367,0.00021215106246537575
2342,75,6.0,5533.802010481233,0.3764406879839234,0.03684537663643395,41,0.3989637305699492,0.14810810810810812,0.00019717531301571752
2343,15,6.0,321.2484669090659,0.3341202392193894,0.009248272315086726,14,0.3463207201548883,0.19999999999999998,5.748551077344981e-05
2344,11,6.0,1168.7401413991836,0.3176558603491272,0.007213320733391062,9,0.3295336787564554,0.4909090909090909,6.875654907804635e-05
2345,59,6.0,1480.792890279923,0.3666033500259023,0.06785163770850847,47,0.38782645103887403,0.19637638807714786,0.0001329625921412548
2346,9,6.0,23.051495785278938,0.3299658066521604,0.00716597579209148,9,0.34090647406706787,0.3055555555555556,4.1945009045418785e-05
2347,100,5.0,2911.0384269472947,0.410823711539702,0.17654576587960116,56,0.4357172763908944,0.25717171717171716,0.0001952546387499054
2348,97,5.0,3435.940198929106,0.40616032140807345,0.1421894487646079,55,0.43064321976242825,0.1797680412371134,0.0001989889953682374
2349,37,6.0,1276.128426891804,0.35211189739053517,0.018836268452975907,31,0.3703171612497817,0.16366366366366367,0.00010667832718416919
2350,69,6.0,3976.529332481804,0.39030518445887974,0.07778082123328507,48,0.4136625320563328,0.18456947996589942,0.00016151926354053453
2351,75,6.0,2979.826183540857,0.38574283810792803,0.06920091791081578,47,0.40907782488094646,0.2796396396396396,0.00017326390040724795
2352,88,6.0,5084.229161142765,0.3765297073603311,0.042489254517304405,44,0.40052336839901775,0.13845350052246602,0.0002134055372583893
2353,244,5.0,32638.658602789932,0.44830013373689026,0.3936136489455109,56,0.47598524101118256,0.14254874182014438,0.0004722787525399088
2354,166,6.0,9535.664244166686,0.42106307021023404,0.2580664221136689,56,0.4486340084786203,0.1620299379335524,0.00032101406590631415
2355,109,6.0,7400.281525302949,0.3985357612164445,0.10152989035972028,53,0.4239859737269355,0.15137614678899083,0.00023283847094639706
2356,52,6.0,2189.896615431735,0.38441574118783195,0.05725695737079758,42,0.4066153765635737,0.23755656108597284,0.00012472963572974968
2357,54,6.0,4079.4147257309633,0.3657192075796727,0.030425032783428195,33,0.3864421416234751,0.12508735150244585,0.0001531179325158846
2358,27,6.0,4126.711291250992,0.3368237347294939,0.007791911947379928,17,0.35137384204738775,0.15954415954415954,0.00010912452946324794
2359,6,6.0,21.497287362214152,0.3482421127453661,0.012940967364349472,6,0.3617705552938505,0.4666666666666667,3.525388847262655e-05
2360,137,6.0,11456.188232149027,0.3980625,0.14842746955430908,56,0.42538336735230864,0.12859596393301845,0.00027426197126904163
2361,2,6.0,3.8628535765169696,0.3400427122263748,0.008345957996512728,2,0.35172973255872286,0.0,2.7136698505601103e-05
2362,53,6.0,4074.5384351456682,0.3893983859134263,0.07997312865975083,41,0.4116632647720898,0.25181422351233673,0.00013405189612325348
2363,192,6.0,15350.958564248907,0.42392172523961663,0.31030838703665514,56,0.45307217250227344,0.16421247818499127,0.0003539662419608254
2364,215,5.0,35819.28481568255,0.44082225913621265,0.3069131705799186,56,0.4683885486994686,0.16787654857639642,0.00041923595904845974
2365,38,6.0,713.1016904288533,0.3450349423045669,0.017223370367521158,31,0.36296645208559636,0.1906116642958748,0.0001082276625422037
2366,1,7.0,0.0,0.2600759524684552,0.00013063444135556984,1,0.26613694307995006,0.0,2.817068646427857e-05
2367,28,6.0,841.2312907737119,0.34492282696994314,0.014155521567663025,23,0.36150102056835237,0.2671957671957672,8.963887036061031e-05
2368,12,6.0,52.798278181701434,0.3404971932638332,0.013235826412733253,12,0.3528811430365589,0.15151515151515152,4.5752692635755904e-05
2369,19,6.0,180.056178149938,0.33173602791812073,0.008662815956973886,18,0.34650128225255045,0.32748538011695905,6.441248577853428e-05
2370,10,6.0,82.8414716437146,0.31392941640378547,0.004339230008014911,9,0.3244125189720857,0.5555555555555556,5.212776977577904e-05
2371,111,6.0,13251.369047422384,0.41573107049608354,0.12628960888766622,54,0.4408410530172674,0.07993447993447994,0.0002509960435481581
2372,62,6.0,6965.056143461147,0.3723472668810289,0.03110358665998614,38,0.3940702360391434,0.12109994711792701,0.0001650532866291296
2373,53,6.0,976.9645865120932,0.36620285188592455,0.04445523835926036,44,0.3866227037211361,0.3018867924528302,0.0001244209793932937
2374,107,6.0,8596.355681834168,0.3941944667945782,0.15237876550114912,56,0.4195975297011806,0.21036854170340327,0.00022319532116338935
2375,192,5.0,22858.997420405554,0.42564993651005817,0.2542347927594674,56,0.4537682524729662,0.14801483420593367,0.0003798900595436593
2376,2,6.0,0.0,0.3057022175290391,0.0024006296341175007,2,0.31505207515569156,1.0,2.799686402921983e-05
2377,17,6.0,61.52831880019302,0.33948083790842704,0.01802012712521161,17,0.35333909038569516,0.40441176470588236,5.46718845333794e-05
2378,87,6.0,3902.2199347247074,0.3745369009114966,0.07553980397833668,50,0.39830952007117715,0.18257150494520183,0.00019260860369186306
2379,30,6.0,768.5240927494216,0.3667511228837959,0.033607138105315223,28,0.38568849112889253,0.23218390804597702,8.572508925572995e-05
2380,34,6.0,1605.605267448665,0.3545424181696727,0.016390812582145593,30,0.37230334432404966,0.11764705882352941,0.00010094382828279261
2381,10,6.0,214.18539212616687,0.35485848005348786,0.01665785227528131,10,0.3705500601873467,0.17777777777777778,4.431260801242192e-05
2382,14,6.0,110.24247324219489,0.3381111641981207,0.012282068286443116,13,0.35077458523051636,0.3516483516483516,5.265628139889693e-05
2383,12,6.0,226.8793127538038,0.3436758040146773,0.011853839164428552,11,0.35658397445959944,0.19696969696969696,4.960739893802619e-05
2384,38,6.0,722.8116662392846,0.3659293306521115,0.04558961856664106,34,0.38535091851152625,0.19914651493598862,9.489385326829895e-05
2385,168,5.0,22829.69317757826,0.42417582417582417,0.19152520726834177,55,0.45123776626372397,0.09630738522954091,0.00035400776930524856
2386,122,5.0,15818.922609580268,0.4182152472256878,0.1616417700920224,56,0.44377714973575044,0.12044438422977916,0.0002558825644038221
2387,56,6.0,2037.971158534615,0.3900900349114963,0.08837383512724593,45,0.412778039461995,0.20844155844155843,0.00012882295842371892
2388,2,7.0,14.658423787841764,0.2527481249255923,5.8260784394260226e-05,2,0.25730136300084916,0.0,3.817874422953991e-05
2389,48,6.0,2107.376096920233,0.3754863813229572,0.045650566235528406,40,0.3965693201444488,0.1427304964539007,0.00011773542561745462
2390,22,6.0,4515.2203200733775,0.32979494614747307,0.005342631875503715,16,0.3416391898256907,0.15584415584415584,0.0001002738699508168
2391,34,6.0,662.0813505383625,0.35754785830573177,0.04381510733478054,30,0.376034961009035,0.19429590017825313,8.626006030502756e-05
2392,54,6.0,1384.1487390290154,0.3709808946877912,0.05435726222816292,42,0.39193750981315073,0.21453529000698812,0.00012610557739166565
2393,125,6.0,7037.094882385685,0.4021594999052851,0.17620900986188862,56,0.429060030355401,0.12412903225806451,0.00024073962356747184
2394,38,6.0,1157.0780723140388,0.3627199726635913,0.03836619715694397,33,0.3814649081488298,0.2930298719772404,0.00010384765674665678
2395,258,5.0,33093.17182036598,0.44429717474712244,0.3568822767589767,56,0.47380541162928264,0.09528549452538232,0.00048862955610036
2396,48,6.0,824.3614178282564,0.3749779216956138,0.061391252477173704,43,0.396077353849373,0.23049645390070922,0.00011250709621881716
2397,40,6.0,317.25729368673734,0.36844845539743143,0.05040897767580087,38,0.38842570785574926,0.39615384615384613,9.42653816254999e-05
2398,339,5.0,70919.99487379314,0.45932496754651664,0.4833321413978478,56,0.4895326320197088,0.11881447347750956,0.0006514033046272097
2399,52,6.0,2067.2636958513535,0.3843693421846711,0.062097346402352115,44,0.4066493955095098,0.14479638009049775,0.0001220873012263131
2400,259,5.0,43948.12170867457,0.4365318711446196,0.24203934256789258,55,0.46726330664158766,0.10682110682110682,0.0005462865521318693
2401,113,5.0,6692.0150310382105,0.40931876606683804,0.15019145338899345,55,0.43459203433300847,0.2297724399494311,0.00023450141048248356
2402,95,6.0,2863.2828725476916,0.3818116419878904,0.1104207599442285,55,0.40608415763857014,0.29630459126539754,0.0001905147185170655
2403,88,5.0,3156.103542253652,0.39402375649591687,0.10407244427193603,54,0.4183205108075806,0.3563218390804598,0.0001883164504955472
2404,46,6.0,1340.7775515134865,0.36819285466527923,0.04383985563381355,38,0.3887894488930653,0.22995169082125602,0.00011118199010703356
2405,33,6.0,323.98489156549704,0.3550760996822211,0.03655784078225719,31,0.3717224054011437,0.4431818181818182,8.565191349877535e-05
2406,75,5.0,2558.1390910522937,0.4021087189847844,0.11617669058136046,54,0.42583084733347043,0.18594594594594593,0.00015723384895788308
2407,5,6.0,18.804043213155918,0.34278794402583423,0.01012677145335753,5,0.35536714293188604,0.4,3.385495574916759e-05
2408,38,6.0,1537.6946350356968,0.3585139318885449,0.021055846608906637,31,0.37712880096297946,0.17638691322901848,0.0001054740850588365
2409,100,6.0,3073.320352924251,0.4001130795326046,0.15778362941591073,56,0.42513738420477243,0.3501010101010101,0.0001957661881367618
2410,231,5.0,55489.95468703635,0.43356024506466984,0.2928855812125377,56,0.4631365468153478,0.10743459439111613,0.0004899684743044918
2411,38,6.0,1646.2715550649448,0.3616900448634221,0.022392202402340085,29,0.38027686188306303,0.12375533428165006,0.00010986592762396662
2412,78,6.0,571.575433290459,0.3856727625045416,0.1411231913462925,56,0.4086852985816843,0.595071595071595,0.0001556502342234701
2413,40,6.0,2304.132155780038,0.351160610905883,0.013368720522988565,28,0.3691291149840152,0.07051282051282051,0.00012239794813278298
2414,7,7.0,8.810228393560422,0.2964393763090528,0.0012661856679573944,7,0.306249392518819,0.7619047619047619,4.34795077683108e-05
2415,268,6.0,37684.629047299146,0.4456339210747271,0.35693861288443535,56,0.4755142094520692,0.0879590809994969,0.0005001139450564904
2416,78,6.0,4909.554790539854,0.37847634894223914,0.08324482043287412,48,0.4010048673261143,0.28205128205128205,0.00017846999584498422
2417,1,8.0,0.0,0.22915017629704254,1.1781871579748267e-05,1,0.23330847333439708,0.0,4.630972445110761e-05
2418,54,6.0,827.4628293891865,0.3644843767883713,0.04817484479662006,46,0.3844454911812271,0.4053109713487072,0.000123402730882167
2419,6,6.0,8.18564452252545,0.31764001795421676,0.004474905636446039,6,0.32700057570521623,0.4666666666666667,3.619776596468792e-05
2420,85,6.0,5042.751353824567,0.39436532507739935,0.08849907307502924,49,0.41880724341866604,0.23361344537815126,0.00018737277910110768
2421,10,7.0,6.304172033495466,0.32079177999395586,0.006250668509091667,10,0.330377797217151,0.6444444444444444,4.374542057325613e-05
2422,161,5.0,11462.942794274371,0.42276800531032194,0.22675497571023484,56,0.4498848589522673,0.12461180124223603,0.0003113027468608998
2423,4,6.0,1.5127751838466965,0.31548444620566674,0.0046088148163414945,4,0.3251321505207304,0.6666666666666666,3.250151971400117e-05
2424,6,7.0,128.8013968937841,0.3096407214740629,0.001628090274591095,6,0.3189070572490124,0.13333333333333333,4.222384694445692e-05
2425,75,6.0,1937.8297247448172,0.3967235579917778,0.13136020484752553,55,0.42079080965093957,0.21009009009009008,0.00014892429700698561
2426,107,6.0,5745.3172984845805,0.3895651110159643,0.08126551557947088,50,0.4151593656775188,0.17157467818726857,0.00023226122829086485
2427,76,5.0,3393.521331290895,0.3716736694677871,0.07823896155831182,49,0.3944235097084787,0.15859649122807018,0.00017046436421437624
2428,124,6.0,11808.65343820398,0.41643781875245195,0.15364673209089655,55,0.4419636782331578,0.13086808287437715,0.00026638668706927633
2429,17,6.0,454.420958382077,0.3438613540654357,0.010094995237475299,17,0.3586957659496269,0.1323529411764706,5.937413872486168e-05
2430,49,6.0,803.0617332163868,0.3891366774607442,0.0778651635037726,44,0.41168158266605515,0.1717687074829932,0.00010987903956474861
2431,64,6.0,1768.345249870015,0.3713269589552239,0.06207447902997336,49,0.39271732872768533,0.40228174603174605,0.00014198098816669666
2432,52,6.0,1384.913624044753,0.3518201403082362,0.06042355876643578,47,0.37111529805828075,0.4321266968325792,0.00012038216188339695
2433,100,6.0,1590.208866434517,0.37870139136639314,0.14606395814100176,56,0.40302245250432234,0.3494949494949495,0.00019178721482327534
2434,145,5.0,14856.380299716753,0.4146214439164117,0.1834321807145574,56,0.4414769456220714,0.12729885057471266,0.00030589189294327995
2435,3,6.0,0.4338149687987139,0.30642290113062304,0.005286704671545031,3,0.317833778196462,0.6666666666666666,2.8808204129489166e-05
2436,554,5.0,223223.7285201328,0.47995478522984175,0.6663087691545378,56,0.5160072224839289,0.06587631625332123,0.0011102357900413052
2437,111,6.0,2840.434518226082,0.39549180327868855,0.16866653545895355,56,0.4210865127963829,0.4011466011466011,0.00021229298701932708
2438,153,6.0,9225.663374071772,0.4143247462919594,0.24426705276519062,56,0.4415135814100024,0.22789817681458546,0.0002959522001240915
2439,14,6.0,222.1858233020282,0.3401153476449856,0.01643222668193842,13,0.3528654419845877,0.5384615384615384,5.0420880607775436e-05
2440,132,6.0,4791.352561582073,0.4073292402148887,0.201921465288979,56,0.433948291202217,0.27399953735831595,0.000252256560927837
2441,51,6.0,974.7480388897617,0.3674069800980675,0.04945883720676149,45,0.3877165436750813,0.39294117647058824,0.00011981818848736025
2442,7,6.0,2.3764571196162616,0.31851370274054813,0.007932297395621206,7,0.3301198513633523,0.6666666666666666,3.645123932985323e-05
2443,85,6.0,2971.337020725751,0.3866796187238176,0.08338896367621858,53,0.41020830062282254,0.29943977591036414,0.00018069030448154187
2444,32,6.0,359.9036124930068,0.34894806048652205,0.020387212783601533,31,0.364617679384498,0.4939516129032258,8.684026369652802e-05
2445,22,6.0,729.1942052035325,0.35903940470150514,0.024026547666751434,20,0.3763777673103919,0.20346320346320346,6.946917610270017e-05
2446,25,6.0,2919.419847989922,0.344698814742653,0.019849301604567233,23,0.36123671952684866,0.17,8.180214942230576e-05
2447,122,6.0,5381.819123580545,0.41529733959311427,0.1770953615949891,56,0.4411001203747801,0.16434087522015986,0.00024224536154718505
2448,105,6.0,2289.7774906128307,0.38201775431861806,0.14506102909894786,56,0.40669649866541946,0.35329670329670326,0.00020197286952332045
2449,3,6.0,24.43777331728782,0.2887780548628429,0.0007008410434781671,3,0.297534934840637,0.6666666666666666,3.728203958465191e-05
2450,2,6.0,2573.8780960338854,0.32440279121886617,0.004979287963251103,2,0.33424661118959115,0.0,4.494551441006576e-05
2451,40,6.0,568.2176643421446,0.3642134156802196,0.036217019845273334,36,0.3827942638823318,0.41538461538461535,0.00010218272650160679
2452,85,6.0,2160.5484792961715,0.38392910965097354,0.1083373422637792,55,0.4079107133511387,0.1887955182072829,0.0001734456050171629
2453,1,7.0,0.0,0.24786923525977816,4.415533866706459e-05,1,0.2518127238334552,0.0,3.4334489588456534e-05
2454,1,7.0,0.0,0.235192023633678,1.521987030633025e-05,1,0.2394115096187759,0.0,3.1389082904212826e-05
2455,22,7.0,518.5540594444615,0.33315896845739396,0.011947745942137156,21,0.34656558179871344,0.4935064935064935,6.996693882157792e-05
2456,157,6.0,7024.981153289118,0.4169012240623159,0.20327703385138254,56,0.4439891139373513,0.2229299363057325,0.0003029347573270276
2457,122,5.0,5242.75701822417,0.38773895044441736,0.16608829050945906,56,0.41390851520386845,0.2868175044031974,0.00023619807241895402
2458,83,6.0,5606.7580846488945,0.3913364055299539,0.07965743642874829,50,0.4157586224943938,0.2236262121657361,0.00018678756542077755
2459,210,6.0,9194.513724155826,0.41241986660622937,0.3886561708338854,56,0.44315172449892215,0.19886078833447254,0.0003686008715718666
2460,60,6.0,1613.671507586759,0.3763739510696135,0.07431518352478798,46,0.3978541895640346,0.16497175141242937,0.0001347618248206151
2461,61,6.0,3435.5220900336976,0.3745809563018291,0.05105625909022689,44,0.3957214633380417,0.1912568306010929,0.0001480312366095366
2462,43,6.0,1166.112237633901,0.37258687258687256,0.044128814080085184,36,0.3929554613492388,0.13510520487264674,0.00010615322450408577
2463,41,6.0,1914.0894060380056,0.3690462394251941,0.029801737135905802,34,0.38924216255821514,0.24146341463414633,0.00011016789861702438
2464,202,6.0,20208.977385079423,0.43498155989618903,0.2537450982487381,56,0.4626393468362815,0.12792473277178465,0.0004011550288591017
2465,135,6.0,12076.21827296087,0.41258016453974217,0.15827756764727352,55,0.43954571622969985,0.18363736871199557,0.00028408470311660025
2466,107,5.0,3788.307304528849,0.386750060723828,0.16239107329257804,56,0.41228345632492214,0.3066478575207195,0.0002069182360918003
2467,104,6.0,8098.3508558700105,0.403050246804202,0.10594519942654049,53,0.42858376511229684,0.20407020164301717,0.00021784619659385372
2468,99,6.0,2855.7320333253006,0.3946830265848671,0.163564939949032,56,0.41984351284871857,0.16079158936301793,0.00019014203357247214
2469,69,6.0,4886.9180900905285,0.3791522800333373,0.0432379799007886,45,0.40191291149840813,0.12958226768968456,0.00016963321665595745
2470,217,6.0,23387.553253684888,0.42226347543592124,0.3618112048677818,56,0.45275291777887583,0.18906810035842292,0.0004011783395139792
2471,15,6.0,809.2761419851428,0.3380752693879718,0.017616477433554954,13,0.35172711571672466,0.29523809523809524,5.8819166049033824e-05
2472,44,6.0,1250.9463403588584,0.3788816180844735,0.048414426006746204,38,0.4001727115716787,0.2843551797040169,0.00010811826927052635
2473,11,6.0,110.8993804817256,0.3429356019814775,0.011741544406080823,11,0.35614172816242956,0.16363636363636364,4.5515606907450145e-05
2474,249,6.0,61648.55010169976,0.453374145785877,0.24693325594156496,56,0.48072172502227345,0.05981992486073325,0.0005269622645687593
2475,23,6.0,286.3514876028036,0.3361482028817227,0.026998228142478122,20,0.3506777620766974,0.3399209486166008,6.960414806905298e-05
2476,40,6.0,595.2596256397028,0.3732200410196308,0.04876205217296277,38,0.3937300465797834,0.2217948717948718,9.609946708666651e-05
2477,19,6.0,543.499483260965,0.3472169219865889,0.015429622356805768,17,0.3618647616056722,0.10526315789473684,6.453916005510388e-05
2478,149,6.0,8204.372505003792,0.4237806906647149,0.22626491095905027,56,0.45012560841581384,0.1250680210411754,0.0002810915818027901
2479,16,6.0,368.8573471556694,0.34464285714285714,0.015021644220019295,15,0.3580153870309088,0.19166666666666668,5.682746348319366e-05
2480,120,6.0,5269.030126422992,0.3853227660475528,0.06578538699497678,45,0.41184121002775226,0.14901960784313725,0.0002726345653931828
2481,82,5.0,5765.86945557745,0.3910720864546236,0.09375364488758585,54,0.4149578688438987,0.30472749171936164,0.0001844074727484454
2482,18,6.0,3706.9793905105016,0.3242706583167863,0.0066900007694509055,12,0.3360391479562214,0.09150326797385622,0.00010237613859132541
2483,1,7.0,0.0,0.2655741806354766,0.0003296121888536315,1,0.27265587032426775,0.0,2.6071864543096782e-05
2484,155,5.0,15844.216802480245,0.4212580197102983,0.16699169559926558,55,0.4484979326948748,0.13313782991202347,0.00032226421916848236
2485,240,5.0,24928.082460709244,0.4264479410780047,0.35683039180564047,56,0.4571806144345509,0.1359483960948396,0.00043669940657933685
2486,8,7.0,1169.5550092963163,0.3252808988764045,0.005900914760580679,7,0.33503577596839174,0.35714285714285715,5.80556832185391e-05
2487,235,5.0,24295.65872177241,0.43662164941386167,0.37773579552135467,56,0.466276757209441,0.13675213675213677,0.00043024197932920144
2488,110,6.0,7240.701384116797,0.4057204739457256,0.10140554472099432,51,0.4313680849950655,0.14795663052543787,0.00023429871825615412
2489,17,6.0,34.92796171748235,0.32948784273150544,0.020849145669183333,17,0.34331920238653424,0.5147058823529411,5.3220324817468355e-05
2490,6,6.0,14.329040993380206,0.3008644716330483,0.001444925259318828,6,0.31157429214423366,0.26666666666666666,3.929058617802113e-05
2491,45,6.0,1050.1458409783252,0.3528140926213162,0.02964820691669737,37,0.37210184749042596,0.29090909090909095,0.00011473086851016123
2492,105,6.0,3227.062467029345,0.4075638318295258,0.13916954445311502,55,0.4328047312503665,0.25860805860805863,0.00021076611795807303
2493,2,7.0,4.912044868304744,0.2569803098773402,0.00018243600972044422,2,0.26348682980807675,0.0,3.127768080624037e-05
2494,79,6.0,2851.451698937823,0.37641843971631206,0.10437792480188822,54,0.39997644842204555,0.30996429730606945,0.000165939247175442
2495,35,6.0,1868.7804397339646,0.35442404006677797,0.019039312569959995,29,0.3708536138587772,0.22521008403361345,0.00010910607820212558
2496,103,6.0,4629.420781420692,0.3872203307392996,0.1235838087425415,55,0.41233317632282895,0.2383399961926518,0.00020573582630277487
2497,178,6.0,21221.016456646565,0.43504098360655735,0.273563276025949,56,0.46144345004452914,0.11597790896972004,0.00034051929698343503
2498,37,6.0,814.3484361915924,0.3496952726074782,0.01678033355415512,30,0.3673889150572859,0.18618618618618618,0.00010732077318275967
2499,39,6.0,586.9838356953535,0.38332831778513393,0.07660076443590358,38,0.40446433244361596,0.23751686909581646,9.02203053309835e-05
2500,6,6.0,55.81645261893809,0.3226280330277088,0.006704677310624014,6,0.33357669963885145,0.33333333333333337,3.609743799095726e-05
2501,141,6.0,6056.497986162271,0.4091872791519435,0.1979495205395577,56,0.43635055215370305,0.18318135764944277,0.000268069755566942
2502,2,7.0,0.0,0.24848815887011821,7.314997780105097e-05,2,0.2535686248121552,1.0,4.919390368447465e-05
2503,4,6.0,13.362135409109802,0.3097310703691096,0.0018101996346626236,4,0.3192651907677679,0.16666666666666666,3.182825587144489e-05
2504,5,7.0,332.15704397975395,0.29940767205716434,0.0012238490429603971,4,0.3083884739325094,0.1,5.2567781966424616e-05
2505,127,5.0,12899.364339277998,0.4046635745600102,0.20611651932754158,56,0.4312398597373057,0.24909386326709163,0.00025813257186955193
2506,10,6.0,19.56816733068702,0.31365113759479957,0.007955518193360123,10,0.3253022452504126,0.48888888888888893,4.25659146429276e-05
2507,21,6.0,482.9368727946706,0.34109897172236503,0.011836453881141577,20,0.35488564400478995,0.1619047619047619,6.801664826169504e-05
2508,13,6.0,77.20898670407485,0.3194562873050108,0.0038508981543880884,13,0.3311325692154483,0.3333333333333333,5.45836462897096e-05
2509,37,6.0,1527.3119071794085,0.36791635376350296,0.02584263877317844,29,0.38820589312816195,0.13363363363363362,0.00010547573290416755
2510,66,6.0,1401.5961584548597,0.3768639053254438,0.07016365099033466,51,0.398982048463915,0.38275058275058277,0.00014156499585392903
2511,14,6.0,416.21094906227285,0.3455966140322318,0.015261136237270545,12,0.3595750248599762,0.2967032967032967,5.668877981874783e-05
2512,44,6.0,1129.9764125946024,0.3793103448275862,0.04879505150969945,38,0.40051813471502984,0.19027484143763213,0.0001083869408704087
2513,83,6.0,4516.067007878182,0.37885908036404736,0.04739677003237498,45,0.40295964829644043,0.1407581545694975,0.00019928224275636946
2514,3,6.0,5.260675359692446,0.3319089061441451,0.007115251909221305,3,0.3418694719212563,0.3333333333333333,2.9039509774420628e-05
2515,155,6.0,3292.937832239742,0.39846096096096095,0.29071635633093296,56,0.4269717904433234,0.2544616673648932,0.000273833390745444
2516,81,5.0,22739.277230548036,0.39669884771099345,0.07265817488057404,45,0.4204401528235986,0.1154320987654321,0.00022423192919951998
2517,18,7.0,313.87389470188543,0.33443604284814116,0.007759462404178738,18,0.3470025944118907,0.40522875816993464,6.405092029075739e-05
2518,282,6.0,44217.54035717377,0.4445762948485272,0.40616697699815335,56,0.4752786936725133,0.10340476010196613,0.0005167887313091334
2519,85,6.0,3835.348982783855,0.38992286029141665,0.07490597348938415,48,0.41419113413933895,0.16890756302521007,0.00019158737655523375
2520,20,6.0,146.25100306371473,0.33866851004998405,0.01737251313286776,20,0.3531559114460383,0.3,6.282762251191547e-05
2521,93,6.0,8264.526195494822,0.4042526182164392,0.11517876870366672,54,0.4292327419270779,0.09911173445535297,0.00020055250495871826
2522,4,7.0,6369.056835336252,0.3275897541405205,0.005485842023367359,3,0.33746158849783003,0.0,5.9620667473196175e-05
2523,44,6.0,952.0501411156365,0.36265801161598904,0.038074012169108704,35,0.38250641126287055,0.2040169133192389,0.00011225932060597651
2524,12,6.0,123.4023642030404,0.32440279121886617,0.005179284374169953,11,0.3337598785785051,0.30303030303030304,5.4710375092395806e-05
2525,72,6.0,3259.666653907571,0.3609112030373435,0.029494655813496116,42,0.3824671586329438,0.18857589984350548,0.00018092813817752182
2526,9,6.0,12.516246487019746,0.3161107802263252,0.004564241866962995,9,0.32575495891555906,0.5,4.0983256159583376e-05
2527,3,7.0,32.906638257738265,0.25568044961862707,0.00011007785610375322,2,0.2614464407210558,0.3333333333333333,6.950895301920835e-05
2528,69,6.0,2456.335767304221,0.38623408126137054,0.10694598372665363,53,0.40968754906580085,0.1867007672634271,0.00014787216515555995
2529,56,5.0,1777.5056661604463,0.3700110381688259,0.06575250660729248,45,0.3914795624640106,0.23701298701298704,0.00012893358325140948
2530,8,6.0,55.60623473713583,0.3329499712478436,0.008936318378572047,8,0.3450881875752065,0.07142857142857142,3.8950103052491634e-05
2531,44,6.0,449.3555361002711,0.36664555868977033,0.05550787562721296,41,0.386960276338502,0.30761099365750527,0.00010151059055585374
2532,123,6.0,7614.088388004217,0.4189304742485036,0.1737215468945152,56,0.44495211179154104,0.15753698520591763,0.000240702164299174
2533,20,6.0,327.2751571008177,0.34240094618568895,0.016476646898168378,19,0.3561914481603357,0.14736842105263157,6.457453899835896e-05
2534,208,5.0,57255.04956415823,0.42943833861506303,0.20929633050106547,56,0.4583346417543779,0.06010776662950576,0.0004643164523864422
2535,44,6.0,1856.9699646081344,0.37910714285714286,0.05597067908441824,38,0.40028785261946254,0.1014799154334038,0.0001067178841179228
2536,1,8.0,0.0,0.20825295098584182,1.0202056496798717e-06,1,0.21149784297455768,0.0,4.193443408871278e-05
2537,33,6.0,1681.8459648934527,0.3454841334418226,0.02295420301003079,28,0.3604464332443383,0.4185606060606061,9.969130100358072e-05
2538,28,6.0,943.305436262699,0.35970857336496104,0.040539660508041045,26,0.3775527293661833,0.32275132275132273,7.996301998341951e-05
2539,77,6.0,2590.9713103605627,0.3729359409766952,0.10052174267270408,54,0.39544407808656157,0.284688995215311,0.00015960306481881795
2540,5,6.0,1.9016697348594533,0.3175291654202812,0.0040874152450106034,5,0.3267022557177776,0.7,3.3367631251153245e-05
2541,66,6.0,1060.0240323001346,0.3790845782989108,0.10832343634863473,55,0.4016041241429884,0.41585081585081585,0.00013263381287811478
2542,109,6.0,6868.623161941377,0.3949277608978731,0.11696538668628095,56,0.42061024755327764,0.2035338090383962,0.00023450980530774374
2543,67,6.0,2039.4134377041169,0.39210736932832607,0.09625972167642036,51,0.4155283403988273,0.18407960199004977,0.00014699764945173496
2544,79,6.0,2834.6345877975227,0.36953872932985204,0.03844850606980265,45,0.39202909928297736,0.20772476468679002,0.00019293237475216456
2545,79,6.0,3041.1516614763023,0.39434090768373475,0.10382301560599745,52,0.41872873815881356,0.13307367737747486,0.0001670802016437022
2546,53,6.0,1705.6259198661046,0.3842302123552124,0.060739879618497104,42,0.4067043491914063,0.12336719883889696,0.00012373720593778065
2547,50,6.0,1765.4140891992524,0.3674493740264236,0.0627717596186893,41,0.38778719840894854,0.28408163265306124,0.00011576861447448752
2548,41,5.0,6178.747510917648,0.36958161666569955,0.03689462621956523,32,0.3894044067619106,0.07195121951219512,0.00012137271845969761
2549,15,6.0,10904.721314305434,0.33059953283155985,0.009680182161957561,11,0.3430444339770497,0.2380952380952381,0.00010503211126212546
2550,37,6.0,964.1172948631574,0.3694958519463944,0.0419762840090069,32,0.3891767415083385,0.3978978978978979,9.667006193735548e-05
2551,16,6.0,355.50260504165504,0.3565270935960591,0.020592037576735875,16,0.37289736745693447,0.25,5.655323346091333e-05
2552,39,6.0,1423.2970026748935,0.3785888367116448,0.040433359822622396,35,0.39931177055529665,0.13630229419703105,0.00010335835097437575
2553,33,6.0,923.5632673445917,0.3470277338854683,0.021721129655131274,27,0.3648322604280898,0.2803030303030303,9.387114208381224e-05
2554,26,6.0,535.3411053022926,0.35034930414214205,0.015308685265387074,24,0.3671141466478032,0.35384615384615387,8.383713423466756e-05
2555,122,5.0,8364.98681764692,0.3962052877138414,0.140165301804118,56,0.42243680326584554,0.1663731201734182,0.00025499441833953655
2556,69,6.0,3051.586225536972,0.3875737844581026,0.078773566098829,49,0.4110038205893279,0.15814151747655583,0.00015344005266330375
2557,48,6.0,1669.955125441137,0.37016157154480994,0.045009212486037585,38,0.39049301303186507,0.2127659574468085,0.00012072420850869256
2558,37,6.0,652.4799898537409,0.3718038528896673,0.041154771517367794,34,0.3919427434971416,0.43993993993993996,9.434487595412673e-05
2559,22,6.0,470.5146741397821,0.3485279632264419,0.016753079931620937,20,0.36353692364052936,0.14718614718614717,7.23709552936379e-05
2560,69,5.0,4340.627600181036,0.38973197894994493,0.09325091438751444,51,0.41271785209610795,0.1619778346121057,0.0001595376514368528
2561,56,6.0,5017.26750499406,0.3803523439832786,0.04629290828949977,39,0.4018030041346157,0.12662337662337664,0.00014462011484114214
2562,81,6.0,3564.8491017155548,0.37163029525032093,0.04902401845505503,45,0.39489977495158357,0.15925925925925927,0.00019083685903333806
2563,62,6.0,5386.564702949591,0.3845550054341263,0.053315565273053665,42,0.4071178102266296,0.18720253833950293,0.00015238137012962846
2564,189,6.0,16785.53968098268,0.4321481883566291,0.30353386155567935,56,0.45969278274982217,0.1498930541483733,0.0003536559483159441
2565,25,6.0,116.24250302994881,0.348261154855643,0.027096201408965532,25,0.3640864604594951,0.4266666666666667,6.809820200008171e-05
2566,1,7.0,0.0,0.2546377738685431,0.00015249951835073346,1,0.26017876769172515,0.0,2.7783594178551994e-05
2567,181,6.0,21446.406671682962,0.4291200646813098,0.29004402794231277,56,0.45701575338885575,0.1539594843462247,0.00035160015782982525
2568,75,6.0,1131.8459517782412,0.3816057519472738,0.1156883453971199,55,0.4051918145182472,0.23207207207207206,0.0001497033896216689
2569,10,6.0,643.391824282735,0.34678209735380594,0.014662583833441002,9,0.3606636311299305,0.1111111111111111,4.6721483977895834e-05
2570,42,5.0,2442.455963111066,0.3652368390870513,0.03856885981888424,31,0.38491128905635197,0.13240418118466898,0.00011719500052445333
2571,45,6.0,2526.703748158566,0.3635896557629731,0.022276424015876248,34,0.38329669754538576,0.1313131313131313,0.00012691315951709586
2572,65,6.0,529.9042998905477,0.3863043610117062,0.1510266377371581,56,0.40952530486210587,0.37259615384615385,0.00012703892596260387
2573,16,6.0,40.252643835715325,0.3313735691987513,0.01961644062769666,16,0.34532108651277,0.5916666666666667,5.2208713028065226e-05
2574,9,6.0,163.43204499574065,0.33652118778400086,0.005498668318915637,9,0.34823624849528695,0.19444444444444445,4.434024300634524e-05
2575,1,7.0,0.0,0.2615605749486653,0.00034021046819306973,1,0.2681859303620983,0.0,2.601388402421625e-05
2576,23,6.0,201.69270235759515,0.3461036843821324,0.0193252446992702,22,0.36111896163707335,0.6521739130434783,6.894476607445692e-05
2577,73,6.0,2065.4414632650314,0.36154632152588556,0.03448183632787633,45,0.3833595017532662,0.2024353120243531,0.0001788485453269293
2578,4,7.0,5.532084831119008,0.2869823818321092,0.0006658818079488084,4,0.29714278237594727,0.3333333333333333,3.3931673618826135e-05
2579,37,6.0,569.8515333288105,0.36915319074943487,0.049819618691171366,35,0.3884858952216367,0.3138138138138138,9.066600302177204e-05
2580,68,6.0,1775.5536356908353,0.39266337854500616,0.10190810816034963,54,0.4165567593028947,0.18217734855136083,0.000140566195208567
2581,2,7.0,770.2458691263295,0.29963304478735414,0.0019018883943020606,2,0.3083125855146519,0.0,3.900618374276797e-05
2582,103,6.0,14064.695024490886,0.3895174607057672,0.13779289381325818,56,0.41488983095202536,0.2771749476489625,0.00023118192669565628
2583,72,6.0,1878.0807608468044,0.3838596914175506,0.12946273124792354,56,0.40700266917884537,0.4135367762128325,0.00014648434327227793
2584,69,6.0,3020.7510695765764,0.37861134228985854,0.057167144787577194,46,0.4008975768043161,0.21355498721227623,0.0001608701880111551
2585,58,6.0,3153.6159223370814,0.3837440501295415,0.05501572480288607,45,0.4057361176532259,0.2655777374470659,0.00014147892938750866
2586,21,6.0,310.73351697517097,0.3283497448058978,0.007777759345686515,19,0.342604804521876,0.22857142857142856,7.380994508615061e-05
2587,16,6.0,186.56834652160015,0.34241935483870967,0.013990223542535736,16,0.35657350709161645,0.31666666666666665,5.651913459029435e-05
2588,55,6.0,1613.4452482473016,0.3674705746595892,0.03073019394609841,39,0.3882896320720041,0.17643097643097644,0.00014110412925555236
2589,11,6.0,15.525211697404998,0.3379855656973042,0.01566052833409785,11,0.35073794944258496,0.34545454545454546,4.3383374455495766e-05
2590,82,6.0,2337.583453436395,0.38755020080321284,0.11451730581259914,55,0.4117286858219655,0.2219211080999699,0.00016355087183755087
2591,15,6.0,401.7228660114677,0.33884869121089595,0.009805832558546352,14,0.35087664206832586,0.13333333333333333,5.7229806307394845e-05
2592,64,6.0,5259.313344914324,0.388638027825238,0.04999599729463279,42,0.4117260689799712,0.15426587301587302,0.00016092840802000357
2593,56,6.0,9765.825095198014,0.38448536070027167,0.05164068687000174,39,0.40664154498352456,0.08441558441558442,0.00016122479347139816
2594,37,6.0,1194.4320703738701,0.3528727353315973,0.016422291852432595,28,0.37072277175902024,0.15765765765765766,0.00010757228025730004
2595,26,6.0,938.125204112902,0.34539045553145337,0.01301059687187723,22,0.36031559114458356,0.22153846153846155,8.637694965384154e-05
2596,329,5.0,53007.34752397521,0.4224875621890547,0.1587151547241777,45,0.4588867954153463,0.11385202757802655,0.0007285549897388616
2597,5,7.0,38.86219167879326,0.272226021542144,0.0003243373550452398,4,0.2807755572004338,0.6,4.7173131873459375e-05
2598,72,6.0,6753.734147787327,0.3838134265397132,0.05307553768810352,43,0.406701732349411,0.10719874804381846,0.00017949329266510916
2599,116,6.0,6427.660569219839,0.4019564531397917,0.15026655042252288,55,0.42834301564874855,0.12173913043478261,0.00022745945624498594
2600,76,6.0,3104.3428161574993,0.36003391746749575,0.028879554951330835,42,0.3820353797037546,0.16,0.00019550005831068967
2601,24,6.0,158.99377666466305,0.34410286887460156,0.01257226584164547,24,0.35932119118645134,0.2753623188405797,7.337207393874387e-05
2602,11,6.0,1.512236563410443,0.3126656848306333,0.004428700140115189,11,0.3226540011513935,0.9090909090909092,4.7323274731106273e-05
2603,49,6.0,1047.6173176721395,0.3756857193417094,0.06361754839195283,43,0.39696184644371113,0.2219387755102041,0.00011193558346159637
2604,104,5.0,10463.74290875417,0.3972431859290214,0.10054793277495365,51,0.4223111948500822,0.13816280806572068,0.00023808313615860763
2605,100,6.0,7690.406416541296,0.3682141411805515,0.04223471238641887,45,0.3926021876798992,0.17393939393939392,0.0002520574058117037
2606,48,5.0,10577.970011524068,0.38618724229929663,0.053804055470705166,37,0.40725650285237014,0.10904255319148937,0.00013564769328520528
2607,68,6.0,787.5812056334906,0.38367469879518074,0.11949654905057339,52,0.40669126498143054,0.4964881474978051,0.00014189473572515842
2608,38,6.0,928.4922187816136,0.36068637444784235,0.04138798051488727,34,0.3789422724655718,0.3413940256045519,9.828953790986824e-05
2609,29,6.0,617.5640701791209,0.36158737368002725,0.028029354265906227,28,0.3797351755900809,0.17487684729064037,8.008715451300311e-05
2610,141,5.0,15320.248709231033,0.42491160184135035,0.18226306883058566,56,0.45075365049463206,0.11783181357649443,0.0002930878190672384
2611,294,6.0,68735.32463609336,0.44867911236350827,0.36556911014066806,56,0.4791961061391463,0.09639896914397159,0.0005554912481044537
2612,112,5.0,12909.84262463254,0.42078488372093026,0.1410849223665189,55,0.44514837494117354,0.13143500643500644,0.00024409174338909124
2613,31,6.0,791.5617035705807,0.3536957849725107,0.021075271278323503,27,0.3705317422933809,0.18279569892473116,8.674229669542172e-05
2614,111,6.0,10780.256703166247,0.38501994922016686,0.06414187828858772,45,0.41094625006543417,0.12940212940212942,0.000256979795632767
2615,93,6.0,3502.5328332632585,0.3988852007264984,0.1349604450181857,55,0.42342858638198333,0.2650771388499299,0.0001952717319859843
2616,12,6.0,308.4188347869331,0.3426772839771871,0.013153957469976888,11,0.35565499555134494,0.3181818181818182,4.8634195053180505e-05
2617,93,6.0,5123.656096022445,0.3914326101653248,0.08943141148094001,52,0.41640236562518396,0.1222533894343151,0.00020178445399620848
2618,82,6.0,3299.697819075758,0.3898035375481976,0.08373682684976978,51,0.41421468571729453,0.2685937970490816,0.000173743552406623
2619,28,6.0,540.0198608740288,0.34938833726479784,0.020830505243867932,25,0.36567226670851427,0.16666666666666666,8.0114201681431e-05
2620,7,6.0,30.866813859491227,0.3283328178162697,0.0038302510249783616,7,0.3383079499659527,0.19047619047619047,3.9576818619016536e-05
2621,3,6.0,1613.1698191442554,0.2962187805218362,0.0012796347271600487,3,0.30545873240173443,0.0,4.33127088222334e-05
2622,40,6.0,944.4674538189747,0.34988738120090096,0.024709940261503048,35,0.3674752708431241,0.23846153846153847,0.00010471302046223835
2623,13,6.0,175.34595174559476,0.3345590166517834,0.011008471821553971,13,0.34748521484269984,0.15384615384615385,5.0640680936484034e-05
2624,13,6.0,303.0408430087222,0.31439431335768586,0.002974301113610781,11,0.32588841785730904,0.25641025641025644,5.813694479548879e-05
2625,138,6.0,17028.18540527689,0.40208333333333335,0.09622832839289946,45,0.42991835452978777,0.15730455939913254,0.0003285758955477451
2626,54,5.0,4039.858236286925,0.3721514549491644,0.04245149611509173,40,0.3929449939812581,0.17260656883298395,0.00014573459049852628
2627,39,6.0,471.41969403502907,0.36588728672373183,0.047680953109045576,39,0.38559690165906396,0.19298245614035087,9.137517623270699e-05
2628,34,5.0,704.640737267814,0.3778924884300463,0.05321938722333258,32,0.398346155859111,0.21746880570409982,8.685786552190367e-05
2629,6,7.0,4679.309361226422,0.26006533278889343,0.00011337963844233273,5,0.2660950736080285,0.4,0.0001068545055170921
2630,6,6.0,59.92091207900672,0.32957309184993533,0.004085957426668099,6,0.33868739205523923,0.4,3.684898067700161e-05
2631,455,5.0,192827.31015427865,0.47905227529146294,0.5623141238106173,56,0.510242319568765,0.04774168562714819,0.0009142191042049944
2632,106,6.0,8537.285366260305,0.3779821958456973,0.05583512228707777,45,0.402933479876489,0.12309074573225516,0.0002429944897818039
2633,189,5.0,10132.147938618675,0.40510113217147947,0.3069429486433217,56,0.4351101690480316,0.21693121693121695,0.0003397535897649808
2634,54,6.0,8091.295104023218,0.3643175838004805,0.04221963664631339,41,0.38395090804415727,0.310272536687631,0.00015018158254423729
2635,51,6.0,1898.4774629035185,0.356786734636715,0.030223119906539784,38,0.37603234416704007,0.3035294117647059,0.00012784940269381195
2636,34,6.0,586.2446983271012,0.353774370938177,0.023942090984137257,31,0.37074894017897264,0.38859180035650626,9.158418725138276e-05
2637,89,6.0,6001.097331308788,0.37635171068959405,0.038154636849649426,42,0.4003454231433521,0.14836567926455568,0.00022340590616150977
2638,334,5.0,68939.22344291901,0.45466876070816675,0.4636993446580418,56,0.48638457109962774,0.10413407419395444,0.0006175449695696336
2639,14,6.0,412.8356780495672,0.3333158886330333,0.0070206520835254015,14,0.34535772230069844,0.47252747252747257,5.905342025132618e-05
2640,83,5.0,7659.3390598623555,0.3870556061987238,0.07874402163867525,53,0.4104516669283653,0.2926829268292683,0.0001878540813833311
2641,72,6.0,1306.689577270636,0.39906015037593984,0.1272537290871151,55,0.42263568325747375,0.25078247261345854,0.0001496179747803432
2642,52,6.0,991.5522921353748,0.3716736694677871,0.07101927270916057,46,0.3927539645156168,0.18627450980392157,0.00011355403782208313
2643,23,6.0,203.37591877473423,0.35242363877822047,0.02344515495894225,23,0.3687784581566762,0.2648221343873518,6.618753098531916e-05
2644,109,6.0,5038.3046688883005,0.40374009508716324,0.1529427039142726,56,0.42897629141155963,0.172782874617737,0.00022043782016648294
2645,69,6.0,1224.03599669708,0.3558299346332197,0.03348703438434098,45,0.37669963887578434,0.2544757033248082,0.00017147617372406104
2646,170,5.0,23989.126060223,0.4289755506162861,0.21772578727412617,56,0.456057989218657,0.09376957883745214,0.0003411740914457878
2647,60,5.0,1579.1997640381178,0.3775117064785727,0.06589393377673029,45,0.3997592505364547,0.30903954802259886,0.00013660314153367183
2648,45,6.0,1454.8865693586724,0.369517289394291,0.043572122838562606,36,0.3896320720154827,0.10707070707070708,0.00011037475258104986
2649,102,6.0,6266.147322711645,0.41116849580374437,0.1404529716781948,55,0.4361961584759946,0.1112405358182877,0.00020927510705792508
2650,125,6.0,3821.274822960342,0.4042269611576542,0.23254892223992082,56,0.4308316323860727,0.275741935483871,0.00022906920719373394
2651,52,6.0,3871.1784144405665,0.3955409265929698,0.056441972658967374,39,0.41858219500708993,0.08974358974358974,0.00013084110284426357
2652,24,6.0,862.0851080903992,0.3491584891179212,0.01204351063700228,21,0.36467263306639414,0.18478260869565216,8.085336816705871e-05
2653,117,6.0,11614.934200688955,0.38740875912408756,0.1123982519949523,55,0.413194117339211,0.19938107869142352,0.00024711971323066
2654,19,6.0,81.09734425493257,0.34629186602870815,0.020494769908211204,19,0.36116344795098965,0.32163742690058483,5.8005474797429344e-05
2655,50,5.0,743.2063275017917,0.3643384245752531,0.03843434732005301,42,0.38358193332285095,0.3877551020408163,0.00011908888874057084
2656,46,6.0,1458.451459088992,0.3739212117653966,0.041630210852155194,40,0.39401789919924296,0.24347826086956523,0.00011221811058303356
2657,6,6.0,5.027140517372754,0.3097009482129832,0.003100580491683157,6,0.31940650023550254,0.8,4.019238034243187e-05
2658,1,7.0,0.0,0.2657514812651256,0.0003811454367179272,1,0.27269474911962316,0.0,2.6310292779845368e-05
2659,158,6.0,17858.754317066756,0.431357941076871,0.20069735296112792,56,0.45762286073171266,0.14931871321454487,0.0003218295146238152
2660,111,6.0,16019.789377284078,0.3892793839007396,0.13460472763811404,56,0.41448945412677785,0.2430794430794431,0.000260102561751664
2661,8,6.0,29.087768253772165,0.3221873735329826,0.004729569721473349,8,0.33206939864968443,0.6785714285714286,4.4011051038198566e-05
2662,72,6.0,2433.7609540175667,0.3808071748878924,0.07843006211189975,51,0.40359554090124683,0.1960093896713615,0.00015448187889649233
2663,55,6.0,1981.4548446356996,0.3702046035805627,0.062080969422706515,43,0.391484796148001,0.14612794612794613,0.00012620265144314195
2664,6,6.0,8.262547273233725,0.32282426884282023,0.004612052630771005,6,0.33246715863293663,0.5333333333333333,3.5075739947466566e-05
2665,104,6.0,1251.8237512109747,0.38840102451518477,0.20084169843875263,56,0.41371748573822803,0.3666915608663181,0.0001919881373787436
2666,37,6.0,1376.5142529477835,0.35300964416361824,0.01780740114285035,28,0.3710263254304494,0.17867867867867868,0.00010927016387768212
2667,23,6.0,1223.7568273458862,0.35928245049923846,0.018283709296421095,18,0.3772648767467234,0.1383399209486166,7.967903796840864e-05
2668,14,6.0,19152.94628591672,0.3272531086219299,0.012454604567718248,12,0.3392787983461302,0.3186813186813187,0.00010516921978419266
2669,147,6.0,10970.097266738123,0.3838365575845236,0.0705590556340126,45,0.41189093002565763,0.12440592675426333,0.0003381972201785674
2670,60,6.0,1269.638657965474,0.3641717651094974,0.0332879891127318,43,0.38549484482125423,0.211864406779661,0.00014651654852391606
2671,44,6.0,1005.4991098440659,0.35555183386367445,0.025799970652517976,35,0.37393102004499035,0.2019027484143763,0.00011329790408183038
2672,82,6.0,5445.1129286514515,0.39988698436617065,0.09252350183828525,51,0.42414560108863636,0.22131887985546522,0.0001752811592795008
2673,76,6.0,3770.594652829747,0.35720695457094787,0.02672330266873292,42,0.3786805882660609,0.1656140350877193,0.00019917040074750032
2674,5,7.0,1.434958632776343,0.27646829014194557,0.0005562529464675808,5,0.2846092307232275,0.9,4.1039525561302606e-05
2675,173,5.0,5706.845587941754,0.3987603305785124,0.26197587757186636,56,0.42773329146389233,0.23296141954563787,0.00031242463259165744
2676,20,6.0,344.5918010597869,0.35096710200033066,0.015143709642270287,20,0.3669623698120895,0.2157894736842105,6.427705225316858e-05
2677,39,6.0,1028.8709954045974,0.3605230386052304,0.02118805402834435,32,0.37940021981471,0.19163292847503374,0.0001072164425400819
2678,131,6.0,6825.586619969228,0.41747509176717357,0.18517491112074375,56,0.4434997644842714,0.2164415736934821,0.0002568319499030706
2679,47,5.0,2400.140204374965,0.37171705381113573,0.04199409372795915,36,0.39213377296278246,0.22201665124884368,0.0001274745788982231
2680,39,6.0,416.67226876221184,0.3619366937546173,0.06461205809024184,35,0.38119799026533047,0.45614035087719296,9.191910276638968e-05
2681,42,6.0,476.23666589900716,0.3695601717535105,0.04504698548697109,39,0.3899277751609269,0.29500580720092917,9.937045469413708e-05
2682,71,6.0,2681.342150966248,0.3928813768428845,0.09026708414442955,51,0.41654367509291945,0.22857142857142856,0.00015662792661416222
2683,42,6.0,8394.992518134351,0.3572670668087732,0.01875194276759379,29,0.3750771968388374,0.25667828106852497,0.00013635846249295962
2684,90,6.0,7031.640694053483,0.38665614375910634,0.16693335527267666,56,0.4113466268906829,0.36129837702871415,0.00018309397289794862
2685,1,6.0,0.0,0.28913201380061737,0.0012948583075071424,1,0.297956246401845,0.0,2.56895599072058e-05
2686,92,6.0,3987.650039990643,0.3898035375481976,0.1158176507807425,55,0.41419113413933895,0.17606306736741517,0.0001885375511233021
2687,28,6.0,588.3476226648803,0.35442404006677797,0.015350598218606829,25,0.3714921233055751,0.18253968253968256,8.727754734495316e-05
2688,1,7.0,0.0,0.2392112676056338,2.0746758684659592e-05,1,0.2432567720132589,0.0,3.472990998313345e-05
2689,5,7.0,21.184659283383475,0.30094977082644236,0.0020546385677317606,5,0.31038138602904725,0.4,3.9169610677217586e-05
2690,30,6.0,793.9629728527563,0.3548387096774194,0.021637172465468663,28,0.3713743654157977,0.24597701149425288,8.51617176464627e-05
2691,11,6.0,92.25936010494017,0.35672678391396884,0.022212732644550443,11,0.3730439106086587,0.14545454545454545,4.29713228816864e-05
2692,34,6.0,1273.6257932567264,0.3554129464285714,0.03155517823269186,30,0.3729444706128453,0.22459893048128343,9.641500109896004e-05
2693,20,6.0,122.75962577511324,0.356586977212922,0.023804684951705363,20,0.3734626053278714,0.15789473684210525,5.920592700577971e-05
2694,112,6.0,4681.8738239033855,0.41042660136615544,0.20856377978337176,56,0.43630868268178263,0.18597168597168598,0.0002116695688909442
2695,163,6.0,10730.8566683894,0.4198417930125247,0.28046793660588054,56,0.4477364316743074,0.19624327804286903,0.00029601137830964587
2696,58,5.0,1060.8214902521036,0.3973671075617669,0.11529317293247014,50,0.4200554770503222,0.21657592256503327,0.0001228302043464026
2697,18,6.0,915.3057521762297,0.33784213876511776,0.008734423928647041,16,0.35058878944886596,0.28758169934640526,6.528393645874924e-05
2698,169,5.0,25029.78482977175,0.4245433942141048,0.16849485185292595,55,0.45196786518034987,0.13045928430543816,0.000340857944185075
2699,83,6.0,4522.502116292742,0.39781386633354154,0.1001395792653518,52,0.4220704453865352,0.12106964443138409,0.0001781923153522647
2700,70,6.0,3526.1785176159315,0.37827403931816833,0.0709692298865431,47,0.40143141257131243,0.10144927536231885,0.0001599005766047499
2701,4,6.0,6.4743608956223815,0.31562515486396747,0.0047206617368024464,4,0.32542261998218386,0.3333333333333333,3.062329576054104e-05
2702,37,6.0,1642.846215870301,0.35263828137976855,0.016515586367944805,30,0.3703616475636991,0.16666666666666666,0.00011095024302687124
2703,4,7.0,0.0,0.30428550953131717,0.0019429461094688032,4,0.3132270147814089,1.0,3.2411698210909924e-05
2704,13,7.0,732.3258460883584,0.30216339311130086,0.0009967050374525435,11,0.3113899917008642,0.5512820512820512,8.49068081278736e-05
2705,78,6.0,2451.1202362019353,0.38513636088770636,0.08192439648191831,52,0.4086957659496641,0.2251082251082251,0.00016738977871443887
2706,65,6.0,2602.8717263065278,0.3863746663431206,0.07770520395460033,52,0.4090385722510207,0.4620192307692308,0.00015392595041609293
2707,239,5.0,29953.695652392802,0.42684806648347967,0.3157253455151909,56,0.45770921651755614,0.13913012903906333,0.00044265772599893995
2708,24,6.0,1238.7725514749254,0.3483945079590832,0.022639486049631567,19,0.3636939341602339,0.13405797101449277,7.83961404038569e-05
2709,74,5.0,3430.5099363155014,0.3982367285687488,0.09147320486384403,52,0.4214319359397357,0.18548685671973342,0.00016113609744108353
2710,20,6.0,6961.922422224972,0.3399701078253443,0.011699153945338287,18,0.3538336735227662,0.08947368421052632,9.363387582989448e-05
2711,21,6.0,509.1928704936184,0.3373768407670304,0.008538497742143394,19,0.35081645470243683,0.23809523809523808,7.081343714163997e-05
2712,29,6.0,503.1030887872368,0.35408906432423415,0.026332967045843415,27,0.37122258858008156,0.22167487684729065,8.235127857087276e-05
2713,63,5.0,4264.090079964634,0.38355916892502256,0.06230598397375461,45,0.4059035955409109,0.13517665130568357,0.0001506059359802016
2714,12,7.0,170.68653321175333,0.32032389478448925,0.00425223008940122,11,0.33343950235139647,0.18181818181818182,5.121679605852368e-05
2715,91,6.0,4631.198748160057,0.4028717818963881,0.13965563513806564,54,0.42769927251795914,0.1347985347985348,0.0001887553319714494
2716,25,6.0,1947.9800694281053,0.32433671131028163,0.0028827789054351374,15,0.33425184487358,0.41,0.00012881389843812167
2717,66,6.0,2931.8886687027893,0.36958161666569955,0.042902912215472766,43,0.3909195582770629,0.151981351981352,0.0001605659094498758
2718,59,6.0,2032.9169475698243,0.37466909818224603,0.04470042864886752,40,0.3968781074998677,0.3816481589713618,0.00014475425733159628
2719,41,6.0,795.0337138862963,0.3630714855774712,0.03830917954360902,40,0.3827131417804822,0.31097560975609756,9.797288979701372e-05
2720,51,6.0,1248.3574217817877,0.3799439241185945,0.05371316229917743,43,0.4014130946773482,0.2815686274509804,0.00011764646835345448
2721,42,6.0,1706.6639467566354,0.36278195488721804,0.04080147506585121,33,0.3823520175851611,0.17073170731707318,0.00010761719084911759
2722,46,6.0,664.2891268391795,0.3779373368146214,0.044773379814383195,42,0.39909195582770934,0.4966183574879227,0.00011112801281937903
2723,35,6.0,358.1399234681123,0.35428603215219445,0.03538797723159561,33,0.37279792746111856,0.24873949579831933,9.000678362784217e-05
2724,87,6.0,1573.4221976793087,0.39948566769114974,0.17724247915577507,56,0.42435494844824256,0.2421812349639134,0.00016738067717035965
2725,9,6.0,70.01261186695041,0.3241551302931596,0.005291385312415515,9,0.333649971214712,0.08333333333333333,4.439151737420222e-05
2726,27,6.0,257.5080995412144,0.3244358412714584,0.006075487337250011,24,0.33891505730881544,0.2962962962962963,8.943083180662868e-05
2727,120,6.0,3464.006734901667,0.3990351481736733,0.2164703566515376,56,0.42555084523999454,0.31820728291316525,0.0002208428857325765
2728,17,6.0,99.53654773539466,0.33189161021365293,0.011985985185302033,17,0.34496781284343325,0.35294117647058826,5.7170295640869705e-05
2729,3,6.0,0.0,0.28053561203365196,0.0022491738330529996,3,0.2897236614853282,1.0,2.9190805968251845e-05
2730,97,5.0,8572.551609908782,0.39664943638288597,0.09737654844739282,52,0.421513058041582,0.21284364261168384,0.00022087641840496508
2731,61,6.0,1766.5746781007738,0.37996659109891423,0.06407254350418984,49,0.4023813262155283,0.18688524590163932,0.00013391870170375463
2732,66,6.0,7093.004629649006,0.3816057519472738,0.03947832576589249,42,0.4047076987491571,0.1613053613053613,0.00017052045978389999
2733,4,6.0,11.295076840952163,0.3159539636868737,0.0038009699863846146,4,0.3253284136703617,0.16666666666666666,3.150986654245805e-05
2734,210,6.0,12935.605050548436,0.41573107049608354,0.36338777246795423,56,0.44637305699486973,0.19913419913419914,0.0003766863260957133
2735,11,6.0,79.51947785872254,0.3059812635118905,0.001605474382781275,11,0.31726330664153457,0.18181818181818182,5.4165460325703805e-05
2736,65,6.0,1729.8285066496944,0.358554298260429,0.027362569700657192,43,0.37961480085830485,0.1658653846153846,0.00016253471880511866
2737,188,5.0,27899.560583733484,0.432353540153418,0.19646738708675002,55,0.45966923117186664,0.10780521105927865,0.00038651778083870116
2738,106,6.0,4372.08762965157,0.3832360551176364,0.06354058429667801,45,0.40844978280212507,0.20269541778975741,0.0002421583678437381
2739,128,6.0,9024.632093216598,0.37080810433162553,0.048369523210450564,45,0.3966635264562678,0.12721456692913385,0.0003107779146857013
2740,8,6.0,74.15722695208488,0.32666564086782585,0.005933398755101385,8,0.33702046370437505,0.25,4.143819309746246e-05
2741,97,6.0,7303.507655438255,0.38069336521219366,0.0546135053116302,45,0.4057308839692334,0.11426116838487972,0.00022441701916133726
2742,1,8.0,0.0,0.2217386763221112,4.901068723938024e-06,1,0.22639739362539607,0.0,3.206206181023321e-05
2743,83,6.0,7062.740236884507,0.3926149673283196,0.08398580014431993,47,0.41657769403885525,0.13635027916544226,0.00019772597646932897
2744,113,6.0,13319.5271753662,0.4064973193770743,0.1069746177433239,52,0.43232061548127576,0.060998735777496836,0.00025709957511129306
2745,100,5.0,5827.984398506423,0.4100038624951719,0.12746630134662573,53,0.43442717328731884,0.1707070707070707,0.00020761489906802568
2746,48,6.0,3798.7439405820546,0.3642134156802196,0.0302066013738206,37,0.38420474171767915,0.14184397163120568,0.00013236135933234776
2747,170,6.0,44947.05452927413,0.4219837010534685,0.21098652847114477,56,0.4495525200188934,0.10386355725722242,0.00037812896325774395
2748,141,5.0,15219.859584050591,0.43620299979453464,0.206925416624531,56,0.460158580624944,0.10759878419452888,0.00028252127328387485
2749,3,6.0,19.999625037192775,0.29095477386934676,0.0010686871761617952,3,0.3000785052598534,0.0,3.151607541736952e-05
2750,44,6.0,535.585145147363,0.37176044828391314,0.05458871280056414,40,0.39279060030354795,0.2135306553911205,0.00010472924353909357
2751,64,6.0,4939.662410240455,0.3634236804564907,0.030685154093739928,39,0.3848615690584439,0.23363095238095238,0.00017351505334640263
2752,116,6.0,12558.892979121923,0.41135438868436347,0.13908170339331263,55,0.4367535458209472,0.21064467766116943,0.00024741198981606744
2753,15,6.0,1571.9897272930693,0.3268165024630542,0.004438406069471643,13,0.3384466425916939,0.15238095238095237,7.302315429819746e-05
2754,23,6.0,552.9023282036194,0.35778888826470423,0.021861229262880255,22,0.3745250431778754,0.10671936758893281,7.092290271038779e-05
2755,24,6.0,215.7632555054998,0.343138839502182,0.021940171513135483,24,0.3586905322656357,0.286231884057971,6.959354979801504e-05
2756,21,6.0,299.2562824356196,0.3496376811594203,0.020788981396209615,20,0.36547076987489313,0.20952380952380953,6.670830636922674e-05
2757,124,5.0,4214.322438614996,0.3874323255672486,0.183932204986819,56,0.41320196786519636,0.3234985575662208,0.00023449327248791651
2758,93,6.0,5787.0932960500095,0.37313257953014234,0.05778475517316157,45,0.39716596011932537,0.16690042075736325,0.0002114207555023468
2759,19,7.0,1284.5039462483965,0.310864896524795,0.002698231676896712,13,0.3213575428601191,0.4678362573099415,0.00012783743563462706
2760,115,6.0,8671.597792356451,0.39273601775914163,0.09870453607402968,52,0.41883602868061076,0.1865751334858886,0.0002490201360051314
2761,111,6.0,7498.90417480984,0.40284629981024667,0.15356948734534806,55,0.4288847019417311,0.12776412776412777,0.00022257316271578567
2762,2,7.0,0.0,0.2939221929946006,0.0015247019541909086,2,0.3030317983685844,1.0,2.782786328426895e-05
2763,48,6.0,1148.4675064956411,0.350715859030837,0.0657134964150083,42,0.36856649395507385,0.5053191489361702,0.00011073955646997635
2764,52,6.0,4257.830389549114,0.38696154079834744,0.06586369072588166,42,0.40906997435496223,0.23981900452488686,0.0001333184866162465
2765,109,6.0,11639.978496810685,0.4024390243902439,0.14148737324847835,55,0.427602449364141,0.22154264356099218,0.00022894709728388628
2766,173,6.0,7128.676133757481,0.4102679721721206,0.31348716955828465,56,0.4391479562464459,0.21797284581260923,0.0003075325551143736
2767,158,6.0,8553.657471228857,0.403050246804202,0.24470952604569496,56,0.43114303658348657,0.2133354833508022,0.00029144037205880235
2768,37,6.0,34591.32367472915,0.3795589988081049,0.04393891598897032,32,0.40042916208719725,0.12462462462462463,0.00011179854534462608
2769,20,7.0,7429.481636792691,0.33144254787676936,0.00711111519598732,15,0.34357714824033236,0.4105263157894737,0.00011111448385718685
2770,21,6.0,1106.5667055471858,0.351296194153337,0.01700522462872201,19,0.3674517192651696,0.23333333333333334,7.37898350968866e-05
2771,112,6.0,5816.189718338886,0.4096083349411538,0.14334234028336587,55,0.4352697964097346,0.21476833976833978,0.0002265526073624786
2772,116,6.0,8892.082340037294,0.41915103652517277,0.16312581212170663,56,0.4443371539226984,0.14452773613193404,0.00023522226625553158
2773,125,6.0,14876.83597335149,0.42536565818473254,0.15758349727631057,55,0.4502119642016501,0.13070967741935482,0.00026523659447057733
2774,13,6.0,119.84069281368753,0.32056573384336623,0.007497048005995704,12,0.33132621552308344,0.25641025641025644,5.499262499174066e-05
2775,27,6.0,203.33639347386816,0.35529398638848597,0.0416932187816584,27,0.37271157167528246,0.24786324786324787,7.024656623830896e-05
2776,384,5.0,118323.49462226483,0.4672095070422535,0.5060570156144645,56,0.49774166535827236,0.07395017406440384,0.0007532142605037556
2777,25,6.0,123.15781508336487,0.3441586512482438,0.023900551128417984,24,0.35833202491231275,0.6933333333333334,7.193610658084487e-05
2778,3,7.0,1.0068618011133148,0.31886452388104536,0.005930393416408938,3,0.3286480646584049,0.3333333333333333,2.850338336747383e-05
2779,16,6.0,244.11154631683235,0.3388306644677342,0.024130789875093612,15,0.3517925367666035,0.30833333333333335,5.36226003337899e-05
2780,172,6.0,54422.42550315099,0.42223548130469374,0.20914426853983595,56,0.449685978960643,0.15197878416972663,0.00040184432603838433
2781,7,7.0,37.410978028773535,0.3115949119373777,0.0027564062033520755,7,0.32072165025531396,0.3333333333333333,3.905122561186394e-05
2782,21,6.0,1784.1101432033406,0.3448667966211826,0.012483689604704811,18,0.35956979117598514,0.3142857142857143,8.265705706271568e-05
2783,74,6.0,2248.436950224496,0.38916045460100207,0.1016981183463196,54,0.4126812163081764,0.28100703443169195,0.0001505158094752803
2784,7,6.0,19.419563756519185,0.3264647085960326,0.006730247259350725,7,0.3375883184173084,0.2380952380952381,3.683847657746933e-05
2785,34,6.0,6098.817929234911,0.35295095594347464,0.018727683307294244,24,0.3693384623436247,0.17290552584670232,0.00012910448331660609
2786,17,6.0,56.957543175111454,0.3299316203895566,0.008200660188885696,17,0.3417543308734742,0.5294117647058824,5.9220608054881726e-05
2787,123,6.0,10721.913859198341,0.41241986660622937,0.1383018501522087,55,0.4386402888994016,0.12741570038651207,0.0002551238794537043
2788,143,6.0,9352.918167385806,0.419592858554582,0.18203787593572557,55,0.4462710001570626,0.14990643159657244,0.00028529246234132563
2789,99,6.0,2502.570630482089,0.38778616658548465,0.17843560646477266,56,0.41292196577172274,0.3104514533085962,0.0001912086330594365
2790,36,6.0,673.4722211158474,0.35642733225138507,0.023798492125442647,33,0.3745878473857556,0.4666666666666666,0.00010025770772465393
2791,45,6.0,1643.6050168396869,0.3426219807412986,0.01679125882854154,35,0.36092793217142705,0.1494949494949495,0.00012607123799563753
2792,138,6.0,17842.24025535971,0.3974166978659678,0.07821168545976331,45,0.4253205631444261,0.07627208293663387,0.0003222526582184802
2793,120,6.0,4058.3476570235516,0.3879042572629271,0.15742019845590566,56,0.413856178363967,0.24901960784313726,0.0002337787129995953
2794,25,6.0,236.27465142923907,0.33637900073941057,0.013176427423719448,23,0.34938504213112714,0.4666666666666666,7.959176819878128e-05
2795,90,6.0,6276.934901074167,0.3767078724788549,0.04578641695683714,45,0.40137122520542423,0.13108614232209737,0.00022123714966991025
2796,87,6.0,4156.792333028757,0.36981767506677504,0.040292188857393156,45,0.39335583817448394,0.13980219192729215,0.00021253494114953993
2797,128,6.0,6936.99832755797,0.39642723764471555,0.1470164507404317,56,0.42299419061079796,0.18184055118110237,0.0002539885672456192
2798,151,5.0,6070.448069532843,0.405979092299847,0.24847531166174933,56,0.43400062804211764,0.2409713024282561,0.00028407499952180185
2799,32,6.0,555.7340780094827,0.36251351812852184,0.034411196579126696,30,0.381922855497967,0.29838709677419356,8.616034830346403e-05
2800,54,6.0,1594.5173946650652,0.37130531102431064,0.054709702345988806,39,0.39262573925785743,0.16491963661774983,0.00012900205362372777
2801,37,6.0,1846.217128318012,0.35575043288834274,0.033820251173068035,31,0.37409588109067987,0.21021021021021022,0.00010066482594634365
2802,64,5.0,2154.7844631033886,0.38096662280177057,0.07402877062334433,47,0.40376040194693713,0.1984126984126984,0.00014725617354019978
2803,95,6.0,17274.369989373492,0.4004904734955669,0.1464043173073146,56,0.4252970115664727,0.15879059350503918,0.00019952674915162526
2804,154,5.0,14619.482779292985,0.42259969477805054,0.1809173127191352,55,0.44961270738477815,0.14531873355402766,0.00032321202868069895
2805,50,6.0,1085.649230948298,0.3726304703955067,0.06534046272736967,44,0.3937091118438223,0.22122448979591836,0.0001130377750410202
2806,143,6.0,19826.726423551114,0.41351772497078304,0.17693298703061855,56,0.4403883393521168,0.11671427164384911,0.0002942017129035951
2807,64,6.0,4666.973150253105,0.3959097407844844,0.08520656129067782,49,0.41935416339563925,0.18601190476190477,0.0001460479722437825
2808,33,6.0,445.20925283970223,0.3451471305478784,0.014134457046600973,28,0.3616894331919988,0.24621212121212122,9.64531080987096e-05
2809,22,6.0,534.6617135719289,0.33829075264248154,0.014645408461587904,18,0.35338881038359937,0.2121212121212121,7.097313673780172e-05
2810,2,7.0,1.169452238747133,0.29023878964637256,0.001794129702711809,2,0.2996534553529388,0.0,2.7546464493041798e-05
2811,16,7.0,1053.6278215730047,0.3322205414428042,0.006202566978635255,13,0.34455061346250204,0.20833333333333334,6.755561188707975e-05
2812,127,6.0,9528.698205394907,0.40654921486020684,0.13790994435036402,55,0.43287276914223793,0.10998625171853518,0.0002583255940258182
2813,74,6.0,1858.0616265529136,0.3789041584865251,0.10330190958382708,54,0.4022243156958226,0.3561643835616438,0.0001552550717673733
2814,75,6.0,2727.105534343826,0.387079129694907,0.08916936004941091,51,0.4102083006228228,0.17801801801801803,0.00016290942686779774
2815,16,6.0,298.142203714965,0.3604210288042556,0.024659299123486727,15,0.3774689904223411,0.21666666666666667,5.522689995065867e-05
2816,121,6.0,1783.2033990726081,0.39478088390255994,0.22704409408620177,56,0.4212539906840676,0.35275482093663907,0.00021747483106663546
2817,143,6.0,8165.722342243834,0.41029440185531146,0.19806158425967485,56,0.4376014026273528,0.18408352211169113,0.0002747439505987711
2818,32,6.0,540.1682400779276,0.35970857336496104,0.032949129506398195,32,0.37881143036581527,0.2560483870967742,8.256369876638825e-05
2819,26,6.0,243.8574962765975,0.3594852401648135,0.031571890641591785,25,0.37703459465115746,0.24923076923076923,7.174619959933698e-05
2820,23,6.0,1128.3737908985602,0.35106382978723405,0.02078551391614223,19,0.36630030878733577,0.22529644268774704,7.609855676531395e-05
2821,74,6.0,2823.4749203647925,0.3938044889630866,0.08110251586162119,49,0.4176139634689084,0.14068863383931876,0.00016227643745027253
2822,66,6.0,3157.8916466023875,0.40376569037656906,0.09968225502028999,48,0.42700580938926314,0.17902097902097902,0.00014602771689885394
2823,209,6.0,24624.848417679896,0.4340329835082459,0.36626248264737093,56,0.46188307949970514,0.1973224144276776,0.0004080650778768797
2824,116,6.0,2884.0320189066174,0.3886617440654177,0.17172339482297413,56,0.4146988014863838,0.2922038980509745,0.0002164294606069106
2825,78,6.0,4729.797042103728,0.3929298537849343,0.07759298343464528,46,0.4169859213900882,0.1481851481851482,0.00018041045988851728
2826,74,6.0,1589.6107930138648,0.37892670157068065,0.072230485321618,52,0.40173234940074737,0.4272491669751944,0.00015871205935189824
2827,19,6.0,54.04345696696178,0.3485279632264419,0.03491348326208945,19,0.3649604856858505,0.35672514619883045,5.4859532574353377e-05
2828,131,6.0,10288.52548834954,0.40855731605619344,0.14368121502985506,55,0.43545820903337984,0.14867880211391662,0.00026296535420822947
2829,53,6.0,1633.4914766551624,0.3784313725490196,0.06127976437463554,44,0.39993196210813087,0.32583454281567487,0.00012844758291264378
2830,75,6.0,7685.539896705903,0.3800119331742243,0.04188275192005628,42,0.4037237661590052,0.1308108108108108,0.00018794953748791678
2831,105,5.0,11386.306243154066,0.4087146249117628,0.12876405319900994,54,0.43388548699433593,0.17509157509157508,0.00023092482222308283
2832,140,6.0,14604.009163056291,0.4225436210442513,0.1555702043586331,55,0.44883027162824896,0.15889003083247688,0.0002821779479368402
2833,112,6.0,8574.39275085523,0.3962545884402414,0.08576697648536188,53,0.4219657717067309,0.17792792792792791,0.00024082833376435316
2834,30,6.0,955.6688198186456,0.3629059829059829,0.029680883476982303,26,0.3811561207934103,0.2413793103448276,8.492587332344494e-05
2835,12,6.0,164.91855868816396,0.33144254787676936,0.005911433168193429,11,0.34310462134293496,0.13636363636363635,5.49643892624409e-05
2836,9,6.0,2.7499119006851087,0.32501530924678507,0.006438328402706537,9,0.3353875542994454,0.8055555555555556,4.101714689560859e-05
2837,96,6.0,11289.571696363328,0.3814229249011858,0.05089764465219928,45,0.4063353744700977,0.12039473684210526,0.0002385536200296829
2838,105,6.0,4505.341760312846,0.39140855457227136,0.13785216618208546,56,0.4172188203276494,0.26465201465201466,0.00020943476854163548
2839,4,6.0,118.40578713246403,0.29663266731870896,0.0010752005072137039,4,0.3053619092479156,0.5,4.4866425878366e-05
2840,20,6.0,244.21984892612943,0.3454279205987634,0.021040616625376332,19,0.35970848380172527,0.4105263157894737,6.60723129833096e-05
2841,67,6.0,3546.7334408175643,0.3778028235852414,0.04461177352453598,44,0.4006934631286991,0.17639077340569878,0.00016417512671840806
2842,32,6.0,234.29620530851415,0.35021445067634444,0.03208461186954027,31,0.36630030878733477,0.5907258064516129,8.302768995174658e-05
2843,10,6.0,47.180277007829865,0.3269339356295878,0.008869788966703252,10,0.33744439210757726,0.35555555555555557,4.2912967356533485e-05
2844,124,6.0,7257.373214936375,0.4083739420364196,0.13118240050266633,54,0.4344454911812832,0.23078940466824022,0.000252306389935588
2845,24,6.0,150.8825760869986,0.3506772381896267,0.02666602218858389,23,0.3666535824566702,0.30434782608695654,6.848241718084922e-05
2846,10,6.0,129.55361161019445,0.3292493796526055,0.00982658853651836,10,0.34064740670955523,0.06666666666666667,4.5367151485977064e-05
2847,203,6.0,8854.489076134614,0.41613851682456715,0.37421883080185825,56,0.4459962317475783,0.2101155928400722,0.0003560345662301647
2848,5,7.0,95.8670457861923,0.3036471990464839,0.0017471009883556355,4,0.31324533267537547,0.2,4.33955372812111e-05
2849,22,6.0,2382.482705730147,0.3582114735658043,0.018200655658901436,18,0.37490186842516726,0.04329004329004329,8.579996417080337e-05
2850,72,6.0,3242.09872103799,0.3805114111602342,0.08360799279685428,51,0.4034594651175023,0.2734741784037559,0.00015709589003447128
2851,82,6.0,3126.9441947255737,0.39600820742398807,0.11522864256028419,55,0.42079866017692424,0.19301415236374586,0.00016908654186284467
2852,2,6.0,7.3509649126354235,0.26683145502534666,0.00025666359345967644,2,0.2742659758203843,0.0,3.1722771057140634e-05
2853,122,6.0,8679.743021909371,0.4081384171739827,0.1362066500447917,55,0.43431726592352404,0.09998645170031162,0.00024478911268302424
2854,66,5.0,4439.92464445013,0.3983612709532149,0.07600084873660286,47,0.4217721253990963,0.12214452214452215,0.00015523603996421114
2855,1,7.0,0.0,0.24779208652686457,5.081065403852031e-05,1,0.25266058063986196,0.0,2.7843754345102666e-05
2856,179,6.0,10037.790628268951,0.41641059169663286,0.3001634958596908,56,0.4454100591406802,0.19760215931203315,0.0003215433982502303
2857,16,6.0,247.70800073887344,0.32792709298733397,0.005250589750295593,16,0.34112628879465645,0.15833333333333333,6.178336464670614e-05
2858,39,6.0,2067.0929924085312,0.3616900448634221,0.01993110184062451,30,0.380444339770748,0.13225371120107962,0.00011427177120768273
2859,86,6.0,3216.8916540041055,0.4011968503937008,0.10457646775894312,51,0.4258543989114255,0.2030095759233926,0.00018635642377858724
2860,92,6.0,3205.39385613285,0.3935611444108015,0.10421854109210424,55,0.41809546239600326,0.2725752508361204,0.00019726860416628044
2861,158,6.0,8293.542727373548,0.3782291109923392,0.07540419392856737,45,0.4062935049981739,0.14681931790695799,0.0003574569542088347
2862,68,6.0,1516.5438540084842,0.3937557959814529,0.09033742595756404,51,0.41707489401792164,0.28138718173836696,0.00014701108600213158
2863,13,6.0,1671.689452065332,0.3307368749026328,0.009102870578472663,12,0.3425158318940428,0.10256410256410257,6.223839140435299e-05
2864,28,6.0,498.42096702794714,0.35149006622516554,0.02132773430217146,24,0.3673522792693579,0.3253968253968254,8.324919671810237e-05
2865,151,6.0,12475.517380748266,0.41346403531550247,0.19450479448975383,56,0.44049301303192007,0.103841059602649,0.0002961827601871115
2866,46,6.0,11312.06948668129,0.3803750597228858,0.05542611649009158,34,0.40152300204114194,0.1603864734299517,0.00014540788145202287
2867,35,6.0,917.1909733662725,0.35871585468882006,0.030125136677731482,31,0.37661589993194455,0.20504201680672268,9.194695710309427e-05
2868,154,5.0,13582.258272343259,0.42590611207703627,0.19980480850661086,56,0.45259590725916726,0.11340293693234871,0.0002955330251662111
2869,20,6.0,49.640336340866895,0.33847053196577565,0.03028222237769801,20,0.35370544826500405,0.47368421052631576,5.68807702489202e-05
2870,56,5.0,2574.442303166219,0.37535360678925034,0.05563585589125937,40,0.39624744857905364,0.09610389610389611,0.00013542278604753723
2871,48,6.0,1248.4442423235919,0.3690462394251941,0.062890398034518,42,0.38982048463912816,0.2872340425531915,0.00011168648918941179
2872,2,6.0,3.9456991212791492,0.319520393317614,0.003948665913839162,2,0.3284136703825595,0.0,2.793886226591188e-05
2873,33,6.0,346.70498964519993,0.3599118444846293,0.032658645459265556,31,0.3779635735594112,0.553030303030303,8.597167209264228e-05
2874,3,6.0,1.9754136980533783,0.31795716639209226,0.004565261151049258,3,0.3279531061914265,0.0,2.9230628647224086e-05
2875,62,6.0,2056.239006236443,0.35141249172368133,0.025240043009835553,40,0.37112314858426626,0.16710735060814383,0.0001619046733843833
2876,42,6.0,4177.306303277586,0.3755306603773585,0.03636432983856454,32,0.39563249071020967,0.1207897793263647,0.00012125059225278014
2877,69,6.0,2084.715176958527,0.3929783426914296,0.08885864165647604,48,0.41652797404094904,0.2514919011082694,0.00015040631168316656
2878,11,6.0,57.11061316113007,0.33496371094982647,0.013851394349628105,11,0.34817867797139596,0.2727272727272727,4.382545474263121e-05
2879,29,6.0,1872.4671904111713,0.3444564629529475,0.01903205009199451,27,0.359326424870443,0.38669950738916253,8.422888406059767e-05
2880,320,5.0,56585.490360731324,0.44027374533388636,0.41868089554312576,56,0.4730334432407404,0.11608542319749217,0.0006111032914702237
2881,7,7.0,331.79257405837745,0.31133597301657134,0.002132600876936475,6,0.3207687534112256,0.14285714285714285,5.086651130736818e-05
2882,41,6.0,903.9455838952729,0.35847357460460405,0.039522772740616476,37,0.37672842413773294,0.41829268292682925,0.00010243459059761354
2883,28,6.0,473.69604816375494,0.36793760831889083,0.03403803512398663,27,0.38670644266498017,0.208994708994709,7.694280141775358e-05
2884,45,6.0,1935.9364668749413,0.3863746663431206,0.05573661412801161,38,0.4076804312555735,0.14646464646464646,0.00010972209226775373
2885,121,6.0,4647.81145444167,0.400465291750503,0.24318152379569413,56,0.4268985188674625,0.2676308539944904,0.00022216040122086982
2886,31,6.0,1760.4326173761385,0.34238253951188047,0.011343198122467677,23,0.3584550164860779,0.14408602150537633,0.00010568546487771518
2887,58,6.0,1521.8691219696477,0.3833513903936439,0.07200938689807163,48,0.405911446066896,0.15607985480943737,0.00012803355016986718
2888,44,6.0,1403.4377822370288,0.37160861193768596,0.05807259304579945,37,0.39206835191290534,0.19556025369978858,0.00010528970922327322
2889,151,6.0,8801.01933339986,0.41332987215263806,0.2521527762859,56,0.44096666143302965,0.2061810154525386,0.00027593352938986394
2890,28,6.0,1697.1846212213882,0.3509477628388803,0.015580141845433474,21,0.3675406918930022,0.06084656084656084,9.475551828611247e-05
2891,84,6.0,6056.537862144507,0.3870085677827064,0.07789083700378024,49,0.411150363741052,0.1844520940906483,0.00019823527230435536
2892,33,6.0,570.5467828047377,0.36725867835313114,0.04499217058556931,31,0.3862484953158405,0.22537878787878787,8.564772113860577e-05
2893,160,6.0,4958.07356482106,0.40947666195190946,0.30736862151190014,56,0.4380488826085112,0.27790880503144655,0.00028551439641970994
2894,97,6.0,4322.441725926498,0.4003897655120387,0.16196736509251353,56,0.42525514209455134,0.2377577319587629,0.00019395224079379663
2895,38,6.0,887.6622622163007,0.36311288483466364,0.04474601310285562,32,0.3821923902234618,0.3413940256045519,9.896612931122194e-05
2896,2,6.0,0.0,0.30024041861122897,0.0022442041999718213,2,0.30997540168524,1.0,2.7120960524471546e-05
2897,24,6.0,547.4714542522253,0.34786170735703753,0.018825958984138063,22,0.3630632752394194,0.2753623188405797,7.192798914629346e-05
2898,59,6.0,4706.157762834562,0.36793760831889083,0.053611587417848,43,0.388977861516711,0.18001168907071888,0.0001484372946791032
2899,48,6.0,903.5737201714959,0.37289227166276345,0.05398978670461818,42,0.39293190977128334,0.30939716312056736,0.00011337465454185068
2900,60,6.0,1564.9141666778362,0.4002387984666625,0.09653818156869427,51,0.4232035379704073,0.2858757062146893,0.0001306081560133736
2901,89,6.0,5432.588790774015,0.39605745911323925,0.09837363870862892,53,0.42086408122680136,0.1634320735444331,0.00018917007609381574
2902,59,5.0,547.9155284387,0.3928813768428845,0.11660809758117122,52,0.4154262835610197,0.4880187025131502,0.00012489850817996872
2903,69,6.0,1889.8496607731972,0.3792877560743211,0.08174421520143013,51,0.4022975872716852,0.21099744245524296,0.00014791629793603858
2904,58,6.0,1836.760325691339,0.35594925389817245,0.028226994734465424,40,0.3756764536557087,0.23169993950393225,0.00014912120177469824
2905,59,6.0,9120.17952056607,0.3779821958456973,0.03991879432765027,38,0.39945308002303065,0.05026300409117475,0.00016639599052579312
2906,37,6.0,1894.971944341667,0.3603190767141887,0.03093013521014022,29,0.3782749777568265,0.2267267267267267,0.00010618068641653752
2907,84,5.0,8806.714958933491,0.3926391714444239,0.08790751015658221,51,0.4167818077144717,0.168100975329891,0.0001928432788192337
2908,116,5.0,8896.269259012932,0.37847634894223914,0.05341865242960698,45,0.40384152404878265,0.15877061469265366,0.00027730708198467796
2909,4,6.0,21.744849288863783,0.316865671641791,0.003303769062507022,4,0.326108232584894,0.0,3.640851629574435e-05
2910,62,6.0,3381.815321706224,0.37313257953014234,0.037869219752253006,45,0.39545454545454206,0.18297197250132208,0.00015290136434298188
2911,26,6.0,518.217392239187,0.3371446720660632,0.008292430479208725,23,0.35214842727793116,0.1723076923076923,8.408209442950947e-05
2912,20,6.0,536.5443109989152,0.33884869121089595,0.00966665549522025,17,0.3538022714188226,0.2421052631578947,7.09934172399214e-05
2913,17,6.0,321.52135068363174,0.34091639010812547,0.012437408610591926,16,0.3544800334955523,0.19852941176470587,6.0555356150479326e-05
2914,60,6.0,2727.281204126257,0.3953690483580607,0.07179734415697679,46,0.41823677186373903,0.16666666666666669,0.00013837421422900276
2915,57,6.0,9537.431730373637,0.3735045742434905,0.041073653346184916,39,0.3942272465588491,0.14661654135338348,0.00016661060073520621
2916,7,6.0,82.2247330702849,0.3200985073126602,0.003986412090738212,7,0.3300648976814544,0.047619047619047616,3.974167747687717e-05
2917,24,6.0,265.680766863128,0.34288021534320323,0.012547495472673793,22,0.35889726278324613,0.2608695652173913,7.564277703007625e-05
2918,1,7.0,0.0,0.21658845133646196,2.466901032627142e-06,1,0.22035005869205515,0.0,4.317498706816674e-05
2919,1,7.0,0.0,0.28011611030478956,0.0006180569432272063,1,0.28877000949540704,0.0,2.6159511856548762e-05
2920,32,6.0,3727.721287239654,0.33866851004998405,0.013552385395939122,29,0.35545873240170683,0.22580645161290322,0.00010472167067987823
2921,203,6.0,16632.852317762878,0.4337964854924397,0.3191635542303676,56,0.4621813994871416,0.13480954006730722,0.00037429639599886416
2922,179,6.0,9285.354485884674,0.4163289318865211,0.26441525387069004,56,0.4454283770346456,0.1426150273052539,0.0003304569775825759
2923,271,5.0,61196.61931811504,0.4502969457013575,0.3780993601716584,56,0.47914638614123845,0.12423124231242313,0.000549425084143098
2924,35,6.0,449.2110033609764,0.3628232881394554,0.04353138948195179,32,0.3813523839430414,0.3092436974789916,8.866995312307024e-05
2925,17,6.0,325.593645030178,0.3356521739130435,0.007970245888105949,13,0.3476867116763199,0.4117647058823529,6.831334564572174e-05
2926,33,6.0,1266.5527551967073,0.3556709666610823,0.025236281246595382,27,0.3732637253362452,0.2708333333333333,0.00010227674053077629
2927,59,6.0,1494.697837213841,0.37608503100088575,0.061266193793894745,42,0.3972418485371852,0.34073641145528927,0.0001376316590586895
2928,142,6.0,9314.417056885837,0.41322260429507557,0.20202508889118717,56,0.44010310357465277,0.23094595944461094,0.000277320967925381
2929,41,6.0,990.3611091387323,0.3548387096774194,0.021697314651736823,34,0.3736222326895695,0.2182926829268293,0.0001094024941233421
2930,61,6.0,1182.587462838969,0.376173882227866,0.08359896463876403,50,0.39836709059507025,0.3546448087431694,0.00013175295301848705
2931,14,6.0,197.40375817249964,0.3395894428152493,0.011875903303142712,14,0.35219029674985664,0.23076923076923078,5.174182851138308e-05
2932,90,6.0,3609.186696552738,0.40641950098908813,0.1396645713631628,54,0.43033181556501376,0.1745318352059925,0.00019000530909375768
2933,68,5.0,3881.2939806490026,0.3987353659300069,0.09152891912537339,52,0.4215967969854262,0.13696224758560138,0.00015213614777585528
2934,101,6.0,5641.926897796547,0.4056687898089172,0.1780864809521138,56,0.4310776155336114,0.1792079207920792,0.00019859115791310132
2935,224,6.0,27237.981445169997,0.41497263487099295,0.13541468736941964,45,0.4463233369969627,0.13260730301089046,0.0004852540383430294
2936,232,6.0,45564.353752590854,0.44318419038341106,0.23796172953190087,56,0.4711152980583415,0.07392894461859979,0.0004724101107772745
2937,189,6.0,10695.960716983585,0.4305705786911844,0.31140415648469816,56,0.45807557439686447,0.1690307328605201,0.00034677392882056385
2938,14,6.0,7009.620474575627,0.34223535733476623,0.014835910308078674,10,0.35522321662215645,0.19780219780219782,8.346009821325341e-05
2939,3,8.0,1.99700662777342,0.2505113278791693,6.386601542027651e-05,3,0.25583723990460305,0.3333333333333333,3.931863178909063e-05
2940,40,6.0,1048.914783481326,0.3467632166385365,0.017153072652339965,30,0.36471711938030654,0.2717948717948718,0.00011499687328583578
2941,2,7.0,0.0,0.25923966134809506,0.00015391059909306427,2,0.2652696468758666,1.0,3.278023485139905e-05
2942,6,6.0,47.31037956851813,0.29090161688133737,0.0018010144691900784,6,0.30105197048202387,0.33333333333333337,4.180573154271873e-05
2943,9,6.0,43.764318598829504,0.3120529152376286,0.0030856121799090397,9,0.3224734390537339,0.3888888888888889,4.5946185537672144e-05
2944,96,6.0,5268.643017820524,0.37191240875912407,0.09396244165717159,54,0.39569006123409844,0.18421052631578946,0.00020526035609061817
2945,83,6.0,5573.794364345242,0.3980625,0.0897927117036396,50,0.422151567488383,0.16309138995004407,0.00018619733458167398
2946,40,6.0,1111.8813488088904,0.36162843515784693,0.04470132982326876,34,0.38131574815510827,0.2602564102564103,0.0001039016430491125
2947,1,7.0,0.0,0.29454747259862185,0.0020944119868397475,1,0.3038613372810243,0.0,2.5304511212409224e-05
2948,1,8.0,0.0,0.2017613330376659,4.847773040344959e-07,1,0.204250685986466,0.0,4.490993606815452e-05
2949,131,6.0,4006.6933796037765,0.4134371957156767,0.23796258539705495,56,0.4400795519966971,0.24791544333529064,0.0002473315429381171
2950,91,5.0,5454.758540095172,0.3979878772730113,0.1003609354087662,52,0.4223635316899844,0.18437118437118438,0.00020258632502586233
2951,6,7.0,0.8926357031870866,0.2992669861855089,0.003724312174342404,6,0.3095215665163797,0.8666666666666666,3.52332705467816e-05
2952,10,6.0,120.25922576585405,0.31581296176922696,0.0025783376026552707,10,0.3264379546762748,0.2888888888888889,4.840789160202455e-05
2953,123,6.0,13379.630847142911,0.41524318685617423,0.14516303447246234,55,0.4410844193228097,0.14354258296681327,0.00026303961896527017
2954,8,7.0,8027.833077636976,0.2998305244327276,0.0017717308877594883,5,0.3093279202087433,0.14285714285714285,0.00011199271239140523
2955,23,6.0,5067.248732104065,0.3453155497722837,0.018983687061645018,16,0.36033129219655374,0.1976284584980237,9.528859175513888e-05
2956,52,6.0,1514.7829002160713,0.3741188909774436,0.05018644434661704,42,0.39501229915737407,0.20889894419306182,0.00012317706986245092
2957,90,6.0,6249.0177894489425,0.4077203764163626,0.11663708975091355,52,0.43239650389913387,0.20524344569288389,0.00018869172035290374
2958,103,6.0,4375.92236133508,0.40028910816416313,0.14708089992446302,55,0.42574449154763144,0.21378260041880828,0.00020171816296968731
2959,46,5.0,1094.314238105388,0.371024117441454,0.05793849415579852,38,0.3911393730046509,0.28792270531400965,0.00010638879104565088
2960,78,6.0,2598.052295664801,0.3877625570776256,0.09924079989424334,53,0.4115559742502902,0.3056943056943057,0.0001645921504981834
2961,3,7.0,53.00596021110644,0.31212938005390833,0.001770589188432235,3,0.3207975386731708,0.0,3.128696024756471e-05
2962,180,6.0,13135.742241019048,0.41010946555054734,0.2756684638070504,56,0.4395195478097474,0.17684667908131596,0.00033219782635285117
2963,65,6.0,3818.3160362748567,0.38146861523718256,0.05866063473900724,44,0.4038415240487851,0.1548076923076923,0.0001601553945464335
2964,22,6.0,1157.6951578462376,0.34680098012523825,0.010046403413091801,18,0.36164494687808535,0.20346320346320346,8.162744146546077e-05
2965,133,5.0,4865.520165795772,0.4208683010639001,0.2303927567662411,56,0.4464358612027531,0.23524720893141948,0.00025526093748059163
2966,9,6.0,24.780310895525517,0.32791020954538436,0.008217062534983681,9,0.33877113099908307,0.5833333333333334,4.14026298677329e-05
2967,109,6.0,6912.08165136121,0.392179802955665,0.07253585201824521,45,0.41784162872247943,0.18280665987088007,0.0002506648209147483
2968,54,6.0,797.1424046518134,0.3648602199816682,0.05773458252369092,46,0.38486156905844515,0.4647099930118798,0.00011980249282892261
2969,33,6.0,340.94869487171263,0.34744422017347665,0.03000306185132887,31,0.3641230962474253,0.42234848484848486,8.707517665262353e-05
2970,231,5.0,34754.90700841655,0.43507070155065236,0.25800355089557986,56,0.4644004814989706,0.11247882552230377,0.00047148502724015913
2971,32,6.0,482.6719874048416,0.37319817180358605,0.03982895707297644,31,0.39325116449468345,0.23588709677419356,8.362023890679e-05
2972,56,6.0,3896.4579176534626,0.3750662505152818,0.05204197202424623,41,0.39670016224420246,0.12207792207792208,0.00013954241845007178
2973,13,6.0,71.26300153449212,0.33464691046658257,0.015127308879619203,13,0.34884597268014167,0.23076923076923075,4.771887683363107e-05
2974,122,5.0,6946.993090928548,0.414756446991404,0.1924138556350143,56,0.4405165646098766,0.15702479338842976,0.0002407463774438117
2975,17,6.0,51.91109643117894,0.3462542133304338,0.02284677540491413,17,0.3607081174438461,0.3602941176470588,5.411500021667249e-05
2976,58,6.0,399.32249178366294,0.35672678391396884,0.08104102094878372,48,0.37573402417960206,0.48759830611010285,0.0001243522237919306
2977,57,6.0,1025.0109141969053,0.386750060723828,0.07133252453395054,48,0.40888941225730147,0.36152882205513787,0.00012688793577810527
2978,77,6.0,1528.5366063782765,0.35744752497474463,0.03534783028898711,45,0.37897105772751477,0.21394395078605602,0.00018563185019394564
2979,175,5.0,12467.587096415737,0.43244160782183594,0.2554091795959124,56,0.4595253048621354,0.11382594417077174,0.00032745350457795197
2980,39,6.0,2292.2801005016318,0.3657192075796727,0.021842320482223343,30,0.3850159627361557,0.13495276653171392,0.00011709214693392478
2981,63,6.0,714.7036292329292,0.37791491129175814,0.1029518093639602,54,0.4004736484011123,0.3026113671274962,0.00012811996350437275
2982,59,6.0,1519.2753716314537,0.374625022057526,0.05041064976704981,44,0.39621342963311695,0.2694330800701344,0.00013867326887402314
2983,11,6.0,1491.478634556639,0.3392276964047936,0.012869123184114024,9,0.35155178730305653,0.14545454545454545,6.442781397008568e-05
2984,49,6.0,1017.7959532287215,0.3812630948817719,0.07451741764179352,41,0.40317422934003905,0.35204081632653056,0.00011151593600481289
2985,40,6.0,649.9682535551406,0.36284395829772687,0.050142490498320355,38,0.3819071544459981,0.2692307692307692,9.294963410988386e-05
2986,50,6.0,1883.626883818608,0.3706786171574904,0.056574923133854524,42,0.39041974145600333,0.32244897959183677,0.00012049734216513669
2987,57,5.0,9243.74864639533,0.37284861257463997,0.042834658387883674,41,0.3937195792118028,0.20175438596491227,0.00016772652461353592
2988,117,5.0,2126.8836638379335,0.3907122262437887,0.1896121330707998,56,0.4169806877060964,0.33407014441497196,0.0002172808152634417
2989,135,5.0,27705.08949349468,0.43244160782183594,0.14700595680549725,53,0.45737164390018353,0.09806522940851299,0.0002939246814829032
2990,1,7.0,0.0,0.2549843862599087,0.0001108496104998507,1,0.2600516639376779,0.0,2.861510093950693e-05
2991,6,6.0,25528.509487117677,0.32748868778280543,0.003777463177297378,5,0.3364473753074518,0.0,7.198397961316411e-05
2992,28,6.0,244.30106302412992,0.3678526048284625,0.04144719871709545,27,0.38711728685820795,0.32010582010582006,7.38217357590479e-05
2993,26,6.0,390.3634024827929,0.34168454935622317,0.012829063448975024,25,0.35592714711883194,0.3630769230769231,8.002047462472426e-05
2994,116,6.0,6844.199576820454,0.4115670436187399,0.1430760275875594,55,0.43735541947981593,0.17856071964017992,0.00023299536557555908
2995,91,6.0,2186.4041054195004,0.38809335201998657,0.13648422056587672,56,0.41269168367615583,0.30158730158730157,0.00017510021552976567
2996,64,6.0,2714.0489133044653,0.3738992603029236,0.04912746314177247,45,0.3955801538703066,0.24107142857142858,0.0001438854793022226
2997,59,6.0,1862.6489325818989,0.383605372523038,0.0632366123299054,46,0.4059794839587683,0.15312682641729983,0.0001342413261535493
2998,37,6.0,991.1278258016273,0.34477345314783736,0.014381348595899615,31,0.3614853195163823,0.24174174174174176,0.00010732991890828378
2999,2,7.0,0.0,0.2785601819454164,0.00047031971038052716,2,0.2878279463771774,1.0,2.8336307389966306e-05
3000,64,6.0,2575.678926927557,0.36050263202581084,0.07136330556162883,47,0.3813497671010444,0.25297619047619047,0.0001517822390094602
3001,69,5.0,5095.691120842597,0.39088007855652385,0.10358182756624255,51,0.4143716962370002,0.18456947996589942,0.0001520312969112411
3002,43,5.0,1086.2928613494562,0.3586754519344484,0.047506593081407006,36,0.3774480556863794,0.27464008859357697,0.00010563510234178454
3003,31,6.0,546.1381349433974,0.3569266980497646,0.030747971454214512,29,0.373828963207184,0.367741935483871,8.271401460707082e-05
3004,15,6.0,96.59044601079863,0.32578005115089514,0.008943732607190348,15,0.3385199141675576,0.31428571428571433,5.473914501982775e-05
3005,134,6.0,5066.041537931973,0.4072771454150147,0.24595910598349408,56,0.4344036217093611,0.24935473010885423,0.0002447865637434975
3006,159,6.0,23447.40648734482,0.4171742975044213,0.17201939053289964,55,0.4445360339143235,0.1119337632354112,0.000357493577896796
3007,115,6.0,4955.916015865418,0.4008938125511424,0.17547487556974747,56,0.42686973360551694,0.3112128146453089,0.0002190983575629563
3008,54,6.0,2284.9657794209193,0.3824076853797658,0.06428915394673261,41,0.4044905008635659,0.15863032844164918,0.00012522501638462247
3009,38,6.0,304.4193552373552,0.35833239563407226,0.039748622744435205,36,0.3762757104725841,0.4850640113798008,9.38858230079111e-05
3010,118,6.0,10311.45597714802,0.41335669781931467,0.13852731937566334,55,0.4393023499241578,0.14805157178038533,0.000250713149121632
3011,2,7.0,0.0,0.282514194464159,0.0014274320144579246,2,0.29181863041967493,1.0,2.73406111758737e-05
3012,55,6.0,1930.7078273884777,0.36656115107913667,0.0403566292248955,41,0.38708850159626096,0.17575757575757575,0.0001371340938059182
3013,54,6.0,13409.742611357604,0.3712836656173487,0.03581783545032994,40,0.3920343329669691,0.1984626135569532,0.0001435546035043075
3014,65,6.0,2083.700714545812,0.3678101178101178,0.03261893675934087,42,0.3892944993981157,0.17548076923076922,0.00016393422989756113
3015,84,6.0,4344.274076563165,0.3627612917924475,0.03390365472121988,44,0.3854477416653416,0.16924842226047046,0.00021761217952890558
3016,47,6.0,690.9697828923819,0.3688538831296693,0.0564297660994353,41,0.3891060867744707,0.44403330249768735,0.00010955077097048656
3017,14,6.0,6451.187629071437,0.3429171377806493,0.015738626557859847,13,0.3562359344742526,0.34065934065934067,7.411928459051101e-05
3018,14,6.0,54.07780204163356,0.33312411737015535,0.010553083268585688,14,0.34543884440254635,0.42857142857142855,5.124016242242251e-05
3019,76,6.0,1904.3707438451906,0.3830286264132788,0.09989466611391085,53,0.40686397655310547,0.16105263157894736,0.0001568651000517991
3020,34,6.0,352.76947994835,0.35798999494126243,0.043395450886052456,33,0.37635683257443037,0.3761140819964349,8.477986122008975e-05
3021,74,6.0,3208.777833301589,0.3737895416397676,0.05386510212880607,48,0.39528445072486246,0.2776749352091818,0.00017045135656919164
3022,18,6.0,966.6849998528855,0.3475010912265386,0.017389606898708946,16,0.3622520542209442,0.0261437908496732,6.427339585107421e-05
3023,183,6.0,9676.953597061174,0.40908215042713086,0.3134564571088211,56,0.438433558381788,0.19347865249504595,0.0003297728898242808
3024,66,6.0,2743.2049678618423,0.37502208090443384,0.06685944598071082,48,0.3977076464123088,0.20652680652680652,0.00014953587309378156
3025,74,6.0,9328.363811115107,0.3973671075617669,0.07371788604060804,45,0.42096352122261543,0.09218807848944835,0.0001884402807647287
3026,260,6.0,32589.162565451334,0.44666526404376183,0.3295009261535465,56,0.4752603757785477,0.10519750519750519,0.0004939523283383671
3027,77,6.0,3212.074802768388,0.3883536585365854,0.07668143830168968,48,0.4123462605328053,0.23547505126452495,0.00017047306214687172
3028,190,6.0,8981.451491294763,0.4144056217060316,0.329063535509993,56,0.4439917307793446,0.1845725424672793,0.00033504619555403643
3029,46,6.0,531.9434589907665,0.3743607829307001,0.0564963680301634,42,0.3950175328413645,0.38743961352657,0.00010837865097934192
3030,10,6.0,207.80950292372498,0.34706555501062614,0.015808799043356934,10,0.3607107342858423,0.2222222222222222,4.3907654268036855e-05
3031,13,6.0,6436.981785128417,0.33469966892637554,0.011324135726715475,12,0.3471528759093237,0.3076923076923077,7.204403712226113e-05
3032,77,6.0,8804.23562119979,0.38019340974212035,0.0707011168664502,47,0.4030407703982891,0.28503075871496925,0.00019705919284616086
3033,83,5.0,1114.3512736485504,0.37022612335057836,0.12035646362795788,56,0.3923876066363041,0.3961210696444314,0.0001641327352820889
3034,21,6.0,97.24706805085664,0.3554129464285714,0.035147536582972434,21,0.37200502433661137,0.3142857142857143,6.043839945731024e-05
3035,6,6.0,12876.420323773349,0.31473611385649336,0.005966983461806379,4,0.3250902810488094,0.2,0.00010249481251040924
3036,155,6.0,11441.710924249028,0.40892455858747995,0.19084015553404174,56,0.43710158580629127,0.15877670716380396,0.0003044322409398169
3037,2,7.0,0.0,0.30069401822387987,0.001929312421239078,2,0.30953726756834843,1.0,2.7155635640233127e-05
3038,119,6.0,21871.106628132027,0.4101358748148625,0.1479445772494006,55,0.4355340974512384,0.13801452784503632,0.00028772197247598554
3039,50,6.0,4047.061792184998,0.3768639053254438,0.042198297823250644,32,0.3977468990422366,0.15020408163265306,0.0001428236064656975
3040,64,6.0,1479.5724797267133,0.3784313725490196,0.08287863312458016,48,0.4004370126131816,0.25496031746031744,0.00013604225267430505
3041,65,6.0,6050.535863518545,0.3595055317227365,0.027133503593976052,40,0.3800779818914354,0.19423076923076923,0.00017851613949215782
3042,401,5.0,89174.72303756076,0.4594243670201255,0.6862573072348268,56,0.4928926571413933,0.11758104738154614,0.0007402164852197713
3043,63,5.0,7266.366163021721,0.4063935681470138,0.06780591430630299,45,0.42934788297486304,0.07731694828469021,0.00015186412250537112
3044,20,6.0,200.60330372910224,0.3278426931590055,0.008742093151686385,18,0.34004814989268284,0.34210526315789475,6.557950395950865e-05
3045,40,6.0,814.462100846194,0.3688752461484999,0.046936762326843795,37,0.38884963625895275,0.14102564102564102,9.677388552464302e-05
3046,206,5.0,17058.391410705884,0.4273922963360623,0.32335216773826797,56,0.45667556392949754,0.14885152735022497,0.0003776854015562335
3047,10,6.0,59.062215023849745,0.32058186943172096,0.006650534020117556,10,0.3314465902548571,0.1111111111111111,4.458579302238288e-05
3048,78,6.0,14826.007095348908,0.37861134228985854,0.05204609210647737,46,0.4012246820537012,0.20313020313020314,0.00021192825143387354
3049,15,6.0,194.4528554763331,0.34727371864776446,0.017759770892113162,14,0.36215523106712555,0.10476190476190475,5.339740494349813e-05
3050,171,5.0,24833.553412859717,0.4298731101511879,0.23931586825206203,56,0.45636939341607263,0.13388372893016856,0.00036296924198571867
3051,41,6.0,2014.114935345032,0.35389231538589766,0.022026202585815974,35,0.37233998011198005,0.4402439024390244,0.0001136760730149164
3052,44,6.0,1040.0556416831823,0.3787239103288339,0.05702207743155216,41,0.399445229497046,0.2970401691331924,0.00010222187624413649
3053,155,6.0,16156.531245842914,0.41573107049608354,0.1478305529710957,54,0.44275919819966225,0.13188102220360284,0.0003226963963794738
3054,71,6.0,2801.586996280057,0.3922039534454092,0.07634029299365948,50,0.415583294080724,0.14124748490945674,0.00015764074046284925
3055,69,6.0,2572.9768985213227,0.382499549576602,0.06978781896094585,48,0.40560789239546585,0.20076726342711,0.00015547652465242213
3056,8,6.0,49.28364324147812,0.33058237309249455,0.008598248524010506,8,0.34264667399379767,0.2857142857142857,4.073313851998441e-05
3057,79,6.0,1842.3868629524002,0.374031007751938,0.11907036777206209,56,0.3967367980321328,0.2697176241480039,0.00015853688728353836
3058,7,6.0,6.59866296313135,0.3173709388080526,0.009972236621174118,7,0.32898675877948386,0.4285714285714286,3.56263404822333e-05
3059,2,7.0,4.971683564098252,0.3020774046670461,0.002755148151642928,2,0.31209130535554636,0.0,2.7420960260306575e-05
3060,125,6.0,3658.8749790571756,0.40415000951837043,0.20882414495476664,56,0.43069555660232844,0.34658064516129033,0.0002342786248148787
3061,91,6.0,6671.6719553359435,0.3710673502680028,0.03867646946790675,45,0.39490762547756825,0.15824175824175823,0.0002271955073149709
3062,114,6.0,5188.347863748199,0.39986187845303867,0.10725917266678375,54,0.4260768304810065,0.22077317186772238,0.0002313708156230459
3063,1,7.0,0.0,0.3148294611962432,0.002831266212377938,1,0.3229328817411528,0.0,2.529677685214742e-05
3064,26,6.0,383.11198927905184,0.3480898507952123,0.031275140039403924,24,0.3651227298895448,0.28307692307692306,7.457400967161656e-05
3065,48,6.0,2511.283896248365,0.35485848005348786,0.019075426041186606,31,0.3729837232427716,0.15868794326241134,0.00013916557132981285
3066,101,6.0,10217.96946266324,0.38816431009263774,0.07061179700392099,45,0.4137305699482033,0.09405940594059406,0.00023082114760987973
3067,27,6.0,547.7862952581229,0.35191733893247873,0.017996395880148536,25,0.369076778144114,0.23076923076923078,8.112921621073717e-05
3068,5,6.0,69.26524988338471,0.3096407214740629,0.0018359951829745103,5,0.3180980792379617,0.1,3.689950242070826e-05
3069,177,6.0,11931.209464417918,0.41714697406340057,0.2916424442367312,56,0.4457895012299674,0.20338983050847456,0.0003321088112367255
3070,37,6.0,622.5926466943317,0.3567467652495379,0.02787496929550183,35,0.37504579473489486,0.21621621621621623,9.42978864652754e-05
3071,54,6.0,1350.0876857058092,0.3749779216956138,0.06045888865467934,46,0.39608782121735336,0.23200559049615652,0.00012339714338159408
3072,111,6.0,11243.467560927711,0.40122212422829784,0.1702627666931655,56,0.4276129167321203,0.15708435708435708,0.0002385370296258023
3073,125,5.0,11036.423686056754,0.4241193314243857,0.1864903535833204,56,0.44915476003563826,0.12825806451612903,0.00025649066420764966
3074,150,6.0,6184.60293458201,0.4082692307692308,0.2569739120577646,56,0.4360234469043172,0.25333333333333335,0.0002725032204137507
3075,72,6.0,3559.03198786857,0.3543648806543148,0.027620603737465416,42,0.3749437378970853,0.23082942097026604,0.00019385685593853704
3076,71,6.0,4271.413836092596,0.39687188434695914,0.08656070750548223,49,0.420382582299707,0.1283702213279678,0.00016779625465707928
3077,197,6.0,18277.29573817442,0.42590611207703627,0.25376806037160493,56,0.4551787303083115,0.14249456127628715,0.0003850698551260673
3078,72,6.0,2227.3494497458028,0.38811700182815356,0.07943392795249178,50,0.41161354477418227,0.21713615023474178,0.0001556697164067144
3079,70,6.0,2031.069521728346,0.36023755656108597,0.03013191534529349,42,0.3817736955042469,0.17474120082815733,0.00017490318815083849
3080,31,6.0,382.15660434969305,0.3447361299052774,0.019705493738381794,29,0.3604909195582528,0.5053763440860215,8.542108701916003e-05
3081,37,6.0,1399.2769539610572,0.34412146098984225,0.012569237912605127,30,0.36097765216933614,0.16966966966966968,0.0001093037672993841
3082,3,7.0,0.0,0.24918815290113072,4.7342169055848776e-05,3,0.25357871834556345,1.0,7.916275932415119e-05
3083,93,6.0,1743.0329160822507,0.3845782259525391,0.1527568084228072,56,0.4091039933008964,0.33567087424029923,0.0001789347371569524
3084,17,6.0,227.6450909235493,0.3413732111271909,0.013690388519920316,17,0.35519704820220394,0.19117647058823528,5.7306248399610624e-05
3085,17,6.0,101.17537781686194,0.3296754490398054,0.006983219041547462,17,0.34394724446535324,0.4485294117647059,6.210026440192644e-05
3086,52,6.0,2487.0147998725542,0.3807616428528726,0.05481322364513563,40,0.402221698853829,0.09954751131221719,0.00012742271338902047
3087,21,6.0,1537.8219873782082,0.3473684210526316,0.011659091667428473,19,0.3622599047469294,0.2571428571428572,7.811261148788583e-05
3088,57,6.0,3038.241326146974,0.3659293306521115,0.04294366777973582,38,0.38700476265241784,0.15100250626566417,0.00014978335351568676
3089,11,7.0,83.45942914336132,0.31669235741633933,0.003036334094727078,11,0.3277374036441172,0.21818181818181817,5.036147931544684e-05
3090,56,5.0,12170.999892335602,0.39068825910931176,0.06514186658641287,47,0.4124430836866252,0.20844155844155843,0.00013941952964188
3091,142,6.0,23950.134457237484,0.39706982543640895,0.0766757709032733,45,0.4251740199927014,0.12006792528218958,0.00034774050646909895
3092,150,5.0,13798.221532896427,0.40858352578906854,0.2015713516580689,56,0.4361202700581355,0.12044742729306487,0.00029445788354398334
3093,76,6.0,2870.9055536903647,0.38206358728254347,0.05207151999663442,45,0.40562621028943113,0.18771929824561404,0.0001814958751110507
3094,38,6.0,2220.440277976878,0.367279856986333,0.02637093919441024,31,0.38715392264613857,0.15789473684210525,0.00010644233211968369
3095,141,6.0,16963.241934904672,0.41829764875870223,0.17613948616941957,56,0.44464070759412744,0.1209726443768997,0.00028655691060981166
3096,100,5.0,10019.96678428636,0.4109827708588759,0.10306825319375035,53,0.4355916679751306,0.1416161616161616,0.00022672526135423642
3097,1,8.0,0.0,0.24483911890208743,2.0946271690578563e-05,1,0.2488734495211247,0.0,2.8992598941492976e-05
3098,5,7.0,327.15302651822384,0.3145651207586309,0.003538039127215635,4,0.3238749448593809,0.4,4.41299785805965e-05
3099,56,6.0,2269.902337381,0.3659293306521115,0.039968600880520525,40,0.3868320510807424,0.2662337662337662,0.00013742767278767764
3100,36,6.0,1354.4878396673628,0.36097256857855364,0.02449474250927975,30,0.3803527503009185,0.2396825396825397,0.00010202869218287267
3101,13,6.0,3209.4379229378033,0.35879668751056276,0.020287863600211183,11,0.37473439053748264,0.10256410256410257,6.068602075915536e-05
3102,88,6.0,12838.59812011343,0.3930996173311937,0.07426941067658299,50,0.41780760977654396,0.22283176593521423,0.00021456308904373929
3103,120,6.0,6297.76829398874,0.40155097408738416,0.1426773791585182,55,0.42822787460096473,0.17282913165266106,0.0002441425912121498
3104,138,5.0,5027.391709498432,0.41392084226944825,0.23771548469708026,56,0.4407206782854924,0.1362530413625304,0.0002542841790773192
3105,122,6.0,10038.050656020012,0.3966247353344128,0.0975560314163457,53,0.4227979274611671,0.14293456171250507,0.00026568973729063615
3106,23,6.0,200.12396160817767,0.3477287617383708,0.020366997480550163,22,0.3633066415449608,0.2727272727272727,6.610018277171606e-05
3107,49,6.0,1339.6643033131252,0.38882783882783883,0.07025022331101483,44,0.4108441932276288,0.21768707482993196,0.0001136318087812665
3108,30,5.0,297.9088889152562,0.36076809788149994,0.041476878959863905,29,0.3784738577484525,0.29195402298850576,7.682412442581084e-05
3109,68,6.0,4523.562585999832,0.38621066036019647,0.05317931514723133,40,0.40926362066259764,0.3204565408252853,0.00016625943497739192
3110,99,6.0,5493.452215908669,0.39251818069764577,0.09047402797038687,53,0.4175747108389813,0.22778808493094205,0.00021157883130967293
3111,5,6.0,9.90271844032947,0.31077388503952375,0.002804577988895366,5,0.3200266917883355,0.1,3.384151508008785e-05
3112,67,6.0,2569.5469066506093,0.388638027825238,0.056636148545575,45,0.41204009001938097,0.30800542740841247,0.0001578034508424179
3113,114,6.0,5306.869872395568,0.4010200226671704,0.15197142915314896,55,0.42725440937879394,0.22449930135072194,0.00022236110616492228
3114,170,6.0,5011.959983696864,0.4064713766034846,0.3097172237258927,56,0.43547652692734395,0.21587191089453533,0.0002978201934818491
3115,44,6.0,2101.9083391799118,0.37704238692872366,0.036539710879279166,36,0.39835924006908574,0.16807610993657507,0.00011334958492342643
3116,87,6.0,52972.045973113054,0.39203496245229597,0.08077761556742198,52,0.41637619720523356,0.16305800588078054,0.00028868885753910743
3117,83,6.0,3250.3827523308405,0.3894460070930659,0.09298858228660094,51,0.413432249960765,0.22274463708492506,0.00017536016676073058
3118,37,6.0,1389.5570328176475,0.3558299346332197,0.01983546214805246,28,0.37397027267491634,0.1111111111111111,0.000104248048851833
3119,4,6.0,12.915505081727481,0.32016287136178556,0.0052479730725621745,4,0.33012508504734234,0.5,3.3862859982020175e-05
3120,12,7.0,692.5122437210193,0.32384196878019017,0.006601681524223819,10,0.33445483704548584,0.3181818181818182,7.386419017611576e-05
3121,106,6.0,5999.746771253985,0.4126068929774553,0.12986759550507304,54,0.43806458366048373,0.23108715184186884,0.00022172887587253683
3122,9,6.0,143.13154074410116,0.32282426884282023,0.0032707643474345605,9,0.3317344428743144,0.08333333333333333,4.44379699038919e-05
3123,47,6.0,1921.542033101822,0.37840888836076286,0.049967121305795406,38,0.40027476840948645,0.16373728029602222,0.00012075406231490048
3124,17,7.0,715.7690502601846,0.29404432132963987,0.0006504653490430623,15,0.30376451412720656,0.5955882352941176,0.00010659386318334606
3125,110,6.0,8796.307126669139,0.41926140477914553,0.17147990558917375,56,0.44465117496210604,0.16430358632193495,0.00022021039354429143
3126,97,5.0,5633.5967112848075,0.4003142677561282,0.08002916352203306,45,0.42549850840009384,0.19802405498281786,0.00022202098411083456
3127,12,6.0,660.6911428052836,0.332984785904742,0.007766086162653914,10,0.3441853770869018,0.07575757575757576,5.595211800207653e-05
3128,17,6.0,285.4924755559637,0.33275862068965517,0.008512406419764544,15,0.34425079813677867,0.34558823529411764,6.469739637158435e-05
3129,44,6.0,426.15049268550047,0.372674078408426,0.05334924244402143,42,0.39327733291463396,0.4059196617336152,0.00010133887626402254
3130,45,5.0,1387.637392747304,0.3642550757792393,0.048280765293342,39,0.38433558381743316,0.14646464646464646,0.0001113176903728598
3131,43,6.0,2387.036700023798,0.3629680287228586,0.03709212674375023,33,0.3829329565080686,0.23477297895902546,0.00011667393724105787
3132,5,7.0,1.794508145232903,0.30412568045076876,0.002093296104632106,5,0.3139978616662459,0.8,3.3971248233828435e-05
3133,138,6.0,6174.203164065864,0.405979092299847,0.18748902858336985,56,0.4333097817554161,0.1534962445784407,0.00026070753021423325
3134,41,6.0,3601.7487547256906,0.375951832831592,0.04600958124940658,32,0.3968467053959277,0.0475609756097561,0.00010873500007301296
3135,139,6.0,15780.247635824133,0.4222914732794059,0.15150113788623995,54,0.44865232637258323,0.10290897716609322,0.0002933502854374222
3136,36,6.0,7294.373052696072,0.365425440358024,0.030412320059891865,28,0.3840896006698967,0.292063492063492,0.00011847013768022948
3137,43,6.0,1960.8557921940617,0.3534210088230398,0.018590166534547693,32,0.3714476369916581,0.24584717607973422,0.00012514030432736988
3138,28,6.0,857.3242483759773,0.35596914822266934,0.018901935824354905,23,0.3726173653634613,0.3968253968253968,8.76588655558298e-05
3139,105,6.0,8269.987308774995,0.4028717818963881,0.10227722511156752,52,0.4283246977547837,0.13882783882783883,0.0002297606336377452
3140,122,6.0,6667.981767280228,0.40902960631943996,0.18309177007356292,56,0.435549798503208,0.18412139276520795,0.00023840370894585337
3141,6,6.0,277.70316523188757,0.32054959987920884,0.005226215665173841,5,0.3304626576647065,0.26666666666666666,4.498639300094491e-05
3142,84,6.0,1963.8746125437322,0.39205909510618653,0.13372144990810036,56,0.41667975087666304,0.2877223178427998,0.00016335381678693117
3143,5,6.0,99.60211098496421,0.3040821198376701,0.0013579207565822722,5,0.3128643952478055,0.3,4.766825977766977e-05
3144,73,6.0,4281.959431085308,0.38954128440366975,0.09255283801411215,50,0.413304024703006,0.15791476407914765,0.00016537230634711375
3145,100,6.0,3429.6834184332565,0.39512376698306345,0.157364052265469,56,0.42046370440155323,0.26,0.0001933964706232637
3146,79,6.0,7005.92041496312,0.3785663338088445,0.04777190781060917,45,0.4018710420264864,0.14832846478416098,0.00019665302830816663
3147,90,6.0,4470.631440738986,0.3870556061987238,0.059872787855657535,45,0.41189616370965026,0.17253433208489388,0.000208636930562206
3148,50,6.0,9729.209429739061,0.3782066508313539,0.051912196655737174,37,0.3997147642225389,0.24326530612244898,0.00014741426930653091
3149,136,5.0,44133.63843765628,0.4067049808429119,0.17330148139647655,56,0.4331318364997512,0.1415032679738562,0.0003426686746176689
3150,72,6.0,1923.3516509926867,0.3899706098457017,0.09935858486356033,52,0.41373842047418985,0.19444444444444445,0.00015084018587592876
3151,198,5.0,10953.417878078038,0.41322260429507557,0.35861791059731474,56,0.4430889202910407,0.19345741680767062,0.00035744483653598437
3152,99,6.0,5483.713897679366,0.41532442125855884,0.12940426500121524,54,0.44006123410273273,0.13955885384456812,0.00020432552048687698
3153,31,6.0,827.6892362844895,0.35734724793805756,0.020515889285657597,27,0.3751635526246738,0.17419354838709677,9.288691759338485e-05
3154,185,6.0,10507.838569098869,0.4031012658227848,0.2861794826418118,56,0.432919872298147,0.213337250293772,0.00033842386097792315
3155,12,6.0,240.8247640961094,0.33359522313010687,0.009097459576296499,11,0.34597529701153845,0.1212121212121212,5.11591800273923e-05
3156,64,6.0,3342.5222412145527,0.3804659498207885,0.04369908609819362,42,0.40345161459151707,0.16170634920634921,0.00016659283355866095
3157,190,5.0,15057.482905684574,0.41138095853248935,0.2860247483362226,56,0.4408986235411563,0.18028404344193819,0.0003534127752267006
3158,51,6.0,1612.2968714726478,0.3779597649991098,0.05327484038420435,42,0.39955252001884367,0.14980392156862746,0.00012007059109304706
3159,87,6.0,9137.168231829624,0.40399619410085635,0.10331597361338785,53,0.4284764745904991,0.09355787222667736,0.0001980366572033841
3160,100,6.0,3917.820613443683,0.403050246804202,0.1816052814045943,56,0.4282828282828625,0.28202020202020206,0.0001996518754105715
3161,6,7.0,3921.7351476798544,0.2527280663465735,6.439264771030716e-05,5,0.25770024448781365,0.6666666666666667,0.00012809241546996876
3162,72,6.0,2346.592790698842,0.39385319398924,0.09038090125315416,52,0.417791908724574,0.18583724569640062,0.0001528560307287835
3163,85,6.0,9666.295005067808,0.3844621513944223,0.05677178495250751,45,0.40897838488513244,0.11512605042016806,0.0002054122713069487
3164,19,7.0,876.4456320980096,0.3209372637944066,0.003365770950983006,15,0.33145331927712846,0.38011695906432746,9.282565047712994e-05
3165,44,6.0,1813.5392679508968,0.3615052786922466,0.020340059602051912,33,0.38073742607419664,0.2610993657505285,0.00012178537985198004
3166,3,6.0,12.634566692798192,0.28435574604875435,0.0014203291081043687,3,0.2935835034280696,0.0,3.3345631687358305e-05
3167,11,6.0,37.29803772223737,0.3429171377806493,0.01229407294805243,11,0.35658397445959755,0.5272727272727272,4.5832183501926664e-05
3168,27,6.0,375.5390151549715,0.3708296943231441,0.050893200729272996,25,0.390121421468564,0.39886039886039887,7.261893653825907e-05
3169,73,6.0,1655.02109063931,0.37502208090443384,0.0720914552117335,51,0.3974093264248696,0.4143835616438356,0.0001558240335558671
3170,148,5.0,15361.509963141658,0.4299601701208398,0.25641850074039485,56,0.4553514418799854,0.20040448611877185,0.0002952821022480609
3171,90,6.0,3432.6190763283503,0.4130885977428979,0.13292162692823534,54,0.43695765949656473,0.17428214731585517,0.00018363445040738786
3172,112,5.0,9533.851666806919,0.4104530514919121,0.1543336816953727,55,0.4358821374365844,0.1842020592020592,0.00023657648830561443
3173,138,6.0,3711.187810978399,0.3956637882835311,0.25010214024330135,56,0.4230831632386302,0.29831799428752775,0.00024891392109268115
3174,36,6.0,338.40017637275207,0.35473989083212654,0.03277741776327164,34,0.3722222222222029,0.3412698412698413,8.976227138342631e-05
3175,2,7.0,0.0,0.30845602479659046,0.0024145958823575606,2,0.31768349669902807,1.0,2.714679110016148e-05
3176,20,6.0,188.36265169856776,0.34064288388511527,0.012678461356387475,20,0.35395143141254637,0.4473684210526316,6.48099945646707e-05
3177,22,6.0,17.1637683611207,0.3488716038562664,0.03244103139137568,22,0.36492123305592544,0.7489177489177489,6.115798788054803e-05
3178,43,6.0,830.7164998931561,0.34744422017347665,0.04511452447994738,35,0.36482440990210646,0.221483942414175,0.00010696347866621613
3179,42,6.0,5350.65376299817,0.3827984132708258,0.050601379723918954,33,0.40432825665987127,0.12195121951219512,0.00011751681293368081
3180,10,7.0,5553.578017844027,0.3152970297029703,0.0037201036541282587,5,0.32564131320605927,0.26666666666666666,0.00010709289086636491
3181,16,6.0,743.2266776585852,0.35606865321182984,0.022230390920710465,13,0.3718296959229423,0.15833333333333333,6.878128129580129e-05
3182,6,7.0,3677.188384350256,0.2903181693864527,0.0010660674870329838,4,0.2997214932448107,0.33333333333333337,9.463905545992382e-05
3183,30,6.0,639.0804846229681,0.35271639807276955,0.018473296182342835,26,0.370207253885989,0.1586206896551724,8.801832691028603e-05
3184,85,6.0,4270.4677573446215,0.3873145220141085,0.08774247011906725,51,0.41138326267861447,0.22745098039215686,0.00018270405914812033
3185,3,7.0,6.889830002710338,0.30657039711191336,0.002374639508207696,3,0.31546703152919636,0.0,3.089406370730898e-05
3186,277,5.0,41766.781418134946,0.4375214673353026,0.4289149401629,56,0.4690506097242272,0.11798252498299587,0.0005235909625530079
3187,162,5.0,25690.55811237775,0.4198417930125247,0.23329865659248572,56,0.44706913696556383,0.18265470439383483,0.00032395802761116764
3188,103,5.0,5919.102271397005,0.3965259618976466,0.10570951681281857,54,0.42182969592298675,0.16771368741671425,0.0002244650385524236
3189,42,6.0,645.7458828688234,0.3686617272516786,0.04943370724237583,39,0.3885251478515626,0.23925667828106853,0.0001026629006522788
3190,238,5.0,25244.858689317545,0.42375249500998,0.41025181273083783,56,0.4550766734705069,0.1929936531574655,0.0004502636062286065
3191,1,7.0,0.0,0.2930566419730364,0.0012447075308188772,1,0.30159253527129065,0.0,2.542275765939422e-05
3192,109,5.0,7671.390415058924,0.40947666195190946,0.13753059260323122,55,0.43485633537451174,0.13013931362555217,0.0002283892756317429
3193,1,6.0,0.0,0.29418013856812936,0.0017683565644289506,1,0.3029989009263605,0.0,2.5397972625388582e-05
3194,228,6.0,12453.15839828223,0.4281392847539661,0.4272843838776469,56,0.4586748312137383,0.17362238194605456,0.00039878978737565516
3195,2,6.0,2.311664313040738,0.2838867840427903,0.0005218991276909592,2,0.2922201287486333,0.0,2.8563416797301212e-05
3196,7,6.0,6384.660180116894,0.31451851851851853,0.003724409842972524,6,0.32517401999265233,0.38095238095238093,6.476321754219846e-05
3197,4,6.0,4.351277850670786,0.30312693351101805,0.003476617680240181,4,0.31282252577588526,0.3333333333333333,3.1148698223568285e-05
3198,29,6.0,1729.6790185024706,0.35499693439607605,0.016611775910797197,24,0.3721489506463407,0.18965517241379312,8.977340081181352e-05
3199,22,6.0,1529.095328854782,0.34064288388511527,0.010713414712498266,17,0.3540665724603299,0.12554112554112554,8.576592932678877e-05
3200,118,5.0,10218.742273899996,0.39711934156378603,0.10741553228842883,55,0.42317736955045415,0.17108503549181517,0.0002571653603557763
3201,51,6.0,1535.8267614999565,0.38427657777241464,0.0616703640788722,42,0.4065185534097556,0.15137254901960784,0.00011833954606206429
3202,1,7.0,0.0,0.22938951917882225,1.0302698567435444e-05,1,0.23344585753913846,0.0,3.483751542617902e-05
3203,51,6.0,1287.3591141490472,0.3866092023795071,0.07470021956914354,42,0.4090516564609963,0.21647058823529414,0.00011828067730247632
3204,112,5.0,7653.245106729399,0.4150537634408602,0.14127342614514968,54,0.440267964620344,0.12097812097812098,0.00023226281042753794
3205,28,6.0,810.0300275019292,0.35648718235755067,0.02097394507441438,23,0.37428167687233094,0.2195767195767196,8.596511750315012e-05
3206,36,6.0,901.5242371266355,0.3689820983720526,0.038627535384629715,33,0.3886873920552579,0.17777777777777778,9.316255807923476e-05
3207,99,6.0,4136.839237277288,0.37829650748396293,0.05615831818598545,45,0.4032527345998892,0.17790146361574935,0.00022900161581057885
3208,11,6.0,231.23155927921002,0.3349813285646663,0.007543591354509321,11,0.3461270738472512,0.2,4.900231072260411e-05
3209,136,6.0,10727.510747980406,0.4082168952698372,0.14730424193859032,55,0.43547129324335504,0.13028322440087148,0.0002779876986774341
3210,79,6.0,5846.072484908791,0.3688538831296693,0.08549206519824265,53,0.39110012037472286,0.27458617332035057,0.00018368945962959955
3211,224,6.0,38693.08632189186,0.4416475972540046,0.33803880365704025,56,0.46971790443296857,0.14553971812940425,0.00041981890624963314
3212,68,6.0,1652.1260234317713,0.3920108327691266,0.1125994887687232,53,0.41508871094365357,0.1935908691834943,0.00014076582082271343
3213,124,5.0,7928.64771481749,0.4215368323515785,0.1521948654765278,55,0.44669754540226,0.15801206399160764,0.00025454194862831273
3214,16,6.0,283.8443970073932,0.34578424453010476,0.011485302592443654,16,0.3604411995603472,0.15,5.5864585680510335e-05
3215,51,6.0,1596.706563803036,0.3748675691583284,0.05475456039032579,43,0.3962212801591024,0.17490196078431372,0.00011742573815557163
3216,271,6.0,103139.45514156725,0.4594575097388544,0.37893152168711786,56,0.4864526089914964,0.07697143638103048,0.0005575892467210798
3217,2,7.0,5.108350239929446,0.30130570536474593,0.001644607080532665,2,0.3108116696199525,0.0,2.8628947492145815e-05
3218,146,5.0,5581.025031447845,0.42619111349036404,0.270716336359224,56,0.4522373999058415,0.1682569674067076,0.00027018009925945403
3219,34,6.0,515.2191708598755,0.36385968921389394,0.040189696264210144,30,0.3829722091379957,0.27807486631016043,8.94225018179545e-05
3220,25,6.0,53.82448390553709,0.3517035728091005,0.029868125878348226,25,0.36734704558536796,0.5133333333333333,6.919289600348951e-05
3221,120,6.0,7924.764905931545,0.3977641768673495,0.13857753267771475,55,0.42404877793481677,0.23585434173669467,0.0002422610259773537
3222,195,6.0,20237.70311509246,0.4244868035190616,0.24583137370066208,56,0.4534149788036297,0.1387787470261697,0.00036994966512453884
3223,221,5.0,16932.828077260194,0.4401216225554557,0.3758336564640283,56,0.46812686449996116,0.183710407239819,0.0004119848765194297
3224,108,6.0,4003.5686438168277,0.3953445065176909,0.11623897001599061,54,0.4210865127963828,0.17324333679473866,0.00022082406676079513
3225,137,6.0,11511.181855215686,0.41559543230016316,0.18770347074858032,56,0.44263358978389805,0.13600257621296694,0.0002657881671705869
3226,151,5.0,14094.53466475314,0.43159178694856676,0.19871251549929383,56,0.4572198670644707,0.13271523178807945,0.0003058061597195364
3227,198,5.0,20816.803441502387,0.39926028084252757,0.09966676193520718,45,0.430216674517225,0.14110649643644568,0.00045108669605564846
3228,1,9.0,0.0,0.18108154213578984,3.3095555971735256e-08,1,0.1833769473665796,0.0,6.084326462160359e-05
3229,88,5.0,4135.254866908222,0.39796300924768807,0.09712129864949542,52,0.42222745590624017,0.1972309299895507,0.00019617728896988845
3230,18,6.0,468.4063317336821,0.3314943007338781,0.006478511560936605,15,0.3446485581200328,0.18300653594771243,6.944588025805297e-05
3231,55,6.0,1957.7195885647564,0.3895651110159643,0.07430336375528512,45,0.41259224368034386,0.20134680134680136,0.00012516305409831165
3232,1,7.0,0.0,0.2777583951155691,0.0006420048470547396,1,0.28596363337296776,0.0,2.5624722592466508e-05
3233,51,6.0,703.7159241343011,0.3587360594795539,0.03757162400943422,43,0.37785628303761243,0.27529411764705886,0.00011898417286410393
3234,79,6.0,10086.572257993877,0.39025735294117647,0.06436738274018394,44,0.4144973046527637,0.10159039272963323,0.00020320309788785686
3235,81,5.0,6460.213656391148,0.39305109849419895,0.0778925498668797,48,0.416784424556467,0.17932098765432097,0.0001881257422721732
3236,160,5.0,13702.839882620383,0.42022961203483766,0.20331407531275655,56,0.44736484011100736,0.15385220125786161,0.00032728942197689817
3237,73,6.0,2030.0836174904969,0.37228197334580315,0.0831923076663576,52,0.39391584236143345,0.328386605783866,0.00015568461490433926
3238,71,6.0,2299.8203046667745,0.39215565543993597,0.08423527749765067,49,0.4155074056628667,0.26800804828973845,0.00015202194391172625
3239,64,6.0,1147.453197500985,0.38432295438088343,0.11515245510531272,53,0.40713874496258995,0.2628968253968254,0.0001304630859195539
3240,14,6.0,175.7394139491237,0.33984312469985595,0.011096416211908251,14,0.3535719893232579,0.0879120879120879,5.1001995202407864e-05
3241,3,7.0,0.0,0.3042564372044141,0.003531047958825858,3,0.3141010400077664,1.0,2.921504943244299e-05
3242,95,6.0,6784.571591724347,0.420979575649415,0.15602359366993485,55,0.44503061705139246,0.19260918253079506,0.0002039775424346771
3243,23,6.0,896.7371198767382,0.3481659651232712,0.017034199079661617,20,0.3635578583764892,0.308300395256917,7.873595659191547e-05
3244,20,6.0,107.38826192719989,0.33693064592921756,0.01097370346484406,20,0.35200711781019695,0.3105263157894737,6.378832147360008e-05
3245,105,6.0,3582.651321360458,0.3855560263938495,0.09993807244529565,53,0.4105144711362461,0.27985347985347986,0.00021528270421539714
3246,97,6.0,7153.636476545285,0.3814000838373555,0.058500775037247724,45,0.4065133197257632,0.1479810996563574,0.00022995097497828914
3247,75,6.0,4832.63989399784,0.3800119331742243,0.05451637529512796,43,0.4031820798660234,0.11963963963963964,0.00018163811915970229
3248,92,6.0,5203.450429832663,0.40248988877654196,0.09832362677778492,51,0.42744805568643107,0.1588628762541806,0.0002013802391806253
3249,67,6.0,1416.8771250784393,0.3915770058407624,0.09484543470666988,53,0.41496048568589416,0.22478516508367255,0.00014030902281050948
3250,184,5.0,9913.310168710825,0.4197587820470573,0.33391452818425954,56,0.4487465326844089,0.19790924210026137,0.00032996440836068774
3251,85,6.0,2726.9568870160883,0.37978533094812167,0.11467836053934134,55,0.4038650756267395,0.2717086834733894,0.0001767254824029852
3252,58,6.0,4183.126096036861,0.3532054125998225,0.02509577909857038,42,0.3725283927356259,0.21657592256503327,0.00015620047910541558
3253,2,7.0,0.0,0.2526679097076209,6.083089911435446e-05,2,0.2572161287187238,1.0,4.033922107714824e-05
3254,22,5.0,278.51194098003623,0.3587764758900406,0.030909508782463853,21,0.3757209399696272,0.2813852813852814,6.659016626456411e-05
3255,6,6.0,865.7695391357552,0.3246177370030581,0.00388451051911611,6,0.3339587585701322,0.06666666666666667,4.5411852995778235e-05
3256,38,6.0,2864.6718800497283,0.3615052786922466,0.02297284749925651,28,0.3804521902967327,0.15504978662873398,0.0001143791097293887
3257,25,6.0,247.38484337085308,0.3475579809004093,0.026334063449015392,25,0.3648348772700852,0.25333333333333335,7.090679714503259e-05
3258,53,6.0,2795.075976105223,0.361875,0.040055847018847075,36,0.3811430365834351,0.11828737300435413,0.00013758610653875818
3259,61,6.0,3989.363326257479,0.3688538831296693,0.02946410265291999,38,0.3906003035536622,0.12404371584699453,0.00016128243557389185
3260,81,6.0,4305.261416688202,0.3797174029690574,0.06055903766782444,47,0.4027136651489036,0.1685185185185185,0.00018445258672709398
3261,27,6.0,1167.1244680588998,0.3441772493920562,0.0141231820721838,24,0.36117653216096096,0.20797720797720798,8.64532966638166e-05
3262,27,6.0,582.6041818883848,0.34393563019764556,0.013732606788255294,25,0.35963782906785563,0.23646723646723647,7.99093562267527e-05
3263,5,6.0,17.777844105372296,0.30296831890400533,0.002182842151763998,5,0.3119929868634447,0.6,3.6492742148081436e-05
3264,1,7.0,0.0,0.28290321147781283,0.0005967530899480778,1,0.29139358051275926,0.0,2.5644087899845562e-05
3265,333,6.0,64982.63402237982,0.4573788150807899,0.43181478348544144,56,0.4879154236667497,0.0938167082745396,0.00064516298926253
3266,68,6.0,2125.8481637831283,0.389612772985869,0.07340089657874771,51,0.41277280577800457,0.38762071992976294,0.00014727454824759215
3267,93,5.0,5559.708263819213,0.4116734535582703,0.13693229335110216,56,0.4361045690061671,0.1023842917251052,0.0001881123236223581
3268,206,5.0,13862.295120487435,0.41665576344367394,0.2830944208367711,56,0.4467106296122359,0.19246980819322754,0.00038744389646068987
3269,89,6.0,3559.953330881042,0.39035302770286834,0.1322226747289793,55,0.415018056209785,0.24514811031664963,0.00018104486537029045
3270,20,6.0,3477.623288130497,0.3410259156136218,0.010062632655290456,17,0.356037054482623,0.14210526315789473,7.914364587488923e-05
3271,170,6.0,13761.391404845537,0.3794233289646134,0.06788859177437571,45,0.4086774480556941,0.11305255830142708,0.0003967955457614784
3272,75,6.0,6443.442003595082,0.3808527178137894,0.061418972576839405,46,0.4036374103731683,0.23675675675675675,0.00017887867529974388
3273,76,6.0,5079.534030543136,0.38469437062092293,0.051800604317312905,43,0.4082064164965836,0.15228070175438596,0.00018916431815662994
3274,119,6.0,951.6319634389466,0.38738519554771605,0.2546103178270211,56,0.413900664677883,0.4120495655889474,0.00021134703370321236
3275,21,6.0,502.175983934261,0.3753093694755451,0.027930256099903083,21,0.3949416444235079,0.17142857142857143,6.633179271156974e-05
3276,227,6.0,11549.963272027288,0.43258846702438364,0.44771782967391005,56,0.4621604647511831,0.1849050719270204,0.000396797704513475
3277,51,6.0,1779.2692315397687,0.35088975814004736,0.01818239081207336,36,0.36974145601086367,0.14352941176470588,0.0001387360178556035
3278,135,6.0,7970.4302434301535,0.40613442162989416,0.1714733893159345,56,0.4332574449155146,0.20707573244886676,0.00026394898103695427
3279,45,6.0,511.20398452908705,0.3635481477253268,0.03839370244501386,42,0.38305333123984353,0.3727272727272727,0.00010810384525238217
3280,108,6.0,8720.120621601332,0.4068608662322729,0.10846060319822415,54,0.43223164285344323,0.11284181377639321,0.00022916460748028414
3281,18,6.0,165.3104238795914,0.34612249334275313,0.018551482365830336,17,0.3610823258491418,0.28758169934640526,5.8938929912914314e-05
3282,53,6.0,8634.104509412224,0.3776684060721063,0.05210145115360971,38,0.40025121683153014,0.1640058055152395,0.00015309234769886565
3283,92,6.0,8450.485554051162,0.38094383635384893,0.04957364854599672,45,0.40553985450359253,0.12971810797897754,0.00021966764595329608
3284,26,6.0,820.9360014889686,0.3462542133304338,0.01518489704855626,23,0.3619275658135526,0.10461538461538461,7.822577171628594e-05
3285,59,6.0,1443.5446167331595,0.3658452524556264,0.053722217536790164,44,0.3865258805673179,0.26651081239041496,0.00013784960387826586
3286,3,7.0,0.0,0.2692567853217215,0.0003027083478930763,3,0.27742749478501266,1.0,3.1704719588202176e-05
3287,62,6.0,2451.862685411554,0.38291348524018515,0.06887705082695245,49,0.4054901345056875,0.2993125330512956,0.0001361611870799052
3288,173,5.0,16466.128855830375,0.40699086203591284,0.17750142581491515,56,0.4358114827027148,0.1336873235649953,0.00034084081501714266
3289,32,6.0,959.6189774603461,0.3520535072688077,0.023440731539273004,26,0.36892238446640535,0.21774193548387097,9.400236058246373e-05
3290,126,6.0,11637.946116082885,0.41527026145921625,0.15629454490320588,55,0.441416758256185,0.1398095238095238,0.0002646631350801093
3291,31,6.0,799.6781734725317,0.3531662415437507,0.01999468579457186,27,0.3711126812162866,0.23225806451612904,9.215171363777517e-05
3292,9,6.0,24.182764375360108,0.3245019615835329,0.008537628293814992,9,0.3365049458313461,0.4166666666666667,4.127219706453567e-05
3293,7,6.0,805.6878065405864,0.33003420043527826,0.0081311362386926,5,0.34073376249539283,0.2380952380952381,5.162690304139855e-05
3294,151,6.0,9091.264544641244,0.4195099459886708,0.19869127028019543,56,0.446302402261005,0.19125827814569538,0.00029545984529693795
3295,35,6.0,3678.2977280092327,0.35353871773522066,0.026533700154586344,29,0.37116240121419425,0.19999999999999998,0.0001084126209698126
3296,73,6.0,1989.8628891346473,0.4005912321529656,0.10886754362296487,52,0.4243078452923319,0.18721461187214614,0.0001528267967030761
3297,51,6.0,1486.7477877944343,0.3751546209577664,0.054441330143500666,43,0.39656146961846317,0.1733333333333333,0.00011965472473265905
3298,15,7.0,643.9680399682936,0.31170165908089853,0.0030175507537252796,10,0.32176838705334593,0.2857142857142857,0.00011319312922119647
3299,5,7.0,272.07223800971326,0.2515800284405119,6.2341710508304e-05,4,0.2564101413842397,0.4,8.191188803797993e-05
3300,65,6.0,1880.580144255656,0.3718038528896673,0.049547282252640934,44,0.3941173391950544,0.2519230769230769,0.00015234269202086287
3301,7,6.0,3.8049366429996754,0.32221997369219874,0.005098513657332936,7,0.33206939864968404,0.7619047619047619,3.837252071928909e-05
3302,43,6.0,1121.4223553021363,0.3879042572629271,0.06435381694087287,40,0.4098079237975759,0.20155038759689925,0.00010214595138426062
3303,108,5.0,7521.856533482593,0.4124465742779433,0.1635308721075571,56,0.43764850578326575,0.14295604015230182,0.00022574225470032655
3304,47,6.0,4091.1527716056175,0.38432295438088343,0.06434828653579878,42,0.4065970586696081,0.26271970397779837,0.0001231884589843875
3305,3,7.0,13.0079972294773,0.30014137606032043,0.0009854358653594805,3,0.3083402492728849,0.0,3.179965514753162e-05
3306,57,6.0,838.244311792198,0.36142322097378277,0.054770142221369174,45,0.38191500497198216,0.3696741854636591,0.00012994572215499175
3307,48,6.0,1277.2577080835665,0.3629680287228586,0.03190561675244072,35,0.38299576071595104,0.37854609929078015,0.00012575278648330662
3308,274,6.0,45716.97748273106,0.44600840336134456,0.3690259498122192,56,0.4761736536348293,0.09440924039464185,0.0005144487581374537
3309,105,6.0,8313.279892432203,0.40971373431971697,0.12217543650022121,54,0.4350944679960642,0.13021978021978023,0.00021881306048217715
3310,111,6.0,3185.5768659121404,0.39480535581453013,0.1732063243678651,56,0.420495106505494,0.36904176904176905,0.00020868999989529397
3311,88,6.0,2644.6382085748987,0.4064713766034846,0.1309279305355717,54,0.430952007117848,0.19566353187042843,0.0001818559389313167
3312,18,6.0,357.0062610502317,0.3353870458135861,0.007792722260073305,17,0.349013450567826,0.30718954248366015,6.49772814042078e-05
3313,47,6.0,8057.76182515394,0.35418752085418753,0.04553315044790931,39,0.3721149317004046,0.15356151711378355,0.00013635547843346275
3314,30,6.0,998.8645090947747,0.36757661453223295,0.0315226378346478,27,0.38666457319305864,0.11724137931034483,8.19322005264762e-05
3315,14,6.0,324.12116005209447,0.30620192307692307,0.0031782434028510254,9,0.3164285340451036,0.6593406593406593,9.45195404192691e-05
3316,39,6.0,1331.8264541364317,0.36685674788318645,0.028325158643481823,33,0.387017846862394,0.15114709851551958,0.00010664087434792598
3317,10,6.0,28.758271238853233,0.30612833453496757,0.002322566947593282,10,0.31849322237922234,0.24444444444444446,4.8255020567887865e-05
3318,17,6.0,389.76305856229084,0.3463860336107032,0.01738381817078188,16,0.36064007955197447,0.08823529411764706,5.976104531916087e-05
3319,34,6.0,716.6295795898919,0.35903940470150514,0.030938890395422743,32,0.3765504788820683,0.26559714795008915,9.01824714996909e-05
3320,39,6.0,2133.1143952294924,0.3568467055132228,0.020364920988273524,31,0.3748783168472103,0.15789473684210525,0.00011116865621661053
3321,161,6.0,18024.03885744757,0.41499967420342737,0.15343859081594863,55,0.4428769560894403,0.16195652173913044,0.00033107825971249267
3322,42,6.0,1159.352238388764,0.36651896184611843,0.02641083243231604,34,0.38681896687076756,0.1521486643437863,0.00011417710644627752
3323,24,6.0,3212.2444877702574,0.3498681608437706,0.014993908053058242,19,0.36497095305383437,0.03985507246376811,9.414587765159959e-05
3324,212,6.0,38516.81302129378,0.4422609541004097,0.2728168285734485,56,0.46928350866178553,0.11879638737369222,0.00042008909593850135
3325,46,6.0,2294.428622423396,0.36538351213355513,0.048409672337337825,37,0.38445334170721335,0.14879227053140098,0.00011655646637417651
3326,128,5.0,6897.828629581696,0.40997747022851627,0.2094820431840544,56,0.4364238237295659,0.20841535433070865,0.0002540613377821836
3327,6,7.0,0.0,0.3167868689380751,0.004249672228871551,6,0.3265781426402973,1.0,3.758775647178101e-05
3328,33,6.0,719.8436131013858,0.36284395829772687,0.03971799143417087,30,0.38249332705289457,0.17613636363636365,8.942746373247365e-05
3329,101,6.0,4517.18125760785,0.4107707191228636,0.13351180813835248,54,0.4355340974512388,0.15702970297029703,0.00020756140323421274
3330,3,7.0,0.0,0.29362408372135906,0.0013043666054619132,3,0.3030867520504813,1.0,3.066955724555989e-05
3331,37,6.0,1618.8770955748832,0.37590745440594936,0.04129515818351289,30,0.39657717067043435,0.15315315315315314,9.910599623775517e-05
3332,16,6.0,195.32303087759695,0.3362014358108108,0.0152627549006289,15,0.3502852357774355,0.35,5.938380954779421e-05
3333,96,5.0,2870.1079555433735,0.4054363740530906,0.17141899986777617,56,0.4304469566127966,0.22346491228070176,0.00018682464387301977
3334,52,6.0,2050.214236132438,0.3867970363172598,0.060623617308593676,39,0.40902025435705547,0.2239819004524887,0.00013144293203738123
3335,180,6.0,18996.647577485448,0.43409214830970555,0.26566337691136044,56,0.46116344795105474,0.14252017380509002,0.0003492861850755465
3336,98,6.0,7594.08723858078,0.394487457417157,0.07104749146260991,45,0.4195294918093087,0.17441615821586368,0.0002317796857582458
3337,64,6.0,2452.639731380298,0.36216308427157967,0.05882351221731684,45,0.3840555817239577,0.16815476190476192,0.0001511018220584487
3338,70,6.0,2432.052343574406,0.3803523439832786,0.0668862243876357,50,0.4032658188098662,0.13457556935817808,0.00015161870878405915
3339,180,5.0,13351.533734049963,0.4063157894736842,0.2950692749581849,56,0.43552886376724553,0.18175046554934823,0.00033206938315327614
3340,2,7.0,6367.999999999998,0.2274642857142857,9.848419510385312e-06,1,0.23154042273215128,0.0,8.853203680073425e-05
3341,72,6.0,5017.709951765495,0.3979381443298969,0.08728415107445878,50,0.4214659548856715,0.13419405320813774,0.00016011744038596206
3342,36,6.0,931.3193397141422,0.3534994727202087,0.03628297206954726,31,0.37124614015803664,0.353968253968254,0.00010263401228789909
3343,53,6.0,2077.9366078252838,0.37176044828391314,0.04107059046068241,38,0.39273302977965613,0.14368650217706821,0.00013497477288833693
3344,136,6.0,11049.044129651116,0.40777258467251426,0.21459501590666255,56,0.4350813837860875,0.17200435729847494,0.00026977862035514917
3345,35,6.0,684.4336342338082,0.36723750216225565,0.039562034399202244,30,0.38699167844244353,0.12605042016806722,9.095042892245374e-05
3346,81,5.0,15044.753875994684,0.39916019052394086,0.09858582438899606,53,0.4227717590412181,0.15617283950617283,0.0001817995089160346
3347,73,6.0,3070.784580018809,0.38469437062092293,0.09167241392357668,53,0.4080310880829131,0.1449771689497717,0.00015554145655125227
3348,38,6.0,1687.9417754674282,0.3463860336107032,0.015201402952139417,32,0.364390014130921,0.1906116642958748,0.00010851220077118423
3349,5,7.0,90.49542213263386,0.3019485137249324,0.0013711888233155084,5,0.3113219538089925,0.3,4.702021900445322e-05
3350,56,6.0,1790.9332044814573,0.35236514522821577,0.02201190249580229,39,0.3719343696027413,0.17142857142857143,0.000149700388446893
3351,106,6.0,4820.183090620174,0.41470243521291833,0.13866576709515419,55,0.4397236614853668,0.20700808625336925,0.00022198720191367872
3352,56,6.0,3321.229057764178,0.3846246754031041,0.047698890210152826,42,0.40724603548438854,0.20909090909090908,0.0001406635742872664
3353,76,6.0,3282.675908067518,0.35905964595783063,0.028800239149513542,42,0.38047050819069683,0.16771929824561405,0.00019551881694124801
3354,2,6.0,0.7142650596638088,0.3028818717899943,0.001941462550698489,2,0.3114591510964482,0.0,2.7445864587155866e-05
3355,99,6.0,1794.8229958891602,0.38293650793650796,0.16497687611270417,56,0.4080258543989216,0.3339517625231911,0.000187436669280397
3356,31,6.0,729.7846245104987,0.35672678391396884,0.020222201013133143,26,0.37445177160201176,0.189247311827957,9.288759628164092e-05
3357,33,6.0,13.563460540273546,0.33739471314297825,0.01612098796035834,33,0.35259329041709586,0.8560606060606061,9.20041464581801e-05
3358,47,5.0,1213.513444422465,0.37829650748396293,0.057272826722499955,41,0.39961794106872095,0.364477335800185,0.00011040206991130135
3359,280,5.0,23790.48779416254,0.42237548909078854,0.4136162739032504,56,0.45605537237666893,0.15793650793650796,0.0005036554505388742
3360,25,6.0,1015.7978896017709,0.35760808534531163,0.0294385551324236,23,0.3750484115768904,0.18666666666666668,7.413717853141278e-05
3361,139,6.0,7967.628392299401,0.42296453712312393,0.21568132347467925,56,0.44876746742036777,0.21405484308205608,0.0002674381162855361
3362,12,6.0,814.7838738995578,0.3122824221622947,0.0048446145414652786,9,0.32293400324486754,0.5,7.97510307744088e-05
3363,42,5.0,2938.178846556358,0.36971033842224416,0.034565156587817725,33,0.3889045899408502,0.17421602787456447,0.00011893550390332754
3364,113,6.0,5558.129370495738,0.4117266791647812,0.15440856395467725,56,0.43752028052550623,0.13701011378002528,0.00022262073278383094
3365,40,6.0,4203.63574648851,0.3645469635395799,0.029133412069890775,32,0.3831710891296236,0.158974358974359,0.00011985718011429116
3366,68,6.0,6274.227384131558,0.39198670605613,0.08151763949590876,49,0.4155126393468566,0.14354697102721686,0.00015466861816540559
3367,155,6.0,20861.84072813095,0.4131421899325376,0.16290894278697163,55,0.4409064740671426,0.1226644323418517,0.0003262278601791539
3368,46,6.0,1115.9310885926386,0.3552741674569086,0.02289557127352616,38,0.3737975611032409,0.1681159420289855,0.00012015942744327511
3369,248,6.0,36776.273697496654,0.4498199025354898,0.3626847007241941,56,0.47748992515835265,0.11254407731487527,0.0004811205149175746
3370,102,5.0,3908.6133161354105,0.3926391714444239,0.13263259436198446,55,0.4180614434500665,0.1312366530770724,0.00020367965027487785
3371,50,6.0,1380.5783632730622,0.37173874978112414,0.05226397280972079,42,0.3928481708274398,0.20734693877551022,0.00011662395660390926
3372,112,6.0,11816.812515132093,0.40652326546243694,0.13339481420812885,55,0.4320667818077529,0.1743886743886744,0.00023316810550920046
3373,53,6.0,1440.4915327011822,0.3619984085483688,0.041228910471111,40,0.3825064112628702,0.30551523947750364,0.00012722480315697105
3374,15,6.0,383.9100516644777,0.32310267857142855,0.009036570922278879,13,0.33636363636361294,0.14285714285714285,6.2502307587012e-05
3375,6,7.0,10.689569884052426,0.3243697478991597,0.0056922609037327,6,0.33483427913477104,0.2,3.4779249600743645e-05
3376,76,6.0,7479.19932636717,0.3842997646774875,0.08535902434694277,52,0.4077327680954735,0.17719298245614035,0.00017072671085396811
3377,54,6.0,1855.596238543257,0.37072176949941793,0.052765512942088436,40,0.39120217721253264,0.22222222222222224,0.00012907172872697416
3378,13,6.0,366.07712580958906,0.35606865321182984,0.020986101571728536,12,0.3720599780185087,0.2692307692307692,5.404742122919669e-05
3379,69,5.0,5555.3058853694065,0.3884957911431011,0.09182434109712105,49,0.41166588161408424,0.15387894288150042,0.00016246044756654563
3380,176,5.0,19807.115407212877,0.4185725552050473,0.24773984513889216,56,0.44668969487627647,0.18064935064935064,0.00032979456588623767
3381,1,7.0,0.0,0.2844954661187296,0.0007428973559431725,1,0.2933049966728788,0.0,2.5616248444485366e-05
3382,102,6.0,2141.4829122700717,0.3970450720029923,0.210222125086542,56,0.4225754958915854,0.32052028732284993,0.00018985064493330574
3383,45,6.0,2643.216827865355,0.3638181195018851,0.03399236008625468,37,0.38338305333122374,0.21111111111111114,0.00011527955975869025
3384,40,6.0,1874.8440111102138,0.3668990149202143,0.028754683723311556,35,0.3867535458208908,0.17564102564102563,0.00010571486696492036
3385,255,5.0,35952.07523108955,0.45266524520255863,0.3770728235506191,56,0.47997854189567274,0.10418403581905203,0.00047966374730149826
3386,83,6.0,8632.121436116768,0.4072771454150147,0.10333358983647566,52,0.43112995237351426,0.1004995592124596,0.0001861774026675099
3387,80,6.0,5610.558385221223,0.36538351213355513,0.04442755590979044,45,0.388116920500327,0.1620253164556962,0.00019545845593289671
3388,48,6.0,1855.3206671147097,0.3645260989010989,0.027352897295679236,35,0.3847281101166957,0.1976950354609929,0.00013041145155369047
3389,4,7.0,0.496585004985876,0.2961499116525621,0.0015335060400721153,4,0.30528489932634667,0.8333333333333334,3.254496650742832e-05
3390,137,6.0,8608.915304289385,0.41939944685894903,0.1810961679064262,56,0.44571099597011576,0.14051094890510948,0.00027592778770417893
3391,36,6.0,1249.7629182499588,0.34854703661139386,0.014497334450591693,31,0.36575077196836553,0.15238095238095237,0.00010313482696294473
3392,33,6.0,394.1448600938095,0.34948419666374014,0.04501989179865659,32,0.3667530224524815,0.4715909090909091,8.240833489446272e-05
3393,21,6.0,971.0348097018431,0.33760932944606414,0.007612787382148228,20,0.35162244203692117,0.1619047619047619,7.642962452265039e-05
3394,33,6.0,389.0362549520799,0.3415196525282857,0.023418389712210035,29,0.3574318312660011,0.3712121212121212,8.883742197163941e-05
3395,136,6.0,11350.866307269345,0.4017536113038542,0.17473020028080424,56,0.428937038781632,0.18518518518518517,0.00027216213017816827
3396,171,6.0,8300.540835615082,0.4173109684182938,0.26446257214557933,56,0.4455487517664201,0.1805297557619539,0.000316177951620595
3397,2,6.0,3.2904646404700797,0.2892501930151233,0.0007630472723618397,2,0.29857382111268344,0.0,2.7930091440518262e-05
3398,90,6.0,1345.566998331914,0.3732200410196308,0.12062998406531131,56,0.39666090961427486,0.4436953807740324,0.00017996600579165258
3399,56,6.0,1793.035398028661,0.3886617440654177,0.07618243479939915,49,0.4110666247972107,0.2564935064935065,0.00012859329308211203
3400,1,6.0,0.0,0.2636175496688742,0.00020667785182752917,1,0.27052912545140884,0.0,2.688834229032784e-05
3401,8,6.0,320.5244737679737,0.33563448566610454,0.0075588793237283845,7,0.3466373580362921,0.21428571428571427,4.690588538175235e-05
3402,34,6.0,1451.4823011853673,0.3594852401648135,0.033113102120675635,29,0.3780630135552235,0.1461675579322638,9.311152476080882e-05
3403,42,6.0,2106.905988811317,0.3656772119193891,0.023988285836013024,33,0.38546082587531955,0.15331010452961671,0.00011721079389226243
3404,178,6.0,9515.788221914221,0.4262196346115238,0.2916458621941675,56,0.45439367770978695,0.1720307243064813,0.00032493035782396324
3405,69,6.0,1004.1694274458886,0.38894656488549617,0.117889242346634,55,0.41195373423354364,0.3312020460358056,0.00014146894209269377
3406,55,6.0,3805.3302419140955,0.35754785830573177,0.022719560811064257,33,0.37716020306692,0.16363636363636364,0.0001550694497074228
3407,259,6.0,31159.40688703325,0.4084525107419996,0.12282473524799668,45,0.44269639399177524,0.11891293286642124,0.000576380749043771
3408,6,6.0,18.822529022793493,0.3074435219154277,0.0034938920361592325,6,0.31681844350236954,0.4,4.161127466749558e-05
3409,3,7.0,7.081722592153748,0.29321854426591776,0.0009491342691178787,3,0.30189085525872966,0.3333333333333333,3.073628503636298e-05
3410,4,6.0,4.448146923149395,0.31684990796477785,0.005822675926398815,4,0.32813628513108195,0.16666666666666666,3.0468377940966365e-05
3411,75,6.0,13086.653302130802,0.401905723480785,0.08839741487953819,49,0.4253441147223852,0.09081081081081081,0.00018927308400543044
3412,48,6.0,1195.269077041715,0.3603190767141887,0.038637991563079226,36,0.3794551734966071,0.2526595744680851,0.00012211961140218738
3413,8,6.0,10.922676211043134,0.31034986843387585,0.004696182548139013,8,0.3206835191291013,0.6785714285714286,4.127768479039323e-05
3414,80,5.0,3468.7592157240333,0.3995107263831389,0.10163031053314486,52,0.42338671691006247,0.13386075949367088,0.00017195293710983668
3415,99,6.0,5735.516350088318,0.3778252358070831,0.10495499190184786,54,0.4017977704506235,0.18594104308390022,0.00021218205554243615
3416,67,6.0,1349.9369070871205,0.36109536228597344,0.05973189009225982,48,0.3816507039304798,0.3034825870646766,0.0001465819024256641
3417,29,5.0,8485.88605854212,0.35716689098250337,0.022305673943981894,23,0.3738577484691301,0.07142857142857142,0.0001131601327225914
3418,15,6.0,435.6390090951899,0.32187800070753525,0.006948069654086502,11,0.33245145758096656,0.2857142857142857,7.156637951981523e-05
3419,20,6.0,1143.054893661986,0.3549178044023405,0.02124611777957889,18,0.37126707489399885,0.33157894736842103,6.787718471859274e-05
3420,83,6.0,3026.8286677819556,0.3814000838373555,0.08402310169038735,50,0.40466321243524056,0.359682632970908,0.00017861904329858605
3421,49,6.0,1379.946247098877,0.36127970956945943,0.02698171100609549,39,0.3811561207934088,0.15731292517006804,0.0001256993582259292
3422,9,6.0,4924.626543506778,0.33085714285714285,0.006316938093284089,7,0.34095096038098327,0.1111111111111111,6.019951493544139e-05
3423,172,6.0,11492.79755995921,0.4172016245250884,0.3234678424007496,56,0.44575286544203635,0.22766217870257038,0.000319616731553375
3424,114,6.0,9262.733897486942,0.3997865796246312,0.1389292266161206,56,0.4252656094625312,0.16457071883247942,0.00024320031009763068
3425,78,6.0,7190.293345572366,0.37935553040681397,0.049160875414701176,45,0.40292824619249995,0.17982017982017984,0.00018897021182389962
3426,10,6.0,1085.947693977466,0.3325327624915157,0.011293631626471718,8,0.34523996441092136,0.13333333333333333,5.5152711660039977e-05
3427,73,5.0,5255.31781211423,0.3898035375481976,0.07421287955208578,45,0.41358664363847497,0.10388127853881278,0.00017865122586589827
3428,27,6.0,114.34353198349602,0.3466311091760096,0.02272501010683268,27,0.36208719317525323,0.5612535612535613,7.509994027931085e-05
3429,61,5.0,1184.6463559722304,0.39150479468895993,0.08329938891520235,47,0.4142408541372467,0.21475409836065573,0.00013624120830883928
3430,10,6.0,51.60959808693245,0.35096710200033066,0.015050228475746314,10,0.3659993719579004,0.5555555555555556,4.2630898870548425e-05
3431,58,6.0,3084.7754700617,0.3496760733501702,0.020593446407489474,37,0.36887528131049124,0.13611615245009076,0.0001691842957718634
3432,24,6.0,485.499426018317,0.34299100651623676,0.012209464325575748,23,0.35928978908250797,0.18840579710144925,7.679651894225167e-05
3433,30,6.0,879.352342869317,0.3616695059625213,0.031716765920810665,28,0.3796462029622487,0.26666666666666666,8.284866415718532e-05
3434,104,5.0,1157.0476132951374,0.38174298729321504,0.16612248623693385,56,0.40629873868216676,0.4087005227781927,0.00019371028078803859
3435,10,7.0,13286.7478103749,0.24485794471569722,4.388445168436361e-05,5,0.2501192532280697,0.37777777777777777,0.00022133244539161928
3436,2,7.0,0.0,0.2930836132713635,0.0010495885533136715,2,0.30222842787609544,1.0,2.782505226244569e-05
3437,92,6.0,5842.832342307021,0.38094383635384893,0.0532221813842529,45,0.4058983618569187,0.1753463927376971,0.00021813403526910183
3438,128,6.0,5469.884819607448,0.38646844660194174,0.16767237755581274,56,0.4129114984037414,0.2140748031496063,0.0002504028130414657
3439,53,6.0,3389.5607120179216,0.38019340974212035,0.041782154664588865,39,0.4024153451614646,0.18650217706821481,0.00013297828703789995
3440,69,6.0,3607.4169907983205,0.3645469635395799,0.03818174661313499,42,0.38671167634896747,0.16965046888320545,0.00017399277884822854
3441,76,6.0,2779.375790399579,0.3858363118676925,0.08839115726272652,53,0.4093787617103809,0.23403508771929826,0.00015980870975235633
3442,115,6.0,10211.357790152348,0.3943897454950771,0.06694134686070319,45,0.42039043282569044,0.1376048817696415,0.0002721412265698419
3443,25,6.0,313.8590458224084,0.35371542819060314,0.02458300286763546,23,0.3699272517925175,0.24333333333333332,7.162397536921122e-05
3444,73,6.0,4612.881761098681,0.37733278037798446,0.04197191857121593,42,0.4004736484011118,0.14878234398782342,0.00018762026934799123
3445,140,6.0,3216.0164770638185,0.41470243521291833,0.28243421199213087,56,0.4418302192914075,0.3084275436793423,0.00025250723595260724
3446,9,6.0,127.33506182795304,0.32220367278797996,0.0032767597847182723,9,0.3330873501857709,0.0,4.5436455869088094e-05
3447,128,6.0,4177.169256874393,0.39759036144578314,0.19054499258851634,56,0.4240513947768118,0.2439714566929134,0.00024257282873154886
3448,78,6.0,6145.225803251763,0.4014750378214826,0.08647369204326662,49,0.4252132726226307,0.15384615384615385,0.00017895582076589168
3449,47,6.0,953.4813646728466,0.3588169014084507,0.04073114336491209,41,0.37785104935362207,0.26456984273820533,0.00011249413255790321
3450,83,6.0,5859.024473054473,0.3639220615964802,0.041866999973163004,45,0.386842518448721,0.1951219512195122,0.00021008423018479915
3451,49,6.0,1585.3889089037832,0.379220005954153,0.0536993110944476,43,0.4007039304966805,0.17602040816326528,0.00011570950919142489
3452,90,6.0,1572.2626288243032,0.3865857359635812,0.15655823808486397,56,0.4111189616371107,0.4394506866416979,0.00017201421225062748
3453,1,7.0,0.0,0.2702851807842472,0.00025813325380739493,1,0.2778409558202359,0.0,2.6272748035540135e-05
3454,4,6.0,1.1876916853734085,0.32085642317380353,0.006529239707539996,4,0.33052807871458323,0.6666666666666666,3.0374745331642244e-05
3455,31,6.0,2443.633761676956,0.36915319074943487,0.024079896827110824,24,0.38839953943579897,0.11397849462365592,9.463260248627139e-05
3456,51,6.0,1340.836490161458,0.37306701030927836,0.05071229796707047,39,0.3939864970953013,0.19607843137254904,0.00012357161920072823
3457,57,6.0,2944.0604392426717,0.3906642949150463,0.0679888110610541,43,0.41339561417283466,0.12280701754385966,0.0001341514225203427
3458,3,7.0,0.0,0.2699300699300699,0.0003961718157981254,3,0.2776069353789612,1.0,3.385697251422383e-05
3459,23,6.0,251.9764513057884,0.33671689135606664,0.009112190669717996,22,0.35124299994763347,0.36758893280632415,7.434228828479419e-05
3460,20,6.0,1347.4370497913037,0.34006086817235304,0.012900351593470171,18,0.35358769037522925,0.5526315789473685,7.358950413456404e-05
3461,54,6.0,1029.0867151068219,0.3905684675292819,0.0842147584487594,49,0.413183649971233,0.16981132075471697,0.0001166314638984593
3462,85,6.0,3753.160995038442,0.39689661618994204,0.10898094065542711,54,0.4216177317213854,0.21372549019607842,0.00018191177462980544
3463,83,5.0,4043.593144742498,0.3999623210248681,0.08765238471721051,51,0.42414036740464617,0.21510431971789595,0.00018362987640937025
3464,12,7.0,50.637877157877284,0.31138163684364917,0.0026111190474321154,12,0.32334895961837307,0.30303030303030304,5.239244023408773e-05
3465,153,6.0,20020.50025084962,0.41835260115606937,0.19289570763711697,56,0.4453080023028733,0.10560715514275885,0.00032572286825774605
3466,253,5.0,39015.78684710124,0.42358339984038307,0.3038264142388742,56,0.455678547129376,0.09605370474935693,0.000494360539826882
3467,7,7.0,28.507635141373203,0.31183901292596944,0.0024413045716405878,7,0.3232312017285944,0.38095238095238093,3.967502882956235e-05
3468,50,6.0,719.1495459707259,0.3591001353179973,0.031256158902581536,35,0.37824095881088937,0.5648979591836735,0.00013089931617539795
3469,69,6.0,4303.304704803049,0.37906201642661586,0.040114623752806056,45,0.4019469304443441,0.1466325660699062,0.0001695951522418729
3470,3,7.0,13.866906604160638,0.31202233980011757,0.00279877017921575,3,0.3209074460369643,0.6666666666666666,3.225835339409045e-05
3471,66,6.0,2686.2248506614005,0.37668559261887863,0.07129460254605549,48,0.3988485895221658,0.1794871794871795,0.00014767360166813184
3472,78,6.0,1547.9254122629557,0.3593838167249746,0.03687266267032403,45,0.38120322394931927,0.1958041958041958,0.0001889633711213485
3473,124,6.0,11974.22577801354,0.4031267801759605,0.08396560748355393,45,0.42999947663163596,0.13742460005245213,0.00028368925951842915
3474,46,6.0,1600.576959602095,0.37809439002671413,0.05490940610838276,40,0.399207096875493,0.3294685990338164,0.0001122309189088455
3475,20,6.0,145.01812796509878,0.3484135667396061,0.019095314111099833,20,0.36411001203745064,0.25263157894736843,6.0702403389553134e-05
3476,2,7.0,2.6166956647527293,0.2686321650006327,0.00029023053438423054,2,0.276074587473556,0.0,3.0471590349753267e-05
3477,87,6.0,3909.2016277835673,0.38367469879518074,0.08810583399905594,53,0.4079394986130845,0.14728682170542634,0.00018254479477493478
3478,43,6.0,1010.0213758172108,0.366413531239213,0.03569769140269323,39,0.3861595226880069,0.11738648947951273,0.00010488230828755541
3479,36,6.0,666.9190179886167,0.3630094043887147,0.031410534787662286,31,0.3809415397498148,0.5333333333333333,9.778713225209785e-05
3480,157,6.0,9390.328318458325,0.41116849580374437,0.2338723202968143,56,0.43888888888893357,0.19500244977951983,0.00029781663558188
3481,13,6.0,252.0677074717179,0.3270346598202824,0.005204656346887733,13,0.33850682995757975,0.1794871794871795,5.2905970297588705e-05
3482,103,6.0,6372.6895313439445,0.4066790115573718,0.13347859409663307,56,0.4321138849636643,0.15229392727964972,0.00021032913967930584
3483,31,6.0,612.6218970769814,0.3558299346332197,0.03346704617214635,30,0.3736614853194967,0.2150537634408602,8.276375971984608e-05
3484,74,5.0,3188.1614874393445,0.3819948419600552,0.08773263594627316,50,0.40567331344534246,0.17956312476860423,0.00016627732426086826
3485,62,6.0,4006.494675684787,0.3761961015948021,0.06406534298221142,46,0.39808185481760644,0.2310946589106293,0.00015724913008468663
3486,58,6.0,1259.1189925352696,0.3908321060382916,0.09412056134828152,47,0.4135447741665545,0.2159709618874773,0.00012803860293322247
3487,126,6.0,17109.376218763642,0.4175572018619288,0.12611499345642893,54,0.4432904171246649,0.09701587301587301,0.00027745468238893903
3488,2,6.0,2.5692449583631736,0.30216339311130086,0.0014367151839104796,2,0.3106112942900426,0.0,2.8898526086559495e-05
3489,193,6.0,9023.391526122356,0.42128588437624026,0.3708153562466,56,0.450638509446851,0.2018566493955095,0.0003395641135188054
3490,6,7.0,47.26688973072304,0.3078001159868548,0.0019370418464532966,6,0.31829471622216526,0.0,3.92560798983085e-05
3491,130,6.0,13665.038182526318,0.4098191879544431,0.12535013953024524,55,0.4364473753075215,0.12653548002385212,0.00027523525424077305
3492,114,6.0,9974.914110945763,0.3967482713511493,0.1125102126842072,54,0.422795310619172,0.07654090979661544,0.00024355399004783118
3493,95,6.0,5947.223910823875,0.4055396370582617,0.12717431285079736,54,0.4301224682054066,0.16595744680851063,0.00020123381089921818
3494,118,6.0,2924.4745549123445,0.41499967420342737,0.2227036876237036,56,0.44030983409226543,0.3407214254671882,0.00022323512807934497
3495,9,6.0,33.27178551263983,0.3305309045617313,0.008413558579047948,9,0.3408279688072152,0.3888888888888889,4.452418100881092e-05
3496,15,6.0,208.67562083147158,0.3261470708725932,0.0062743121596169835,14,0.33908776888048914,0.12380952380952381,6.004631350434276e-05
3497,138,6.0,14557.990294271647,0.42128588437624026,0.1431313863144238,55,0.44745642958083304,0.15561197503438062,0.00028114144706455974
3498,3,6.0,5658.124005409491,0.3012344511185735,0.001418489083886567,3,0.31007222483905716,0.3333333333333333,6.562185570458473e-05
3499,96,6.0,5642.2086967759715,0.39512376698306345,0.12186440084797884,55,0.42028575914588767,0.2107456140350877,0.00019632658819324886
3500,48,6.0,632.4462979854552,0.3712620227338968,0.053833772613158505,42,0.39212068875280665,0.3581560283687943,0.00011082176814773149
3501,128,6.0,5127.836275319368,0.40608263198163735,0.1858435265026391,56,0.4324462238970394,0.17372047244094488,0.00024779794457032816
3502,29,6.0,690.0964242569664,0.366413531239213,0.042150885635041005,25,0.38540063850943324,0.19211822660098524,8.101129160895904e-05
3503,192,6.0,8067.92978563983,0.42926467614746916,0.37760154626715525,56,0.45720678285449845,0.22965750436300175,0.00034040347384193626
3504,23,6.0,75.06135361833728,0.35069654754694124,0.04401008390305662,22,0.3677160203066711,0.5375494071146245,6.300366093065814e-05
3505,2,6.0,189.77768791195837,0.2950796886582654,0.0015858825101585099,2,0.30370283142303617,0.0,4.557015953019554e-05
3506,155,5.0,8330.61334244864,0.43385558583106265,0.2692562438576273,56,0.45919819961275055,0.23234185169669042,0.0002929735819939223
3507,66,6.0,2741.1015786417097,0.3765297073603311,0.048303203720346945,43,0.39887999162610654,0.2885780885780886,0.00015715297020173303
3508,137,5.0,9299.213659653688,0.40610852515462603,0.153785884993395,56,0.4330952007118195,0.13085015027908975,0.00028138297892839093
3509,69,6.0,2304.9288578045075,0.3971936389148737,0.09604418771029133,51,0.4208719317527874,0.15302642796248933,0.00014620133024323862
3510,38,6.0,4686.448057995463,0.35279454938237415,0.016656574872162627,31,0.3710655780603751,0.13229018492176386,0.0001179073377354826
3511,8,7.0,78.32712764796494,0.27673256571800997,0.000446608308504816,7,0.28506343972665954,0.6785714285714286,7.81092653007112e-05
3512,53,6.0,6308.414696844315,0.3715652529023978,0.04778637843285569,37,0.3924477940021921,0.17634252539912915,0.0001515664829770954
3513,74,6.0,3446.3672295520378,0.3839522546419098,0.06964367331264756,49,0.4073768775841421,0.19918548685671972,0.00016470622895672292
3514,237,5.0,32349.867268315964,0.44442118484404436,0.3091674400808112,56,0.4724943737897478,0.12475863548594722,0.000471696699715913
3515,1,7.0,0.0,0.2534521867165426,7.41447507220432e-05,1,0.25901053465820767,0.0,2.7118052643077062e-05
3516,62,6.0,992.0148633338822,0.38098941197583297,0.07220178453673369,49,0.40364787774114863,0.2464304600740349,0.00013356352081665332
3517,122,6.0,7524.141761541873,0.41135438868436347,0.17605781556048927,56,0.4376328047312945,0.15865058935103646,0.00024091072778729814
3518,66,6.0,2489.077988976453,0.3725650775080433,0.0610129210346641,47,0.3944941644423467,0.2671328671328671,0.00015007422059156364
3519,25,6.0,111.07518703477868,0.3465179542981502,0.02363368541124292,25,0.36153765635628676,0.6266666666666666,7.012526511339612e-05
3520,49,6.0,5101.751687137861,0.3419964559952747,0.012625019780219035,31,0.3598524101114495,0.16581632653061226,0.0001617687713347054
3521,22,6.0,884.9572474571855,0.356786734636715,0.016556631659663767,21,0.3740566284607545,0.07792207792207792,6.928138165622908e-05
3522,7,6.0,14.650873382947172,0.3089647812166489,0.0026531762326121628,7,0.3203616475637076,0.7619047619047619,4.099730243679702e-05
3523,1,8.0,0.0,0.2004847645429363,6.093128015031233e-07,1,0.2031043222753358,0.0,4.241078208110982e-05
3524,88,6.0,2967.451735175758,0.39711934156378603,0.12820605598988014,55,0.4218427801329626,0.24686520376175547,0.00017590634471028956
3525,7,6.0,11.732579317361061,0.32998290244028805,0.00919424856100484,7,0.34147432878000095,0.2857142857142857,3.61540909768532e-05
3526,140,6.0,16987.69156551229,0.4064973193770743,0.11728234874153859,53,0.4336368870048018,0.08396711202466597,0.00030428707350899163
3527,53,6.0,2439.029103784085,0.3708296943231441,0.05287159043475026,42,0.39196367823310135,0.15239477503628446,0.00013174877012682622
3528,43,6.0,1683.6388138496288,0.3844621513944223,0.04765417592853103,34,0.4065211702517508,0.18715393133997785,0.00011315159297045356
3529,67,5.0,2857.295554901189,0.3861404146962532,0.06715677606075639,46,0.40906474067097137,0.18724559023066484,0.00015500909445404951
3530,39,6.0,657.4675936100361,0.3765519687832565,0.04698396175899094,38,0.39744596221280204,0.20647773279352225,9.316819856315633e-05
3531,81,6.0,1079.5553408829762,0.3774669590469982,0.13933519622420437,56,0.40116449468781346,0.44382716049382714,0.00015564984876966358
3532,13,6.0,705.0359701525368,0.3187368631768592,0.0031092848473066497,11,0.33015125346729246,0.576923076923077,6.852095462944307e-05
3533,21,6.0,205.07043961891316,0.3319262038774234,0.010939621349108211,18,0.3442246297168292,0.5428571428571429,7.030934929391113e-05
3534,44,6.0,950.1364447883567,0.3482230727173319,0.017326387093331647,33,0.36573768775839005,0.2272727272727273,0.00011965624831337729
3535,90,5.0,11160.133290753638,0.3891366774607442,0.09410825178199803,52,0.41366514889832695,0.19475655430711608,0.0002077144073543168
3536,66,6.0,1590.6574162184606,0.38213235735285295,0.09692063359577745,52,0.404820222954946,0.2536130536130536,0.00013774436034364655
3537,104,6.0,2248.244579894103,0.40246445497630334,0.17681560098997282,56,0.42732244727066726,0.4144884241971621,0.00019993025363021293
3538,116,6.0,12530.094134466466,0.4133835269682612,0.11076745917938458,53,0.43934683623807425,0.09265367316341828,0.000252819662046136
3539,31,6.0,358.7983487558308,0.36344441908240127,0.030955731635437286,30,0.38167425550843664,0.367741935483871,8.100159440582773e-05
3540,46,6.0,1857.5564087637754,0.3571068124474348,0.03612919319074701,38,0.37612393363686797,0.17294685990338163,0.00011927220742678261
3541,176,5.0,17364.615409451348,0.4189029202841357,0.2021639257343927,56,0.4473648401110076,0.1183116883116883,0.00035831060869273795
3542,51,6.0,1600.4521264145549,0.3895651110159643,0.06938060583718875,41,0.41169728371802605,0.2007843137254902,0.0001215821353740774
3543,46,6.0,1966.045896073798,0.36311288483466364,0.0367415137769497,37,0.3827105249384879,0.21159420289855074,0.00012309267447365306
3544,152,6.0,17111.522203787168,0.41276733635774465,0.17597389405295893,56,0.44019207620248524,0.13018473335657024,0.00033169005065313847
3545,113,6.0,2833.4505645988997,0.41069125612587054,0.2128241699944539,56,0.4359501753284567,0.35350821744627053,0.00021630423128071372
3546,136,6.0,14374.485262204054,0.4158124959195665,0.16666336454866826,56,0.4422855497985524,0.15065359477124185,0.00028031128073252506
3547,28,6.0,492.4275911267657,0.34421445171053344,0.012684748079810381,26,0.3603914795624384,0.23544973544973544,8.45552389357696e-05
3548,45,6.0,1117.6752424359097,0.3748675691583284,0.04474077132762294,37,0.3960564191134122,0.16767676767676767,0.00010919500086572878
3549,45,6.0,1393.5862396735333,0.37635171068959405,0.04378431170802166,39,0.3979457790338623,0.12727272727272726,0.00011029421624058833
3550,30,6.0,470.6579954274214,0.3241551302931596,0.005656203797346689,22,0.33693149107654324,0.5149425287356322,0.00010327302305386205
3551,110,6.0,9213.510918707796,0.37958161988199535,0.05381406854374884,45,0.4048751766368407,0.15095913261050875,0.00025678426254380487
3552,72,6.0,1863.398600791948,0.38030692064250315,0.06484803404690277,50,0.403132359868117,0.3227699530516432,0.00016034655084845508
3553,72,6.0,2187.216258769824,0.38460144927536233,0.06733728357603189,51,0.4074763175799557,0.2992957746478873,0.00015858487826448972
3554,222,6.0,35064.135401341635,0.44560274260127336,0.2937776181002448,56,0.4728450306170869,0.06742489095430272,0.0004511485454238293
3555,22,6.0,581.242859525288,0.3383985973115137,0.011747993999230015,20,0.35149159993716894,0.14285714285714285,7.320362362329248e-05
3556,11,6.0,354.282049099116,0.33613046231792276,0.008862720388780195,10,0.348445595854893,0.2545454545454545,5.282890024111069e-05
3557,61,6.0,1947.9242332240492,0.38010264979708763,0.05943917201207274,45,0.40219291359188264,0.16120218579234974,0.00013952113226214878
3558,122,5.0,8173.471992668285,0.42673366834170856,0.1972865953327897,56,0.45142879572936084,0.1411732827530145,0.00024405844618513055
3559,5,6.0,159.11397085523768,0.30203442879499215,0.0020532590079162926,4,0.3115899931962032,0.5,5.5503013910036995e-05
3560,79,6.0,5782.345349997501,0.39001837109614207,0.09265606295224595,46,0.4140184225676636,0.17202207075624798,0.00018209600237621405
3561,79,6.0,4925.574223259675,0.38229291716686675,0.06743851447644017,47,0.40620976605433445,0.12885426809477443,0.00018429530810575162
3562,25,6.0,454.7297985617111,0.35088975814004736,0.026349616810122097,23,0.36756162662896225,0.3066666666666667,7.482301514352161e-05
3563,28,6.0,737.1653597202545,0.3513155717358928,0.01439439626396637,27,0.36805882660802813,0.08994708994708994,8.15462911058451e-05
3564,130,6.0,5545.8812279730155,0.40432960893854747,0.22445750393023736,56,0.43124771026329073,0.317948717948718,0.00024660064591907276
3565,67,6.0,2149.8423095819508,0.37910714285714286,0.0674015076888703,46,0.40164075993091963,0.14789687924016282,0.00015190322711791383
3566,35,6.0,500.35212171062494,0.3571068124474348,0.029442058982000995,33,0.3749228031611268,0.6924369747899161,9.485287502755614e-05
3567,93,5.0,8702.189815869271,0.4074595355383533,0.12236729990232843,55,0.43194379023398466,0.1463300607760636,0.00020500364460550725
3568,60,6.0,2260.569699536439,0.3602171822860698,0.02538845224427365,39,0.38081069765005776,0.1983050847457627,0.00015634118678727654
3569,24,6.0,1292.889431953918,0.361895562247855,0.02508334906392794,20,0.3798058303239481,0.18840579710144925,7.881319847652666e-05
3570,78,6.0,4180.804637834823,0.35754785830573177,0.032866558044048436,45,0.37887685141569244,0.11988011988011987,0.00019259969824639867
3571,62,6.0,1061.938405603391,0.367279856986333,0.08521716827755235,54,0.38839168890981224,0.4378635642517187,0.0001324140131393707
3572,129,6.0,5871.158495071285,0.3977641768673495,0.18161141440631856,56,0.4248547652693019,0.21378391472868216,0.00025083747233990423
3573,34,6.0,669.2424229595161,0.3643175838004805,0.04912787268869462,32,0.38325744491546,0.23529411764705882,8.477175790511312e-05
3574,5,6.0,16.946061612420273,0.34033344020519396,0.009703540747558883,5,0.3522504841157443,0.0,3.3193129188611345e-05
3575,88,6.0,5111.969899318195,0.3891842346471127,0.0823252726605946,51,0.41353430679857295,0.1593521421107628,0.000192331958766931
3576,90,6.0,4137.6690085235105,0.3971936389148737,0.1103820177186753,54,0.4221541843303773,0.16154806491885143,0.00018337032137225054
3577,47,6.0,930.0642238597628,0.37143523648451626,0.05029040057278218,42,0.39223321295859537,0.23959296947271044,0.00010714924934324902
3578,2,7.0,1.6121187589378618,0.2925720060636685,0.0011220279414448486,2,0.30158206790331094,0.0,2.791330176127711e-05
3579,6,7.0,5.591428939414845,0.30763657440950587,0.0016609661505631998,6,0.3186962145511251,0.7333333333333333,3.968775751224e-05
3580,56,6.0,907.9576993922933,0.38467113607537595,0.10012273444918939,48,0.4069084628670232,0.45,0.00012202320044641892
3581,91,6.0,4163.800081759978,0.3962545884402414,0.10064794704671276,54,0.4211179149003244,0.115995115995116,0.00019032887288249263
3582,1,7.0,0.0,0.2867885446685879,0.00071899010575685,1,0.2961966070774404,0.0,2.5571717728639436e-05
3583,141,6.0,7850.595796507257,0.384531787719616,0.07120588055291797,45,0.41202700580940244,0.1419452887537994,0.00031656820732495786
3584,24,6.0,321.32311026687483,0.34177622752884357,0.020992163145245903,23,0.3575836081017152,0.33695652173913043,7.199031386232088e-05
3585,9,6.0,11044.247489545849,0.33216856159382496,0.007414278831106517,5,0.34303920029305807,0.3333333333333333,9.0985759764122e-05
3586,79,6.0,3387.1382606691877,0.39397500927873313,0.08492526940108303,50,0.4183178939655855,0.26062966569295687,0.00017372924330221197
3587,3,8.0,0.0,0.20178050944113546,9.757187771494408e-07,3,0.20443386492612167,1.0,9.047670583610592e-05
3588,97,6.0,3526.699464273437,0.3868205283935621,0.09031621803532747,53,0.4117025174020141,0.24914089347079038,0.00020187774062464526
3589,22,6.0,555.705817303354,0.3394627438439399,0.0147752929904506,19,0.353451614591484,0.24242424242424243,7.328389127378039e-05
3590,15,6.0,550.8057033057054,0.3349989480328214,0.007254568900232872,13,0.34767101062434924,0.10476190476190475,6.142679262825404e-05
3591,57,6.0,2398.297519070745,0.3958851317752362,0.07034927396769294,46,0.41871565394883925,0.07706766917293233,0.00013598660346336136
3592,13,6.0,148.14645008631845,0.33268909318846634,0.009753611774598686,12,0.3453053854607984,0.44871794871794873,5.422395089516085e-05
3593,73,6.0,3703.4437679437438,0.38266041816870944,0.06598676910743437,45,0.40561312607945627,0.2073820395738204,0.00016635158470684438
3594,86,6.0,1974.2254073204842,0.38625750500333556,0.12553336915157956,56,0.4099649343172796,0.2577291381668947,0.0001687951073696056
3595,73,6.0,3511.9449579766892,0.39378014096698405,0.07939617623643777,49,0.41714816559378404,0.12252663622526636,0.0001602639361415979
3596,164,6.0,18983.541236129244,0.4232737422742075,0.21699735993402125,56,0.45030093682948547,0.15090528205895556,0.00033241209700386536
3597,102,6.0,5717.198030406077,0.38215528621144845,0.09818892368100855,50,0.407290521798303,0.20636769559308873,0.0002200199876518433
3598,6,7.0,998.9539258409835,0.2878513965470487,0.001181943739664581,4,0.2975625985988716,0.33333333333333337,7.61435993155726e-05
3599,16,6.0,165.47813522393824,0.3497528830313015,0.01911186560660379,16,0.3642931909771085,0.3333333333333333,5.56514557721237e-05
3600,63,6.0,1520.0321134746523,0.3664767823234939,0.043779955232898383,44,0.3877296278850559,0.2411674347158218,0.00014790823808978276
3601,101,5.0,8117.082809102503,0.4047407219115404,0.10248249095878387,52,0.4297901292720306,0.14356435643564358,0.00022666991592612358
3602,118,6.0,5672.475461783578,0.40541056651814134,0.20831422896237653,56,0.4314335060449423,0.326959293060988,0.00022356230508703505
3603,48,6.0,1362.9791782622951,0.3648602199816682,0.032906092221877986,36,0.3851834406238401,0.2774822695035461,0.00012569231540050286
3604,35,6.0,22308.0849700513,0.35147066938910654,0.01748387609444798,22,0.36766368346677253,0.06386554621848739,0.0001903508259649072
3605,27,6.0,265.2356005618854,0.3473684210526316,0.025365690930883106,26,0.3641178625634342,0.24216524216524218,7.52896318268968e-05
3606,6,6.0,34.910763411637134,0.3187049639711769,0.0035123700827372245,6,0.3289684408855154,0.06666666666666667,3.598910733242589e-05
3607,18,6.0,1098.27711466269,0.33661011574441096,0.00678955183139479,15,0.34999999999997067,0.13725490196078433,7.977350074874054e-05
3608,39,6.0,672.0504259738544,0.3633822103041022,0.03359916824496576,30,0.38284398388023644,0.3117408906882591,0.00010723762155869101
3609,87,6.0,5164.024924632339,0.3895651110159643,0.09715304608377927,54,0.41418590045534853,0.23496391339214115,0.00018910902547050003
3610,39,6.0,646.4154704677069,0.3617722238000568,0.03760364017011332,37,0.38131313131311345,0.38866396761133604,9.752201771640443e-05
3611,109,6.0,9639.510303721325,0.4048693662195665,0.11178208103125188,55,0.43067723870836333,0.11586816173972138,0.00023156797333089143
3612,54,6.0,2058.954524109839,0.3782066508313539,0.05018880687690518,42,0.3999371957921208,0.29280223619846263,0.00013250694561280234
3613,47,6.0,520.5710288645445,0.3661607450845119,0.05907909468080479,44,0.3858690532265526,0.2839962997224792,0.00010449651258656186
3614,167,6.0,9569.844171355206,0.4279954304146227,0.2762798182957284,56,0.4545820903334338,0.23367722386552195,0.00031777057835655334
3615,95,5.0,7546.996292505174,0.3840448625180897,0.1319686523864966,56,0.4084759512220764,0.24725643896976485,0.00020545723458684705
3616,69,6.0,1325.9064078729011,0.36087030426653066,0.03348614744334149,44,0.38240697126705653,0.20034100596760443,0.0001677425550905775
3617,61,6.0,2145.3318838434734,0.36966742120842766,0.049122480210612524,43,0.39188255613125295,0.1994535519125683,0.00014129165081990056
3618,30,6.0,990.9786536711636,0.3517618469015796,0.01831211832528506,27,0.368529858167143,0.30574712643678165,9.108709927851872e-05
3619,10,6.0,10.215236120361466,0.3059812635118905,0.0025006584945227056,10,0.31743078452921963,0.48888888888888893,4.686079709102313e-05
3620,1,7.0,0.0,0.24914916089660838,3.7036772797457235e-05,1,0.25405236674667314,0.0,2.8600636088911938e-05
3621,64,6.0,717.545648622302,0.3747793338825468,0.06639573365481595,49,0.3967210969801629,0.4156746031746032,0.0001374963675572464
3622,11,6.0,2762.5338603598398,0.3300170993315716,0.00632086521778171,10,0.3404537604019191,0.12727272727272726,6.468185582773342e-05
3623,290,5.0,30610.688404056495,0.44377090301003347,0.45469404079957837,56,0.4751112157848287,0.11375730819711252,0.0005210384656175813
3624,8,6.0,152.1669993424402,0.32664888706534,0.005304912483882557,7,0.3360810174281407,0.25,4.767882703272685e-05
3625,95,6.0,2016.4331379998623,0.39893517068587536,0.13508663299054596,56,0.4240749463547685,0.21769316909294512,0.0001859477294715146
3626,6,6.0,0.0,0.31024404500949876,0.00423128568270227,6,0.32015753388809004,1.0,3.4858049093509474e-05
3627,20,6.0,65.65407506526886,0.32129344700600315,0.0060190764263124185,19,0.3359527921703858,0.46315789473684216,6.92322105729441e-05
3628,139,6.0,11864.573609996123,0.42123015873015873,0.17520647908936163,55,0.44768932851839455,0.11823584610572413,0.00027874684013832904
3629,162,6.0,14911.129278610037,0.40203257164499434,0.10721524889011792,45,0.43080023028213027,0.14232037420443217,0.0003540348272607436
3630,40,6.0,2190.889344910657,0.36738578680203043,0.038895891361072396,30,0.3866828910870241,0.19487179487179487,0.0001146425356901472
3631,77,6.0,9075.948931603021,0.39640256426215226,0.09618840197648228,51,0.4204924896635001,0.08373205741626794,0.00017249820419538097
3632,1,7.0,0.0,0.28233885982799894,0.0005455779575917625,1,0.2908649784297534,0.0,2.5673064491015965e-05
3633,34,6.0,2095.1988637309396,0.35531380753138075,0.03771203522348998,28,0.3731067148165399,0.15151515151515152,9.909814064740432e-05
3634,100,6.0,7304.84872460374,0.40129796484153485,0.10783248888633214,53,0.4265190767781763,0.25717171717171716,0.00021649752968804932
3635,18,6.0,663.1318412327861,0.32792709298733397,0.00841346119383646,14,0.34049562987384263,0.22875816993464052,7.468392132934232e-05
3636,64,6.0,915.5478112652083,0.37319817180358605,0.08998524550298462,53,0.3949259433715357,0.2197420634920635,0.00013166042253716855
3637,69,6.0,1818.6738836091608,0.38788063337393425,0.11180973348565669,54,0.41151672162036407,0.23444160272804773,0.0001448193655569043
3638,11,6.0,196.59885844481062,0.3319781078967944,0.0048716833032556054,11,0.34298424661116056,0.2909090909090909,4.8528346566856946e-05
3639,11,7.0,67.3144692025792,0.2822637830171955,0.000778346244273812,9,0.29270835669800277,0.6727272727272727,6.610123313851257e-05
3640,49,6.0,1683.5930863867786,0.3606659493742568,0.043357375930059665,38,0.381375935520994,0.19387755102040816,0.00012279955373530684
3641,8,6.0,53.127368722371756,0.32730356133408706,0.0058756692040576935,8,0.3373737373737097,0.25,3.966928137302395e-05
3642,22,6.0,91.74072323318553,0.3448107844729576,0.0169946606642996,22,0.3588475427853441,0.5757575757575758,6.987331343176287e-05
3643,156,6.0,4344.066883302286,0.40302474213756884,0.25421566929584954,56,0.430800230282131,0.2826302729528536,0.0002820024788664491
3644,194,5.0,14004.641798967417,0.4349518541282524,0.3158026137969439,56,0.4622180352750732,0.16601677260830083,0.000365424605685513
3645,21,6.0,244.78241771649198,0.3255802065228504,0.00550472450427362,20,0.3386743078452662,0.5476190476190477,7.67532826933484e-05
3646,212,6.0,19970.2905652622,0.42981508975570254,0.3074115913250155,56,0.4589548333072114,0.14517571313601002,0.000388012618783024
3647,38,6.0,1285.0153649097824,0.361875,0.029513598261380915,33,0.38079761344008356,0.1465149359886202,0.00010165198206220163
3648,147,6.0,7025.933062975312,0.40361216730038024,0.22570493652412155,56,0.43103051237769846,0.1956015282825459,0.0002712057744037306
3649,114,5.0,11450.772941289686,0.3858363118676925,0.1681651129203193,56,0.41137802899462317,0.2248098121409719,0.00022549026041370553
3650,85,6.0,2575.5298576081236,0.39632856253889237,0.10919818454092518,55,0.42071753807507695,0.26890756302521013,0.000178305080893553
3651,11,6.0,476.15323758093535,0.3231518595565478,0.009231149400341462,10,0.3350604490500616,0.36363636363636365,5.262604053199473e-05
3652,27,6.0,334.6876156875881,0.3570267391669937,0.029096237094024903,25,0.37436803265816954,0.21082621082621084,7.643932886651625e-05
3653,82,6.0,7387.639447545007,0.3929783426914296,0.10354228749479885,53,0.41738629821533574,0.17133393556157786,0.00018597593305552827
3654,37,6.0,906.3342050599583,0.3788816180844735,0.046986057521741,35,0.39959177264877066,0.24924924924924927,9.231619098896725e-05
3655,32,5.0,700.7940990550889,0.36336147877681424,0.033257379357655194,30,0.38124247657924887,0.3286290322580645,8.559473396097542e-05
3656,30,6.0,749.4080977615625,0.3571268363799484,0.01706969551105913,28,0.374535510545855,0.18850574712643678,8.883295150843538e-05
3657,309,6.0,46263.742928496235,0.4488688420607513,0.4707826413836938,56,0.4799340555817598,0.10540915395284327,0.0005841878805757642
3658,125,6.0,4794.737967163957,0.40502384737678854,0.16643060791783676,56,0.4318077144502387,0.2016774193548387,0.00024008163559924935
3659,5,6.0,144.46782596724788,0.31976102018274927,0.003984582305847356,5,0.329400219814704,0.3,3.8695705569566445e-05
3660,44,6.0,2125.831018968932,0.35143188213871873,0.01672801316372717,30,0.3696812686449774,0.13002114164904863,0.00013120858496425077
3661,9,6.0,4298.758626476864,0.3091747572815534,0.004139901165228898,5,0.3201889359920322,0.25,9.846765799600274e-05
3662,53,6.0,551.8503672170676,0.3669624337404932,0.05603987679156218,45,0.38749149526350385,0.3918722786647315,0.00012089783471059383
3663,58,6.0,1836.7187605943,0.37657423283864483,0.07260777267651063,49,0.39876746742031804,0.1954022988505747,0.00012968868619059987
3664,69,6.0,2244.6058225789793,0.359810180215807,0.03314342080724442,44,0.3814073376249351,0.16368286445012786,0.00017057269458199792
3665,29,6.0,500.6164377918035,0.36089075249320035,0.03164074378466986,27,0.37881404720781264,0.16502463054187191,7.936128139186376e-05
3666,10,6.0,108.59267850034004,0.32287336510189596,0.004212824216595226,10,0.3341576385617587,0.17777777777777778,4.862837990815672e-05
3667,5,6.0,2.4113816731966446,0.3287225806451613,0.00698252459620713,5,0.33898832888467423,0.7,3.322561579908795e-05
3668,7,6.0,28.685121508322883,0.3218454697053919,0.005484480334339264,7,0.33242267231902184,0.3333333333333333,3.859055123223181e-05
3669,108,6.0,3748.37700364511,0.37046300604932525,0.05577512626380094,45,0.39528706756685467,0.21201107649705783,0.00024841858216223
3670,3,6.0,102.40101880759167,0.30226377485643774,0.002484243916661728,2,0.31212906264718954,0.6666666666666666,4.350275955650043e-05
3671,55,6.0,7470.005378972301,0.3663713759779107,0.044896160790369614,42,0.38696289318049687,0.28215488215488216,0.0001493165036865135
3672,82,6.0,2964.0099648548367,0.39563920983973166,0.0801144431218287,51,0.41979379285081275,0.18367961457392354,0.00017808497752142582
3673,34,6.0,2681.8948271238096,0.35201459127839496,0.015947519213292946,25,0.36951117391529764,0.1319073083778966,0.00010687302383743321
3674,22,6.0,12899.584670766166,0.346838751837935,0.01661345383961222,14,0.3620950437012387,0.17316017316017315,0.00012119176507102246
3675,171,5.0,14206.479062466597,0.4322948482997353,0.2776981949150361,56,0.4587297848956325,0.11124871001031993,0.0003227019619644338
3676,85,6.0,1534.5178840765789,0.3756192498230715,0.13143937585266532,56,0.39903176846182054,0.31652661064425774,0.00016876855500533387
3677,56,6.0,2580.790975211465,0.3855560263938495,0.06285853116454986,43,0.40820118281259404,0.11103896103896103,0.00013204897267888053
3678,43,6.0,4462.858833759773,0.35565110565110564,0.019411210618286337,30,0.3745433610718383,0.13732004429678848,0.00013880516248165287
3679,2,6.0,0.1330841132167282,0.3071025603934616,0.0025465869808767787,2,0.31620086879153053,0.0,2.706526185884408e-05
3680,36,6.0,399.81834148099233,0.34584057341442226,0.020521348221651105,32,0.3626288794682332,0.32222222222222224,9.672790812000549e-05
3681,190,5.0,19989.863855203876,0.4369811320754717,0.34003399712137766,56,0.46356047521854854,0.14062935115566694,0.00036496028796429374
3682,77,6.0,2634.0527173738146,0.3855093517341565,0.11273133157707968,55,0.40921390066469054,0.30451127819548873,0.00015917278067194323
3683,64,6.0,1426.9476100585641,0.3895174607057672,0.08977756190149598,50,0.4127806563039897,0.20238095238095238,0.00013523283684664162
3684,1,7.0,0.0,0.2534521867165426,7.46906156390462e-05,1,0.25806435935970023,0.0,3.201109965273169e-05
3685,148,6.0,17412.856601638865,0.4198141190429108,0.14657351076715067,55,0.4465038990946255,0.13256113256113258,0.0003063790458016073
3686,196,6.0,15546.927000784744,0.4193442191203582,0.28855750583844175,56,0.448767467420371,0.12689691261119834,0.0003632120195432397
3687,109,6.0,7276.7761805261225,0.3967729877896835,0.07459833873510671,45,0.42255979483961476,0.1583418280665987,0.00025267101554947517
3688,109,6.0,9627.83993326668,0.4053847622684743,0.10694315779692812,53,0.4312764955252374,0.14441046551138295,0.00024078189920795462
3689,2,8.0,0.0,0.19981803350693356,7.177796464697266e-07,2,0.20217104426951826,1.0,6.714622848272234e-05
3690,88,6.0,2595.329426671625,0.38901783532860984,0.13816760586521654,55,0.41319150049721726,0.365987460815047,0.0001820410709551791
3691,124,6.0,10230.156607219056,0.4136251461228731,0.1956959349848237,56,0.44000104673684476,0.20744820351429322,0.000242266613840245
3692,264,5.0,71042.64918182741,0.4569522169608265,0.32978262446900375,56,0.48409221751193554,0.08313169720013826,0.0005214651920087712
3693,149,6.0,5930.233673872446,0.4250817593272375,0.2496577769046202,56,0.45135814099549554,0.1968982405224016,0.0002855755521695639
3694,157,5.0,20109.180932636384,0.4307744335475144,0.20246751492771894,55,0.4569555660229679,0.14004572921770372,0.00032825351199078796
3695,89,6.0,11595.289009999957,0.3856260595785905,0.06259063427336131,45,0.4103679279845216,0.11312563840653729,0.0002178085625876399
3696,2,7.0,6368.0,0.281664602865735,0.0006035805652639057,1,0.29022235680267655,0.0,7.261699037001565e-05
3697,179,6.0,13321.293699233769,0.424401945758646,0.27755207626041684,56,0.4525357198932822,0.18642897495449126,0.00032915249842762863
3698,4,6.0,20.254811013796093,0.3306853582554517,0.00483953827277315,4,0.3396948762233447,0.16666666666666666,3.149938585328417e-05
3699,64,6.0,1454.5409327562354,0.3806478603872819,0.0918979707194677,48,0.4033443240697189,0.2777777777777778,0.00013712901380666078
3700,34,6.0,2488.7042721471644,0.3534798534798535,0.017224636345342857,28,0.37170408750717493,0.1319073083778966,0.00011221666293330317
3701,34,6.0,377.56594372898127,0.3636311732800457,0.03940483625233495,33,0.3827654786203841,0.18181818181818182,8.39734329727889e-05
3702,149,5.0,40331.23438428413,0.4179133858267717,0.1952894546127921,56,0.4447061286440042,0.10357337202974787,0.0003513925045850657
3703,91,5.0,4146.2422287601075,0.39898515316669797,0.09527150973775932,49,0.42313026639454415,0.21855921855921856,0.0001989508113851313
3704,217,6.0,45554.03343701263,0.44213814647691774,0.23658527691918332,55,0.46997173810649023,0.09737156511350059,0.00047182212263019045
3705,4,6.0,22.488591069929505,0.2999717407686511,0.001723083687466066,4,0.30952268802009136,0.3333333333333333,3.324645739380299e-05
3706,11,7.0,1279.3206249227724,0.32481640146878826,0.004337229807933292,9,0.3349991401804605,0.05454545454545454,6.135966013463892e-05
3707,67,6.0,3070.756578729649,0.37475728155339805,0.06055619661104596,45,0.3968100696079956,0.25780189959294436,0.00015424713596065876
3708,19,6.0,268.76326240700143,0.3348404395142211,0.008729263123061885,17,0.3487648505782934,0.17543859649122806,6.735673581921233e-05
3709,74,6.0,2241.386000770864,0.39642723764471555,0.10891412994450382,54,0.42022295493800665,0.16142169566827103,0.0001519920062590255
3710,70,6.0,3333.8060060270864,0.3623279098873592,0.036031554150981186,45,0.384479510127161,0.19503105590062111,0.00017921143598815818
3711,135,6.0,11727.456013907746,0.40376569037656906,0.12124941998170488,54,0.4310174281677232,0.15478164731896074,0.0002938596700298593
3712,55,5.0,776.7574801380172,0.3716736694677871,0.05876603974915602,44,0.3927330297796561,0.45925925925925926,0.00012478856760774737
3713,121,6.0,7151.751235129213,0.3724343605637097,0.0493021985270111,45,0.39756110326058225,0.13402203856749312,0.0002892812882876152
3714,16,6.0,95.4784405735839,0.3425298483381736,0.016252324191711538,16,0.3561966818443258,0.375,5.428137337540669e-05
3715,30,6.0,1022.7139506804866,0.3719341275402943,0.038099184882815655,24,0.39145862772805157,0.19540229885057472,8.65562617486643e-05
3716,87,5.0,1936.7813481263079,0.38714971734241077,0.14198409398442471,56,0.41157167530226024,0.19059075113605986,0.00017031335486148767
3717,49,6.0,2106.1932928219394,0.3797400429286907,0.039210772270331526,37,0.4016224420369546,0.19557823129251703,0.00012759022481181892
3718,50,6.0,1521.2457688925822,0.3656772119193891,0.04275225233067068,39,0.3862144763699031,0.2310204081632653,0.0001235879299377061
3719,4,6.0,8.280018151136698,0.3230698995637618,0.004474711622703066,4,0.33231799863921585,0.3333333333333333,3.159047624869411e-05
3720,6,6.0,0.47167651206982764,0.3033146013906086,0.00592183193495527,6,0.31451823938869744,0.9333333333333333,3.47361845446169e-05
3721,8,6.0,6471.374183971861,0.3075028968713789,0.0020369997670457757,7,0.3170827445438723,0.25,7.379955024346359e-05
3722,42,6.0,135.84646392314755,0.3617722238000568,0.0746187228463086,41,0.3810749986915619,0.5934959349593496,9.104392041279862e-05
3723,90,6.0,5942.395684708431,0.3878333942272561,0.08774532407822355,52,0.4122363531690115,0.18401997503121098,0.00019602298656171935
3724,2,6.0,3.5828505615068704,0.2640547263681592,0.00023341804607030623,2,0.271222588580105,0.0,3.1139004233931125e-05
3725,78,6.0,7946.857990084546,0.3687684557929477,0.036008450340321,39,0.39095096038100324,0.1591741591741592,0.00020628136971509575
3726,45,5.0,4673.504057218058,0.3770200674835731,0.04941382017509944,35,0.3978698906160054,0.22727272727272727,0.0001263637192703471
3727,26,7.0,1010.2014695242503,0.34036981616075246,0.010687072529718098,18,0.3551592909105594,0.13846153846153847,9.182088915096885e-05
3728,67,6.0,2475.701204708422,0.4024135970177545,0.10381552787173816,53,0.42560056523790357,0.20985979194934418,0.00014166566122579015
3729,115,6.0,7280.911964104621,0.4084001282462328,0.2047383021588046,56,0.4339482912022178,0.2738367658276125,0.00022626339372166024
3730,194,6.0,34348.65991546725,0.43033783783783786,0.22104577665427416,56,0.45853613858799747,0.13599700870679984,0.00038873113989083065
3731,82,5.0,5459.58882385186,0.3965012762248646,0.11564562613786067,55,0.4205474433453968,0.18337850045167117,0.00017484192554129477
3732,37,6.0,1266.700059709344,0.3682141411805515,0.03943551038921629,31,0.3884178573297638,0.21171171171171171,0.00010123821284943312
3733,39,6.0,796.0850782405896,0.3948298307606472,0.06561095660953989,39,0.4165698435128717,0.18218623481781376,9.398531650225194e-05
3734,8,6.0,91.42157346917085,0.32080793834684934,0.006453184292187704,7,0.33098602606372207,0.5714285714285714,4.327871129374954e-05
3735,4,7.0,10771.41973681604,0.2515999051908035,6.123963377615405e-05,2,0.25642845927820523,0.0,0.00012409632761799632
3736,69,6.0,1679.5406926152355,0.3787689562890277,0.09905318428833516,52,0.4015622546710669,0.22421142369991476,0.00014637704937085964
3737,78,6.0,5905.88400211542,0.39751591561602795,0.08819232316275852,49,0.42162034856338093,0.10922410922410923,0.00018004065046123041
3738,63,6.0,1107.3069997018854,0.36446351931330473,0.05676490150252833,48,0.38551316271522,0.29493087557603687,0.00013824410698186766
3739,136,6.0,5612.924031097519,0.4130350194552529,0.21858801363724614,56,0.43951169728376427,0.22113289760348584,0.00025799184346344525
3740,13,6.0,5373.514442910967,0.33284557094329764,0.007453809950814708,10,0.3440519181451538,0.24358974358974358,8.088903587427458e-05
3741,1,7.0,0.0,0.275261474630478,0.0004533835589443372,1,0.28338492250410074,0.0,2.5780759782581668e-05
3742,40,6.0,1682.8796538276217,0.36550932568149214,0.030516239056233036,32,0.38439053749933105,0.09358974358974359,0.00010578242205139347
3743,149,6.0,18160.327419542955,0.42516688918558077,0.17291934404021012,55,0.45181347150263823,0.1190821694177399,0.00030446288398853675
3744,130,6.0,8985.682691910244,0.40584974192315043,0.1488966379481272,55,0.4328125817763505,0.15217650566487778,0.00026429560465535346
3745,73,6.0,3506.2781411367887,0.3839522546419098,0.04575396543628566,45,0.4074187470560635,0.20966514459665145,0.0001790046504609501
3746,111,6.0,6467.06558540712,0.4048693662195665,0.18089426170696485,56,0.43065630397240273,0.18656838656838656,0.0002204513423941267
3747,68,6.0,11729.342982505086,0.3610748908668292,0.02511018551136751,35,0.3821505207515393,0.12423178226514488,0.00021761912346491573
3748,115,6.0,7479.987839649926,0.3958851317752362,0.16749192717470393,56,0.42185848118493224,0.117162471395881,0.00023031105356046682
3749,20,6.0,13002.345311420768,0.3512380742293057,0.022502950464428982,17,0.3668498456063018,0.16842105263157894,0.00010969164579535285
3750,37,6.0,1682.7852951847794,0.36517401525141907,0.023402601552884313,31,0.3849636258962536,0.13663663663663664,9.994838926506746e-05
3751,144,6.0,11529.365896966365,0.42209556630658096,0.2061987925836546,56,0.44876485057837195,0.1120823620823621,0.0002830235902741249
3752,22,6.0,306.3400994972449,0.3401516769920957,0.015733230918446365,20,0.35463181033126506,0.48484848484848486,6.929736649651244e-05
3753,193,5.0,50508.89457789553,0.4489321209558046,0.24621293181875506,56,0.4736693358455355,0.08020293609671848,0.0004084058628873685
3754,91,6.0,3871.3434953336678,0.3889703187980945,0.0772453758770991,51,0.4141623488773923,0.1811965811965812,0.0001928191072695644
3755,60,6.0,2062.1544251728897,0.3889703187980945,0.08114360285178152,49,0.4121656984351451,0.15141242937853108,0.00013224210717118008
3756,34,6.0,1473.9838571909706,0.33899297423887587,0.021848855151978278,28,0.35410582509025335,0.249554367201426,0.00010225511687219344
3757,18,6.0,218.51570136966268,0.3588573360378634,0.03004296130618808,18,0.3755194431360062,0.4117647058823529,5.796692562026306e-05
3758,17,6.0,89.30112722920396,0.3314080549484858,0.010753366942194713,16,0.34410163814306155,0.49264705882352944,5.871781539486668e-05
3759,60,6.0,382.51449222130236,0.3713269589552239,0.13093671791979541,56,0.39324331396869666,0.603954802259887,0.00011941696906397221
3760,49,6.0,906.8883361353521,0.37650744856940177,0.054037260415145595,43,0.3979771811378034,0.39370748299319724,0.00011175688261290197
3761,133,6.0,13036.69489655206,0.3958851317752362,0.07537517661482937,45,0.42296802219084684,0.1665527455001139,0.0003043933957285195
3762,68,6.0,4617.28013146096,0.3906403336604514,0.09630056021622756,52,0.41398702046372315,0.20632133450395085,0.00014792719567981
3763,20,6.0,928.665105834912,0.356048747763864,0.027076470848090232,18,0.3721437169623518,0.38947368421052636,7.015697832533354e-05
3764,23,6.0,283.64188386571954,0.3609930283965312,0.029351520527507377,23,0.3786125503741913,0.3517786561264822,6.688396491910096e-05
3765,63,6.0,3438.5164564811753,0.36908901251738524,0.046253911292285815,43,0.3910608677447968,0.1827956989247312,0.00015210741698001702
3766,3,7.0,298.7664581189567,0.28068397161870345,0.0008034034545382793,3,0.28932104165265615,0.0,4.1568908966630025e-05
3767,26,6.0,382.54155708342984,0.3702906976744186,0.04062944851933687,25,0.3900612341026767,0.22153846153846155,7.146865763402757e-05
3768,63,6.0,2189.700217183141,0.39085609082540657,0.09017931236157596,49,0.4137802899461119,0.20174091141833078,0.00014526838820233735
3769,15,6.0,188.97918597173958,0.3180842031663587,0.003223630263382907,14,0.3305123776626149,0.12380952380952381,6.0090324519536496e-05
3770,131,6.0,28661.802530881017,0.4143517012556112,0.09917262712707017,52,0.44006123410273223,0.08995889606576629,0.00031457206474221083
3771,86,6.0,2770.1539665744253,0.3907601693355421,0.0869295162997859,53,0.4151645993615099,0.26456908344733243,0.00018321143917119587
3772,86,6.0,5872.533559503342,0.3865388116768829,0.07218164821556838,50,0.4107918563877254,0.22024623803009574,0.00019340922965456453
3773,87,5.0,6481.9218276873935,0.4162473040977714,0.11830487540745317,53,0.4399670277909105,0.156909917134456,0.0001861037760113621
3774,100,6.0,5624.143681681004,0.39576213260423787,0.13206677900874206,55,0.42106034437643225,0.22787878787878788,0.0002057851383118518
3775,85,6.0,3688.030196243953,0.4114341085271318,0.14366602157006514,55,0.43575914586281617,0.19019607843137254,0.00016959009928724136
3776,24,6.0,102.76250357691232,0.34848982271831913,0.022519320814133475,24,0.36454179096663886,0.34420289855072467,6.72777845391651e-05
3777,92,5.0,13470.962966564008,0.3856027123569655,0.10937609305829687,54,0.40995970063328896,0.14190157668418538,0.0002157627403074988
3778,62,6.0,2239.183041061279,0.3954426921644108,0.0842327251841853,50,0.4185795781650947,0.22580645161290322,0.000138978244954931
3779,4,6.0,29.09456166275468,0.32096961144988156,0.004829914559923413,4,0.3310592976395841,0.0,3.2886228787506914e-05
3780,74,6.0,2955.9653805565345,0.39948566769114974,0.09119571158536005,49,0.42274035693727746,0.31210662717512033,0.00016290394677930903
3781,149,6.0,7283.243947790428,0.4245716952203186,0.24347590729311563,56,0.4505783220809631,0.2764375113368402,0.0002826357182436929
3782,160,6.0,6651.368248261861,0.4289755506162861,0.31193939472327736,56,0.4552127492542468,0.219811320754717,0.0002927723899286314
3783,26,6.0,9883.904392139166,0.3630714855774712,0.029855684053431086,20,0.3807897629140996,0.24307692307692308,0.00010026227481458282
3784,92,6.0,3659.016041123887,0.40142442959788227,0.10468985398508508,52,0.42614748521487483,0.17606306736741517,0.00019250063801615325
3785,79,6.0,4023.4193741596214,0.36953872932985204,0.1202818437207875,56,0.39217040875071185,0.45731905225576114,0.00016728216828733013
3786,18,6.0,1222.3473811873791,0.33734110169491527,0.0155587263549793,15,0.3512325325796537,0.40522875816993464,6.838019003887673e-05
3787,21,6.0,489.7754494766325,0.34708446866485015,0.021375981334211362,20,0.3617025174019774,0.4238095238095238,6.918817291274558e-05
3788,132,6.0,11732.774039705699,0.40937138449672195,0.15081046366419915,55,0.4359161563825196,0.19083969465648856,0.0002653585719164295
3789,17,6.0,586.9458482479666,0.33426052272488715,0.0114320598647851,15,0.3470037159156042,0.29411764705882354,6.40799686581754e-05
3790,46,6.0,3389.555663176046,0.3562479024499385,0.02165416965396402,33,0.37537289998427914,0.15555555555555556,0.00013483886717024913
3791,5,6.0,0.0,0.3150163220892274,0.004217590652484848,5,0.3243942010781184,1.0,3.276022451805143e-05
3792,108,6.0,6927.8351216023375,0.3712620227338968,0.04570663559850391,45,0.3955644528183341,0.17566632052613362,0.0002670925706986986
3793,19,6.0,302.80071162587626,0.3418312580506655,0.010782715073354245,19,0.35591667975085134,0.26900584795321636,6.355979626454253e-05
3794,109,6.0,10074.594303839678,0.39162516140933407,0.06179599773064799,45,0.41765321609883305,0.14865783214407066,0.0002613315052684179
3795,25,5.0,1159.2485273053198,0.3674281758393908,0.034018563233077496,23,0.38591092269847493,0.13333333333333333,7.356070506241094e-05
3796,233,6.0,33487.06113238607,0.43677136195309285,0.24742267637174434,56,0.46603862458788936,0.10415125055498002,0.00045738400157998275
3797,23,6.0,550.4879293268295,0.33268909318846634,0.005495454235730305,21,0.34568482755008384,0.15810276679841898,7.910124627345131e-05
3798,37,6.0,738.9499703255065,0.36622390891840606,0.05432376718758467,33,0.3857329774428085,0.21921921921921922,9.138190000379896e-05
3799,40,6.0,1704.7085293017747,0.363237139272271,0.04167814901459457,33,0.38268959020252674,0.14615384615384616,0.00010531070072825887
3800,95,6.0,4121.7705637660865,0.40613442162989416,0.1265695971114931,55,0.4311482702674789,0.18208286674132138,0.00019460658275860981
3801,65,6.0,1438.218717028694,0.37679701828077855,0.07421261576704913,52,0.398791018998274,0.29903846153846153,0.000137522369728362
3802,144,6.0,15517.18033424834,0.3993604213694507,0.08617482689790316,45,0.42730936306068956,0.12092074592074593,0.00032363594810639034
3803,64,6.0,743.0736939231078,0.3755970985433744,0.08427077816875056,52,0.39763175799445194,0.30456349206349204,0.0001340988878834539
3804,55,6.0,841.5581361778333,0.3677676406051507,0.06837786993721212,45,0.3889595436227453,0.23905723905723905,0.00012280995317874425
3805,14,6.0,99.52468723476233,0.3293515358361775,0.007574430993770792,14,0.34086722143714127,0.5164835164835165,5.169923165418536e-05
3806,52,6.0,2013.8843309363392,0.3729359409766952,0.054571756959589435,41,0.39396817920133564,0.1546003016591252,0.00012808370249948797
3807,9,6.0,15.273463091665977,0.3214880621876735,0.009159046921990231,9,0.333948291202155,0.3888888888888889,4.063331445967031e-05
3808,11,6.0,39.73917450018051,0.33426052272488715,0.009833406906397228,11,0.3465850211963915,0.6,4.6189458183025226e-05
3809,7,6.0,43.875753570843685,0.30537974683544306,0.002753351675677112,7,0.31547076987490486,0.09523809523809523,4.100972911184335e-05
3810,29,6.0,407.41402641378824,0.3549573649891323,0.025377610669374148,28,0.37153660961949264,0.4458128078817734,8.021094009588683e-05
3811,119,6.0,7672.024149889054,0.4147834581569521,0.1677281977837899,56,0.440589836185739,0.193989460190856,0.0002344821670040462
3812,31,6.0,972.5736453024564,0.3565470525667581,0.020980824907659967,27,0.37465326843563224,0.21720430107526884,8.947477416790776e-05
3813,118,6.0,10110.243832525332,0.39913517578492197,0.10720889340822247,51,0.4253624326163487,0.18586121975952485,0.00024693495716199417
3814,259,5.0,55113.54664485996,0.4436472555029256,0.2688585350375865,56,0.4733893337520651,0.08308640866780402,0.0005220924454336418
3815,85,6.0,2423.3796079414883,0.3994606121424987,0.1232943419878986,55,0.42389961794109837,0.24873949579831933,0.00017314385616241031
3816,135,5.0,18822.544467862303,0.4143517012556112,0.14181447285038862,54,0.4407389961794583,0.14438916528468768,0.0002928306846173443
3817,58,6.0,8695.75062192324,0.3791522800333373,0.06349000634360762,45,0.40138430941540165,0.2589231699939504,0.0001492999663513739
3818,69,6.0,1528.500623455348,0.3738773114176695,0.10788389146810959,53,0.3961637096352098,0.33375959079283885,0.00014420546481707416
3819,141,6.0,8120.027869338282,0.41284760484864197,0.16162645456758173,55,0.4397969330612279,0.18014184397163122,0.00028295993075236293
3820,114,5.0,7953.283940787007,0.37433877982837666,0.047714903623878244,45,0.39974093264248656,0.13414066138798322,0.00027593741211408615
3821,100,6.0,6994.6900677051235,0.39424326833797585,0.07779759705540792,45,0.41976762443086096,0.14545454545454545,0.00023023177811609444
3822,161,6.0,14326.787945368511,0.4145135047185161,0.18836927974804202,56,0.4425681687340203,0.15892857142857142,0.00031053766639177927
3823,36,6.0,280.9445550362179,0.36840583063396576,0.04335293474505963,34,0.3883105668079656,0.3793650793650794,8.886048274923731e-05
3824,30,6.0,497.51405431285775,0.35485848005348786,0.030989955404837462,28,0.37167791908722664,0.22988505747126436,8.097794253687324e-05
3825,5,6.0,1.532316803190366,0.3110470795077164,0.0029764949916234393,5,0.32086146438476587,0.8,3.334376942529739e-05
3826,7,7.0,70.54773136615492,0.2854901609216011,0.0006982978263597605,6,0.295118842010039,0.7142857142857143,4.946253589276941e-05
3827,97,6.0,5843.693093398753,0.4030757546990697,0.13364013338367497,55,0.42821217354899527,0.16194158075601375,0.00020426696468361447
3828,12,6.0,6383.871908348233,0.3429725363489499,0.01812748424832953,11,0.35639817867794726,0.4696969696969697,6.715104716981059e-05
3829,32,6.0,693.3804287725552,0.35579017931959106,0.033007022400802055,29,0.3730596116606292,0.30443548387096775,8.337399506728366e-05
3830,59,6.0,3776.577035291772,0.38307470227354745,0.05149296149534266,42,0.4057753702831515,0.08591466978375219,0.00014273367677062647
3831,144,6.0,12917.2693921339,0.40094428706326724,0.1485624989327723,56,0.4286204009002266,0.10965423465423466,0.00029993807890350496
3832,93,6.0,7644.572160230897,0.40112104799093085,0.11535351056115917,53,0.4257758936515731,0.1482000935016363,0.00020425718552841317
3833,80,6.0,4121.1403039441675,0.37057078024087975,0.03746648139982806,45,0.393497147642219,0.1322784810126582,0.00019643449845899445
3834,52,6.0,4147.282996093883,0.3735483870967742,0.045054776506037966,38,0.39441042549850486,0.14102564102564102,0.00013775994235276567
3835,37,6.0,319.85278793325614,0.371132218402191,0.0493923044865682,36,0.3914847961480018,0.4534534534534534,8.956822973080798e-05
3836,44,6.0,1110.803910940353,0.35680672268907565,0.03126151170013648,35,0.3755874810278763,0.14904862579281183,0.00011456693967404475
3837,80,6.0,2096.7906345202623,0.37418483050349566,0.06548519110485607,51,0.39705343591353776,0.2762658227848101,0.00017499011961249797
3838,52,5.0,2978.486276843831,0.38137724550898205,0.053327551988087196,41,0.403106191448167,0.2171945701357466,0.0001295889376880414
3839,199,5.0,14763.839544250475,0.4329707681849082,0.37619144278925803,56,0.4611634479510561,0.20273082584640373,0.0003586182257678721
3840,9,6.0,34.49028759796401,0.3069101773323053,0.0020197117015568985,9,0.31876799078870505,0.16666666666666666,4.718243582401905e-05
3841,65,6.0,2220.727391544661,0.35553198615607906,0.034972869590431235,41,0.37574449154758044,0.2201923076923077,0.0001574173065612589
3842,28,6.0,720.9089615984766,0.3449788755281118,0.014668860346934431,23,0.36064269639396734,0.2804232804232804,8.80703133814536e-05
3843,17,6.0,171.59392066058646,0.33391003460207613,0.010141273515306658,16,0.3468833411838311,0.3235294117647059,6.262039848157935e-05
3844,146,5.0,12560.243056691057,0.4112481436043133,0.1767306222077755,56,0.43809075208043374,0.11809163911195088,0.0003036609753788804
3845,63,6.0,3728.1983333037188,0.37775800711743773,0.04432666612569427,43,0.399856073690273,0.2345110087045571,0.00015125228092568196
3846,17,6.0,110.17076947653854,0.341153784348385,0.014205121941737965,17,0.3551944313602085,0.3382352941176471,5.560215846706077e-05
3847,88,6.0,2447.675250108394,0.37433877982837666,0.12187845229775345,56,0.3981106400795508,0.2776907001044932,0.00017981401879534948
3848,157,6.0,7205.483417307473,0.42553617959510925,0.2663729268202267,56,0.4525697388392163,0.13114486362894007,0.0002907897744415361
3849,164,6.0,6508.983581699334,0.3935854653318502,0.2734788176110041,56,0.42228502643012883,0.23806673649558582,0.0003020806341151924
3850,8,6.0,148.13291473682898,0.30853073681150994,0.0019415579662254905,7,0.31875490657872807,0.21428571428571427,4.908900785956584e-05
3851,64,6.0,3166.5656818296216,0.37590745440594936,0.04495524117312514,43,0.3980242842937144,0.23412698412698413,0.00015226426352596978
3852,7,7.0,197.3678131360095,0.31358936484490396,0.0028672038136126577,7,0.3231945659406617,0.14285714285714285,4.390125234455283e-05
3853,36,6.0,1177.447039843922,0.3643801132787917,0.040356746132540706,31,0.3829512744020363,0.2507936507936508,9.66000524268668e-05
3854,102,6.0,13758.947666823906,0.3916733288235656,0.08375062647612838,49,0.417137698225802,0.1271597748010095,0.00024207671720465263
3855,86,6.0,4312.169094855521,0.3934638907765491,0.08070225652427622,51,0.4178102266185394,0.1630642954856361,0.00018629465366869384
3856,35,6.0,1698.2214350242612,0.3433793400905758,0.01494912302711299,29,0.3606296121839891,0.17142857142857143,0.00010332459152009417
3857,34,6.0,325.5647332775291,0.3572269897358237,0.03951011148590609,33,0.3753048620924081,0.26737967914438504,8.411543816810968e-05
3858,25,6.0,545.0188465705061,0.35964763679485007,0.026048442626369166,24,0.3770476788611331,0.20333333333333334,7.346747024691878e-05
3859,28,6.0,5201.717423908655,0.35156767498344005,0.024550246085459984,26,0.368862197100517,0.30158730158730157,9.080876910088513e-05
3860,20,6.0,456.2929642015481,0.3486806087813424,0.015150686195992342,19,0.3632412204950859,0.06842105263157895,6.584922718966203e-05
3861,26,7.0,648.6964920856639,0.32402319902319904,0.005298137630800619,20,0.33764215059549396,0.27692307692307694,9.3442274656813e-05
3862,40,6.0,981.3027597386414,0.3812174537618962,0.051392151039151186,36,0.402080389386095,0.24743589743589745,9.819580112413736e-05
3863,21,6.0,1046.1886787300266,0.3442888804800259,0.01136007808710723,18,0.3584026796461797,0.16666666666666669,7.897483851971537e-05
3864,71,6.0,3930.085118796132,0.3744708372530574,0.040858308989494475,42,0.39711100643742975,0.20482897384305834,0.00017854593862967277
3865,48,6.0,2061.985112370354,0.3867265772056591,0.05179636954540788,37,0.4086800648976949,0.2473404255319149,0.00012135554614701232
3866,120,6.0,6092.014918602055,0.40180430256766136,0.1312887771727568,55,0.428136285131137,0.24145658263305322,0.00025192029865973777
3867,76,5.0,6950.335833424932,0.3923005851555282,0.08033719654749129,48,0.41591563301409945,0.24105263157894735,0.00018280075909044287
3868,93,6.0,3693.0501105039675,0.3967482713511493,0.1179579512305041,55,0.4215235254095624,0.16316035530621786,0.0001924025632815286
3869,97,6.0,1062.0869756956474,0.386750060723828,0.1535810045277715,56,0.4116056942481961,0.5253436426116839,0.00018593735230185612
3870,76,6.0,5088.87121400798,0.36521589540684674,0.0346374126646597,42,0.3874757942115318,0.26,0.0002021205805165165
3871,82,6.0,5783.44580810813,0.4042782785324362,0.09550388187434067,51,0.42855759669234694,0.1074977416440831,0.0001757391058300409
3872,25,6.0,772.8046705883442,0.34552161883578364,0.012098531972371087,22,0.361147746899018,0.18999999999999997,8.173804667600561e-05
3873,44,6.0,926.6940630797108,0.3686830680173661,0.06132774197353869,40,0.3893180509760722,0.18076109936575052,0.00010227254619113342
3874,21,6.0,260.58231201316755,0.3562279769562056,0.028671644027364076,20,0.37272465588525916,0.17142857142857143,6.465472294156956e-05
3875,187,6.0,9205.898852132214,0.42056259904912835,0.30591658263095617,56,0.44944784633909063,0.18158817779311137,0.00033352515832257195
3876,79,6.0,3000.2544937510747,0.4002387984666625,0.10698227621406063,52,0.4241403674046465,0.19117169750081142,0.00016643009840424736
3877,23,6.0,305.9633453774136,0.34194137227531407,0.012503967568288461,21,0.35808604176477016,0.2608695652173913,7.351818068525846e-05
3878,233,6.0,50633.26567128917,0.45160604126781534,0.30302988676395115,56,0.4783822682786727,0.09260766612401952,0.0004537666794265907
3879,35,6.0,3797.0453415258235,0.3647975256314795,0.027433349777961535,22,0.3841393206678026,0.07563025210084034,0.00011279529630636926
3880,72,6.0,6206.0582152087245,0.35798999494126243,0.028903583770395373,42,0.37906003035534813,0.15492957746478872,0.00019966394764037103
3881,120,6.0,11227.286597868506,0.4145944538471553,0.1294971756563099,55,0.4407834824933748,0.11554621848739496,0.00025150775034686525
3882,95,6.0,6071.903313463947,0.3693672794757293,0.04469226126780918,45,0.3930313497670935,0.18230683090705488,0.0002344123153390993
3883,111,6.0,6668.092175143854,0.3853227660475528,0.13415709636225048,56,0.4108546605956066,0.2036036036036036,0.00023281058348037484
3884,42,6.0,960.5153180310607,0.3538529918328796,0.055008857739789155,38,0.3724027843198619,0.4506387921022067,0.00010195631637020244
3885,47,6.0,1180.453744270986,0.3657192075796727,0.04110965173586515,38,0.38562830376300483,0.2608695652173913,0.00011647070059539318
3886,6,6.0,168.65186298658617,0.31402228577063407,0.00514800695420088,5,0.3251164494687612,0.33333333333333337,3.9602204711317855e-05
3887,170,5.0,24038.322487733367,0.4228522108617713,0.23737137453992027,56,0.4507405662846578,0.1868430212321615,0.0003390978758134775
3888,22,6.0,87.10684613010852,0.3379496975485514,0.015709460323715122,21,0.35185795781647905,0.5800865800865801,6.731761504280311e-05
3889,160,6.0,5823.370224940531,0.41204632205473246,0.29788274637556084,56,0.44038833935211574,0.24457547169811322,0.0002865883747561618
3890,71,5.0,1261.8637500904788,0.3808982716344716,0.11938802603655765,54,0.4039959177264944,0.34849094567404426,0.00014812249840502533
3891,108,6.0,10665.803321166368,0.4145404842488935,0.12780778152305855,53,0.43980216674521916,0.09882312218760818,0.00023380399266523306
3892,45,6.0,2224.164336336875,0.36218367927210693,0.03423168266143749,33,0.3815983670905782,0.25757575757575757,0.00012391302774136893
3893,127,6.0,4008.4245148980044,0.3985108246777625,0.21179053476649046,56,0.4254121526142548,0.2262217222847144,0.00023812776386696442
3894,25,6.0,702.9113174853533,0.3374125874125874,0.012451609154356795,21,0.3516878630867979,0.25666666666666665,8.177052539219734e-05
3895,69,6.0,11244.274948151911,0.38055688336520077,0.06172136609046499,44,0.40304600408227964,0.2071611253196931,0.00018522181712055916
3896,58,6.0,2059.6762856699834,0.3690462394251941,0.058652634856881096,45,0.3903360025121592,0.23714458560193588,0.00013797173096435951
3897,15,6.0,233.05241843646095,0.3347524440239672,0.007599680251120709,15,0.34755586957656603,0.19047619047619047,5.730925387069927e-05
3898,105,6.0,6168.396350770731,0.4055138163759073,0.10768097215423147,52,0.43082378186008835,0.15714285714285714,0.00022843460488405982
3899,1,7.0,0.0,0.25994857352761114,0.000168135506502831,1,0.26589881045839786,0.0,2.8209775637147223e-05
3900,30,6.0,888.8615710306964,0.35462138084632516,0.0297017135980212,28,0.3714162348877186,0.32873563218390806,8.396213234353115e-05
3901,50,6.0,743.634420716246,0.36812900988382175,0.05350342259906461,44,0.3881378552362899,0.32163265306122446,0.0001161814407773943
3902,204,6.0,17551.26964925557,0.431357941076871,0.28444341088792513,56,0.46002773852519263,0.13952477542741235,0.0003865180495436238
3903,6,6.0,6.143498664133598,0.343712898003238,0.012142060537568698,6,0.35699220181083086,0.2,3.3965497318195655e-05
3904,181,6.0,25448.970182172277,0.4243453927643414,0.1934632586747125,55,0.45284974093269104,0.1143646408839779,0.00037517411859794726
3905,37,6.0,1814.5464966457837,0.364818421354107,0.035168191381324036,30,0.3845737164389861,0.12312312312312312,0.00010290806111360135
3906,15,6.0,4947.198791370059,0.3419230149782574,0.008488910256910804,13,0.35450620191550497,0.419047619047619,0.00010150126294145695
3907,42,6.0,2431.0191937878117,0.36964596633778296,0.03278663250903982,33,0.3892107604542748,0.13937282229965156,0.00011497534449311508
3908,77,6.0,5380.523703696437,0.3928329118608524,0.09155461947119227,52,0.41666143298269803,0.26452494873547505,0.00016845273012688122
3909,104,5.0,3033.542232280817,0.40213410784189924,0.16150776978123166,56,0.42742973779246524,0.19548170276325616,0.00020302124869416656
3910,12,6.0,124.98778579695619,0.32936856803020115,0.007339354093330674,11,0.34087507196312844,0.696969696969697,5.632727716358333e-05
3911,51,6.0,789.8020837666614,0.3749117023781493,0.06888318800875619,45,0.3965902548804089,0.17725490196078433,0.00011290149188086397
3912,27,6.0,353.0459221020659,0.335829158977063,0.009326899286984628,24,0.3511697283717717,0.10541310541310542,8.425110514009021e-05
3913,4,8.0,0.0,0.20631681243926142,1.4488667093559155e-06,4,0.2096484833531767,1.0,9.699685433753652e-05
3914,28,6.0,3189.8573909799197,0.3442330558858502,0.01068695326931816,24,0.3595357722300484,0.09788359788359788,9.51213302780645e-05
3915,53,6.0,1644.8226510614886,0.376953125,0.049909375649094145,40,0.39862092426859386,0.1676342525399129,0.0001277340521725153
3916,8,7.0,4.118366542440891,0.2931780519241392,0.0011805771704367998,8,0.3035080636116898,0.6785714285714286,4.487810314153488e-05
3917,28,6.0,218.5599370026423,0.3509284258085845,0.026439537623931964,27,0.3669231171821641,0.3994708994708995,7.594097349355518e-05
3918,207,6.0,14674.484902110358,0.3895889405431857,0.09502531894703506,45,0.4210865127963785,0.15397964448196613,0.0004591019534066026
3919,52,6.0,459.1226954706864,0.3587360594795539,0.07246871173148187,47,0.37767572093995233,0.43288084464555054,0.0001110241671482965
3920,156,6.0,4511.567506460682,0.40463786531130874,0.27540494974054236,56,0.43262678599469895,0.2893300248138958,0.000284489293037911
3921,35,6.0,622.789967876031,0.38030692064250315,0.05689957550299606,34,0.40093159575025356,0.3949579831932773,8.547111475721956e-05
3922,32,6.0,719.370602930347,0.3459157071475125,0.011128082391802102,25,0.36200083738941463,0.1431451612903226,9.911760339438066e-05
3923,56,5.0,2875.6673513560504,0.3835822693326909,0.06061106389301563,38,0.4055006018736684,0.13376623376623376,0.00014013359578786847
3924,170,6.0,73279.130334534,0.4270484108890975,0.10173225165612806,45,0.4546108755953782,0.05645666550643926,0.00043700227445849584
3925,15,6.0,912.0945471436626,0.33823685608072224,0.015320564471673986,14,0.35163029256290723,0.2571428571428572,5.6466933013980404e-05
3926,93,6.0,1513.653408275673,0.38665614375910634,0.16271386501864743,56,0.41160307740620083,0.3172043010752688,0.00017683063164038832
3927,13,6.0,210.30596923593737,0.31392941640378547,0.003453590895490089,12,0.32800020934734037,0.16666666666666666,5.7192332171454057e-05
3928,26,6.0,587.7164123618057,0.3425482708546227,0.011046650698519215,23,0.3586748312136641,0.09846153846153846,8.381786064842251e-05
3929,101,5.0,2081.1731865891106,0.39273601775914163,0.1537169885988822,56,0.41772125399070603,0.18554455445544554,0.0001906934564172529
3930,157,6.0,7654.39272386541,0.42189984101748806,0.27300631437271455,56,0.4487020463704922,0.2163155316021558,0.0002926118997069619
3931,25,6.0,188.23735992380392,0.3389027829510988,0.012019063498170822,24,0.3537420840529366,0.2833333333333333,7.589552740655471e-05
3932,30,6.0,539.6264152222584,0.3524821517516188,0.02684427509460873,26,0.3696027633851259,0.25057471264367814,8.425044608900067e-05
3933,33,6.0,1672.9827334326815,0.3534994727202087,0.018192725321279777,26,0.36959491285914337,0.2159090909090909,0.00010223450352443288
3934,3,7.0,2.7633787493540574,0.2999858697188074,0.0019356776437415928,3,0.3087443644438399,0.3333333333333333,3.0365453807307587e-05
3935,52,6.0,1753.0456189754038,0.36973180076628354,0.03363448740400565,36,0.39114198984664494,0.18401206636500755,0.0001359345674797515
3936,43,6.0,2497.8878215407576,0.35995252628009494,0.024220932442629326,33,0.3794761082325664,0.2159468438538206,0.00012357843987823367
3937,64,6.0,2729.2633508598137,0.38889906576296024,0.07412520703949053,48,0.41154812372430594,0.11210317460317461,0.0001429790031742326
3938,215,6.0,28281.745787624903,0.4003142677561282,0.09331522895716438,45,0.43171874182240266,0.12845033688328625,0.0005003287442783727
3939,118,6.0,4782.422354635591,0.4117266791647812,0.17437439337647404,56,0.4377400952530931,0.19918875851079243,0.0002274899280535392
3940,116,6.0,5788.793675308565,0.40785092213114754,0.13346080765423057,55,0.43368922384470426,0.21829085457271363,0.00024380732830569236
3941,23,6.0,392.196987821773,0.3523456516928524,0.018391594107778072,23,0.3679463024022415,0.16205533596837943,6.928403908313619e-05
3942,85,6.0,5574.757072194139,0.3928329118608524,0.1083969988183578,53,0.4170591929659505,0.15294117647058825,0.00018407792409962312
3943,50,6.0,975.3665582864714,0.3678313600924054,0.048814242927159864,41,0.38804626576646184,0.4097959183673469,0.00011683773904797026
3944,83,6.0,8982.013571503898,0.39160108214461387,0.08169219175567936,50,0.41576123933638914,0.12606523655598004,0.00019615851336311717
3945,28,6.0,476.1265489961282,0.3363079522652867,0.010301336560895994,24,0.3519757157062559,0.3412698412698412,8.956576854144865e-05
3946,100,6.0,17180.4225150243,0.4004904734955669,0.0873273806414395,51,0.42564243470982344,0.18424242424242424,0.00024470755790532864
3947,30,6.0,49.23489477857028,0.3351223362273086,0.0382429423574553,30,0.34939812634110384,0.6804597701149425,7.553129990102635e-05
3948,108,5.0,10502.584875099212,0.4147834581569521,0.11912767304486051,53,0.4396399225415243,0.1157840083073728,0.00022780841643252518
3949,183,6.0,10493.897829718619,0.4221515211771724,0.31720789602468386,56,0.4510231852201266,0.14994295322164175,0.00033136113951940917
3950,145,6.0,16613.769482353062,0.419592858554582,0.19579798906001988,56,0.4461846443712257,0.15057471264367817,0.00028750251496223033
3951,37,6.0,2843.750318564618,0.3647557413664739,0.026993702553513313,30,0.38367352279267825,0.10960960960960961,0.00010702944767825189
3952,68,6.0,2031.5032843555318,0.3838365575845236,0.07197066023846838,46,0.40696341654891915,0.17032484635645304,0.00015190834268334283
3953,59,6.0,2047.5901255274225,0.3653625516291877,0.033196608031297606,42,0.38623802794785844,0.23787258912916423,0.00015145054434117833
3954,7,6.0,116.09299770581868,0.3071321791966051,0.0014813582427514267,5,0.31683937823833014,0.5238095238095238,5.253178582279967e-05
3955,39,6.0,1302.1696594876717,0.379604243652402,0.05579347091250622,37,0.40081383786047425,0.20512820512820512,9.384612732764633e-05
3956,45,6.0,3394.7720775818793,0.3629473444267153,0.029105378488037098,33,0.3828753859841771,0.10505050505050505,0.00012419875520930357
3957,4,6.0,92.9984960921734,0.2959434970493936,0.0010849506823267811,3,0.3052075155702067,0.3333333333333333,4.142330731292421e-05
3958,28,6.0,1402.7108734723336,0.36582423894313615,0.029424468855936865,24,0.3845972680169428,0.13756613756613756,8.412989767065177e-05
3959,27,7.0,4234.197152367912,0.34168454935622317,0.010264422562221227,22,0.35714809082682075,0.1566951566951567,0.00010396915953997138
3960,69,6.0,3801.652247796514,0.3782291109923392,0.06801046468912152,45,0.400646359972788,0.16922421142369992,0.00016276093311560428
3961,118,6.0,6450.036910221937,0.38932697597652666,0.08272972475192354,45,0.4157089024964858,0.16036505867014342,0.00025908981612836633
3962,16,6.0,203.01759107130482,0.32673267326732675,0.005097631980426327,15,0.3395535667556136,0.16666666666666666,6.301736101364183e-05
3963,35,6.0,472.2037312490236,0.33764512537772357,0.010628008054056578,28,0.3538336735227625,0.22352941176470587,0.00010279997101322798
3964,9,6.0,33.905603244857126,0.3316669270426496,0.007524257215621457,9,0.3424948971580815,0.3333333333333333,4.2442087850589614e-05
3965,6,7.0,2348.7523044322393,0.25263784212614043,6.471652285046419e-05,4,0.25762958975394656,0.6666666666666667,0.00013686487857587088
3966,67,6.0,5653.173934383971,0.39407251577775027,0.06423043371746387,43,0.4170016224420597,0.11216644052464948,0.00016721175693446518
3967,59,6.0,3888.2784748427393,0.38588306573765524,0.06632169959300119,44,0.4080886586068059,0.1712448860315605,0.0001393396433572843
3968,108,6.0,3618.6610780107385,0.4083739420364196,0.13009512573973847,54,0.4338252996284488,0.2834890965732087,0.00021941605541046655
3969,33,6.0,456.67771653165084,0.34561536791838504,0.02160512273644826,30,0.36117391531897014,0.29734848484848486,8.760682366125953e-05
3970,91,6.0,1599.818751761124,0.38686752110793904,0.14724125620774753,56,0.4115507405662994,0.2537240537240537,0.00017593726140250997
3971,66,6.0,2243.003359821079,0.37341697936210133,0.042537237110580245,44,0.3954466949285571,0.2601398601398602,0.00016328123370271626
3972,154,6.0,13280.537968854494,0.41887536994409735,0.2095893453748866,56,0.4462710001570633,0.13496307613954672,0.0003032749464339393
3973,51,6.0,2203.510234781565,0.3800119331742243,0.04439727930320152,39,0.40174543361072357,0.1427450980392157,0.0001273858830805982
3974,56,6.0,1781.7940184425279,0.3658452524556264,0.05217817433960178,40,0.38651279635734237,0.17272727272727273,0.0001323810697774014
3975,102,6.0,2084.56160947227,0.38842471183753124,0.16896081152774414,56,0.4139556183597805,0.27781013395457194,0.0001912401812891105
3976,45,6.0,6698.426911553907,0.3640884925398731,0.049216239801789706,42,0.38428324697753147,0.32626262626262625,0.00012369363283918302
3977,57,6.0,1428.4504900206234,0.3948787897575795,0.08883124537000722,46,0.41756947715499293,0.22180451127819548,0.00012719942105120298
3978,17,7.0,585.1844477817773,0.32375965839772264,0.0051828293133012,15,0.33574232330706444,0.3897058823529412,7.191139827138351e-05
3979,27,6.0,549.8729529273666,0.3703337597395046,0.029741078483168232,27,0.3893259015020588,0.21367521367521367,7.53468747441729e-05
3980,128,6.0,13267.854144680125,0.41106234671485736,0.14152001994113764,53,0.43718794159213054,0.11478838582677166,0.0002802026533918242
3981,3,6.0,1164.9956262366602,0.32402319902319904,0.003057573090783929,3,0.33205369759771314,0.0,3.668211203901492e-05
3982,18,6.0,47.06416685648524,0.34948419666374014,0.023631042468191192,18,0.3650913277856063,0.6405228758169935,5.62207720249261e-05
3983,192,6.0,16567.281067784854,0.4281968535699879,0.2422300338539809,56,0.4563720102580682,0.14076134380453753,0.00036721404326035335
3984,111,5.0,10560.675009537279,0.41529733959311427,0.11596015713742162,52,0.44073637933746374,0.13644553644553645,0.00024169687699243005
3985,99,6.0,4527.5467469137475,0.4039449483097609,0.11482019719340598,55,0.4290469461454269,0.23768295196866626,0.0002099702310402374
3986,91,5.0,3193.008176251362,0.39152886211348126,0.09417414892531631,53,0.4159365677500595,0.23614163614163614,0.00019172326620433912
3987,141,5.0,11642.84923217438,0.40028910816416313,0.1679541378201586,56,0.4276102998901246,0.13566362715298885,0.00028047755098104465
3988,62,6.0,1601.1404867597776,0.37976268558821774,0.06950290064138138,47,0.4022845030617101,0.21787414066631414,0.0001386342793277748
3989,212,5.0,32894.17746188169,0.4403346238938053,0.2700643256798585,56,0.4679567697702803,0.11383349727264598,0.0004199632411989754
3990,99,6.0,3820.282006071539,0.3888041023136561,0.10128402065380389,53,0.41380907520805615,0.2442795299938157,0.0002014919747927736
3991,137,6.0,7646.429973845714,0.41316899124229645,0.2008879246555347,56,0.43967655832945446,0.26964362387290686,0.0002711749301047079
3992,214,6.0,25733.976633944974,0.4337078651685393,0.27763471616513985,56,0.462780656304015,0.10960466850949936,0.00041318052997939915
3993,226,5.0,35497.29331254193,0.45227950575202386,0.3575733007576892,56,0.47845553985453465,0.11004916420845624,0.00042511743630411353
3994,22,6.0,184.62013658777923,0.33519288458502183,0.02768525545309838,21,0.34830952007114935,0.7662337662337662,6.634681497502656e-05
3995,16,6.0,1343.7050525876753,0.34067932602300083,0.007737016728951991,13,0.35366096195109276,0.23333333333333334,7.434285257640477e-05
3996,25,6.0,198.75964068791393,0.360829414764036,0.0325309707978542,24,0.3784110535405704,0.48,6.983294040133222e-05
3997,100,5.0,10123.234456199114,0.40636763861417724,0.12062665579516414,52,0.43106453132363654,0.12666666666666665,0.00022443606986209352
3998,5,7.0,3.393659735757657,0.2717034256217738,0.00032359005156331873,5,0.28067387419719675,0.9,4.79416842766685e-05
3999,45,6.0,1265.1714172280172,0.3656982085438677,0.040980167041271,35,0.3858088658606653,0.2191919191919192,0.00011240598911134241
4000,17,6.0,331.82760009556125,0.3309259066819079,0.006766364702066525,16,0.3441199560370265,0.4338235294117647,6.839111399213237e-05
4001,96,6.0,3836.0011032071934,0.4010200226671704,0.15525922555521102,56,0.42602187679911063,0.25285087719298244,0.00018834296585535658
4002,17,6.0,764.629738655836,0.33805732484076434,0.014959453192975602,16,0.35181347150256237,0.2867647058823529,6.359120471771829e-05
4003,20,6.0,256.9271478977918,0.3384345608161964,0.013721928083130774,18,0.35228711990367234,0.2578947368421053,6.658779145013692e-05
4004,46,6.0,872.2261137087726,0.38483383685800604,0.08400014296882333,42,0.40628827131418893,0.23478260869565218,0.0001040911286448107
4005,91,6.0,4354.688861995031,0.3812630948817719,0.07108954585425362,47,0.4052729366200945,0.17924297924297924,0.0002091942538980799
4006,183,6.0,22652.005902580404,0.4058238817382439,0.11878150972628283,45,0.4360312974303008,0.11763646189875698,0.00040087040955193376
4007,11,7.0,11.00345427795408,0.32641451414514144,0.009490409713554039,11,0.33651429169561203,0.8,4.594921690471048e-05
4008,23,6.0,297.9944048992449,0.34177622752884357,0.021463484205931697,22,0.3568325744491283,0.2411067193675889,6.955866341712004e-05
4009,66,6.0,3228.585900802639,0.3818803213814606,0.06016703715430413,47,0.40492489663474907,0.18461538461538463,0.00015428855025826288
4010,8,6.0,567.7071721320756,0.31133597301657134,0.0017663423711298547,6,0.3209478201706031,0.17857142857142858,5.893650997835812e-05
4011,8,6.0,71.28403249759384,0.33263696662662556,0.00720521628377054,8,0.34334013712249173,0.35714285714285715,3.979180336376871e-05
4012,46,6.0,1005.1776555130667,0.37295777946946185,0.05782649018067165,41,0.39410425498507984,0.2318840579710145,0.0001100198441202142
4013,29,6.0,193.47841515143233,0.35271639807276955,0.03123694582792658,28,0.36996388758044674,0.2733990147783251,7.745637489327277e-05
4014,117,6.0,3356.2279703707104,0.40463786531130874,0.2101373284150509,56,0.4309729418538074,0.2749778956675508,0.0002171586021178624
4015,126,6.0,6620.22427809002,0.3808071748878924,0.0632554960690319,45,0.4069450986549512,0.17282539682539683,0.0002875099564460066
4016,109,6.0,3541.9010065911093,0.38745589487772236,0.1641299537432861,56,0.41324122049512246,0.3299354400271831,0.00021065429504334846
4017,115,6.0,4005.220259255456,0.4070688993992075,0.15958787891709403,56,0.43254566389285315,0.24683447749809306,0.00022720069349805826
4018,57,6.0,590.1532351249157,0.387361634837611,0.09907600378641193,53,0.4101245616789803,0.275062656641604,0.00011843023221550788
4019,86,6.0,4232.650917617116,0.3993854643506616,0.1231814307642681,55,0.42394672109700976,0.22599179206566347,0.00018226224321521106
4020,5,7.0,1.6725245215507905,0.296494576602579,0.002029076397296514,5,0.30650958138004436,0.7,3.4698300625693046e-05
4021,27,6.0,358.59136749837285,0.3380752693879718,0.018557607438022167,25,0.35397498299049673,0.2849002849002849,7.926972806831832e-05
4022,4,7.0,0.18073303627262693,0.2857847976307996,0.000983183956853024,4,0.29646614180293523,0.8333333333333334,3.272754772230797e-05
4023,31,6.0,967.9560357650943,0.34053360423461476,0.010231353923614468,24,0.3560187365886575,0.2860215053763441,0.00010058487119015151
4024,135,6.0,6685.412655497104,0.392179802955665,0.2544611114357729,56,0.4197179044329528,0.37435046987285797,0.0002541829830662972
4025,34,6.0,248.37658080770612,0.3502529696436428,0.035125213065360775,33,0.368323127649529,0.38146167557932265,8.556258114849416e-05
4026,38,6.0,450.9882378522329,0.3484135667396061,0.02686715935778166,33,0.3651331972575273,0.4694167852062589,9.804723312401848e-05
4027,127,6.0,9063.517385058833,0.4200633161851998,0.1715682916048101,55,0.44555921913440105,0.16260467441569804,0.0002566725581602839
4028,77,6.0,1742.76231942545,0.3976400074920397,0.12839279344994958,54,0.42141885172975985,0.20745044429254955,0.00016247181278963483
4029,93,6.0,3852.083225392405,0.39414567733151806,0.15951727562241538,56,0.4185952792170644,0.3662926601215521,0.0001853136327791427
4030,42,6.0,1109.8998093514722,0.38057962354347175,0.0702525097181267,39,0.4021745956979174,0.22183507549361206,9.69588451727774e-05
4031,107,6.0,6623.314673955981,0.4088195647987676,0.12838008568571738,55,0.4341968911917508,0.11602891906189385,0.00022004293912465653
4032,185,6.0,13800.530090443157,0.4144325871941697,0.26963555455852095,56,0.44357041921813656,0.16133960047003526,0.0003530808045566641
4033,74,6.0,4522.001460526693,0.39407251577775027,0.08663857849477284,50,0.4177735908306086,0.12921140318400592,0.0001702074562832165
4034,77,6.0,6302.686263818051,0.3663081612699143,0.03214185685256773,42,0.3885251478515605,0.16199589883800408,0.00020507781281630614
4035,33,6.0,260.09811722503554,0.36578221915920056,0.0565876245419659,31,0.38525409535770816,0.3162878787878788,8.194857630911193e-05
4036,168,6.0,9352.63500477705,0.4187652048129397,0.2175813315302264,56,0.44701418328366616,0.12396635300826918,0.00031661447088943183
4037,1,7.0,0.0,0.261937075879087,0.0001429941652773423,1,0.26818480885838575,0.0,2.7456822267948147e-05
4038,32,6.0,1011.8747867676378,0.3624310021055028,0.038447418314551604,29,0.3810174281676705,0.35685483870967744,8.966842699060911e-05
4039,781,6.0,473645.35125226295,0.49859088774072335,0.8498784894048745,56,0.5409928298529492,0.034518533110082406,0.0015222756929577817
4040,106,6.0,14318.732525722893,0.40266801542643993,0.1010754766735734,51,0.4281964724970245,0.09577717879604672,0.000244695213487414
4041,95,6.0,4605.703635488578,0.39023344157833467,0.11112600929821695,55,0.41529282461926853,0.17245240761478162,0.0002028131449377801
4042,15,6.0,8102.280266917536,0.3286547293461995,0.004732027781778181,12,0.33851729732555974,0.26666666666666666,0.00012329269240531136
4043,69,6.0,1947.326068316286,0.37985328323492573,0.0907566703885436,51,0.40271889883289375,0.19352088661551578,0.00014792031047139933
4044,134,6.0,6674.756979957668,0.41906829846032373,0.22435234874868165,56,0.4447951012718378,0.22085063404780608,0.0002521679869498427
4045,17,6.0,620.8944856186117,0.34460556216859645,0.011732185356957064,16,0.3583555764902688,0.1323529411764706,6.20888387386056e-05
4046,50,6.0,2200.4773353947285,0.3837440501295415,0.07094427107374197,41,0.4054090124038407,0.23346938775510204,0.00011930209843816195
4047,123,6.0,8521.857979163791,0.41646504936899237,0.15555879776283912,55,0.44266499188783964,0.11542049846727977,0.0002508528796237538
4048,13,6.0,17.406949239788386,0.3288753485490034,0.02084388311323101,13,0.341097503532711,0.5641025641025641,4.531247093535494e-05
4049,185,5.0,17615.27357054031,0.4264479410780047,0.22629477549064894,56,0.45420788192813866,0.1128084606345476,0.0003678303442347604
4050,54,6.0,736.2601523875333,0.37508833922261486,0.08772696704284647,48,0.397134558015386,0.34032145352900073,0.00011667425905483593
4051,207,6.0,7860.721050235256,0.4119130772215755,0.39009636313409285,56,0.4425838697859891,0.2176258149242531,0.0003585223094124559
4052,2,7.0,6367.999999999999,0.28431766438998257,0.0006410086679278668,1,0.2931479861531739,0.0,7.152155240341406e-05
4053,141,6.0,12217.339415467344,0.39215565543993597,0.07056734639925095,45,0.41955304338726274,0.10709219858156029,0.00033129573824688653
4054,187,6.0,12764.341645840288,0.4269625259770731,0.29490198197712386,56,0.45527293662013446,0.13564487378529125,0.00034306857985379527
4055,30,6.0,8427.179797116052,0.36715282181357006,0.03726660235605252,25,0.3853038153556159,0.23678160919540228,0.00011715330089500995
4056,123,6.0,10367.94196974386,0.41742036964215495,0.15513365792644904,55,0.44271471188574696,0.21058243369318938,0.0002545991362060331
4057,57,6.0,1381.5574176068365,0.3845782259525391,0.07129260966960617,46,0.4068351912911608,0.40601503759398494,0.00012752778696967294
4058,26,6.0,268.0497943237531,0.35475965019773853,0.02763245188327114,26,0.37193175276074836,0.16923076923076924,7.050165047538634e-05
4059,58,6.0,2944.7510420626513,0.3620807276861853,0.02888351628388727,38,0.38337258596324136,0.1530550514216576,0.0001529361277135476
4060,73,6.0,2058.128995120872,0.39563920983973166,0.09505013293839486,50,0.4195896791751964,0.24961948249619484,0.00015720989746060014
4061,10,6.0,14.05139011805956,0.3384525454352216,0.01622959917477296,10,0.35113047574184747,0.4444444444444444,4.1386354546325804e-05
4062,71,6.0,4831.681908261012,0.38518294526761415,0.09527607110243358,50,0.40843408175015594,0.2567404426559356,0.00016155841469079149
4063,2,7.0,0.0,0.3140687410621826,0.004324617292469236,2,0.32315531331073516,1.0,2.7752287136106343e-05
4064,109,6.0,7573.4526073264215,0.3900900349114963,0.062189537152361356,45,0.41601245616791577,0.16106014271151886,0.00026081303698105476
4065,4,7.0,1603.493100209904,0.335935439632892,0.007136604448524654,4,0.3473637186072122,0.0,3.857815214685684e-05
4066,4,7.0,95.02536999337488,0.2830666666666667,0.000730013089500353,3,0.29203844514726107,0.3333333333333333,4.4619444487800307e-05
4067,2,7.0,0.8903926439544654,0.28443193997856375,0.0006646959656352257,2,0.29379845830623674,0.0,2.8019173201173995e-05
4068,29,6.0,11583.740616690897,0.35487825263275197,0.019138079070075687,18,0.37152352540951705,0.16995073891625617,0.00013336388910116596
4069,120,6.0,4189.369058537876,0.39689661618994204,0.15186104117036162,56,0.4229706390328426,0.22394957983193275,0.0002366437328390215
4070,18,6.0,54.19641034695985,0.34203318833574997,0.022594620562421966,18,0.3565918249855814,0.32679738562091504,5.538089170661623e-05
4071,92,6.0,3807.681753064858,0.39756554307116104,0.12546983750316199,54,0.42240540116190556,0.14381270903010035,0.0001905730034577997
4072,140,6.0,4652.829003270039,0.40461215932914046,0.2603864754696101,56,0.43175276076834174,0.27800616649537513,0.0002535254066737277
4073,10,6.0,42.844066252253754,0.30817244883147044,0.0025747880235562916,10,0.31931491076567586,0.3333333333333333,4.768951243202606e-05
4074,145,6.0,18427.728610186674,0.4158124959195665,0.1607312008452127,55,0.44235620453241975,0.12203065134099617,0.0003133981127153714
4075,22,6.0,1181.8108064683558,0.3464991023339318,0.019974456343714465,19,0.3609253153294385,0.23809523809523808,7.90318821534516e-05
4076,1,6.0,0.0,0.32059800664451826,0.0022765758792412903,1,0.32855497985029203,0.0,2.5416411513132427e-05
4077,17,7.0,186.22622678702163,0.32473359506449806,0.005126747739137165,16,0.3382623421483272,0.2867647058823529,6.436864186453662e-05
4078,42,6.0,567.6949111182387,0.36144373191078827,0.03900972023148869,39,0.3804652745067085,0.43089430894308944,0.00010059388181448667
4079,65,6.0,2120.458508389927,0.363237139272271,0.02820694741333511,41,0.38472549327469946,0.17067307692307693,0.0001648396803592386
4080,37,6.0,422.0938518580797,0.3415929203539823,0.03147791663407582,32,0.3578714607211749,0.30930930930930933,9.827013547801447e-05
4081,19,6.0,1227.2893373030713,0.3521508348999226,0.017823994348666872,15,0.3671560161197277,0.0935672514619883,7.70932426660611e-05
4082,119,6.0,13336.471714502228,0.4054621848739496,0.09984120444240578,52,0.43159836709063243,0.08517305227175616,0.0002611563936816472
4083,32,5.0,1090.3566105648483,0.38745589487772236,0.045317293526832635,30,0.40856754069190687,0.19556451612903225,8.53565788391098e-05
4084,50,6.0,7985.273603809689,0.376173882227866,0.03268999117790224,31,0.39759250536452617,0.11183673469387756,0.00014683348659638262
4085,6,7.0,15.899490144968087,0.31422369135132466,0.0022344290152997983,6,0.32492168165741225,0.33333333333333337,3.664110088204781e-05
4086,118,6.0,5146.6901404978125,0.4036889142422514,0.13486189276522242,55,0.42954414612449227,0.2655367231638418,0.0002492073325929659
4087,58,6.0,2086.18773085097,0.375885269121813,0.05365883995184728,42,0.3977338148322603,0.16394434361766486,0.00013809420871148463
4088,17,6.0,3137.3480680187477,0.3282820473171486,0.018346078436173696,15,0.3407389961793853,0.5882352941176471,6.920924197614528e-05
4089,97,5.0,5670.501810165858,0.4058238817382439,0.11224820611227776,53,0.43047574187474275,0.1952319587628866,0.0002132210663706924
4090,77,6.0,2295.3693152047567,0.4070688993992075,0.1247483240768888,54,0.4306536871304092,0.19514695830485304,0.00016311760811322707
4091,94,6.0,6513.285113973674,0.40430394210626547,0.09770788605533777,52,0.4292876956089746,0.16975520475863645,0.00020185712344155911
4092,95,6.0,6247.285862651688,0.41276733635774465,0.15643138905239368,56,0.43729261527193486,0.1717805151175812,0.00020082858137225905
4093,13,6.0,66.54742126597212,0.3296072038503338,0.009636984277132974,13,0.3420500340189196,0.3974358974358974,5.209470190607e-05
4094,39,6.0,1599.1598727345436,0.3671316578279917,0.0414001280255582,34,0.38673784476892054,0.2456140350877193,0.00010484253894738077
4095,118,5.0,7332.389905921176,0.40450936805335025,0.14352586987839827,55,0.43031611451304186,0.14703751991887584,0.00024358034516251448
4096,92,5.0,8198.731127260935,0.4000376860749953,0.09314078764130224,50,0.4245878473858053,0.11562350692785477,0.00021653813375039954
4097,54,6.0,1950.1226424421498,0.3768862062843955,0.05193877946565457,42,0.39855288637672165,0.2886093640810622,0.0001271900505313062
4098,114,6.0,7059.969013494166,0.4053331636224782,0.132632387976491,55,0.4314099544669865,0.12808570097810898,0.00023178789539115543
4099,32,6.0,428.3050183488593,0.3585946737233264,0.056307916098375176,31,0.37679646202960426,0.3245967741935484,7.813409138253366e-05
4100,25,6.0,643.2715169679709,0.3661817972747657,0.029493533345210612,24,0.38481708274452986,0.2866666666666667,7.388102015719122e-05
4101,60,6.0,1525.0377382153895,0.3911681611595627,0.07233605859483556,49,0.41427748992517754,0.15988700564971753,0.00013103104050353034
4102,35,6.0,2150.5913578487703,0.34973367744769646,0.014013618589129629,28,0.3666064793007579,0.16806722689075632,0.00010820168100830199
4103,108,6.0,4566.339011282906,0.3949767441860465,0.17245651125791758,56,0.4205657612393613,0.24731741086881273,0.0002143448636780635
4104,104,5.0,11546.806042208425,0.4047407219115404,0.09200848006836188,51,0.42944470612867996,0.11351755041075429,0.00023732622663667524
4105,3,6.0,0.0,0.3042709726734187,0.0029734207125776016,3,0.3132386036531019,1.0,2.953867200419968e-05
4106,36,6.0,511.6390004024345,0.3568467055132228,0.0315428195338061,33,0.3750039252629736,0.13968253968253969,9.11643243340291e-05
4107,86,6.0,12097.829331633351,0.3902095331454479,0.05108411701997549,43,0.4144973046527638,0.14418604651162792,0.0002243528320640593
4108,4,8.0,19.217162886284342,0.20555107309988704,1.1785244411441947e-06,4,0.20874978504515168,0.6666666666666666,9.723612993846728e-05
4109,139,6.0,6622.245967258296,0.39104807515196166,0.17288744755120258,56,0.418176584497849,0.21196955479094987,0.00026798012171795
4110,83,6.0,3426.3777762508566,0.39189022889490527,0.09152729160982224,51,0.41622180352752364,0.2062885689097855,0.00017862020823753062
4111,8,7.0,38.24141517504853,0.30608419838523643,0.0018927419118713947,8,0.3172491009278469,0.2857142857142857,4.422492552609346e-05
4112,131,5.0,3890.706614465456,0.39808738046127884,0.23946284605087198,56,0.4253990684042791,0.34656488549618325,0.00024206706772729821
4113,66,6.0,4499.894785516947,0.3629680287228586,0.02992666592832493,39,0.38487988695240904,0.11188811188811189,0.00017504525552589417
4114,33,6.0,766.5743626385934,0.3700540352100401,0.03583745676707137,30,0.38954309938765036,0.23674242424242425,8.883611030779874e-05
4115,96,6.0,6399.739700352052,0.3903769537235673,0.11785607544573654,55,0.4147171193803508,0.2017543859649123,0.0002057121108095896
4116,358,5.0,45190.638346256696,0.455091103965702,0.5773074439618145,56,0.48717747422414,0.12961832777803858,0.0006459933007385494
4117,33,6.0,965.1807845904744,0.3538529918328796,0.022797319072340335,29,0.3716281990893183,0.30113636363636365,8.932768709873386e-05
4118,149,6.0,10482.46284285646,0.40785092213114754,0.2113500892895395,56,0.4350892343120729,0.24478505350988575,0.0002896381941507086
4119,5,7.0,206.35378407830135,0.2711251117449236,0.0003161318214886968,4,0.2788652625440243,0.2,6.286631472728482e-05
4120,41,6.0,1395.2363925046488,0.366266030249008,0.04794985366325213,38,0.3861464384780313,0.1902439024390244,0.00010052439800778488
4121,127,6.0,6542.211336994997,0.4182152472256878,0.18322139427186487,56,0.44453865075631893,0.14635670541182352,0.00024357070498888853
4122,56,6.0,934.1335151947197,0.38309774436090227,0.07721612461413252,47,0.40542209661381556,0.3116883116883117,0.00012291460175878544
4123,95,6.0,4060.353521270038,0.4010957868883431,0.1099825925973581,55,0.42617888731881554,0.21970884658454645,0.00020118914720988922
4124,4,7.0,11.33691039402112,0.2497549115720952,4.836626371456822e-05,3,0.25431405094618087,0.6666666666666666,0.00010077154799547914
4125,84,6.0,4679.856588480522,0.39334239130434784,0.08530828007328972,49,0.41731302663947384,0.19477911646586346,0.00018819485525522125
4126,3,7.0,3.248255120955132,0.2688589640761535,0.00025593506757157664,3,0.27632842114707834,0.6666666666666666,4.031508799776912e-05
4127,75,6.0,3706.410145864287,0.3862809315866084,0.08647679931406195,51,0.41020830062282215,0.22234234234234235,0.0001643476776996196
4128,40,6.0,703.4193722034942,0.3594446639200858,0.03407859952931897,35,0.3786491861621208,0.26794871794871794,0.00010476428004677885
4129,39,6.0,1428.5165796650233,0.364818421354107,0.03369812527062471,32,0.384408855393296,0.1214574898785425,0.00010244319763223144
4130,108,6.0,4992.2980983393645,0.3660344827586207,0.04432724684876757,45,0.38987282147902735,0.16251298026998962,0.00025786874324887777
4131,36,6.0,347.08573547840297,0.35226769911504424,0.025804237549501317,33,0.3686371486889428,0.5111111111111111,9.431865864360737e-05
4132,96,6.0,3894.7006503991634,0.40208333333333335,0.14512852539629637,56,0.4267388915057638,0.24539473684210528,0.00019318674932401172
4133,361,6.0,41686.350212170466,0.4480793583790629,0.6153054631303019,56,0.48222902601144635,0.11714373653431824,0.0006299039379908077
4134,16,6.0,385.36157322278603,0.3211476401774909,0.003607111108810878,11,0.33282304914426825,0.39166666666666666,7.539325350684318e-05
4135,222,5.0,31551.18985000838,0.40124740124740127,0.10119396941118786,45,0.43328623017745704,0.12429171252700665,0.000517176007304539
4136,46,6.0,1935.6405313472228,0.3707649318896263,0.03853219210642144,38,0.3910530172188131,0.2792270531400966,0.00011600612698426787
4137,58,6.0,3375.8893900095495,0.36996805111821085,0.056066222145116584,39,0.39178311613544003,0.14458560193587416,0.00014409647443207663
4138,27,6.0,867.4737464022965,0.35213136506883397,0.01629637217798265,25,0.36952425812527256,0.17378917378917377,7.996540358054507e-05
4139,2,7.0,6368.0,0.2600334789531703,0.00015204890797434697,1,0.26585581948276416,0.0,7.450764559418569e-05
4140,77,6.0,2734.7681956625456,0.3840911832107104,0.05320527511405551,45,0.4079368817710897,0.254272043745728,0.00018218158434877077
4141,1,7.0,0.0,0.2636393741203742,0.00015931793741954031,1,0.2706809022871229,0.0,2.6492484987935896e-05
4142,2,6.0,0.0,0.2982439709669866,0.0016943749554453478,2,0.30722771759040685,1.0,2.7432975305353004e-05
4143,47,6.0,658.1479868668295,0.36003391746749575,0.04931913711429825,40,0.37932433139685257,0.4301572617946346,0.00010954311905949741
4144,18,6.0,24.483520500513837,0.3427510494026477,0.01712932675374795,18,0.35705500601871176,0.6601307189542484,5.60167880017228e-05
4145,7,7.0,7.956911253959164,0.27036549645540603,0.0003417271912101531,7,0.2780989016740362,0.9523809523809524,7.213011752041247e-05
4146,41,6.0,1632.0906158602938,0.3585139318885449,0.026771003448939193,35,0.37666823677184624,0.31585365853658537,0.00011149455287002769
4147,77,6.0,5697.268851073411,0.38293650793650796,0.08790466132946541,53,0.40648453446381855,0.20095693779904308,0.00016899758918543224
4148,3,7.0,3.3736157120762282,0.2943840998382251,0.0015313811453071726,3,0.30406021727265076,0.3333333333333333,2.9641336217807247e-05
4149,169,5.0,14933.095066838707,0.42684806648347967,0.22534367229122138,56,0.45398021667456523,0.1565229642152719,0.00034284076583955374
4150,125,6.0,12480.052494656076,0.40420130735546106,0.10748362553885688,45,0.4305280787146433,0.14696774193548387,0.0002705964156468088
4151,190,5.0,18816.19081969626,0.41527026145921625,0.27778392302106997,56,0.4444444444444944,0.1847953216374269,0.000372026192153852
4152,42,6.0,667.3303241028041,0.3694101270227945,0.047610675968553215,38,0.3897210446433154,0.26248548199767713,0.00010276967744280592
4153,211,5.0,12378.034674391529,0.42226347543592124,0.37076464198512743,56,0.45231590516569764,0.19016023470999774,0.0003735326610775528
4154,48,6.0,3197.700428354664,0.36334074961492385,0.025777722061642902,34,0.38358193332284896,0.16312056737588654,0.00013055699944201812
4155,35,6.0,447.7280858293475,0.3629680287228586,0.04171961074185456,35,0.3823336996911953,0.16470588235294117,8.555171067442909e-05
4156,118,5.0,10206.02422152243,0.4219557440042401,0.16262948484448933,55,0.44712409064745645,0.12096190062291758,0.00024385836950384146
4157,44,6.0,1316.6733959434218,0.3661396953147456,0.04425214700907204,36,0.3855812006070937,0.21247357293868924,0.00011067582417320716
4158,52,6.0,5872.375790804998,0.38094383635384893,0.048264607681465815,40,0.4026089914691013,0.11236802413273002,0.00013758084942674186
4159,13,6.0,140.17107631181503,0.35672678391396884,0.023280482323654653,13,0.37238970010988975,0.1923076923076923,4.8685831108863783e-05
4160,19,6.0,214.08738151186063,0.3347524440239672,0.00979938542667868,16,0.34717904432927416,0.4795321637426901,6.903438116010113e-05
4161,27,6.0,404.59384004104794,0.3577486940403303,0.03634011965632077,26,0.37527607683046266,0.27635327635327633,7.258762939286546e-05
4162,45,6.0,1702.92734609097,0.35470037870349747,0.018781767343565486,32,0.37364840110952036,0.1888888888888889,0.0001270077587907198
4163,60,6.0,8888.336862612578,0.3642550757792393,0.024270303135777337,36,0.3850682995760561,0.10282485875706214,0.00017486357045677227
4164,49,6.0,1134.3629132072201,0.3745369009114966,0.05103350124190703,41,0.3956848275501104,0.14200680272108843,0.00011387698982012549
4165,43,6.0,2346.385625023933,0.3656562177058216,0.028412859426591504,37,0.38561260271103415,0.19601328903654486,0.00011264027465916536
4166,105,6.0,4223.907343981283,0.4038937155177881,0.11687089860766997,53,0.4292719945570039,0.2119047619047619,0.00021488753398580843
4167,32,6.0,661.9211941021443,0.34393563019764556,0.02497317733072986,25,0.3606060606060346,0.3225806451612903,9.486581313104364e-05
4168,82,6.0,2639.145358152861,0.39334239130434784,0.10024626541354857,51,0.41728162453553286,0.2911773562180066,0.0001764061844521828
4169,3,6.0,7.12792947563234,0.29952031602708806,0.0015548333334804397,3,0.3089757680431196,0.3333333333333333,3.0788205227559784e-05
4170,22,6.0,481.33926445977323,0.3663713759779107,0.022202656944950196,22,0.38500287852618087,0.16883116883116883,6.779024507141799e-05
4171,133,6.0,6385.31064134812,0.4255077498663816,0.23598023115351713,56,0.4509786989062079,0.19548872180451127,0.00025295116054797716
4172,33,6.0,347.6357574620141,0.36861905313114945,0.04167208569688786,33,0.38813262155230027,0.3125,8.370857352417596e-05
4173,50,6.0,2299.7061648004724,0.3650693568726356,0.03858203499435512,37,0.38516773957186984,0.21959183673469387,0.0001272577720354037
4174,49,6.0,2303.519180572041,0.37319817180358605,0.03285678919269563,38,0.3944653791804013,0.2568027210884354,0.00012774148940641604
4175,91,5.0,3340.13138901679,0.39522184300341295,0.10063304074197932,52,0.419749306536896,0.21123321123321123,0.00019736282317825502
4176,13,6.0,2146.7358404178576,0.3273876837668346,0.007996886491744752,11,0.33926048045216434,0.23076923076923075,6.74181234600412e-05
4177,100,6.0,3992.5085005713318,0.3849966753309557,0.0992152776116877,53,0.4096456795938786,0.2688888888888889,0.00020677875764974523
4178,70,6.0,2337.3008862026504,0.38092105263157894,0.07503552031318636,52,0.4032919872298176,0.28240165631469977,0.0001538524278769054
4179,110,6.0,7409.92477636748,0.4022865083375442,0.11629957066901618,53,0.4282278746009652,0.1152627189324437,0.00023606424954258955
4180,85,5.0,6089.512623977583,0.3787689562890277,0.051413405907283494,45,0.40266132830900103,0.17507002801120447,0.00020565749180198652
4181,34,6.0,925.1021226052968,0.37160861193768596,0.03905773180005042,30,0.39139320667817423,0.36185383244206776,9.232599695917329e-05
4182,67,5.0,1600.0072906575629,0.3764629388816645,0.12822813599627156,54,0.3991809284555408,0.46720940750791495,0.0001374559722857619
4183,126,5.0,5996.347481703466,0.40435527902990287,0.18794146499547523,56,0.4310671481656301,0.1629206349206349,0.0002461449560597199
4184,31,6.0,972.7674059319116,0.3436016400517911,0.013365091823547117,27,0.3604726016642846,0.2129032258064516,9.999880495199651e-05
4185,136,6.0,4065.887966704924,0.42184395284143594,0.2618798962157329,56,0.44736484011100636,0.3258169934640523,0.0002542795676549897
4186,124,5.0,6308.3225573991485,0.4049208468434103,0.15687405857613052,55,0.4313000471031928,0.1969577760293732,0.0002508741072192794
4187,15,6.0,55.7452145730469,0.3398612593383138,0.015430074344794657,15,0.3527790861987497,0.3904761904761905,5.1022990558343345e-05
4188,11,6.0,39.54522611121527,0.3188804886596906,0.004565634943819511,11,0.3292772282409362,0.509090909090909,4.978559032943038e-05
4189,1,7.0,0.0,0.2741477272727273,0.00038928690231496577,1,0.2823209893158153,0.0,2.600313532375151e-05
4190,22,6.0,1707.0598979595827,0.3434348881100027,0.022077701830781914,18,0.357518187051842,0.22943722943722944,8.01858601770811e-05
4191,37,6.0,1669.0144256857368,0.36620285188592455,0.022501087796859335,30,0.3857460616527838,0.14714714714714716,0.00010898516425411732
4192,83,6.0,14272.211123946483,0.40167759838546924,0.07836273446195764,46,0.4260951483749733,0.09550396708786364,0.00020098244580397904
4193,9,6.0,91.16787455437785,0.3230862882361893,0.0055028999641538665,9,0.3333176322813374,0.16666666666666666,4.279797618652392e-05
4194,86,6.0,2526.0031950958346,0.3834437086092715,0.11492060579567187,55,0.40769613230754176,0.21176470588235294,0.00017940437487747908
4195,30,6.0,1094.2368563939035,0.36645569620253166,0.023719358033588215,28,0.3853038153556153,0.22528735632183908,8.586043020267891e-05
4196,87,6.0,3666.4287405508453,0.3724997075681366,0.046426949873681116,45,0.39657717067043147,0.1868484362469928,0.00020692207209064694
4197,198,6.0,15834.79146169135,0.42805296054842396,0.33392742858078506,56,0.45693986497099964,0.16807670614777215,0.00036222023113396425
4198,8,7.0,47.02378508540749,0.31034986843387585,0.002644797277730942,8,0.31986332608092855,0.35714285714285715,4.334213159581364e-05
4199,13,6.0,901.1770275444833,0.3229716024340771,0.004658247533824376,10,0.33361333542678195,0.15384615384615385,6.454338408267842e-05
4200,21,6.0,1200.6584844807276,0.3564073866815893,0.024740007934234032,19,0.37286596535299377,0.3,7.088687794622996e-05
4201,134,6.0,6960.373567848541,0.41573107049608354,0.21267609062908283,56,0.44213377296283773,0.17876781506003817,0.0002541950168246836
4202,51,6.0,2278.2140144882906,0.37784765068818227,0.044701608734148426,39,0.3993274716072666,0.15215686274509804,0.0001249027077820305
4203,8,6.0,556.5030308384877,0.32561349693251534,0.00365124801373913,6,0.33410006803786463,0.35714285714285715,6.712504769612283e-05
4204,84,6.0,2463.799557386485,0.38799878160219314,0.13696371508128258,56,0.4120767258073117,0.4469305794606999,0.00016492779767401846
4205,129,5.0,12377.70970691189,0.4093976987851128,0.13601332286537174,54,0.43585335217463766,0.125,0.0002717729938930093
4206,70,6.0,2058.2329482329187,0.39404813462847244,0.09091138096830483,50,0.41774742241065776,0.1565217391304348,0.0001496957681641256
4207,43,6.0,1482.3177388880993,0.36444266422522315,0.03233544719648965,35,0.38462605327888744,0.18826135105204872,0.00011316501664153132
4208,133,6.0,9428.475019438609,0.404972340560819,0.12672124895890827,54,0.43197257549592877,0.17612212349054454,0.00027569741893314055
4209,30,6.0,872.8736722075065,0.35764824797843664,0.0318960189901638,27,0.375323179986374,0.23218390804597702,8.20191764400367e-05
4210,16,7.0,352.9138948179443,0.33363017286537455,0.008958428799276764,13,0.34607623234563367,0.19166666666666668,6.167383893203859e-05
4211,56,6.0,2099.8162809443775,0.36861905313114945,0.029905358675876962,37,0.38998011200082777,0.22207792207792207,0.00014762082593766532
4212,42,6.0,1780.1509281971548,0.3627199726635913,0.031897217711391514,31,0.3819778091798651,0.16724738675958187,0.00011772178017830624
4213,92,5.0,3561.788642195714,0.40409872470020936,0.1378452284867441,56,0.42870937352806154,0.14285714285714285,0.00018599962065947643
4214,2,7.0,0.5380352755047255,0.2950796886582654,0.0012908637460160967,2,0.30366245728939745,0.0,2.7777305041920355e-05
4215,171,6.0,7045.7117476661315,0.3925665680473373,0.241396388327516,56,0.42179567697704784,0.22552459580323359,0.00031638176968428204
4216,141,6.0,20458.268296152317,0.4116468459152017,0.1346508346043532,55,0.43871356047526344,0.13029381965552178,0.00030146540274584
4217,106,6.0,6610.818811539967,0.3926391714444239,0.14169690539142918,56,0.41775788977863715,0.23683737646001798,0.0002253743295204686
4218,63,6.0,1579.2543735435754,0.37513252444339734,0.0605128117220926,45,0.39726016643115003,0.18740399385560674,0.00013996808791019952
4219,58,6.0,2721.256366439955,0.38712618526622905,0.06141629471111011,44,0.4095226880201114,0.16212946158499697,0.0001378300050091596
4220,84,6.0,1852.4980310870037,0.38585968738640497,0.08907194858834631,53,0.4099282985293481,0.35513482501434307,0.0001764301217302336
4221,12,6.0,54.85430404308568,0.32581338244321667,0.0074809296188643295,12,0.33716700685609896,0.3181818181818182,4.673973006976423e-05
4222,18,7.0,1040.5838352739586,0.32483296781761617,0.004065024000526767,15,0.334674651773071,0.5555555555555556,9.538608136797528e-05
4223,11,6.0,232.51603758301692,0.3327760071059094,0.008134055240171844,11,0.34379285078764066,0.4727272727272728,4.86356502848343e-05
4224,17,6.0,10930.087705712198,0.33812911446166916,0.012874059956861948,13,0.35121683152768485,0.13970588235294118,8.764348249652367e-05
4225,13,6.0,43.00033813168476,0.35543278084714547,0.024684864929489955,13,0.3712827759459696,0.20512820512820515,4.566037020242714e-05
4226,67,6.0,9081.916673354986,0.3987852983532653,0.0912643821329408,48,0.42233736327003424,0.1456354590682949,0.00015626799027545587
4227,3,6.0,1.6245784559332253,0.2908484793131793,0.0029465964123619225,3,0.30143926309729574,0.3333333333333333,2.929014473605027e-05
4228,89,6.0,2560.8284210920806,0.36620285188592455,0.041524193839654534,45,0.3893075836080898,0.19228804902962207,0.0002106840744721504
4229,130,6.0,10892.100621722953,0.40968737939019684,0.1597910367167024,55,0.43635055215370344,0.1997614788312463,0.00026701017076195577
4230,75,6.0,3579.831002625413,0.403586591470756,0.10040351635081705,51,0.42757104726020073,0.17117117117117117,0.00016304732497424303
4231,50,6.0,3074.269181731985,0.37892670157068065,0.050544349993541106,37,0.4004317789291918,0.1404081632653061,0.00012906941278219725
4232,12,7.0,22407.42067618834,0.25990614160375436,0.0001237750892326734,5,0.26661844200704476,0.28787878787878785,0.0002549130053731165
4233,13,6.0,723.8596481255603,0.3428248465927441,0.008911395870749975,12,0.3557413513371828,0.14102564102564102,5.666788678434149e-05
4234,84,6.0,5101.57796500428,0.38806970509383376,0.0771287143667111,50,0.4117470037159315,0.19850831899024668,0.0001887693194238516
4235,61,6.0,2815.375863953387,0.3745809563018291,0.04834682645068694,38,0.3962919348929693,0.2617486338797814,0.0001562218916078554
4236,144,6.0,11048.121259645734,0.4168466522678186,0.17958136439987551,56,0.44371696236986274,0.16346153846153846,0.00029094189786214663
4237,64,6.0,7718.345021258268,0.3845550054341263,0.08592476135284859,51,0.4076045428377147,0.28521825396825395,0.00015637397847503842
4238,7,6.0,50.95082648233677,0.33602405824628045,0.008292766580138868,7,0.3475270843146195,0.19047619047619047,3.7595833611028874e-05
4239,161,6.0,9784.644471308333,0.4202573408116133,0.27575875637291186,56,0.44785680640608116,0.16343167701863354,0.0002957888701300894
4240,30,6.0,800.92204905921,0.3524041387705417,0.01563437677161854,28,0.36979379285076647,0.11724137931034483,8.804069823049383e-05
4241,74,6.0,1957.6639830766135,0.3859532177917828,0.09220619471161634,52,0.4093002564505286,0.17326915957052944,0.0001578865571606502
4242,5,6.0,13.313382818320319,0.31784609242439366,0.004670455568613208,5,0.3267807609776299,0.4,3.3156547983552e-05
4243,199,6.0,11801.922340114408,0.4311243484735666,0.34041810014157453,56,0.45956717433405847,0.20328917313841938,0.00036112866896999973
4244,37,6.0,1177.5296745747382,0.3718472676319477,0.039112285202609454,30,0.39185377086930884,0.15765765765765766,9.495267281455126e-05
4245,312,6.0,48797.641143698915,0.4544092465753425,0.5393515457248556,56,0.48483016695455045,0.11322038090526836,0.0005686225707422716
4246,61,6.0,1597.8435010524363,0.35817118434371836,0.02692320352410737,38,0.37891872088761325,0.21147540983606558,0.00015994478827341993
4247,1,7.0,0.0,0.25077765090365006,8.461065135115504e-05,1,0.2557432205100656,0.0,2.8258452348839118e-05
4248,45,6.0,693.6366290458733,0.3518590133141815,0.02142235871025721,40,0.37042445177158007,0.21313131313131314,0.00011745993799034669
4249,9,6.0,125.89542187551989,0.308605485027619,0.005188880176195468,8,0.320102580206195,0.4166666666666667,5.18502953239918e-05
4250,90,5.0,6301.9138636381085,0.3923005851555282,0.10067846915495816,50,0.4168995656042501,0.09887640449438204,0.00019554653638217126
4251,188,5.0,27022.86049203104,0.41627450980392156,0.12438824744347815,45,0.4457240801800898,0.12236887017863239,0.00041960125975545615
4252,86,6.0,7777.62653261955,0.39360978925900747,0.05877217027259277,45,0.4183833150154623,0.11846785225718194,0.0002095609815307995
4253,18,7.0,385.8665975068848,0.3042709726734187,0.0014751871639490021,15,0.31435225683929374,0.5424836601307189,9.917390251525828e-05
4254,139,6.0,4085.0400299888147,0.4019564531397917,0.23725439244376473,56,0.42933479876488456,0.2064435408195183,0.0002530683652062019
4255,8,5.0,77.43501574147085,0.33554607238817763,0.009197809312410895,7,0.34707175380747585,0.25,4.259000787096384e-05
4256,120,5.0,4494.3535382715545,0.4215647339158062,0.21921530006106377,56,0.4464620296227028,0.24719887955182074,0.00023164235633281645
4257,35,6.0,582.1780183764897,0.3674917777393111,0.043165654103631136,33,0.38679541529281264,0.2907563025210084,8.773894360767701e-05
4258,78,6.0,2758.3417996082417,0.3838365575845236,0.07594220686401652,50,0.407117810226629,0.2753912753912754,0.00016614962440327023
4259,85,6.0,4394.598054394962,0.39986187845303867,0.09310771117625316,51,0.4244360705500904,0.1596638655462185,0.00018343023021952088
4260,128,5.0,11014.066228196925,0.39622993654348637,0.15378780185666494,56,0.42250484115771775,0.22133366141732283,0.0002591093021879613
4261,6,6.0,49.115183642189336,0.32040446725022637,0.004885046087196305,6,0.3307086408122442,0.33333333333333337,3.9004314083016175e-05
4262,2,6.0,0.0,0.3030115609686474,0.0045245228986574865,2,0.3123122415868445,1.0,2.6709354594591216e-05
4263,143,6.0,5092.946121364606,0.40652326546243694,0.23267424854323093,56,0.43395352488620653,0.15995272333300503,0.0002618567864738976
4264,284,5.0,58947.92444516901,0.44336930038287503,0.2742091770180794,56,0.47431831266032,0.08970785845816952,0.0005871769007944897
4265,13,6.0,411.48985920020266,0.33159785494871663,0.006170512463258513,11,0.3438216360495871,0.10256410256410257,5.945019905392537e-05
4266,64,6.0,1643.2111980449447,0.37804950436279455,0.07111258028212562,47,0.40058878944889603,0.19642857142857142,0.00014264543867118542
4267,56,6.0,3629.872830485447,0.3662870945479641,0.03160581713328672,42,0.3874208405296361,0.21818181818181817,0.0001519184676034236
4268,6,7.0,12876.914291946188,0.2501571091908877,4.8880629722981666e-05,3,0.25490022355307873,0.2,0.00017506919868089314
4269,16,6.0,6708.237446924402,0.33980686122819187,0.008925808411752544,12,0.35151776835712184,0.425,8.588036957000874e-05
4270,106,6.0,5806.873106393532,0.4088195647987676,0.13745716808635727,55,0.43418904066576547,0.16891284815813115,0.00021228220833483942
4271,94,6.0,6333.342928814855,0.4003142677561282,0.10190308392524941,51,0.4246611189616678,0.12171127888355068,0.00020643831208465318
4272,181,6.0,21038.672965975285,0.4260200668896321,0.26139991284182007,56,0.45406657246040305,0.1476365868631062,0.0003466114150342703
4273,17,6.0,832.0672612282233,0.3345414434289316,0.008951965892188298,15,0.34739100853087673,0.15441176470588236,7.236362698091036e-05
4274,74,6.0,3370.0919676845197,0.38911290322580644,0.08173829523732319,50,0.4125817763123632,0.22695298037763792,0.0001641749634835262
4275,29,6.0,347.2936465873503,0.35361723391260896,0.02734989888264453,29,0.3700502433662864,0.23645320197044334,7.788278938431925e-05
4276,100,6.0,6691.656143987372,0.4014497321147179,0.09806660362949246,52,0.42658188098605837,0.14383838383838385,0.00021953846264712826
4277,5,6.0,1.7254950322088853,0.32931747673216133,0.01176443633607232,5,0.34024441304231295,0.5,3.1730166112380296e-05
4278,24,6.0,5663.107892943131,0.3576683326781603,0.019973933594503793,17,0.37402784319881066,0.23188405797101447,0.00010482403205178744
4279,62,5.0,4950.059351430962,0.3636934673366834,0.0419705897523959,38,0.3846705395928032,0.11528291909042834,0.00016684894627234286
4280,12,6.0,248.4337686887357,0.33145979703356754,0.0061824792701402715,12,0.34241639189822853,0.07575757575757576,4.979342167013498e-05
4281,11,6.0,97.16660821548055,0.3408251725798684,0.010837566605714995,11,0.35302245250429365,0.2545454545454545,4.639446124281393e-05
4282,10,6.0,51.55914368845611,0.33003420043527826,0.0071103992011784314,10,0.34122049510647773,0.4,4.4130612340605053e-05
4283,72,6.0,3132.730176222909,0.37608503100088575,0.04155818995732574,45,0.3993222379232749,0.22965571205007826,0.0001770819488437829
4284,56,6.0,3302.5724846879457,0.37650744856940177,0.04569021157120997,39,0.39827026744125255,0.15974025974025977,0.00014326851504275822
4285,9,6.0,459.0166376513935,0.332515401482719,0.006112316996405167,8,0.3437195792117782,0.2222222222222222,5.054020346856978e-05
4286,156,6.0,8024.877944699242,0.4179408097644202,0.2575411582809091,56,0.4454231433506566,0.23846153846153845,0.00028941553951322875
4287,39,6.0,926.2384192548031,0.35442404006677797,0.016697860073774787,31,0.37194483697072445,0.16734143049932523,0.00010992763767677425
4288,14,6.0,61.553351832377224,0.3417578879587894,0.0140443773439243,14,0.3546291934892729,0.4835164835164835,5.023898542102125e-05
4289,112,6.0,14797.245242339883,0.4146754345986067,0.1034473834585605,52,0.43990160674103246,0.08976833976833976,0.0002465818139776779
4290,43,6.0,1182.6210789821707,0.37679701828077855,0.04904540851246819,37,0.39783587167006923,0.16057585825027687,0.00010439647731409252
4291,73,6.0,4727.5272862762395,0.38750304210270137,0.1008935555535606,54,0.4111032605851409,0.2328767123287671,0.00016456470591420298
4292,67,6.0,1403.1687883403974,0.3882116298915031,0.08401547828381968,49,0.41166064793009377,0.2125734961555857,0.00014621009057048362
4293,117,6.0,12018.334486237498,0.3953445065176909,0.07689654481166792,45,0.4216831527712614,0.12628941939286767,0.0002686515058132481
4294,80,6.0,7038.862193237966,0.3899706098457017,0.07125046154753702,45,0.4137174857382293,0.13639240506329114,0.00019621561166991295
4295,51,6.0,830.7991962454009,0.38060236643958406,0.07689309526920597,49,0.40290992829853534,0.156078431372549,0.00011016902755603273
4296,48,6.0,622.60351384121,0.38353607129953027,0.06384314675199422,42,0.40552415345162407,0.4308510638297872,0.00011006985268523884
4297,77,6.0,2961.34240291455,0.38137724550898205,0.08192365937981944,52,0.4044172292877029,0.29152426520847574,0.0001631487849308485
4298,170,6.0,17389.701835974844,0.41780372605615324,0.2224924227192426,56,0.44550426545250404,0.178698224852071,0.0003256604383034711
4299,66,6.0,10353.269452429275,0.39273601775914163,0.06928484117992474,45,0.415954885644026,0.14172494172494174,0.00017266948253724619
4300,83,6.0,5757.636015160601,0.4081907325514324,0.09655476418050178,51,0.43237556916317355,0.07493388186893918,0.0001794662773247805
4301,1,7.0,0.0,0.27636032283259565,0.000295392513334032,1,0.2839658614270085,0.0,2.646100105114141e-05
4302,84,6.0,3098.7404784172063,0.38564940962761124,0.08710528622524948,50,0.4102109174648167,0.16523235800344233,0.0001795482850818201
4303,2,7.0,0.06292803638309256,0.2713677034512143,0.0004032594038726147,2,0.28017405737613593,0.0,2.832374476956933e-05
4304,27,6.0,455.1536356349373,0.35871585468882006,0.017832637881720657,26,0.3765530957240619,0.23646723646723647,8.269123180292629e-05
4305,62,6.0,2956.0152188899724,0.36815028901734104,0.04567735439759295,43,0.3896242214894963,0.17451084082496032,0.00014933167442783
4306,21,6.0,218.99721829928578,0.36158737368002725,0.02816256726906127,21,0.3791280682472224,0.27142857142857146,6.13549879996298e-05
4307,38,6.0,3089.525099092203,0.3553534564526028,0.02960297221480965,31,0.3729654053488064,0.2204836415362731,0.00011290561363112062
4308,70,5.0,2501.9705458455574,0.3755306603773585,0.05624796296219717,47,0.3970612864395242,0.30890269151138716,0.00016049963014025582
4309,134,6.0,11506.013492151493,0.4176667322447374,0.19826695760279262,56,0.44384257078562717,0.14936595219391763,0.0002669291236951134
4310,44,6.0,1130.6112992564106,0.35021445067634444,0.018672959969575346,35,0.3685089234311804,0.20613107822410148,0.0001189972237673604
4311,26,6.0,493.23299891710764,0.33691282268303,0.007820080864032531,24,0.3510231852200475,0.19076923076923077,8.278549249196785e-05
4312,111,6.0,7427.636466834407,0.4082692307692308,0.13647643465114007,55,0.43393520699224225,0.1379197379197379,0.0002266329017544407
4313,85,6.0,4138.636840544335,0.39013782542113323,0.08400806009642503,51,0.4143978646569505,0.22913165266106442,0.000191784730271916
4314,97,6.0,4194.753798244307,0.4010957868883431,0.10211059254591906,54,0.42626262626265815,0.17010309278350513,0.00020282378565027312
4315,155,6.0,9710.015561372345,0.42109090909090907,0.24248479244557655,56,0.44781493693416075,0.2498533724340176,0.00030105175727320653
4316,94,6.0,8379.055746959164,0.4145135047185161,0.10065840457850897,49,0.4389830952007586,0.18165179592770533,0.00020571938760778242
4317,52,6.0,1139.978304678758,0.37526514258779164,0.05658954064164462,43,0.39671062961218295,0.16138763197586725,0.00011950623835880718
4318,32,6.0,853.6856537657465,0.3490628082867478,0.024290187510123466,29,0.3649500183178728,0.2620967741935484,8.509989222500955e-05
4319,143,5.0,8964.122222129701,0.4132762312633833,0.2164932893276798,56,0.44034123619620513,0.11700975081256772,0.000274487978006572
4320,62,6.0,2726.9956115394416,0.35987117188382867,0.03180320128254119,36,0.37977442822000695,0.3865679534637758,0.000162047761220812
4321,23,6.0,492.2659528665216,0.33809321584032276,0.008859023460066442,21,0.35097084838014775,0.32806324110671936,7.84918907149559e-05
4322,21,6.0,242.73091272939962,0.3284513434067351,0.021549947786656212,19,0.34314910765685475,0.2523809523809524,6.697071168269095e-05
4323,41,6.0,752.2791114103919,0.36236913973600365,0.03903577847700427,36,0.38100696079969104,0.2646341463414634,0.00010503581843322894
4324,1,6.0,0.0,0.29720018665422304,0.0017735699303356022,1,0.30630658920813936,0.0,2.524337006991238e-05
4325,84,6.0,8675.352125081456,0.3847873368777187,0.06171453966665523,48,0.4086486627937525,0.1746987951807229,0.00019710011772135108
4326,150,6.0,13217.335807055593,0.415351506456241,0.15961499321612066,55,0.4423143350604981,0.13950782997762862,0.0003039583971985151
4327,62,6.0,3358.3167090438055,0.38208650788889553,0.06732684562718473,42,0.40445386507563463,0.12321523003701745,0.00015632082922862784
4328,102,5.0,5034.972193801036,0.3988352432838625,0.12697219096228735,53,0.42387344952114725,0.20947388856532712,0.00021315715239049937
4329,47,6.0,1750.6432203004683,0.3709160794362588,0.04084495333073001,37,0.3910346993248476,0.1332099907493062,0.00011832885348434502
4330,14,6.0,195.56078042804364,0.3282312925170068,0.005345573191241561,14,0.34082273512322664,0.19780219780219782,5.4400622137218445e-05
4331,231,6.0,21208.440452505183,0.4432150313152401,0.3745416874941267,56,0.47120165384417884,0.16254470167513646,0.000424390639761916
4332,3,7.0,0.0,0.27881626756555616,0.00032286708688987123,3,0.287351681134073,1.0,3.673341081414173e-05
4333,29,6.0,772.3940702135867,0.35995252628009494,0.03281840382065182,26,0.37791647040349946,0.20935960591133004,8.539041864812582e-05
4334,118,6.0,7294.752412371318,0.4072771454150147,0.13211922505350132,55,0.4333438007013531,0.16268289149645082,0.000243320909919702
4335,186,5.0,23805.330254893415,0.4242605915267786,0.204551085237583,55,0.4525069346313375,0.12118570183086312,0.0003914031733267412
4336,123,5.0,3555.0345412729625,0.3993854643506616,0.22360444635057383,56,0.42600355890514385,0.34812741570038647,0.00023027091790332383
4337,101,6.0,4339.525924704156,0.38773895044441736,0.06417266377790232,45,0.41346103522270955,0.20435643564356437,0.00023573870603429438
4338,114,5.0,6711.5129616066915,0.41177991853623847,0.14608004230463228,55,0.4367901816088786,0.1622418879056047,0.00023168739831768356
4339,40,6.0,564.7271494447141,0.34124517788255465,0.04930184863172521,38,0.35760454283767645,0.5743589743589743,9.667905022836478e-05
4340,20,6.0,497.946062757412,0.34621656881930857,0.014295085220574523,19,0.36109017637512775,0.11578947368421054,6.434762864406822e-05
4341,61,6.0,1105.5841791305327,0.3720644935155976,0.05827334511843574,46,0.39376668236771356,0.21639344262295082,0.00013531620414037641
4342,58,6.0,1123.767518788517,0.37517672007540054,0.0762860475271022,53,0.3970769874914943,0.22625529340592862,0.0001223998208480977
4343,96,6.0,8375.806568004422,0.3781392863504126,0.043395400364017414,45,0.40255403778720233,0.11513157894736842,0.0002399277079909839
4344,157,6.0,33522.3076689286,0.430134395893834,0.16510938868828198,55,0.4567200502434101,0.09872611464968153,0.0003345433144952129
4345,122,6.0,13181.903056357683,0.4118598034143818,0.12755600474606618,55,0.4384073899618389,0.13588944587454274,0.0002620002433622856
4346,112,5.0,4840.179210073467,0.39522184300341295,0.15797204498925285,56,0.4211205317423187,0.28684041184041187,0.00022018334506361013
4347,15,7.0,148.2586888786386,0.3248495358563705,0.00406898380472979,14,0.3369827064127324,0.2571428571428572,6.137479665204204e-05
4348,76,6.0,4578.3000279893895,0.38425339366515837,0.06965529611816826,47,0.40769874914953746,0.22070175438596493,0.0001717176136901374
4349,34,6.0,1190.8366247532867,0.3418312580506655,0.0110714365097313,28,0.35801277018890904,0.2192513368983957,0.0001021797042339841
4350,86,6.0,2607.743410149325,0.38625750500333556,0.12770233448771473,56,0.41020306693883196,0.19863201094391247,0.00016963754040216972
4351,114,6.0,12043.25794865504,0.4044836783945129,0.1130640527980672,55,0.4301198513634107,0.1853749417792268,0.00025979835971838257
4352,83,6.0,2312.5620991345813,0.39179379921259844,0.10339915610933849,52,0.415525723556832,0.2826917425800764,0.0001748670294326769
4353,44,6.0,4948.879372689332,0.37511043053183346,0.040453713264056786,31,0.3959752970115649,0.09302325581395349,0.00012885867299962413
4354,73,6.0,2779.166086421325,0.36605552043220874,0.0539379249199245,48,0.387583084733331,0.313165905631659,0.00016791912244613937
4355,124,6.0,9635.41358710875,0.40730319114919744,0.14068459857899795,55,0.4337860469985218,0.12627852084972463,0.0002501438271510131
4356,111,6.0,5234.246268385242,0.4070688993992075,0.16981998945093257,56,0.43262678599470067,0.16445536445536446,0.0002216264245634565
4357,41,6.0,2485.066053948997,0.3682780154967041,0.026472063527810993,30,0.3881064531323492,0.30365853658536585,0.00011751348480386036
4358,45,6.0,2515.5619292308625,0.37311072056239014,0.037401841994016444,35,0.3937064950018276,0.19696969696969696,0.00011746843871739826
4359,37,6.0,483.01039028970075,0.37987593940116904,0.062341859517334626,37,0.4010258020620761,0.3153153153153153,8.712563010141114e-05
4360,194,6.0,22474.53558298297,0.40264255910987484,0.2164037141572995,56,0.43263987020467304,0.16932856150846642,0.00038747782483062297
4361,181,5.0,18833.04145988634,0.4104530514919121,0.26186656939478825,56,0.43991207410900984,0.1861878453038674,0.0003596074823607934
4362,23,6.0,818.9013996434387,0.34421445171053344,0.013604710945426184,18,0.3578976291411301,0.1541501976284585,8.066053949478126e-05
4363,93,6.0,7593.150094162488,0.378836545324768,0.046768847498898945,45,0.40360339142723056,0.12996727442730246,0.00022178109077934817
4364,31,6.0,825.5507872788003,0.35754785830573177,0.034482899992569316,29,0.37508766420681705,0.3763440860215054,8.88946785879745e-05
4365,50,6.0,1723.2800089383575,0.3621219012963384,0.024318220505175434,37,0.38264248704661413,0.12816326530612246,0.00013013489185396816
4366,7,7.0,45.07553204837513,0.32187800070753525,0.005056911574547676,7,0.33209706240791864,0.2380952380952381,3.775203795146259e-05
4367,20,6.0,540.6554986960733,0.34117205913863297,0.014083478771368622,17,0.3556916313392734,0.21052631578947367,7.044396212178276e-05
4368,16,6.0,55.901143289470674,0.3251978555016594,0.008404688567369027,16,0.33727691421989453,0.475,5.699931458952452e-05
4369,4,6.0,8.498496967996454,0.30043869993867633,0.00254180548533853,4,0.3105798921861035,0.16666666666666666,3.1460068509976555e-05
4370,22,6.0,175.55348607737304,0.3475010912265386,0.02330805093325485,21,0.3631025278693445,0.29437229437229434,6.473947060724777e-05
4371,69,6.0,5058.748477303542,0.3695601717535105,0.03355654748107897,41,0.39194536033913485,0.10059676044330776,0.00017824592981038044
4372,25,6.0,5587.453371769562,0.3402061855670103,0.012179217457813162,14,0.3550426545244925,0.15333333333333335,0.0001148555099260712
4373,55,6.0,4075.628995729336,0.37987593940116904,0.058668414038747486,43,0.4018867430784579,0.18181818181818182,0.00013840746685431427
4374,53,6.0,507.67047241601034,0.36175167556514826,0.07567267277952089,47,0.38137070183700655,0.3613933236574746,0.00011204678838402708
4375,133,6.0,5284.464823133105,0.40947666195190946,0.1866765676661092,56,0.43663055424717695,0.157552973342447,0.0002503956493429477
4376,290,5.0,86414.57444042049,0.442937617358648,0.34682783334573664,56,0.4748312136913542,0.0816847631547548,0.0005617468378396155
4377,1,7.0,0.0,0.30272351347497506,0.00199997834994576,1,0.3112984022310361,0.0,2.5293738569910122e-05
4378,102,6.0,5971.731944487901,0.39751591561602795,0.09955755825344778,51,0.42298634008481356,0.18617744127353913,0.00021570018964448714
4379,121,6.0,7848.442902335336,0.4144865286997267,0.15412712975283457,55,0.44051133092588624,0.21570247933884298,0.0002423605377992513
4380,35,6.0,2075.227617447486,0.36851241103975,0.0319209479145234,29,0.38766682367717564,0.09747899159663866,0.00010004854870736366
4381,87,6.0,1938.5181855476553,0.38816431009263774,0.15338593759964694,56,0.4128199089339149,0.2475273990911521,0.00016615065267791917
4382,95,6.0,3244.7921695821456,0.40112104799093085,0.11768501625385386,54,0.426029727325096,0.2219484882418813,0.000194094563817658
4383,84,6.0,4454.47609913943,0.39485430874147553,0.08493339602467856,51,0.41910294656411057,0.15060240963855423,0.00018436369609311828
4384,75,5.0,3481.6500614940605,0.37124038237351364,0.11112169784420713,55,0.39369079394985557,0.30954954954954955,0.00016207842811861458
4385,35,6.0,487.0002232961009,0.3526773354006313,0.026895195113677065,28,0.3694405191814321,0.34957983193277314,9.723133342827465e-05
4386,126,5.0,12095.275610195526,0.3925907661961413,0.06737435730612591,45,0.4192756581357844,0.11961904761904762,0.00030399800953102846
4387,25,6.0,424.4979158251686,0.3425482708546227,0.015144434602164587,21,0.3564950018317654,0.24666666666666667,7.760553938661887e-05
4388,10,6.0,5697.5351253921635,0.3259467758444217,0.004487859896653751,6,0.3348720364264144,0.26666666666666666,0.00011789015625361788
4389,59,6.0,2428.8379501715435,0.3844621513944223,0.07435825374991234,48,0.40705238917675235,0.10461718293395675,0.00013391152497818068
4390,170,5.0,8765.194097829555,0.4286291136684838,0.26275969027270524,56,0.45513947767838603,0.19436129481378348,0.0003252040393763125
4391,171,6.0,23333.70911043238,0.4368312757201646,0.2163886877857574,56,0.4629533678756879,0.09432404540763674,0.000346924195688428
4392,11,6.0,1363.0388125930883,0.34412146098984225,0.011707172875159337,10,0.3573690270581232,0.07272727272727272,5.5851208137216126e-05
4393,4,6.0,0.23147781203520745,0.2991264324628969,0.0015467186222905102,4,0.30993876589731,0.6666666666666666,3.195362913410514e-05
4394,30,6.0,687.2648613389955,0.35730715287517534,0.0339617140697678,29,0.3762652431046007,0.23448275862068965,8.352498752304846e-05
4395,3,7.0,0.0,0.30222074594286796,0.0021692571812181394,3,0.3109570912679637,1.0,2.9244380359380253e-05
4396,33,6.0,1029.4220740577994,0.3647766323024055,0.02611925122683072,29,0.3840581985659551,0.30492424242424243,9.164692481081465e-05
4397,11,6.0,226.2773256234855,0.33769883351007424,0.010512810246536277,10,0.35005495368186884,0.01818181818181818,5.016898444838363e-05
4398,8,6.0,80.05299761620424,0.3213096559378468,0.003786390497929867,8,0.3313890197309634,0.39285714285714285,3.9979656939473236e-05
4399,106,6.0,4012.068134274822,0.40535896130346233,0.1777356212367746,56,0.4309807923797932,0.23809523809523808,0.0002031695795764583
4400,47,6.0,1278.4860929792717,0.36846977147816024,0.05701204140092102,39,0.3889202909928196,0.23404255319148937,0.0001151393559260205
4401,41,6.0,2632.933488302656,0.3572269897358237,0.03200539174092258,32,0.37489140105718666,0.2597560975609756,0.00011889389112922109
4402,41,6.0,2646.4115291115086,0.3626373626373626,0.02952150859911017,33,0.3815381797246921,0.10853658536585367,0.00011023242702766166
4403,96,5.0,6407.301311085561,0.3945607731383967,0.07537550114252431,49,0.41940650023553994,0.1787280701754386,0.00021259643176108506
4404,104,6.0,9262.882521559188,0.4138401559454191,0.1577523147259116,55,0.43883916889102875,0.14357729648991785,0.00021735466525598662
4405,98,5.0,4804.88407632649,0.40816457318636246,0.13793386091764728,54,0.43265295441465224,0.22911845150431306,0.00020327349246501106
4406,32,6.0,636.161081233552,0.35694670178781596,0.03779060377051724,31,0.37498037368501774,0.15120967741935484,8.127753783185009e-05
4407,135,6.0,6725.454848727113,0.4023373341756159,0.18261464114810042,56,0.42999685978964036,0.12139303482587065,0.0002553641927860267
4408,10,6.0,2231.691007608255,0.34150134048257375,0.01194213038775343,8,0.3540430208823749,0.4,5.638827456877131e-05
4409,3,6.0,5.4497889080738995,0.28487721966274543,0.0013829958467909357,3,0.29419061077092795,0.3333333333333333,3.2659908677484264e-05
4410,33,6.0,241.8714602214115,0.3564073866815893,0.034802079069791825,33,0.3738655989951142,0.42045454545454547,8.584351599961519e-05
4411,91,6.0,4505.0722825038865,0.401905723480785,0.09777045215030908,51,0.42660804940600955,0.2354090354090354,0.00019711053494886552
4412,105,6.0,3782.027119399995,0.4068348770360907,0.12925355256606383,55,0.43214267022561037,0.27216117216117214,0.00021250428026017365
4413,156,6.0,12457.651427599887,0.4206181481970678,0.24084553743829726,56,0.44769456220238657,0.1794871794871795,0.0003017982973243044
4414,10,7.0,6636.781665839455,0.2655852549935365,0.00021825040742870397,5,0.27316465917502436,0.2,0.0001467001372637905
4415,23,6.0,440.4661888979156,0.3486806087813424,0.018698226375099127,23,0.3637358036321556,0.1106719367588933,6.879012136003869e-05
4416,209,5.0,35507.19164404519,0.4437090706423297,0.2965045261739698,56,0.4704323022976244,0.10852962826647036,0.00042131317130599785
4417,6,6.0,18.556975703029963,0.3085905324870391,0.002508301759380082,6,0.31972837180089825,0.5333333333333333,3.61145575323646e-05
4418,68,6.0,1469.0143548899598,0.3643175838004805,0.0473370081214983,47,0.3853640027215003,0.3485513608428446,0.0001551538895527606
4419,31,6.0,306.3670275166453,0.37528725472865476,0.04789522868147129,31,0.39544931177055365,0.3806451612903226,7.901926541847693e-05
4420,42,6.0,494.2685450358666,0.3601357082273113,0.04749224825877851,39,0.379557230334414,0.2508710801393728,9.814103768864586e-05
4421,48,6.0,1440.144595405713,0.3674069800980675,0.03775714909771741,40,0.38700476265241907,0.300531914893617,0.0001215731339682671
4422,17,6.0,123.61698910385053,0.335616799283343,0.010706356465300975,17,0.34816559376141953,0.2867647058823529,5.674781295138334e-05
4423,5,6.0,6385.333668718381,0.2976585502640557,0.0013788944425551948,4,0.3066049091955782,0.1,6.640961609020122e-05
4424,4,7.0,0.0,0.27558305568776775,0.00042756576141246333,4,0.2839445528564767,1.0,3.5343696964201735e-05
4425,165,5.0,8077.289876226956,0.39702032165565393,0.24081464546818843,56,0.4256188831318652,0.21500369549150036,0.00030465536028542354
4426,77,6.0,3401.840464815523,0.3804659498207885,0.060902953874448204,48,0.4040037682524793,0.2272727272727273,0.00017175469640260494
4427,138,5.0,7651.102969721551,0.4040730871716787,0.21446078086875675,56,0.43102527869370866,0.2345287210409394,0.0002740590716411574
4428,57,6.0,2072.228311290645,0.36973180076628354,0.04928873713490098,43,0.3908489035431958,0.18734335839598998,0.00013312439312515963
4429,39,6.0,239.21861998581525,0.36334074961492385,0.052338124496575135,39,0.382830899670261,0.28475033738191635,8.970665431352576e-05
4430,138,6.0,7634.577080812588,0.4178585487468836,0.23265642853702762,56,0.44432145287072716,0.1541309637152227,0.00026084291518680444
4431,78,6.0,1287.3952330697234,0.40051565840774744,0.14682032130769182,56,0.42459831475378584,0.2580752580752581,0.0001529082181383093
4432,15,6.0,469.29229424095564,0.34619774963309236,0.012229807938527949,13,0.36097765216933864,0.18095238095238095,5.933201853556557e-05
4433,42,6.0,1276.3256633211931,0.35811076750070286,0.028483336486769484,31,0.37612393363686963,0.22183507549361206,0.00011661256115057752
4434,171,5.0,15313.557538496178,0.4333832335329341,0.2769945461843958,56,0.46014287957297356,0.16608187134502925,0.00032392173631734175
4435,28,6.0,2317.2851879892187,0.35365650508079294,0.015977125005562733,25,0.3703537970377152,0.09259259259259259,8.513543503183859e-05
4436,52,6.0,221.8021483423976,0.3590798894965327,0.0839784578842768,47,0.3791620871931563,0.6259426847662142,0.00010940506775968019
4437,51,6.0,3121.023103735287,0.3522092573134989,0.01733287436042438,32,0.37029099282983263,0.12156862745098039,0.0001441335282765487
4438,33,6.0,1170.090248487064,0.36757661453223295,0.04093364075455055,30,0.38654681530328,0.16666666666666666,8.845095457412504e-05
4439,217,5.0,36729.33488319354,0.43767179769103903,0.3358223396845,56,0.4655047888208935,0.16018091824543437,0.0004261100546656912
4440,106,6.0,5409.378373799435,0.3973423170503462,0.12472097475856338,55,0.42292615271892653,0.21581311769991016,0.00021503948918259942
4441,55,5.0,1887.2242615040243,0.3850665054413543,0.06156722966449975,43,0.4074396817920249,0.18114478114478114,0.00012451108851728552
4442,106,6.0,4954.903842187204,0.36087030426653066,0.03730477018000104,45,0.3850133458941564,0.14914645103324348,0.00026007025240168066
4443,236,5.0,27696.752305735405,0.43065792142808845,0.3725421743280617,56,0.46115298058307813,0.12473855030652724,0.0004353905030577725
4444,46,6.0,784.6246898369834,0.3640884925398731,0.0376280844581142,39,0.38392735646620035,0.242512077294686,0.00011097119565335264
4445,61,6.0,1102.4354928438345,0.3715652529023978,0.07930377438990954,52,0.39315695818285923,0.31748633879781424,0.00012836815551825318
4446,26,6.0,383.65169153039966,0.3761294513671529,0.03861146336462388,25,0.39604333490343785,0.12,7.294248868147665e-05
4447,181,6.0,24431.49078837775,0.43071616960843984,0.23738657822495682,56,0.45782959124932643,0.1403314917127072,0.0003575101836670253
4448,38,6.0,371.40198186663275,0.34738736773208245,0.02099850743247152,32,0.3633380436489026,0.4580369843527738,0.00010034963676898194
4449,58,6.0,2665.1736220301,0.36367270027979215,0.02862693718969496,37,0.38461820275290154,0.16878402903811254,0.00015202492149327508
4450,109,6.0,8402.824288244408,0.3959097407844844,0.10247514479587538,53,0.421494740147616,0.13744478423377504,0.0002448300203408298
4451,161,6.0,12794.072853635782,0.41106234671485736,0.2316252812066706,56,0.43954309938770375,0.20209627329192545,0.00030143175696765556
4452,14,6.0,480.46264269849326,0.3203561189074996,0.00952413757439442,13,0.3316088344585524,0.4065934065934066,6.033641720927336e-05
4453,222,6.0,37589.457943577254,0.4377018761597141,0.29338310621759733,56,0.4661197466897364,0.13415678121560476,0.0004383087527570134
4454,154,6.0,8642.192243622965,0.4186275798606547,0.1972442815142917,56,0.4461166064793534,0.18003565062388593,0.0002944843778209623
4455,2,7.0,0.0,0.2956824512534819,0.0020081653431090894,2,0.305271815116372,1.0,2.7392056634764252e-05
4456,21,6.0,1071.3295277043178,0.3332461280870657,0.023133689476185163,19,0.34618726121313964,0.40476190476190477,7.013279754339366e-05
4457,106,6.0,4729.833738504989,0.40652326546243694,0.15186746906051826,55,0.43209556706969865,0.17771787960467206,0.00021330798489877377
4458,47,6.0,1468.7296263807048,0.3753093694755451,0.04959795188656022,41,0.3966007222483896,0.13228492136910266,0.00011399021136002297
4459,157,5.0,10886.581845452482,0.4321188683085691,0.23265589793604688,56,0.458240435442551,0.14143393761228157,0.0003020329616134114
4460,275,5.0,37475.35516435228,0.4547986289631534,0.41483406851811555,56,0.48282304914432383,0.10059721300597213,0.0005127253936889458
4461,119,6.0,8011.097770773299,0.4098191879544431,0.14397688857088736,55,0.4357303606008692,0.15197265346816693,0.00024603645781331903
4462,74,6.0,5684.389746024284,0.3797174029690574,0.09042314403082444,52,0.4031323598681165,0.17919289152165863,0.00016598714182235698
4463,66,6.0,4701.991886495557,0.3665822493380914,0.029668573990541718,38,0.3880567331344411,0.1337995337995338,0.00017997607953748599
4464,51,6.0,1585.8204464324647,0.35987117188382867,0.027562899988569027,40,0.3800491966294888,0.19137254901960785,0.0001337151065789362
4465,73,6.0,2502.41967087803,0.3833513903936439,0.06889831546295813,46,0.4062725702622173,0.2671232876712329,0.00017014120440230404
4466,23,6.0,555.0820980936918,0.3558498156218572,0.021578232668218938,21,0.3719814727586571,0.2648221343873518,7.461953443842454e-05
4467,26,6.0,439.13696727565605,0.3449041481641937,0.016893836616614515,23,0.3600094206311585,0.2276923076923077,7.870435200571303e-05
4468,78,6.0,4873.773970549213,0.36906762473199284,0.037456506907647916,44,0.3911105877427034,0.16083916083916083,0.00019746380212877718
4469,170,6.0,23019.263988300765,0.4175024582104228,0.2803122919855565,56,0.44588894122578077,0.18746954403063001,0.0003513261043128666
4470,48,6.0,3310.6261894493778,0.3642550757792393,0.0270841605270159,35,0.3844638090751922,0.17375886524822695,0.00013007996937861597
4471,80,6.0,2840.398743061646,0.3779597649991098,0.07223842596087489,48,0.4011435599518532,0.24367088607594936,0.0001743773871571867
4472,82,6.0,5520.930494115494,0.40177895533686603,0.1001488404276051,51,0.4259433715392587,0.21650105389942786,0.00018308871330781983
4473,36,6.0,1332.629848513931,0.3652368390870513,0.0331740558970954,29,0.3839639922541326,0.1746031746031746,0.00010094841713953373
4474,269,5.0,65268.65940663877,0.4492487832404599,0.3421206066892253,56,0.47817553776106453,0.06796870665261055,0.0005461655460205554
4475,10,6.0,256.74407148548846,0.3421250537172325,0.012231891836172818,9,0.3556628460773287,0.5777777777777778,5.3558441617256264e-05
4476,497,5.0,262667.7243466421,0.4800633149920856,0.5357582188799127,56,0.5131627152352749,0.0399980528331278,0.0010278353561852336
4477,19,6.0,13077.988652803962,0.35135433331494453,0.020348813302873598,18,0.36641806667711446,0.16959064327485382,9.004165595206376e-05
4478,4,7.0,239.27107462376205,0.30338684323345877,0.0018365691773450192,4,0.31248906533879744,0.5,4.294765339117875e-05
4479,104,6.0,2959.7012358615216,0.3896604466197614,0.17158346500786992,56,0.4149945046318288,0.3450336071695295,0.00019998046143175277
4480,65,6.0,2679.166004251362,0.3573873520004489,0.02656944759291577,43,0.37851572722037025,0.14278846153846153,0.00016431709328121108
4481,66,6.0,4270.473810373311,0.37420681551116336,0.06923641064650969,51,0.3959412780656282,0.3407925407925408,0.00015020944474950125
4482,38,6.0,1328.917572305751,0.36093165589935394,0.022817507533539845,30,0.37951274402049906,0.16358463726884778,0.00010642348476535666
4483,82,6.0,1957.2447829371572,0.387267420649398,0.10998911486171546,54,0.41160307740620133,0.26618488407106294,0.0001675315937453832
4484,40,6.0,528.6119699655795,0.3694101270227945,0.04654278921520201,37,0.3893651541319843,0.23333333333333334,9.930483348550011e-05
4485,22,5.0,343.16273112896727,0.3521703068841581,0.024940394879989853,20,0.36952425812527195,0.22510822510822512,6.73497789513238e-05
4486,15,6.0,211.76671583257504,0.34069755001604796,0.013833181848562543,15,0.3542419008739993,0.3523809523809524,5.518491209634139e-05
4487,90,6.0,14460.808631561356,0.3997363961589155,0.12414787795525246,55,0.42414821793063134,0.15730337078651685,0.00018895087587892992
4488,26,6.0,1189.3516461615695,0.35300964416361824,0.023179597000329143,25,0.37023865598993017,0.20923076923076922,8.030088941550159e-05
4489,1,8.0,0.0,0.20097188476223535,4.472982901661405e-07,1,0.20334152031046077,0.0,4.8732265076975866e-05
4490,32,6.0,471.052577050121,0.3576884196338313,0.028435779399693502,30,0.37551682629400995,0.23387096774193547,8.430405326215719e-05
4491,69,6.0,6856.783984848926,0.3789492473374189,0.03706709311442706,43,0.4016302925629392,0.12958226768968456,0.00018028635616771778
4492,63,6.0,877.0615922543591,0.39726796407185627,0.10095082710003747,52,0.42070968754909244,0.28827444956477216,0.00013347133353946113
4493,5,6.0,24.82437379476312,0.2903181693864527,0.0015407931469695248,5,0.3002041136756183,0.2,3.822517953575555e-05
4494,7,6.0,13.048239292548706,0.3213907251349851,0.00790978423252328,7,0.331928089181951,0.4285714285714286,3.7311901037540785e-05
4495,16,7.0,320.76638933383174,0.2988176785211598,0.00136339810175679,13,0.3086292233960572,0.6583333333333333,0.00011349506616897753
4496,94,6.0,1092.5905451025303,0.375885269121813,0.1425120340026752,56,0.39982467158633056,0.43308167467398767,0.0001811588481129231
4497,51,6.0,2581.041490765922,0.36078853452670934,0.024966721823986265,36,0.38054901345055026,0.2054901960784314,0.0001390942421732236
4498,1,7.0,0.0,0.2754757785467128,0.0005282581994502075,1,0.283536325505244,0.0,2.5723209443042917e-05
4499,18,6.0,192.686221251125,0.34629186602870815,0.015760875788281028,17,0.36074213638978225,0.33986928104575165,6.0056131792444703e-05
4500,215,5.0,11928.949256505093,0.42659075686537173,0.4068520058834785,56,0.4564923849898425,0.1942186481199739,0.00037596642393690564
4501,10,6.0,63.876251402279394,0.31570338058887676,0.004219376829575167,10,0.3253755168262731,0.3111111111111111,4.696593725637812e-05
4502,123,6.0,4821.096456475281,0.400868580060423,0.19543288345403154,56,0.42729366200872015,0.34172997467679594,0.00023449510812720818
4503,100,5.0,4794.300535524463,0.40691285458727317,0.12565773591971988,55,0.43144920709691387,0.12787878787878787,0.00020499145395410013
4504,26,6.0,174.92720775852453,0.31557823803389157,0.003783263282804086,20,0.3277934788297262,0.5907692307692308,9.663126295977859e-05
4505,138,5.0,43568.38399794848,0.41926140477914553,0.10470347088099596,45,0.44532632019683943,0.0903416904686343,0.00034425516490650996
4506,45,6.0,1235.6313753359616,0.35778888826470423,0.040199764605678534,40,0.37631496310251006,0.5717171717171717,0.00011077268926694986
4507,179,6.0,10277.0906470202,0.4184625492772667,0.2440811859175986,56,0.4471502590674107,0.15366267026552005,0.0003336798357254696
4508,5,6.0,27.363278912366514,0.3121446775142129,0.0024578325868588784,5,0.3221175485424031,0.2,3.494333947610528e-05
4509,78,6.0,4032.1244822448293,0.40185500662502366,0.08736941993932332,51,0.42557439681795234,0.17815517815517815,0.00017049123167951159
4510,127,5.0,6284.954005631504,0.40458645661288273,0.18675916581885277,56,0.4313131313131679,0.13898262717160356,0.000244992444474643
4511,5,6.0,4.265252222330573,0.31532825032181405,0.004099722831108264,5,0.3260899146909295,0.4,3.448199360950006e-05
4512,9,7.0,126.8954414794231,0.281353536245969,0.0005653145022526268,7,0.29002758899132847,0.6944444444444444,8.643512887932844e-05
4513,58,6.0,1053.10137146615,0.3671104962822065,0.06448569723304393,49,0.38823729523210215,0.3042952208106473,0.00012864617176642135
4514,192,6.0,12720.55654605279,0.37319817180358605,0.07021528322048402,45,0.40280263777673114,0.12423647469458989,0.0004414512521534075
4515,71,6.0,2182.0052063272965,0.3931238812418986,0.08595768818417884,50,0.41686816350030975,0.26317907444668004,0.0001539683718999928
4516,110,6.0,19496.486368733724,0.3982616308154077,0.09086453059196863,51,0.4239938242529205,0.13427856547122602,0.0002590216960236134
4517,126,6.0,3029.311587935894,0.3941700705532863,0.21016529439211445,56,0.4208300622808639,0.26476190476190475,0.0002343174326691659
4518,47,5.0,202.6101478036484,0.3677676406051507,0.09382720392324648,46,0.387826451038875,0.5957446808510639,0.00010299038743521647
4519,54,6.0,804.9891537674052,0.37295777946946185,0.051174418116918585,42,0.393559951850103,0.4276729559748428,0.00012705306249028182
4520,51,6.0,1325.3725572698038,0.38492687054272934,0.07256924574959156,45,0.4069241639189938,0.18352941176470586,0.0001148427823704951
4521,49,6.0,1227.4305397133014,0.37704238692872366,0.05008938336570587,42,0.39804260218768095,0.18282312925170066,0.0001147317949882044
4522,130,6.0,6481.427426691849,0.4101358748148625,0.17649676334005196,56,0.43667504056109396,0.17543231961836614,0.0002540451965135898
4523,24,6.0,249.7694784609461,0.34157460045049876,0.024408221141078747,21,0.3556863976552846,0.5869565217391305,7.178228588529627e-05
4524,58,6.0,4491.073331043032,0.37641843971631206,0.03897445623523594,35,0.3983749411210558,0.13127646702964307,0.00015511412477647114
4525,4,7.0,19.389973307879472,0.2998164101115662,0.0010424720047377378,4,0.3084172591944546,0.5,3.4060261443978225e-05
4526,99,6.0,2687.576657594601,0.38623408126137054,0.1501867278447757,56,0.411009054273317,0.3143681715110287,0.00019206346568559056
4527,132,5.0,8706.37841949815,0.39331810041375903,0.18284117657643928,56,0.42010519704822585,0.23363405042794355,0.0002611780268800414
4528,55,6.0,3765.0402258159065,0.38117182356813695,0.04918750398886081,42,0.4026089914691015,0.1037037037037037,0.0001352218131672561
4529,67,6.0,2040.2270425040385,0.382775407175912,0.08765285396258343,52,0.4061652797404185,0.20940750791497062,0.0001422928151550805
4530,9,6.0,271.50960390970994,0.3332810047095761,0.009275401596301438,8,0.3447846339037764,0.16666666666666666,5.06275645732176e-05
4531,73,6.0,3375.4674604958623,0.38450857280850037,0.07210572464261188,48,0.40783220809128673,0.23401826484018265,0.00016232707569377572
4532,144,5.0,6890.993297248414,0.4120996441281139,0.21558138204845512,56,0.43948291202181755,0.18181818181818182,0.0002715394722187028
4533,33,6.0,359.5906875309263,0.3768193113241037,0.05079204074959274,32,0.3973412885329988,0.30113636363636365,8.263197099689083e-05
4534,305,5.0,92500.8814060198,0.4295541916773454,0.15239198940236973,45,0.4639058983619047,0.10230802415875755,0.0007150135438563508
4535,4,6.0,4.91818450349968,0.29738058551617874,0.0013259066698200262,4,0.30605798921860644,0.8333333333333334,3.7886182314594454e-05
4536,14,6.0,1514.0988766862247,0.33128738621586473,0.006373350964172288,13,0.34161825508973015,0.3736263736263736,6.308193064834323e-05
4537,67,6.0,657.4843473957599,0.36656115107913667,0.09940055531013389,56,0.387920657350697,0.5391225689733152,0.00013752385916926274
4538,137,6.0,6682.542810011516,0.40569463023122493,0.21353052079917403,56,0.43250117757893586,0.2718978102189781,0.0002583300821859037
4539,1,6.0,0.0,0.28560538116591927,0.0011755567505073968,1,0.29503061705134803,0.0,2.5481616822794395e-05
4540,23,6.0,79.01587854678421,0.34843262760544885,0.044738160670855585,22,0.3641597320353574,0.5019762845849802,6.155511662190537e-05
4541,4,7.0,116.15079261491023,0.27097515316541865,0.0003068595381586608,4,0.2789411509618816,0.16666666666666666,4.9754149059844286e-05
4542,95,6.0,4695.6866698958265,0.4024390243902439,0.12865390676932356,55,0.4272099230648786,0.19328107502799552,0.00020015677769532502
4543,34,6.0,970.4635669599344,0.3615257989442016,0.029602535995706204,31,0.37927199455695293,0.1978609625668449,9.074296597668336e-05
4544,118,5.0,8952.765751604265,0.40155097408738416,0.14630728815436383,55,0.42766787041401727,0.15457047660437492,0.0002408026863393164
4545,51,6.0,4282.838208684074,0.38169723121179433,0.043827237145994534,33,0.4030198356623297,0.2603921568627451,0.0001432374290516479
4546,94,6.0,9331.852407096636,0.38564940962761124,0.05000494676979239,45,0.41079709007171494,0.10821322351864562,0.00022548929965274288
4547,118,6.0,4404.866650497697,0.4109032258064516,0.19556193468349936,56,0.4366174700372026,0.28190641749963785,0.00023311960806950027
4548,45,6.0,833.0936220190957,0.375951832831592,0.07029027472907827,40,0.3973779243209293,0.22323232323232325,0.00010247398427409907
4549,84,6.0,7503.711927673858,0.3961559992535921,0.09206302315155358,49,0.4201523002041393,0.15289730349971312,0.00019989240054350493
4550,93,6.0,3938.991608807905,0.3999623210248681,0.1284241062517713,56,0.4245041084419626,0.25829827021972884,0.0001942973919707874
4551,84,6.0,9455.435149829342,0.37847634894223914,0.07838174501552037,52,0.4022583346417583,0.2174411933448078,0.00019896536030725252
4552,117,6.0,2085.304624718145,0.38710265605056826,0.1714839389692631,56,0.41278588998797805,0.35602711464780434,0.00021912810967845482
4553,1,7.0,0.0,0.27621649752797295,0.0004665620327722929,1,0.28447838862347385,0.0,2.595707861873239e-05
4554,48,6.0,1399.7852419962596,0.3509284258085845,0.020534384306843737,37,0.3696106139111095,0.18617021276595744,0.00013029329527075418
4555,20,6.0,790.7327988419221,0.34678209735380594,0.015205872625409785,18,0.36100120374729616,0.18947368421052632,7.369278684874631e-05
4556,33,6.0,1279.228022046642,0.3547794117647059,0.04100170215001494,30,0.373195687444371,0.22348484848484848,8.846869417139979e-05
4557,21,6.0,300.47258822373834,0.3538529918328796,0.019708840682298407,20,0.3697964096927636,0.3904761904761905,6.667806432540434e-05
4558,11,6.0,54.547691684972875,0.3338050314465409,0.008540660154424642,11,0.34452033286227207,0.34545454545454546,4.754413023475129e-05
4559,77,6.0,2325.609632107699,0.38911290322580644,0.08207932787828318,50,0.41314963102529584,0.23820915926179084,0.0001653996995122113
4560,127,6.0,2348.798527835024,0.40613442162989416,0.2542185053181163,56,0.43304809755590806,0.34358205224346955,0.00022901721858626192
4561,63,5.0,3359.498623422182,0.38882783882783883,0.08539385706010363,49,0.41152718898834517,0.1525857654889913,0.000142248755868291
4562,62,6.0,3471.7850594432034,0.36932444186720786,0.04360745812022374,43,0.3903621709321103,0.2792173453199365,0.00014921031124126956
4563,144,6.0,7545.331055915661,0.4083739420364196,0.23306933107285605,56,0.4358585858586272,0.2194055944055944,0.00026703689058373914
4564,34,6.0,947.1332136699693,0.34119033588685915,0.012272643294608872,26,0.35826660386242987,0.21212121212121213,0.00011040799575108992
4565,25,6.0,620.8526114816402,0.3562279769562056,0.016150159690902992,23,0.3735411105877235,0.17666666666666667,7.846196889643508e-05
4566,63,6.0,8485.011547352335,0.4001382170006911,0.09414477842430491,46,0.4230753127126483,0.13620071684587814,0.00015364321154252402
4567,196,5.0,27981.803139127762,0.4262196346115238,0.2421464186386588,56,0.45440937876176096,0.1443223443223443,0.0003986649885301088
4568,15,6.0,216.98673436390777,0.3329151638701584,0.008267631923398685,13,0.3460799706913414,0.24761904761904763,6.020614406111672e-05
4569,60,6.0,1626.7323246487474,0.3796268701198069,0.0726908876768299,46,0.40233945674360677,0.21638418079096047,0.00013717578135011873
4570,71,6.0,4055.4623843427926,0.3848803480783176,0.06774085436407784,47,0.4082090333385788,0.13682092555331993,0.0001590121291228684
4571,20,6.0,834.0469356919342,0.3417395503568171,0.009803073047248374,17,0.35616004605639334,0.14210526315789473,7.356240751907821e-05
4572,155,6.0,13154.366513461497,0.4058238817382439,0.10132777253224882,45,0.4340634322499995,0.14520318391286133,0.00034470288920099485
4573,146,6.0,11331.7274346853,0.42237548909078854,0.20041125620297293,56,0.4488799916261561,0.08474256022673596,0.00028284645411649745
4574,20,6.0,581.8525865086167,0.3520340481980986,0.023631322124229193,17,0.36809546239595986,0.07894736842105263,6.489067903037606e-05
4575,115,6.0,5775.510808201194,0.42243151820653974,0.20368647030856704,56,0.4471136232794767,0.1823035850495805,0.00022739101009746412
4576,89,5.0,5191.93467249195,0.3962052877138414,0.09295486602085568,50,0.4205762286073425,0.16828396322778347,0.00020005947544698977
4577,9,6.0,6549.916718964545,0.3177350960339237,0.002500870324936358,8,0.3279635735594069,0.027777777777777776,7.132438308581861e-05
4578,48,6.0,3409.130553610783,0.383605372523038,0.05185193617153246,41,0.4054849008216979,0.20567375886524822,0.0001230905633483531
4579,63,6.0,2792.8016537663993,0.3641717651094974,0.029245368165045124,42,0.3856361542889887,0.16180235535074244,0.0001622147222040408
4580,39,6.0,1578.2534712272004,0.3573873520004489,0.020333321553520224,32,0.3760140262730745,0.14979757085020243,0.00010848404769976901
4581,109,6.0,29034.89097032789,0.400868580060423,0.06245163467223873,44,0.42677291045169896,0.06999660210669385,0.0003085514659480242
4582,128,5.0,4831.839691792385,0.4154869854524105,0.20943458745272392,56,0.44138012246825403,0.2128444881889764,0.00023806803617664816
4583,40,6.0,3563.9237276003464,0.34067932602300083,0.011644071873444387,27,0.35712042706858593,0.3525641025641026,0.00013698059322713032
4584,97,6.0,4749.735897598987,0.38443894489044483,0.10040224366438139,53,0.4093970796043454,0.12714776632302405,0.00020854504115102346
4585,24,6.0,400.14013662815034,0.3522482163597146,0.02238270071835631,23,0.3681949023917737,0.3949275362318841,7.312361299673937e-05
4586,12,6.0,469.5167413496431,0.33080558873941723,0.0070565159940857245,11,0.341610404563744,0.18181818181818182,5.407239843971925e-05
4587,164,5.0,7527.895080387093,0.4055138163759073,0.26824991605865484,56,0.43361856911083546,0.17649259314679036,0.00029581990440468727
4588,11,6.0,2115.764431004016,0.32877348750774316,0.006641498155056681,9,0.3395038467577066,0.16363636363636364,6.978954090392463e-05
4589,22,6.0,171.2895893278397,0.340788699234844,0.011860225017784864,20,0.3557282671272035,0.5541125541125541,7.334415917463871e-05
4590,19,6.0,183.04262227796352,0.34477345314783736,0.02204545229889393,18,0.3595436227560339,0.5146198830409356,6.125943142514705e-05
4591,79,6.0,4674.190415881669,0.3928813768428845,0.07433432151216422,48,0.4163683466792491,0.18143459915611815,0.00018029046284622635
4592,19,6.0,210.6979366415137,0.34619774963309236,0.017850235545146677,18,0.36064269639396923,0.30409356725146197,6.0454691618187255e-05
4593,121,6.0,9112.695751523808,0.3853460793804453,0.059978218320413494,45,0.4117522373999195,0.1400826446280992,0.00028588663761352687
4594,12,6.0,102.19068744259103,0.33710898216270574,0.009958815496898364,12,0.3494085937090834,0.18181818181818182,4.836542687643323e-05
4595,192,6.0,7425.906666161016,0.40574632095304836,0.29771523980976017,56,0.4358742869105959,0.2324934554973822,0.0003433462616461202
4596,41,6.0,671.2988653279884,0.37731042654028435,0.05580351472075396,37,0.39763960852043856,0.2182926829268293,9.983280780669263e-05
4597,35,6.0,469.88843534710026,0.3488716038562664,0.02257535625007112,33,0.3661014287957063,0.3613445378151261,9.239390889886137e-05
4598,7,7.0,43.29101991768561,0.31787781992413655,0.003933521972543579,7,0.3287710562321731,0.14285714285714285,3.986040601097951e-05
4599,2,7.0,2.566773770383791,0.2797592901695511,0.000465529986537317,2,0.2879314985532686,0.0,2.8932418518814067e-05
4600,53,6.0,460.55741552247804,0.3707865168539326,0.060871911894871004,47,0.39175433087349487,0.4346879535558781,0.0001180275752602504
4601,3,7.0,6368.0,0.25151048453974645,5.986558981977463e-05,2,0.25627406560049554,0.3333333333333333,8.888606253928686e-05
4602,183,5.0,7034.936487953877,0.40997747022851627,0.30630551001434536,56,0.43913748887846543,0.240257010748814,0.0003232638220038872
4603,72,6.0,4411.2833067578495,0.38882783882783883,0.13954363067773018,56,0.4124509342126089,0.4182316118935837,0.00015152528918080036
4604,180,6.0,31620.028807291714,0.4271629778672032,0.16859119263279948,55,0.45461872612136556,0.1345127250155183,0.0003758695840970149
4605,55,6.0,7838.795368536044,0.3680864589955499,0.025546486723862845,33,0.38880514994503573,0.1259259259259259,0.00016773912553394
4606,1,7.0,0.0,0.2676387779972265,0.00022723201765381866,1,0.27450971596049667,0.0,2.6345092274961583e-05
4607,21,6.0,218.844655284402,0.36033946251768034,0.02652183377916125,20,0.37739571884647927,0.26666666666666666,6.68413645485771e-05
4608,72,6.0,1445.1877695597475,0.3877625570776256,0.10054362541168965,54,0.4114094310985657,0.1850547730829421,0.000147182160708175
4609,61,6.0,4969.480344872258,0.37057078024087975,0.033012923009109955,38,0.39247657926413715,0.14863387978142076,0.00016678847743384028
4610,99,6.0,3677.196050899588,0.39148073022312374,0.11338353172985137,54,0.41642068351914957,0.16202844774273345,0.00020149161524922772
4611,56,6.0,11861.688120891922,0.3710673502680028,0.025273380071828288,33,0.39222274559061465,0.06883116883116883,0.00018462729494774904
4612,95,6.0,4551.056575181045,0.4004401131719585,0.1434295180607515,56,0.42526037577854153,0.13706606942889138,0.00019789020336693198
4613,4,7.0,0.0,0.2937053262623934,0.0014923918849070504,4,0.30233198005218564,1.0,3.264976106947556e-05
4614,47,6.0,1084.6368029272442,0.3709160794362588,0.044693776654449985,39,0.3911524572146262,0.20351526364477338,0.0001142959064057454
4615,50,5.0,2098.726345480523,0.36938870200672774,0.037634195581376324,39,0.3891531899303827,0.2179591836734694,0.00012798961114652115
4616,124,6.0,6964.565036063191,0.41497263487099295,0.17518766339998731,56,0.441359187732293,0.1787306582743247,0.00024127207148783638
4617,65,6.0,1465.2477672212005,0.3692816141937728,0.037402734840950885,44,0.3911812424765708,0.2173076923076923,0.00016068623991482978
4618,30,6.0,1515.2372280293732,0.36048222775639577,0.031149870227636586,24,0.37857068090226975,0.21379310344827587,9.220684482784821e-05
4619,179,6.0,10004.206898982873,0.4123397643402823,0.3124221235803856,56,0.44157376877588794,0.20494633105266463,0.00032462818237469806
4620,63,6.0,6393.868179156336,0.39485430874147553,0.06836740092834687,42,0.4179018160883682,0.11008704557091653,0.00015656679238287044
4621,97,5.0,5051.452519059925,0.4089508154616669,0.1353969084016046,55,0.43363688700480335,0.12564432989690721,0.0001967882523655379
4622,7,7.0,884.2504657002455,0.24436941257721675,4.358765533111584e-05,5,0.24934466799752614,0.7619047619047619,0.00014253016050323926
4623,27,6.0,461.52276674452116,0.35614829726555947,0.02558410738525957,26,0.3730491442926492,0.18803418803418806,7.665491306825897e-05
4624,23,6.0,3702.1019145723017,0.3003253642665158,0.0017400474491625138,13,0.3108101742816704,0.3992094861660079,0.00016813350627243464
4625,117,5.0,5394.510013990551,0.41274058712980366,0.18535841968059447,56,0.4383524362799428,0.1623931623931624,0.00022440429732856798
4626,1,7.0,0.0,0.24788852994979177,4.728874697789499e-05,1,0.2521252495345823,0.0,3.0325014880417382e-05
4627,33,6.0,1057.270636885519,0.3551156955673265,0.029603722588883576,30,0.3721568011723266,0.32196969696969696,8.983496953021462e-05
4628,50,6.0,1417.9213987160294,0.3510444799647247,0.023623301731651367,38,0.36996388758044535,0.2530612244897959,0.00013600933797832112
4629,39,6.0,1050.3079654424885,0.3639220615964802,0.0375282330339263,32,0.3829905270319618,0.19973009446693657,0.00010128991703947886
4630,167,6.0,9455.461693955078,0.43010534846029175,0.3058463877634356,56,0.4564321976239541,0.24724045884135346,0.0003142012387675819
4631,68,6.0,3145.2292827204733,0.3791522800333373,0.05642793605333331,45,0.40225571779976377,0.3099209833187006,0.00016065044133346264
4632,66,5.0,2054.2818281666378,0.3875737844581026,0.07996959138696715,49,0.41075522059979513,0.21072261072261073,0.00014611161400307062
4633,49,6.0,1367.6251557109476,0.3812630948817719,0.06692893448221095,39,0.403299837755803,0.13860544217687074,0.00011344788536829277
4634,3,7.0,0.0,0.25060990005508776,7.62812532658264e-05,3,0.2548740551331277,1.0,5.1308508101024475e-05
4635,23,6.0,433.9037551008804,0.3475390156062425,0.015733675299053795,22,0.36217354896109255,0.25296442687747034,7.182827158241131e-05
4636,146,6.0,14560.562492702005,0.42243151820653974,0.18073399538647977,56,0.4492777516094071,0.12867264997638167,0.0002896432124263258
4637,63,6.0,1153.8965032569233,0.3779373368146214,0.0648049122039558,47,0.40082953891244344,0.21351766513056833,0.00013880317407344414
4638,92,6.0,3373.4242582982356,0.37944593386952635,0.12336263142845036,55,0.40317684618203276,0.24295269947443862,0.00018616364178771787
4639,41,6.0,2261.8948376258104,0.3661607450845119,0.025124656530079954,29,0.38595540901239034,0.1975609756097561,0.00012014859041279835
4640,54,5.0,7921.555453955806,0.3982865361765993,0.11227819027603957,49,0.42014968336214575,0.31516422082459816,0.00012442472811704017
4641,14,6.0,111.3409282726041,0.3546016368799065,0.022372065270566066,14,0.37084052964880004,0.2857142857142857,4.9520546711086335e-05
4642,23,6.0,635.1067589641638,0.33293256664924203,0.019980005893515364,19,0.34815512639344165,0.28063241106719367,7.90689678761173e-05
4643,110,6.0,6749.634553713856,0.3945607731383967,0.19515389097560523,56,0.42034594651177415,0.3231025854879066,0.00021258731944916786
4644,81,6.0,3124.808877845179,0.39025735294117647,0.09920273366257366,52,0.41463861412049813,0.10123456790123457,0.00017148094475883963
4645,101,6.0,4494.733265403271,0.3905924199681099,0.09915166012660898,53,0.41551263934685573,0.23089108910891087,0.00020922578604993971
4646,52,6.0,435.8845878527617,0.3725214949991226,0.10004474462145709,51,0.3937562149997337,0.3770739064856712,0.00010863648054336761
4647,102,6.0,5170.4813891598105,0.4001885014137606,0.10694208046251608,53,0.4258177631234937,0.20034944670937682,0.00021651431000610754
4648,18,6.0,216.9408072830802,0.33693064592921756,0.01390251551421629,17,0.351800387292586,0.29411764705882354,6.349094957005693e-05
4649,125,6.0,9731.25394888083,0.3995107263831389,0.12318289050642209,52,0.4260428115350702,0.1703225806451613,0.00028248298738235646
4650,2,7.0,4.273586063421554,0.2854773644105782,0.0006799256476405932,2,0.29411098400736246,0.0,3.499828239651767e-05
4651,10,6.0,67.43001661132777,0.3124202884332385,0.002453429417705319,9,0.3228031611451133,0.35555555555555557,5.373264275724588e-05
4652,183,6.0,15078.086544776785,0.4326766304347826,0.2611034359014956,56,0.459687549065832,0.19023599351468207,0.00035482437041695726
4653,7,6.0,308.8062444721658,0.3203400060356101,0.003026458334964409,6,0.3297011566441374,0.2380952380952381,5.311403110470261e-05
4654,1,7.0,0.0,0.2721678560745267,0.000319399598627287,1,0.28015424414388707,0.0,2.593664709240497e-05
4655,122,6.0,10522.861391623164,0.3934881996787347,0.06976951098060499,45,0.4200319254723637,0.14225714672808562,0.0002814287710186244
4656,65,6.0,1352.8799650052856,0.3833052479537795,0.05191965036626872,45,0.406298738682168,0.2985576923076923,0.0001528940915982858
4657,44,6.0,1561.4590629245913,0.3635689005594246,0.043479727014575774,39,0.38354268069292285,0.3023255813953488,0.00011370613569112499
4658,3,6.0,863.5161836385186,0.32514804982642437,0.003996675982006085,3,0.3336892238446384,0.0,3.978762404523885e-05
4659,139,6.0,15777.308896655604,0.38686752110793904,0.07490025610521817,45,0.41448422044278577,0.12490876863726409,0.00031998085405338377
4660,120,5.0,11563.776275757284,0.4135445750275956,0.15623843507688917,56,0.4393468362380743,0.11750700280112045,0.00024814181359560333
4661,80,6.0,12587.15326493691,0.3844621513944223,0.05721232229853902,46,0.40775108598943915,0.22879746835443038,0.00019536608431197747
4662,44,6.0,2017.3660414785134,0.3626373626373626,0.03531365237121656,38,0.3816533207724756,0.22832980972515857,0.00011549542579423153
4663,168,6.0,26912.125446610735,0.42223548130469374,0.20091488803232743,56,0.4500261684200016,0.11334473909324208,0.0003664168665089713
4664,41,6.0,932.3544502288898,0.3449601906515734,0.04744480110104795,35,0.3625137384204484,0.3341463414634146,0.00010180271973125169
4665,96,6.0,4458.3656858881495,0.4098983138113013,0.12505504551492744,54,0.43478306379864967,0.20043859649122808,0.0001972994960528399
4666,89,6.0,11537.034148895447,0.3994606121424987,0.08947884603842962,51,0.4241691526665918,0.2423391215526047,0.00020857311837337527
4667,46,6.0,2036.0719822240956,0.3507738062455251,0.04585372618235526,38,0.36964201601504987,0.22995169082125602,0.00012417899041903803
4668,29,6.0,229.24654771122596,0.3539316476799111,0.02873155417834513,29,0.3709739885905491,0.3522167487684729,7.644707078862416e-05
4669,93,6.0,9389.677751852449,0.39054451802796175,0.08922491082500096,52,0.41548647092690477,0.15544647031323047,0.0002038245827342558
4670,150,5.0,14173.219309286891,0.41646504936899237,0.18066004274786165,55,0.4434212592244183,0.1458612975391499,0.0003058342672830986
4671,96,6.0,4380.881580747807,0.39848589125946315,0.12199203276543075,55,0.4236143821636338,0.2155701754385965,0.00020136731713410515
4672,21,6.0,61.083802482684014,0.3494266747133374,0.025893703502633945,21,0.3643272099230443,0.5904761904761905,6.454808419486852e-05
4673,51,6.0,1617.046592141984,0.38268341044282883,0.06550329783790076,41,0.40469984822317273,0.18431372549019606,0.00012434919410099767
4674,57,6.0,1681.258692396543,0.3827984132708258,0.06637593706289228,42,0.4051577955723121,0.2274436090225564,0.0001328120747398835
4675,6,7.0,19.048521189124966,0.2847116674117121,0.000689334848022235,6,0.2949640744977595,0.06666666666666667,3.994893531196385e-05
4676,85,5.0,3573.818306357268,0.39808738046127884,0.10055413320924723,53,0.4219422201287765,0.15630252100840336,0.00017862339886633768
4677,64,6.0,1295.7333182355014,0.39273601775914163,0.08202782969082828,52,0.4157376877584343,0.3854166666666667,0.00014154657357047217
4678,31,6.0,488.7944883824504,0.3649020281883809,0.033829980766899276,31,0.383699691212629,0.15913978494623657,8.114428719190122e-05
4679,2,6.0,0.18603373911317087,0.30608419838523643,0.002370977673954422,2,0.3154550688229335,0.0,2.7097330260577185e-05
4680,14,6.0,142.1071489006046,0.3278089453909105,0.006005550714960711,13,0.34222797927458604,0.2857142857142857,5.595311821678269e-05
4681,1,7.0,0.0,0.29235712646316275,0.0014368461148528632,1,0.30087552056463945,0.0,2.5484285057968467e-05
4682,40,6.0,4287.1614655547355,0.37232549982462293,0.031563937132484586,27,0.3929135918773173,0.12948717948717947,0.00012557718064329937
4683,44,5.0,2117.602685851153,0.3781617385108657,0.04827646529945315,36,0.39918877898152744,0.1331923890063425,0.00011167985455351179
4684,158,5.0,11017.072086647726,0.4213695004961958,0.20218113168444146,56,0.44849008216889047,0.14117552205111666,0.00030422111819407174
4685,83,6.0,2184.330552468111,0.39791328251905533,0.11835659030352454,56,0.4218113780290223,0.23508668821627976,0.00017166036345607166
4686,153,6.0,6406.029627606866,0.39322096684571217,0.27457692838885606,56,0.4213586643638697,0.2608359133126935,0.0002809903303056359
4687,78,6.0,2413.9746934508325,0.3787464319695528,0.08415188034716015,51,0.4018815093944668,0.33266733266733267,0.0001674515632617521
4688,17,6.0,405.20393418763376,0.3366634950840469,0.008341073016606798,16,0.3498325221122857,0.22058823529411764,6.595079848890956e-05
4689,50,6.0,855.9322911062789,0.3816514860977948,0.070960483867942,44,0.4040090019364704,0.23183673469387753,0.00011315614799118564
4690,139,6.0,6007.119190470853,0.41095625241966705,0.1976610663654058,56,0.43814047207834006,0.15097487227609216,0.00026576142367938947
4691,55,6.0,2534.29865751156,0.38266041816870944,0.05784495876222973,45,0.4047521850630743,0.3151515151515152,0.0001265959885252238
4692,26,6.0,132.49987365101796,0.33968,0.017742686333945202,25,0.3543753598157471,0.6,7.494783220372038e-05
4693,133,5.0,5007.2025281802835,0.4177215189873418,0.2225412985508606,56,0.4436149055320552,0.2858282068808385,0.0002569335160910272
4694,26,6.0,1075.867521064663,0.3407157759589151,0.021390301901262853,21,0.3541817135081138,0.4092307692307692,8.480993348332758e-05
4695,41,6.0,1117.7806445768192,0.35201459127839496,0.02751224224587948,29,0.36926780760975625,0.33048780487804874,0.00011795122309740295
4696,50,6.0,941.5837321861295,0.3608498583569405,0.03360449447790692,41,0.38078714607210234,0.19673469387755102,0.00012485715900672445
4697,12,6.0,96.57611366868548,0.315765989092712,0.003128704893374603,12,0.32559271471186485,0.7575757575757577,7.933030918886287e-05
4698,185,6.0,16408.67485180283,0.42020188691693605,0.29589637431398347,56,0.4490762547757892,0.16227967097532314,0.00034139670340757383
4699,15,6.0,294.5437532206457,0.3387045309508615,0.014063560656819515,13,0.3518631915004704,0.19047619047619047,5.8290618747739676e-05
4700,146,5.0,12672.832992046453,0.42567838524261464,0.17094401629206832,55,0.45165122729894436,0.10533774208786018,0.0002931364669095336
4701,51,6.0,2125.372595796376,0.3724125833235879,0.0778147654766921,41,0.3933793897524418,0.37960784313725493,0.00011984976742484921
4702,5,6.0,1.8715644570649066,0.3186411847108265,0.003708829937769995,5,0.32809703250115474,0.7,3.330167608604997e-05
4703,20,6.0,14.36883201054268,0.33517524471108306,0.017514224806345065,20,0.34805045271363644,0.8052631578947369,6.28917283758235e-05
4704,74,6.0,4675.359573517457,0.3916492436354692,0.07319326324072967,49,0.4152640393573237,0.18178452425027766,0.00016719447058686845
4705,196,6.0,13258.787537367756,0.420479302832244,0.32597071600959177,56,0.4500863557858897,0.1705913134484563,0.0003584958876650097
4706,59,6.0,2005.499190247157,0.3756192498230715,0.040811106983373306,42,0.3973726906369389,0.16364699006428987,0.00014597059667984408
4707,57,6.0,770.9116157494288,0.36651896184611843,0.061416379054541205,45,0.38692625739256586,0.4016290726817043,0.00012483821851182886
4708,48,6.0,934.0263148719459,0.36576121288692354,0.054994521880586976,42,0.38550269534724085,0.3191489361702128,0.0001125905853375163
4709,7,6.0,74.16911869847958,0.3488716038562664,0.014477282443385071,7,0.3629402836656512,0.4285714285714286,3.855186711151976e-05
4710,13,6.0,311.354514715338,0.35178127589063796,0.014968664228630142,12,0.36673993824250906,0.08974358974358974,5.183641473666692e-05
4711,97,6.0,5065.074053253451,0.3931238812418986,0.0831556944765065,53,0.4178625634584408,0.22487113402061856,0.00020391709334784697
4712,1,8.0,0.0,0.21977225672877848,4.509778582871544e-06,1,0.22379961719342387,0.0,5.441010159810129e-05
4713,117,6.0,4469.4371122676475,0.40132325141776937,0.17517971414869102,56,0.42748207463236626,0.2662835249042146,0.000221482197572199
4714,22,6.0,666.321676702553,0.3471223021582734,0.02106369963977496,20,0.36229654053485993,0.20779220779220778,6.946550659961083e-05
4715,44,6.0,846.6778295991638,0.3471033843806202,0.019530903700159852,35,0.3652875909352347,0.507399577167019,0.00012124683512981015
4716,192,5.0,21305.455247047794,0.42290836653386454,0.2547362604415159,56,0.45161459151101613,0.10111256544502618,0.0003747810446616717
4717,44,6.0,539.258661401977,0.366413531239213,0.045263529179015126,39,0.3861464384780315,0.4059196617336152,0.00010740216215563767
4718,68,6.0,2985.04649987399,0.3592013986802775,0.029113269834551793,40,0.38039723661483427,0.19885864793678668,0.0001747260194332
4719,87,6.0,8412.944904869102,0.4016269390843738,0.0819752121969381,49,0.42637253362645194,0.08259823576583801,0.0001973428347357661
4720,60,6.0,964.1360581611997,0.3825225225225225,0.12290558500359405,52,0.4052205997801938,0.4485875706214689,0.00012754186937572506
4721,15,6.0,395.37599887019184,0.3265484003281378,0.004908445008421736,13,0.33766682367715933,0.3523809523809524,6.632793415084979e-05
4722,23,6.0,243.0840593979584,0.35798999494126243,0.028542422616918254,23,0.3752917778824331,0.3359683794466403,6.483080751237052e-05
4723,33,6.0,1829.2005216860139,0.3661607450845119,0.03028873120526148,31,0.38557073323911334,0.11931818181818182,8.910331656205839e-05
4724,4,6.0,11.862791332737562,0.3127885276495433,0.0026873616686031664,4,0.3229235358768867,0.16666666666666666,3.2121710069060055e-05
4725,2,6.0,0.0,0.31592261904761904,0.005859559356913882,2,0.325825613649427,1.0,2.714315397875265e-05
4726,105,6.0,8532.246918111065,0.3959097407844844,0.08284555845369454,49,0.4211336159522947,0.1600732600732601,0.00023747941343342258
4727,54,5.0,2640.581921967667,0.36119775421085465,0.02546974462279047,36,0.380810697650059,0.13976240391334732,0.00014271780249826329
4728,33,6.0,1524.0769433316686,0.34780471821756226,0.01913827082052686,26,0.3645522583346184,0.13446969696969696,0.00010108175059384343
4729,72,6.0,5891.573674557545,0.38307470227354745,0.060043745562363235,46,0.40607892395458106,0.12089201877934273,0.00017364639085597035
4730,35,6.0,7779.4780696551525,0.35365650508079294,0.017435784027627844,27,0.3707018370230611,0.2638655462184874,0.00012780097402327901
4731,145,6.0,14868.97344777382,0.41551409185803756,0.15736622810526896,55,0.4423849897943654,0.10804597701149425,0.0002994811395238507
4732,363,6.0,78558.00533276731,0.4281968535699879,0.16906629274510673,45,0.4656016119747196,0.09275071153524193,0.0008203113550143507
4733,138,6.0,46680.07547249168,0.4277367360644728,0.13783263959112907,54,0.45275815146286263,0.06442399238337035,0.00035014087229768713
4734,84,6.0,4940.571337149249,0.3870320855614973,0.08360078001692,52,0.4112157847909291,0.19104991394148021,0.0001875495601286795
4735,207,5.0,18140.768993184578,0.422711886905157,0.25910148614948064,56,0.4524624483174219,0.10468552131701139,0.0003911742224221539
4736,31,6.0,2056.0382486024732,0.34940750493745887,0.019771866659176213,27,0.3665672266708306,0.07741935483870968,0.0001014815269631282
4737,43,6.0,2597.593432558398,0.37517672007540054,0.044145988302020385,37,0.3960093159575011,0.248062015503876,0.00011003222936358445
4738,13,6.0,49.586311029469805,0.34044259140474664,0.013392603806965622,13,0.3539749829905008,0.48717948717948717,4.8976897303116467e-05
4739,59,6.0,2548.670254600967,0.3653625516291877,0.031126601986539163,41,0.38615952268800596,0.16481589713617767,0.0001520695633736872
4740,87,6.0,3496.1174115434183,0.37328566404876334,0.04740438726652818,45,0.39722614748521234,0.1748195669607057,0.0002082676495819051
4741,111,6.0,4559.446317604016,0.40461215932914046,0.1490756037957379,55,0.43040770398286976,0.15741195741195743,0.00022699851892663645
4742,41,6.0,1215.034175624412,0.3642134156802196,0.036150963563370324,37,0.38381483226041196,0.2951219512195122,0.00010426234062035935
4743,2,8.0,0.0,0.19793641420890698,2.1250560833070143e-07,2,0.20002411232983977,1.0,0.00010573897034712234
4744,82,6.0,9010.551348562964,0.3811262042965711,0.03897922170814344,42,0.40423143350605195,0.07949412827461609,0.00021137302334031015
4745,223,6.0,27201.49714597803,0.42496830586508305,0.26160886516567566,56,0.45541947977186115,0.12139942633216176,0.0004290948543960428
4746,75,6.0,4430.455732585949,0.38999448900863387,0.0794837835109708,50,0.4138535615219735,0.16324324324324324,0.00016191647440786581
4747,161,5.0,10049.101837314216,0.42092393100257747,0.26275324298782404,56,0.44848223164290474,0.16925465838509318,0.00029399276792484294
4748,285,5.0,37319.761247099086,0.44109702888011637,0.452802967539875,56,0.4722771759041595,0.1284161106992834,0.0005116963392518557
4749,84,6.0,6422.172392811958,0.3890653634697618,0.08530396126565215,51,0.4133223425969712,0.19506597819850832,0.00019019678569801536
4750,47,6.0,2431.504598400015,0.382591457920346,0.053269823484619415,37,0.4045349871774825,0.19888991674375578,0.00012247543026062765
4751,149,6.0,4822.7848587412145,0.40688685874912156,0.3018560123671397,56,0.4347830637986476,0.2861418465445311,0.000265388764780007
4752,117,6.0,4090.7184558361323,0.39006614404703577,0.14671783815005254,56,0.4164102161511682,0.22988505747126436,0.00023042699788057748
4753,17,6.0,1409.7948460260247,0.3475959176990667,0.01627000018038584,15,0.3619615847594908,0.19117647058823528,6.518529632761823e-05
4754,163,5.0,13122.942268032251,0.4254224834680382,0.24983302040419095,56,0.45245198094943906,0.16132697114292208,0.0003128486091997354
4755,83,6.0,5134.390327387734,0.3797400429286907,0.07720401140666965,52,0.40306955566023467,0.29121363502791653,0.00018845426601062331
4756,86,6.0,6086.5300129982625,0.3930996173311937,0.060505075924943176,45,0.417485738211149,0.14528043775649796,0.00020386598470488953
4757,5,7.0,1949.3242926155226,0.2527180382509325,6.438182219929703e-05,5,0.2576217392279613,0.7,0.00010748058392323032
4758,109,6.0,6522.462343794904,0.4125,0.13283218620073098,55,0.4376825247292019,0.16258919469928643,0.00022409794297930326
4759,45,6.0,734.2354212882292,0.34885249493345016,0.0202045000465207,38,0.36670068561257974,0.19898989898989902,0.00011739864379509136
4760,4,6.0,17.598668497697215,0.2993091780628789,0.0010522349482269355,4,0.3087716543675034,0.16666666666666666,3.286638273945489e-05
4761,43,6.0,466.01941654340624,0.35069654754694124,0.05374636465727713,39,0.36794630240223997,0.32115171650055374,9.921161801029892e-05
4762,90,6.0,3324.8786805403665,0.402617106011758,0.14057608730355706,56,0.4275579630502246,0.1882646691635456,0.00018415344004407206
4763,16,6.0,3826.570269525746,0.3384165781083953,0.007437857757709324,14,0.3520516041241152,0.3,7.385851747374755e-05
4764,77,6.0,4767.745821140292,0.38691452524147985,0.09226568049488246,49,0.4104516669283652,0.21907040328092958,0.000174479089594759
4765,3,7.0,8.443345771068179,0.29294880640264936,0.0011137991207664203,3,0.30205459480070806,0.0,3.0816639978840644e-05
4766,1,6.0,0.0,0.3017339397384878,0.0017143027924580601,1,0.31004605641910554,0.0,2.5402774047475576e-05
4767,39,6.0,11067.43044347121,0.3565470525667581,0.020640628469335308,27,0.3746820536975789,0.14979757085020243,0.00014013431282038424
4768,7,6.0,9.29935846179629,0.3201145958986731,0.0048994481077644985,7,0.32970639032812804,0.7142857142857143,3.7249525457390525e-05
4769,26,7.0,5409.149739918492,0.34058823529411764,0.007839368908812852,15,0.35394245938284963,0.4430769230769231,0.00013712416515702843
4770,415,5.0,209366.54493143372,0.47558243727598565,0.48977183129300983,56,0.5055895745015134,0.051324137128223035,0.0008725050956068499
4771,12,6.0,1511.4910054237614,0.30806810486601527,0.009233758819331753,10,0.32013136546814125,0.5,6.119962193991482e-05
4772,172,6.0,13993.153056376037,0.3906403336604514,0.09303756453363761,45,0.42006071073430734,0.1663266693866449,0.00038427161725168726
4773,24,6.0,926.4632090554436,0.34509102730819247,0.01206834287223564,20,0.3603967132464302,0.2826086956521739,7.793083645536195e-05
4774,55,6.0,2176.5070764186803,0.3688538831296693,0.047366262853922536,47,0.3898074004291526,0.17575757575757575,0.00012803227402130848
4775,67,6.0,11772.86772147947,0.38110339875538535,0.07296203602227955,45,0.4041555450881945,0.22116689280868385,0.0001717059891084596
4776,2,7.0,6.977412029070505,0.30046704722366374,0.0008108433791745604,2,0.30960418395650857,0.0,2.9499974042935667e-05
4777,114,6.0,5790.113417716226,0.40584974192315043,0.1517453981786936,56,0.4317082744544261,0.14609532681260673,0.00023008456181417594
4778,143,6.0,4184.689244234872,0.4058238817382439,0.2593491113321964,56,0.43356099858694386,0.2939032798187728,0.0002590228845133463
4779,37,6.0,1243.034379239444,0.3658662683823529,0.03973862590798739,33,0.385180823781846,0.23723723723723722,0.00010386729360457091
4780,69,6.0,693.3049509418099,0.35794975552183445,0.09131243799802237,56,0.3786727377400763,0.551150895140665,0.00014470855506990734
4781,28,6.0,320.8391197872046,0.3523846409206595,0.02285786816317859,27,0.3682210708117253,0.5185185185185185,7.977810050062629e-05
4782,60,6.0,5272.113738997783,0.375951832831592,0.04110155050204017,35,0.39749306536871293,0.09209039548022599,0.00016276908628182722
4783,15,6.0,237.7381724921035,0.3413732111271909,0.015254992632761007,14,0.3543204061338532,0.19999999999999998,5.66391654662572e-05
4784,47,6.0,1360.6233731586708,0.3604618257965929,0.02332365800430754,33,0.3800125608415586,0.22109158186864014,0.0001278935023281894
4785,18,6.0,255.54524074418723,0.3348404395142211,0.011889915658749507,18,0.34926466739935424,0.29411764705882354,6.350093985467766e-05
4786,132,6.0,29305.96713905509,0.4176393442622951,0.1437333654613821,55,0.44415659182503686,0.10814249363867684,0.00029087160251100344
4787,112,6.0,4645.835101802655,0.3993103448275862,0.16414873442042427,56,0.42526560946253084,0.15186615186615188,0.00021767333036296603
4788,90,6.0,4839.439865264158,0.40122212422829784,0.09316219028447639,51,0.42585439891142557,0.17553058676654182,0.00019138529214900358
4789,160,6.0,15681.845411258255,0.4168739363791072,0.20760706626180014,56,0.44471659601198377,0.16375786163522013,0.0003129357717547819
4790,3,6.0,4.508374277156446,0.3274381779857077,0.004851264788866003,3,0.33690532265659145,0.6666666666666666,2.9877482377649484e-05
4791,14,6.0,84.80038318058267,0.34362017804154305,0.014979763931182374,14,0.35780865651329513,0.1868131868131868,4.929201189082944e-05
4792,11,6.0,56.38582183097437,0.33398007341373886,0.008116000220836382,11,0.3448919244255738,0.6,4.5895353356005053e-05
4793,47,6.0,533.8737473368569,0.36111583602653513,0.033717697538727665,42,0.37988171874180604,0.4884366327474561,0.00011426554405373084
4794,240,6.0,28903.184704439504,0.44003039933674176,0.3469739243201412,56,0.4690715444601857,0.11942119944211994,0.00045752009727729044
4795,70,6.0,3097.113899788286,0.3898751224289912,0.07618619168832266,48,0.4134793531166768,0.19751552795031055,0.0001534053082504934
4796,12,6.0,219.13761603498642,0.32551364612082184,0.008662604568052018,11,0.33751766368344177,0.10606060606060606,5.2060296181041017e-05
4797,3,6.0,0.0,0.3100326145158935,0.0032546837794987732,3,0.31937771497355627,1.0,2.97244069532097e-05
4798,9,6.0,40.35357761871636,0.33762722646310434,0.017538256070469584,9,0.3497252315904888,0.5555555555555556,3.99150566140049e-05
4799,59,6.0,1707.1824850647054,0.3427141627206199,0.019314146677094808,37,0.36170775108596137,0.15955581531268265,0.0001603480771050329
4800,239,6.0,29756.527867352488,0.430832713251708,0.3451628131617718,56,0.461294290050813,0.09648043317745508,0.0004504038473802625
4801,123,6.0,8554.350756618272,0.4143247462919594,0.17557867964545076,56,0.44026011409435833,0.17046514727442358,0.0002447699330697395
4802,130,6.0,25129.099669221374,0.4109032258064516,0.10910263790479875,45,0.4377034594651613,0.09636255217650566,0.00030538953751101095
4803,40,6.0,395.3691657262563,0.36717398823936354,0.04885240491462868,38,0.38707018370229596,0.27564102564102566,9.319061662712347e-05
4804,151,5.0,21875.1998937593,0.3997614863168466,0.15733437793728353,56,0.427890301983598,0.10905077262693157,0.0003435225363816107
4805,50,6.0,3390.627985665938,0.3650693568726356,0.02857174990562781,34,0.38547652692728945,0.18285714285714288,0.000130916334915578
4806,32,6.0,608.753581859161,0.37208623006367936,0.041229918122709014,27,0.3917412466635205,0.2842741935483871,8.772230741819004e-05
4807,105,5.0,5720.152404011637,0.4112481436043133,0.14407058495335034,55,0.4361883079500094,0.21025641025641026,0.00021694789760095122
4808,43,6.0,667.1192207711691,0.37528725472865476,0.05502561608533618,40,0.39628670120897974,0.27464008859357697,0.00010162118901343729
4809,14,6.0,673.0165919248835,0.3346117473993906,0.008974788704273828,13,0.3469147432877704,0.054945054945054944,6.339420644114934e-05
4810,59,6.0,3456.4892329611594,0.3796268701198069,0.044003826821582374,42,0.4020620714921282,0.19286966686148452,0.00014880159087732886
4811,75,6.0,11789.90401028073,0.4014497321147179,0.10841857001414891,55,0.42524467472657174,0.1974774774774775,0.00017660717339922546
4812,154,6.0,10532.498916237917,0.42217950417605726,0.21403014061249942,56,0.44942952844512224,0.12401324166030048,0.00029926545325305694
4813,21,6.0,173.80570027588007,0.3523846409206595,0.025613892342317663,21,0.3689250013084,0.18095238095238095,6.223442544446189e-05
4814,114,6.0,1966.4307738963294,0.3955409265929698,0.1826007075955538,56,0.4217590411891189,0.3337990995187083,0.00021034079276977314
4815,6,6.0,28.827180085744693,0.3073248407643312,0.004704185123577092,6,0.318255089757669,0.13333333333333333,3.6907736115786156e-05
4816,22,6.0,1522.5017232142134,0.35147066938910654,0.014577120474741544,17,0.3671350813837659,0.12121212121212122,8.016030806307171e-05
4817,109,6.0,5035.5343285098,0.40774647887323945,0.15820125313075872,56,0.4333725859632993,0.14475025484199797,0.0002159323424591787
4818,56,6.0,6089.126732329616,0.3661396953147456,0.04366489957351252,38,0.38738420474170476,0.137012987012987,0.00015365513876911473
4819,183,6.0,7953.460904743192,0.41627450980392156,0.30274552323576803,56,0.44513529073119656,0.23425208671110312,0.00032974810813808756
4820,17,6.0,671.1910698927647,0.312972972972973,0.0025517493995036596,11,0.32426074213637074,0.5073529411764706,8.556275592229105e-05
4821,18,6.0,220.53715736530796,0.3357052498418722,0.012539914299426753,17,0.3484168105929476,0.19607843137254902,6.072484067266957e-05
4822,128,6.0,10157.924620984184,0.39896016036081183,0.09677317872068057,45,0.4262364578427058,0.16695374015748032,0.0002843847599561272
4823,77,6.0,4555.6726453219535,0.36855506047103753,0.10411300284814577,55,0.39053226566179,0.3465481886534518,0.00016942692517979868
4824,11,6.0,12.75062709418417,0.31923211869079243,0.0035872177501122308,11,0.3286177840581758,0.8727272727272727,5.449404071869948e-05
4825,55,6.0,1340.900301777069,0.3853460793804453,0.09174166293661981,47,0.40793688177109066,0.23434343434343433,0.00011858458377146766
4826,33,6.0,2492.6425508770567,0.364818421354107,0.02841032387980336,28,0.38326006175745597,0.16477272727272727,0.00010272973916076534
4827,9,6.0,1.0797207106182307,0.3210019656267325,0.014965512899036814,9,0.33204846391372517,0.8611111111111112,3.822124230042982e-05
4828,39,6.0,10746.316232380928,0.35895846249225044,0.02552698448801028,29,0.3770345946511577,0.14304993252361675,0.00013202496935815484
4829,32,6.0,3634.2708063366586,0.35891800507185123,0.02774603199803839,24,0.3766473020358856,0.2217741935483871,0.00010100649500052684
4830,24,7.0,514.2824955755841,0.3382009345794392,0.008845549242575057,21,0.3528015162729904,0.213768115942029,8.037477409595486e-05
4831,14,6.0,64.83552457454404,0.3425298483381736,0.015132376452267421,14,0.3567436018212965,0.3516483516483516,5.0696762619726745e-05
4832,39,6.0,482.08609765915094,0.3652368390870513,0.04738771889656578,37,0.3845135290730996,0.43589743589743596,9.257448396439507e-05
4833,44,6.0,1200.8426970825528,0.377780414022184,0.058038248878249696,39,0.39883550531219114,0.19450317124735728,0.00010686775530521601
4834,72,6.0,3976.554162137373,0.4096083349411538,0.08950879581553253,48,0.43315277123571366,0.16353677621283255,0.0001654673419335126
4835,71,6.0,3391.634270761648,0.3810805959432777,0.05885205623794437,43,0.40364264405715855,0.13078470824949698,0.00016195564274052896
4836,21,6.0,4503.140123369981,0.3595055317227365,0.023516668212790352,18,0.37599832522110666,0.18095238095238095,8.354442012661352e-05
4837,57,6.0,3173.638017131922,0.3725650775080433,0.033158871251705656,42,0.3938975244674681,0.14912280701754385,0.000141818196785759
4838,38,6.0,2076.428592046915,0.3400790260572405,0.010800188864943062,30,0.3571256607525744,0.11379800853485063,0.00012073150994209187
4839,45,6.0,881.3967115071995,0.36654005524861877,0.036481723632402985,42,0.3861961584759383,0.35959595959595964,0.00011325516380068786
4840,66,6.0,2173.2664679293584,0.3889228138739619,0.07961176650606426,49,0.4123410268488155,0.14405594405594405,0.0001439421903784143
4841,79,6.0,2050.1862546204256,0.38828263122599527,0.09853934618700864,54,0.4122232689590365,0.22979552093476144,0.00016244595166242846
4842,25,6.0,801.6139892513573,0.3691317955256752,0.03284174318065929,23,0.38777149735697947,0.2966666666666667,7.567829969628823e-05
4843,4,6.0,2459.7795961620022,0.30561420345489443,0.001670321451731922,3,0.31404982467157544,0.16666666666666666,5.0162842070267084e-05
4844,60,6.0,4560.797747547108,0.37541998231653406,0.05989386033663898,43,0.397351755900978,0.12203389830508475,0.00014488032972964697
4845,55,6.0,3488.891226746253,0.3602579331410148,0.023521100202744064,35,0.3806589208143428,0.11515151515151514,0.00014883976328051516
4846,46,6.0,717.3768523515022,0.367279856986333,0.05293527981598156,41,0.3874784110535287,0.3661835748792271,0.00011063543884863677
4847,57,6.0,1260.7547897840177,0.3867970363172598,0.08066114661849774,48,0.40915894698279487,0.16979949874686717,0.00012429753304514
4848,2,6.0,3350.481671230773,0.3097762645914397,0.00294157611342146,2,0.31837284764744533,0.0,4.405601544036442e-05
4849,1,7.0,0.0,0.28218874612317235,0.0005549194538517566,1,0.29079955737987656,0.0,2.562036507365397e-05
4850,57,6.0,2887.0064908037,0.37317630515029004,0.0468362451941265,40,0.3944496781284308,0.16353383458646614,0.00013914651277409368
4851,90,6.0,6123.941030539623,0.3855093517341565,0.0758985761119908,48,0.41012456167897887,0.13058676654182272,0.00020460549381949247
4852,173,6.0,14521.609352093874,0.4311827229029856,0.2561282655108621,56,0.45799968597900553,0.17630057803468208,0.0003265018899127722
4853,59,5.0,2977.2278438205262,0.38346679511108434,0.07706905877249759,47,0.4058512587010092,0.18760958503798947,0.00013585977819065523
4854,8,6.0,64.34782089883049,0.337358970284443,0.007547328850523104,8,0.3490448526717679,0.07142857142857142,3.924265188465549e-05
4855,39,6.0,566.3853301697148,0.35672678391396884,0.03558750098596791,35,0.37491495263514113,0.2766531713900135,9.712219793722555e-05
4856,135,6.0,4019.722239996524,0.4024390243902439,0.24398386145650147,56,0.4295075103365602,0.21536760641238253,0.00024481119209011844
4857,109,6.0,7629.556927001976,0.4074074074074074,0.1462955791839283,55,0.4330716491338647,0.17176350662589196,0.00022671269371903608
4858,23,6.0,454.23982372697515,0.3405700229934228,0.015417256811210405,20,0.3540796566703052,0.29249011857707513,7.651432974588318e-05
4859,75,6.0,2145.891541010596,0.38684402332361517,0.07429832819117162,51,0.41026587114671437,0.24936936936936938,0.00016293915041742205
4860,89,6.0,3158.418940873321,0.3871732522796353,0.08492169727189866,54,0.4113544774166685,0.2709397344228805,0.00019427476728843887
4861,29,6.0,421.0175308169757,0.36620285188592455,0.038682258306118225,28,0.385204375359802,0.34236453201970446,7.652457806501402e-05
4862,28,6.0,114.53688109044826,0.3497913005272408,0.02708686265557186,28,0.3660909614277273,0.42857142857142855,7.380278096618056e-05
4863,27,6.0,935.5705577349258,0.36538351213355513,0.033786138481433976,24,0.3838226827863982,0.08831908831908832,7.640838222397132e-05
4864,18,6.0,315.9925705282788,0.3413000375113874,0.016015412509354357,16,0.35539592819382987,0.11764705882352941,6.296525336244296e-05
4865,10,7.0,114.29595740403742,0.28263956687671965,0.0006148827534194366,7,0.2914563847206411,0.5777777777777778,9.204526417251235e-05
4866,64,6.0,3379.048328577202,0.3819490254872564,0.05961225745630085,45,0.40444863139164433,0.16220238095238096,0.0001452207775811929
4867,17,6.0,157.9715734062143,0.35487825263275197,0.021953408496824044,17,0.37127492541998364,0.25,5.6504782835733025e-05
4868,10,7.0,145.07154330747017,0.3172760785095148,0.004077043908472593,10,0.3273527278708396,0.4666666666666667,4.836938136518065e-05
4869,69,6.0,2071.285968225508,0.3742947813822285,0.07711101124202287,48,0.39634165489087564,0.2208013640238704,0.0001524595157839901
4870,169,5.0,17702.127623234683,0.42164846077457796,0.20517269690739945,56,0.4494530800230796,0.13095238095238096,0.00033740147770109014
4871,138,6.0,20027.581292654886,0.40853110968569595,0.10744716878669347,53,0.43591353954052403,0.1779329313445467,0.00030491070727816955
4872,57,6.0,1211.05419210149,0.357849196538937,0.0586763835654745,45,0.37806824723921234,0.2261904761904762,0.00013024786179326552
4873,34,6.0,369.77182595242243,0.36001356622011194,0.04338198674736974,31,0.3789789082535012,0.2745098039215686,8.547633237456717e-05
4874,77,6.0,1363.7842111056445,0.367279856986333,0.09389520503797995,53,0.3895221646516874,0.29801777170198224,0.0001617798864262213
4875,124,6.0,16030.31590076798,0.408793324775353,0.12133036626897081,54,0.4349819437902752,0.1130343561500131,0.00027667554764523503
4876,55,6.0,2828.1155222224543,0.3973175296319401,0.09274484728599493,46,0.42032501177581555,0.13198653198653199,0.00012479915089738775
4877,101,6.0,6200.657235825232,0.3974911065343569,0.11083967875460135,53,0.4229575548228676,0.10772277227722774,0.00021649543169773548
4878,140,6.0,18742.49573298351,0.39746630054917625,0.07512248211336732,45,0.4254906578741065,0.09969167523124357,0.0003259353984607314
4879,7,7.0,147.94069730787356,0.2217463964904951,4.2736481965989e-06,5,0.2262080464153236,0.7619047619047619,0.00015350097711456967
4880,15,6.0,279.73521306501266,0.33744834163399384,0.012671236659279045,13,0.3509080441722642,0.19047619047619047,5.736416551149517e-05
4881,16,6.0,134.29441172803533,0.35236514522821577,0.019652997636293218,16,0.3676270476788416,0.19166666666666668,5.282163724109814e-05
4882,49,6.0,2552.244410361899,0.35724702714830603,0.02793845712915881,38,0.3770424451771403,0.07908163265306123,0.00012893725339227407
4883,82,6.0,898.253672559295,0.3850665054413543,0.16655300339494364,56,0.40889726278328536,0.2809394760614273,0.00015500639829629865
4884,2,7.0,1.4256094519969407,0.3065999133490589,0.002012324293763045,2,0.315197496803703,0.0,2.726354916278258e-05
4885,5,6.0,23.640369136613756,0.2938950671404181,0.002161407036259368,5,0.304650128225257,0.4,4.099993319104989e-05
4886,18,6.0,185.93879069024354,0.32440279121886617,0.007271359225188408,18,0.33680326581878534,0.35947712418300654,6.450520256208452e-05
4887,24,6.0,502.04099351401896,0.34938833726479784,0.018354886259165384,21,0.3645679593865916,0.213768115942029,7.598360878999466e-05
4888,147,6.0,14798.90001947521,0.3878333942272561,0.15438145818693214,56,0.41485842884808316,0.17985276302301745,0.0003192837205449946
4889,44,6.0,1328.093957515956,0.3518201403082362,0.05088426886532811,36,0.3712042706861126,0.3171247357293869,0.00011133963865893831
4890,2,6.0,19.068930928677165,0.28301635264841807,0.00036266704678378095,2,0.2913277856283116,0.0,2.8974981972302033e-05
4891,118,6.0,10751.806219146316,0.4036377463717599,0.11404204780509038,53,0.4298398492699364,0.16253802694480662,0.00024402856234229033
4892,1,7.0,0.0,0.26545242362355687,0.0003876137667795785,1,0.272510448676255,0.0,2.595027851578078e-05
4893,17,6.0,3034.4477752733483,0.33023955200663696,0.007260416893800447,13,0.34156853509182333,0.4117647058823529,0.00010518751982215157
4894,18,7.0,300.76143862953205,0.29480651731160895,0.001100013357285172,13,0.3047301288233907,0.5816993464052288,0.00012978714490422498
4895,115,6.0,6584.623621007713,0.40717299578059074,0.1454922814475039,55,0.43317632281366775,0.15240274599542333,0.00023002462378874684
4896,3,6.0,15.430321839310757,0.29620500418565715,0.0012179136618124843,3,0.3053723766158967,0.0,3.178372022628392e-05
4897,10,6.0,1734.816379661857,0.32310267857142855,0.00694512705476173,9,0.33419689119168455,0.5777777777777778,5.4550208488095045e-05
4898,47,6.0,525.4933327133463,0.3732419127988748,0.05591138443022837,44,0.3939236928874195,0.5291396854764107,0.0001067534518236328
4899,88,6.0,2189.5504007072814,0.3889703187980945,0.13792007618738486,55,0.4137384204741891,0.21577847439916406,0.00017204850639272273
4900,1,7.0,0.0,0.273312449040896,0.0003605345442835548,1,0.28071163148883954,0.0,2.6273165561598055e-05
4901,4,7.0,2.245548817309945,0.31375929848761025,0.003118225530160658,4,0.3230349385789621,0.6666666666666666,3.1780950688701154e-05
4902,181,5.0,9360.23561557271,0.4113012592831773,0.32133949850396654,56,0.44026273093635143,0.2634131368937999,0.00033188433312826977
4903,2,7.0,894.5858412153065,0.24351915576967195,3.085976447474705e-05,2,0.24750278506755974,0.0,6.953263181487194e-05
4904,121,6.0,7289.900573709302,0.4178311356032277,0.1796901296744482,56,0.4436907939499125,0.20013774104683196,0.00023825256751266842
4905,44,6.0,1494.05082474449,0.3661607450845119,0.043583354305578415,35,0.3859370911184247,0.2272727272727273,0.00011152829862566324
4906,140,5.0,5802.512745076543,0.41939944685894903,0.23889043666617546,56,0.44573193070607686,0.21716341212744092,0.00026992773732632363
4907,119,6.0,3234.891200549818,0.41241986660622937,0.19335561168209164,56,0.4383786046998934,0.19940179461615157,0.00022431455753428285
4908,108,5.0,10422.165521856186,0.40923986377947696,0.1150576620557418,53,0.4346182027529591,0.15282104534440982,0.00023959257759847212
4909,44,6.0,2113.805263280554,0.3547201336675021,0.026371065130347964,35,0.3730674621866136,0.5697674418604651,0.00012377450402756496
4910,47,6.0,15.582779110773924,0.36303009575923395,0.0910069329711983,46,0.38183388287013703,0.9111933395004626,0.00010214797134963791
4911,101,6.0,7897.377731935195,0.4145135047185161,0.12049041885740984,54,0.43924216255827175,0.12099009900990099,0.00022266349882117402
4912,9,6.0,61.477260735683934,0.336165945318273,0.010655780168205281,9,0.3477730674621574,0.1388888888888889,4.195942269477183e-05
4913,45,6.0,5128.278844093182,0.38376717281272593,0.05130283927579808,37,0.40500078505260806,0.14444444444444443,0.00012202390238781076
4914,63,6.0,3163.0554123651887,0.36825672159583694,0.04719778960274119,40,0.3889752446747163,0.2309267793138761,0.00015864316611192245
4915,69,6.0,831.8991460173316,0.38094383635384893,0.1438577728416561,56,0.4038729261527255,0.4978687127024723,0.00013594340832572772
4916,168,5.0,16375.835352344126,0.4209517514871117,0.2401332011915702,56,0.44821793060140397,0.22547761619617906,0.00032821314328442474
4917,47,6.0,3898.199321722497,0.3613207011970273,0.07053267615655634,41,0.38085780080597004,0.29787234042553196,0.00012284116569619429
4918,53,6.0,3107.389257253809,0.36214249161312334,0.033613851766763264,35,0.38166902182444606,0.18867924528301885,0.00014015770963036943
4919,198,6.0,11675.872283717326,0.4314456035767511,0.31668309482148516,56,0.4592060501387391,0.19612367328103367,0.00036659524755484966
4920,4,7.0,161.7644956375847,0.31317303437085114,0.003499893103653265,4,0.3227994227994055,0.16666666666666666,4.0697623062747744e-05
4921,35,6.0,657.5679778238097,0.38247657938986307,0.055177311471028584,35,0.4036897472130711,0.22352941176470587,8.668593708011946e-05
4922,142,5.0,6166.4080238439155,0.41906829846032373,0.22953191136620463,56,0.44530015177688853,0.2565178303865748,0.0002744103162488378
4923,76,5.0,6267.217639226797,0.3786338505439629,0.05497646631600308,45,0.4012560841576423,0.11964912280701753,0.00019102842840543026
4924,23,6.0,2149.3234867386154,0.36228668941979525,0.02058620885974838,20,0.3801329355733335,0.15019762845849802,8.185162722077735e-05
4925,123,6.0,17944.376692771006,0.4049465920651068,0.13289760851956609,55,0.43101742816772404,0.13967746234839395,0.0002849245343293262
4926,61,6.0,1374.8317334122892,0.38778616658548465,0.08844115428344551,48,0.4107578374417904,0.20655737704918034,0.00013467136016214923
4927,3,6.0,89.80412231442878,0.31467391304347825,0.002982215687822368,3,0.3235489611137084,0.3333333333333333,3.3481820976014696e-05
4928,177,5.0,13775.319206942733,0.4234989028525833,0.33142919431132944,56,0.4515360862511625,0.20647149460708783,0.0003279017354689645
4929,51,6.0,1725.083059866033,0.37958161988199535,0.053648076827611156,40,0.40139739362537735,0.16392156862745097,0.0001245292819162557
4930,13,6.0,177.10866552111267,0.33875857667145365,0.011942448657527437,13,0.3518422567645098,0.012820512820512822,4.851900872679316e-05
4931,5,6.0,3.260387164019549,0.3249489795918367,0.007896018167483955,5,0.33664625529908,0.1,3.1884461125931176e-05
4932,85,6.0,3949.359571695881,0.400868580060423,0.12507762259806127,54,0.4248521484273092,0.22633053221288515,0.00018237745014561808
4933,17,6.0,222.26734162147602,0.33183973323607563,0.007113826430444095,15,0.34363060658394584,0.39705882352941174,6.53518287982246e-05
4934,66,6.0,6448.889591310878,0.387668147787449,0.06460616062095281,44,0.4104438164023806,0.11002331002331002,0.0001612947584912024
4935,60,6.0,1019.7685667380915,0.3866326716445092,0.08788712764255474,50,0.40951745433612086,0.28192090395480224,0.00012744661002139296
4936,80,6.0,1499.0320514699172,0.3738773114176695,0.08173050495526173,50,0.39702203380959655,0.3531645569620253,0.00016866057435221144
4937,10,6.0,281.50291338623475,0.3054383272587761,0.0030548401000235347,9,0.31539226461505243,0.7555555555555555,7.171582057308637e-05
4938,172,6.0,16117.672718340411,0.428600269179004,0.18930694311228569,55,0.4559873344847896,0.15150278797769617,0.00034198125901472866
4939,2,7.0,0.0,0.2518486298390605,6.14091295718512e-05,2,0.2565073383726282,1.0,3.640431995155055e-05
4940,126,6.0,9676.85479996238,0.37328566404876334,0.05778544312430806,45,0.3991730779295531,0.1147936507936508,0.00029639413103071526
4941,4,7.0,19100.0,0.2467648198372724,2.8228858605311477e-05,2,0.25072673440549703,0.16666666666666666,0.00017530365768825731
4942,1,7.0,0.0,0.27636032283259565,0.00040626161016465144,1,0.2843239949457639,0.0,2.600616364320698e-05
4943,10,6.0,1.0040004925335928,0.334928481278923,0.013017984754521358,10,0.3471267074893735,0.9555555555555555,4.23210315990662e-05
4944,3,6.0,21.420632176082215,0.2970477123268504,0.0016977377414580848,3,0.3062882713141742,0.0,3.2486723802995526e-05
4945,73,6.0,1592.6422350324601,0.3640468705344384,0.060089717172060964,48,0.3854477416653427,0.30974124809741244,0.00015929467420613304
4946,96,6.0,4339.066289191526,0.403586591470756,0.11046154897042346,52,0.42850264301044966,0.20526315789473684,0.00019815973382647083
4947,36,6.0,1387.96615496568,0.33951703182472415,0.008859831868967648,28,0.35496414926463987,0.10317460317460318,0.00011902661486696101
4948,461,5.0,158968.78493428967,0.4677928755049578,0.5233589005402618,56,0.5022635683257725,0.06284070546071867,0.00089842711955346
4949,59,6.0,10181.861057810587,0.3818803213814606,0.054373315186583546,40,0.4041843303501411,0.14319111630625364,0.0001706337578698425
4950,32,6.0,353.75526491033946,0.3708296943231441,0.04622221965279024,31,0.3905217982938115,0.39919354838709675,8.153676994053154e-05
4951,73,6.0,2812.198567377226,0.36234852363884623,0.03324295842084965,43,0.3840006280420615,0.1841704718417047,0.00018333861395186988
4952,48,6.0,3363.334027619408,0.3903769537235673,0.05318761940460082,40,0.41252682263046736,0.06560283687943262,0.0001165968089187671
4953,70,6.0,4144.72820950357,0.3816057519472738,0.0695033588716245,47,0.4042052650861015,0.19917184265010351,0.00016281945899057138
4954,21,6.0,282.8392635832413,0.3526773354006313,0.02235698349614276,21,0.3685220076411589,0.3142857142857143,6.291750068645865e-05
4955,21,6.0,1050.1643160914043,0.3276403107155718,0.007845305352381917,18,0.3401842256764277,0.23333333333333334,7.865744075825971e-05
4956,32,6.0,9721.024119139518,0.352443140944054,0.021914717520519517,24,0.3698932328465797,0.08064516129032258,0.00013031733665320043
4957,35,6.0,777.8817141288491,0.3657402090272195,0.03041477118682579,28,0.3845632490710066,0.24201680672268905,9.540826947389095e-05
4958,67,6.0,3061.9003712442914,0.3889703187980945,0.06727240746107953,46,0.4117443868739371,0.18769787426503845,0.0001530820330909909
4959,6,7.0,115.25790375860697,0.31688143688740733,0.0038694947859394895,6,0.32653627316837575,0.06666666666666667,4.093661998461989e-05
4960,48,6.0,777.1764464740037,0.3762405482041588,0.0557745242904076,41,0.397681477992359,0.35638297872340424,0.00011086866069431704
4961,46,6.0,360.99995167189263,0.3602783120262473,0.06233608474105976,45,0.37978489558798656,0.2927536231884058,0.00010046687450574939
4962,55,6.0,2028.100527031587,0.37668559261887863,0.04916250660695931,41,0.3980373685036905,0.19865319865319864,0.00012915038294934278
4963,42,6.0,3115.0324210114877,0.3813087469316889,0.04795174098929397,37,0.40320563144398003,0.17073170731707318,0.00010872992970679596
4964,52,6.0,2221.5040186080014,0.36778887798117454,0.04740251633011893,43,0.3883759878578421,0.306184012066365,0.00012901087345678817
4965,88,6.0,4996.707585844302,0.40520422445603765,0.09740707470656708,51,0.4296749882242473,0.1943573667711599,0.0001899196016809096
4966,57,6.0,2208.082639085407,0.3670047251354155,0.03515407330603087,43,0.3886533731093201,0.15100250626566417,0.00013998564699474583
4967,7,8.0,25.613225235321572,0.21011480601741883,2.869465424788633e-06,5,0.2140204786578159,0.6666666666666666,0.00015178709600193477
4968,251,5.0,30306.347474292845,0.4496293681609601,0.35318197825772,56,0.47771235672793405,0.11241434262948208,0.0004844928491048825
4969,68,6.0,3699.0632698836175,0.3719341275402943,0.03505119619047269,42,0.39435285497461187,0.1624231782265145,0.00017606118854261932
4970,71,6.0,2552.03558991928,0.3871967900784242,0.09512609577712694,53,0.4105589574501637,0.1585513078470825,0.00015195475728547634
4971,106,6.0,5722.4185475364975,0.3990101491041223,0.10058658018458184,53,0.4246977547495979,0.2440251572327044,0.00022438387439246437
4972,173,6.0,18168.241042235226,0.42226347543592124,0.16660534731023194,55,0.45003140210399256,0.140879150423444,0.00034797466899204717
4973,49,6.0,1730.6007105356816,0.3734826716706738,0.03402520246001104,40,0.39486837284764414,0.16411564625850342,0.00012661658010409055
4974,33,6.0,500.8470087023463,0.336165945318273,0.012816032609673511,29,0.3529203956664796,0.21212121212121213,9.981710070987116e-05
4975,6,6.0,38.17438731811462,0.3220733249051833,0.005346176963177338,6,0.33287800282616475,0.06666666666666667,3.6238337040419284e-05
4976,60,6.0,1605.0645187131352,0.3787464319695528,0.07775842294975865,47,0.401020568378085,0.15706214689265538,0.00012936620622047812
4977,92,6.0,7327.607051252266,0.3761294513671529,0.05707806644381509,45,0.4004422462971698,0.17892976588628765,0.00021450882437389825
4978,51,6.0,792.4730456803885,0.3627406310513726,0.058842157308342295,47,0.38226566179932453,0.39450980392156865,0.00011157210047248327
4979,14,6.0,297.40240172872865,0.3547201336675021,0.016664214593202834,13,0.3702255717799574,0.16483516483516483,5.351386493773256e-05
4980,31,6.0,346.6586889688467,0.363237139272271,0.040455125859134126,30,0.38186528497407674,0.3806451612903226,8.137454344441914e-05
4981,55,6.0,1465.715975783189,0.3620807276861853,0.05134480796399756,45,0.3833778196472315,0.1696969696969697,0.0001310010929514184
4982,266,6.0,30331.760082272067,0.43836465001032415,0.42341061094335297,56,0.46951379075735455,0.1255497233650163,0.000483561644030844
4983,95,5.0,6112.572505403578,0.39926028084252757,0.09214342697618541,51,0.4236274663736098,0.13661814109742443,0.0002063017247425649
4984,107,6.0,4332.695118588191,0.40315229775921,0.15624113114967778,56,0.42859946616426753,0.15958384764591782,0.00020586558210135262
4985,16,6.0,274.1258889653519,0.3316151202749141,0.01187036365342977,15,0.3443659391845647,0.18333333333333332,5.944297506729805e-05
4986,43,6.0,2469.3151528704975,0.3733513101588604,0.03832931713910413,33,0.3942010781388982,0.14839424141749724,0.00011614050205946352
4987,76,6.0,3545.8176226350206,0.3774669590469982,0.09776321397001383,54,0.4008033704924922,0.19263157894736843,0.00015937204145986843
4988,159,6.0,10002.861076181896,0.41241986660622937,0.2514040312550389,56,0.4403176846182489,0.2091393997293209,0.0002893895440117007
4989,275,6.0,60991.829772170466,0.45603608764141484,0.38812374051162735,56,0.48409483435393114,0.08952886529528865,0.0005416764514409815
4990,43,6.0,510.30893176049284,0.3702691703970699,0.061224190166819036,38,0.39037787198408147,0.4385382059800665,0.00010278718690377405
4991,170,6.0,26008.649465719158,0.4245433942141048,0.18945556299793437,55,0.4518972104464834,0.1455621301775148,0.000375726437321988
4992,20,6.0,36.09791922563993,0.3378600604742454,0.01923327181683042,20,0.3512115978436945,0.7315789473684211,6.190858674283472e-05
4993,6,7.0,2.0783094270991995,0.32003416913722926,0.005329225219283412,6,0.3295220898847605,0.7333333333333333,3.566906371805996e-05
4994,109,6.0,4761.466279927897,0.4038168906923662,0.16698998262384396,56,0.42883498194382536,0.18535507985049268,0.00021799948755535023
4995,29,6.0,1176.7391785997822,0.3276571663751415,0.010716371525563921,22,0.3414350761500763,0.27586206896551724,9.875770859109963e-05
4996,104,5.0,5096.183840904285,0.3959835861725939,0.11691254523895458,55,0.4214502538336995,0.10287528005974608,0.00021227911186309074
4997,218,6.0,20387.579983476735,0.4306288032454361,0.3286606520343815,56,0.4598785785314746,0.11491142772586987,0.0004072415525869983
4998,6,7.0,137.6845728807543,0.30668849617181104,0.001961092733654306,6,0.31575488414865516,0.06666666666666667,4.289544786676305e-05
4999,165,6.0,6813.545477478277,0.4316210355109786,0.2986792654517797,56,0.45788716177321687,0.19031781226903177,0.00030608531218465394
5000,52,6.0,2184.5289708910186,0.37570788107597924,0.04726130581947242,40,0.3970403517035636,0.17269984917043743,0.0001283670139038778
5001,81,6.0,4249.393882077613,0.3827064054801106,0.06450581195131587,47,0.4059951850107382,0.19876543209876543,0.0001841389266635342
5002,81,5.0,4672.869717401397,0.3941944667945782,0.08787995156634092,51,0.4180771445020382,0.16882716049382715,0.00017212486258976907
5003,132,6.0,15345.58005176698,0.41489153801055306,0.14545329493477013,55,0.44148217930606176,0.1542910016192459,0.00028626722774020125
5004,72,6.0,1538.865372661141,0.39266337854500616,0.09279959666026519,51,0.4166038624588062,0.291471048513302,0.00015293987332553994
5005,5,6.0,1.4548865743363477,0.3276571663751415,0.008199521044468062,5,0.337504579473464,0.8,3.239850989671015e-05
5006,57,6.0,4761.02676424221,0.3964519140989729,0.08375324562100736,45,0.4195661275972412,0.16791979949874689,0.00013465974284794955
5007,90,6.0,3253.4567244802006,0.385439360929557,0.08889703952527699,53,0.4098000732715888,0.23995006242197253,0.0001901283046514494
5008,126,6.0,6816.283020429303,0.4064713766034846,0.13691009532460555,55,0.43274454388447886,0.22273015873015872,0.0002616588979159577
5009,130,5.0,16921.082635729,0.4169285153181461,0.21066436713908346,56,0.4430679855550825,0.13953488372093023,0.00026909204517027514
5010,87,6.0,2816.423207619286,0.40430394210626547,0.11787137122661105,55,0.42889516930971244,0.301523656776263,0.00018348032483179606
5011,34,6.0,633.8235021240563,0.3436572600226623,0.012849694707145524,27,0.3601847490448266,0.26737967914438504,0.00010265263453016305
5012,100,6.0,6692.907559940754,0.3680651872399445,0.041767476755130796,45,0.39230648453445477,0.12747474747474746,0.0002464385638786776
5013,34,6.0,1186.2675518242918,0.3720210280373832,0.0437357033249868,30,0.3920735855968958,0.2192513368983957,9.158404024309808e-05
5014,127,6.0,10316.14872518367,0.40769427730124186,0.12321166543044064,55,0.43439053749938594,0.15498062742157231,0.00026676036482755494
5015,38,6.0,1260.1458160886493,0.3559094719195306,0.03148890248345113,31,0.37422148950644396,0.16358463726884778,0.00010122145051668812
5016,85,6.0,3822.8895651943817,0.402566209468428,0.11954877435251987,55,0.42720468938088857,0.17366946778711484,0.00017245424145953542
5017,7,6.0,2.813413366767474,0.33728750728168194,0.01736125446776382,7,0.3493065368712754,0.6666666666666666,3.494432020385032e-05
5018,230,6.0,27558.47063427937,0.442814433706459,0.3824066433355393,56,0.47069136965513886,0.18781089804442758,0.0004278025736231278
5019,8,6.0,7472.4590550914545,0.3216829132784484,0.0041257853150183784,7,0.3308813523839191,0.25,8.178227946605517e-05
5020,78,6.0,8004.442603462299,0.39669884771099345,0.08447493653857566,51,0.42079080965093946,0.16183816183816185,0.00018526017654200326
5021,89,6.0,3307.463032262442,0.4041243654822335,0.11577622747170604,54,0.4288375987858205,0.2367211440245148,0.00018261515800632418
5022,28,6.0,1999.284391251077,0.35033003300330035,0.024519446323213012,25,0.3664363845710787,0.335978835978836,8.937553853599357e-05
5023,21,6.0,475.8889418539546,0.3254471129279509,0.0052744611323477094,20,0.33827131417802436,0.3238095238095238,8.073820861172917e-05
5024,93,6.0,3512.365441306209,0.3652787336545079,0.03998045515206305,45,0.3883367352279137,0.15077138849929875,0.00022609769466811017
5025,172,6.0,29761.752778094648,0.4277367360644728,0.17420565215698386,56,0.45488564400486253,0.07935536515707875,0.00035081182684836427
5026,13,6.0,207.05955419424816,0.34441920830629463,0.013309738037572592,12,0.3583006228083712,0.1794871794871795,5.22229736271227e-05
5027,24,7.0,203.4067665529126,0.3374125874125874,0.00969549036749416,24,0.3520557163043917,0.36231884057971014,7.851055250212376e-05
5028,128,6.0,4639.785429691732,0.41316899124229645,0.18118840350209617,56,0.4397759983252674,0.14911417322834647,0.00024285545585372783
5029,20,6.0,2944.718555589396,0.34332381003719475,0.015199371429197186,16,0.357664730203566,0.18421052631578946,7.843060768168035e-05
5030,57,5.0,1832.6418035885126,0.38809335201998657,0.06824916570979064,44,0.4106479300779971,0.29699248120300753,0.0001341297642706796
5031,68,6.0,3471.950461857981,0.37189069251430573,0.06479175677433413,48,0.3939603286753495,0.11984196663740122,0.00015519675264153245
5032,48,6.0,1773.4999905115285,0.36123872724179,0.026374066600956283,35,0.38156173130264553,0.2171985815602837,0.00012808651570388343
5033,58,6.0,2545.871169257307,0.36844845539743143,0.03229409369576437,38,0.3899748783168376,0.1705989110707804,0.00015213904642089952
5034,10,6.0,521.7806936727923,0.3319954128440367,0.011822756166953522,9,0.34335845501645773,0.26666666666666666,5.008369542871124e-05
5035,65,6.0,7045.393279832701,0.3791974279590379,0.034923399052791286,36,0.4017244988747623,0.11009615384615384,0.00018410587311373574
5036,183,6.0,30537.967969919402,0.42536565818473254,0.1806667103858271,55,0.4528366567227184,0.11877739746592206,0.00038786954838692056
5037,55,6.0,1126.9840131584515,0.3830286264132788,0.07844096360413119,47,0.40475218506307464,0.2282828282828283,0.00012466209749070688
5038,1,7.0,0.0,0.2843938379102478,0.0010558088179737763,1,0.2930433124733708,0.0,2.5463371531279663e-05
5039,7,6.0,4.327746321929175,0.31298835323603125,0.0029630010286961057,7,0.3253912178782451,0.4761904761904762,3.8379596992262455e-05
5040,21,6.0,672.645939195769,0.3404061998931053,0.01199256551869721,18,0.35561050923742415,0.16666666666666669,7.247617561045726e-05
5041,56,6.0,1904.9006565500722,0.3597288901440271,0.025215357033560554,41,0.3795833987543654,0.16883116883116883,0.00014572481171659242
5042,89,6.0,5098.401407530652,0.3745369009114966,0.04417404062890387,45,0.39790390956193955,0.18641470888661898,0.0002138654743429786
5043,130,6.0,5405.775947446914,0.40561711883836454,0.19032963847958664,56,0.4323415502172358,0.25664877757901017,0.00024208806176698823
5044,19,6.0,72.44013164777562,0.34589692065388583,0.021873182801814137,19,0.3607709216517273,0.5029239766081871,5.8416411544685284e-05
5045,15,6.0,131.69703432073484,0.3288753485490034,0.01132018926979098,14,0.341526665619904,0.3523809523809524,5.617909284777047e-05
5046,21,6.0,412.95029055921697,0.34484812388326386,0.020391414424625758,21,0.3604883027162568,0.27142857142857146,6.658440771424741e-05
5047,17,6.0,746.0124382749856,0.3107890499194847,0.004464009824463925,9,0.3219919401266407,0.4485294117647059,0.0001020764457572787
5048,30,6.0,7584.089161054298,0.351160610905883,0.024739445662998766,25,0.3674700371591358,0.19770114942528735,0.00010895342928809716
5049,146,6.0,14788.964804687046,0.4064973193770743,0.10139156047442627,45,0.43441408907734086,0.13131790269248936,0.0003269544875719274
5050,4,7.0,1995.528252247768,0.24233315577201126,2.48614089132889e-05,3,0.24662315232264292,0.3333333333333333,0.00010293844620070164
5051,21,6.0,911.4851270646245,0.35081244836133296,0.020300174771975096,17,0.36600983932588155,0.14761904761904762,7.335951717958413e-05
5052,51,6.0,1178.6141424164157,0.3650693568726356,0.05976024585176942,45,0.3857225100748271,0.19137254901960785,0.00011613711379873652
5053,174,6.0,9741.407983083402,0.41516198422527867,0.26060463632462094,56,0.4436175223740485,0.21686266693242973,0.00032392541374890664
5054,26,6.0,191.61369090293735,0.3429540681708039,0.03475193196226615,26,0.35751557020984626,0.42769230769230765,6.729010325185704e-05
5055,1,7.0,0.0,0.2628451157608023,0.00015422077774708854,1,0.26959678203201776,0.0,2.6602090072827693e-05
5056,226,5.0,23605.378083023617,0.42767929089443996,0.41696859892039584,56,0.4579316480871365,0.1776204523107178,0.0004065410528085625
5057,62,6.0,7217.2448887146165,0.3866326716445092,0.0699965777864884,46,0.4089705343591488,0.23320994182971974,0.00016154947206400847
5058,3,7.0,9.48876865537732,0.3140377693407623,0.002791110737474201,3,0.3227287680655376,0.3333333333333333,2.9450342694048412e-05
5059,1,8.0,0.0,0.1853177374301676,7.358452862597235e-08,1,0.18753280398358863,0.0,6.11739963311559e-05
5060,37,6.0,1160.9336933447578,0.3528727353315973,0.024422317405164547,31,0.3706625843931333,0.2147147147147147,0.00010218377932214379
5061,79,6.0,4125.553426020588,0.3815600287562904,0.07087372715250038,51,0.4047992882189849,0.25251541707237907,0.00017222310924218232
5062,90,6.0,4212.886515209833,0.40874085483249906,0.15711069390257476,56,0.4336185691108376,0.18077403245942572,0.00018330815364889862
5063,108,6.0,6713.300060404599,0.39339098208770845,0.06788559366161806,45,0.41939079918356853,0.14364832121841467,0.00025037057088897263
5064,56,6.0,4808.568907013994,0.3798985982702058,0.04485313310651363,37,0.4017297325587531,0.12727272727272726,0.00015666902253696151
5065,117,6.0,2437.4272834776602,0.4066790115573718,0.21301200532517212,56,0.43254828073484797,0.3454170350722075,0.00022205253292195476
5066,263,5.0,19002.192521706555,0.42961214165261385,0.4747862592708275,56,0.4612785889988446,0.18111630336980813,0.00046450383738552687
5067,42,6.0,4587.240761311609,0.37219495091164095,0.03438428303784101,32,0.39247919610613363,0.10801393728222997,0.00011734030994472073
5068,7,6.0,58.41309556982633,0.3140377693407623,0.002324043339656479,7,0.32399382425287226,0.6190476190476191,3.96229364954544e-05
5069,39,6.0,539.2322874640497,0.357849196538937,0.03540467666768967,37,0.3762730936305882,0.34143049932523617,9.682725414292547e-05
5070,40,6.0,629.8766064451378,0.3585744848553091,0.022525377569965782,36,0.37728057779869417,0.20256410256410257,0.00010651211202357035
5071,1,7.0,0.0,0.27825593079645244,0.00044273441215736837,1,0.28639391696387295,0.0,2.5799707558269125e-05
5072,25,7.0,8885.862829233294,0.31688143688740733,0.0035074200118376028,13,0.32779759101000455,0.3233333333333333,0.00018097131005569353
5073,63,6.0,2317.3555871302187,0.3797174029690574,0.06942280651396689,46,0.4021772125399118,0.1080389144905274,0.00014001995850383017
5074,79,6.0,11357.486609559004,0.3727176966292135,0.09237331094225669,53,0.3950567854712895,0.21616358325219087,0.000183726899185707
5075,149,5.0,12699.176433619812,0.4221515211771724,0.2251191305121029,56,0.44855026953477706,0.09695265735534192,0.0002911780239070532
5076,6,7.0,50.21734362853428,0.2900537389561891,0.0008115399537367082,5,0.29831886593544765,0.6,6.809712570645568e-05
5077,105,6.0,6314.293935605578,0.4117000646412411,0.15209621009549992,55,0.43724289527402754,0.10384615384615385,0.00020982605949635167
5078,44,6.0,2915.773866047281,0.3501374381528312,0.021236249291999174,27,0.36676872350445444,0.1744186046511628,0.00013628969444971344
5079,148,6.0,12514.530430446333,0.4129546780781949,0.16012349735584516,55,0.4404014235620917,0.15094686523257952,0.0002942569194567361
5080,190,6.0,21600.542268885918,0.4035354495343091,0.10580801598799412,45,0.43370492489667173,0.15182400445558342,0.0004218591165137025
5081,105,6.0,6486.666069704365,0.3896604466197614,0.07771987826872423,45,0.4154419846129877,0.23992673992673993,0.00023859147650984918
5082,144,6.0,16277.011365999639,0.4328530651080604,0.20910080030889577,56,0.45831109017641697,0.10703185703185703,0.00029693038442247784
5083,47,6.0,1203.8870543810297,0.36410930711182254,0.06355233263637615,41,0.38419950803368885,0.3135985198889917,0.00010927160358617782
5084,101,6.0,12591.384919564553,0.41698310855047793,0.12339658372293028,53,0.44135395404830424,0.13425742574257427,0.00021810934272346055
5085,45,6.0,4672.251646655091,0.37154357717885894,0.03822722645020765,39,0.3914874129899973,0.2101010101010101,0.00012167913237315894
5086,78,6.0,2611.3615559139585,0.37870139136639314,0.07672644695531082,50,0.4024886167373257,0.1824841824841825,0.0001711211313327947
5087,155,6.0,9154.96309252345,0.4149185667752443,0.2542801128801145,56,0.44292405924535166,0.18868873062421448,0.000288096809741558
5088,117,6.0,5913.895005152041,0.40701687116564417,0.18594305963802266,56,0.4325482807348482,0.24771588564692013,0.00023251044529102748
5089,50,6.0,181.97886451471706,0.3659083074801793,0.10470554249408891,48,0.3862013921599277,0.6473469387755102,0.00010480665746449826
5090,35,6.0,720.5798567782236,0.36089075249320035,0.04147820148055936,30,0.3802716281990708,0.18487394957983194,9.041416087475651e-05
5091,74,6.0,4165.2537954080635,0.3694101270227945,0.03639225620756792,43,0.39249751400009686,0.14772306553128473,0.00018696430989405374
5092,99,6.0,4038.882527800298,0.39502573962662035,0.12875569569988374,55,0.4204637044015531,0.18903318903318905,0.0002022515236798198
5093,43,6.0,3614.916624238502,0.3609930283965312,0.025372947835978488,30,0.38072957554821024,0.15836101882613512,0.00012441483155590892
5094,32,6.0,13884.945292180882,0.3487378853419482,0.014822702346140434,13,0.3637750562620828,0.28830645161290325,0.00017315782009681767
5095,88,6.0,4697.656937527483,0.387668147787449,0.08285323991580335,50,0.4120165384414245,0.21839080459770116,0.00018657939955251047
5096,41,6.0,722.9176328318221,0.35614829726555947,0.03154445614877254,35,0.37432092950225765,0.18658536585365854,0.00010479213795475574
5097,61,6.0,1742.8843690898125,0.3708728818494148,0.05247224010530725,47,0.39194536033913585,0.31366120218579235,0.0001372450064938573
5098,162,5.0,16467.67123009752,0.4284561049445005,0.21316016244103228,56,0.4548542419009213,0.1101909362778928,0.0003258926528219605
5099,87,6.0,4989.3987187681,0.4073813483433542,0.12929463581210832,53,0.4320039775998714,0.18577920342154505,0.00018458869370358385
5100,30,6.0,931.7602515666092,0.3338575247680453,0.007883528632544526,24,0.34873083163235735,0.3333333333333333,9.978745699978864e-05
5101,8,6.0,16.20054424525582,0.3331415420023015,0.008633392037088492,8,0.3443921076045139,0.32142857142857145,3.8295262238806135e-05
5102,89,6.0,1140.1035889140949,0.373438874230431,0.12522442072738565,56,0.3968781074998667,0.49233912155260473,0.00017574952283188524
5103,2,7.0,0.0,0.2903446389496718,0.0026085622273098437,2,0.30006056120045904,1.0,2.6915039660910832e-05
5104,115,6.0,12275.254077324362,0.41322260429507557,0.13360508052407866,55,0.4386690741613481,0.11456903127383676,0.00024783391672029937
5105,140,6.0,4715.088006926095,0.4073292402148887,0.24597110616738818,56,0.4344559585492628,0.2525179856115108,0.00025684310998597343
5106,50,6.0,819.579315650092,0.3756414037157181,0.05513505228927192,43,0.39700109907363734,0.32979591836734695,0.00011461790595244363
5107,118,6.0,3684.744485712052,0.3977890200487165,0.19841380581028892,56,0.4243392473962708,0.25336810082572797,0.0002208724899490732
5108,59,6.0,3985.4745525040867,0.3892080175996089,0.06496661781784781,40,0.4118569110797257,0.16832261835184104,0.00014643079117439205
5109,96,6.0,10436.704912713089,0.41529733959311427,0.11941862732520366,52,0.43931805097612975,0.09890350877192983,0.00021169573787876362
5110,15,6.0,54.08561144689826,0.3382009345794392,0.015792127204077265,15,0.35175851782066586,0.34285714285714286,5.137679390326773e-05
5111,13,6.0,111.69360635936546,0.3299658066521604,0.009332455304832966,13,0.3421651750667026,0.32051282051282054,5.231308298459539e-05
5112,186,6.0,13439.489551765726,0.4203960396039604,0.3125164315827467,56,0.4495891558068239,0.185178727114211,0.0003334593885323797
5113,170,6.0,12120.806234836728,0.4109827708588759,0.2737686346500243,56,0.4397053435913988,0.20034806822137138,0.0003114856059356682
5114,12,6.0,243.41356657993177,0.3288753485490034,0.004771756705908264,11,0.3415083477259374,0.15151515151515152,5.374565429479461e-05
5115,47,6.0,886.4669204501284,0.38275240384615383,0.08151648193424701,44,0.4049536818966957,0.2682701202590194,0.00010438405202073349
5116,98,6.0,3924.307199032876,0.3949277608978731,0.10215012380815902,53,0.42029622651386783,0.19713864927414265,0.00020441584196695083
5117,51,6.0,1987.4066190197884,0.3747352318192516,0.04787772338977148,40,0.3958418380698155,0.1850980392156863,0.00012343602707854783
5118,8,6.0,89.87632642804628,0.32152052097531425,0.004734257066910268,7,0.33166117129845296,0.07142857142857142,4.64504874808674e-05
5119,175,6.0,13757.399834193144,0.4228522108617713,0.2510123377293762,56,0.4509734652222202,0.16486042692939246,0.00032163316399387603
5120,229,5.0,13537.340686399968,0.4336783331063598,0.44526377935540185,56,0.4633589783849287,0.16172527388339847,0.00039839728165065813
5121,111,6.0,4974.799556056076,0.4066530455880475,0.12459659603775237,55,0.43234416705923145,0.21703521703521703,0.000225796715868121
5122,81,6.0,5406.2973213804025,0.37566356022177655,0.06095684598457374,45,0.3993745747631762,0.14382716049382716,0.00018714306138282633
5123,2,7.0,0.0,0.28584892958125757,0.001221626067914199,2,0.294650053458349,1.0,2.967041529788521e-05
5124,22,6.0,30.405142099286188,0.3448107844729576,0.025396072200295473,22,0.35966661432980324,0.5454545454545455,6.301652805760774e-05
5125,1,7.0,0.0,0.25045222178529297,6.635071446986246e-05,1,0.2552497588767077,0.0,2.8252814611873077e-05
5126,8,6.0,54.7358634048164,0.31658216522517146,0.003771361972226854,8,0.32649290835817113,0.21428571428571427,4.373617399829877e-05
5127,16,6.0,11949.580235369422,0.3341202392193894,0.010416686077317931,13,0.34650913277853457,0.13333333333333333,9.901276857283128e-05
5128,62,5.0,1504.7780783871253,0.38192612137203164,0.08263783406962222,48,0.4044643324436148,0.21523003701745108,0.00013612454984308924
5129,91,6.0,5151.988656450884,0.39232475052359245,0.09801756841352147,53,0.4168890982362698,0.21318681318681318,0.0002013817766505415
5130,8,6.0,4096.302022333479,0.31054658930225754,0.003186055792669389,4,0.319872298110626,0.25,9.531572897008356e-05
5131,209,6.0,9877.702396609544,0.4138939433324669,0.37028307675680866,56,0.4445308002303311,0.19571218255428782,0.00036706994985493877
5132,34,6.0,4081.16101098865,0.368939350055031,0.027663078933391462,25,0.3884518762757005,0.19964349376114082,0.00010622155486411659
5133,307,5.0,69398.94332002336,0.4461333706920706,0.34801839714162136,56,0.47735384937461317,0.08696855506589171,0.0005977946157686451
5134,71,6.0,5810.344469266536,0.3661396953147456,0.03423434379038437,42,0.38810906997434236,0.1348088531187123,0.00018541777751081065
5135,16,7.0,1220.3261230525654,0.2965774155995343,0.0007861308292995589,13,0.30641799191021607,0.39166666666666666,0.00010764597412055579
5136,20,6.0,295.22935553795975,0.341153784348385,0.013068920520250158,20,0.3554351808237558,0.2789473684210526,6.640931102721968e-05
5137,140,6.0,9040.01231081494,0.42573529411764705,0.20637810175065463,56,0.45128225257763815,0.21017471736896198,0.0002731053319753914
5138,67,5.0,1383.5333155914632,0.3806706114398422,0.11519871719837603,53,0.4035484377453352,0.39348710990502034,0.00013518599095259598
5139,52,6.0,2876.432295232396,0.3725214949991226,0.04335868994199676,38,0.3933715392264567,0.13650075414781299,0.00013591785652429772
5140,142,6.0,22364.602449926228,0.4136788776305534,0.15232486873882478,55,0.4408332024912807,0.09819198881230647,0.0002989251106829624
5141,51,6.0,1187.7584758260484,0.36759782985109085,0.04959752443774252,42,0.3883000994399846,0.19529411764705884,0.00011971996519043552
5142,75,5.0,1282.4313910632845,0.375885269121813,0.13506513220214542,56,0.3989218610980274,0.40216216216216216,0.0001504698271962542
5143,210,6.0,17200.13640449096,0.42707704687185677,0.3688716816131651,56,0.4566363112995716,0.16928685349737982,0.00037556402540507436
5144,2,6.0,1.9678184227917366,0.2931510632421983,0.000947567483755679,2,0.30210132412204843,0.0,2.7785189868300785e-05
5145,34,7.0,2256.990486957693,0.3433053040103493,0.011525926434228439,23,0.3592755833688223,0.1978609625668449,0.00011395985816201687
5146,60,6.0,2483.7842864398926,0.3929298537849343,0.06026316224679058,39,0.4160909614277704,0.43672316384180787,0.00014622753081726975
5147,56,6.0,1950.9852865848877,0.3646095717884131,0.03385780989579042,44,0.3854660595593087,0.21363636363636362,0.00014379890173600663
5148,95,6.0,8987.450071958714,0.3915529324972335,0.06453906890624378,45,0.4166195635107758,0.15498320268757,0.0002265836698912117
5149,141,5.0,8579.260268068578,0.41212631034036495,0.2141189005837802,56,0.43901973098868824,0.18318135764944277,0.00027758649491239196
5150,141,6.0,16495.498720382708,0.4222074908849851,0.14762486115065226,54,0.4487988695243074,0.09483282674772037,0.00030062053988833145
5151,80,6.0,4549.118364647364,0.3696888785697701,0.03612374148587633,44,0.3919584445491103,0.16265822784810127,0.0001944365062338536
5152,18,6.0,233.65220948125895,0.35201459127839496,0.017343432590030194,18,0.36744386873918566,0.2549019607843137,6.13954915724045e-05
5153,10,6.0,20.748170132835625,0.34238253951188047,0.014979191743616595,10,0.3562176165802854,0.4666666666666667,4.2667130641457365e-05
5154,58,5.0,1367.2165431886597,0.37575221238938056,0.06604552531757044,49,0.39736222326895865,0.3115547489413188,0.00012967703257401174
5155,52,6.0,4971.487114076736,0.3516453180212014,0.01824885442275354,29,0.36943528549744153,0.3129713423831071,0.00016097775419790294
5156,68,6.0,2417.6000425669763,0.38372093023255816,0.08555785453862177,50,0.4071413618045846,0.18129938542581212,0.00015194306649391512
5157,2,6.0,0.0,0.27967329732578056,0.0005377245085073074,2,0.2879625268226385,1.0,2.8596030784437084e-05
5158,14,7.0,56.78901183998425,0.31459619659175103,0.0032266240477129035,13,0.32734226050286197,0.4175824175824176,5.84467020506114e-05
5159,85,6.0,2221.8293099568773,0.3926149673283196,0.09585176957254253,54,0.4172554561155814,0.2198879551820728,0.00017511127445092334
5160,95,6.0,6139.507522603376,0.39709458195648106,0.12754173049488138,56,0.42199194012668223,0.2078387458006719,0.0001979763238499952
5161,41,6.0,1286.3107501955792,0.34668771433237167,0.014688865254670495,30,0.36440309834089735,0.22560975609756095,0.00012048036873353189
5162,52,5.0,3478.100371165789,0.3661607450845119,0.028041287871899946,38,0.3869602763385016,0.17345399698340877,0.00013607415899586945
5163,99,6.0,3521.199700408133,0.3726958862426122,0.04966917973132743,45,0.39700109907363484,0.1855287569573284,0.0002329324130741777
5164,70,6.0,1090.8390905943436,0.3902095331454479,0.13114491291209476,56,0.4135316899565787,0.5805383022774327,0.0001428016653679439
5165,25,6.0,435.9454276526941,0.3357583425589119,0.009769592367042364,22,0.35127440205157484,0.18333333333333335,8.34057377673679e-05
5166,50,6.0,793.0532382165985,0.38397540242358474,0.07096212663893496,46,0.40564714502539323,0.35346938775510206,0.00011209848727260894
5167,142,6.0,6306.522327436306,0.3924698052748336,0.22960881676837752,56,0.4201208981001956,0.2825891519328738,0.0002630593916442284
5168,19,7.0,860.3229394235361,0.3319435034137697,0.0072506521934354844,16,0.3453853860589331,0.05263157894736842,7.284500676547735e-05
5169,109,6.0,7881.7147228032045,0.40976645435244163,0.13725916978723174,55,0.43529596482968563,0.20047570506286103,0.0002288672527530351
5170,65,6.0,1641.0954488151006,0.37737749600047404,0.06671238922797752,47,0.3995368189668727,0.20865384615384616,0.00014369381658315807
5171,43,6.0,1133.8750321002678,0.3802615081497403,0.07265536206743883,39,0.401656460982891,0.17718715393133996,0.00010038157635296229
5172,65,6.0,1782.3569173639764,0.35817118434371836,0.031205038106117817,43,0.37941592086667814,0.20240384615384616,0.00015944554127422412
5173,65,6.0,1173.0835730916065,0.3676190476190476,0.05555427889628756,49,0.38860888679540423,0.3639423076923077,0.00014426406520789587
5174,165,5.0,27608.56784790548,0.4282256437840382,0.17222636360309185,55,0.4551211597844187,0.12512934220251293,0.00036506587663437395
5175,121,5.0,7844.987728998118,0.4147834581569521,0.1484704640034955,55,0.4406160046056896,0.1290633608815427,0.0002488806928450377
5176,61,6.0,9651.857321933488,0.3757300454250487,0.0486274431845332,39,0.39705081907154394,0.11639344262295083,0.00016938808405593018
5177,178,6.0,40613.24881391846,0.41904072636357653,0.2852902759799714,56,0.44740670958292905,0.16511140735098076,0.00036397106011714394
5178,71,6.0,3889.821321885922,0.39324524573968883,0.08534905454462519,50,0.41688648139427537,0.15010060362173036,0.0001574244680595207
5179,173,5.0,11823.936471234541,0.4181877872619829,0.3119386010195571,56,0.44637305699487134,0.17199892458663799,0.0003189477140758615
5180,70,6.0,1581.475850322347,0.3973423170503462,0.09402341047957509,51,0.4208248285968761,0.3105590062111801,0.0001503120258864181
5181,35,5.0,3276.285156277823,0.38557936796222303,0.04345056560173316,29,0.4066677134034763,0.2184873949579832,9.848972738117322e-05
5182,47,6.0,1668.0867789077759,0.36280262033608657,0.02507063567182264,37,0.3832181922855321,0.15448658649398705,0.00012557131014811053
5183,47,6.0,769.7699354063648,0.38238472622478387,0.05821641869210223,41,0.40405610509238243,0.38390379278445885,0.00010873935808071859
5184,192,6.0,24275.638282559838,0.42128588437624026,0.18366417404378335,55,0.45043177892924013,0.16901178010471204,0.0004029203845189747
5185,258,5.0,22337.812385174057,0.4454469156525388,0.4584075860765509,56,0.4745826137018212,0.13893162006454923,0.0004592225972551426
5186,262,5.0,31315.337573000612,0.44550923335198656,0.3603851530596052,56,0.4749725231590879,0.1200023397970226,0.0004980491012316928
5187,24,6.0,925.6623899458501,0.33884869121089595,0.00947095071728448,21,0.3535196524833548,0.10507246376811594,8.38691133038244e-05
5188,15,7.0,123.87199404101537,0.2962876814291031,0.0012271561485873315,13,0.3060856529768411,0.6476190476190476,0.00010664483639068783
5189,24,6.0,1089.4944417762233,0.35029149708502916,0.022032059803898982,21,0.3659941382739101,0.30434782608695654,7.494675220469764e-05
5190,101,6.0,8321.460034074611,0.3911201179071481,0.09402313090355925,53,0.41679227508245087,0.15584158415841584,0.00022961463840673847
5191,115,6.0,4804.959038327581,0.40908215042713086,0.14584588305025095,56,0.435259329041754,0.20778032036613273,0.00022469241953687504
5192,19,6.0,487.79095237383814,0.3357229455484687,0.00829461620212727,17,0.3494478463390089,0.16374269005847952,7.133480162805139e-05
5193,8,6.0,55.86477935399336,0.32564679415073117,0.005590509832752065,8,0.33606531637617076,0.5714285714285714,4.170299083417422e-05
5194,32,6.0,477.7466282120202,0.3606046880308006,0.028473493523472646,30,0.3780263777672943,0.19556451612903225,8.489837467710221e-05
5195,88,6.0,5656.1027458768,0.40613442162989416,0.1382376714612257,55,0.43011200083742673,0.258098223615465,0.00018401249556807854
5196,1,7.0,0.0,0.23798669755623644,1.9102063371982057e-05,1,0.2422268577709105,0.0,3.207183899672966e-05
5197,40,6.0,7446.654221636793,0.3703768318213538,0.03454808531802807,33,0.390966661432975,0.26794871794871794,0.00012822905151507974
5198,2,7.0,0.0,0.29703385878183003,0.0014975809274368097,2,0.30594434350910626,1.0,2.74894901636894e-05
5199,11,6.0,118.36392815253278,0.32969251475308003,0.008177386855251906,11,0.342128539278772,0.2,4.771262877349829e-05
5200,70,6.0,5617.1015317258525,0.39424326833797585,0.07839186164416252,46,0.41754069189304654,0.08737060041407867,0.0001595536889044057
5201,40,6.0,312.88949434412956,0.37115384615384617,0.048257949597296894,38,0.39142722562411,0.48717948717948717,9.551122298255823e-05
5202,16,6.0,587.7694237762131,0.3416478918570969,0.012545570622683197,14,0.35541947977178606,0.225,6.439757425715119e-05
5203,149,6.0,4385.3511708715705,0.4092135697764071,0.2910279394063812,56,0.4369498089705767,0.2256484672592055,0.0002659985747801453
5204,13,6.0,2430.4207774223237,0.3478237125225274,0.01494554964314997,8,0.36145391741244615,0.24358974358974358,8.42781172042558e-05
5205,140,6.0,17284.391245607214,0.4087146249117628,0.1067957342763228,45,0.4363453184697126,0.11294964028776978,0.0003080171936156262
5206,5,7.0,0.0863656706530793,0.29806252339947586,0.0016444912240279697,5,0.30929913494679906,0.9,3.4391207276218416e-05
5207,2,8.0,0.0,0.23446473273450155,1.3086106496327243e-05,2,0.2385660827370804,1.0,5.5914195890090566e-05
5208,7,6.0,25.974089156128443,0.31027427290885173,0.002040791240926076,7,0.3221803527502865,0.2380952380952381,4.195071063446109e-05
5209,1,7.0,0.0,0.25451566496163686,9.90842923673676e-05,1,0.25992942003305103,0.0,2.966722947564489e-05
5210,77,6.0,10351.638968445268,0.3886617440654177,0.06752994848578744,44,0.4119537342335433,0.11175666438824335,0.00020217716647979308
5211,13,6.0,429.878722803776,0.3370019577755437,0.006890056765789287,13,0.34940597686708813,0.11538461538461538,5.574325059163679e-05
5212,30,6.0,505.6305033647137,0.37381148022068317,0.0431447077441244,29,0.3930522845030579,0.20689655172413793,8.080981211581648e-05
5213,121,6.0,8264.973455668232,0.4058756054040275,0.17660966800872777,56,0.4323258491652654,0.11088154269972451,0.0002400017043206992
5214,130,6.0,20848.34578328093,0.39421886605595446,0.06934301148773515,45,0.42152614225155566,0.0678592725104353,0.0003175722946659418
5215,50,6.0,1181.609071607238,0.37976268558821774,0.05964074545901815,42,0.4012874862615842,0.25224489795918364,0.00011756979146978412
5216,148,6.0,8615.923786542162,0.39941051047284587,0.16345473091799714,56,0.4271863714869208,0.18974076116933258,0.0002874776648603846
5217,62,6.0,2846.934413007283,0.375885269121813,0.03824087582488202,39,0.39804260218768,0.1708090957165521,0.00015990780424348966
5218,1,7.0,0.0,0.2633559378101224,0.00023939294434386737,1,0.2703844514725376,0.0,2.619156934076337e-05
5219,421,5.0,93145.41836874404,0.4671067106710671,0.5700017294511281,56,0.49986915790027264,0.08802171700033933,0.0007881993479480191
5220,25,6.0,612.8539368675096,0.3550760996822211,0.024974837148298963,23,0.3720599780185077,0.19666666666666666,7.586786150292062e-05
5221,5,6.0,18.48398978801607,0.3169918375472825,0.0045026049609025775,5,0.3272203904328035,0.1,3.4790582978190926e-05
5222,2,8.0,4.281343689414501,0.20416733450873537,6.433219699733016e-07,2,0.206976687676199,0.0,7.179277012731811e-05
5223,1,8.0,0.0,0.2467648198372724,4.098861741047631e-05,1,0.25087757665478505,0.0,3.6217272528899176e-05
5224,63,6.0,414.560650332648,0.36921739130434783,0.06820257642358672,52,0.3901763751504594,0.46031746031746035,0.00014024417682957527
5225,144,6.0,10539.303633438161,0.3906163753449862,0.07178971292334729,45,0.41858481184908136,0.1552059052059052,0.00033373429806938295
5226,2,6.0,0.0,0.311808479389014,0.0020491007435707188,2,0.32069398649708003,1.0,2.7443677051497177e-05
5227,9,6.0,69.05131054533615,0.3249489795918367,0.006169926725837087,9,0.3349610090542473,0.25,4.291825321499803e-05
5228,13,6.0,2145.7910914979007,0.3137129346862378,0.0022105000523666356,11,0.32247343905373216,0.5641025641025641,0.00010065628734402786
5229,73,6.0,2878.3829997895177,0.37519882179675995,0.05641962582532915,45,0.39815774323546294,0.1617199391171994,0.0001681429143719732
5230,26,6.0,168.72079419852855,0.33315896845739396,0.009432698375643415,26,0.34853195164073225,0.20615384615384616,7.949348817601753e-05
5231,40,6.0,1460.1830734172515,0.37289227166276345,0.047037630287912094,33,0.3932956508085996,0.2564102564102564,0.00010563720157276016
5232,61,6.0,1844.6203798679765,0.38019340974212035,0.05714760076801265,44,0.40281572198671206,0.15136612021857926,0.00013837130824448043
5233,26,6.0,642.4062149215422,0.348261154855643,0.02361813165995174,21,0.3647930077981657,0.2153846153846154,7.864708424941831e-05
5234,116,5.0,12168.109591388522,0.42443022790883644,0.13310768598962194,54,0.4493013031873613,0.1,0.0002458625047006312
5235,75,6.0,4472.277608667919,0.38450857280850037,0.0810351971452949,47,0.40813576176271615,0.15531531531531534,0.00017464478524697053
5236,260,5.0,52413.02161260767,0.44861590476861307,0.40550346217826083,56,0.4769037525514566,0.088001188001188,0.0005084091653486818
5237,33,6.0,549.7403293979767,0.3429171377806493,0.02785193544378412,29,0.3598471764274597,0.23484848484848486,9.052696588906634e-05
5238,30,6.0,483.70202856117646,0.37137026239067056,0.046598245938449384,30,0.39079133301930535,0.2942528735632184,7.673947553249531e-05
5239,8,6.0,1497.7943372762816,0.33508707318356395,0.008390183537193879,7,0.3461296906892471,0.21428571428571427,5.415840624133086e-05
5240,89,6.0,3732.179898359861,0.3774893314366999,0.04622770457107741,45,0.4014235620453266,0.16624106230847804,0.00021569969972252165
5241,53,6.0,1341.822510558515,0.379604243652402,0.05194985146607899,43,0.40159627361700356,0.18867924528301885,0.00012502837287094065
5242,1,7.0,0.0,0.2973528175918577,0.0012711405606441394,1,0.30640752454223524,0.0,2.5421695396047416e-05
5243,90,6.0,2884.4628600471065,0.3978884238145811,0.16329351654302207,56,0.4228136285131384,0.3423220973782771,0.00017845616433665744
5244,62,6.0,1055.4895099486423,0.3830286264132788,0.08849775714347848,53,0.40581200607108264,0.2570068746694871,0.0001295987487112106
5245,19,6.0,89.33802191212492,0.34471747131413727,0.023387883454801136,19,0.35976867116761024,0.35672514619883045,5.7508419902526194e-05
5246,93,6.0,7077.646166402175,0.379672131147541,0.08286188916799905,48,0.40296749882242644,0.2844787283777466,0.0002066379060998383
5247,116,6.0,5033.402151371644,0.40790316382733444,0.1821818450857612,56,0.4337834301565272,0.16356821589205398,0.0002272205143289111
5248,106,6.0,3483.5919249937297,0.40717299578059074,0.18461176359257625,56,0.4325037944209319,0.23827493261455526,0.00020264777664914034
5249,39,6.0,337.89363518409095,0.3723908086300649,0.05583092746240664,37,0.39286387187941074,0.261808367071525,9.228984392343295e-05
5250,18,6.0,242.6041496801188,0.34144641612609233,0.013552918035516783,17,0.35530433872400247,0.16993464052287582,6.027571478322935e-05
5251,19,6.0,1539.2749647708138,0.344698814742653,0.017755201032468658,17,0.3595122206520928,0.14035087719298245,6.986577764407612e-05
5252,182,6.0,20016.27533210459,0.43264723863867943,0.2563220983151504,56,0.45988381221546215,0.13265739785076802,0.0003419716075905107
5253,121,6.0,5726.1262273954835,0.4049980923311713,0.15456445755024872,55,0.4313209818391535,0.1537190082644628,0.00023856827221057974
5254,99,6.0,4774.46515200578,0.4010200226671704,0.11664732148276671,54,0.42611084942694344,0.14924757781900638,0.0002071622188182335
5255,16,6.0,102.28607498795238,0.33639676754872444,0.011762310369178046,16,0.34859998953260296,0.31666666666666665,5.717048283323596e-05
5256,25,6.0,557.3096458719258,0.3529900792551128,0.02209839262276911,24,0.3686711676348794,0.26,7.431517587947344e-05
5257,21,6.0,262.475203584843,0.3548387096774194,0.02393649305530263,20,0.3706861359710917,0.28095238095238095,6.476576685666359e-05
5258,48,6.0,1289.9608533856601,0.38904159794759025,0.06204853937189734,42,0.4114565342544781,0.1347517730496454,0.00011252223163457902
5259,141,6.0,14687.147349282346,0.4204515447583839,0.18013665897474881,56,0.44644632857073413,0.13728470111448834,0.000296112657468778
5260,3,6.0,1.1752830578540976,0.31743421052631576,0.0047051554217644054,3,0.32774637567381515,0.6666666666666666,2.8954698408233533e-05
5261,22,6.0,696.0583643871616,0.34879518072289156,0.011609834240326453,20,0.36454179096663925,0.14718614718614717,7.397646645367253e-05
5262,41,6.0,2105.3969751092973,0.3662870945479641,0.032606754202210146,33,0.3855053121892364,0.16219512195121952,0.00010964190079691428
5263,17,6.0,258.00807574676986,0.33784213876511776,0.01430133821719398,16,0.3518893599204191,0.19852941176470587,6.016294442038986e-05
5264,38,6.0,699.9490051225107,0.36390126842646553,0.04340529239078044,33,0.38366043858270193,0.2204836415362731,9.699739266086424e-05
5265,47,6.0,7986.143427032275,0.3619778346121057,0.03909224945354084,38,0.38222902601139136,0.20999074930619796,0.00013845707455069554
5266,3,6.0,0.4432323377999462,0.3122211873131036,0.0031514609137648386,3,0.3219343696027477,0.6666666666666666,2.9416853395163544e-05
5267,8,7.0,230.97244381692832,0.3171496862862265,0.002347852038483924,6,0.32614374686911285,0.10714285714285714,5.03948580858952e-05
5268,3,7.0,0.8451007362236926,0.29584726867335565,0.0014146231942926944,3,0.30461237093361127,0.6666666666666666,3.0266093532391743e-05
5269,2,6.0,2.6627839397905575,0.3023498694516971,0.0012649565083405509,2,0.31109017637514236,0.0,2.8052778035036285e-05
5270,2,7.0,2.16166544865997,0.28429228228362274,0.0007422010388488158,2,0.29325004299098223,0.0,2.8374415053718536e-05
5271,73,6.0,2437.4452355605354,0.3786338505439629,0.09436208631340855,52,0.4017689851886782,0.24961948249619484,0.0001524521036930514
5272,52,6.0,929.7901983311727,0.37282678686413395,0.06213822808834606,46,0.39460145496414534,0.19984917043740572,0.00011802706429759779
5273,13,6.0,115.8757201906346,0.34218019663675925,0.013993309676880087,13,0.3559035955408761,0.11538461538461538,4.921365487880946e-05
5274,40,6.0,1660.6507087478826,0.35448321923526466,0.019676922049790345,29,0.37264615062540507,0.1717948717948718,0.00011444032941977425
5275,13,6.0,36.738572400110826,0.3315633296892082,0.007564443529777673,13,0.3427356466216285,0.5897435897435898,5.086307212589844e-05
5276,27,6.0,2675.878741587967,0.35289228723404253,0.014050454606365882,21,0.3693986497095106,0.15954415954415954,9.701674409918581e-05
5277,42,6.0,962.691877110051,0.34940750493745887,0.04400714782785007,38,0.36514889830950037,0.4889663182346109,0.0001003804414429523
5278,4,6.0,19.469654038622497,0.30745836350470673,0.002502615937397338,4,0.31626367299941216,0.16666666666666666,3.285332226255204e-05
5279,77,5.0,8191.581254817271,0.3985108246777625,0.10072518906720417,52,0.4224158685298865,0.10833902939166097,0.00017044248132747173
5280,65,6.0,2540.6162012499167,0.39923525355732464,0.09090663463015275,49,0.4226749358874,0.2360576923076923,0.0001408791864730843
5281,57,6.0,3799.0871435890012,0.3569667077681874,0.02214539977892769,39,0.37617365363477506,0.12406015037593986,0.00016001613437509598
5282,74,6.0,3184.2043138768895,0.39500124038700074,0.10193473954182194,52,0.41869210237088306,0.1314328026656794,0.00015763513934526427
5283,27,6.0,849.8908652154721,0.34308338720103426,0.011610015764470025,23,0.3586329617417443,0.15384615384615385,8.891821907331646e-05
5284,175,6.0,15770.217665063366,0.42564993651005817,0.24527252988292292,56,0.4531114251322,0.11632183908045976,0.000341124075408935
5285,92,6.0,4405.088789168558,0.40292275574112735,0.12490094712773107,54,0.4273643167425888,0.19445771619684663,0.0001971678273726538
5286,13,6.0,19.99403984594381,0.3126196436460021,0.0031910218393699703,13,0.3245669126497954,0.7307692307692308,5.5592917222952205e-05
5287,168,6.0,12058.755262835166,0.4176941238195173,0.20402718295487915,56,0.4460956717433923,0.13230681494154548,0.0003313518223492926
5288,3,6.0,1.3275734349730204,0.3149384364337635,0.003954079596292013,3,0.3242319568744237,0.3333333333333333,2.9008654251452464e-05
5289,91,6.0,4271.525811277687,0.40897707570795605,0.12225737156998703,55,0.43363688700480335,0.21343101343101342,0.00018779395900157033
5290,70,6.0,18415.783546603834,0.40236275191104937,0.08372738640702142,48,0.42605851258704264,0.07163561076604555,0.0002018602789624789
5291,14,6.0,326.7369174654638,0.3285699546017334,0.006128566638636751,14,0.339781232009183,0.2087912087912088,5.69857505975357e-05
5292,14,6.0,311.2854893824337,0.333054437065314,0.006211566103592025,12,0.3449337938974955,0.23076923076923078,6.0266638339412974e-05
5293,15,6.0,67.71718556275589,0.348756981710656,0.024075028074965813,15,0.3644345004448404,0.3238095238095238,4.9194145924835275e-05
5294,12,7.0,66.06458700382157,0.3036761550565012,0.0014206881204636948,11,0.3139414126460666,0.4696969696969697,5.925301680414284e-05
5295,53,6.0,1677.0139096266162,0.3624516275893467,0.029606061244538275,39,0.3825011775788809,0.19085631349782292,0.00013973449867531876
5296,39,6.0,1153.8959872700432,0.3440842787682334,0.013255688455803794,28,0.3613649447846076,0.145748987854251,0.00011701992682924695
5297,1,6.0,0.0,0.3043727598566308,0.0032047277900254154,1,0.31411001203746375,0.0,2.5154567760051105e-05
5298,84,6.0,3632.905619328946,0.3764851924100018,0.044618241312967065,45,0.3998115873763556,0.20883534136546184,0.0001967696273783931
5299,21,6.0,6734.808858280485,0.3384525454352216,0.008747758700118291,18,0.35264562725699805,0.14285714285714285,9.359386751955452e-05
5300,143,6.0,10902.391162773392,0.37416284807895667,0.05629685592354522,45,0.4010833725859634,0.09376538954003744,0.0003475601573324447
5301,140,6.0,9708.457264421097,0.41868261898501186,0.19327573428985137,56,0.4452739833569374,0.14573484069886947,0.00026927297086493617
5302,57,6.0,2775.506920765046,0.3747793338825468,0.04301843309965032,43,0.3964280106767138,0.17606516290726817,0.00013759758700746362
5303,68,6.0,1859.9107685995061,0.3883773400817123,0.07932398948532211,49,0.4109776521693778,0.24319578577699735,0.0001457639167588595
5304,7,7.0,373.4551407129315,0.24704239556262364,4.633614624981365e-05,4,0.2522134744932745,0.14285714285714285,0.00012792811181534008
5305,140,6.0,6439.342813786919,0.4189029202841357,0.25183548485324436,56,0.44556706966038634,0.2252826310380267,0.0002579733854594458
5306,45,6.0,1819.5499289427953,0.3510444799647247,0.018120602817498457,32,0.369045376040173,0.18484848484848485,0.00012844487035072077
5307,63,6.0,2566.535646302521,0.3825225225225225,0.07077432680286427,45,0.4052232166221889,0.1786994367639529,0.0001452956717474463
5308,8,7.0,53.57960721254496,0.2621095518334088,0.00020144907212419255,7,0.26905771258102984,0.6428571428571429,7.511712504945954e-05
5309,1,7.0,0.0,0.28635014836795253,0.0012721539142958422,1,0.2953958534269461,0.0,2.5374515602394057e-05
5310,63,5.0,2319.365135919327,0.39576213260423787,0.09043908763057766,47,0.4183911655414492,0.2237583205325141,0.00014234010083830743
5311,76,6.0,2530.8582981432614,0.39640256426215226,0.11484008495224664,54,0.41996650442248873,0.20175438596491227,0.00015725194219390898
5312,54,6.0,1340.498215582637,0.3761294513671529,0.07192182332946712,47,0.39774689904223587,0.23200559049615652,0.00011871575711100299
5313,141,6.0,15099.269058860855,0.42237548909078854,0.15696453140389477,55,0.448736065316426,0.1442755825734549,0.0002883547509997461
5314,112,6.0,12360.989130460473,0.41175329712955777,0.11594288988027844,53,0.43683728476479006,0.11068211068211069,0.00024253307765019423
5315,56,6.0,1815.193498384634,0.3676827156217527,0.04270956708717925,42,0.3877793478829634,0.275974025974026,0.00013422298497401444
5316,90,6.0,7178.864081975511,0.38901783532860984,0.08100826154389762,48,0.4138535615219727,0.1540574282147316,0.00021263981934717153
5317,14,6.0,89.17272848685813,0.3404607900785802,0.009107567892510392,14,0.3545925577013389,0.4175824175824176,5.404675480172195e-05
5318,13,6.0,20.22393122067124,0.3287904599659284,0.013803985154178243,13,0.34187993928923915,0.44871794871794873,4.704621277674925e-05
5319,144,5.0,8673.830745041714,0.39054451802796175,0.21868944140802438,56,0.4182001360758043,0.2553418803418803,0.00027400540884097937
5320,6,6.0,0.0,0.31521900519673346,0.006012939505119114,6,0.3251766368346472,1.0,3.4699325049558255e-05
5321,41,6.0,763.3128656296233,0.3703983716196569,0.04932827957017615,37,0.3905610509237374,0.1524390243902439,9.95338992587634e-05
5322,83,6.0,1416.7334593091468,0.3794233289646134,0.13961352506134272,56,0.4031716124980427,0.3417572729944167,0.0001608108081048229
5323,137,6.0,16512.312858103425,0.41701041052838345,0.17609593591664796,55,0.4431595750249105,0.13331902103907256,0.00029209725643944634
5324,2,7.0,0.0,0.2791951604418727,0.0004469642298263163,2,0.2875034579697871,1.0,4.599052440147448e-05
5325,13,6.0,21.021055506054708,0.3413366203976633,0.022017700331208184,13,0.3550164861045431,0.5256410256410257,4.51732086334076e-05
5326,13,7.0,159.538090267173,0.33013684428778767,0.0056436757164652655,12,0.3428810682696415,0.1794871794871795,5.443936999499753e-05
5327,36,6.0,942.8459132234142,0.3625341530054645,0.026969962319111283,31,0.3813707018370064,0.407936507936508,9.452610014384844e-05
5328,1,6.0,0.0,0.2998446400828586,0.0012868253397846792,1,0.3085910922698423,0.0,2.5428523085628e-05
5329,63,5.0,2203.1057280059995,0.3832360551176364,0.06449331901279845,47,0.40576228607317627,0.15360983102918588,0.0001426246748342841
5330,116,5.0,6533.139389963952,0.4033821014630439,0.1434340587259318,56,0.429319097712915,0.12068965517241378,0.00023499423996846226
5331,5,6.0,255.68265326508077,0.29412579661956223,0.0012331686979522723,5,0.30322918302192753,0.2,4.528513218982133e-05
5332,19,6.0,1132.7622419496618,0.34778572598700375,0.011927903159340782,16,0.3619746689694668,0.1929824561403509,6.94443549740236e-05
5333,63,6.0,1348.0583992623533,0.37575221238938056,0.057914377163757406,47,0.3978489558800438,0.3512544802867384,0.00014300550006282197
5334,134,6.0,6412.2516155731255,0.41747509176717357,0.2101653077954378,56,0.4438661223635828,0.14139827179890024,0.00025474515999354436
5335,104,6.0,2062.20685549245,0.39891018414130025,0.20017139753643395,56,0.42425812529442425,0.37677371172516805,0.00019004159238656833
5336,38,6.0,3099.476173803248,0.3739651224238154,0.04553730642724267,33,0.3945936044381609,0.13229018492176386,0.00010178847669797846
5337,171,6.0,14960.922301564311,0.40284629981024667,0.21870011911671472,56,0.43216098811957315,0.1846577227382181,0.00033711358320541153
5338,102,6.0,8396.790182978057,0.37425079327770594,0.04385144612102343,45,0.3991913958235193,0.1720054358377014,0.0002585246962175084
5339,47,6.0,2486.33637013913,0.3759296423090544,0.047493824144431054,37,0.3968493222379228,0.18408880666049954,0.00011737355640231585
5340,90,6.0,2132.9730856680135,0.4003142677561282,0.1355854833249138,55,0.4253284136704135,0.19325842696629214,0.00017934178607519356
5341,87,6.0,4702.719175198507,0.35351909413854354,0.022524245155981032,37,0.3755377610299672,0.07805399625768511,0.0002348730622961396
5342,155,5.0,8666.059569434401,0.41698310855047793,0.26514637792459494,56,0.4445334170723282,0.17905320485965648,0.00029424552664705805
5343,119,6.0,7671.729718875856,0.40208333333333335,0.18202963466609076,56,0.42840058617264054,0.19470160945734227,0.00023716028515962848
5344,73,5.0,1445.1693865814511,0.3864918987802658,0.09324539310163343,52,0.4099518501073043,0.2819634703196347,0.00015470780705841957
5345,139,6.0,14760.206317087881,0.40376569037656906,0.14702065593632477,56,0.4313392997331182,0.09008445417578981,0.0002963844194832148
5346,82,6.0,5138.997734380372,0.3887566379783922,0.08410582739826852,51,0.4127178520961072,0.22433002107798858,0.0001861860726132048
5347,20,6.0,1141.36541291948,0.3393542199488491,0.011982979595817,15,0.3527790861987489,0.2631578947368421,7.823506003802236e-05
5348,123,6.0,7044.787189068389,0.4112481436043133,0.1855461412208316,56,0.43766420683523544,0.1947221111555378,0.00023727370687018096
5349,4,7.0,1.109935561086825,0.2844573470299241,0.0007046198333210821,4,0.29350125982250985,0.6666666666666666,4.3642548309696386e-05
5350,83,6.0,4956.572559406496,0.38771534668533514,0.07774180934805083,53,0.4119092479196262,0.3144284454892742,0.00018095400721900075
5351,9,6.0,708.1627426640061,0.3526968656551113,0.013987320616562837,8,0.36728947506147674,0.16666666666666666,4.803144596952475e-05
5352,81,6.0,7766.970419695009,0.3816057519472738,0.05989520030078833,47,0.4046579787512507,0.16728395061728396,0.00019545153175891983
5353,41,6.0,1252.9923958594998,0.35966794669076124,0.030727324574713256,35,0.3775815146281305,0.3121951219512195,0.00010828140717108342
5354,3,7.0,1.6618073807260783,0.2949157251342841,0.0018631217456369902,3,0.30474059619137145,0.3333333333333333,2.961324908022633e-05
5355,51,6.0,1432.8959101929772,0.3752430330524951,0.046205409006136997,41,0.39673156434814355,0.23529411764705885,0.00011978121474996214
5356,46,6.0,1440.6731646390397,0.38646844660194174,0.060026022613710955,40,0.4086094101638274,0.13623188405797101,0.00010959750965821064
5357,56,6.0,1092.2477324094027,0.37731042654028435,0.06779509615007845,46,0.39880148636625473,0.30584415584415586,0.00012706191089367416
5358,15,6.0,85.08292716848372,0.3245184958728218,0.00580491388559735,15,0.3383838383838141,0.17142857142857143,5.63309542997925e-05
5359,68,5.0,3804.0907146669083,0.39431649331352153,0.07187570631365078,45,0.41714031506779914,0.14135206321334504,0.00015757921132938376
5360,81,6.0,3135.190111652639,0.3674917777393111,0.039412856143888966,45,0.39008740252262514,0.23888888888888887,0.00020449747628881152
5361,93,6.0,13762.162194857981,0.39868544600938965,0.09488139798715521,50,0.4233291463861701,0.10331930808789154,0.0002148483953823427
5362,14,6.0,36.09569407569085,0.32090492265833626,0.006032658512544031,14,0.3315800491966054,0.5824175824175823,5.367786677396185e-05
5363,4,6.0,0.7958113103260452,0.3004953998584572,0.0019428987028655685,4,0.30940493013031184,0.8333333333333334,3.288476388888227e-05
5364,17,6.0,165.70109704312304,0.3301710730948678,0.008602045901770649,17,0.342505364526063,0.3161764705882353,6.103260381266191e-05
5365,22,6.0,340.0987501977718,0.36538351213355513,0.026551498778691774,22,0.38374417752654577,0.1341991341991342,6.523976953327332e-05
5366,3,6.0,8.362217745682386,0.3202433628318584,0.0029667550890840025,3,0.3313680849950045,0.3333333333333333,2.943468044383198e-05
5367,159,6.0,22948.45449521695,0.4271629778672032,0.25444239273848074,56,0.45359815774328344,0.14385797309131437,0.0003298964899092682
5368,110,6.0,4949.504065763206,0.3990101491041223,0.15562212584791707,56,0.4244857905479964,0.3010842368640534,0.0002207211305083733
5369,43,6.0,1040.737136536965,0.371218744535758,0.042820676183788084,39,0.39143769299209047,0.1893687707641196,0.00010509789804215751
5370,85,6.0,3358.7793997912963,0.38441574118783195,0.07777969839638274,51,0.40827445438845544,0.27899159663865547,0.00018057765550744896
5371,86,6.0,3888.9912891768913,0.39811226403300415,0.13594929012100984,55,0.422601664311537,0.13816689466484267,0.0001777277623325359
5372,46,6.0,1191.8439061143815,0.38946982205099984,0.06615213024961114,42,0.41150625425238496,0.14782608695652175,0.00010671883176537546
5373,81,6.0,12272.399951757523,0.39485430874147553,0.08731189632475209,51,0.4192521065578303,0.08425925925925926,0.0002019275823939666
5374,83,6.0,2513.492113878648,0.37254328497894246,0.08419053529982715,51,0.3963154864709234,0.17660887452248017,0.00017966036361293154
5375,33,6.0,1066.2202429759825,0.37182555899351977,0.029371812607052777,29,0.39180666771339734,0.21401515151515152,9.422938637365048e-05
5376,24,6.0,216.97459417762315,0.355333630885963,0.024349734814425237,23,0.3723504474799617,0.44202898550724634,6.985684454850458e-05
5377,127,6.0,12440.278872228491,0.40613442162989416,0.14003900249959328,55,0.4323494007432214,0.1302337207849019,0.00026691261935946954
5378,39,6.0,1664.465370321453,0.3868910217470538,0.04910443914791624,33,0.4079944522949837,0.15114709851551958,0.00010138009259844991
5379,27,6.0,391.73637044781265,0.35760808534531163,0.02949677336890425,26,0.37550635892602885,0.09401709401709403,7.468932177996916e-05
5380,84,6.0,2447.155303726655,0.3956883697813121,0.14061495643531466,56,0.42007117810229144,0.23895582329317266,0.00016599384814145824
5381,23,6.0,2085.5841927300853,0.3626167160100205,0.03039496166380237,22,0.3807243418642214,0.2490118577075099,7.539017709910965e-05
5382,9,7.0,9.291379065689195,0.27300784431394404,0.00024091858818600596,9,0.28160023626345465,0.8888888888888888,6.686631793057334e-05
5383,157,5.0,14484.068308989054,0.43361928104575165,0.28612195753573777,56,0.4594337153923069,0.19941205291523764,0.0002963859620577389
5384,130,5.0,5510.5838695994225,0.3962545884402414,0.1654006459934378,56,0.42329251059823714,0.14609421586165772,0.0002601262325310028
5385,42,6.0,946.6988195292366,0.37319817180358605,0.04907803370943813,39,0.393907991835449,0.2113821138211382,0.00010026123005018319
5386,226,6.0,18950.452145233812,0.4266479099678457,0.355780400531345,56,0.45703930496681483,0.1410029498525074,0.0004154984098893225
5387,16,6.0,268.0403718759437,0.3314943007338781,0.009318004577975146,15,0.34423248024281466,0.75,6.145530888157892e-05
5388,53,6.0,585.9917910225929,0.3747352318192516,0.0890111586587249,50,0.39624221489506295,0.2597968069666183,0.00011147265913658848
5389,12,7.0,16.554701050994097,0.30944514624429115,0.003203512969001824,12,0.32196988388696896,0.45454545454545453,5.1360446136934554e-05
5390,47,6.0,813.3312199878545,0.3813544099155739,0.06395503007729135,42,0.40313759355210793,0.22386679000925067,0.00010961412493482777
5391,7,7.0,10319.982646889166,0.24992151938471197,4.103031215903733e-05,4,0.25448564101414367,0.2857142857142857,0.00016386358116478151
5392,62,6.0,570.3228138423051,0.3677464056816213,0.09729782421329591,54,0.3887737478410945,0.28979375991538864,0.000126697448795591
5393,52,6.0,1521.2095671706077,0.3823388161844159,0.04572522478967975,41,0.403883393520707,0.2873303167420814,0.0001276419104892391
5394,37,6.0,995.7581272855729,0.36467220154594904,0.025809396054989428,31,0.3842125922436648,0.1996996996996997,0.00010287405632379547
5395,16,6.0,150.72671187285835,0.3340326218073111,0.007698029724639209,16,0.3470141832835845,0.375,5.9661563091193095e-05
5396,21,6.0,161.31380594460464,0.34488547138138304,0.01619948119730779,21,0.35975820379963064,0.13333333333333333,6.238519379780587e-05
5397,150,6.0,9920.008451936927,0.41665576344367394,0.1988381297858294,56,0.4441670591930165,0.16331096196868009,0.00029092178759248
5398,39,6.0,1151.8051772206293,0.3638181195018851,0.03409465604242483,34,0.38262155231065587,0.300944669365722,0.00010038026370536898
5399,81,6.0,1626.9394141496791,0.38618724229929663,0.11687737966669717,55,0.410111477469004,0.20895061728395065,0.0001625337740553633
5400,87,6.0,9271.022545182212,0.39563920983973166,0.06407304010481892,45,0.4202936096718733,0.13285217856188183,0.00020072637715913132
5401,27,6.0,169.37406863243626,0.356786734636715,0.03435138315567466,27,0.373580363217651,0.39316239316239315,7.157411525147343e-05
5402,4,7.0,6.190715917287729,0.3027666856816885,0.0018001945609463,4,0.3113496175672254,0.3333333333333333,3.371928183910558e-05
5403,45,6.0,900.3683552087039,0.3888041023136561,0.06878088941475959,40,0.41057727534413063,0.18686868686868685,0.00010545819564108609
5404,187,5.0,11717.364195980319,0.4233862926278003,0.2781076736328208,56,0.4516983304548585,0.1787706284859985,0.00035480968691706813
5405,95,6.0,4539.472726383305,0.3947074863658899,0.12095243053119899,56,0.4191709844559827,0.36058230683090703,0.00020030802739133034
5406,42,6.0,1053.9489615247846,0.36988210697485335,0.04640889106755167,36,0.39021562778038615,0.2415795586527294,0.00010702964601689481
5407,86,6.0,5931.751054072901,0.3882116298915031,0.11499612323807919,54,0.4121578479091593,0.22763337893296853,0.00017559299344461265
5408,41,6.0,843.7506202097096,0.3712620227338968,0.05010629511531307,38,0.39179358350342147,0.2231707317073171,0.00010287689437701452
5409,6,7.0,4084.6687049624875,0.31334251697333465,0.0027219114547359104,5,0.3229799848970658,0.2,6.152364236779376e-05
5410,106,6.0,9020.047910954707,0.3916492436354692,0.09685233499209298,51,0.4168733971842989,0.11985624438454627,0.00024097718587929272
5411,1,6.0,0.0,0.2801407521442709,0.0007031495094153966,1,0.28869000889727153,0.0,2.5509627871413623e-05
5412,86,6.0,1980.5420499613947,0.4003897655120387,0.11692762243252088,54,0.4249463547391316,0.24268125854993158,0.00017613505698562345
5413,69,6.0,2113.2031440154788,0.3822470291681671,0.07243099800945269,47,0.40575966923118034,0.17391304347826086,0.00015381129309618185
5414,17,6.0,191.72162588957698,0.33368261120134124,0.009604289786064759,17,0.34712147380538333,0.21323529411764705,6.149067297046757e-05
5415,95,6.0,5103.773464709152,0.40399619410085635,0.0977073446943794,53,0.4292589103470285,0.17491601343784996,0.00019962626681287494
5416,140,6.0,5017.074806181741,0.40636763861417724,0.2576933414941709,56,0.43369445752869334,0.24213771839671122,0.00025521609431286265
5417,58,6.0,1041.5058917623885,0.38747946705603215,0.08713793220052697,47,0.41015334694092626,0.21718088324258922,0.00012605700166522395
5418,24,6.0,7458.8496356327505,0.33398007341373886,0.007164562720254182,15,0.3453577223006978,0.23188405797101447,0.00012756685585567617
5419,40,6.0,934.4099841019697,0.3488142833671066,0.020260332797492363,31,0.3664075993091306,0.1717948717948718,0.00011120538234190312
5420,24,6.0,797.7104199777011,0.36076809788149994,0.020308373755037357,22,0.3784372219605209,0.18840579710144925,7.78605842293017e-05
5421,8,6.0,39.99011979148329,0.32310267857142855,0.005106944223876401,8,0.3339168890982118,0.25,4.032363398211189e-05
5422,102,5.0,2200.3614340515437,0.38930317848410756,0.1853584028989129,56,0.41464646464648264,0.3482818870122307,0.00019323194034221691
5423,128,6.0,8511.6336244244,0.4099246958872369,0.1370938495183763,55,0.4364813942534576,0.20374015748031496,0.00026191532862807846
5424,137,6.0,18246.095137438657,0.4199248368167733,0.1657835369119235,55,0.44573716439006766,0.1834478316874195,0.00028816244202972387
5425,3,6.0,0.4527698641167302,0.3053504650493815,0.005577486136422355,3,0.3157219867064327,0.3333333333333333,2.8498031712705996e-05
5426,89,6.0,2855.1765270943624,0.3925665680473373,0.109736609082716,53,0.41748573821114854,0.232635342185904,0.00018245283551929152
5427,77,6.0,3981.4591353187498,0.385439360929557,0.07767251856087175,52,0.4090568901449856,0.29049897470950103,0.0001710991203953771
5428,70,6.0,6268.891116608047,0.36668777707409755,0.029251946923377094,38,0.3877714973569773,0.1225672877846791,0.00018911559173004887
5429,18,6.0,107.40929810735088,0.34458691770816424,0.02004808684401534,18,0.35902548804100826,0.32026143790849676,5.829233925867496e-05
5430,79,6.0,4239.557251091335,0.373657964212379,0.07557985508403528,52,0.3960773538493719,0.22200584225900682,0.00017673441607701166
5431,69,5.0,1217.6236664408855,0.3839059674502712,0.09651431703923037,53,0.4066075260375881,0.25703324808184147,0.00014761863743372058
5432,4,6.0,28.021644250239017,0.31042550080421116,0.0018653401255318265,4,0.3196236981210934,0.16666666666666666,3.4092254247120534e-05
5433,138,5.0,17324.377810713602,0.43071616960843984,0.1664712373854445,55,0.45556340608158585,0.1024013540674918,0.0002921984810903573
5434,9,6.0,17.521083454498395,0.35895846249225044,0.02370355649944389,9,0.3750379442089114,0.4166666666666667,3.9329858001593014e-05
5435,99,6.0,3768.7372451910524,0.39378014096698405,0.14082512265951952,56,0.41931752760770646,0.2119150690579262,0.00019965856660747764
5436,22,6.0,459.7556784307302,0.34774774774774775,0.013184023512396875,21,0.3634819699586309,0.2597402597402597,7.15987063604406e-05
5437,72,6.0,2824.7611896202843,0.3778252358070831,0.06572815161078958,46,0.4014261788873219,0.16588419405320814,0.00016285613838911103
5438,24,6.0,10551.043982104411,0.32940263770364625,0.0068004055459565775,19,0.3416182550897295,0.30434782608695654,0.00012129525612022205
5439,77,6.0,3103.2125448439115,0.39092806285293397,0.1000132142947278,52,0.41491861621397236,0.2464114832535885,0.00016790644848822657
5440,10,6.0,173.05314631242766,0.3334205842320176,0.010774098395158806,9,0.3454990317684338,0.37777777777777777,4.5462875485044343e-05
5441,29,6.0,453.4539836981051,0.3576884196338313,0.0267248439744421,27,0.3748442979012751,0.2315270935960591,8.01448897252604e-05
5442,10,6.0,763.372107397811,0.3454841334418226,0.009879375606842959,9,0.35916156382475345,0.35555555555555557,5.384122080331657e-05
5443,193,6.0,15796.792053126457,0.43185516680227826,0.2553593467658065,56,0.4597398859057336,0.12057426597582038,0.0003675448314545495
5444,14,6.0,502.0948568295693,0.34580301878597025,0.014669176508222057,13,0.3601664311508641,0.12087912087912088,5.365905254235416e-05
5445,6,7.0,41.631945771347326,0.31557823803389157,0.004695295507014068,6,0.3253142079566727,0.4666666666666667,3.7008746241711324e-05
5446,98,6.0,6084.976408904105,0.3981371507157592,0.10251203686898698,53,0.4232244727063665,0.1809383547233326,0.00021224158168804387
5447,91,5.0,6675.925562661121,0.4033821014630439,0.10840893489198086,52,0.4279033861935759,0.18412698412698414,0.00019397452486801268
5448,33,6.0,783.9964940402928,0.36599241466498106,0.0398017042569784,31,0.3850133458941608,0.3503787878787879,8.889925053034844e-05
5449,27,6.0,881.0923946626632,0.3411172406405656,0.01731201559186329,23,0.3567069660333633,0.18803418803418806,8.415132318243679e-05
5450,107,6.0,21636.33857516723,0.39642723764471555,0.08263076691917069,51,0.4213743654158426,0.11461823311585258,0.00027305806995191873
5451,82,6.0,10455.978916061767,0.3819490254872564,0.06150496671549715,48,0.4055895745014999,0.15627822944896116,0.0002065375267686676
5452,34,6.0,1274.4976906245074,0.3615257989442016,0.03303356082412775,29,0.380098916627397,0.09982174688057041,9.541820041271678e-05
5453,124,6.0,27610.764527781623,0.41335669781931467,0.11389427924610251,52,0.43914272256245795,0.07067925517964857,0.00031490560793699234
5454,60,5.0,4503.938484783663,0.3722167027058617,0.06573531415712366,42,0.39361752237399406,0.22090395480225988,0.00015623520025774822
5455,21,6.0,577.5810147077991,0.3431018693099176,0.012322815554854526,19,0.35665201235147087,0.32857142857142857,7.245188455938135e-05
5456,60,5.0,1915.2991819487536,0.3953199677239153,0.07205366500040768,46,0.41789396556238334,0.20564971751412428,0.00013806113447626157
5457,97,6.0,4178.477191090575,0.4082692307692308,0.1331283779822168,55,0.4333097817554177,0.2265893470790378,0.00019492901821561838
5458,52,6.0,2044.5514194967623,0.3702691703970699,0.04870740563324859,40,0.39124404668445356,0.1349924585218703,0.00012586846341721683
5459,112,6.0,12947.273336840943,0.3766187688486784,0.05293547669639811,45,0.40179777045062254,0.12258687258687259,0.00028026837632350656
5460,53,6.0,1682.3675010144955,0.34685764077987147,0.017079568227937464,37,0.3657560056523534,0.21262699564586357,0.00014704352816781677
5461,40,6.0,933.2615871996994,0.375840906408592,0.043674604033983544,39,0.3967551159260998,0.18076923076923077,9.677414543684644e-05
5462,40,6.0,3219.6296957883833,0.3508704275011018,0.016266684529445918,30,0.3680928455539643,0.3282051282051282,0.00012309978994329849
5463,3,7.0,0.0,0.2617325552724583,0.00017847486119015434,3,0.2688550942436982,1.0,3.831290475463169e-05
5464,14,6.0,5302.836412341183,0.3288923315259489,0.009701714153955595,6,0.3404275919819695,0.16483516483516483,0.00011715949605171569
5465,69,6.0,1141.4477639596525,0.37104573259539764,0.11897160033317258,55,0.39304443397707023,0.26641091219096336,0.00013726857401076645
5466,102,6.0,10170.860207429261,0.36906762473199284,0.037694757417226825,44,0.3934317265923407,0.0904678703164434,0.00026399476181876734
5467,100,5.0,3320.1541762359043,0.4038937155177881,0.14726269304286696,56,0.4287146072120516,0.258989898989899,0.00020623805443961284
5468,81,6.0,4508.252984671721,0.4039705695801091,0.10355176118882559,53,0.4282671272308926,0.1626543209876543,0.00016958034980827204
5469,81,6.0,2334.179364588718,0.37495584599081594,0.08333472067704042,51,0.39799288218977263,0.3148148148148148,0.0001716341360821829
5470,7,6.0,8.309853413303697,0.3248992501147783,0.006832742858617047,7,0.3358402679645949,0.4761904761904762,3.6798344946366835e-05
5471,45,6.0,1062.1126910881308,0.3725214949991226,0.04838812238662032,39,0.39311247186894366,0.15454545454545454,0.00010958093270333058
5472,28,6.0,843.3738477870935,0.3478807078872624,0.01599604304767942,25,0.3643690793949628,0.24074074074074073,8.383869405576453e-05
5473,36,5.0,838.6218442080411,0.35809063308219946,0.03676490691145734,29,0.37710001570103224,0.319047619047619,0.00010171988314823697
5474,5,6.0,0.0,0.32293885001521144,0.008810816821078349,5,0.3335793164808459,1.0,3.184734757183002e-05
5475,63,6.0,1931.552674173878,0.3688966116420504,0.05851796631712533,45,0.3908646045951655,0.17460317460317462,0.00014766501635791665
5476,2,6.0,0.0,0.30137699332797047,0.0017661502676304028,2,0.3102868058826536,1.0,2.771700337761962e-05
5477,44,6.0,2359.8223088130153,0.35006045949214026,0.017042114647780823,32,0.36790181608832234,0.14587737843551796,0.00012604365816902652
5478,10,6.0,117.51326112312093,0.3291472868217054,0.006459441887096825,10,0.34024702988430855,0.15555555555555556,4.5933655103996687e-05
5479,56,6.0,1790.7175947373576,0.3703768318213538,0.04237863579191808,43,0.39168105929763225,0.1616883116883117,0.0001337334831599231
5480,19,6.0,549.4737518715865,0.33955323345950844,0.010613677228717078,18,0.3532370335478879,0.2222222222222222,6.550991248232871e-05
5481,5,7.0,55.17100267254782,0.3100628012268147,0.002469548322097642,5,0.3191227597963209,0.2,3.673081936214728e-05
5482,42,6.0,1043.9092447891871,0.37493377288514745,0.04922982188040609,38,0.39533417072276983,0.23925667828106853,0.0001024087135811172
5483,26,6.0,737.0007257147059,0.34818499890662585,0.02716812164636136,23,0.3632019678651593,0.5507692307692308,7.51417499458326e-05
5484,68,5.0,2997.2381655994427,0.3866092023795071,0.06623208443092798,47,0.40980792379757486,0.1826163301141352,0.00015601901111188428
5485,20,6.0,139.8971909451732,0.3621013133208255,0.03144054679282253,20,0.38016695451926874,0.23684210526315788,5.797104756375739e-05
5486,11,6.0,81.72671032609198,0.31317303437085114,0.005805701664296732,10,0.32504317789289905,0.3090909090909091,5.275338676580645e-05
5487,1,7.0,0.0,0.2394000902119982,4.458356641857722e-05,1,0.24385715033384445,0.0,3.8067979129819364e-05
5488,117,6.0,6329.230742242863,0.40955565558484985,0.13785525352377798,55,0.43543727429741985,0.23651635720601236,0.0002472570895523623
5489,6,6.0,2587.4804217615238,0.2979370351312158,0.0017344149429719873,4,0.3072015491704563,0.4666666666666667,6.313436105476105e-05
5490,180,6.0,8776.663726815266,0.4268766756032172,0.3014387792196858,56,0.4542628356100352,0.17219118559900684,0.0003297578709010351
5491,64,6.0,2146.5978680741905,0.3793103448275862,0.11169849194268078,51,0.4011435599518544,0.498015873015873,0.00014225053289357696
5492,123,6.0,9821.064277598181,0.4131957960295835,0.13997312108034657,55,0.43935730360605446,0.1668665866986539,0.00025552422883568714
5493,30,6.0,582.9879753260248,0.3549375835934017,0.023062867563468384,28,0.37162034856333515,0.31494252873563217,8.704275437078749e-05
5494,102,5.0,6934.56420785577,0.4163833682008368,0.1348299752537592,55,0.44094834353906615,0.15103863327509223,0.00021459489327582776
5495,312,5.0,45115.57140182955,0.4562974638200315,0.5268295001561923,56,0.48600774585233625,0.1180847555445626,0.0005656860886213096
5496,10,6.0,3.4999874557020356,0.31254293846304837,0.0052161051987283675,10,0.32258596325952166,0.8444444444444444,4.443570118919415e-05
5497,56,6.0,3197.342086830415,0.3748234463276836,0.04314883481849664,43,0.39602501700947124,0.22012987012987015,0.00013795866857980158
5498,53,6.0,1413.6283868765904,0.3763072378138848,0.06604431823970364,43,0.39784110535405903,0.2111756168359942,0.00012313416617379052
5499,51,6.0,495.0928992849461,0.36538351213355513,0.05108027820238618,43,0.3860286805882519,0.4407843137254902,0.00011681160340802678
5500,97,6.0,3535.6292325258705,0.3738773114176695,0.131997561913635,56,0.3975925053645244,0.22744845360824742,0.0001975694492760743
5501,14,6.0,542.8899340997508,0.35297051651518513,0.016364977046407395,13,0.36854032553512434,0.16483516483516483,5.455656101008655e-05
5502,57,6.0,1025.8858737500186,0.3776236214870153,0.0680909831288355,46,0.3994373789710598,0.3182957393483709,0.00012910272212152864
5503,72,6.0,3423.8034447748646,0.39011392870268286,0.06426630378420399,45,0.41431150887111284,0.10758998435054774,0.0001671269878617229
5504,84,6.0,1578.02757310738,0.38656227239621266,0.10369072952727876,54,0.4109724184853861,0.3344807802639128,0.00017065249791702915
5505,46,6.0,884.9781774662531,0.37057078024087975,0.04605353226574044,39,0.3911027372167194,0.2541062801932367,0.00010861105603840262
5506,5,7.0,5.011495786706579,0.32059800664451826,0.0046893423993112264,5,0.32991723302601705,0.3,3.252598721927079e-05
5507,48,6.0,1480.5312726387663,0.3702691703970699,0.03845375850782576,38,0.3916653582456616,0.15070921985815602,0.00012180137697837527
5508,161,5.0,6531.1569394399485,0.40968737939019684,0.2620737138298736,56,0.43831056680801944,0.20885093167701863,0.0002882733922117752
5509,25,6.0,595.7874013140884,0.34539045553145337,0.019117874709092996,21,0.360778772177712,0.15666666666666665,7.758924156421857e-05
5510,103,6.0,3884.3926463112543,0.4032033426183844,0.1253222213826969,54,0.4282488093369266,0.19169998096325908,0.00021137478212156555
5511,3,7.0,2.9095326233611347,0.28302892947606983,0.0005759136514371872,3,0.29274387098222077,0.3333333333333333,3.645730290863365e-05
5512,17,6.0,155.33894716118695,0.3301539578041574,0.006650903352012593,16,0.34318836028677824,0.2647058823529412,6.30430909377099e-05
5513,117,6.0,6958.564494718024,0.4105059619722849,0.16398732771760882,56,0.43637933741565,0.22015915119363397,0.00023057184593571525
5514,196,5.0,19442.88614520912,0.43453639899024354,0.2946436838645439,56,0.4620113047574621,0.11161695447409734,0.0003775744492900149
5515,92,6.0,2536.520295911946,0.3907361963190184,0.10951795689485129,54,0.41575338881040325,0.20043000477783088,0.0001865360519634502
5516,63,6.0,1908.5971959556068,0.3702046035805627,0.04085875786786999,43,0.39230648453445655,0.20583717357910908,0.00015480481421760052
5517,101,6.0,4419.815817975006,0.39174560216508797,0.16066106328302765,56,0.4168812477102842,0.39504950495049507,0.00020107913196391994
5518,4,6.0,48.31229673153815,0.29774204104529944,0.001161067119990579,4,0.306861359711096,0.0,3.597246639095703e-05
5519,48,5.0,4796.4568644329765,0.3744488212122994,0.05724021148643089,44,0.394936410739517,0.20656028368794327,0.00012066937883531286
5520,1,7.0,0.0,0.29803462798315394,0.0014155569108499602,1,0.3069256592572606,0.0,2.5426512877454753e-05
5521,67,6.0,3194.7338253905978,0.3857662023016354,0.0655266452326564,46,0.40935259329043006,0.1623699683401176,0.00015174684720911397
5522,128,5.0,19439.194205433247,0.40730319114919744,0.12150069838699665,53,0.4335243627990138,0.15218996062992127,0.00029736970334937507
5523,1,7.0,0.0,0.27341804756589677,0.0003390707384121218,1,0.28121668199388994,0.0,2.593155048597791e-05
5524,157,6.0,6187.197546008407,0.4143247462919594,0.2803795367856119,56,0.44228293295655624,0.21133431324514126,0.0002813637219138939
5525,157,6.0,16531.116956430735,0.43208955223880596,0.25573278385476017,56,0.4582561364945214,0.1279601502531439,0.0003053491692640844
5526,16,6.0,670.2786935461013,0.3447361299052774,0.017601545720239545,14,0.35875071963152577,0.4166666666666667,5.919074983435735e-05
5527,110,6.0,6320.5295336123345,0.40091904821855723,0.1277040049234956,55,0.426775527293694,0.14662218515429526,0.00022515196979922586
5528,244,5.0,36591.19798084537,0.44482469618661824,0.327370116490147,56,0.47331344533420755,0.0990352830061391,0.0004722150817043072
5529,36,6.0,190.6182728361976,0.3599118444846293,0.05573198986956011,36,0.3786334851101512,0.7317460317460317,8.496447088754241e-05
5530,25,6.0,5273.866625191396,0.35825177185285184,0.029741056408496808,22,0.376048045219011,0.14333333333333334,8.394930514051418e-05
5531,18,6.0,3379.1297005540546,0.35694670178781596,0.018989040416103664,13,0.37263306641543287,0.11764705882352941,8.659968506936593e-05
5532,9,6.0,73.96814142385666,0.33607725186006016,0.007402260716518933,9,0.34782540430205866,0.3055555555555556,4.246100701430557e-05
5533,113,6.0,7397.529038562721,0.4186275798606547,0.17441270658887542,56,0.44381116868168685,0.26785714285714285,0.00022738616740923672
5534,11,7.0,62.472283685405635,0.3216991615314678,0.00440930876997194,11,0.3327983760626003,0.4,5.1864232164995796e-05
5535,36,6.0,964.90923117399,0.36840583063396576,0.047382918392299245,33,0.38819542576018196,0.16825396825396827,9.142989284576148e-05
5536,27,6.0,432.1254019596679,0.34086165373294086,0.010049350940192176,23,0.3557675197571305,0.150997150997151,8.513065729941334e-05
5537,97,6.0,6978.910554268971,0.39630390143737165,0.09637359025810957,53,0.4216910032972473,0.17396907216494847,0.00021461164172116554
5538,76,6.0,3154.4372309591595,0.378836545324768,0.06390504624703348,50,0.4021562778039504,0.24982456140350875,0.00016938944141022083
5539,373,5.0,57417.12892703773,0.4648565798116926,0.5680708671279048,56,0.4953420212487851,0.11015019170342184,0.0006861656467148046
5540,246,5.0,25792.757416925117,0.39605745911323925,0.10130221124045452,45,0.42888470194172634,0.10403185664509706,0.0005572283576877297
5541,65,6.0,2025.7785884955829,0.3708728818494148,0.03849922765177044,45,0.3930339666090898,0.2721153846153846,0.00016207635357964222
5542,114,6.0,3609.6356419400277,0.40947666195190946,0.15615112193630623,56,0.4348798869524675,0.22589659990684677,0.00022404322093940078
5543,12,6.0,56.04079826420833,0.3275729054158309,0.010588566121290109,11,0.3384073899617684,0.712121212121212,4.9180485514251436e-05
5544,5,6.0,27.891577800139075,0.32609697404126775,0.007981823221874317,5,0.33662270372112363,0.2,3.296416755090619e-05
5545,90,6.0,3524.7908717035953,0.40366332868551147,0.12030753946297822,55,0.4286622703721497,0.2027465667915106,0.00018329612090631233
5546,30,6.0,294.06297233339274,0.33429561200923785,0.009706799467190615,28,0.3493248547652416,0.3425287356321839,9.110803482151139e-05
5547,72,5.0,3577.030763700892,0.36398445536632756,0.034399907257409594,44,0.3857931648086933,0.13067292644757433,0.00018544450493615595
5548,215,5.0,37849.8120188382,0.4346253582639552,0.33062964951034257,56,0.46272308578012555,0.17487502716800696,0.00041457166808287437
5549,9,6.0,721.3260626043955,0.30581964851627774,0.002166345105648735,9,0.3155728267127127,0.4444444444444444,6.761140046321519e-05
5550,43,6.0,803.1928428731926,0.3575077182149874,0.0308688109797553,33,0.37572617365361677,0.32004429678848284,0.00011430184919274995
5551,35,6.0,1744.3135532232102,0.35160649221596557,0.017141495995419694,30,0.36918668550790745,0.18487394957983194,9.990671297806186e-05
5552,55,6.0,1089.1147524225307,0.3723908086300649,0.03869001550778322,43,0.3937195792118025,0.21952861952861955,0.0001358685564703724
5553,77,6.0,2527.915909253487,0.39397500927873313,0.09734879945325255,52,0.41802742450413144,0.16473000683526998,0.00016027376234924585
5554,72,6.0,2395.090677497238,0.402566209468428,0.11189738005568718,53,0.4262050557387674,0.17331768388106417,0.0001520066381474135
5555,46,6.0,636.7665211759293,0.37080810433162553,0.054259629016504565,44,0.39114198984664583,0.30048309178743965,0.00010688018891624949
5556,82,6.0,6010.064186003763,0.3805114111602342,0.04768647783990025,45,0.40496938294866436,0.12797350195724178,0.0002044967007405025
5557,21,6.0,343.44041674985016,0.33574064312071694,0.010170788914697977,19,0.34803475166166514,0.3,7.348094022708942e-05
5558,29,6.0,3254.4949378272463,0.34100765647587944,0.010235497440661477,22,0.35532003977597304,0.19704433497536947,0.0001030462311329875
5559,48,6.0,628.3706935548979,0.3642759094028826,0.06196649827584959,43,0.38445595854920706,0.21808510638297873,0.00010899944134957523
5560,24,6.0,89.39486431994898,0.3420699285675922,0.01594598666568928,24,0.358475951222037,0.40942028985507245,7.04949569788336e-05
5561,54,6.0,1400.1367184550932,0.34477345314783736,0.018442738448176475,36,0.363709635212199,0.22711390635918938,0.00014886823030179917
5562,24,6.0,14574.908102980056,0.3561084707855745,0.02161461966652788,16,0.37283194640705747,0.12681159420289853,0.0001108693098107666
5563,5,7.0,12702.424945753555,0.3055848766912964,0.0017265600125844157,3,0.31439935999520424,0.1,8.891243431190407e-05
5564,115,6.0,3906.4955102873764,0.38856689646757364,0.1550735959977561,56,0.41478515727222137,0.23310450038138825,0.00021978530543761586
5565,7,6.0,22.417942458680553,0.32445236882322975,0.007005749642855602,7,0.33485371853244944,0.2380952380952381,3.730194385994832e-05
5566,53,6.0,5046.706743993351,0.3613002042205582,0.022247958942476435,33,0.38103836290363086,0.14005805515239478,0.0001549432987412687
5567,29,6.0,246.15700127437347,0.3459157071475125,0.026116887885400508,29,0.3627126184120749,0.28078817733990147,7.750766564176904e-05
5568,45,6.0,2934.9586058836935,0.3680864589955499,0.03688853087967144,33,0.38816402365624075,0.08484848484848485,0.00012131143149701308
5569,61,6.0,1353.0038136721237,0.3818574255051262,0.0976416877952373,52,0.4045088187575311,0.25519125683060107,0.0001277224421707435
5570,45,6.0,7869.060620167181,0.3674917777393111,0.028688753592102535,29,0.38716962369810926,0.1303030303030303,0.00013837947941873382
5571,9,6.0,1518.5220433786394,0.3071914339458834,0.001777316320850236,5,0.316726854032542,0.2222222222222222,8.70301032056865e-05
5572,90,6.0,4446.419339310824,0.38607019458083286,0.07141387315030927,50,0.41006437431309256,0.1940074906367041,0.00019974125340592675
5573,84,6.0,1217.6577269846744,0.3746470588235294,0.12529763368202465,56,0.3980556863976544,0.43631669535283996,0.0001644633319225573
5574,10,6.0,255.99328015416174,0.3333333333333333,0.00697938256339169,9,0.34351808237815645,0.26666666666666666,4.9803694929255814e-05
5575,31,6.0,601.2852738556787,0.3169602866527322,0.0049382612641285005,21,0.3299576071596571,0.524731182795699,0.0001207833113167503
5576,283,6.0,39996.67180347867,0.43662164941386167,0.37992046037000454,56,0.46842780132939943,0.07941758765005137,0.0005267870046550235
5577,24,6.0,679.2258332137139,0.3235129781073805,0.004572068984309108,18,0.3370126131783919,0.25362318840579706,0.00010415438381999557
5578,32,6.0,1086.1305830057363,0.3736798873503872,0.03574949364202803,30,0.39388705709948874,0.23588709677419356,8.465736307645898e-05
5579,17,6.0,104.21733667215683,0.3491967761390427,0.017888860361414537,17,0.3638483278379444,0.27205882352941174,5.482989428925599e-05
5580,4,7.0,772.1458797501249,0.31526581526581526,0.0022812115560612942,4,0.32421251747674557,0.0,3.903427348388235e-05
5581,54,6.0,11238.920093085502,0.3693030267888206,0.06392381844637675,43,0.3902313288323562,0.2948986722571628,0.00015014415246251275
5582,27,6.0,669.597712678211,0.37579655416568325,0.048788168960690305,25,0.3956822107081163,0.18518518518518517,7.580876561335765e-05
5583,136,6.0,21172.013398973642,0.41722895512610547,0.17046733649966656,55,0.4435939707960941,0.09520697167755991,0.0002989371333231378
5584,92,5.0,5562.566209887902,0.4032288698955366,0.0984361105100117,51,0.42801852724135936,0.15121834687052077,0.00020254457683455362
5585,5,6.0,6.094854287196756,0.3000565344388957,0.002476054096537076,5,0.30962997854188956,0.6,3.536707611598339e-05
5586,56,6.0,2679.213198276163,0.37550851954483816,0.08635330299943605,45,0.39766054325639777,0.2584415584415584,0.00012960618455146937
5587,9,6.0,3.501582776136508,0.33494609518800944,0.014948227134453864,9,0.34684147171190916,0.5833333333333334,3.904708972422203e-05
5588,2,6.0,125.27103060026812,0.2903181693864527,0.0008566964380705846,2,0.298683728476476,0.0,3.756595949746133e-05
5589,18,6.0,359.6391332820255,0.3331938268375621,0.006349379175892031,17,0.34718951169725537,0.1503267973856209,6.699169968955591e-05
5590,1,8.0,0.0,0.21793731179852177,6.053817115244551e-06,1,0.22202577215533179,0.0,4.8625926937957356e-05
5591,81,6.0,26035.53718769182,0.3926149673283196,0.07520413585368403,51,0.41643115088713073,0.13179012345679014,0.00021443535498532612
5592,53,5.0,1999.9576276042055,0.3649438459775384,0.0377297582154508,39,0.384691474328765,0.2213352685050798,0.0001335475277859504
5593,40,6.0,1753.8215424001942,0.36400525804423617,0.03125839756616323,30,0.38275762809440034,0.3064102564102564,0.00011503411539960069
5594,55,6.0,1738.541303519391,0.3765964995269631,0.08107123288815221,44,0.3983095200711788,0.25993265993265996,0.0001268757713953006
5595,27,6.0,706.0232636875362,0.3494266747133374,0.01639538355278185,24,0.3663107761553127,0.1623931623931624,8.306885806665341e-05
5596,32,6.0,802.8463989999,0.3408069349315068,0.011062458915767242,28,0.3566467786674766,0.1592741935483871,9.600951644885309e-05
5597,113,6.0,3314.9318416821657,0.39811226403300415,0.17117207472490298,56,0.42417700319257606,0.22850821744627053,0.00021350441486410959
5598,92,6.0,6039.903406221277,0.3700540352100401,0.04069502868639485,45,0.3934840634322431,0.18084089823220256,0.00022914212592980299
5599,36,6.0,2059.1452529897138,0.3624516275893467,0.03857803564921211,30,0.3822002407494454,0.15396825396825398,0.00010107643907256473
5600,1,7.0,0.0,0.26692091697749465,0.0003677294415378651,1,0.27435569611735855,0.0,2.5884315977807418e-05
5601,31,6.0,1464.3399928072954,0.3820406694259493,0.05416292395554216,27,0.4027267493588808,0.22365591397849463,8.41013709179526e-05
5602,38,6.0,715.0598622771862,0.357849196538937,0.035925845759774075,35,0.3753231799863753,0.3129445234708393,9.842795417788275e-05
5603,4,7.0,4.121331042685363,0.3108042162795237,0.002882782690713812,4,0.3202323008022345,0.5,3.158610142192723e-05
5604,147,6.0,13066.235198456872,0.39500124038700074,0.0785292439606535,45,0.42328727691424606,0.13409747460628088,0.0003272696287855484
5605,52,6.0,1729.8019823153338,0.38210943124550034,0.06627002927236961,42,0.40428638718794935,0.1719457013574661,0.00012200857537421427
5606,1,7.0,0.0,0.28033804304766935,0.0010295484598966296,1,0.28912477850302565,0.0,2.545569270726567e-05
5607,29,7.0,3579.26710520718,0.32952193708609273,0.005018927789458894,15,0.3413502157025191,0.34975369458128075,0.0001399366020043413
5608,39,5.0,4542.06479508787,0.35997287062680156,0.028765002451499707,32,0.3783744177526388,0.13495276653171392,0.00011122900716001141
5609,99,6.0,7500.1087626563485,0.39092806285293397,0.06295654889910106,45,0.4158737635421772,0.14594928880643165,0.0002305753729591863
5610,102,6.0,5575.367167594362,0.37422880310241496,0.04624133724062057,45,0.3984141937509802,0.1432731508444962,0.00024728759540478516
5611,58,6.0,7841.252940246442,0.37978533094812167,0.06068003112798268,45,0.40239441042550367,0.1996370235934664,0.00015236116155382248
5612,169,5.0,10597.214844700702,0.4272202844110545,0.2910769727222057,56,0.454200031402152,0.13052972668357285,0.0003131606729774716
5613,2,7.0,0.0,0.29685388021440223,0.0012637222263722804,2,0.30592340877314583,1.0,2.757506664882059e-05
5614,187,5.0,23384.709613934057,0.4362926428277846,0.21775264319835558,55,0.4629376668237194,0.131849807371629,0.0003724759508905698
5615,123,6.0,6399.743725043759,0.3943897454950771,0.13344494566218262,55,0.42119642016017544,0.17073170731707316,0.00025867408084235833
5616,57,6.0,17924.700636472167,0.3839522546419098,0.04068858102720144,41,0.40572303344325067,0.14786967418546368,0.00015298268457156298
5617,48,6.0,2895.3331712075574,0.39627924340467896,0.06108008367912124,40,0.41845920343332166,0.17375886524822695,0.0001173263520144034
5618,125,6.0,8723.743958845487,0.38644499726958315,0.06571934282448341,45,0.412636729994258,0.15070967741935484,0.0002886160323562032
5619,49,6.0,1608.8820400208701,0.37802706552706555,0.05966294020915298,42,0.3997592505364551,0.18027210884353742,0.00011607238595376294
5620,6,6.0,7.948863065451014,0.3206787170837319,0.007916216919813488,6,0.33094939027579096,0.4,3.439879746878004e-05
5621,84,6.0,4016.057541800028,0.37800462935485785,0.04594016373341278,45,0.40187627571047607,0.21141709695926564,0.00019951557074117713
5622,2,7.0,0.0,0.3006514350453172,0.0014828570383993212,2,0.3090950212711798,1.0,2.7655974863622653e-05
5623,73,6.0,3697.7526428017527,0.35811076750070286,0.026551957411262046,39,0.378874234573698,0.15487062404870622,0.0001926889458672073
5624,46,6.0,930.6379781427746,0.3776684060721063,0.06642538313369388,41,0.39862615795258455,0.20676328502415459,0.00010489111631399226
5625,81,6.0,2241.241161424739,0.38005728607232364,0.11753304525666745,56,0.4036347935311725,0.4046296296296297,0.00016355127418967455
5626,100,6.0,5810.721904091025,0.37673015497456525,0.048914008465607284,44,0.4016276757209423,0.11515151515151516,0.00024047286651331004
5627,61,6.0,758.2985410031255,0.36175167556514826,0.03511853201059065,45,0.3826503375725997,0.25191256830601094,0.00014874605787301495
5628,25,6.0,493.58837740386855,0.3407157759589151,0.020671066846653038,21,0.35519443136020823,0.4066666666666667,7.88914716621002e-05
5629,73,6.0,1740.6712462325067,0.3748896344693625,0.09750943848149185,54,0.3969173601297942,0.3592085235920852,0.00015673401490661927
5630,101,6.0,3992.1875070292112,0.3671316578279917,0.04698625224953319,45,0.3911890930025541,0.18257425742574257,0.00024141573437433495
5631,65,6.0,1744.4827884734816,0.3748455064445883,0.06680648173030265,51,0.39700633275762687,0.45721153846153845,0.0001439046002910172
5632,13,6.0,479.29531633172917,0.3335428122545169,0.008179354027036595,10,0.34443921076042533,0.2948717948717949,6.423462318346365e-05
5633,20,6.0,313.19253154114324,0.3444564629529475,0.017861288424485994,19,0.35818809860258366,0.30526315789473685,6.324008874121694e-05
5634,178,6.0,25113.25774316629,0.4309493199810542,0.19949193155494638,56,0.4584105301722323,0.10493239382974671,0.00036121541156387496
5635,54,6.0,1576.9022456958114,0.3858129391810031,0.06348093592069544,42,0.4084236143821761,0.19566736547868624,0.0001252935779840438
5636,61,6.0,2796.233625393492,0.3831207892204042,0.07133923405071209,46,0.4054299471398008,0.15191256830601094,0.00014043243128103417
5637,42,6.0,1929.9819624034408,0.37840888836076286,0.04079158620566157,36,0.39961794106872106,0.14518002322880372,0.00011073537739698811
5638,87,6.0,3098.481045449976,0.39189022889490527,0.12003673784499433,54,0.4164363845711203,0.17615610799251538,0.00017949236575328165
5639,42,6.0,440.28874662114663,0.34567164179104476,0.01786908384735705,36,0.3629769194535785,0.3403019744483159,0.00011430838599623948
5640,1,7.0,0.0,0.2744312306101344,0.00038787284770430333,1,0.2821912687197726,0.0,2.6053923269056134e-05
5641,64,6.0,5705.987883937307,0.38411434774742176,0.053100477966731285,45,0.40646883341184903,0.15426587301587302,0.00016429263589207597
5642,19,6.0,242.6954494822756,0.33227253756260433,0.008880039601890441,19,0.34512220652114234,0.25146198830409355,6.764207833549701e-05
5643,80,6.0,3163.980284205259,0.38513636088770636,0.08030647042384298,51,0.40881875752343294,0.3528481012658228,0.00016891249211058122
5644,56,6.0,2366.281754475738,0.3663503019844694,0.045993591234455705,38,0.3869131731825903,0.18181818181818182,0.00013982814516170925
5645,20,6.0,218.0470427846885,0.3350165693545842,0.008030105411160955,20,0.3495342021248469,0.19999999999999998,6.77869999142352e-05
5646,78,6.0,3868.6071734003726,0.39551636341054464,0.10451707886031678,51,0.41963939917310283,0.13253413253413251,0.00017202804247129768
5647,226,6.0,33198.48861492821,0.4277941966684578,0.2696109053394553,56,0.4579682838750678,0.07779744346116028,0.0004373298110444442
5648,241,5.0,10099.554087509669,0.4270484108890975,0.4950417231140955,56,0.45780603967137457,0.22569156293222684,0.00041106915035744797
5649,106,6.0,5147.621803666611,0.40327993414804025,0.13538870804387487,55,0.4286177840582331,0.18221024258760107,0.00021295824512621275
5650,71,6.0,1706.4197385182458,0.3780719458625193,0.10812928694994661,55,0.40070393049667963,0.2507042253521127,0.00014469568900002093
5651,118,6.0,5552.565539688311,0.4150537634408602,0.16309351906101296,55,0.44092740880310455,0.155294799362596,0.00023344398583648372
5652,131,6.0,17335.44088308814,0.42564993651005817,0.1404522158851791,55,0.4508059873345332,0.1100411039342337,0.00027873957811053586
5653,117,6.0,7767.885447165816,0.3936341161928307,0.12822628305600145,55,0.4197833254828309,0.2119068670792809,0.0002423305095623853
5654,107,6.0,7731.0936891179,0.40450936805335025,0.12624851470264742,55,0.4300439629455534,0.14089225886087112,0.00022411796943381992
5655,46,6.0,731.5258371900537,0.35359760159893405,0.025977181960050003,39,0.3724865232637042,0.2396135265700483,0.00011750196808933736
5656,2,7.0,4689.192203425464,0.2505211816072061,7.783624863706037e-05,2,0.25554172367644457,0.0,6.183748643597041e-05
5657,10,6.0,94.87228244308034,0.33998825601879035,0.00905383016301134,10,0.35155440414505296,0.35555555555555557,4.4243127600635946e-05
5658,34,6.0,1353.4509230809185,0.36550932568149214,0.04230665067701239,31,0.38469409117076053,0.11764705882352941,9.1049867462441e-05
5659,179,6.0,18756.828946224246,0.42958316471064345,0.27812361026818955,56,0.4570576228607774,0.12886824430355912,0.00033599668797158066
5660,11,6.0,57.431933439235635,0.32418812989921614,0.00859088007053889,11,0.33588998796250286,0.509090909090909,4.6859396060034236e-05
5661,61,6.0,6280.99957595185,0.37910714285714286,0.038856036945418886,40,0.40124038310567217,0.12021857923497267,0.0001648040262423772
5662,73,6.0,2216.105369993662,0.38316688725785103,0.07683343660108051,51,0.40626471973623185,0.3063165905631659,0.0001583765067153932
5663,40,6.0,1428.749615893388,0.3595055317227365,0.036444842754497976,30,0.3786570366881063,0.1717948717948718,0.00010781641334681909
5664,235,6.0,31879.30890035404,0.42900444564192375,0.35313070980798095,56,0.4590281048830762,0.13064193489725404,0.0004479432756658198
5665,61,6.0,1633.7367783827344,0.35825177185285184,0.04677600104164686,44,0.378939655623574,0.2087431693989071,0.0001423565533431838
5666,13,6.0,13.4071045925602,0.3469143199520671,0.029301402060529776,13,0.3622834563248832,0.3974358974358974,4.4219159232677036e-05
5667,143,6.0,11562.238960508135,0.41602978640015675,0.1492320064705588,55,0.4430941539750327,0.20791884172165861,0.0002968842988647509
5668,66,6.0,1661.22466147336,0.3617722238000568,0.0327078954296975,43,0.3829826765059749,0.2013986013986014,0.00016000379235302963
5669,9,7.0,60.36676318230298,0.29592974630610536,0.0009197629385267399,9,0.3057951835153875,0.5,5.430987051701587e-05
5670,118,6.0,8425.165358208169,0.4112481436043133,0.17726753398074488,56,0.43722981106405184,0.15457047660437492,0.00024901979522388594
5671,11,6.0,472.34525791475954,0.336165945318273,0.00760001483350564,10,0.348251949547257,0.12727272727272726,5.127268417235292e-05
5672,34,6.0,782.1731578592402,0.3610544217687075,0.024739662059759956,29,0.379824148217913,0.1764705882352941,9.448531811070236e-05
5673,51,6.0,1269.4668479609413,0.3517035728091005,0.020981178611961988,33,0.3705866959752751,0.17490196078431372,0.00013875203030495387
5674,130,6.0,23316.51108233689,0.4111419533922923,0.14658782507845236,55,0.43716177317217975,0.1340488968395945,0.0002780358224118932
5675,11,6.0,85.8804466620231,0.3247998368096282,0.007900636657824202,11,0.33591092269846234,0.38181818181818183,4.527772178682556e-05
5676,82,6.0,2728.560053228533,0.38124027295582424,0.15583413518069336,56,0.4052232166221879,0.30111412225233364,0.00016646822965975112
5677,98,6.0,4362.859128313403,0.39811226403300415,0.14339522454711084,56,0.4232506411263173,0.16852514201556912,0.00020188399369200932
5678,18,7.0,627.3678898653329,0.30988176908480514,0.0019340475187773756,15,0.31957547346146964,0.5359477124183006,0.0001022969933556571
5679,130,6.0,11736.941611284454,0.40709491850431445,0.18105002273736365,56,0.4335976343748759,0.1800834824090638,0.00027030663294214043
5680,57,6.0,1735.8125798519488,0.3906163753449862,0.09860661892339798,46,0.4135264562725887,0.2844611528822055,0.00013162636796506012
5681,106,6.0,3924.9172170322677,0.39160108214461387,0.16517293825655532,56,0.4172580729575757,0.29290206648697215,0.0002059052942321479
5682,21,6.0,1063.2598324532432,0.34890982798290787,0.015117227409464385,20,0.3643350604490284,0.18571428571428572,7.015979616160961e-05
5683,30,6.0,1190.649829433681,0.3475390156062425,0.021240485860073197,26,0.36337991312082335,0.3816091954022988,9.176844968383415e-05
5684,22,6.0,148.45263701712162,0.341153784348385,0.014973568769030023,22,0.35465274506722816,0.5800865800865801,6.595037994210504e-05
5685,81,6.0,3118.904961176689,0.38607019458083286,0.12537354490022187,55,0.4098026901135844,0.395679012345679,0.00017350867104854692
5686,15,6.0,182.94444535678514,0.35033003300330035,0.0157078052919994,15,0.3647956246401644,0.14285714285714285,5.2209353240260706e-05
5687,89,6.0,3191.3978906798484,0.3894460070930659,0.08474386439548376,52,0.41377767310411573,0.24540347293156284,0.00019062906943676457
5688,34,6.0,7040.630240224125,0.35987117188382867,0.043763190112221545,32,0.3781493693410618,0.0873440285204991,0.00010479449247182162
5689,23,7.0,198.4230929537867,0.3383087219802401,0.009784496331102519,21,0.3528433857449117,0.4505928853754941,7.347942760854968e-05
5690,79,6.0,2402.74419843528,0.3915770058407624,0.0951095343930333,53,0.415564976186758,0.14865303472898408,0.00016424335678889016
5691,154,5.0,12995.108387823151,0.43232419223459134,0.22215041749882336,56,0.457876694405236,0.13504795857737034,0.0003112411639121334
5692,19,6.0,219.03643949740317,0.3569266980497646,0.02554228560227127,19,0.37321923902232995,0.19883040935672514,5.8709156879288765e-05
5693,21,6.0,255.16704631773828,0.34952255515311165,0.021500941056222158,20,0.36473282043228133,0.33333333333333337,6.480622085057688e-05
5694,9,6.0,20.04251877300479,0.32096961144988156,0.011583022645590788,9,0.3331553880776452,0.4722222222222222,4.055593040760021e-05
5695,221,5.0,44708.782815662424,0.4264479410780047,0.1861664567212614,55,0.4563641597320848,0.09584533113944879,0.00046821354118687297
5696,94,5.0,4572.70629607673,0.3925423728813559,0.09797915121318188,52,0.4168629298163192,0.21322351864561884,0.00020347106520143368
5697,150,6.0,9682.873429777235,0.41516198422527867,0.15965428620100175,55,0.44274088030569614,0.17512304250559285,0.0002983099479301848
5698,190,6.0,21563.80003389107,0.4362926428277846,0.25767101000234144,56,0.4632621552311089,0.11723753829016988,0.00037152133938314245
5699,2,7.0,14.559620045222726,0.25650422875553763,9.072924684109164e-05,2,0.26245542022744417,0.0,3.171797204774451e-05
5700,107,6.0,7682.988213526019,0.39025735294117647,0.07795310897351823,45,0.4160569424818323,0.15111973196967024,0.000245875292302026
5701,20,6.0,92.66740593790625,0.3432682979411448,0.014867490498110052,20,0.35931595750245887,0.39999999999999997,6.305616752543686e-05
5702,2,7.0,0.8457961651808575,0.3001838148654381,0.0016707938098254706,2,0.30876529917980017,0.0,2.750358158233394e-05
5703,9,7.0,5.838173896868199,0.3252975126410951,0.007760044253860852,9,0.3356062475233198,0.7222222222222222,4.0756312217630616e-05
5704,26,6.0,78.23376414651679,0.3385964912280702,0.018666753855514757,25,0.35211440833199825,0.6861538461538461,7.300687523007083e-05
5705,123,6.0,3630.131079226257,0.39100006139112287,0.1708901308452152,56,0.4173365782174278,0.3333333333333333,0.0002378941450746656
5706,4,7.0,126.92280482975181,0.29237054719059863,0.0007789944342292614,4,0.30229123208397796,0.16666666666666666,4.1689838971922805e-05
5707,80,6.0,3390.2816838335643,0.3775340841730883,0.06458359405545258,50,0.40061234102685134,0.27689873417721517,0.00017859575886826652
5708,49,6.0,1481.340967961369,0.36834191197732924,0.044070934972336134,40,0.3887004762652327,0.19132653061224492,0.00011884585710921756
5709,182,6.0,11329.654284505983,0.43147483232843303,0.3197840293191343,56,0.45903333856706113,0.17661344180681196,0.0003351972332902593
5710,124,6.0,6968.020127410729,0.407120940935822,0.19448655430902465,56,0.4337363270006152,0.14778389719381063,0.0002398788822528122
5711,207,5.0,21903.209020895516,0.44694736842105265,0.3329237529050223,56,0.4732061548124066,0.13798602316964495,0.0003911864854427868
5712,4,7.0,432.07689560130194,0.25381580520463876,7.148091628950899e-05,4,0.2587103454979142,0.3333333333333333,7.606549772261106e-05
5713,260,5.0,58862.418149554665,0.46035417419588004,0.3453723631642746,56,0.4866148531951904,0.0833976833976834,0.0005018042703622785
5714,54,6.0,3638.900048715311,0.3898751224289912,0.07575097050548342,44,0.412427382634654,0.18937805730258558,0.00013239708108057324
5715,54,6.0,1804.4129752565764,0.36181332727376014,0.039782063374171575,44,0.3820065944418103,0.21313766596785463,0.00012715850798554313
5716,46,6.0,1817.350403608801,0.37328566404876334,0.03311611582090913,38,0.39454911812424404,0.15072463768115943,0.00012115804157583156
5717,41,6.0,1254.2087796997373,0.3562080536912752,0.022488562632915418,36,0.37517140315065767,0.12804878048780488,0.00010709824257533067
5718,8,6.0,30.602538860392105,0.3352987628323243,0.008482379888373064,8,0.3465353011984841,0.03571428571428571,3.87865144147699e-05
5719,74,6.0,3001.6110787280236,0.3814229249011858,0.08105854439480788,49,0.40481498927095527,0.26360607182524987,0.00016620798183195483
5720,46,6.0,957.2561862998465,0.37289227166276345,0.058526161818735066,43,0.3939577118333552,0.2714975845410628,0.00010310539901317037
5721,51,6.0,2104.206066264055,0.3549178044023405,0.01910267627327238,32,0.3741665358245466,0.1733333333333333,0.0001452389112031955
5722,68,5.0,2164.9448648971734,0.3781392863504126,0.07957581289739143,51,0.4010912231119518,0.1457418788410887,0.00014737605162564276
5723,1,7.0,0.0,0.27595320623916814,0.0005451511303584558,1,0.28416847976434206,0.0,2.572624025416104e-05
5724,18,6.0,2540.6646609994464,0.3334729566993036,0.010378573484568337,17,0.348126341131495,0.4444444444444444,7.175248266907757e-05
5725,13,6.0,93.71602936864748,0.3280284301606922,0.009637962821260945,13,0.34135657089022425,0.2692307692307692,4.917156686358641e-05
5726,151,6.0,9883.571699513224,0.41516198422527867,0.22841531719582212,56,0.44285078766948954,0.1882560706401766,0.000288434287667294
5727,76,6.0,1838.6744406384232,0.36559324952643363,0.04250345560584805,45,0.38830794996596807,0.2245614035087719,0.00018035765847032728
5728,120,6.0,14862.631676796507,0.39687188434695914,0.10951810298055054,54,0.42335269796412456,0.12170868347338935,0.0002681276044579847
5729,116,6.0,10184.58245163064,0.410823711539702,0.1383231324086069,55,0.43679541529286803,0.12983508245877062,0.00024178391518757676
5730,67,6.0,3520.208483432579,0.37171705381113573,0.0351388104666367,41,0.394044067619192,0.10538218000904569,0.00017089915127954503
5731,139,5.0,19952.800116206636,0.4247982391782832,0.15469452619354185,55,0.4505102841890898,0.07788551767281827,0.00029878224205771327
5732,41,6.0,1140.973173925016,0.35304878048780486,0.028368980226220305,33,0.37038519914165613,0.3182926829268293,0.00010900477711678748
5733,179,6.0,20973.01880143101,0.43373740125306454,0.1972500225108301,56,0.4605432563982218,0.07475990207771012,0.00035576432103693337
5734,4,6.0,3.9535434006498438,0.3230371272063299,0.004331801978330026,4,0.33302977966187913,0.3333333333333333,3.128354723107569e-05
5735,116,6.0,7255.64251753539,0.40198182277202726,0.16081765689986688,56,0.42814151881512735,0.1254872563718141,0.0002278843636821091
5736,80,6.0,4397.733947711754,0.40515267175572517,0.09128189939425298,48,0.42895012299160984,0.1560126582278481,0.00018242795300162155
5737,1,7.0,0.0,0.30353143020540435,0.0016085776515486407,1,0.31174326537019903,0.0,2.539989088809959e-05
5738,182,6.0,13862.788158988531,0.42243151820653974,0.25561439698624333,56,0.4507719683886002,0.12136482302228159,0.00034051097130323254
5739,63,6.0,2144.850636085507,0.36934585942936676,0.0520176827458388,43,0.3911472235306347,0.19866871479774706,0.00014706742956516688
5740,15,6.0,106.97680580512214,0.33857849130827705,0.014262826062864506,15,0.3518396399225142,0.3523809523809524,5.190911565798519e-05
5741,1,7.0,0.0,0.2606080445190065,0.0001637404008866938,1,0.26719377341139233,0.0,2.7009434945695605e-05
5742,133,6.0,5126.661414275255,0.39314814814814814,0.2201934178114548,56,0.4201967865180535,0.2632718159033949,0.00024769105481813383
5743,12,6.0,318.6283300562703,0.3286547293461995,0.005617695843850551,11,0.3393782383419418,0.2424242424242424,5.476939918656144e-05
5744,175,6.0,9028.30121441821,0.4288311338540264,0.31797288743997404,56,0.4565761239336819,0.15080459770114943,0.0003177899106167311
5745,24,6.0,252.6733210852345,0.3441772493920562,0.01875334229935892,24,0.35857800805984996,0.34420289855072467,6.908536842647933e-05
5746,18,6.0,173.84471762474493,0.34055181264035933,0.014398800871648788,18,0.3540351703563882,0.33333333333333337,5.893078478376722e-05
5747,83,6.0,12549.046800477789,0.39339098208770845,0.07301916180307237,47,0.41779714240856386,0.10843373493975904,0.00020751794754613552
5748,96,6.0,4311.861912486002,0.3923489188689706,0.09200816934561168,53,0.41725022243159104,0.29232456140350876,0.00020584504664509316
5749,20,6.0,443.1072786063733,0.33856049330214755,0.011013828220012234,18,0.3520777725440668,0.20526315789473684,6.639344700755887e-05
5750,22,6.0,312.5031249632685,0.3362369337979094,0.016248819776701093,19,0.3513005704715258,0.26406926406926406,7.281000810500232e-05
5751,125,6.0,6656.585570976822,0.39773933678885903,0.10519715638198451,53,0.4246140158057544,0.20374193548387096,0.00025877778753931996
5752,179,5.0,30911.20331425023,0.4354574046219062,0.19730051542811045,56,0.4621133615952685,0.09045257673717909,0.00037318150131214153
5753,141,6.0,12672.463619359638,0.3819719323497661,0.06452232310425442,45,0.4094075469723238,0.1407294832826748,0.00033333442804222657
5754,67,6.0,3464.6024874531286,0.39324524573968883,0.08853188372018371,48,0.4164965719370083,0.19448213478064225,0.00015029072276196006
5755,1,7.0,0.0,0.25982131929996327,0.0001132987911704103,1,0.2657892769291752,0.0,2.7244408524529325e-05
5756,5,6.0,1.8103268946267803,0.32040446725022637,0.005417320666356053,5,0.32962788506827617,0.8,3.3604841820770704e-05
5757,37,6.0,642.8870328725102,0.3669201520912547,0.04075313171360135,31,0.3863060658397318,0.2717717717717718,9.806206059563681e-05
5758,77,6.0,2192.664457269416,0.3790394572397786,0.10768451201075277,54,0.4022609514837539,0.3393711551606289,0.00016067966411118648
5759,32,6.0,915.1443079168347,0.35746758713588145,0.028894274199534352,30,0.3756345841837879,0.14112903225806453,8.857182994565107e-05
5760,144,5.0,8443.139653444616,0.4163289318865211,0.17093599748357838,55,0.44326424870471315,0.19493006993006992,0.00029188256335357574
5761,153,6.0,6408.200514789351,0.400868580060423,0.22953208947834944,56,0.42889516930971,0.26100791193670453,0.0002820061039952507
5762,87,5.0,10495.492574456783,0.3785888367116448,0.11399025333769212,56,0.40173234940074715,0.3589949211440791,0.00018535892647374508
5763,89,6.0,3368.0430344427673,0.386750060723828,0.1224231859956887,55,0.4110012037473322,0.2949438202247191,0.0001799522527362283
5764,7,6.0,189.08392676590123,0.32253000455765435,0.0058243015768989345,6,0.3338881038362667,0.2857142857142857,4.407185599868241e-05
5765,33,6.0,6648.579860743716,0.3474063164784814,0.02272825089220528,30,0.36211597843720145,0.45454545454545453,0.00011100880710647884
5766,4,8.0,6.52902695846862,0.20739172907847606,1.3938267289987798e-06,4,0.21068026676837986,0.8333333333333334,0.00010347392881167074
5767,137,6.0,19160.266256439707,0.407616,0.1892176754899145,56,0.4347490448527121,0.1868827823100043,0.0002690642661810742
5768,20,6.0,623.9857661049933,0.3390290641967423,0.01832706674265352,19,0.35440414507769047,0.34736842105263155,6.653455842975762e-05
5769,44,6.0,1633.165834015899,0.37057078024087975,0.044291597903961366,38,0.39114460668864065,0.12579281183932348,0.00010865940613101783
5770,41,6.0,827.0090746032697,0.3721732016595571,0.0512023107838959,37,0.39223321295859603,0.22439024390243906,9.836144240949008e-05
5771,40,6.0,319.09160300273413,0.36173112966433807,0.04578044666131643,38,0.3806275187104034,0.4833333333333334,9.405848819777317e-05
5772,47,6.0,2743.544255593828,0.387668147787449,0.04928638954416295,38,0.4093473596064414,0.12395929694727104,0.00011773361031785072
5773,121,6.0,8639.050034023447,0.4069388537473644,0.13484342536848629,55,0.43320772491760867,0.17823691460055097,0.00025397729079666535
5774,11,7.0,253.84316984306506,0.31845,0.004442104756575187,10,0.328938534119858,0.2727272727272727,5.309084063026683e-05
5775,3,7.0,49.04437137583063,0.2955315298594033,0.0013396105750704806,3,0.3048217182932182,0.6666666666666666,3.805008082829973e-05
5776,25,6.0,226.64183597015176,0.3650484323952542,0.034711414325056894,23,0.38341707227716026,0.36333333333333334,7.049899141068734e-05
5777,7,6.0,12669.038676795413,0.3144098336377549,0.002776708457891972,5,0.3238054116292264,0.09523809523809523,9.20873000541419e-05
5778,22,6.0,67.46539378548985,0.3513155717358928,0.03594474553571271,22,0.3674124666352436,0.49783549783549785,6.017767815878809e-05
5779,37,6.0,1163.5691817450472,0.36076809788149994,0.045064227255202684,33,0.37930339666089247,0.38588588588588585,9.95437728453854e-05
5780,178,6.0,14407.88543870951,0.4144865286997267,0.2415811299960409,56,0.4436227560580382,0.14721005522757571,0.000332594246972436
5781,24,6.0,475.26145878380544,0.3468765317793149,0.012385533751202332,24,0.3623017742188498,0.16666666666666669,7.547674642771634e-05
5782,125,6.0,6161.428805371905,0.39630390143737165,0.13928054503396547,55,0.42309624744860613,0.13819354838709677,0.0002490659623548996
5783,59,6.0,3913.3004888166756,0.3705061082024433,0.03323126052089204,39,0.39244779400219126,0.16014026884862653,0.00015509694336988792
5784,63,6.0,3103.34970972753,0.3682354301572618,0.03209774373660889,40,0.3900795519966405,0.19815668202764977,0.00015929917953433784
5785,1,6.0,0.0,0.29340765651633116,0.0013716184874227135,1,0.30224525043177775,0.0,2.5375310830087868e-05
5786,255,6.0,52981.40391776626,0.4282256437840382,0.1566185772170374,48,0.4602370858848015,0.11029797745870001,0.0005610814958606612
5787,34,6.0,770.1285431567329,0.34077046548956663,0.012868717612631394,29,0.35650023551575233,0.2798573975044563,0.00010184904464564475
5788,1,7.0,0.0,0.27996835025715416,0.0005147100235294391,1,0.28902683384549593,0.0,2.565009232036671e-05
5789,13,6.0,204.52372241609547,0.3246673803333843,0.006458893817922103,12,0.3366959752969866,0.10256410256410257,5.226126276006168e-05
5790,80,6.0,2435.196947559769,0.3705276630403165,0.10781282603434894,55,0.39285863819541905,0.3218354430379747,0.00016771311676034784
5791,77,6.0,3595.0909843523923,0.38293650793650796,0.06875045516987097,51,0.4061757471083989,0.25974025974025977,0.00016804136094154695
5792,80,6.0,2203.1732896903277,0.3857662023016354,0.07773411710731541,50,0.4096796985398153,0.2848101265822785,0.0001707602841114486
5793,81,6.0,4705.935248122948,0.37104573259539764,0.05162204541633291,45,0.3941749097189455,0.18333333333333332,0.00018687545424160684
5794,39,6.0,144.72153165853726,0.3645260989010989,0.05381645075029328,38,0.3837153922645992,0.43724696356275305,8.971693050097261e-05
5795,7,7.0,302.12187825606725,0.28572069445067516,0.000545579708886795,7,0.2956418365744848,0.4761904761904762,5.629146088531086e-05
5796,4,7.0,15.297066907318044,0.30763657440950587,0.00275061812471615,4,0.31749246723338814,0.16666666666666666,3.1994119816165635e-05
5797,93,5.0,3089.518427620629,0.40995108135942326,0.1553212043655756,56,0.43455016486108744,0.1664329125759701,0.0001847394323531044
5798,35,6.0,825.8832829788056,0.3569266980497646,0.03158293273326938,31,0.3743837337101406,0.23697478991596638,9.485824678782256e-05
5799,7,7.0,0.9403010732375906,0.3115949119373777,0.004353722792900821,7,0.3209650165608564,0.8095238095238094,3.641057744427665e-05
5800,155,5.0,20009.32815189529,0.4359044555471905,0.1999879293948709,55,0.4612184016329502,0.15165479681608715,0.00031553768955651596
5801,5,7.0,55.521954798009084,0.3036906351325577,0.002124658878198364,5,0.31327411793732146,0.1,3.8957144005997285e-05
5802,37,6.0,1723.845372358442,0.36058427220743927,0.019122058433246224,29,0.37926414403096603,0.12762762762762764,0.00011267406060556383
5803,145,6.0,22434.264169087688,0.42522366137000933,0.17209837940413683,56,0.4514758988852734,0.1396551724137931,0.000309372114199873
5804,54,5.0,1781.2201718909164,0.3850432259234629,0.06872994170771708,44,0.40691107970901846,0.32075471698113206,0.00012810994320922356
5805,265,5.0,26927.327757835243,0.4352193521935219,0.44500105457761274,56,0.46659339509084763,0.14445397369925672,0.00048341774780504535
5806,25,6.0,310.7089899797185,0.34931168759940767,0.014432020689395435,25,0.36498403726380857,0.33666666666666667,7.692215151021185e-05
5807,3,7.0,12.47931113174959,0.29936545240893064,0.0009321159083354275,3,0.308181743414898,0.0,3.065547722069952e-05
5808,34,6.0,849.5957217681755,0.36222487630097255,0.030553550126510662,32,0.38049405976865497,0.28520499108734404,9.211031899396973e-05
5809,43,6.0,1574.4339462652576,0.3653206378341172,0.033393927607234454,33,0.38505521536608156,0.3255813953488372,0.00011204512067754001
5810,41,6.0,1046.4319293569931,0.36251351812852184,0.032206072270915445,35,0.38204584707173656,0.24146341463414633,0.00010597402137351399
5811,7,6.0,4.25224323207522,0.3344536049992123,0.014895513104700287,7,0.3467053959281657,0.2857142857142857,3.547519196903559e-05
5812,23,6.0,369.44340906828097,0.34552161883578364,0.023363451898945405,20,0.3607133511278351,0.45849802371541504,7.283989171259143e-05
5813,28,6.0,529.9355851521733,0.3483945079590832,0.015485848328921982,23,0.36509917831159017,0.31746031746031744,8.650343082401094e-05
5814,32,6.0,685.9001675909022,0.35353871773522066,0.019720635170063935,31,0.37079342649288816,0.20161290322580644,8.975028531278444e-05
5815,39,6.0,1197.420507349667,0.36932444186720786,0.046404954223616804,36,0.3896425393834628,0.18488529014844804,9.542102066910126e-05
5816,6,6.0,12.457343845710207,0.3399519615692554,0.010588385222859206,6,0.3523917935834778,0.2,3.502531364561648e-05
5817,176,6.0,10906.712226513368,0.41445955619183966,0.29546069399898206,56,0.44346312869633825,0.18357142857142858,0.00031985985207636907
5818,66,6.0,1171.3242923827345,0.38071612170482394,0.07264882339599568,52,0.4032736693358518,0.37202797202797205,0.0001423927731823253
5819,59,6.0,1456.7121127160176,0.3827294032810528,0.07105136110058466,45,0.40515256188832194,0.19111630625365283,0.0001281159479368429
5820,44,6.0,1093.3800219904383,0.3754421127092667,0.0542413542542881,39,0.3965353011985126,0.2558139534883721,0.0001060028037662159
5821,17,6.0,138.8249131786459,0.3396075503892503,0.009594919222001006,17,0.3539147956246123,0.27205882352941174,5.959452138357583e-05
5822,5,6.0,155.71800038916032,0.3020774046670461,0.0017645664597855189,5,0.3112079342649213,0.0,4.428121637718893e-05
5823,40,6.0,1337.7687952859471,0.3755970985433744,0.04445298920008373,34,0.3965510022504833,0.13846153846153847,0.00010495332777854572
5824,346,5.0,194859.501685983,0.47184768113794634,0.3046927761104279,56,0.49960485685876427,0.04520398760157494,0.0007606019582488406
5825,40,6.0,607.4419733276779,0.3632578566132436,0.02692920620334932,36,0.38304809755585234,0.2794871794871795,0.00010711738646281
5826,118,6.0,25064.524133247098,0.4131153920996303,0.19230487135087518,56,0.43847804469570706,0.1773142112125163,0.00026881848861246894
5827,18,7.0,313.2511499048283,0.29388150609080843,0.0009601425505636912,13,0.303547316241615,0.5163398692810458,0.00013045509379770243
5828,68,5.0,2083.3855819550736,0.38167435728411336,0.07882780006962503,49,0.40422358298006705,0.28533801580333623,0.00015138929718671847
5829,119,5.0,11372.469593656124,0.41392084226944825,0.11354010703296682,52,0.43942534149792706,0.13758723828514455,0.00026065813050103894
5830,117,6.0,16559.24826406041,0.4172016245250884,0.11928977216953042,53,0.4427984508295893,0.1312997347480106,0.0002547425840749488
5831,37,6.0,1239.6452249791137,0.35448321923526466,0.03734596372773811,32,0.3728345632490502,0.25225225225225223,0.00010008792414049108
5832,109,6.0,5857.062152040666,0.40001256123602563,0.11357036865636118,54,0.4258360810174591,0.2475365273530411,0.00022821700867558983
5833,44,6.0,1148.634210831513,0.37095928708719206,0.04681422877885747,37,0.3911629245826066,0.3583509513742072,0.000110730852034313
5834,121,5.0,4438.99895749814,0.40064163049632007,0.1890406828199315,56,0.42690898623544293,0.2534435261707989,0.00022565567242937323
5835,14,6.0,238.1770811480933,0.3424745926762381,0.009899849581242596,14,0.35612341026846334,0.21978021978021978,5.1787466923699626e-05
5836,2,7.0,0.0,0.28743568914161927,0.002069408109993585,2,0.29715698808963464,1.0,2.7236097854526736e-05
5837,30,6.0,1499.6344313087195,0.3586754519344484,0.03184832122668513,27,0.37614486837283023,0.3931034482758621,8.661011382892762e-05
5838,26,6.0,796.0070842387618,0.3442888804800259,0.0125289972795266,21,0.3594782017061567,0.2276923076923077,8.511667888831255e-05
5839,131,6.0,17337.612560969985,0.41284760484864197,0.12142478276402377,54,0.4396765583294541,0.09500880798590722,0.0002806333201592191
5840,101,6.0,6062.145748320591,0.40051565840774744,0.1167565528857291,54,0.425660752603789,0.15405940594059406,0.00021481067448263317
5841,73,6.0,5913.212378807911,0.3993854643506616,0.07968459056980413,50,0.42357251269171314,0.11073059360730593,0.000162729697493571
5842,81,6.0,2007.6186843309492,0.37466909818224603,0.12538637317144244,56,0.39751400010467247,0.3861111111111111,0.00015971008364472429
5843,1,7.0,0.0,0.2657847514918833,0.0002920859276918332,1,0.2732431644348787,0.0,2.6051891613570036e-05
5844,151,6.0,4210.163356174487,0.40858352578906854,0.2814325010212747,56,0.4365258805673731,0.24282560706401768,0.00026985898915204704
5845,111,5.0,5703.667502400154,0.39933538152862247,0.1339840243414277,55,0.4252839273564964,0.15135135135135136,0.0002289378126369381
5846,4,7.0,308.63161550655866,0.3048243514884656,0.0022758086250103437,4,0.31392309475210006,0.16666666666666666,4.6265216892172515e-05
5847,229,6.0,15016.154724464277,0.43068704354882337,0.39885052741137017,56,0.4603940964045061,0.18742817743047574,0.0004069419018855308
5848,9,6.0,2635.6388232469085,0.3018769551616267,0.0015637489874362153,6,0.3109279321714479,0.3055555555555556,9.383904569416791e-05
5849,21,6.0,454.5812848393177,0.34631069544886084,0.019518920913428425,20,0.36112942900505396,0.30952380952380953,6.994722046344401e-05
5850,123,6.0,6839.14542132936,0.41212631034036495,0.175392100470518,56,0.43810645313240487,0.21831267493002798,0.00024118755362124482
5851,38,6.0,918.1717914228046,0.3679588653301751,0.05490906788369882,35,0.38771130999109155,0.36984352773826457,9.353316113099116e-05
5852,42,6.0,709.7128755946482,0.3734826716706738,0.047388729511334486,38,0.3940336002512131,0.30197444831591175,0.0001012055707612809
5853,9,6.0,11303.449208918562,0.29426168915172796,0.0013968812768370299,5,0.30367927984508136,0.1388888888888889,0.0001239344573603548
5854,51,5.0,2510.6315166366303,0.3765519687832565,0.05041614651537454,40,0.3981420421834935,0.18274509803921568,0.00013028555284495295
5855,96,5.0,2439.005381431878,0.39436532507739935,0.1828839704089063,56,0.41907154446016937,0.3451754385964912,0.00018710406077277587
5856,4,7.0,0.7288447575212462,0.302134724857685,0.001556883370138156,4,0.3129548632139228,0.6666666666666666,3.2268244664057585e-05
5857,94,6.0,5278.514230377625,0.3703768318213538,0.040784999239167244,44,0.3948055686397595,0.12010981468771448,0.0002296619616042293
5858,1,7.0,0.0,0.24657375145180024,9.305718601638112e-05,1,0.2514542164801311,0.0,2.9933154749171044e-05
5859,7,6.0,0.2075478758630899,0.3270346598202824,0.00731446300984816,7,0.33763542157321896,0.9523809523809524,3.615111573119812e-05
5860,91,5.0,4251.646879580477,0.40461215932914046,0.10217336878294614,52,0.42912806824727484,0.18485958485958487,0.0001960645354900013
5861,2,7.0,0.0,0.2538360368259535,7.357726294749419e-05,2,0.25926025615145176,1.0,3.657693198305153e-05
5862,33,6.0,128.65412056886345,0.3583525572497609,0.06549931648278211,33,0.3772046893808359,0.4337121212121212,7.654630889406452e-05
5863,113,6.0,7514.5670114609,0.41359828560296125,0.15067568341276372,55,0.43894645941282695,0.15360303413400758,0.0002323968378139164
5864,209,5.0,18604.845032135287,0.42851375899885624,0.2891483963174046,56,0.45793426492913,0.11621273463378727,0.0003930772952042466
5865,74,6.0,2277.5410997277736,0.39109610070617135,0.14096350859795592,55,0.41467524990842997,0.2728619029988893,0.00015272965494475256
5866,42,6.0,1040.6348719331997,0.3762405482041588,0.04860058613419652,39,0.39743287800282623,0.27990708478513354,0.00010310501195171373
5867,11,6.0,96.17414562395197,0.3200663349917081,0.006503710272957288,11,0.3319568744438983,0.21818181818181817,4.648108786596884e-05
5868,59,6.0,8100.5795374274785,0.3749779216956138,0.04690457344608375,45,0.3962422148950632,0.23787258912916423,0.0001579049421404023
5869,52,6.0,1036.6866896270742,0.3768862062843955,0.06485603107469251,45,0.3985607369027069,0.21266968325791857,0.00011562622206447673
5870,115,6.0,9351.713764782933,0.4228241386178052,0.13929982549087389,55,0.44756372010262985,0.1649122807017544,0.0002390168424413357
5871,62,6.0,12385.191725733252,0.3970450720029923,0.05361308439393802,41,0.4202857591458891,0.06504494976203067,0.00015726972396373328
5872,60,6.0,1753.7700915081239,0.37219495091164095,0.055753247344505284,45,0.3938896739414826,0.27740112994350286,0.0001399988887632672
5873,63,6.0,399.7478504527781,0.36881116451444784,0.10802992953182533,55,0.3901842256764443,0.4577572964669739,0.00012584507441617784
5874,89,6.0,9150.947624079974,0.3797400429286907,0.05825528905075773,45,0.40355628827131984,0.23953013278855975,0.00021675755235124491
5875,9,6.0,337.34356430633915,0.3201789664186608,0.0039740992764463745,7,0.32968545559216744,0.08333333333333333,5.368890354710866e-05
5876,30,5.0,12017.617407883727,0.3579698741007194,0.027661387879966744,26,0.3763987020463509,0.1793103448275862,0.0001178986446876322
5877,2,6.0,18.00947396373883,0.30069401822387987,0.0011536834485040871,2,0.31144868372847007,0.0,3.126010398649548e-05
5878,7,7.0,884.2504657002455,0.24436941257721675,4.35876553311157e-05,5,0.24934466799752614,0.7619047619047619,0.0001425301605032324
5879,87,6.0,4082.353896575218,0.41058535327488394,0.12988977248694494,54,0.43480138169261573,0.15102913659449346,0.00017874897924495485
5880,28,6.0,3090.7091256421686,0.3642967454098267,0.02675610284224669,22,0.3825639817867641,0.08465608465608465,9.130572201957586e-05
5881,50,6.0,1186.752054629137,0.3959097407844844,0.08454874996790032,43,0.41862668132100656,0.17877551020408164,0.00011418532836093358
5882,50,6.0,1476.281601126646,0.367279856986333,0.04319769980259751,41,0.38759355210131224,0.22693877551020405,0.00012391419929079543
5883,12,6.0,238.22312879695883,0.31896033653846156,0.006386880084510738,9,0.32959386612234143,0.5303030303030303,7.288255436419863e-05
5884,7,7.0,2095.345633931141,0.30856063175233756,0.0019019481465228348,6,0.3186412608692273,0.14285714285714285,5.9054713667788075e-05
5885,93,6.0,4428.678696434004,0.4088195647987676,0.13304456424993863,55,0.43295127440209197,0.26577840112201967,0.0001941561310075962
5886,49,6.0,1741.759607094854,0.3620395634379263,0.024649618181439743,33,0.38291725545609706,0.18112244897959184,0.00013169428153696932
5887,2,6.0,0.528099846426073,0.3078893937929034,0.002110257273926218,2,0.3168079761343888,0.0,2.7359650089550175e-05
5888,31,6.0,7258.7717632468575,0.3818803213814606,0.039534796863427306,28,0.4027162819909003,0.17849462365591398,0.00010624321314023619
5889,234,6.0,12578.615548313308,0.4158124959195665,0.3713806341811453,56,0.44778615167221375,0.1694728733355343,0.0004127316558435799
5890,19,6.0,208.5701461952951,0.3457654723127036,0.015779827135879717,19,0.3599230648453224,0.2807017543859649,5.909782656306493e-05
5891,132,5.0,7798.532740429723,0.40934507359084776,0.24944093884956098,56,0.43604438164027853,0.32650936849410134,0.0002530177871221571
5892,126,6.0,8552.375529149509,0.41300823552298815,0.148248709288898,55,0.43937823834201495,0.18806349206349207,0.0002472909638454862
5893,5,6.0,0.0,0.2950796886582654,0.0012318389977871796,5,0.30363217668916875,1.0,3.583147705337417e-05
5894,82,6.0,4363.705763157887,0.4061862244897959,0.09316506473678048,51,0.4303422829329938,0.14122252333634447,0.00018127714107677657
5895,21,6.0,359.4218106140245,0.34584057341442226,0.017873680072934,20,0.36092531532943684,0.17619047619047618,6.579071741694434e-05
5896,58,6.0,2127.4533006509387,0.371132218402191,0.06932274864138047,46,0.39202648244098365,0.39806412583182094,0.0001363421301101303
5897,24,6.0,515.2100241501711,0.358554298260429,0.026625278563022752,22,0.3755482283979519,0.22826086956521738,7.226419709012365e-05
5898,9,7.0,14.271435175768177,0.3322205414428042,0.00886711205066648,9,0.3439984598015403,0.4444444444444444,4.0083572528397815e-05
5899,73,6.0,3246.2536861663502,0.3918661170245493,0.11576055296732322,52,0.4155623593447631,0.2549467275494673,0.00015584135411948971
5900,36,6.0,803.6594791402209,0.3638804776324059,0.044980617590083094,31,0.38276547862038485,0.3206349206349206,9.805635844602943e-05
5901,96,6.0,2725.7438878905523,0.3968471555860178,0.14883216598740062,56,0.4218951169728641,0.1300438596491228,0.00018583254111612866
5902,97,5.0,3777.58431073007,0.39266337854500616,0.11306923649136097,53,0.41742031716127165,0.19630584192439862,0.00020396257162753065
5903,4,7.0,6.213108220644909,0.28295348527255765,0.0007032145111764232,4,0.2918447988396253,0.6666666666666666,4.7117623861935984e-05
5904,42,6.0,554.0057475576309,0.3648393194706994,0.0486396407925569,38,0.38461035222691725,0.42160278745644597,9.91679143306178e-05
5905,82,6.0,2612.198801161653,0.3866796187238176,0.08265716735180043,52,0.4106662479719617,0.2827461607949413,0.00017406403306456888
5906,2,7.0,8.655660555415498,0.2567420486153102,8.571456657446787e-05,2,0.2631025278693705,0.0,3.498729695930616e-05
5907,21,6.0,465.50157685941605,0.34321280379371666,0.009540515432855367,19,0.3578479091432211,0.12380952380952381,7.237547736660352e-05
5908,70,6.0,5098.591256300618,0.36154632152588556,0.027600945948249363,41,0.38333333333331515,0.15238095238095237,0.00018728278520750358
5909,143,6.0,10134.102466115048,0.39453633153688905,0.16557215519565116,56,0.42166221803530013,0.1848714665616074,0.00028067586094344656
5910,76,6.0,3403.6415145416045,0.38293650793650796,0.08161460535697468,51,0.4065290207777349,0.19263157894736843,0.00016547567027807105
5911,44,6.0,7756.880093642491,0.3602579331410148,0.03312817995946652,33,0.3800753650494396,0.1109936575052854,0.00013541643734794404
5912,202,5.0,21964.48770987348,0.4277941966684578,0.27677937867961155,56,0.45618883131841426,0.1605832225013546,0.00038903910136624297
5913,156,6.0,11637.473957594952,0.4152161157832975,0.19233633318505178,56,0.44325378133673216,0.13879239040529365,0.0003000091644858063
5914,40,6.0,1448.0883180225296,0.36140271236452365,0.03429937620272997,33,0.38026901135707725,0.158974358974359,0.0001048450098867196
5915,28,6.0,3397.0501238161996,0.3233323180018276,0.0031245652784134058,15,0.3348694195844194,0.3386243386243386,0.0001453814083269096
5916,1,7.0,0.0,0.27303125133964934,0.0008900001642030559,1,0.2812428504138412,0.0,2.5452817213086304e-05
5917,15,7.0,355.0692266895746,0.3353870458135861,0.0068393095432416375,14,0.3479420406881251,0.26666666666666666,5.851767943847569e-05
5918,10,6.0,36.95552299248068,0.30505795574288724,0.0020356589566831633,10,0.31788611503636466,0.3111111111111111,4.9926742645347646e-05
5919,169,6.0,5760.583725359542,0.40884580819103866,0.3024736057650218,56,0.4378186005129436,0.2361228515074669,0.0002993597114115396
5920,102,6.0,6170.794380409343,0.40517844646606016,0.1279980745517552,55,0.4307086408123045,0.1256066783148903,0.00021148008879423182
5921,3,7.0,0.0,0.3026515871507318,0.0046527601794662315,3,0.31308308847168154,1.0,2.8545541810366587e-05
5922,56,6.0,1249.286678749891,0.3488333881038449,0.02062267921444778,39,0.36799340555814836,0.19675324675324674,0.0001485908797564966
5923,78,6.0,3831.5801248717225,0.39179379921259844,0.0906809207938992,51,0.41605955932382854,0.12654012654012653,0.00016338404560862794
5924,77,6.0,2218.368463323238,0.3790845782989108,0.08167452517318578,51,0.4020620714921277,0.35064935064935066,0.00016590732166287163
5925,34,6.0,1966.162184966188,0.37016157154480994,0.025484665642438866,30,0.38986235411105036,0.1836007130124777,9.481425956642465e-05
5926,63,6.0,580.2179438196715,0.3819719323497661,0.07776926971870673,49,0.40427853666196417,0.4495647721454173,0.00013702110968239143
5927,119,6.0,4095.6444749790007,0.38293650793650796,0.16417740936914552,56,0.40864081226776566,0.2511038313630537,0.0002289307732775555
5928,74,6.0,2303.1768978037294,0.3619778346121057,0.035873800798522384,45,0.38414717119378533,0.17919289152165863,0.00017849617688210436
5929,1,8.0,0.0,0.20102897544346948,4.5756474731018494e-07,1,0.20341404421718162,0.0,4.991835030966901e-05
5930,21,6.0,221.83409482528555,0.33743046357615897,0.02216209494743043,20,0.35245198094936087,0.2,6.369139998291982e-05
5931,3,6.0,0.8215299554236413,0.3141461970997336,0.0035750977176247666,3,0.322776992725161,0.3333333333333333,2.8839165002084803e-05
5932,20,6.0,1072.112501198471,0.3465556643813255,0.0149135663937203,17,0.36092793217143354,0.04736842105263158,6.855520110862977e-05
5933,44,6.0,318.0730208450705,0.3427326050691492,0.021485328097481927,39,0.36126550478879205,0.27167019027484146,0.00011472856284452288
5934,1,7.0,0.0,0.24399494310998734,5.996017801178183e-05,1,0.24874428967694118,0.0,3.05008469153766e-05
5935,5,6.0,3.9639797767853198,0.2998587570621469,0.0025787414028798977,5,0.3104647511383206,0.7,3.5226658586978136e-05
5936,81,6.0,6462.012085874296,0.39453633153688905,0.08934270294899829,51,0.4183388287015467,0.15709876543209877,0.0001850718389623664
5937,61,6.0,1199.0352561295094,0.38238472622478387,0.0683371710923125,48,0.40522321662218874,0.29945355191256834,0.0001349299004165113
5938,2,7.0,0.0,0.27621649752797295,0.0005169344527167641,2,0.2843621260719779,1.0,3.136099678398425e-05
5939,86,6.0,1921.2708566280007,0.3876917457998539,0.09120575209881326,53,0.41174438687393605,0.36963064295485637,0.00017734982679722518
5940,108,6.0,4123.197328885227,0.4038168906923662,0.14082001435923133,55,0.4292824619249842,0.19453097957770854,0.00021828179710228177
5941,116,6.0,8620.803853515547,0.3982118294360385,0.12815522466888904,55,0.424234573716468,0.15322338830584706,0.00024964502731789073
5942,1,7.0,0.0,0.2840893884651412,0.0007948955812292582,1,0.2926534030161039,0.0,2.5515120029905918e-05
5943,138,6.0,5722.630311308977,0.41912345354040537,0.2728587578094911,56,0.44569006123415467,0.22892203533269861,0.00024965587618400116
5944,47,6.0,197.393478059674,0.3669201520912547,0.08763247058468611,46,0.38666719003505323,0.7437557816836262,0.00010442171958719098
5945,99,6.0,6916.9647725038285,0.39013782542113323,0.06275946277531941,45,0.4156120793426685,0.19810348381776954,0.00023138263651768015
5946,162,6.0,18991.176384359973,0.4246566208827844,0.23947689822125148,56,0.4516015073010388,0.14140019937121387,0.0003244110080867551
5947,88,6.0,10734.228897689094,0.4008181246066709,0.0777239599824618,47,0.42578636101955314,0.10841170323928945,0.00020305770154830998
5948,1,7.0,0.0,0.31392941640378547,0.0024608838017178302,1,0.32241736386812353,0.0,2.5389813010833488e-05
5949,133,6.0,6573.8598244853565,0.4144056217060316,0.2227259128895427,56,0.44082011828130585,0.214855320118478,0.0002489736985983905
5950,260,6.0,25386.467935862438,0.4374313186813187,0.3702530061454987,56,0.46841995080341137,0.10136620136620136,0.00047746929246357984
5951,79,5.0,17284.307875218878,0.37834145182369017,0.05258399326602776,43,0.4005259852410143,0.14281077572216813,0.0002140489934110953
5952,49,6.0,1408.5854225598243,0.3760628247520076,0.052145645698637416,39,0.3976683937823834,0.15816326530612246,0.00011669706791557873
5953,67,6.0,1043.603276205284,0.38460144927536233,0.09867420643153876,53,0.40792641440310967,0.27860696517412936,0.00013865549822117933
5954,93,5.0,6820.02446345315,0.3993604213694507,0.10665555896265252,54,0.4243811168681933,0.14843384759233286,0.00020693840286072302
5955,2,7.0,0.0,0.2930836132713635,0.0016600521077086965,2,0.30250581312757413,1.0,2.7309576571870664e-05
5956,47,6.0,1277.5664873980559,0.36791635376350296,0.047346394584910384,39,0.3881692573402308,0.17853839037927846,0.00011235098051820506
5957,56,6.0,2007.011888505927,0.38055688336520077,0.05497354060094531,43,0.40255927147119436,0.27012987012987016,0.00013310075853117058
5958,126,6.0,3701.1209448688974,0.38325911662053197,0.17998541633184356,56,0.40965091327786746,0.27504761904761904,0.00023912606634772797
5959,6,6.0,12868.080704049735,0.29439770731256354,0.0013180209750605029,5,0.3032056314439717,0.2,9.166771220052165e-05
5960,187,5.0,24545.561287889657,0.43860615660078506,0.24067854643711048,56,0.46516459936153026,0.11402449542866999,0.0003649103696241462
5961,63,6.0,1577.73169476423,0.3733513101588604,0.06965222694721579,49,0.39531061914481275,0.33691756272401435,0.00013782662448890524
5962,4,7.0,20.051020334093522,0.31280388978930307,0.004409276006588812,4,0.3228962459532235,0.0,3.299327898880716e-05
5963,85,6.0,4866.7133252546155,0.4006668344237544,0.0979663950635698,53,0.42492018631918105,0.17254901960784313,0.00018041224081230883
5964,36,6.0,1599.7562456461812,0.37341697936210133,0.03989782602603995,32,0.39356518553409353,0.13333333333333333,9.569662724034284e-05
5965,157,5.0,4739.010209698817,0.39856070087609513,0.2503552132161966,56,0.4269508557073628,0.25012248897599215,0.00028696506696974385
5966,58,6.0,1386.8421176686143,0.3799212598425197,0.06073731629667292,45,0.4022504841157743,0.3115547489413188,0.00013436685350643493
5967,58,6.0,3887.597694228303,0.38764455264759584,0.06780784059152314,41,0.4104987700842772,0.15124016938898974,0.00013544285932011097
5968,25,7.0,10555.818205353633,0.3242046322219394,0.0028034109158236588,15,0.3342062370559514,0.38666666666666666,0.00016013877207789488
5969,104,5.0,1619.932767278922,0.3950502419054708,0.19643974955735952,56,0.42044015282359737,0.3043315907393577,0.00019116401388508515
5970,146,6.0,16532.281828436448,0.4223194748358862,0.17158745105088227,55,0.44874914952640244,0.1069437883797827,0.00030109529056934054
5971,107,6.0,3757.6158980755354,0.39334239130434784,0.1454859997884615,56,0.41891191709846853,0.2697936871803915,0.00020798019358558712
5972,282,5.0,41194.87423598281,0.4387270097127506,0.3976297465463703,56,0.4705160412414708,0.11322278589636808,0.0005435196293887324
5973,35,6.0,831.6666062413796,0.3686617272516786,0.03413376781126796,32,0.38819804260217733,0.13949579831932774,9.09749285032634e-05
5974,72,6.0,2308.013321494345,0.39527089927387826,0.1107118120216889,53,0.41903229183024376,0.22339593114241002,0.00014927672095892112
5975,105,6.0,6252.08863832089,0.4035354495343091,0.12280070616043019,55,0.4289239545716578,0.2296703296703297,0.0002132980103566172
5976,71,6.0,1565.287881301774,0.40266801542643993,0.12571422326679146,55,0.4264850578322413,0.16981891348088532,0.00014506125583208413
5977,148,5.0,7225.50342924164,0.4119130772215755,0.2565461296666945,56,0.43960590359558627,0.1860636146350432,0.00026815611143782666
5978,3,7.0,2.4904479311507504,0.2962876814291031,0.0009845256237198702,3,0.3048845225010991,0.3333333333333333,3.0356682055989692e-05
5979,146,5.0,7945.968894837827,0.4114872722573976,0.21510025645895456,56,0.43902234783068284,0.24666981577704297,0.00027719090179319244
5980,4,6.0,65.24202810345531,0.3154063289258654,0.0028187077378714455,4,0.3243837337101379,0.16666666666666666,3.623431216855204e-05
5981,30,5.0,2018.2707207272786,0.361895562247855,0.027156656033627418,26,0.3798267650599093,0.16781609195402297,8.80396807402438e-05
5982,177,6.0,5183.363515806911,0.400465291750503,0.3261886482140435,56,0.42994190610774236,0.2446712891628146,0.000311535139246465
5983,26,6.0,520.1874828340357,0.35189789491132106,0.025710689713501912,24,0.36798293819017197,0.2123076923076923,7.799657349247186e-05
5984,1,9.0,0.0,0.16956417560767817,4.759325511721769e-09,1,0.17124321178723628,0.0,5.27759425344039e-05
5985,96,6.0,4228.0248335778415,0.3983612709532149,0.12856496686738714,54,0.4233762495420813,0.15482456140350878,0.00019439184419984073
5986,152,5.0,8893.164682211058,0.40858352578906854,0.2511500070074374,56,0.4362877479458207,0.25165562913907286,0.00028966442842282697
5987,31,6.0,308.04485975823553,0.36019681031557516,0.02902933713175395,27,0.37760244936409104,0.4967741935483871,8.709331542693055e-05
5988,68,6.0,4548.665717212504,0.3874323255672486,0.06946731301616704,47,0.41057989218612456,0.12993854258121157,0.00015766411747914117
5989,53,6.0,2189.2120339548746,0.36981767506677504,0.032204304804902245,39,0.3913932066781728,0.20246734397677796,0.00013773571945524827
5990,123,6.0,3842.4896201837155,0.4036377463717599,0.1975561170244031,56,0.4302480766211691,0.22444355591096896,0.0002275740575889808
5991,116,6.0,7453.741458588935,0.36292666248789107,0.03969036803651947,45,0.38727953106189883,0.1313343328335832,0.0002815633542090993
5992,49,6.0,1064.8133943389855,0.3689607229753215,0.04286243993897608,40,0.3896373056994724,0.14965986394557823,0.00011550313295318108
5993,47,6.0,1008.335678550743,0.36971033842224416,0.054599061776288954,40,0.39094834353900887,0.20166512488436633,0.00011349952293055912
5994,25,6.0,1072.5546455814447,0.3488142833671066,0.01466842057329655,23,0.3650075888417634,0.16,7.65289665490644e-05
5995,15,6.0,360.02251734888426,0.3265484003281378,0.005646524774696927,14,0.3396608572774114,0.2380952380952381,5.878053487110296e-05
5996,53,6.0,1799.6663125843104,0.36943155452436194,0.05075293636333824,43,0.3903647877741055,0.28882438316400577,0.0001253235797756922
5997,102,6.0,8332.36678952577,0.3867735470941884,0.07937114453425224,49,0.4118987805516451,0.1446321102698505,0.00024161610462862434
5998,182,6.0,24876.910398571585,0.43412173675959376,0.26767346573522194,56,0.46091484796152343,0.11826847185963207,0.0003738189811645351
5999,2,7.0,0.9147912213478868,0.2619478489758987,0.00017644455234407114,2,0.2692917330223065,0.0,2.969315501795877e-05
6000,23,6.0,96240.38173600893,0.3318224445139106,0.006240123500004725,7,0.3425969539958895,0.043478260869565216,0.0003251531874739574
6001,12,6.0,144.01253494375993,0.3273876837668346,0.007196203668153517,12,0.3381614068142297,0.045454545454545456,5.010722056541616e-05
6002,129,5.0,11753.425403556881,0.40829540355150973,0.09353571799507361,45,0.4350761501020977,0.14740794573643412,0.00028610255777562467
6003,118,5.0,8904.79091081603,0.3993103448275862,0.11494087034588943,51,0.425043177892949,0.14312617702448213,0.0002485831444953487
6004,145,6.0,6343.290814422546,0.4170923379174853,0.20919238591730394,56,0.4438059349976956,0.20986590038314176,0.00027930129845831847
6005,6,6.0,7.327704170255271,0.32523106776285554,0.007003845833071903,6,0.3356518553409484,0.6,3.457617204469394e-05
6006,88,6.0,7640.115736824002,0.4013485411809188,0.0792240116179719,51,0.4260951483749731,0.05668756530825496,0.00019041408065706823
6007,12,6.0,78.93901396970666,0.3510444799647247,0.019426471670021688,12,0.36572460354841774,0.10606060606060606,4.553634708219521e-05
6008,134,5.0,7340.7249431090895,0.42084049160829917,0.2244685304526071,56,0.4467839011880978,0.21591291661990797,0.0002615912925960655
6009,8,6.0,3.780923735383966,0.3325327624915157,0.009320214974885268,8,0.3440100486732328,0.7857142857142857,3.80190440183583e-05
6010,233,5.0,32927.303970031186,0.44373998467219394,0.2839852189630801,56,0.47179306013506656,0.11399289625573479,0.00046234414300918577
6011,49,6.0,2227.003609949544,0.3674069800980675,0.05166215818696605,38,0.3876511226252042,0.38605442176870747,0.00012061452056083171
6012,99,6.0,5367.065641997183,0.39502573962662035,0.10555988506182046,54,0.4205709949233514,0.12657184085755516,0.00020513918955843946
6013,99,6.0,5393.0698645926495,0.3744268077601411,0.04623553536384436,45,0.3989297116240114,0.13955885384456812,0.00023284355286463148
6014,47,6.0,1750.781572177646,0.3703122274550846,0.05797621526017875,42,0.3906578740775553,0.28307123034227566,0.00011370712955247561
6015,121,6.0,6626.3516357673125,0.4123397643402823,0.15173829481673443,55,0.4387083267912736,0.19035812672176308,0.0002483788576276795
6016,48,6.0,257.337740919114,0.3707865168539326,0.09742809884333142,45,0.3911943266865475,0.8218085106382979,0.00010346438204657933
6017,109,5.0,9015.686187278394,0.405591288288862,0.0990619737552323,53,0.43150939446279973,0.1309887869520897,0.00023440973550646952
6018,5,6.0,6370.416750098393,0.3142081894425259,0.0034001493588367527,4,0.32319830428636837,0.3,6.069140807454835e-05
6019,4,7.0,2.7817942917699554,0.31664512280003976,0.005641435789578269,4,0.3263818794906671,0.8333333333333334,3.2284869937983315e-05
6020,38,6.0,1017.6829342680949,0.3588169014084507,0.03702613332507768,31,0.37768880514992637,0.24893314366998578,9.954852139589144e-05
6021,40,6.0,942.7668519649055,0.3782515738211189,0.06810277574812564,35,0.39921494740147834,0.5128205128205128,9.530373685114076e-05
6022,31,6.0,618.2899378902011,0.36171058609722856,0.026750714278104264,27,0.37912806824722384,0.47096774193548385,8.833368753738082e-05
6023,10,6.0,136.4238400622906,0.33387502621094567,0.008294005729236628,10,0.3447872507457705,0.15555555555555556,4.306531027563489e-05
6024,43,6.0,1803.863572715383,0.3763072378138848,0.04311827793152329,35,0.3973883916889099,0.2115171650055371,0.00011240463223020123
6025,48,6.0,5831.035729722494,0.3664978708712165,0.05090155581842181,37,0.38675616266288554,0.20124113475177305,0.00012988082115465374
6026,64,6.0,2349.9643281795775,0.37046300604932525,0.03896288551972265,44,0.3925891034699256,0.16071428571428573,0.00015464551218106955
6027,188,6.0,13257.95427379891,0.41671028526563725,0.34595491988709814,56,0.44567697702417874,0.20730458527705087,0.000340886643409584
6028,37,6.0,833.4195128334937,0.3648393194706994,0.03672395360680821,34,0.3839221227822109,0.1876876876876877,9.76188061139263e-05
6029,183,6.0,17352.48298522447,0.4310368164591229,0.2675598544087497,56,0.4583503428063468,0.10508617065994115,0.00035039050548029614
6030,1,7.0,0.0,0.2932455453750173,0.0010867847509606053,1,0.3021473057742476,0.0,2.5391268142202223e-05
6031,117,6.0,8594.299770459342,0.365341593529513,0.041588215892399055,45,0.38967917517139067,0.161508989095196,0.00029124253671127713
6032,23,6.0,244.61153230609287,0.3636934673366834,0.03143879379422301,22,0.38110640079550484,0.3913043478260869,6.737798530408791e-05
6033,88,5.0,1959.609367276895,0.3811262042965711,0.14402633049582672,56,0.40549013450568605,0.3095611285266458,0.00017698647158186434
6034,1,6.0,0.0,0.3006514350453172,0.0017880986222819897,1,0.3091851154027251,0.0,2.5352113765043156e-05
6035,6,7.0,488.9314466969897,0.2843049727702884,0.0006891752134467528,5,0.29259321565021723,0.33333333333333337,7.22658347954049e-05
6036,165,6.0,15796.480238952452,0.4208683010639001,0.1645272797216916,55,0.44857120427073804,0.17568366592756837,0.0003347126144581734
6037,93,5.0,6595.226771309821,0.40432960893854747,0.09526997484049443,50,0.4287747945779387,0.16830294530154277,0.00020877248101481392
6038,88,6.0,5803.603343422183,0.403458760927404,0.11210900540081645,52,0.4277568430418514,0.15464994775339602,0.0001914617605448522
6039,42,6.0,1095.7974932780494,0.3602579331410148,0.04626131154435934,36,0.379442089286631,0.23693379790940763,0.0001064771359705385
6040,48,6.0,1188.6138908956884,0.38146861523718256,0.05967181286167048,43,0.4032972209138081,0.13386524822695037,0.00011059001233825205
6041,88,6.0,6784.764117405022,0.3782066508313539,0.04277322352133153,42,0.40215627780395,0.11598746081504703,0.00022410395176526867
6042,43,6.0,9319.804155965689,0.35801011804384486,0.021322823051575693,30,0.3769770241272646,0.20487264673311184,0.00014896233502932328
6043,105,6.0,8412.768216243065,0.4042782785324362,0.1357474605463159,55,0.4297377924321287,0.18699633699633697,0.00021765506001478581
6044,8,8.0,58.613174452479775,0.2101217379829105,2.8764834944050803e-06,5,0.2140989839176683,0.5357142857142857,0.00017708160011649049
6045,145,6.0,11917.134710281902,0.4170923379174853,0.1580605281389257,55,0.4439027581515137,0.16034482758620688,0.00028664930932655085
6046,37,6.0,1063.3429632390967,0.3469332171260486,0.013184644326944255,29,0.3634165489087537,0.27627627627627627,0.00010862644754961216
6047,3,7.0,0.4618102766346678,0.29412579661956223,0.0008412132868908663,3,0.30374918690980707,0.6666666666666666,3.058259421515301e-05
6048,103,5.0,6499.550269779362,0.3744488212122994,0.044634279229976585,45,0.39879886952425736,0.1418237197791738,0.00025547556333342485
6049,76,5.0,2795.566756790662,0.3850665054413543,0.07189013384569823,50,0.4083451091223231,0.19473684210526315,0.0001707906815038092
6050,104,5.0,14089.133127033878,0.41274058712980366,0.12113717327700246,54,0.43757523420740363,0.15814040328603438,0.00023201371995287904
6051,100,6.0,4568.174780003928,0.4011463122756188,0.11516875823846583,55,0.42622337363273194,0.26666666666666666,0.000214466504044239
6052,76,6.0,2477.62806567062,0.3838365575845236,0.11850214354502245,55,0.4067671533992881,0.3933333333333333,0.00015867554889298008
6053,3,7.0,0.0,0.26300792864222,0.00020733696817995458,3,0.26954930504153474,1.0,3.927745989962718e-05
6054,24,6.0,373.58151387718925,0.34714122199814684,0.019704756567202098,23,0.3622703721149094,0.27898550724637683,7.185320821260047e-05
6055,46,6.0,2857.6240502229725,0.38023880597014925,0.061297527906674726,38,0.40136075783744685,0.2811594202898551,0.00011987306451343155
6056,166,6.0,18334.93050196663,0.40054084648764227,0.08485512456789443,45,0.42976134401008176,0.12829499817451623,0.0003850491166470888
6057,72,6.0,3833.9796846492936,0.39941051047284587,0.07391592607281669,47,0.4231302663945444,0.18231611893583724,0.00016227738193072173
6058,95,6.0,5799.246022024436,0.39941051047284587,0.0937726141151015,53,0.42444392107607537,0.10839865621500559,0.00020276491177632312
6059,152,6.0,8056.532107495123,0.4055138163759073,0.23357840835876073,56,0.43363427016280587,0.17227256883931683,0.00028291774349090734
6060,155,5.0,9699.133944098428,0.4047664442326025,0.22055753504039088,56,0.43260846810073345,0.1728529534981148,0.00029559305430337633
6061,66,6.0,5967.851729767892,0.3710673502680028,0.029971975827285155,39,0.3925184487360589,0.1048951048951049,0.00017150058450076926
6062,59,6.0,489.66577076426205,0.35895846249225044,0.08464104353094612,48,0.37948395875855123,0.3489187609585038,0.00012501423074896484
6063,231,5.0,34963.854386925974,0.44575867861142215,0.2941915592561629,56,0.4737269063694281,0.1284773197816676,0.0004570601194880501
6064,35,6.0,1197.2204264915586,0.35833239563407226,0.030773165954429596,30,0.3768592662374858,0.19663865546218487,9.643489591820249e-05
6065,6,7.0,52.2069834657,0.3307368749026328,0.005468286059717281,6,0.34087656730140925,0.26666666666666666,3.623215868608716e-05
6066,111,6.0,8798.278011550063,0.39988698436617065,0.12330561794446358,54,0.42578636101955253,0.11433251433251433,0.00022772701696512735
6067,16,6.0,280.7193604081684,0.3275897541405205,0.005416993574524275,14,0.3397916993771649,0.3,6.388517803027257e-05
6068,25,6.0,760.7808736374194,0.34570916788796613,0.019775110620766506,20,0.3614905532003735,0.21666666666666667,8.004917233685719e-05
6069,78,6.0,6105.844021422967,0.3789492473374189,0.061257661541819275,45,0.4019861830742703,0.21611721611721613,0.00018836436302718573
6070,44,6.0,783.8632870880143,0.36911040278180235,0.04991108962626177,40,0.38918720887631847,0.26955602536997886,0.00010601471326573172
6071,71,6.0,2228.0228826066336,0.39025735294117647,0.0898069052061692,53,0.4139215994138458,0.22213279678068412,0.00014857983284754316
6072,51,6.0,1721.2822371852674,0.3748455064445883,0.05047687619385198,42,0.39608782121735314,0.1945098039215686,0.00012233223513037064
6073,100,6.0,8794.749541240426,0.38092105263157894,0.1006217612411376,53,0.4056680797613515,0.16404040404040401,0.00022189663806539118
6074,126,6.0,4242.065705884355,0.4075377527514717,0.2184558344930847,56,0.43422305961170066,0.21853968253968253,0.0002318255665934404
6075,9,6.0,9828.474914032702,0.3340151038388924,0.00659102194965089,6,0.3448029517977412,0.0,8.954505385178467e-05
6076,28,6.0,212.73803359685382,0.3488716038562664,0.02749678579185751,27,0.3648584288480442,0.46825396825396826,7.691559533623598e-05
6077,124,5.0,7168.30635719282,0.4169012240623159,0.20392638844542024,56,0.44264929083586946,0.1999737739312877,0.00024467759293455085
6078,21,6.0,780.045524946226,0.33646785355803266,0.010078267823249614,16,0.34961532422669395,0.18571428571428572,8.0716921500715e-05
6079,4,6.0,10.255934010204603,0.3199377103531421,0.0042723451944576525,4,0.3292353587690137,0.16666666666666666,3.212507190218696e-05
6080,1,7.0,0.0,0.3065999133490589,0.0017676964373537713,1,0.31534927363941745,0.0,2.5396031862437976e-05
6081,86,6.0,2735.835232662273,0.39465856983517167,0.11208341619896794,54,0.4194850054953924,0.20191518467852254,0.00017591025738242848
6082,6,6.0,26.47452493091676,0.3428248465927441,0.00977619284401142,6,0.3554430313497435,0.4,3.608907984932931e-05
6083,38,6.0,2959.584521211291,0.3687898089171974,0.034970097192597846,32,0.38792327419269396,0.24893314366998578,0.00010766264549686825
6084,99,6.0,11858.488676813631,0.41290113452188004,0.11927729892244948,54,0.43777673104102505,0.13110698824984537,0.00021837617039200283
6085,63,6.0,1332.2170750753467,0.3974414976599064,0.09968003849782052,51,0.42042445177162874,0.2688172043010753,0.00013374292560458366
6086,13,6.0,204.7700667453567,0.3230371272063299,0.0037896677254971724,13,0.3357015753388568,0.23076923076923075,5.488736015629174e-05
6087,70,6.0,4382.353364803574,0.36654005524861877,0.03261403877012486,38,0.3883629036478657,0.12091097308488613,0.0001807280093877391
6088,116,6.0,5174.7806511574345,0.3892080175996089,0.15887008757333154,56,0.41500235515781375,0.25472263868065964,0.00022708565854575902
6089,5,7.0,0.0,0.27135614162157556,0.0004240429274970199,5,0.2795538658233017,1.0,4.232073024985407e-05
6090,119,6.0,3778.9185396282382,0.40074246523626755,0.19401828816763037,56,0.4271418851730053,0.260361771827375,0.00022060029251063761
6091,54,6.0,3237.2175863581397,0.37100250480573194,0.04016045936980551,41,0.3917386298215245,0.22641509433962265,0.00013458895632794006
6092,72,6.0,1823.454462784148,0.3969460891243378,0.10123054735766819,53,0.4209007170147332,0.2003129890453834,0.00015199389619082316
6093,28,6.0,380.2467224676113,0.34561536791838504,0.013026202491802344,27,0.3619642016014827,0.30952380952380953,8.350801854282351e-05
6094,40,6.0,840.9849047786765,0.3818574255051262,0.053710736712113745,37,0.4036007745852378,0.13846153846153847,9.675631951139264e-05
6095,1,8.0,0.0,0.19793026291254895,2.1091782817967228e-07,1,0.19994560706998735,0.0,6.079990794959879e-05
6096,63,6.0,2988.0356036694825,0.35452268299471196,0.02281279819066495,41,0.37464018422565576,0.13978494623655913,0.00016814734762587297
6097,227,6.0,21410.280455500986,0.4280241935483871,0.37317830210697484,56,0.45832940807038836,0.17484698452302055,0.00040897432775753763
6098,1,6.0,0.0,0.3018340363015971,0.0017280221055645168,1,0.3104516669283431,0.0,2.5342823865903612e-05
6099,155,5.0,8685.274888657654,0.41646504936899237,0.2741247233672632,56,0.4437378971058231,0.2126518642647675,0.0002893584772432437
6100,59,6.0,1384.5421349588337,0.375840906408592,0.07775606063347675,48,0.3978254043020881,0.25306838106370544,0.00012774057276188942
6101,20,6.0,795.9880319647403,0.35932299012693936,0.019576167320105056,18,0.37679907887159964,0.26842105263157895,7.054993700569731e-05
6102,11,6.0,49.13584071040899,0.3368771818470327,0.012653855070327564,11,0.34943476212903396,0.4,4.645922721094809e-05
6103,59,6.0,4483.576258653574,0.37535360678925034,0.052254567224782604,45,0.39710577275344033,0.2711864406779661,0.00014611312930238945
6104,73,6.0,5962.579670242605,0.3815600287562904,0.10639259427391483,52,0.40488302716282754,0.25,0.00015640798564902814
6105,36,6.0,3870.5732660542913,0.35539311422353664,0.022116801790046055,32,0.37375569163131905,0.23015873015873015,0.00011112953000445506
6106,64,6.0,1682.030987901612,0.3743827886197978,0.06761529698212004,47,0.39631810331291994,0.27380952380952384,0.00014703871567305638
6107,3,6.0,0.0,0.3192161186848436,0.004885092774472752,3,0.3282880619667954,1.0,2.8751122091189995e-05
6108,72,6.0,3639.3996476083644,0.39013782542113323,0.08239336065426436,52,0.4134584183807163,0.25195618153364635,0.00016368660077128755
6109,118,6.0,3776.4212178585913,0.4146484375,0.21602443342892566,56,0.4402810488303192,0.2690134724033029,0.00022656145381482162
6110,74,6.0,4277.656795165546,0.3715002333177788,0.060927760547603155,45,0.3945229497042917,0.1314328026656794,0.00018328648981130142
6111,59,6.0,524.1660915365578,0.3745148771021992,0.11553679048767307,53,0.3973543727429724,0.43541788427819983,0.00012095798946570075
6112,154,6.0,3359.1638916561697,0.3926149673283196,0.2631272026566418,56,0.4205893128173153,0.28860028860028863,0.00027492687054833393
6113,95,6.0,5757.256581517741,0.3959589679825925,0.15506926706602242,56,0.4206442664992145,0.3267637178051512,0.0001864435227772017
6114,77,5.0,2830.6846631114604,0.4033565547815073,0.10460259911691949,51,0.4267598262417253,0.18967874231032125,0.0001663902763043273
6115,122,6.0,6490.788064660343,0.41087671763112055,0.16291008050410224,56,0.4371957921181155,0.1457797046470668,0.00023932574821119423
6116,8,6.0,2368.0460600720394,0.3137129346862378,0.003037921224313333,5,0.3224263358978211,0.25,8.839082744342712e-05
6117,31,6.0,1079.212219519453,0.3648393194706994,0.030267623774509415,28,0.3830480975558546,0.2838709677419355,8.72651648006226e-05
6118,4,6.0,2.75804571738852,0.3166136408828793,0.00319487158684725,4,0.3258805673313226,0.3333333333333333,3.142264710696065e-05
6119,60,6.0,4438.2777222665945,0.3787464319695528,0.043962475433365414,39,0.40150991783116524,0.15536723163841806,0.00015611327101758396
6120,134,5.0,6637.815174908172,0.4081907325514324,0.22018557725887267,56,0.4347804469566535,0.2055885983615756,0.00025299131906885927
6121,44,6.0,4439.203268848223,0.35475965019773853,0.01973982927596969,32,0.37359344742762385,0.12050739957716701,0.00013169754858480734
6122,159,5.0,26470.047728153466,0.43620299979453464,0.2199119568395545,56,0.461451300570513,0.10795318844041081,0.0003241062415566514
6123,343,6.0,66043.2591657036,0.4534709861160555,0.4463064483008866,56,0.48525671219975136,0.08940719144800778,0.0006494756612007215
6124,25,5.0,3622.5217561453487,0.3528140926213162,0.022726981390396063,23,0.3677631234625874,0.10333333333333333,7.932871943952022e-05
6125,209,5.0,17602.597122852832,0.4394232096039741,0.3349976783812821,56,0.46659862877483554,0.1581707765918292,0.0003859698841123826
6126,160,5.0,12219.534763197493,0.426248159550261,0.23878861952842415,56,0.4528314230387256,0.13380503144654088,0.00031080297400259955
6127,73,6.0,7262.491978465422,0.3765519687832565,0.08688014570853832,48,0.399631025278695,0.12633181126331813,0.000174302531397133
6128,22,6.0,177.2597664407444,0.3369662980794667,0.009142393207927858,21,0.3516381430888905,0.329004329004329,7.378503228753239e-05
6129,25,6.0,753.3061307359127,0.34378711000755696,0.012017333566703672,24,0.35878473857746007,0.18666666666666668,7.67666231043396e-05
6130,159,6.0,16010.20075754359,0.4124465742779433,0.18121191350663893,56,0.44052964881985046,0.14664437544781467,0.00032261670067496994
6131,88,6.0,4024.456222787691,0.37085128682892743,0.04201584346457881,45,0.39422462971685196,0.20402298850574713,0.00021030738512294573
6132,66,6.0,2238.4183713588036,0.35416782516821443,0.02684962088387498,41,0.3742214895064431,0.16643356643356644,0.0001713811475112657
6133,64,6.0,2064.6396575586264,0.38564940962761124,0.0680681731203653,47,0.40867744805569894,0.22271825396825398,0.00014471008183703125
6134,14,6.0,364.1132825492483,0.33223787167449137,0.008063653122543972,14,0.3435102318521724,0.3186813186813187,5.424668008370144e-05
6135,1,7.0,0.0,0.27918292201814754,0.0004436246429890574,1,0.28742495270993473,0.0,2.6444551530850168e-05
6136,52,6.0,5992.568082022171,0.39988698436617065,0.0610193288340331,41,0.42270633799134155,0.06787330316742082,0.00013004914526303337
6137,11,6.0,56.38833640338197,0.3335777510082229,0.009266546987974569,10,0.34486313916362815,0.6363636363636364,4.6290413265082575e-05
6138,45,6.0,1228.594531655105,0.37158693115519253,0.04769332139901766,38,0.39236143821635444,0.09797979797979797,0.00010727201172724682
6139,13,6.0,81.92024994506282,0.33908321354416227,0.012305075927557764,13,0.35240226095145655,0.2692307692307692,4.780733758733155e-05
6140,77,6.0,2866.406931194784,0.38192612137203164,0.07931261993744657,52,0.40534620819595724,0.2987012987012987,0.00017584918613881205
6141,97,6.0,6288.531173228458,0.39706982543640895,0.20040326994980232,56,0.42255194431362963,0.33591065292096217,0.00019013966303238703
6142,98,6.0,5690.1184846240585,0.39068825910931176,0.08841291624258907,50,0.4161118961637293,0.17652009257311171,0.00021473628803854987
6143,29,6.0,229.16186767312496,0.3518395757374876,0.022135360805863,26,0.3675590097869698,0.5566502463054187,8.440436300045943e-05
6144,39,6.0,833.2104537093667,0.3784538594093529,0.06719887242933935,35,0.39928298529335066,0.2294197031039136,9.324342572811279e-05
6145,45,6.0,1864.2145786416702,0.3696888785697701,0.03224282385587033,34,0.39040665724602697,0.3060606060606061,0.0001224249865492223
6146,226,5.0,38580.29152991421,0.43587462359704354,0.25802882301617236,56,0.46457057622865094,0.10009832841691249,0.00046625683396676215
6147,45,6.0,1151.237584375414,0.3902812672345119,0.07096476482202407,41,0.4125032710525116,0.12424242424242425,0.00010534201592396085
6148,44,6.0,1910.6611471844303,0.38300559263936496,0.05243569799890564,37,0.40479667137699094,0.06236786469344609,0.00010903491784719446
6149,32,6.0,725.9087700913497,0.35088975814004736,0.02135527696609382,27,0.36687863086824823,0.18346774193548387,9.117292075490853e-05
6150,50,6.0,1850.3904886072125,0.35373507359066925,0.02573117607260981,40,0.3732584916522524,0.1404081632653061,0.00013498119099418808
6151,44,6.0,1714.3537761462312,0.3621219012963384,0.02820810678050808,38,0.3814308892028932,0.1427061310782241,0.00011257154762412174
6152,100,6.0,6524.62190899697,0.4003142677561282,0.11234530901326685,55,0.42548019050612823,0.12808080808080807,0.0002133079537637318
6153,188,6.0,17909.652411124265,0.4300472653612424,0.22371274242374903,55,0.45822473439058226,0.1451245875526226,0.00037306334450003953
6154,85,6.0,13011.63079215072,0.38010264979708763,0.03870359679820061,42,0.4033940440676251,0.0896358543417367,0.00022774059942237291
6155,54,6.0,1599.3121797582996,0.37704238692872366,0.055130244995953266,43,0.39840896006699233,0.13836477987421383,0.00012630190931137427
6156,120,6.0,2378.1571052560753,0.3906403336604514,0.22586853582754596,56,0.41724760558959473,0.38221288515406165,0.0002227226455998619
6157,12,7.0,66.39821816682326,0.31275780789628754,0.0024135567960911243,12,0.3243878458904176,0.30303030303030304,5.3600508352215366e-05
6158,34,6.0,912.8138290206626,0.34648025242084646,0.016094934392203154,30,0.3637201025801813,0.26916221033868093,9.64667063901499e-05
6159,60,6.0,2945.774616033655,0.37130531102431064,0.03410326568390449,41,0.3928560213534246,0.20847457627118646,0.00015783037260539098
6160,35,6.0,741.0334653983707,0.36864038895641604,0.03663413416214529,32,0.38777934788296425,0.2134453781512605,8.998344851700696e-05
6161,132,6.0,8928.50063808661,0.41774891774891776,0.18960196821117534,56,0.44400219814732717,0.12745778394633356,0.0002592296489609435
6162,1,6.0,0.0,0.2631818181818182,0.00016666151367069463,1,0.2694117339195079,0.0,2.6864643201679583e-05
6163,3,6.0,2.086383109584914,0.31283461859619827,0.0048155102445336445,3,0.3227325064112459,0.0,2.873710399312622e-05
6164,10,6.0,88.52161763794187,0.3330892735735579,0.007571299244262365,10,0.34451248233628756,0.044444444444444446,4.3358999336133634e-05
6165,30,6.0,1024.826966557983,0.350715859030837,0.017414890689467936,27,0.3676950855707115,0.16551724137931034,8.954888086037579e-05
6166,80,6.0,4241.054808744765,0.3705276630403165,0.0530621861001769,44,0.3932904171246076,0.14905063291139242,0.0001948195789608702
6167,20,6.0,317.20097125340385,0.3384165781083953,0.015196195583813868,17,0.3523002041136477,0.2421052631578947,6.858853939824017e-05
6168,299,5.0,44510.46205462341,0.4537617554858934,0.48715557679581034,56,0.48316847228767595,0.12183789364997419,0.0005418325452838172
6169,61,6.0,4247.887319940289,0.38569611820989524,0.07484272109417656,49,0.4084995028000334,0.17650273224043717,0.00015013642269843912
6170,49,6.0,2161.5544849184544,0.3941700705532863,0.07685521648451302,40,0.41665358245671374,0.17687074829931973,0.0001155197553432926
6171,156,5.0,9699.286106789383,0.4066530455880475,0.24428904823428843,56,0.4346208195949524,0.2064516129032258,0.00028772277060627104
6172,3,7.0,0.5602165541268632,0.31357392545911084,0.004889707549542706,3,0.3234667175081498,0.3333333333333333,2.859026276390228e-05
6173,5,6.0,0.5926457140184647,0.30393700787401573,0.0021371868080912173,5,0.31276233840999745,0.8,3.459461705254209e-05
6174,59,6.0,2206.2865487596914,0.3810577958597583,0.0733733390499824,48,0.4037263830010011,0.1852717708942139,0.0001337609597966681
6175,2,7.0,6368.000000000001,0.24659284497444633,9.306238135795534e-05,1,0.25155889015993427,0.0,7.819781344248748e-05
6176,1,7.0,0.0,0.2648563230340583,0.00024752413359334943,1,0.2721938107948511,0.0,2.6163880048702603e-05
6177,85,6.0,1663.5579746832593,0.38973197894994493,0.11343766097829966,56,0.4134688857486964,0.3932773109243698,0.00017420636973322452
6178,143,6.0,5502.905392183612,0.40325440040521715,0.22110583821976437,56,0.4310749986916146,0.232837584950261,0.0002655063570308046
6179,78,6.0,2068.137786934633,0.38778616658548465,0.09690292689765675,54,0.41157952582824603,0.2730602730602731,0.00015979304581875003
6180,133,5.0,13274.657396725299,0.42212354188759277,0.15973725435806588,55,0.447864656932065,0.11130097972203236,0.0002727502410520758
6181,8,6.0,34.69442927122652,0.32959014696750155,0.008145638843851062,8,0.34154498351386825,0.10714285714285714,3.827293778144644e-05
6182,97,6.0,4585.7637093263975,0.3904966278356836,0.09309548428709895,52,0.4154393677709932,0.16494845360824742,0.00020984162095391668
6183,94,6.0,8578.098061009738,0.4081907325514324,0.11989253392252218,54,0.43320510807561435,0.1487073896133608,0.00020304690816068957
6184,65,5.0,8230.760602597598,0.3907361963190184,0.09466454454612648,48,0.41349243732665286,0.21778846153846154,0.00015558120390435395
6185,41,6.0,886.7007641598507,0.3709160794362588,0.04370622031069839,35,0.3913277856282967,0.20609756097560977,0.0001034010697138308
6186,69,6.0,2510.240030923419,0.3765297073603311,0.04493194189385599,43,0.3995106505469212,0.16666666666666669,0.00016765772331516157
6187,2,7.0,0.0,0.288177005565359,0.0007523927021729991,2,0.29699212704394384,1.0,2.8016721706525634e-05
6188,165,6.0,17692.42983378599,0.3999874395528481,0.09170380208159225,45,0.42877741141993075,0.12527716186252771,0.000373914586862099
6189,20,6.0,114.3524925212729,0.3460848774656306,0.019161527033331953,20,0.3614748521484035,0.4105263157894737,6.227579626439163e-05
6190,124,6.0,17862.693149185525,0.40167759838546924,0.1124850791198158,53,0.4284974093264582,0.0933648046157881,0.0002859329496654235
6191,89,6.0,2075.8573674261916,0.3897796817625459,0.11846416377396547,55,0.4144973046527634,0.18054136874361593,0.00017666034363529728
6192,5,6.0,100.70317964520181,0.3163934426229508,0.004495453103486485,5,0.326155335740807,0.0,3.8154950990972535e-05
6193,132,5.0,14109.686761982808,0.42590611207703627,0.17251900531744402,55,0.4512429999477109,0.2063381910710155,0.00028565313520957885
6194,36,6.0,6541.937316682272,0.3451658356817689,0.016124555782662493,29,0.3625163552624433,0.22063492063492063,0.00011951398183804827
6195,81,6.0,6678.83167411617,0.37892670157068065,0.07999278235174807,53,0.40198618307427025,0.33333333333333337,0.00019353008233397292
6196,42,6.0,981.7613862018012,0.36962451395740237,0.030525648046687125,37,0.3900926362066171,0.22415795586527293,0.00011125306418136529
6197,8,6.0,14.400990527051576,0.3061577657068692,0.0017393500255710184,8,0.31716386664572127,0.7857142857142857,4.728990452831809e-05
6198,58,6.0,1019.9898536492414,0.37800462935485785,0.08092252077222326,48,0.39960747370074046,0.33575317604355714,0.0001292942440273755
6199,43,6.0,1000.4102121210449,0.35357797146505304,0.023427525680867235,33,0.3722693253781124,0.25802879291251385,0.00011626721588410451
6200,147,6.0,12115.02951153488,0.4257068377782234,0.19636613196843658,56,0.45238132621556965,0.11303699562016586,0.00028818648826738237
6201,120,6.0,2599.159020315556,0.39808738046127884,0.22650249875265357,56,0.4246035484377743,0.32563025210084034,0.00022144644887266843
6202,37,6.0,904.2379022358942,0.3632578566132436,0.03155950552490185,32,0.38204846391373276,0.24024024024024027,9.718054376330084e-05
6203,81,5.0,5912.865120130373,0.40386810399492706,0.09128501899281824,49,0.4279766577694385,0.14907407407407408,0.00017666701153276076
6204,42,6.0,1139.6021105861043,0.3756857193417094,0.05106189718847436,36,0.3962814675249899,0.21951219512195122,0.00010417891241777589
6205,46,6.0,3049.8222953062295,0.37176044828391314,0.04848761467468568,38,0.3924242424242365,0.1246376811594203,0.00011838630500905484
6206,108,6.0,12565.339569034995,0.40056603773584903,0.10091195787807479,54,0.4262495420526824,0.1261682242990654,0.0002477688101393073
6207,16,6.0,535.4830707595327,0.3385964912280702,0.013731563252054614,15,0.35259590725909135,0.24166666666666667,5.959329075167195e-05
6208,105,6.0,5067.638919696984,0.4122863801139306,0.14833414278736734,56,0.4376197205213197,0.18846153846153849,0.00020892333568650314
6209,66,6.0,4231.610031267416,0.3875737844581026,0.07116743148573276,45,0.41050923745225754,0.14405594405594405,0.0001612356827497633
6210,213,5.0,11407.471572556917,0.4319137393191374,0.4087944576532298,56,0.4609279321715002,0.2012578616352201,0.00037951790257030653
6211,10,6.0,42.29783898464753,0.32998290244028805,0.009625672730174175,10,0.3416653582456415,0.3333333333333333,4.2485126270331455e-05
6212,75,6.0,3488.9935528708997,0.39179379921259844,0.09080032342091049,49,0.41572198670646304,0.18126126126126127,0.00016364279347178966
6213,2,8.0,0.0,0.19671371652716435,3.3265119565547554e-07,2,0.19937139716935415,1.0,7.158920039268801e-05
6214,41,6.0,2051.594621179975,0.3785663338088445,0.041116295235794374,33,0.3992463495054197,0.15,0.00010754978085113502
6215,74,6.0,2677.1586058308135,0.40074246523626755,0.1106691945758055,51,0.42469252106560895,0.19511292114031842,0.0001590713165161693
6216,116,5.0,4954.461520906203,0.39751591561602795,0.18504002414184592,56,0.4234887737478692,0.24977511244377812,0.0002189420081336316
6217,48,6.0,1425.4826710824382,0.39013782542113323,0.0692443180124744,41,0.4120950437012788,0.2074468085106383,0.00011323636547197655
6218,53,6.0,2051.8017868272395,0.3833513903936439,0.057242110025472255,41,0.4051734966242831,0.17053701015965167,0.0001231456315162555
6219,12,6.0,57.307069377920556,0.33246332933131495,0.007119749576595248,12,0.3451065054691712,0.25757575757575757,4.843256614917273e-05
6220,17,6.0,109.11874710574223,0.3444564629529475,0.01755707404247869,16,0.3592793217145303,0.18382352941176472,5.6479979894709556e-05
6221,30,6.0,1873.4139354067613,0.36998954339491114,0.033491647881847685,27,0.38933113518604867,0.07586206896551725,8.904305683644886e-05
6222,106,5.0,12547.50968766339,0.41290113452188004,0.10406216466184032,51,0.4374600931596202,0.1196765498652291,0.00024426882822878787
6223,11,6.0,484.870240761418,0.3344184825413494,0.009562969619783052,10,0.34687549065784573,0.10909090909090909,5.218641063833925e-05
6224,341,6.0,50275.89361820638,0.45179825494786124,0.4561340411056052,56,0.48392212278226115,0.10184578230119026,0.0006322548296548232
6225,160,6.0,11645.915683557838,0.4273349436392915,0.26883816439454494,56,0.4540325535144659,0.2007861635220126,0.00031012344316633055
6226,12,6.0,273.4537740493992,0.33802144146056684,0.008345012486007669,11,0.3499345789500959,0.18181818181818182,5.0821386326684795e-05
6227,79,6.0,2163.776275895684,0.4022611002336891,0.11195823014936564,55,0.42646673993827533,0.1833820188250568,0.0001600852969215019
6228,1,6.0,0.0,0.30245037515433565,0.002188355950140326,1,0.3117574710838879,0.0,2.5350794990234273e-05
6229,12,6.0,170.38290489827895,0.3251646500229744,0.007602002305917677,11,0.3370570994923077,0.19696969696969696,5.5591405865221006e-05
6230,38,6.0,1147.8361666703504,0.35063862585333627,0.016632124986346284,29,0.3684696708012545,0.15504978662873398,0.00011084042952856883
6231,36,6.0,2113.8057289120275,0.3476907959384212,0.017631870646005524,23,0.36304757418744954,0.14285714285714285,0.00011787026858440349
6232,7,7.0,25.08629682505624,0.2988176785211598,0.0011477822155612962,7,0.30913689074310313,0.6666666666666666,4.365407089553618e-05
6233,95,6.0,3205.9842889969354,0.39756554307116104,0.14854208056587792,55,0.42253624326165956,0.20111982082866742,0.00018574699801996675
6234,52,6.0,1871.201875787009,0.3894221950473861,0.08093765318968565,43,0.4120217721254159,0.2609351432880845,0.00011795925335969829
6235,4,6.0,1240.9769825560268,0.3429725363489499,0.009277829836827591,3,0.3556366776573793,0.16666666666666666,3.952484138253246e-05
6236,23,6.0,190.2585639316322,0.3451471305478784,0.021572953245289482,23,0.3608023237556673,0.3320158102766798,6.734746535002901e-05
6237,73,6.0,2745.5436322944083,0.3659503562399448,0.06987981542677311,49,0.388292248913998,0.17161339421613395,0.00016409888444147673
6238,8,6.0,35.624642941206154,0.32563014469042384,0.0067716692212063155,8,0.3362354111058501,0.2857142857142857,4.045875243438747e-05
6239,10,6.0,36.37684343597315,0.3246839314845024,0.007307269785707395,10,0.3355707332391014,0.35555555555555557,4.316368444113312e-05
6240,51,6.0,1185.1572367066078,0.38759737098344693,0.07959100056793839,45,0.41002773852516244,0.2007843137254902,0.00011537797009537452
6241,33,6.0,1617.2506049375152,0.3570267391669937,0.02079928558769524,28,0.3747239231695006,0.17992424242424243,9.523583966966541e-05
6242,100,6.0,8135.440692825894,0.3903291046148189,0.06338374121012993,45,0.4160150730099111,0.12565656565656566,0.00023263985016198186
6243,16,6.0,881.697134181324,0.33975248052917956,0.009291474735965161,15,0.3534594651174695,0.25,6.183399368939042e-05
6244,48,6.0,1845.8657041216657,0.35531380753138075,0.020053375475148183,33,0.37410896530065546,0.21631205673758863,0.00013098781525474094
6245,141,5.0,19120.580352313857,0.4136251461228731,0.18130869559652307,56,0.4401475898885694,0.18196555217831814,0.0002980465408638582
6246,39,6.0,915.0444092410542,0.35772860031453607,0.034318143215269895,33,0.37520542209659674,0.45614035087719296,0.00010503378454303016
6247,197,5.0,6680.850329781431,0.4191786231407134,0.38686060637984604,56,0.4484874653268978,0.23754273282917227,0.00034071298105073323
6248,2,7.0,4.880477552476763,0.2878513965470487,0.00047561999040522814,2,0.2966351150289006,0.0,2.8709797565724448e-05
6249,147,5.0,15892.249185636312,0.4255077498663816,0.1640762903597184,55,0.4517611346627372,0.12021246854906345,0.0003114343240972455
6250,4,7.0,0.0,0.27983304042179263,0.0004945214890785091,4,0.2889546837733452,1.0,3.4755646617820176e-05
6251,33,6.0,854.9089739728315,0.3459344956819293,0.022527731400023177,28,0.36231224158682884,0.3806818181818182,9.098845495830793e-05
6252,170,6.0,15794.539137583906,0.42409109069117057,0.18078360843529298,55,0.45180823781864987,0.17473024712843718,0.0003457034432673106
6253,78,5.0,2700.321119592264,0.3815600287562904,0.0724188772290678,49,0.40474171769509326,0.26406926406926406,0.00017181447525259862
6254,1,6.0,0.0,0.28809879223775275,0.0015400427348634907,1,0.29707175380750844,0.0,2.527553963642884e-05
6255,17,6.0,333.1716662066833,0.34929253043764397,0.019894876836877816,16,0.3647511383262459,0.16176470588235295,5.9597252237956866e-05
6256,76,6.0,6008.799850914632,0.38379029828261524,0.04806551754141338,45,0.40770921651751735,0.1568421052631579,0.00018965924335259576
6257,8,6.0,13.447201543665349,0.3075325929502656,0.0035067537101380743,8,0.31806406029202794,0.4642857142857143,4.074648191832943e-05
6258,73,5.0,2261.6411298277367,0.38021610650110443,0.08763820365171686,51,0.4028732925106039,0.3127853881278539,0.00016153597503303394
6259,143,6.0,6524.203458446289,0.4080076873798847,0.23234211961311516,56,0.43584026796466135,0.21983650152664236,0.00027416775494708013
6260,241,6.0,16990.20312306353,0.4286291136684838,0.4195782447576962,56,0.45968754906583464,0.16479944674965422,0.0004258326614851681
6261,147,6.0,14298.56006649802,0.42000791347929306,0.20926493491287787,56,0.4467132464542315,0.18050507874382632,0.00028858367487275834
6262,38,6.0,926.7728499952682,0.3511993382961125,0.01831268028982958,30,0.3693724812895571,0.14509246088193456,0.00010843641832277059
6263,35,6.0,886.6300397872781,0.35889777978135917,0.03171302645396472,29,0.3771183335949996,0.1596638655462185,9.568917147530153e-05
6264,151,5.0,16370.033632148252,0.41562255285826155,0.14401792572237285,55,0.4430549013451062,0.1683885209713024,0.00032324448791043784
6265,13,6.0,55.841177204356995,0.3429356019814775,0.01686863383194888,13,0.35682210708114964,0.21794871794871795,4.735016844891656e-05
6266,25,6.0,523.6789010117009,0.36998954339491114,0.02737193292991944,25,0.3892840320301373,0.17333333333333334,7.023484408947264e-05
6267,40,6.0,242.18504156262705,0.3649229358849482,0.05846165116092954,40,0.3847673627466222,0.31666666666666665,9.096311550591983e-05
6268,37,6.0,1672.0267730968421,0.352931397539621,0.014958825857951838,31,0.370168001256064,0.1801801801801802,0.0001148603651600784
6269,19,6.0,52.104927509524394,0.34197809278350516,0.019093197118417105,19,0.3557858376510979,0.33918128654970764,5.9343474398013566e-05
6270,111,6.0,17015.451868609347,0.39759036144578314,0.0994280312865562,52,0.42333961375414964,0.12743652743652745,0.0002701044948872141
6271,54,6.0,978.4466181553319,0.36666666666666664,0.05569114853920738,42,0.387151305804143,0.25716282320055905,0.00012793501003930546
6272,12,6.0,494.4669639981433,0.3567467652495379,0.016261605683604265,12,0.3724812895797173,0.22727272727272727,4.9468040560413834e-05
6273,42,6.0,842.022964411665,0.36849109002545705,0.050486999900975986,38,0.3891401057204064,0.18234610917537747,0.00010195413340036449
6274,34,6.0,404.5565319470398,0.373657964212379,0.053734889909703605,34,0.3939315434134051,0.22459893048128343,8.269612641627614e-05
6275,163,5.0,21222.718738625594,0.43677136195309285,0.22855856940758104,56,0.46220756790709067,0.12232068469287283,0.00032856783862611976
6276,19,6.0,7718.367690644784,0.341611242222699,0.020410258241545506,15,0.3558512587009739,0.2222222222222222,9.46806544311088e-05
6277,90,6.0,5161.450307199438,0.4000376860749953,0.09426547317267694,51,0.42420317161252835,0.13433208489388265,0.0001990249163552901
6278,93,6.0,1263.5760968775264,0.37690850988282637,0.1369023806713693,56,0.40101010101010326,0.42075736325385693,0.00018023953799968566
6279,30,6.0,297.1213514798661,0.3634236804564907,0.03682824201013962,29,0.3821845396974764,0.3425287356321839,7.777556731764536e-05
6280,134,6.0,3087.242977103021,0.40124740124740127,0.24758878733476286,56,0.4285889987962858,0.3111884188082146,0.00024212165184435094
6281,112,6.0,7017.992427015548,0.39191434373269335,0.1122904452912727,53,0.41733657821742837,0.24549549549549549,0.00023801490415585496
6282,52,6.0,4912.70037683683,0.37466909818224603,0.033663170882868756,37,0.3950070654733845,0.11085972850678734,0.00014349054923190477
6283,99,5.0,3484.069936711314,0.40512690032440685,0.13097711959714584,54,0.43021929135922427,0.2343846629560915,0.00020442603519282295
6284,34,6.0,127.89463770056838,0.3522092573134989,0.052601138348708464,33,0.36985398021665306,0.696969696969697,8.000803715731078e-05
6285,2,7.0,3.8156288515069052,0.2771299277695588,0.0005037775709211944,2,0.28528699279995356,0.0,3.0117604802058536e-05
6286,118,6.0,5663.449726090344,0.4032288698955366,0.196141377486835,56,0.42937928507880174,0.2496016224829784,0.00022441520494494564
6287,63,6.0,10554.061901138884,0.3859064469219583,0.04428247762051225,42,0.40875333647355644,0.2083973374295955,0.00016243313693063778
6288,41,6.0,1778.7147358060056,0.3701400592782007,0.030194481067844472,33,0.39071806144344207,0.17682926829268292,0.00011581063401127072
6289,36,6.0,661.84751100289,0.3656982085438677,0.046129254416640744,30,0.3848249332705148,0.45714285714285713,9.397806182668226e-05
6290,61,6.0,1444.5896274643728,0.37775800711743773,0.06974418092778564,49,0.40031663788140737,0.16010928961748633,0.0001318706675883687
6291,265,5.0,46742.398742661535,0.4281392847539661,0.2966198475401075,56,0.46053540587224145,0.0827329902801601,0.0005264417542600719
6292,4,7.0,296.68138318544976,0.2608855937410396,0.00019932818061676446,4,0.26713134303808017,0.16666666666666666,7.300081804733517e-05
6293,32,6.0,624.2072825468003,0.362885305680588,0.03641673017099944,29,0.3816690218244454,0.1935483870967742,8.574570338342712e-05
6294,44,6.0,1397.0140585869992,0.3362546856026609,0.010836929033963428,30,0.3529596482964062,0.12367864693446089,0.000134751771921402
6295,50,6.0,2198.071322693657,0.36056385869565216,0.025289731757141852,38,0.3806720050243183,0.11918367346938775,0.00013359856264341414
6296,109,6.0,9484.81321926512,0.40569463023122493,0.11738247681384455,55,0.4312084576333655,0.12962962962962962,0.0002345242356375512
6297,6,6.0,19.939997827289492,0.31036499195945616,0.002090685547326664,6,0.3210891296383386,0.06666666666666667,3.796201763509756e-05
6298,10,7.0,106.04690518009495,0.31662938105891125,0.005445559690815424,10,0.32644730054054316,0.6222222222222222,4.6388479285749134e-05
6299,96,6.0,2889.7006636326164,0.3962052877138414,0.11109432232833227,54,0.42105249385044735,0.32302631578947366,0.00019651266291660015
6300,29,6.0,5887.605944539103,0.3619161268325946,0.03168817964611175,25,0.37930863034488427,0.2561576354679803,0.00010359410359857527
6301,89,6.0,5310.029902970449,0.38569611820989524,0.062101035266407166,45,0.41032867535459544,0.20250255362614913,0.00020891446935012472
6302,414,5.0,142250.19354323763,0.4711495783399911,0.49458690942748185,56,0.5024990841053257,0.08745949866067773,0.000813420017088553
6303,91,6.0,3574.637352528976,0.39664943638288597,0.10202360533614441,54,0.42125399068406894,0.17264957264957265,0.0001887671620172708
6304,144,6.0,12027.278912497635,0.4236679305527839,0.1855157947248293,55,0.44965457685669974,0.1120823620823621,0.00029180872862902035
6305,63,6.0,1540.299094459352,0.3856727625045416,0.08913663845333299,49,0.40836342701628925,0.1443932411674347,0.0001345402337215897
6306,72,6.0,2176.6775357349948,0.3872203307392996,0.09436038806026711,52,0.4106714816559523,0.18740219092331767,0.0001506798545778037
6307,1,7.0,0.0,0.25994857352761114,0.00016813550650283086,1,0.26589881045839786,0.0,2.8209775637147223e-05
6308,7,6.0,2.9506384403666766,0.3272531086219299,0.008773630044595237,7,0.33813523839427995,0.7142857142857143,3.605499167703089e-05
6309,14,6.0,105.75087278775857,0.32752236963900033,0.007771367743380391,14,0.3400586172606644,0.21978021978021978,5.3814853787678926e-05
6310,47,6.0,1199.0811984914887,0.36915319074943487,0.03739303510402916,39,0.3895745014915906,0.362627197039778,0.00011422832690455309
6311,124,6.0,10684.919998039137,0.41747509176717357,0.21162846408420638,56,0.4431595750249108,0.24888539207972726,0.0002429043544448831
6312,11,6.0,66.01361167249866,0.33113236976188,0.006665548659293308,11,0.34292405924527436,0.2545454545454545,4.6549393593604124e-05
6313,41,6.0,1530.9684741872263,0.35254068415808704,0.01601748719404026,31,0.3702595907258914,0.19634146341463415,0.00012427559576899693
6314,102,5.0,2621.4813092884788,0.40984555984555987,0.16948327556814424,55,0.43485371853251686,0.297029702970297,0.00020454433924085342
6315,155,5.0,21594.532807842323,0.42212354188759277,0.181418393421932,56,0.4489375621500489,0.12568077084206117,0.00032458311344450534
6316,166,5.0,11020.120600191447,0.4171742975044213,0.271942834526374,56,0.4451771602031183,0.20781307046367284,0.0003188853936298645
6317,18,6.0,279.65407727606816,0.3223504403279684,0.010536877615665139,16,0.33479876485055526,0.37254901960784315,6.609502203953798e-05
6318,10,6.0,4747.700852661899,0.3505807232894809,0.013510126464011426,9,0.36532946040716,0.15555555555555556,5.759903169628591e-05
6319,34,6.0,1203.8815761527385,0.3504071302816901,0.017823499459533244,29,0.3679829381901695,0.1461675579322638,9.801063081558411e-05
6320,21,6.0,6984.325770100938,0.3510057867181042,0.015163704195606642,19,0.3666666666666461,0.13333333333333333,9.132598177338917e-05
6321,11,6.0,423.1335032242699,0.3400427122263748,0.01088727777546183,10,0.3530931072381595,0.12727272727272726,4.6284534022977266e-05
6322,113,5.0,7952.967498347039,0.40942401645667265,0.1699356625308418,55,0.43476736274667893,0.1804677623261694,0.00023398379169716028
6323,142,6.0,6855.253703752569,0.41138095853248935,0.2425683630945512,56,0.43897001099078115,0.20127859354709818,0.00026403446996016113
6324,91,6.0,2942.986831726445,0.38167435728411336,0.09584337951601436,51,0.4055398545035931,0.2737484737484738,0.0001898192094123404
6325,42,6.0,555.6729984132973,0.35978985425375665,0.040017132236624633,37,0.37868843879204817,0.38327526132404177,0.00010327560237785483
6326,42,6.0,5352.304532210168,0.3743827886197978,0.0336681700929782,31,0.39559847176427254,0.08943089430894309,0.00012179880001204155
6327,34,6.0,995.6713875356214,0.3719992991063606,0.04806517416026579,29,0.39195059402312693,0.1265597147950089,8.73633224778804e-05
6328,42,6.0,1532.5226506300694,0.3620395634379263,0.02582288030183401,34,0.3811535039514147,0.1869918699186992,0.00011645127301114741
6329,17,6.0,51.41060386496703,0.3387946167349327,0.02305569013143484,17,0.35340189459357546,0.4338235294117647,5.309336575674711e-05
6330,130,6.0,9891.610082341751,0.41346403531550247,0.16527188320834202,56,0.44033861935421015,0.1252236135957066,0.0002598720936065772
6331,7,6.0,17.637573998342532,0.32189426867482057,0.006918856381743823,7,0.3323703354791194,0.38095238095238093,3.6327940691303044e-05
6332,40,6.0,1189.871694308464,0.3703768318213538,0.03888475141422472,37,0.3903046004082194,0.20769230769230768,0.0001001757038084815
6333,106,6.0,5496.4279209219485,0.37885908036404736,0.05213813105764726,45,0.40364002721516173,0.14645103324348607,0.0002458488341371805
6334,31,6.0,387.51732505746173,0.3782291109923392,0.05376322178343992,31,0.39845868006489976,0.28817204301075267,7.98971922945344e-05
6335,22,6.0,130.18167819724005,0.3428433008558971,0.014643381250795345,22,0.358316323860339,0.4242424242424242,6.783806149667476e-05
6336,1,6.0,0.0,0.29764463968595195,0.0030652823253661484,1,0.3075888417857288,0.0,2.5155964998804466e-05
6337,15,6.0,56.87723278082211,0.31891242301336936,0.008904161028388544,15,0.33177369550424285,0.44761904761904764,5.280368209548836e-05
6338,51,6.0,2618.2757073408907,0.3720210280373832,0.03649387860575795,41,0.39317004239283504,0.13098039215686275,0.00013033441052326403
6339,113,6.0,13926.871635405621,0.39546724619683327,0.17357912140119813,56,0.4211597843722452,0.2074905183312263,0.00023448596792793075
6340,166,5.0,9502.389692232253,0.4142169614984391,0.25422698223275036,56,0.4426257392579119,0.1718145308506754,0.0003116886052192074
6341,92,6.0,5748.829534420778,0.407616,0.1375170078300481,56,0.4319594912859553,0.17677974199713328,0.00019343535293461428
6342,45,6.0,763.7318990083834,0.36160790325327885,0.0389728260419419,36,0.38068770607629043,0.295959595959596,0.00011436492855454907
6343,8,7.0,115.11145046422676,0.2605973813420622,0.00014160067253341082,5,0.26708835206244685,0.42857142857142855,0.00010406067966695465
6344,56,6.0,775.6615218139834,0.3794233289646134,0.08715272205224153,50,0.4015544041450822,0.2357142857142857,0.00011850335525151993
6345,15,6.0,206.87071599284366,0.3524821517516188,0.01899367498659407,14,0.36769508557071373,0.24761904761904763,5.318422357957256e-05
6346,115,6.0,2608.995616055724,0.3919625823127577,0.19847613364719296,56,0.41819228554982013,0.25507246376811593,0.00021365949119342607
6347,37,5.0,1428.4683716830946,0.3661607450845119,0.044704203664834116,29,0.38552101324120674,0.20270270270270271,0.00010265605743676013
6348,78,6.0,2157.577052607144,0.3674281758393908,0.040159987964995904,45,0.3895980530695448,0.19547119547119546,0.00018737560002082563
6349,55,6.0,3829.087028482401,0.3602579331410148,0.03495103716016138,35,0.37959909980633694,0.3057239057239057,0.00015342214717173206
6350,61,5.0,2508.6692606922725,0.38828263122599527,0.08034527270140968,45,0.4108912963835399,0.19726775956284154,0.00014357185653501758
6351,21,6.0,1175.916705699487,0.3559094719195306,0.014709809714392301,18,0.3725964306274999,0.21904761904761907,7.634938725343139e-05
6352,73,6.0,11655.52152868088,0.39054451802796175,0.05729387727625252,42,0.413534306798574,0.0669710806697108,0.00019964710335448522
6353,66,6.0,2829.138518154973,0.3775564645207185,0.05722328797596322,44,0.3998037368503711,0.1655011655011655,0.00015034387343138453
6354,45,6.0,1231.15935672748,0.3485279632264419,0.015957215731474378,32,0.36658292772280054,0.18181818181818182,0.00012576763292094682
6355,66,6.0,9936.0019353876,0.3893983859134263,0.06522285606208862,45,0.41296121840165023,0.11048951048951049,0.00017592852121473004
6356,5,6.0,17.998774606663364,0.3245515695067265,0.006514449442972303,5,0.33411053540584573,0.5,3.44489584147676e-05
6357,17,6.0,51.99204241909802,0.32755605842419255,0.008893249439966699,17,0.3391008530904644,0.625,6.149287851527374e-05
6358,94,6.0,15987.171562785757,0.3837440501295415,0.08552239801944624,52,0.4083451091223221,0.1377259208419126,0.00023819509538504764
6359,20,6.0,297.74321919333744,0.3585341139383022,0.02220821633727059,19,0.3754200031401927,0.23157894736842108,6.472368841510191e-05
6360,1,8.0,0.0,0.20010682417996734,3.6522186055686414e-07,1,0.2024274947850361,0.0,4.834935050397103e-05
6361,30,6.0,832.7548524412741,0.3645260989010989,0.0417702597058118,27,0.38388287015228434,0.1908045977011494,8.214872969903218e-05
6362,246,6.0,20378.40896144606,0.42417582417582417,0.3600682237317471,56,0.4560344376407057,0.1300481168076987,0.0004441393890139621
6363,24,6.0,4926.645674972985,0.34425166207232044,0.018839856964305922,16,0.3592531532945801,0.17028985507246377,9.753193649565176e-05
6364,131,6.0,4658.640875511163,0.4095029897768919,0.1716555308044988,56,0.4356518553410166,0.2563711098062243,0.0002545359198158353
6365,29,6.0,361.1484861429775,0.34225374818636145,0.019458708571728378,27,0.35664677866747957,0.27586206896551724,8.238264648073427e-05
6366,150,6.0,13574.434999577586,0.4100830596870775,0.1596158776935759,55,0.43812738786836397,0.15185682326621924,0.0003034825680770221
6367,71,6.0,2238.9496795176306,0.38153717126939435,0.06993920025142251,51,0.4044695661276046,0.17142857142857143,0.0001566256232464321
6368,37,6.0,1270.2522926883987,0.35195623342175064,0.03349638110149909,32,0.3681556497618483,0.43093093093093093,0.00010545788649322647
6369,133,6.0,10365.044232446986,0.4247982391782832,0.17907657201866767,56,0.450269534725542,0.139211665527455,0.0002617703441230655
