node,degree,eccentricity,betweenness_centrality,closeness_centrality,eigenvector_centrality,coreness_centrality,harmonic_centrality,clustering_coefficient,pagerank
0,3,27.0,30684.96426767196,0.06608784064000857,1.0026854562504721e-16,2,0.07439876124643072,0.0,0.00021236801675986303
1,4,40.0,63484.209380122185,0.04575853572685674,1.980665531164516e-17,2,0.05657835618621173,0.0,0.0002951346096018549
2,1,43.0,0.0,0.039840958763801185,3.402344292769026e-19,1,0.046825004296758656,0.0,9.985259622641396e-05
3,1,40.0,0.0,0.039694337530433665,1.958292568711433e-18,1,0.04246431053926429,0.0,0.0001233759435835979
4,1,37.0,0.0,0.05220938712097993,0.0,1,0.05929524648879305,0.0,9.349222397621742e-05
5,2,39.0,2108.213600973801,0.047042690765729304,0.0,2,0.05332768583821757,0.0,0.00017665975217608362
6,1,35.0,0.0,0.055036263772992124,1.1710551085610678e-19,1,0.06241359041513858,0.0,0.00010811010556865513
7,1,35.0,0.0,0.055036263772992124,3.536323614913925e-19,1,0.06241359041513858,0.0,0.00010811010556865513
8,3,34.0,9877.0,0.05824098090073096,1.0783735827036458e-17,1,0.06769379368891305,0.0,0.00027441839466740576
9,6,33.0,42086.27577299889,0.061838893409275834,0.0,2,0.07411604000768078,0.0,0.00042545638673730575
10,2,34.0,12.766666666666664,0.05826983415508741,0.0,2,0.06787259880192867,0.0,0.00014771283938651712
11,2,35.0,1169.6616855366908,0.05619255619255619,0.0,2,0.06719032931923195,0.0,0.00014855221817147913
12,1,39.0,0.0,0.04580308382706091,0.0,1,0.051533858394998626,0.0,0.00010238085502025867
13,5,38.0,21949.86620598348,0.04800124375692326,3.2832317295354096e-17,2,0.05542001191904262,0.0,0.000423662517298301
14,5,39.0,15289.036510946591,0.046961746140390906,3.239337978224463e-17,2,0.0538561385537023,0.0,0.000434375362489902
15,1,39.0,0.0,0.04580308382706091,0.0,1,0.051533858394998626,0.0,0.00010238085502025867
16,1,40.0,0.0,0.044855671881668197,0.0,1,0.05019495281623212,0.0,0.00010420203870282869
17,1,40.0,0.0,0.044855671881668197,0.0,1,0.05019495281623212,0.0,0.00010420203870282869
18,2,37.0,1918.4164184007254,0.051809124278972205,1.5926465429454446e-17,2,0.05911211134086294,0.0,0.00017135360056761285
19,3,36.0,29072.56199157429,0.054130460985525035,3.990694657482259e-17,2,0.062346106044307,0.0,0.00024683908217525564
20,2,35.0,33687.24294395586,0.05714021329261804,0.0,2,0.0664266338950923,0.0,0.00016114182343828493
21,2,40.0,7974.062160714437,0.04653660282799356,1.4871846628177187e-17,2,0.05223182191229173,0.0,0.00017957958794836062
22,1,34.0,0.0,0.05679923654467479,0.0,1,0.06613384819973925,0.0,9.571169338148739e-05
23,1,36.0,0.0,0.052126750308645234,0.0,1,0.06105378189496574,0.0,8.966033722551595e-05
24,2,35.0,6562.253686972606,0.05442446677243081,0.0,2,0.0639325520859107,0.0,0.00016608033394203237
25,2,37.0,1610.2112623854273,0.05174779757602422,4.86143287699219e-19,2,0.05918032068299968,0.0,0.0001638482376746108
26,4,35.0,6422.52612140163,0.05812311746987952,0.0,2,0.06917396997356888,0.3333333333333333,0.00027029085332790786
27,2,41.0,1920.437839285054,0.04434311155793329,3.333190112592589e-17,2,0.048890102704391224,0.0,0.00019063760041203323
28,1,34.0,0.0,0.05854953598900122,0.0,1,0.0690369259277941,0.0,8.976365021766819e-05
29,3,38.0,14153.23507810948,0.04896276253060173,1.200929945897991e-17,2,0.05555999951387125,0.0,0.0002702658594252142
30,2,35.0,0.0,0.058523178258757746,0.0,2,0.06863505748567854,1.0,0.00014554597393925885
31,2,38.0,2084.4677489177557,0.05164932824507293,1.388820019018728e-17,2,0.05940012541067138,0.0,0.00016544379282506765
32,2,37.0,707.7686274509804,0.053094301498248106,0.0,2,0.0615558363826456,0.0,0.00015928804606005467
33,1,35.0,0.0,0.059224092456720855,0.0,1,0.06761134958413484,0.0,0.00010120420809648525
34,3,34.0,14201.730287670876,0.06295158844443312,8.749376872667257e-18,2,0.07385086937357113,0.0,0.00025004463888320653
35,5,33.0,283877.0067654663,0.06716336741353056,0.0,2,0.08139350888023107,0.1,0.00034333713075716614
36,6,34.0,214288.99907314626,0.06365651255089944,0.0,2,0.0769473594713757,0.0,0.00045461598148008797
37,1,35.0,0.0,0.059847594587063714,0.0,1,0.06973259526635453,0.0,9.47621577892451e-05
38,1,35.0,0.0,0.059847594587063714,0.0,1,0.06973259526635453,0.0,9.47621577892451e-05
39,1,35.0,0.0,0.059847594587063714,0.0,1,0.06973259526635453,0.0,9.47621577892451e-05
40,2,36.0,1868.869780219779,0.05687705805144265,3.210440932666783e-17,2,0.06569151180751918,0.0,0.00017873347682707255
41,5,35.0,80608.64326146252,0.05555368127481079,3.625837869691056e-18,2,0.06605541381494189,0.1,0.00035032419951469107
42,3,34.0,81316.43403704264,0.05867122734506758,0.0,2,0.07040707624531233,0.0,0.0002134598344661142
43,2,35.0,9154.812094990883,0.05595007531740908,0.0,2,0.06603494848773771,0.0,0.0001567293572745782
44,1,36.0,0.0,0.05740848343986055,0.0,1,0.06724795218725357,0.0,9.556787824735932e-05
45,1,36.0,0.0,0.05740848343986055,0.0,1,0.06724795218725357,0.0,9.556787824735932e-05
46,2,36.0,28632.918051168483,0.05841107682120771,0.0,2,0.07041102786853423,0.0,0.00015394551648600845
47,5,35.0,85867.79002264343,0.06090419301944249,1.729515878138064e-17,2,0.07391742026286295,0.0,0.00038358618333989724
48,3,35.0,7554.194921249873,0.05611723276155856,2.4042649514563844e-17,2,0.06473422629087114,0.0,0.00023310024713427322
49,1,33.0,0.0,0.05999514209375759,0.0,1,0.07124249773280689,0.0,8.942782773827507e-05
50,3,33.0,6078.3322683891765,0.0618543792650097,0.0,2,0.07381632510270271,0.0,0.00020146455594997098
51,3,39.0,19473.610633760483,0.048804101915610396,2.6436309474369878e-17,2,0.05570559849050163,0.0,0.00024471266084597176
52,3,38.0,400.6445304976752,0.0501222617924289,0.0,2,0.05721741115617666,0.0,0.00021240830453495468
53,2,36.0,2240.8386776793996,0.0517868562023671,2.76642963093868e-17,2,0.05980157447540552,0.0,0.00017158547365707288
54,2,39.0,6404.685746777094,0.04822429176672719,3.066801547445927e-17,2,0.05420018406072979,0.0,0.00018817909142729967
55,2,37.0,733.5278347383644,0.05221049071519917,0.0,2,0.059430199255324855,0.0,0.00016415867129656502
56,5,37.0,12719.495599393176,0.0532344795629169,0.0,2,0.061707941357619506,0.3,0.0003233323604312148
57,2,34.0,13800.120802615114,0.058961138164804736,0.0,2,0.07177483972339922,0.0,0.00014964017593529697
58,4,36.0,8645.580936085686,0.053555941023417174,7.273718273751687e-18,2,0.062355214886652154,0.16666666666666666,0.0002918321901969372
59,2,37.0,2513.9060636989407,0.05272088878453805,0.0,2,0.06077790448788292,0.0,0.00015932725549963543
60,2,37.0,4190.162691792935,0.05381439480593048,0.0,2,0.06226214812957044,0.0,0.00015754044236093156
61,3,34.0,4944.833333333332,0.05824098090073096,0.0,2,0.06769379368891305,0.0,0.00023937078436871988
62,2,37.0,4684.590968753261,0.053652496904663644,0.0,2,0.06174607187894397,0.0,0.00016013997072424025
63,1,34.0,0.0,0.06353534314229858,0.0,1,0.07368888754574804,0.0,9.557653771337915e-05
64,1,34.0,0.0,0.06353534314229858,0.0,1,0.07368888754574804,0.0,9.557653771337915e-05
65,1,34.0,0.0,0.06353534314229858,0.0,1,0.07368888754574804,0.0,9.557653771337915e-05
66,1,33.0,0.0,0.06687604916878756,0.0,1,0.07879436825477565,0.0,8.686767125395732e-05
67,1,32.0,0.0,0.06766567131468647,0.0,1,0.07885676419906831,0.0,9.290491934236464e-05
68,6,33.0,730346.1320099392,0.06784502767362971,0.0,2,0.08151306137962605,0.0,0.0004603645456504125
69,7,32.0,2246182.132117021,0.07166794817856055,0.0,2,0.08816740137649086,0.0,0.00046537189320069593
70,3,31.0,1803808.688983457,0.07257555056047718,0.0,2,0.0875598933661163,0.0,0.00022075303151573183
71,2,39.0,340.2349206349201,0.04735338662985756,0.0,2,0.053240745881242335,0.0,0.00016947962778976824
72,3,35.0,9779.693095960552,0.05610130032366135,0.0,2,0.06596358028243393,0.3333333333333333,0.0002165520489506563
73,3,36.0,5635.697785716031,0.053423309433431744,8.72018203047926e-18,2,0.06278888013867373,0.0,0.00022213064606785917
74,1,34.0,0.0,0.05854953598900122,0.0,1,0.0690369259277941,0.0,8.976365021766819e-05
75,2,34.0,10690.640664395643,0.05826777226029417,0.0,2,0.06791333292161014,0.0,0.0001566762852220663
76,4,37.0,18147.693034139804,0.05229117930370167,1.8064222698280252e-17,2,0.0606617945518508,0.16666666666666666,0.0002904574437721952
77,3,36.0,24259.345849521836,0.05515116330996293,0.0,2,0.06503517446230438,0.0,0.00021503361731613078
78,2,37.0,15948.447904062343,0.05321956842592892,3.3589841070546475e-17,2,0.060759151056602484,0.0,0.0001807781570225216
79,2,36.0,20831.281237396473,0.05617402576727579,0.0,2,0.06525646788499147,0.0,0.0001667641892538552
80,4,35.0,59204.69019586716,0.059488686311581024,0.0,2,0.07102925867485493,0.0,0.00028035409618683635
81,2,34.0,301.9158008658011,0.05794721407624633,0.0,2,0.0693618014998006,0.0,0.00015668564959850305
82,2,34.0,1335.8449413544681,0.05873959571938169,0.0,2,0.07020279054001459,0.0,0.00015635505129690228
83,3,37.0,36068.58452324336,0.050123787491375464,0.0,2,0.05797115262917806,0.0,0.00024823281312773884
84,2,35.0,0.0,0.054675653838917114,0.0,2,0.06487980537970504,1.0,0.00015245861778371425
85,2,33.0,9091.971326188437,0.06016392843659039,0.0,2,0.07219440143941937,0.0,0.00015893067342905378
86,3,38.0,5264.568253968248,0.04969918911849333,9.532155694253387e-18,2,0.05663397835302224,0.3333333333333333,0.0002310678845187095
87,2,37.0,4939.0,0.05221049071519917,0.0,1,0.059430199255324855,0.0,0.00018676589744633196
88,8,36.0,42842.13463799221,0.05508474576271186,5.0067977548158066e-17,2,0.0645601645798554,0.0,0.0005942023237330714
89,1,38.0,0.0,0.04962031419502592,1.4120107000695277e-17,1,0.05536325932533576,0.0,0.0001097337334942524
90,1,37.0,0.0,0.05220938712097993,0.0,1,0.05929524648879305,0.0,9.349222397621742e-05
91,3,36.0,9193.287656827406,0.05300599804714744,0.0,2,0.06340690466370168,0.0,0.0002109631781181052
92,3,35.0,25326.529892381066,0.05806709452946846,0.0,2,0.06934008146833003,0.0,0.00020856450682488553
93,1,35.0,0.0,0.05593233772262542,0.0,1,0.06558390099721663,0.0,8.689267558855891e-05
94,7,34.0,51885.96742185388,0.05924540068599938,2.4543300193570785e-17,2,0.07212792571681642,0.047619047619047616,0.0004655778112503818
95,3,33.0,147577.06695391264,0.06271741614402153,0.0,2,0.07670993413054285,0.0,0.00020896383870967427
96,2,39.0,50.37142857142854,0.04853462759006907,1.1090349634543005e-17,2,0.054449921440948616,0.0,0.00016014860485741132
97,2,35.0,4700.0346832754,0.05941570547129644,1.833229969261175e-17,2,0.06842311513527226,0.0,0.0001771659357479911
98,9,33.0,139579.5404445742,0.062189994209028876,2.77106876256134e-17,2,0.07654633407259012,0.0,0.0006289985979328044
99,2,33.0,6938.188156888675,0.06013829372808726,4.230675830985408e-17,2,0.07171431505179025,0.0,0.00016561836282566242
100,2,34.0,5475.951241186048,0.058878916818631485,0.0,2,0.0707556250199744,0.0,0.00016015145441844954
101,3,36.0,20699.348160173176,0.05563188360098201,0.0,2,0.06483104047172261,0.0,0.0002372646391000605
102,1,35.0,0.0,0.05850446481442005,0.0,1,0.0681935691494537,0.0,8.585635588497169e-05
103,3,37.0,25383.968573733277,0.0537219292045022,0.0,2,0.06241291515712371,0.0,0.00022592091012146374
104,3,37.0,4738.63500527271,0.05219228737453777,1.469031878299505e-17,2,0.06041056808952575,0.0,0.00023656262889779
105,3,34.0,153421.09861061545,0.06407678837797523,0.0,2,0.07711985076611916,0.0,0.00021094441014500972
106,2,36.0,856.1822871572841,0.055293762102506125,1.549426346868436e-17,2,0.06344150144101529,0.0,0.00016218733589877147
107,2,36.0,1562.8595238095236,0.05302477351766777,5.4854740954080174e-18,2,0.05999386569428384,0.0,0.00016627399369493554
108,4,30.0,2164351.965357969,0.07421651993629999,0.0,2,0.09074788355124137,0.16666666666666666,0.000258429076804058
109,2,38.0,11101.031237396783,0.05056967662022582,3.4969719344244704e-17,2,0.05708603962320316,0.0,0.00018716505767073412
110,2,38.0,0.0,0.049696189288157416,0.0,2,0.05644504447987799,1.0,0.00015754966782799954
111,4,38.0,5749.612882441284,0.050959356302867756,1.8187938432945936e-18,2,0.05819648408055797,0.0,0.0002825269731234664
112,3,34.0,28914.012287677113,0.05929660304885368,0.0,2,0.07072377182253806,0.3333333333333333,0.00021478232094854
113,3,33.0,401015.52367443085,0.06299333086800729,0.0,2,0.07715612592794917,0.0,0.00021411481923471455
114,1,34.0,0.0,0.058215586221525624,1.6682549932570198e-17,1,0.06699950990252415,0.0,0.00010461151839827218
115,2,33.0,4939.0,0.06181335869265998,0.0,1,0.07319402342776947,0.0,0.00017471362663229584
116,5,31.0,74330.97878428869,0.06985985603778655,0.0,2,0.08532845719608304,0.1,0.0003436062759289434
117,1,32.0,0.0,0.0652990006873579,0.0,1,0.07680406657473385,0.0,8.877129398750843e-05
118,1,32.0,0.0,0.0652990006873579,0.0,1,0.07680406657473385,0.0,8.877129398750843e-05
119,4,38.0,3093.336075583866,0.05060645795771185,0.0,2,0.05795429866959989,0.16666666666666666,0.00026683011986977976
120,2,40.0,2750.841949708266,0.04656818845976188,1.1764495150204298e-17,2,0.05257343037130875,0.0,0.00017477387566075148
121,1,37.0,0.0,0.05268546563713152,1.9049740883617146e-17,1,0.059584614422031994,0.0,0.00010744197457760655
122,2,36.0,4939.0,0.05561497326203209,0.0,1,0.06432062982973294,0.0,0.000181373523524819
123,5,35.0,35973.146536616834,0.058888041197787525,0.0,2,0.0702150105739086,0.1,0.0003511154003192782
124,4,37.0,38945.370842224875,0.05401858939311099,0.0,2,0.06357144679642526,0.0,0.0002796053170179582
125,3,34.0,2471.4533539241966,0.05865520475890811,0.0,2,0.07007512159402583,0.0,0.0002176219149985419
126,1,33.0,0.0,0.062423392344920836,0.0,1,0.07439622051622206,0.0,9.149760217723052e-05
127,1,33.0,0.0,0.062423392344920836,0.0,1,0.07439622051622206,0.0,9.149760217723052e-05
128,1,33.0,0.0,0.062423392344920836,0.0,1,0.07439622051622206,0.0,9.149760217723052e-05
129,8,32.0,571883.7798449467,0.06657861397881344,7.968000502041282e-17,2,0.08283078999354358,0.0,0.0005754294126836895
130,2,37.0,18668.00701173178,0.051384468160352824,0.0,2,0.05841634235429202,0.0,0.00017687129386634735
131,3,35.0,1483.5261214018763,0.05812243361217983,0.0,2,0.06907275539867014,0.6666666666666666,0.00019722224513756478
132,1,35.0,0.0,0.05441907091003228,0.0,1,0.06370168646030805,0.0,9.315650763777638e-05
133,1,34.0,0.0,0.05711312792646974,0.0,1,0.06754720573672691,0.0,9.023475279731957e-05
134,2,36.0,3112.1207736707706,0.052505712919168834,1.5968607302763932e-17,2,0.05999986298872456,0.0,0.00018004288967093685
135,2,34.0,17682.048551448508,0.058562029518107996,0.0,2,0.06935695677414061,0.0,0.0001655397361234904
136,2,38.0,1834.4914224062877,0.0512448132780083,2.5511093505294122e-17,2,0.058609607137794596,0.0,0.00016817804747816132
137,3,38.0,9557.265079365068,0.049516363454117175,1.4401952577187645e-17,2,0.05603824669688869,0.0,0.00024406913016585002
138,6,33.0,111583.64510402716,0.06370905339179778,0.0,2,0.07763549033617045,0.06666666666666667,0.00038738455589231547
139,5,34.0,13330.454934701922,0.06083743842364532,0.0,2,0.07272266923091669,0.2,0.0003111339012767109
140,7,34.0,78378.19518401462,0.06213914640435729,0.0,2,0.07522677246244087,0.09523809523809523,0.00045704341369157397
141,3,34.0,54051.575773368386,0.0633308975295822,0.0,2,0.07556215599859042,0.3333333333333333,0.0002068388695248311
142,2,34.0,0.0,0.06301502666020359,0.0,2,0.07412848930200076,1.0,0.00014732988567353503
143,4,34.0,22375.2320607304,0.060213795541253765,0.0,2,0.07203343211342612,0.0,0.0003088580904514332
144,2,38.0,4672.53732492996,0.05089530403247409,1.2137617213979559e-17,2,0.05738322682499242,0.0,0.00016194927991309538
145,3,38.0,16764.57117261691,0.0511254851228978,7.244397865494833e-18,2,0.058712295325741286,0.0,0.00023260677912772393
146,2,37.0,5164.063493354221,0.05368514855789085,0.0,2,0.061907645572906435,0.0,0.00016043369267507954
147,2,40.0,3864.1169430502364,0.04626941161043778,0.0,2,0.052317896528102974,0.0,0.000184178152559272
148,3,39.0,443.10156395891977,0.048798798798798795,0.0,2,0.05545053245163283,0.0,0.00021515976640504666
149,2,37.0,0.0,0.05321383559725529,0.0,2,0.06121126922633199,1.0,0.00014120884134139624
150,3,34.0,28020.6761868578,0.06000170045304928,0.0,2,0.0712957227057951,0.0,0.00021205288931680507
151,2,34.0,6589.390203879341,0.05893581484132665,0.0,2,0.06996002398566448,0.0,0.00016353610750771458
152,2,37.0,0.0,0.05321383559725529,0.0,2,0.06121126922633199,1.0,0.00014120884134126758
153,7,36.0,83131.85012962416,0.056725535677376385,0.0,2,0.06747330174657715,0.047619047619047616,0.0004825865504955402
154,7,36.0,33897.373089651104,0.056667622598221966,0.0,2,0.06700569636500427,0.047619047619047616,0.0004897375551273075
155,2,37.0,1990.825502440519,0.05395487013696236,0.0,2,0.06246837530202404,0.0,0.00015752377834897538
156,2,37.0,2325.8755024405186,0.05399851340125049,0.0,2,0.06277028605433985,0.0,0.00015646402393041574
157,4,35.0,153026.09159284676,0.05997547561523426,0.0,2,0.07157536506965093,0.16666666666666666,0.00027782253478374864
158,1,37.0,0.0,0.05368106492800869,0.0,1,0.06168497350812897,0.0,8.895802249687738e-05
159,1,37.0,0.0,0.05362919860173264,0.0,1,0.061365553274741046,0.0,8.98263587735865e-05
160,1,39.0,0.0,0.046677753420515534,0.0,1,0.05191799334544071,0.0,0.00010693355391669162
161,2,40.0,6833.937839285424,0.0463897679572538,3.646888916574429e-17,2,0.05161648809485623,0.0,0.00018586262303584537
162,2,37.0,4939.0,0.051520587376413164,1.5601366797130065e-17,1,0.0588205272751819,0.0,0.000197259337429862
163,4,36.0,15096.577770974756,0.05431734966518961,5.1054173765688723e-17,2,0.063506556185891,0.0,0.0003286432079347981
164,1,37.0,0.0,0.051519512754729574,0.0,1,0.0586855745086501,0.0,0.0001001949087657101
165,1,38.0,0.0,0.04899675669242137,1.6359460365955413e-17,1,0.054893076739322935,0.0,0.00011419344548723751
166,2,42.0,24.5,0.042587675437084034,3.2211008031269804e-17,2,0.04684100552936808,0.0,0.00019126531421709958
167,2,36.0,0.0,0.052637747871580945,0.0,2,0.060889967945423354,1.0,0.00015192768141374314
168,2,36.0,24221.098412698433,0.05492733802550674,0.0,2,0.06376793616845493,0.0,0.00015823623668307287
169,3,36.0,33268.642863296205,0.054949333155359784,0.0,2,0.06409436412646209,0.0,0.00022658684405630375
170,4,35.0,88003.96647236972,0.05811012692475091,2.2046868835589016e-18,2,0.06919223278815208,0.0,0.00028366621308230323
171,3,34.0,132352.13756019995,0.061597546073468165,0.0,2,0.07452628463523903,0.0,0.00021505336949497294
172,2,37.0,3559.751711023476,0.052264624043843036,0.0,2,0.05987367671803336,0.0,0.00015367457692778793
173,2,37.0,126.14166666666662,0.053823189732191495,0.0,2,0.06239975175401626,0.0,0.0001492424886399026
174,4,36.0,15206.435494318936,0.05495972586889769,2.5254425581187283e-17,2,0.06468903814779978,0.0,0.0002916810032101917
175,2,38.0,0.0,0.050569158955040536,0.0,2,0.05742648583915546,1.0,0.00014202612882509134
176,2,41.0,3042.0621607153184,0.044470450555880635,3.1597834200360333e-17,2,0.04932545827091828,0.0,0.00018796731049986986
177,3,34.0,42795.196325807054,0.058556476180316015,2.4274408631075582e-17,2,0.06823450483557698,0.0,0.00024460950868350863
178,3,35.0,35069.95987483049,0.055991929908078025,0.0,2,0.06475794856526892,0.0,0.00023346469875688334
179,3,33.0,128624.41409666053,0.062164168774459835,0.0,2,0.07386776612267212,0.0,0.00022372353151968463
180,1,35.0,0.0,0.05531791001321359,2.5706128112817765e-20,1,0.06288542711762793,0.0,9.966425453989689e-05
181,2,35.0,2261.318382271402,0.05685218432076601,0.0,2,0.06689360842446965,0.0,0.0001509201654845848
182,1,36.0,0.0,0.05747795127172876,0.0,1,0.06731413624124542,0.0,8.87358653182259e-05
183,1,36.0,0.0,0.05747795127172876,0.0,1,0.06731413624124542,0.0,8.87358653182259e-05
184,7,35.0,157781.61284982035,0.06098238423839915,2.663028721229631e-17,2,0.07427822705632327,0.0,0.0004807570207888457
185,2,38.0,243.1277777777777,0.04972169939508621,0.0,2,0.056775722573713806,0.0,0.0001570474878725918
186,2,35.0,4326.146030441058,0.058508622323289745,0.0,2,0.06840611975674099,0.0,0.0001547859736419496
187,4,37.0,18941.270641073905,0.05212400025323401,3.5421374244917074e-17,2,0.060082999146454465,0.0,0.0003057273129014874
188,2,33.0,4912.890476190476,0.06181490565093348,0.0,2,0.07324463071521886,0.0,0.00015361555823156846
189,2,37.0,1021.1270889198521,0.05311599501096727,0.0,2,0.061716231543040755,0.0,0.0001588376504321668
190,2,38.0,1529.5281052281152,0.05111754966887417,1.1445336990516229e-17,2,0.05848924269765156,0.0,0.00016719443185505395
191,3,35.0,19205.638710079267,0.05675877520537715,0.0,2,0.06657771564653239,0.0,0.00022120275231171557
192,3,37.0,20010.92305113821,0.05361581123761355,6.439407986390474e-18,2,0.06156318627601776,0.0,0.00022421610271454543
193,2,36.0,24876.123051138064,0.056615666723969976,0.0,2,0.06584249553075062,0.0,0.00015292341149008654
194,3,38.0,25299.44396709625,0.051279921938256486,0.0,2,0.05931986909805701,0.0,0.00022501486493840627
195,2,37.0,3889.1058289215134,0.05226296523560653,0.0,2,0.05980620033476746,0.0,0.00016098878748452392
196,2,39.0,11765.937839284225,0.048642634185728215,1.5687983565404165e-17,2,0.05483139903607186,0.0,0.00017525509595578653
197,1,36.0,0.0,0.05401977079870528,0.0,1,0.06142008031564951,0.0,9.488458759346836e-05
198,6,36.0,47195.62226755105,0.05619767018565708,0.0,2,0.06649363714847673,0.13333333333333333,0.00039447609168364564
199,4,34.0,95295.7585484072,0.06052512282679278,0.0,2,0.07191537576482776,0.0,0.0002863334419250354
200,2,36.0,32477.49133977357,0.05751207870073927,0.0,2,0.06810963460253266,0.0,0.0001446199783066137
201,3,35.0,24437.547594442465,0.05710388514489822,0.0,2,0.06664579339056753,0.0,0.00022774009593148052
202,2,35.0,2141.6684302777453,0.057614704578852836,1.9942418641168556e-18,2,0.0672134841219474,0.0,0.0001719522989520066
203,1,36.0,0.0,0.05493100265759304,0.0,1,0.0634129269392467,0.0,8.779503341176386e-05
204,2,38.0,260.1270701802141,0.050118193715949555,0.0,2,0.05694750562311322,0.0,0.00015881544354924137
205,7,32.0,279234.0648054812,0.06588335711713635,0.0,2,0.08133082474524927,0.0,0.0004565285439992834
206,2,32.0,130941.54126948807,0.0657439446366782,0.0,2,0.07888398528003941,0.0,0.0001487374601666408
207,5,31.0,809072.4507831939,0.0701395692237793,0.0,2,0.0867692484673405,0.1,0.00032347587739101156
208,2,34.0,54.5095238095238,0.058410386170690755,0.0,2,0.06859539096702846,0.0,0.00015229075778349616
209,1,35.0,0.0,0.055036263772992124,1.752413196645611e-18,1,0.06241359041513858,0.0,9.817994931734854e-05
210,4,37.0,14814.0,0.05270401468030854,8.13315454754628e-17,1,0.0602586552934417,0.0,0.00038198458327035224
211,1,38.0,0.0,0.05006587615283267,0.0,1,0.05603087254077471,0.0,0.00011152995102448836
212,1,38.0,0.0,0.05006587615283267,0.0,1,0.05603087254077471,0.0,0.00011152995102448836
213,1,38.0,0.0,0.05006587615283267,0.0,1,0.05603087254077471,0.0,0.00011152995102448836
214,2,36.0,4957.62950917295,0.05313942105999161,1.2860726507239806e-17,2,0.06130138905351028,0.0,0.00015922839182743606
215,3,35.0,9621.12395361751,0.056017962034790106,1.2211545508018274e-17,2,0.06554697596906849,0.3333333333333333,0.00022024169841092453
216,2,39.0,2540.4198412698443,0.047370187467037445,2.7306392173311982e-17,2,0.053442259511248175,0.0,0.00018199616672440405
217,1,37.0,0.0,0.05002987614061028,0.0,1,0.05684427645898802,0.0,9.979528294802454e-05
218,3,36.0,45190.37896769127,0.05266412230016418,0.0,2,0.06138134060784882,0.0,0.0002450719618888849
219,1,40.0,0.0,0.04510756419153366,0.0,1,0.04974422847880585,0.0,0.00010401039384279433
220,1,39.0,0.0,0.0455786832004724,0.0,1,0.05086654030686249,0.0,0.00010677312931865358
221,3,38.0,8312.264102564095,0.04775484557010972,3.802853349187951e-17,2,0.05438330834936812,0.0,0.00026969965496161444
222,2,37.0,524.2123321123322,0.05105995927606487,1.5184828877438058e-17,2,0.05834665740670296,0.0,0.00017390253337742817
223,2,38.0,30.83333333333333,0.04952281658513113,1.514500809782336e-17,2,0.055862418813571076,0.0,0.00017049363999853854
224,3,39.0,4953.833333333334,0.04723792038402325,3.909642026900421e-17,2,0.05298363153607143,0.0,0.00025994882387024506
225,2,39.0,650.1006105006132,0.04650637344429591,1.3662106456096045e-17,2,0.052488444083685845,0.0,0.00018412150017653987
226,2,38.0,47.166666666666664,0.04953274776400754,9.206498220578489e-18,2,0.05592200834684476,0.0,0.00016899516199353799
227,2,37.0,4954.166666666667,0.05209376878381086,1.2666191856583368e-17,2,0.05952697116633706,0.0,0.00016701762989488364
228,2,38.0,7171.184310134295,0.04958893383792248,0.0,2,0.056272799593384715,0.0,0.00017267365192899612
229,3,37.0,19349.765079365097,0.05208662828704582,2.6420948024624773e-17,2,0.05966613025286465,0.0,0.0002385844917306241
230,2,38.0,72.16666666666669,0.049547652002968845,0.0,2,0.05605436137393453,0.0,0.00016714822491837802
231,2,37.0,615.5849907071253,0.050894255336685075,1.594278032926887e-17,2,0.05900818830216965,0.0,0.00016621906976972488
232,2,36.0,17659.560539784285,0.054575383629594444,0.0,2,0.06382281396659976,0.0,0.00014932947086319923
233,1,36.0,0.0,0.05374413873385772,1.7986967210133006e-17,1,0.06097477347364405,0.0,0.00011139603895462257
234,2,35.0,4939.0,0.05679597139506542,1.750990218883245e-17,1,0.0659253807457158,0.0,0.00019067720441192973
235,1,33.0,0.0,0.062423392344920836,0.0,1,0.07439622051622206,0.0,9.149760217723052e-05
236,3,35.0,12816.715218115221,0.055343939054447684,5.79399603193783e-17,2,0.06414419112347353,0.0,0.00026744500907987487
237,1,36.0,0.0,0.05244217029904776,3.3281353931336438e-18,1,0.059383425332812836,0.0,0.00010613431298551303
238,3,34.0,105874.53434248711,0.050999339279814995,6.257366567769409e-05,2,0.06143566818825964,0.0,0.00023230126554470607
239,3,36.0,41464.56263736262,0.04919485744445662,9.32420114340178e-06,2,0.05962344527299054,0.0,0.0002249670988335728
240,4,35.0,61136.62930402936,0.051723415839510824,6.719126407487388e-05,2,0.0644279771634911,0.16666666666666666,0.00027851228023014716
241,2,36.0,73678.27301586985,0.048763153218960374,5.1866018803794094e-08,2,0.057879466678821614,0.0,0.0001574689135478251
242,6,35.0,90867.09141415001,0.05124109245179292,3.8076623643421825e-07,2,0.06233302135592486,0.06666666666666667,0.00041638170665927364
243,2,38.0,0.0,0.044639629870599294,4.9049717821141756e-08,2,0.05216792173496066,1.0,0.0001491231266871987
244,2,38.0,57.333333333333336,0.044665057277963126,6.466717970405448e-08,2,0.052431736867196585,0.0,0.00016378889022245968
245,1,39.0,0.0,0.04277426617023119,4.7768619331074435e-09,1,0.04930077374928011,0.0,9.901309624296281e-05
246,5,37.0,20537.77785191429,0.046756836057660456,2.4413063327122484e-07,2,0.05673686291838337,0.1,0.0003337101024476349
247,3,38.0,5254.2265873015895,0.04468525838753155,3.574550305058295e-08,2,0.05289730200381392,0.0,0.00024231130292951884
248,1,38.0,0.0,0.0445277712678697,9.037764813281479e-09,1,0.051064876718930355,0.0,9.75933695890112e-05
249,6,36.0,20136.790803100175,0.04887895038885481,4.97041429343015e-07,3,0.05922744871253139,0.4,0.00031685466413685704
250,2,37.0,4939.0,0.04660245464750998,6.763005785003633e-08,1,0.054693814873310084,0.0,0.0001582003353163092
251,5,36.0,22267.860760043965,0.04664425727990331,0.00012533821508577063,2,0.05584710587871066,0.3,0.00032051006081447144
252,6,35.0,109853.86697206616,0.04891185964078497,0.00044325442848208995,2,0.05990734194379879,0.06666666666666667,0.000401513782256071
253,3,36.0,457765.2467721981,0.049577487404909575,0.002890534710785411,2,0.06149642126223515,0.0,0.00019641884636419562
254,3,35.0,24290.072929728376,0.051270342079043504,7.353122094266066e-07,2,0.06234664808007791,0.0,0.00019962337231114807
255,3,34.0,108907.87594359278,0.053987300962809966,3.1545745173347555e-06,2,0.06673443444741105,0.0,0.00018836732631714412
256,1,40.0,0.0,0.04104149012179519,1.2669647089815494e-09,1,0.046784641519144986,0.0,0.00010381250947836529
257,6,38.0,10565.2775017209,0.04470992850031677,6.967806270062568e-08,2,0.05376469484489016,0.13333333333333333,0.00038283349770329997
258,3,35.0,46014.0450753651,0.05138927898969094,3.0856829545508913e-06,2,0.0631912741018299,0.0,0.0001886942798282608
259,2,39.0,4939.0,0.0427976123437324,9.480761816956547e-09,1,0.04988805196813706,0.0,0.00017283360564418048
260,5,39.0,21374.971428572757,0.042616332234855676,4.890732472953176e-10,2,0.04936408677272778,0.1,0.00037830534004522413
261,4,39.0,10074.893650793922,0.04270031982020918,2.385764612507714e-09,2,0.04972592874233803,0.0,0.0002907000668216821
262,3,38.0,14906.560317463063,0.04458443515852745,1.655372252780104e-08,2,0.05207643657158346,0.0,0.00021910658408466415
263,2,40.0,3841.440785698343,0.039500407797732326,0.006347306167568846,2,0.046123802724818995,0.0,0.00014562903583684655
264,2,40.0,0.0,0.04087475280703642,7.463284487681966e-11,2,0.04623296960659926,1.0,0.0001651017734340052
265,1,42.0,0.0,0.03789622265181503,1.2259689246911173e-11,1,0.042103844363346056,0.0,0.00010759822287897735
266,2,41.0,2.5,0.039351261789446854,5.486999921196371e-11,2,0.044408301859127454,0.0,0.00016729879126230624
267,2,40.0,3360.9809523814642,0.04095336787564767,3.261549999686878e-10,2,0.046672225091855646,0.0,0.0001632339775656849
268,1,38.0,0.0,0.04464084004301425,2.8958791808274613e-08,1,0.05179802847033066,0.0,0.00010374293893714751
269,3,37.0,59147.0,0.04672631997124534,2.167001255343418e-07,2,0.05573748948479928,0.0,0.0002590048653797005
270,1,38.0,0.0,0.04463761306237519,3.189013436228865e-08,1,0.05193571242380411,0.0,0.00010486580267540827
271,1,38.0,0.0,0.04463761306237519,3.1890134360669236e-08,1,0.05193571242380411,0.0,0.00010486580267540827
272,2,38.0,4939.0,0.04463841976379589,3.246999658889725e-08,1,0.052070665190335784,0.0,0.00020457189149593213
273,1,38.0,0.0,0.04463761306237519,3.1890134360320873e-08,1,0.05193571242380411,0.0,0.00010486580267540827
274,7,37.0,34548.0,0.046722784450959995,2.3863551287490705e-07,2,0.056195605929757995,0.0,0.0006135917990245498
275,1,38.0,0.0,0.04463761306237519,3.189013436142919e-08,1,0.05193571242380411,0.0,0.00010486580267540827
276,2,38.0,4939.0,0.04444844340471477,1.0000583817778516e-09,1,0.05104605738896547,0.0,0.00019457690508346373
277,2,37.0,1287.3886537797791,0.04668172325486898,1.9703205285434008e-07,2,0.055034442531751764,0.0,0.0001587804359174277
278,3,37.0,4893.571428571429,0.04672852994315011,2.5942440422203276e-07,2,0.05583235806651003,0.3333333333333333,0.00021056752120070094
279,5,36.0,24.20137629828033,0.04875978403561241,2.825056453193781e-07,4,0.05819773028655867,0.7,0.00023945824901200127
280,6,36.0,10379.168369875631,0.04887846675967428,5.223714172263995e-07,3,0.05919371052089849,0.4666666666666667,0.0002936191252952625
281,2,40.0,0.0,0.04087475280703642,7.463284381270818e-11,2,0.04623296960659926,1.0,0.00016510177343392407
282,5,35.0,19015.526257469337,0.05123099578951735,4.858153565273895e-07,4,0.06219421279606356,0.6,0.00024557543800081665
283,1,35.0,0.0,0.05121665474376121,3.002863450055545e-07,1,0.061376543623130525,0.0,7.9111380946764e-05
284,8,34.0,179378.23578983685,0.05398081167908735,2.247058133451081e-06,2,0.06749853146150818,0.03571428571428571,0.0004588532128674711
285,5,33.0,937351.7688012539,0.056993862199455445,1.2071617956346967e-05,2,0.07225152252947985,0.1,0.000287522078620982
286,1,39.0,0.0,0.042557223959544796,1.336431422579907e-10,1,0.047970813210932384,0.0,0.00011305341174004492
287,2,38.0,25227.725396828693,0.044462045254081685,1.0475563346272546e-09,2,0.05143926067690573,0.0,0.00016279341291211365
288,1,36.0,0.0,0.046558532746482195,1.1049985784686982e-06,1,0.0546376467593316,0.0,9.910392069026988e-05
289,2,36.0,0.0,0.04663589075495388,7.598406299517311e-05,2,0.055417827554695126,1.0,0.00014172605657092978
290,3,35.0,9709.729394223885,0.048831600173974934,8.268761080981013e-06,2,0.059028948519859355,0.0,0.0002426318598024139
291,1,38.0,0.0,0.04463357999259119,2.956014193882806e-08,1,0.05170629272070017,0.0,0.00010347483858378116
292,3,37.0,9869.0,0.046718365802912803,2.2120005942997007e-07,2,0.05560518757618147,0.0,0.00025805862883847346
293,1,37.0,0.0,0.04672411020836683,2.1442556746294917e-07,1,0.05541737830942469,0.0,8.676505521991391e-05
294,1,43.0,0.0,0.036513345110242214,1.641914551497166e-12,1,0.04014322432273972,0.0,0.00011855362540524368
295,5,36.0,23.225108225108222,0.048750160362369614,2.6198779471500753e-07,4,0.058050005204623174,0.6,0.0002477362948817746
296,3,35.0,4885.790643051515,0.0512214342001576,3.483174372760969e-07,2,0.06178140192272601,0.0,0.00018099302265139048
297,3,41.0,9876.0,0.039388599631628884,9.029792286868464e-11,2,0.044525800993513415,0.3333333333333333,0.0002696109727832569
298,6,36.0,59561.83340479134,0.049013771480731834,1.604557527841574e-06,2,0.06042140882349535,0.06666666666666667,0.00039816584569634484
299,5,35.0,200166.44852756645,0.05150017722733054,1.0798912868206864e-05,2,0.06462853904111919,0.0,0.0003092375904930335
300,2,42.0,4939.0,0.03789680408733142,1.2286437400321653e-11,1,0.04222192803406134,0.0,0.0002075185842958954
301,1,37.0,0.0,0.04648405521628259,2.9996242220123915e-08,1,0.0537464190624045,0.0,7.418434338764931e-05
302,5,36.0,4939.0,0.0487496792784258,2.244634202412718e-07,4,0.058016267012990265,0.6,0.0002578006841651125
303,2,35.0,4939.0,0.05142619196335624,9.71517745551746e-06,1,0.06273156905204365,0.0,0.00016925390079207696
304,1,36.0,0.0,0.048856230158337705,2.861888220806433e-07,1,0.058066372946193344,0.0,7.546125539685906e-05
305,6,35.0,50176.74394918926,0.05136523384698567,2.1415656454306694e-06,3,0.0634657656921111,0.2,0.0003183743175337511
306,4,34.0,77065.90323389832,0.05409193438889254,1.1853419591143278e-05,2,0.06766842342289821,0.16666666666666666,0.00022975159708051748
307,1,36.0,0.0,0.04891137536015208,1.2982909014975118e-06,1,0.05785362572939772,0.0,0.00010229113491621592
308,4,41.0,9877.0,0.039388599631628884,9.174002357591779e-11,2,0.04459327737677924,0.16666666666666666,0.00036348233317402915
309,3,39.0,14813.0,0.04291174426685198,3.550954181754642e-08,1,0.0497555347713713,0.0,0.00027874891491702424
310,3,37.0,7017.610597958718,0.046657473696140844,7.03431384246907e-08,2,0.05546962307320799,0.3333333333333333,0.00020178694524572799
311,4,36.0,41229.53455178121,0.048907985664217966,4.379914743197101e-07,2,0.05899052919929626,0.0,0.00026796916698935253
312,3,37.0,0.0,0.04660553228423714,2.1899877876898315e-07,3,0.054940103672230664,1.0,0.0001566568821997378
313,8,36.0,2522.353762306537,0.048871213470251876,6.193662563249077e-07,4,0.05923998004085218,0.42857142857142855,0.00037472817208599526
314,3,36.0,15989.152939493932,0.04893123873293845,1.3752863809836531e-06,2,0.05854252747093053,0.0,0.0002414872428504217
315,3,35.0,53981.01705114978,0.05144225762782464,9.907177865934561e-06,2,0.06323547304278998,0.0,0.00021442516399820702
316,7,34.0,585832.8790199579,0.05421243813307288,7.140088066713072e-05,2,0.06910810778262304,0.09523809523809523,0.0004278087802774934
317,2,32.0,205961.90910469764,0.056265518576732954,2.2665220097100973e-06,2,0.06876123951217787,0.0,0.00015092225697972586
318,3,33.0,201966.6300337689,0.05361581123761355,1.662547143830411e-05,2,0.06556451192967531,0.0,0.0002234524876793939
319,4,37.0,20283.05980895704,0.04462108210640412,0.00032922496886735525,2,0.05274927538716632,0.16666666666666666,0.0002628031111386475
320,2,38.0,15528.893142290464,0.04278463910204223,0.002170909304488567,2,0.05023606257684484,0.0,0.00014167539146526525
321,3,39.0,10797.716219213506,0.04109338346615203,0.015915800786892836,2,0.04850199727833573,0.0,0.00019578177624244095
322,2,36.0,12479.126262027425,0.04664249565677166,0.00010323053570019507,2,0.05550972396238109,0.0,0.00014308500734943428
323,1,42.0,0.0,0.03789622265181503,1.2259685974073605e-11,1,0.042103844363346056,0.0,0.00010759822287897735
324,1,39.0,0.0,0.04273282469161433,8.36124616282394e-09,1,0.048842460133071926,0.0,0.00010641481154396284
325,3,38.0,4946.0,0.044640033254113844,6.256763418537126e-08,2,0.05225622524431671,0.0,0.0002684350039920108
326,2,37.0,4939.0,0.04664998347419614,1.871286617289263e-07,1,0.05445069148747396,0.0,0.00019504360950532273
327,3,36.0,9877.0,0.04918212319424947,9.31171096724066e-06,1,0.059257626880856375,0.0,0.0002723171819880988
328,1,37.0,0.0,0.04687707578144275,1.2443735259860195e-06,1,0.05491359782010988,0.0,0.00010751476197622536
329,2,36.0,19147.068232877136,0.04878385985009332,1.0074635535943843e-07,2,0.057854241117158825,0.0,0.00015797940919494988
330,3,37.0,14526.276566210296,0.046547565204281625,1.8577938877214365e-08,2,0.05463507550268094,0.0,0.0002508043292728084
331,2,41.0,4939.0,0.03938702938878347,7.778547293328637e-11,1,0.04430650274789945,0.0,0.00020349130595005675
332,3,38.0,29.900000000000002,0.04482962021870321,2.408507569431758e-07,2,0.052784602882505784,0.3333333333333333,0.00022129844759667224
333,2,37.0,2733.2619963370003,0.04689799212037784,1.278228824048376e-06,2,0.055545224964895425,0.0,0.00015680013190151233
334,4,39.0,10007.023809523816,0.04261596459596787,4.838485932983222e-10,2,0.04924600310201257,0.16666666666666666,0.0003038837300941234
335,4,37.0,7443.8097165991885,0.04672897196261682,2.6242209054315866e-07,2,0.05591670354559242,0.16666666666666666,0.00029515255439271703
336,4,34.0,98296.23861640104,0.0513193434448369,5.956906845168158e-05,2,0.06356804916694468,0.0,0.00029709933872517627
337,4,35.0,433434.85303702264,0.052046567981878525,0.0004127588851451053,2,0.06564091559189261,0.16666666666666666,0.00026027591161115925
338,2,35.0,4939.0,0.04881567635404212,8.105279171106045e-06,1,0.05847443724166432,0.0,0.00018676529092184662
339,1,36.0,0.0,0.046544056681992914,1.0831516202448653e-06,1,0.05433528829907824,0.0,0.00010973347572136001
340,4,40.0,39468.0,0.04100095447566087,5.716777167148631e-10,2,0.046959103247250444,0.16666666666666666,0.00034737577213407405
341,2,39.0,44379.0,0.04274761599833855,4.01807020974583e-09,2,0.04925157587113488,0.0,0.00018095051436318343
342,4,38.0,561.197619047619,0.0446719236055849,9.91145841122267e-08,2,0.05288897699548891,0.16666666666666666,0.00028235681582845616
343,2,37.0,2952.0869781547162,0.04674179416579144,2.276707771546104e-07,2,0.05597646834219937,0.0,0.00014676587858336468
344,2,37.0,9891.363492063481,0.04664513814137065,6.074329531016017e-08,2,0.05501400413074658,0.0,0.00014938187388882233
345,2,37.0,9891.363492063481,0.04664513814137065,6.074329530893008e-08,2,0.05501400413074658,0.0,0.00014938187388872923
346,2,38.0,49300.0,0.044648909536247866,2.949574794033083e-08,2,0.052143603947485,0.0,0.00018064690754150046
347,1,39.0,0.0,0.04256932595694811,1.4507897883001427e-10,1,0.04825452073148194,0.0,0.00010177345847562
348,1,39.0,0.0,0.04256932595694811,1.4507897495887112e-10,1,0.04825452073148194,0.0,0.00010177345847562
349,1,41.0,0.0,0.0392718022100326,1.128415448417857e-11,1,0.04384148468397796,0.0,9.792435079687272e-05
350,4,40.0,6515.519047619982,0.04087678215323001,8.444004510313388e-11,2,0.046577099161255124,0.16666666666666666,0.0003179582292578843
351,4,37.0,68835.27301586595,0.04651469355856237,7.3498449905576935e-09,2,0.054690124479794745,0.0,0.0003205801318815842
352,4,38.0,24078.690476190393,0.044461645080867994,1.0856335739049403e-09,2,0.05161469927339698,0.0,0.00033607167715787623
353,6,38.0,29672.766666666666,0.044832875021554267,2.561427808608696e-07,2,0.05322319937373346,0.06666666666666667,0.00046260768151674
354,3,37.0,28973.033974358947,0.046902444813671965,1.3039828575751888e-06,2,0.05587585924289839,0.0,0.00024277043345969794
355,5,37.0,23769.84268308399,0.04669187145557656,2.679269723524041e-07,2,0.055722701641064055,0.2,0.0003456710367296955
356,2,36.0,28233.930778322214,0.04894141890486145,1.3597534469501183e-06,2,0.05870061499743899,0.0,0.0001498760997897171
357,2,38.0,4939.000000000001,0.044478458560302525,2.5278116117236253e-09,1,0.05109974695176436,0.0,0.0001991764332282161
358,1,40.0,0.0,0.0411464363354684,4.745329177659541e-09,1,0.046667694621823366,0.0,0.0001093370863060886
359,1,38.0,0.0,0.04463559643638072,2.9598318231895992e-08,1,0.05174485065399495,0.0,0.00010106897241400116
360,4,37.0,12988.468674606238,0.04664998347419614,1.4945437283178845e-07,2,0.0557256535923966,0.3333333333333333,0.00022758229916698466
361,3,37.0,7423.5236167341445,0.04672057502246182,2.2148573459177884e-07,2,0.055665916321120786,0.0,0.00024956733647443877
362,5,36.0,130362.19028340079,0.04900453341533822,1.5631236224231993e-06,2,0.06019247109455766,0.0,0.00037464826175537025
363,1,36.0,0.0,0.048743907011623545,5.088381989990719e-08,1,0.05730061570523389,0.0,8.934563552298849e-05
364,1,36.0,0.0,0.048743907011623545,5.088381989613616e-08,1,0.05730061570523389,0.0,8.934563552298849e-05
365,2,36.0,18.16666666666667,0.04874823608356277,9.74313340086542e-08,2,0.05755702596164415,0.0,0.00014062699194077039
366,2,35.0,0.0,0.051228870683397286,3.5117016490010263e-07,2,0.0617334454931906,1.0,0.00013809878939006166
367,2,37.0,0.0,0.04456633527596846,2.5319551110538233e-05,2,0.05193369926288648,1.0,0.0001417799416423088
368,2,38.0,0.0,0.044600536289849314,1.87117787471895e-08,2,0.052196995836879444,1.0,0.00014176594040709093
369,2,40.0,0.0,0.04087576745494564,7.664158499279522e-11,2,0.046340931819824634,1.0,0.0001622362586044586
370,3,37.0,14.332462827028037,0.044583228042308944,6.412928549794863e-05,2,0.05225497436654996,0.6666666666666666,0.0002009470737329332
371,2,38.0,0.0,0.044669903878324244,4.255445190408163e-08,2,0.05251156931545001,1.0,0.00014817149266813649
372,1,39.0,0.0,0.042731346123903606,4.339138581250247e-09,1,0.04876486229231622,0.0,0.00011730128096532217
373,1,38.0,0.0,0.044643260584700195,3.50688614712308e-08,1,0.0518760279562249,0.0,9.307814488803539e-05
374,1,39.0,0.0,0.04290950784358008,3.4229723845940444e-08,1,0.049435021950858596,0.0,9.589431529448136e-05
375,1,39.0,0.0,0.04276278771825036,9.929975287220924e-09,1,0.049198938450076425,0.0,9.144077525202548e-05
376,1,36.0,0.0,0.046631488526199534,5.923444982570026e-05,1,0.0551664780270296,0.0,8.723934623255147e-05
377,1,39.0,0.0,0.042584738457294574,3.378049395000972e-10,1,0.048044911683310196,0.0,0.00011500821120156558
378,4,38.0,4953.093073593073,0.04467273154762981,7.430651488648618e-08,2,0.052798343944329626,0.16666666666666666,0.000287447285517326
379,1,37.0,0.0,0.04687707578144275,1.2443735259873282e-06,1,0.05491359782010988,0.0,0.00010751476197622536
380,1,42.0,0.0,0.03789476914107747,1.0394899539810933e-11,1,0.041992508330957364,0.0,0.00011684203210827833
381,2,38.0,0.0,0.04460295246264277,2.92838343042664e-08,2,0.05232495997800136,1.0,0.00013295421116046524
382,1,40.0,0.0,0.04087475280703642,6.535742535246176e-11,1,0.04617224086166,0.0,9.467013488727667e-05
383,6,27.0,60127.03110021792,0.06944053978071409,7.32981136477552e-17,2,0.07804441526362534,0.06666666666666667,0.00037756461138612255
384,4,26.0,588264.326832485,0.07455140878016389,4.185277398047836e-16,2,0.08472501889666044,0.3333333333333333,0.00023761460036445577
385,1,29.0,0.0,0.05984324461834789,0.0,1,0.06529140621756065,0.0,9.315905488725878e-05
386,6,28.0,15939.311445538102,0.06365159128978225,1.2442538476683796e-16,2,0.07110099400914652,0.0,0.00044329996099537917
387,1,29.0,0.0,0.05984324461834789,0.0,1,0.06529140621756065,0.0,9.315905488725878e-05
388,1,31.0,0.0,0.05457478070659979,0.0,1,0.059346861004296654,0.0,9.255383327585312e-05
389,2,28.0,4555.130064869692,0.06293715203016906,0.0,2,0.07035476953215797,0.0,0.00015466185330455852
390,1,29.0,0.0,0.06118480536048254,3.710085428691181e-16,1,0.06750680022631377,0.0,9.14945438795981e-05
391,5,28.0,51146.36029585798,0.06517150395778364,3.025044990364293e-15,2,0.07370227030557297,0.0,0.0003596253929413137
392,5,27.0,802183.3799973298,0.06967461671908717,2.071229060311309e-14,2,0.08000140641872765,0.1,0.00033130776840772187
393,5,27.0,1605949.2991486627,0.07477031588188106,1.7309208721448315e-16,2,0.08640575382951961,0.1,0.0002937372974879349
394,3,29.0,15851.810302495429,0.06119693272053814,3.922944682378044e-16,2,0.06803311601578756,0.0,0.00022572055292216536
395,5,26.0,452697.0405322533,0.07071285427998855,1.2368491294634485e-15,2,0.08115600708944706,0.0,0.0003165518877532413
396,8,27.0,1261813.4652704657,0.07328398285095462,1.5990928964301004e-16,2,0.08459157849255601,0.03571428571428571,0.0005575900382575654
397,1,28.0,0.0,0.06828108586277437,0.0,1,0.07625227944756328,0.0,8.96021686444469e-05
398,1,28.0,0.0,0.06828108586277437,0.0,1,0.07625227944756328,0.0,8.96021686444469e-05
399,1,28.0,0.0,0.06828108586277437,0.0,1,0.07625227944756328,0.0,8.96021686444469e-05
400,1,28.0,0.0,0.06828108586277437,0.0,1,0.07625227944756328,0.0,8.96021686444469e-05
401,1,29.0,0.0,0.06336745427024808,1.6854473359015727e-14,1,0.07168561292067348,0.0,9.169114363229463e-05
402,7,28.0,750536.6897416152,0.06765362439912899,1.2656988032551e-13,2,0.07903464218720466,0.047619047619047616,0.0005050946069047067
403,1,29.0,0.0,0.06336745427024808,1.6849707936551697e-14,1,0.07168561292067348,0.0,9.169114363229463e-05
404,1,30.0,0.0,0.05767120409068622,3.408100623641873e-17,1,0.06292852806897324,0.0,9.234015063897022e-05
405,5,29.0,16107.375698871378,0.06119996531176055,5.091874580166851e-16,2,0.0681940077556267,0.1,0.00036459955034945265
406,2,28.0,20286.057237595534,0.06515087571217557,2.7794218489314486e-15,2,0.07308486139869026,0.0,0.0001486624712681711
407,1,30.0,0.0,0.056526913218601246,0.0,1,0.06125764452763543,0.0,9.680694796992453e-05
408,4,29.0,6240.860606060492,0.0599129200878076,4.7422308940429814e-17,2,0.06621189429897933,0.0,0.0003126998630134116
409,2,29.0,3794.44849976423,0.06120830648758487,4.1530965335611367e-16,2,0.06799784426998949,0.0,0.00015506355880302416
410,1,30.0,0.0,0.06127587789478907,8.65165076897719e-14,1,0.06967269679958649,0.0,9.965003337797841e-05
411,3,29.0,494524.02420828026,0.06527484143763214,6.473887480329828e-13,2,0.07632689331926673,0.0,0.00024455931634732376
412,2,31.0,5454.342976909035,0.055001336064843684,8.691166331699066e-17,2,0.060716662260047786,0.0,0.00018800414364980478
413,7,28.0,27667.119484996885,0.06431286778107588,1.30789770898853e-16,2,0.07191228901183151,0.0,0.0004659926856634774
414,2,27.0,18449.436930165335,0.06730428622033298,3.74391496717997e-16,2,0.07529860253406752,0.0,0.00014170456377824613
415,1,29.0,0.0,0.060427395383542706,0.0,1,0.06595702375894294,0.0,8.694305319585897e-05
416,5,29.0,12434.626046183012,0.05937571365040445,3.3196214535214827e-17,2,0.0654323148018668,0.1,0.00035767220299186666
417,1,30.0,0.0,0.05604846944564206,0.0,1,0.06057997256589793,0.0,9.116250158818633e-05
418,1,28.0,0.0,0.06439334688982741,1.1944990577114186e-17,1,0.07071865908174861,0.0,9.473055588326726e-05
419,3,27.0,32386.782560490115,0.06789631380741637,1.517264391869751e-16,2,0.07621728747546588,0.0,0.00021412621586592009
420,4,26.0,1166559.332815743,0.07346489597430216,3.2450195241957897e-16,2,0.08382222834028104,0.16666666666666666,0.0002618736965907847
421,3,27.0,23029.22095231301,0.06882427518564442,9.895394503734384e-17,2,0.07728592536710804,0.0,0.00022719645460124224
422,3,28.0,147253.1878977824,0.06403940886699508,3.0855785254158194e-14,2,0.07383084329164705,0.0,0.00024302656232523415
423,2,29.0,12194.29255694926,0.06120754810492014,3.4749781102021806e-16,2,0.06805287695660113,0.0,0.0001536901500757604
424,3,27.0,30397.886037636756,0.06729236762882947,4.542053018190541e-16,2,0.07521305211956972,0.0,0.00020739744969668232
425,4,26.0,825777.654101757,0.07212099976640972,3.248122079617125e-15,2,0.0822084029942843,0.0,0.00025770122627007277
426,6,25.0,2500301.0241614426,0.07577965607694549,3.0722313751565948e-15,2,0.08666819920438056,0.06666666666666667,0.00036729619911634757
427,2,24.0,1590839.5908000674,0.0758192003683524,1.7899107459557917e-14,2,0.08467928171905231,0.0,0.00014645425900570565
428,2,30.0,1.5833333333333335,0.05856619521274704,1.277592180710395e-17,2,0.0634468926732241,0.0,0.00015462342816939493
429,3,28.0,5871.474849438396,0.06494787078792022,0.0,2,0.07158391045509026,0.0,0.00021190973594917157
430,5,30.0,13900.463496336886,0.05772444174388577,6.421933592489571e-17,2,0.0641003482640727,0.1,0.000365856507036951
431,5,30.0,10025.193189178966,0.0589442535318824,5.901330110380599e-16,2,0.06610939500118072,0.0,0.00037393538190322323
432,2,29.0,5620.401805444613,0.062254259501965926,2.720305247841866e-15,2,0.06966803447099873,0.0,0.0001544644891071576
433,1,31.0,0.0,0.0556638534260313,4.5488123572953395e-17,1,0.06106323425327426,0.0,9.392724200311687e-05
434,1,30.0,0.0,0.06028286575469511,2.7185478269333037e-14,1,0.06769654781335317,0.0,9.82041789878312e-05
435,4,29.0,101684.76467714738,0.06414917930604612,2.0354543911050974e-13,2,0.07398814486146266,0.0,0.000319275067803573
436,3,28.0,10528.168472112555,0.06636306237321835,1.9977550695385192e-14,2,0.07557116492500178,0.3333333333333333,0.0002136608721319085
437,2,29.0,620.3406709303771,0.05926459120628637,5.555183117278587e-18,2,0.06544977613474444,0.0,0.00016253823562437078
438,3,30.0,20829.757891871715,0.06041335453100159,2.992278653265571e-15,2,0.06874932360544779,0.0,0.00024135346691992414
439,3,29.0,162531.07657928733,0.06425681915737717,2.136939252942454e-14,2,0.07441812883222843,0.0,0.00022893215191840418
440,1,32.0,0.0,0.051759725903961606,3.0534068997621074e-19,1,0.05578088497971676,0.0,0.00010111887801861193
441,3,31.0,4999.869047619046,0.054584429073390645,1.4102744916048306e-17,2,0.05979027723718688,0.0,0.00024974347390249664
442,3,30.0,8557.737104775146,0.05769006189419596,8.612902739001544e-17,2,0.06345692005485505,0.0,0.00025143033286172887
443,3,28.0,4718.827051841086,0.06308262035499936,5.824034329457348e-17,2,0.06970731692563521,0.0,0.00020668072691329425
444,2,28.0,15874.925652460148,0.06306812378715146,3.2261954740997624e-17,2,0.06948352025447016,0.0,0.00014992511233557967
445,2,28.0,9161.126159068872,0.06519472635371439,0.0,2,0.07215742040312215,0.0,0.00014664737483362613
446,2,29.0,222.94834485155639,0.06149020388857079,0.0,2,0.06756034422824496,0.0,0.00015320014673938771
447,3,26.0,523578.6623989282,0.07452778951179771,4.400734840916192e-16,2,0.08427630094794235,0.6666666666666666,0.00018282029843791982
448,1,31.0,0.0,0.05343775691229285,2.7343564870916833e-18,1,0.05700327143885741,0.0,0.0001085105653603856
449,3,30.0,8498.722194821981,0.0564539169190332,5.977791158465856e-17,2,0.061020148105928484,0.0,0.00027583178216763224
450,2,30.0,34.87460317460319,0.05702412559159645,0.0,2,0.06211527479961496,0.0,0.00015051244277737718
451,3,28.0,14392.006362151595,0.06203536266827406,2.4220755099680977e-17,2,0.06885469509464182,0.0,0.00023080637983920874
452,2,29.0,1034.509273664452,0.060428873747691104,0.0,2,0.06609197652547467,0.0,0.00015265801016785182
453,2,29.0,6319.844471844805,0.05841798422477916,1.6780407152313872e-17,2,0.06377823555481842,0.0,0.00017371410302921558
454,3,28.0,2427.4477327523828,0.06493677209033309,0.0,2,0.07144100511481653,0.3333333333333333,0.00020373771083538532
455,3,28.0,6022.282080569586,0.06495299454342253,0.0,2,0.07166600672139703,0.3333333333333333,0.0002009577785309958
456,3,28.0,25748.046906311218,0.0636245379493322,2.2353531165722354e-17,2,0.07048397944476345,0.0,0.0002314653143456358
457,3,30.0,54.70476190476192,0.05769140935208109,1.1306051201672713e-16,2,0.06346400136760438,0.3333333333333333,0.00022230852258262631
458,1,31.0,0.0,0.05685741908751899,3.718737443040161e-15,1,0.06278902655580852,0.0,0.00011286888947065672
459,3,29.0,4236.370678573034,0.062207223089709364,0.0,2,0.06847826647762226,0.0,0.00020959604741817842
460,2,30.0,0.0,0.05768130495195171,5.0529821049743567e-17,2,0.06317288897122886,1.0,0.00015532756537057476
461,2,30.0,4939.0,0.060284337055341995,2.7715038365384015e-14,1,0.06783150057988478,0.0,0.00019414273503788943
462,2,28.0,14002.699221496958,0.06560076489960692,0.0,2,0.07266585249084626,0.0,0.00014043137314211516
463,2,30.0,1390.0944718447497,0.055199231233378776,2.9688848034797237e-17,2,0.0596133483045694,0.0,0.0001834370235181131
464,3,29.0,4096.0038102412245,0.06045327720397474,0.0,2,0.06660905447676324,0.0,0.00020544687493100747
465,2,29.0,13420.155528155408,0.05982512655315232,4.120682472311261e-18,2,0.0652549441416249,0.0,0.0001740924044249824
466,1,31.0,0.0,0.05454404928838786,5.600573373834779e-18,1,0.05900715909576862,0.0,0.00010159682139039478
467,2,31.0,14.316666666666668,0.05346031058925383,1.8947311693482208e-17,2,0.057333160847694076,0.0,0.0001864713003555921
468,3,29.0,3721.4654787487984,0.06044144276415602,0.0,2,0.06644767346011904,0.0,0.00020947038066821398
469,3,30.0,1046.887853920937,0.05783527483463092,0.0,2,0.06354767060001215,0.3333333333333333,0.0002115680556813476
470,2,29.0,1.0,0.06099141922340885,0.0,2,0.06619368207766636,0.0,0.00014812500366851667
471,1,32.0,0.0,0.05393130854385467,6.276176260380014e-17,1,0.059503797030727335,0.0,0.00010056588227933973
472,3,31.0,6789.6713683331245,0.05700504275378206,4.81920302763836e-16,2,0.06417444309493682,0.0,0.0002477917242345184
473,2,31.0,8574.34598174734,0.05702478384836487,4.2052402246158587e-16,2,0.06376895367881981,0.0,0.00017864347042469947
474,2,34.0,192.90476190476187,0.05634638196915777,0.0,2,0.06554051875855577,0.0,0.00015619589626107317
475,2,36.0,1232.3529603729614,0.05220662833953331,0.0,2,0.061612875298189214,0.0,0.00016149111431919285
476,1,37.0,0.0,0.04920955900664429,0.0,1,0.05689449203841673,0.0,9.427916749755079e-05
477,3,36.0,6076.954136007926,0.05175592993043333,0.0,2,0.06147720510899674,0.0,0.000225603319122204
478,3,35.0,23560.87997558014,0.05379739942935552,6.531654399770031e-18,2,0.06281213559773126,0.0,0.00021143735980320142
479,3,34.0,41765.22683667311,0.05654114684674373,0.0,2,0.0665294888560934,0.0,0.00021206303677893604
480,3,35.0,10756.061002504559,0.0541316472895824,0.0,2,0.06419422255763386,0.0,0.00021039749413680471
481,4,33.0,58022.10288285422,0.05950158389843778,0.0,2,0.07059156735338647,0.0,0.0002926349854886645
482,4,38.0,2634.0740452123896,0.04802737754963153,0.0,2,0.056293114767030666,0.16666666666666666,0.0002752700629748099
483,2,36.0,27432.668156639837,0.054053462594785044,0.0,2,0.06594726780364105,0.0,0.00014581596650059788
484,5,37.0,28844.383120190632,0.05175809898998365,0.0,2,0.06368566239855626,0.0,0.0003264422137113582
485,6,37.0,20815.60542550399,0.05044213449874405,0.0,2,0.06050795636918946,0.06666666666666667,0.0003938233157099415
486,2,38.0,2360.371950458603,0.04802130824041761,0.0,2,0.055939345729051085,0.0,0.00015122799395025333
487,1,35.0,0.0,0.05317602988191477,1.563494728865732e-17,1,0.06009210045863526,0.0,0.00010910226335082246
488,2,32.0,2361.355952380952,0.05607582723196549,3.1411456976529466e-11,2,0.06889830929449511,0.0,0.0001374185148218432
489,2,38.0,0.0,0.04802177505589579,0.0,2,0.055973083920684015,1.0,0.00014464475185384156
490,11,28.0,544750.5038085582,0.0727444079577081,0.0,3,0.09088942723267983,0.07272727272727272,0.000673882802802234
491,2,34.0,4939.0,0.0561618917689859,1.659517598710614e-17,1,0.06482517753208127,0.0,0.00018528008534412585
492,3,36.0,4467.874855699851,0.05201204489460717,0.0,2,0.06162252626408819,0.0,0.00020795411147458474
493,4,36.0,17979.67489683999,0.052771012263385035,0.0,2,0.06430426471800572,0.0,0.0002636884684794763
494,2,39.0,1.0,0.045827728558838536,0.0,2,0.05252187947274459,0.0,0.00015312501289044438
495,2,38.0,555.3689612206551,0.04835552075176194,0.0,2,0.0567436402610783,0.0,0.00014721893996864324
496,4,37.0,7123.539560066358,0.0508063189073556,0.0,2,0.06114098341937576,0.0,0.000274662703561973
497,2,37.0,5.5,0.04963477247380108,0.0,2,0.058212521152260076,0.0,0.00014507019505616875
498,2,36.0,12533.323085248065,0.05141816289357273,0.0,2,0.05991582075230276,0.0,0.00014605711541594796
499,2,37.0,1070.9461036896348,0.0510119785212722,0.0,2,0.05958722344434531,0.0,0.00015639611811315844
500,1,31.0,0.0,0.06304317308796692,0.0,1,0.07355702794278211,0.0,9.016519568840237e-05
501,4,30.0,40727.05997529102,0.06728411876872786,2.533451425470606e-17,2,0.0812066194830493,0.0,0.0002814445581591631
502,1,33.0,0.0,0.05499521296729232,0.0,1,0.0629007012007105,0.0,9.383357312518977e-05
503,1,33.0,0.0,0.05499521296729232,0.0,1,0.0629007012007105,0.0,9.383357312518977e-05
504,5,32.0,11036.728070540617,0.05819501219267968,8.642140783820667e-18,2,0.06855289696035152,0.0,0.0003733843885035158
505,2,33.0,0.0,0.05636824208676602,0.0,2,0.06533685919423965,1.0,0.00013487276241276453
506,3,33.0,17991.33209459633,0.05700570057005701,0.0,2,0.06613691459745663,0.0,0.00019669806084045958
507,3,33.0,17991.33209459633,0.05700570057005701,0.0,2,0.06613691459745663,0.0,0.00019669806084036801
508,2,35.0,1.9,0.05118640555382862,0.0,2,0.05736625020938933,0.0,0.00014711265414691467
509,3,35.0,9877.0,0.05116731920535289,5.591402835494759e-17,1,0.05724496798284387,0.0,0.00028103637458681493
510,1,35.0,0.0,0.05116413953102991,0.0,1,0.05697168863061695,0.0,9.583557909062923e-05
511,6,34.0,10994.962469685926,0.05374413873385772,0.0,3,0.0619516229928037,0.26666666666666666,0.0003890205597099556
512,1,35.0,0.0,0.05100355166432642,0.0,1,0.057317364779673786,0.0,8.546947303848667e-05
513,1,35.0,0.0,0.05100355166432642,0.0,1,0.057317364779673786,0.0,8.546947303848667e-05
514,1,32.0,0.0,0.0632724943964137,0.0,1,0.07600344928512344,0.0,8.771988431260114e-05
515,1,33.0,0.0,0.05849961513411096,1.4658448985845424e-17,1,0.06430137427380557,0.0,0.00011513878936494217
516,1,32.0,0.0,0.06213211249182472,0.0,1,0.06941428262758254,0.0,0.00010161570500539417
517,1,32.0,0.0,0.06213211249182472,0.0,1,0.06941428262758254,0.0,0.00010161570500539417
518,2,32.0,60056.0887919903,0.062344611734417,0.0,2,0.07003414318372951,0.0,0.0001744137099258218
519,2,32.0,4939.0,0.0621336754458783,8.645392859364481e-19,1,0.06954923539411421,0.0,0.00019948367596559502
520,5,31.0,83986.98785404208,0.0662473682093095,6.486890552404418e-17,2,0.07598316135080169,0.0,0.0004191616348577224
521,5,31.0,139071.4808983851,0.06699940324418163,0.0,2,0.08317929048988905,0.1,0.00031725185377678733
522,4,30.0,199091.86625417238,0.070797982114194,0.0,2,0.08729514531402782,0.0,0.0002467283345569461
523,4,32.0,31847.593465897804,0.05968057602628845,0.0,2,0.07054381175595767,0.0,0.0002920709139117986
524,2,33.0,9870.0,0.05632389661030476,0.0,2,0.064847429033757,0.0,0.00016850885583181857
525,2,33.0,9870.0,0.05632389661030476,0.0,2,0.064847429033757,0.0,0.00016850885583168096
526,3,32.0,17503.432530750157,0.059777347531461765,0.0,2,0.07053069585626012,0.0,0.0002453688485603569
527,1,33.0,0.0,0.05640621610203359,3.0573364259589406e-19,1,0.06469835397227518,0.0,9.987940083833153e-05
528,3,34.0,4941.0,0.05332527337298546,3.671530128434748e-17,2,0.06042474064137414,0.0,0.0002685372689857762
529,1,35.0,0.0,0.0506261657340794,1.2692185817343957e-18,1,0.056299746140691984,0.0,0.00010644378662554943
530,3,34.0,4941.0,0.05332527337298546,4.372388082245314e-17,2,0.06042474064137414,0.0,0.00026853726898570844
531,1,35.0,0.0,0.0506261657340794,2.0303924850400574e-18,1,0.056299746140691984,0.0,0.00010644378662552309
532,8,31.0,137754.92567415768,0.06345291767818838,0.0,2,0.07735408882982538,0.03571428571428571,0.0005176923607493855
533,2,30.0,134653.6385688137,0.06735843139393774,0.0,2,0.08161343527421396,0.0,0.00013726707443920746
534,3,35.0,100.0561585686262,0.051434759068760154,0.0,3,0.058355956220747164,0.6666666666666666,0.00019271516761476217
535,3,36.0,5400.48858636971,0.0489375402446877,4.37325185315038e-17,2,0.05498544245789634,0.0,0.00025800899757947085
536,3,35.0,6832.103069835731,0.050689021825010006,3.0389121103443415e-17,2,0.057147212888968464,0.0,0.00025443468766251314
537,1,36.0,0.0,0.048244072034063834,1.148783813844527e-18,1,0.05340246951442578,0.0,0.00010244805525061235
538,3,34.0,1017.906311117117,0.05337770670354843,0.0,3,0.060955364987788,0.6666666666666666,0.00019158800692692862
539,7,32.0,109106.61386402752,0.06042000464769266,0.0,2,0.07163903873002715,0.0,0.00043086402266513186
540,2,31.0,56758.35792268974,0.06423593051076668,0.0,2,0.0768539662705683,0.0,0.00013711366893009856
541,2,31.0,56758.35792268974,0.06423593051076668,0.0,2,0.0768539662705683,0.0,0.00013711366892998667
542,2,33.0,7453.1098480066885,0.057061011389100656,0.0,2,0.06617336750813708,0.0,0.00013563985577862112
543,4,33.0,20940.051082251084,0.05698991716850096,0.0,2,0.06603851153852727,0.0,0.0002702353030891426
544,4,33.0,20940.051082251084,0.05698991716850096,0.0,2,0.06603851153852727,0.0,0.00027023530308903246
545,3,34.0,14811.733333333332,0.053923655456222505,0.0,2,0.06130143963893699,0.0,0.00022483520369201646
546,6,34.0,24100.657453933483,0.05401386428743248,2.960566810880208e-17,2,0.06236616775832102,0.0,0.0003927770645295663
547,2,33.0,4500.911037233566,0.05636888528817737,0.0,2,0.06535919066393954,0.0,0.00014134747073276188
548,7,32.0,51238.05301900188,0.05971664813113486,0.0,2,0.07126837958578837,0.09523809523809523,0.0004364593245656108
549,2,31.0,26313.824261005593,0.06314148037373621,0.0,2,0.07464090021086489,0.0,0.00014316382795698398
550,4,34.0,5716.273377137307,0.054220173416748986,0.0,3,0.06276945943427607,0.3333333333333333,0.0002492349456328426
551,5,33.0,22807.377033527824,0.05638368297304084,0.0,3,0.06590655265866983,0.3,0.0003030347239087771
552,2,33.0,4500.911037233566,0.05636888528817737,0.0,2,0.06535919066393954,0.0,0.00014134747073266216
553,2,35.0,248.31102312719696,0.051453509566811446,0.0,2,0.058617828851041026,0.0,0.0001439922559390984
554,2,35.0,248.31102312719696,0.051453509566811446,0.0,2,0.058617828851041026,0.0,0.00014399225593899126
555,4,34.0,4369.057849803015,0.05339501502410342,4.981352609693357e-17,2,0.06120856208309037,0.0,0.00027289699475057375
556,3,32.0,28802.12741535927,0.05969355696263715,0.0,2,0.07052903121486134,0.0,0.0002109513610164781
557,3,34.0,12142.094122483046,0.05339039837451095,0.0,2,0.061119878836512376,0.0,0.00022550493284377267
558,3,35.0,1323.8897167068278,0.05145083008727894,0.0,2,0.05871277776177948,0.0,0.000215096128346074
559,2,35.0,8438.385516533941,0.051250661382522905,0.0,2,0.05785886825261502,0.0,0.00015910419386865298
560,1,35.0,0.0,0.05116413953102991,0.0,1,0.05697168863061695,0.0,9.583557909062923e-05
561,4,34.0,9877.733333333334,0.05392247825090326,2.325099337669375e-17,2,0.061335177830569916,0.0,0.0003081287153463457
562,2,34.0,814.2683041106055,0.05338578252318067,0.0,2,0.06085672094177553,0.0,0.00015341510467259783
563,3,33.0,21673.33871136838,0.05636502629987563,6.851951615039689e-18,2,0.06529653402233554,0.0,0.00021922226315917244
564,5,31.0,26589.521848167056,0.061751543788594716,0.0,2,0.07433217797601122,0.0,0.0003627909742167199
565,3,34.0,2497.1547619047615,0.05394367581379604,0.0,2,0.061517524723443136,0.0,0.00020603722423646192
566,3,34.0,2497.1547619047615,0.05394367581379604,0.0,2,0.061517524723443136,0.0,0.00020603722423653129
567,1,33.0,0.0,0.0563309615033753,0.0,1,0.06461903900273544,0.0,9.162770714153738e-05
568,3,32.0,4939.0,0.05969283565136484,0.0,2,0.07048340432712923,0.3333333333333333,0.000216245223748102
569,4,30.0,244347.18473094108,0.06857682269976123,0.0,2,0.08468291888312231,0.0,0.00025617053693323773
570,5,29.0,439790.3221755707,0.07206523800493078,0.0,2,0.08977219244602506,0.0,0.0003053178472358846
571,1,36.0,0.0,0.04867714440557718,2.7180866252341992e-18,1,0.05355355666113278,0.0,0.00010998519987913131
572,1,36.0,0.0,0.04867714440557718,4.174054728659723e-18,1,0.05355355666113278,0.0,0.00010998519987913131
573,2,31.0,118.0,0.06327087362475504,0.0,2,0.0752553567971885,0.0,0.00014517000901792518
574,1,37.0,0.0,0.04665482981375845,4.176123315332535e-19,1,0.05148696606671213,0.0,0.00010346077639374231
575,4,39.0,14814.000000000002,0.04574285846566971,3.553955612344471e-17,1,0.05410547587812299,0.0,0.00037985136373592723
576,3,38.0,9830.777777777776,0.04620536131844286,0.0,2,0.054672843731184625,0.0,0.0002504099269558601
577,1,39.0,0.0,0.04571238213330619,0.0,1,0.05289138295350268,0.0,0.00010504822549031194
578,3,38.0,14788.666666666668,0.04790163680086882,0.0,2,0.0570330935283896,0.0,0.00026361175909664423
579,2,38.0,9876.0,0.04621573580316213,0.0,1,0.054813178542572026,0.0,0.00018416346372644116
580,2,36.0,0.0,0.0508063189073556,0.0,2,0.061925780624055383,1.0,0.000150851568168787
581,2,38.0,4915.0,0.04619974375040916,1.607447636959909e-17,2,0.05436558520024195,0.0,0.00016463668144810906
582,5,37.0,51594.423015873006,0.04844039575999451,0.0,2,0.059100154030354145,0.0,0.0003697167996442248
583,1,38.0,0.0,0.046202768424990645,0.0,1,0.05435233091067187,0.0,9.321008301911922e-05
584,6,36.0,170247.430952381,0.05088796406938893,0.0,3,0.0638234735743816,0.13333333333333333,0.00038062511392170936
585,3,37.0,35572.54126984129,0.04843564628251512,0.0,2,0.05873770945738327,0.0,0.0002174583772618085
586,1,39.0,0.0,0.04417695822862917,0.0,1,0.05125962487459379,0.0,9.40515146035057e-05
587,6,38.0,13638.683333333338,0.046218330152314656,3.357589718442984e-17,2,0.05544528766152306,0.0,0.00044959967663942495
588,1,40.0,0.0,0.043747786043216434,0.0,1,0.05057520501402971,0.0,0.00010713216595267692
589,4,36.0,53870.0,0.052897588555274766,0.0,2,0.0652688185524299,0.0,0.0003312801852721675
590,1,37.0,0.0,0.05024052396595035,0.0,1,0.05974219204181041,0.0,0.00010075526644993679
591,1,37.0,0.0,0.05024052396595035,0.0,1,0.05974219204181041,0.0,0.00010075526644993679
592,3,40.0,4955.0,0.04375088564545841,0.0,2,0.05094632512199181,0.0,0.00027832311129650887
593,1,41.0,0.0,0.04191733629752824,0.0,1,0.047596140141398256,0.0,0.00010921644194693856
594,6,37.0,39347.0,0.050285528150734435,6.263735022709277e-17,2,0.061191006385362616,0.0,0.00050892471938886
595,1,38.0,0.0,0.047878423694973735,0.0,1,0.05623590825752039,0.0,0.00010245589565968701
596,1,38.0,0.0,0.047878423694973735,0.0,1,0.05623590825752039,0.0,0.00010245589565968701
597,9,39.0,44406.0,0.04574878913882998,1.5082199865875368e-16,2,0.05488145428568075,0.0,0.000812900529244337
598,1,40.0,0.0,0.043747786043216434,0.0,1,0.05057520501402971,0.0,0.00010713216595267692
599,1,40.0,0.0,0.043747786043216434,0.0,1,0.05057520501402971,0.0,0.00010713216595267692
600,1,40.0,0.0,0.043747786043216434,0.0,1,0.05057520501402971,0.0,0.00010713216595267692
601,1,40.0,0.0,0.043747786043216434,0.0,1,0.05057520501402971,0.0,0.00010713216595267692
602,1,40.0,0.0,0.043747786043216434,0.0,1,0.05057520501402971,0.0,0.00010713216595267692
603,1,39.0,0.0,0.04572592215485722,0.0,1,0.053224909076502805,0.0,9.93628918321658e-05
604,5,38.0,24649.000000000004,0.047916505005043845,1.7337879095532824e-18,2,0.05767411916941474,0.0,0.0004059097926621295
605,3,37.0,29446.166666666668,0.050295767621335995,0.0,2,0.06115389437456637,0.0,0.00023151909229634991
606,1,39.0,0.0,0.04572592215485722,0.0,1,0.053224909076502805,0.0,9.93628918321658e-05
607,1,40.0,0.0,0.04374391215797396,0.0,1,0.0503134930417915,0.0,0.00010222309884978627
608,1,40.0,0.0,0.04375204810953954,0.0,1,0.05055110630572049,0.0,0.00010096567481032038
609,5,39.0,14991.5,0.04575345003241641,0.0,2,0.05464528694425024,0.0,0.00041533792782778373
610,4,39.0,5123.166666666667,0.04574455278680631,0.0,2,0.05419656899553198,0.0,0.0003381876318597275
611,1,40.0,0.0,0.04375204810953954,0.0,1,0.05055110630572049,0.0,0.00010096567481032038
612,4,38.0,7607.416666666664,0.04622914307639038,0.0,2,0.055365922582158,0.0,0.0002981769908876145
613,2,39.0,66.66666666666666,0.044196720138137115,0.0,2,0.051796368832390555,0.0,0.00015692850707117327
614,5,38.0,20982.346031746023,0.04621876257215834,3.0363379694579956e-17,2,0.05525217667893843,0.0,0.0003718098201645345
615,1,37.0,0.0,0.04837209302325581,3.661035080176581e-18,1,0.05734987945113333,0.0,9.243420041544589e-05
616,3,36.0,4939.0,0.05083036651369539,0.0,2,0.06250029383014803,0.3333333333333333,0.0002190916705971163
617,1,38.0,0.0,0.04617685548700692,0.0,1,0.05391116389055717,0.0,9.605992584888632e-05
618,3,37.0,11035.15,0.04841191285855685,0.0,2,0.058299755598377134,0.0,0.00023188834859751386
619,2,39.0,23.0,0.04417853853101888,0.0,2,0.051343795090342974,0.0,0.00016623114398510233
620,1,40.0,0.0,0.043747786043216434,0.0,1,0.05057520501402971,0.0,0.00010713216595267692
621,1,38.0,0.0,0.04618376276130287,1.6257220626356375e-18,1,0.05399864220171976,0.0,9.9642394892376e-05
622,3,37.0,14744.266666666668,0.04841950502327861,0.0,2,0.05842217703658794,0.0,0.0002445323569863225
623,1,38.0,0.0,0.04619024020794958,0.0,1,0.054224206111494366,0.0,9.071038873648094e-05
624,5,37.0,22086.65,0.04842662484070189,0.0,2,0.058918128453591734,0.0,0.0003550127156288117
625,1,39.0,0.0,0.044165109563444875,0.0,1,0.05088061791663936,0.0,0.00010130770638375655
626,2,39.0,1.0,0.04416905841223859,3.116168194584261e-17,2,0.05105750243562918,0.0,0.00017097705288868025
627,1,39.0,0.0,0.04572338278986681,0.0,1,0.05311019922495074,0.0,0.00010257514767558641
628,3,38.0,5106.333333333334,0.047913716513743675,0.0,2,0.057394092178861655,0.0,0.0002548832491623721
629,1,41.0,0.0,0.04191520232145736,2.073753808311387e-18,1,0.047494925566499466,0.0,0.00010871519676852165
630,3,40.0,4943.0,0.04374856090260189,2.5689442218574645e-17,2,0.0507438959721943,0.0,0.0002765540106668265
631,1,38.0,0.0,0.04620752228530806,0.0,1,0.05458881956821312,0.0,8.866755940348809e-05
632,6,37.0,24916.297619047633,0.048445621261155244,0.0,2,0.059567347655442505,0.06666666666666667,0.0004115952869922268
633,1,37.0,0.0,0.04836546275174027,1.1769083540381656e-18,1,0.05730401157631813,0.0,9.392462324443369e-05
634,3,36.0,14686.16666666667,0.050823045267489715,0.0,2,0.06244872259436623,0.0,0.0002243519864641502
635,1,40.0,0.0,0.0423187958846256,0.0,1,0.048291343909575755,0.0,0.00010344252252664091
636,3,39.0,5035.5,0.04418841798307602,0.0,2,0.051692744386660806,0.0,0.00025794457216610906
637,4,39.0,39472.0,0.04418090919660505,0.0,2,0.05175242885424003,0.16666666666666666,0.0003290450995824282
638,1,37.0,0.0,0.04841333620807934,0.0,1,0.058150504264915394,0.0,8.467410294109783e-05
639,7,36.0,17865.01190476191,0.05087591015355462,0.0,3,0.06403136509806277,0.19047619047619047,0.00044730721297704727
640,3,39.0,4956.0,0.04418920853012738,1.0405896239147348e-17,2,0.05160936285591083,0.0,0.00025089985944899235
641,1,40.0,0.0,0.04231952094987621,2.875199052859702e-19,1,0.04825399091169646,0.0,0.00010144652059013852
642,1,38.0,0.0,0.04790349482176797,0.0,1,0.056763187995326383,0.0,9.559670505812743e-05
643,1,39.0,0.0,0.04416905841223859,1.2212625763311316e-18,1,0.0509477875890722,0.0,0.00010595902390719393
644,3,38.0,14789.042857142864,0.04620968345431415,2.7946239734865516e-17,2,0.05475992039720864,0.0,0.0002668263417445213
645,3,38.0,14847.666666666664,0.04621530343995285,0.0,2,0.05489117802846622,0.0,0.00025375066232361204
646,1,39.0,0.0,0.04417419297147456,0.0,1,0.05102119371510993,0.0,0.00010225424807128879
647,1,40.0,0.0,0.04231952094987621,0.0,1,0.04824934643336777,0.0,0.00010681075859049348
648,3,39.0,5013.542857142855,0.04418920853012738,2.6698728242678473e-17,2,0.05160213324341806,0.0,0.0002698324641561747
649,1,37.0,0.0,0.048348895022217,1.6919841742553594e-17,1,0.05697000347915238,0.0,0.00010488623865695971
650,2,36.0,4939.0,0.0508047513755335,0.0,1,0.06184143514497299,0.0,0.00017536002724089853
651,1,37.0,0.0,0.04841096400537029,0.0,1,0.05794839643122878,0.0,8.593642427744447e-05
652,4,35.0,75060.86190476318,0.05354259020409048,0.0,3,0.06790995028721307,0.3333333333333333,0.00024452894747657163
653,6,36.0,29633.283333333326,0.05087329049266766,0.0,3,0.06360176545793644,0.13333333333333333,0.0003923166861025168
654,1,39.0,0.0,0.044165109563444875,0.0,1,0.05101976239788914,0.0,9.582124752313982e-05
655,4,38.0,6206.3166666666675,0.04620536131844286,0.0,2,0.05497391692699456,0.0,0.00030806127267558317
656,1,38.0,0.0,0.04790349482176797,0.0,1,0.056763187995326383,0.0,9.559670505812743e-05
657,6,38.0,108327.5,0.04793231258853894,0.0,2,0.058612040896809395,0.0,0.00046763082267502047
658,7,37.0,152038.1666666667,0.050313184294953406,0.0,2,0.062122180474432076,0.0,0.000537258053940858
659,1,40.0,0.0,0.043742362795969325,0.0,1,0.05026818747017016,0.0,0.0001110766418734753
660,1,40.0,0.0,0.043742362795969325,0.0,1,0.05026818747017016,0.0,0.0001110766418734753
661,1,41.0,0.0,0.04192267218846533,0.0,1,0.047638553868022515,0.0,0.0001055837090010705
662,3,40.0,4961.666666666667,0.04375669858366476,0.0,2,0.05097283370113197,0.0,0.0002655017008993821
663,1,40.0,0.0,0.04230683589401024,1.8033307320166387e-17,1,0.0480005017108389,0.0,0.00011980430406878601
664,2,39.0,4939.0,0.044175378039292834,4.906217224391415e-17,1,0.051146280616512656,0.0,0.00021046135762176334
665,1,37.0,0.0,0.05024972281276384,3.2570799543392105e-19,1,0.05976629075011966,0.0,9.727594956523855e-05
666,3,36.0,39159.0,0.052907786226839455,0.0,2,0.06521435547165104,0.0,0.0002361801970081812
667,4,35.0,124905.15238093193,0.05354955501837379,0.0,3,0.06805502451123478,0.3333333333333333,0.0002451366473009715
668,5,36.0,62409.607142857145,0.050858625375777296,0.0,2,0.0631231651109146,0.1,0.00033050527660263395
669,2,39.0,15.000000000000002,0.04418328011662955,0.0,2,0.05161050206757636,0.0,0.00015951453504695472
670,1,40.0,0.0,0.042316258351893093,2.8014498189788795e-19,1,0.048249733473228494,0.0,0.00010398269552349402
671,3,38.0,54116.33333333333,0.04621314174524772,0.0,2,0.05489141901554931,0.3333333333333333,0.00023704316070012033
672,4,37.0,68876.33333333333,0.04843849585723391,6.450311633675385e-18,2,0.058804703866482934,0.0,0.0003178885841388682
673,1,38.0,0.0,0.04620103999102166,0.0,1,0.05422340282121739,0.0,9.790955120908176e-05
674,1,38.0,0.0,0.04620103999102166,0.0,1,0.05422340282121739,0.0,9.790955120908176e-05
675,2,38.0,1325.4714285714285,0.04622222222222222,0.0,2,0.05497849568157332,0.0,0.00016412862578531876
676,2,39.0,77.80476190476193,0.04420739892255651,0.0,2,0.051849707306781706,0.0,0.00016332056246618127
677,2,36.0,0.0,0.0508063189073556,0.0,2,0.061925780624055383,1.0,0.00015085156816867478
678,1,38.0,0.0,0.04620190419184078,0.0,1,0.05433048141513815,0.0,9.586456399229785e-05
679,3,37.0,11251.883333333335,0.0484394457899846,0.0,2,0.058966325870210196,0.0,0.00023119883616255944
680,8,35.0,174600.95000001485,0.05356000563789533,0.0,3,0.06870617160975064,0.14285714285714285,0.0005100852799247916
681,7,36.0,98375.89047619044,0.050894779679177445,0.0,3,0.06437774386549446,0.047619047619047616,0.0004583965825410593
682,1,36.0,0.0,0.05083768986950973,0.0,1,0.06198426015621916,0.0,8.455478807158804e-05
683,1,36.0,0.0,0.05083768986950973,0.0,1,0.06198426015621916,0.0,8.455478807158804e-05
684,1,38.0,0.0,0.046210547978522386,0.0,1,0.05453242859076954,0.0,8.7859783150905e-05
685,4,37.0,4976.666666666667,0.04844894716710964,0.0,3,0.05934756743566229,0.3333333333333333,0.00027059555798272133
686,1,38.0,0.0,0.046200607902735565,0.0,1,0.05426252305770607,0.0,0.00010030863991249696
687,3,37.0,24624.042857142864,0.04843802090483008,0.0,2,0.05883137310367849,0.0,0.0002468838099985164
688,1,39.0,0.0,0.04417419297147456,0.0,1,0.05119086322688476,0.0,9.846737322904499e-05
689,4,38.0,14880.566666666668,0.04621530343995285,0.0,2,0.0552500881242183,0.0,0.00032051362893871846
690,1,40.0,0.0,0.04373306892827423,1.3198065072652578e-19,1,0.05003442999957066,0.0,0.00010514810051784264
691,3,39.0,9837.0,0.04573269517399717,0.0,2,0.053680374663547754,0.0,0.0002639642591938236
692,6,35.0,463161.18864178436,0.05583119539788203,0.0,2,0.07137298960417907,0.06666666666666667,0.0004061670822182329
693,1,36.0,0.0,0.05083768986950973,0.0,1,0.06198426015621916,0.0,8.455478807158804e-05
694,3,35.0,4938.999999999999,0.054583222840979405,0.0,2,0.06840092541327318,0.3333333333333333,0.00021625966341990243
695,1,36.0,0.0,0.051758641283279026,9.00293622506764e-19,1,0.06230770331669832,0.0,9.163179838189364e-05
696,3,39.0,14793.000000000002,0.04574370561054883,0.0,2,0.05407173768649003,0.0,0.0002644575934116867
697,1,40.0,0.0,0.04374313746325222,0.0,1,0.050271561289333445,0.0,0.00010528787854622437
698,2,41.0,4939.0,0.04059728967891982,3.191768809432615e-17,1,0.04580143104108392,0.0,0.00021498125871025577
699,1,42.0,0.0,0.03901375748290187,1.8775427504389386e-17,1,0.04333152085782949,0.0,0.00012172526203141702
700,2,38.0,210.77142857142863,0.04623520052412373,0.0,2,0.055247035621165806,0.0,0.00015807999730070335
701,1,38.0,0.0,0.046214006398862424,0.0,1,0.054627618488590976,0.0,9.471738673719172e-05
702,6,37.0,40822.72619047618,0.048452748761708596,6.8420949062121376e-18,2,0.059591928337917925,0.0,0.00045429995052435234
703,1,39.0,0.0,0.04417695822862917,0.0,1,0.05125962487459379,0.0,9.40515146035057e-05
704,3,39.0,5027.666666666666,0.04418565129113335,1.2834979770052313e-17,2,0.05162462537117335,0.0,0.00025985106509610837
705,1,38.0,0.0,0.047878423694973735,0.0,1,0.05623590825752039,0.0,0.00010245589565968701
706,2,41.0,4939.0,0.04059728967891982,3.108681479823067e-17,1,0.04580143104108392,0.0,0.00021498125871025577
707,1,42.0,0.0,0.03901375748290187,1.8357215460191688e-17,1,0.04333152085782949,0.0,0.00012172526203141702
708,2,37.0,118.81666666666669,0.04844087075897235,0.0,2,0.05886848511447471,0.0,0.00014637283090208154
709,3,40.0,14813.0,0.042314083566032244,2.0709423357269663e-17,1,0.04859635322774289,0.0,0.00028643491377873423
710,1,41.0,0.0,0.040596622426757614,0.0,1,0.045666478274552245,0.0,0.00011151478598355129
711,1,39.0,0.0,0.045719997408583145,0.0,1,0.05302247992670505,0.0,0.00010389807089443723
712,3,38.0,19668.166666666668,0.047909999030161965,0.0,2,0.057238896497350304,0.0,0.00025955238993477313
713,4,39.0,5024.0,0.04418328011662955,0.0,2,0.051747127138412,0.16666666666666666,0.0003257012980228221
714,1,40.0,0.0,0.042314083566032244,0.0,1,0.04828523890347076,0.0,9.956975290944469e-05
715,1,38.0,0.0,0.04612382472946603,1.721373852731696e-17,1,0.053278602007994724,0.0,0.00011073899365567281
716,2,37.0,4939.0,0.04835362750088094,0.0,1,0.057300637757154826,0.0,0.00018913121547320472
717,1,38.0,0.0,0.046185058105290715,3.3816925910621605e-19,1,0.05402153597461356,0.0,9.405054630107139e-05
718,3,37.0,4939.0,0.048420928819274275,0.0,2,0.05845784312488558,0.3333333333333333,0.00022479642078174995
719,1,37.0,0.0,0.04835268093103381,0.0,1,0.05716568499062321,0.0,9.500307086588284e-05
720,6,36.0,19749.5,0.05080893167535767,0.0,2,0.06236437711528384,0.13333333333333333,0.0004563165443739122
721,1,40.0,0.0,0.04373345609391184,0.0,1,0.05007250595869924,0.0,0.00010600055169594707
722,4,39.0,9896.666666666668,0.04573311855431502,3.691603618996137e-17,2,0.0537917106959365,0.0,0.0003559638805476427
723,1,40.0,0.0,0.04373345609391184,0.0,1,0.05007250595869924,0.0,0.00010600055169594707
724,1,36.0,0.0,0.050803706408054546,0.0,1,0.06170648237844117,0.0,8.620672438248277e-05
725,10,35.0,117188.37142857144,0.053522286506749873,0.0,3,0.06843160699308069,0.08888888888888889,0.000657041144739876
726,7,34.0,673137.9273641747,0.05649136048120576,0.0,3,0.07385792735915572,0.14285714285714285,0.000415668820561613
727,1,37.0,0.0,0.04835268093103381,0.0,1,0.05716568499062321,0.0,9.500307086588284e-05
728,3,40.0,14813.0,0.042314083566032244,2.7575695281019357e-17,1,0.04859635322774289,0.0,0.00028643491377873423
729,1,41.0,0.0,0.040596622426757614,0.0,1,0.045666478274552245,0.0,0.00011151478598355129
730,1,40.0,0.0,0.043742362795969325,0.0,1,0.05026818747017016,0.0,0.0001110766418734753
731,1,40.0,0.0,0.04230647357558214,1.6850392903092437e-17,1,0.048096735886020425,0.0,0.00011304400892664082
732,2,39.0,4939.0,0.04417498300962192,1.6874930008506894e-17,1,0.051325815993416506,0.0,0.00019455478081668967
733,1,39.0,0.0,0.0441777483656916,0.0,1,0.0511226638823696,0.0,0.00010291959273684192
734,3,38.0,5040.0666666666675,0.04621919500009356,0.0,2,0.05505271970316573,0.0,0.00025609893761387203
735,1,39.0,0.0,0.044165109563444875,0.0,1,0.05090609682369722,0.0,0.00010425812412993981
736,3,38.0,4979.333333333333,0.04620536131844286,2.706235245713775e-17,2,0.054704975342263595,0.0,0.00026082316606008857
737,1,37.0,0.0,0.050264038827443756,0.0,1,0.06000342203988268,0.0,9.714211490166036e-05
738,3,36.0,161327.0,0.052923657088984596,0.0,2,0.0656090923137563,0.0,0.00023570783937203437
739,3,32.0,11997.368298002873,0.05488157134604275,3.0105981835756573e-14,2,0.06243277037880168,0.0,0.0002027621345570963
740,5,31.0,73348.75066797476,0.057327871325619985,1.114592672397322e-13,2,0.0664129214537655,0.2,0.00031856516230575335
741,1,30.0,0.0,0.05866774342956902,4.554481760256601e-13,1,0.06632701727385867,0.0,8.93988112416118e-05
742,4,31.0,20814.47688631009,0.056980714219802525,3.0419043366783746e-13,2,0.0656032351180804,0.16666666666666666,0.00024804387335304633
743,6,30.0,83578.07959283501,0.06035946873892697,1.6534301119092878e-12,2,0.07054659891936291,0.0,0.00038393964700183923
744,6,29.0,402557.9738146048,0.06232337505046427,3.4084432367431764e-12,2,0.0727356109201671,0.0,0.00041675706467324676
745,1,31.0,0.0,0.056924246963656056,2.2091736316512523e-13,1,0.06443228618397341,0.0,8.474967707150983e-05
746,1,30.0,0.0,0.05866774342956902,4.554444433421159e-13,1,0.06632701727385867,0.0,8.93988112416118e-05
747,1,33.0,0.0,0.053851939868967545,1.7648039778103956e-13,1,0.06139645294035189,0.0,8.885622246696772e-05
748,5,32.0,14158.579975145783,0.05475868490478196,2.3117986871156538e-14,2,0.06256325606429197,0.1,0.00036261040504487023
749,3,33.0,7377.480037736898,0.05303786731944042,4.6379561595339655e-15,2,0.05980741114395873,0.0,0.00022289838012712638
750,5,32.0,306978.0708603874,0.056773125854757335,5.138425947228542e-14,2,0.0660132044836219,0.2,0.0003279481121572294
751,1,33.0,0.0,0.051916387292045445,3.0593774183838004e-15,1,0.05782483134822995,0.0,9.200199593718143e-05
752,2,34.0,4134.693743041306,0.05136096151046973,6.59352745335428e-16,2,0.05785258547667618,0.0,0.0001627043608848935
753,2,33.0,263071.1388592392,0.05485841199333703,6.95284410211621e-15,2,0.06325534198035804,0.0,0.00014940557338324239
754,3,32.0,46097.432995923344,0.05685676468895667,1.177167238305286e-12,2,0.06595985247429648,0.0,0.00020938265257950653
755,1,33.0,0.0,0.05461701751282505,3.1544886874579694e-14,1,0.061816767140450264,0.0,8.551048675406908e-05
756,2,33.0,835.2856504606324,0.05464420428525602,6.468491212451619e-14,2,0.06231665467981178,0.0,0.00014393367365909146
757,6,32.0,282465.74700081436,0.05777169654656235,2.3632366521996326e-13,2,0.06750511930857535,0.06666666666666667,0.0003893100682906625
758,5,33.0,42145.585789173325,0.05618744313011829,2.8986594050076573e-13,2,0.06486552420401846,0.0,0.00035384100613556046
759,4,32.0,645.5479463190165,0.053944853944853946,1.1866638732503777e-13,2,0.0613151894139412,0.3333333333333333,0.0002449337021593994
760,3,31.0,5346.386532260826,0.05695640644276112,2.441640038161811e-13,2,0.06510416547427385,0.0,0.00019171781132953358
761,1,33.0,0.0,0.05273552175073392,3.7285922290379573e-14,1,0.05928241415418456,0.0,8.384158012107791e-05
762,6,32.0,19513.47829435333,0.05567075369635774,2.7927661201657524e-13,2,0.06448265198830787,0.2,0.0003775295508812986
763,4,31.0,13996.590384694622,0.05694655784571402,1.0946802069297235e-13,2,0.06502088936205372,0.0,0.0002592625357624598
764,3,33.0,22872.00008178205,0.05380794701986755,1.667294284325091e-13,2,0.06125847856654753,0.0,0.00022576123362413783
765,1,35.0,0.0,0.04948709729123257,1.0404140942244342e-14,1,0.05505325659407856,0.0,0.0001074046732452979
766,2,34.0,4939.0,0.05206302366022027,7.770138869618664e-14,1,0.05916294405095034,0.0,0.00018128575568419517
767,1,36.0,0.0,0.04740564453443626,2.049299722221146e-16,1,0.05210784451862456,0.0,0.00010009093497815744
768,1,36.0,0.0,0.048120945274601104,1.4920370136059694e-15,1,0.05303442901398417,0.0,9.896873846695382e-05
769,1,36.0,0.0,0.048120945274601104,1.492983691302692e-15,1,0.05303442901398417,0.0,9.896873846695382e-05
770,3,36.0,4972.059940451701,0.04740746427646037,2.8216573472845977e-16,2,0.052377750051688154,0.0,0.0002618028933666469
771,5,35.0,18381.169856418055,0.04976427448926139,1.8031243402736744e-15,2,0.05591009480854624,0.0,0.0004101923994035673
772,5,35.0,22273.85884070519,0.05055311658940431,1.1453643550036313e-14,2,0.05694351749320649,0.0,0.0004035912434553595
773,1,36.0,0.0,0.04740564453443626,2.0342890724584746e-16,1,0.05210784451862456,0.0,0.00010009093497815744
774,3,34.0,8384.219446565603,0.051116491794457895,4.7620930388109985e-14,2,0.057688991296600836,0.0,0.00023228668007630517
775,1,33.0,0.0,0.051916387292045445,3.0607487447031746e-15,1,0.05782483134822995,0.0,9.200199593718143e-05
776,3,33.0,42844.15611501333,0.053757005277762664,7.142298672686263e-15,2,0.06141065951169507,0.0,0.00022284850681999783
777,3,31.0,21773.92020403746,0.058605103626635666,2.399142939727178e-13,2,0.06719537072328416,0.0,0.0002058524417869397
778,3,33.0,188.82871152391004,0.05330225833252409,6.053577928003897e-14,2,0.06051407807376824,0.3333333333333333,0.000190809714379104
779,3,32.0,1905.7090633102628,0.0553793033866574,2.2545972171334334e-13,2,0.06342033866707954,0.0,0.00020386740540404754
780,8,32.0,71288.55699952318,0.05691637670806738,1.3211030480957444e-12,2,0.06723850802926752,0.03571428571428571,0.0005505693683520487
781,2,33.0,7327.273813769141,0.05386015983602089,1.8284044616065294e-13,2,0.06171503786420017,0.0,0.00015467078182192085
782,2,34.0,43731.90388222999,0.052072902062888046,7.772313608029207e-14,2,0.05938031439989978,0.0,0.0001624251998328692
783,4,31.0,361205.3686085353,0.06024831085201356,8.07129909374455e-12,2,0.07127302867317382,0.0,0.0002608244060877176
784,1,33.0,0.0,0.053851939868967545,1.7648187509126996e-13,1,0.06139645294035189,0.0,8.885622246696772e-05
785,2,35.0,2486.8096070596066,0.048551800053072816,1.9413882921684236e-16,2,0.05377251822653866,0.0,0.00017142729855313475
786,3,34.0,18283.560682320778,0.0510267322232781,1.2035758739852195e-15,2,0.05750138621017344,0.0,0.00023608794712890672
787,3,33.0,1228.7475774225777,0.054863895336568894,2.479257946358673e-13,2,0.0631668925380419,0.3333333333333333,0.00020619948319419666
788,1,34.0,0.0,0.05180369127516778,3.3186024266382075e-14,1,0.05820218536653977,0.0,8.894572518737467e-05
789,4,33.0,5500.487231232777,0.054633326329060726,2.483653611782923e-13,2,0.06307460066279473,0.16666666666666666,0.0002757058734486367
790,2,29.0,24353.325820361453,0.06173070915338957,4.4677052946504725e-15,2,0.0686576894782324,0.0,0.00015678430168564522
791,4,32.0,282437.6021952712,0.05801458585336637,1.2195756272321433e-12,2,0.06800275796032122,0.16666666666666666,0.0002589924162988777
792,1,34.0,0.0,0.05115407316896377,2.5191449892204718e-14,1,0.05704041877096238,0.0,9.78226372454439e-05
793,4,33.0,21985.831801705368,0.05391129736336651,1.886625230995375e-13,2,0.061509773844034867,0.0,0.0003174795772512317
794,2,32.0,26415.881801705535,0.05688622754491018,1.0882733638423836e-12,2,0.0653679518246147,0.0,0.0001549720193576906
795,4,32.0,16915.10968750177,0.056912442396313365,1.1347614944049687e-12,2,0.06581719106940057,0.0,0.00029276403354932845
796,1,33.0,0.0,0.05384841779395895,1.516257493075518e-13,1,0.060670615780537535,0.0,9.257058420880162e-05
797,1,37.0,0.0,0.04526213556650968,3.5819787360059025e-17,1,0.04920816102020358,0.0,0.00010453571353342023
798,1,34.0,0.0,0.05110168614875349,2.4037545028236728e-14,1,0.05710411564593531,0.0,0.00010664911409472323
799,2,33.0,4939.000000000001,0.05385311399635892,1.7972139774363096e-13,1,0.061531405706883674,0.0,0.00017950796944748247
800,4,30.0,446946.3821739553,0.06275964580183706,5.66805452632953e-11,2,0.07506212896766686,0.0,0.00027109275416401337
801,1,31.0,0.0,0.05905417682781045,7.574515525857585e-12,1,0.06827833026426708,0.0,8.796543733938712e-05
802,2,28.0,377444.7172619992,0.06367374295915343,4.63901059391419e-13,2,0.07206520548195175,0.0,0.00015581568654559626
803,8,33.0,80590.56008954134,0.0549206208031307,5.713711547339321e-13,2,0.06443791515015788,0.03571428571428571,0.0005612570009049783
804,4,31.0,74935.19388788023,0.06028507273259787,7.955179637089462e-12,2,0.07085951107220834,0.0,0.0002689382687635138
805,2,33.0,17.33333333333333,0.05194586693866392,3.675775244879869e-15,2,0.0582143248956185,0.0,0.00015515653697322407
806,1,35.0,0.0,0.04948709729123257,1.0404363258470303e-14,1,0.05505325659407856,0.0,0.0001074046732452979
807,2,34.0,4939.0,0.05206302366022027,7.770541188773763e-14,1,0.05916294405095034,0.0,0.00018128575568419517
808,2,33.0,4597.323401565535,0.05387131952017448,1.5893164395952168e-13,2,0.061046869643633504,0.0,0.00016190352058561666
809,2,34.0,1128.7281618708037,0.0512453448687227,5.4565112298388686e-14,2,0.05763904981761718,0.0,0.00016313632088662362
810,1,34.0,0.0,0.050104977026766605,3.59771298268255e-14,1,0.05590794994404699,0.0,9.495582789953666e-05
811,4,33.0,9833.438379337967,0.05274734661626839,2.693460370660489e-13,2,0.060202756034869645,0.16666666666666666,0.00030398870974114996
812,2,32.0,16230.446939268879,0.057381143208930084,9.260514763059885e-13,2,0.06566089319849601,0.0,0.00015656125446845233
813,2,32.0,16230.446939268879,0.057381143208930084,9.260515606485727e-13,2,0.06566089319849601,0.0,0.00015656125446827896
814,3,32.0,2085.742683270701,0.05477690055885745,5.53475967313319e-14,2,0.0622604625378069,0.0,0.00019383431487976006
815,4,30.0,83719.35116642194,0.05956184665838749,4.937856686488492e-13,2,0.06875769996125021,0.0,0.00027393155844455724
816,1,31.0,0.0,0.05621429709369808,6.597869528276686e-14,1,0.06310052362712905,0.0,8.85686832490245e-05
817,2,35.0,3423.291668789211,0.048635929546819466,6.55367294050802e-15,2,0.054041563871052994,0.0,0.00016994750085238633
818,2,36.0,21.67777777777778,0.04639107488308322,1.3329442782914473e-15,2,0.05106804054053328,0.0,0.00017358756333663654
819,3,35.0,7078.148893426598,0.048597174674379254,3.3153810430907378e-15,2,0.05392262278461963,0.0,0.0002505940531582852
820,2,34.0,11966.221115649481,0.05106629314533219,2.2713615197309834e-14,2,0.05716058402804673,0.0,0.00016532555833439417
821,1,34.0,0.0,0.05206192629127278,7.628117521151673e-14,1,0.059027991284418546,0.0,8.999178342569195e-05
822,3,33.0,1561.6940460195779,0.051675261775997156,2.4928288805661367e-13,2,0.05887162760268252,0.3333333333333333,0.00022577328549943268
823,2,34.0,13080.336837935012,0.05321039649285322,4.020359307706448e-14,2,0.060198535308138464,0.0,0.00015912170950985944
824,2,34.0,13080.336837935012,0.05321039649285322,4.0203301100593006e-14,2,0.060198535308138464,0.0,0.00015912170950985944
825,2,34.0,3721.459714795016,0.057028075360177316,0.0,2,0.06623986384421757,0.0,0.0001553538217427991
826,3,33.0,7473.58640199671,0.05961000096534415,0.0,2,0.07056899630623616,0.0,0.00022645611990615756
827,4,33.0,14866.654634254675,0.06038012589378476,1.982156367112365e-17,2,0.07069515253030155,0.16666666666666666,0.00026937117539329263
828,3,32.0,22978.41668747906,0.06420170251478328,0.0,2,0.0767311079089424,0.0,0.00019394513935640516
829,4,32.0,46351.29864237312,0.06333333333333334,0.0,2,0.07711464072526218,0.0,0.0002751647413655237
830,1,33.0,0.0,0.05951592111128513,1.7934925088639354e-17,1,0.06931955860943054,0.0,9.944965633075953e-05
831,14,33.0,76426.13483193185,0.05930870541342009,2.1892541767555986e-16,2,0.07246027319360888,0.010989010989010988,0.0010563569475554781
832,2,32.0,77147.28760832193,0.06290669688904736,0.0,2,0.07613463482388659,0.0,0.00014842699975171312
833,6,34.0,10672.737970641387,0.05637917850743543,0.0,2,0.06713051788823407,0.06666666666666667,0.00038649240364684625
834,2,33.0,13802.901054946646,0.05962295121539093,0.0,2,0.07076491880479016,0.0,0.0001435838251364031
835,3,34.0,5931.137375903008,0.0563091302861051,9.384603255061599e-18,2,0.06560033023962562,0.3333333333333333,0.00020351088041404872
836,2,33.0,10757.806423521253,0.05959202383680953,8.906597956581406e-19,2,0.07025450816280075,0.0,0.00014649215073696007
837,5,32.0,199558.69616133007,0.06523691299984152,0.0,2,0.07921330431215168,0.0,0.00030831013155105505
838,2,34.0,193053.34781337454,0.062208789824959074,1.0395986887039754e-17,2,0.07148275546742615,0.0,0.00016230639447240678
839,2,34.0,193101.98905182656,0.06222446151908301,3.2921185113996844e-17,2,0.0704118630197489,0.0,0.00017340991926039688
840,2,33.0,194354.65794154882,0.06322309818777516,3.299784558975856e-17,2,0.07119809461227364,0.0,0.00017428582242365803
841,1,31.0,0.0,0.06388702084734364,1.7013527924736493e-17,1,0.07306191711202965,0.0,0.00010961310685499842
842,2,30.0,4939.0,0.06824618360157492,7.473133059033523e-18,1,0.08009789701657198,0.0,0.00018648207005985722
843,4,33.0,14562.883982683983,0.05960137059022248,6.878543401062498e-17,2,0.07054417463667766,0.0,0.0002746779547442272
844,3,35.0,1465.1756937506923,0.05555118243053291,0.0,2,0.0644806686913556,0.0,0.00021470480243458687
845,3,34.0,948.2857142857134,0.057026758709856164,1.796000611498537e-17,2,0.06594003799530267,0.3333333333333333,0.00021732969628492793
846,9,35.0,96865.72132856444,0.05559119093435963,1.907558222015211e-17,2,0.06592514526741136,0.027777777777777776,0.0006002019151736313
847,3,36.0,34537.0,0.052671983622638294,0.0,1,0.06067149028404846,0.0,0.000257622435678629
848,6,37.0,24685.0,0.05004203936505364,1.3074405557826035e-16,1,0.05682331148925782,0.0,0.0005839758298052008
849,4,34.0,14814.000000000002,0.056361167839906905,6.135698215415203e-17,1,0.06636610686066528,0.0,0.00036264408713429584
850,2,35.0,4939.0,0.0533955921614406,0.0,1,0.06190508069044151,0.0,0.000172345573417128
851,1,35.0,0.0,0.053394437899242315,0.0,1,0.06177012792390979,0.0,8.428124200254759e-05
852,5,34.0,79719.42790013168,0.05970077103424939,0.0,2,0.07004677753814723,0.0,0.00031666687260859563
853,3,33.0,215399.13234912572,0.06337802296491116,0.0,2,0.07475090807629944,0.0,0.00020558453543749523
854,9,34.0,57000.42589829468,0.05640557204841288,0.0,2,0.06793637869409473,0.05555555555555555,0.0005709495697724398
855,5,33.0,159714.43849774048,0.05972242371487983,0.0,2,0.072891147838914,0.0,0.0003433212722697564
856,2,32.0,161429.71650584348,0.0633788360874474,0.0,2,0.0774539505382562,0.0,0.00014608450059836698
857,3,36.0,7047.667897652981,0.053437178863107795,0.0,2,0.061223887595494283,0.0,0.00018827443184625273
858,2,34.0,117.932412032412,0.057014911592262595,0.0,2,0.06578363737837573,0.0,0.0001390238349047357
859,5,35.0,7293.098076042374,0.054081275179541075,0.0,2,0.06381318331019924,0.2,0.00030222547800323393
860,3,34.0,75670.07956500775,0.057118410859435524,0.0,2,0.06802991589742713,0.0,0.00019678691105896634
861,2,34.0,41.11475468975468,0.05634638196915777,0.0,2,0.06606149918763665,0.0,0.0001426503073855917
862,2,34.0,16.68376623376623,0.056318759619221344,0.0,2,0.06567230504844254,0.0,0.00014348038297927343
863,2,34.0,41.11475468975468,0.05634638196915777,0.0,2,0.06606149918763665,0.0,0.0001426503073855917
864,4,35.0,36170.9767721288,0.05343082114735658,0.0,2,0.06285215992699442,0.3333333333333333,0.0002612622050350302
865,2,35.0,2499.770740860448,0.05638368297304084,0.0,2,0.06479199151216396,0.0,0.00014502462277940303
866,1,35.0,0.0,0.05337078651685393,0.0,1,0.06136358271473298,0.0,8.511131759622931e-05
867,1,34.0,0.0,0.05598875691359144,0.0,1,0.06536071539398142,0.0,9.449418460975278e-05
868,1,34.0,0.0,0.05598875691359144,0.0,1,0.06536071539398142,0.0,9.449418460975278e-05
869,3,34.0,4657.4189364510585,0.05637789164945277,0.0,2,0.06634981288461736,0.3333333333333333,0.00021253469865626813
870,1,36.0,0.0,0.05266412230016418,0.0,1,0.060148548313738094,0.0,8.70439635126507e-05
871,3,33.0,29436.04152261279,0.06129336443495955,0.0,2,0.07246547548121361,0.3333333333333333,0.00018180963394736344
872,2,33.0,17761.396490937634,0.06127283777582079,0.0,2,0.07206961403272051,0.0,0.00013147633669459525
873,2,35.0,5484.140156387116,0.05636888528817737,0.0,2,0.06464410577217292,0.0,0.00014165451593223016
874,4,35.0,2862.5918954366953,0.054757470958588274,0.0,2,0.06381940524786289,0.0,0.00025141577816793455
875,4,36.0,2548.90887850394,0.05207015768614554,0.0,2,0.06052363050528084,0.0,0.0002411342824473326
876,3,35.0,3878.240666004299,0.0540830514226908,0.0,2,0.06309440220254853,0.0,0.0001920826099452138
877,2,34.0,0.0,0.05698137147471019,0.0,2,0.06528559740665148,1.0,0.00014917634913130419
878,5,35.0,9230.289030235568,0.054745941153654346,0.0,2,0.06380759688079136,0.1,0.000290189433178084
879,1,38.0,0.0,0.04765763679864166,0.0,1,0.05283797818091568,0.0,0.00011308813630196421
880,2,36.0,0.0,0.05345394736842105,0.0,2,0.06130003951375149,1.0,0.0001443401696315272
881,3,36.0,168.52810245310238,0.05133694285387677,0.0,2,0.05948669800545788,0.0,0.0001874159937377451
882,3,37.0,4254.341281346218,0.0507791620410345,0.0,2,0.05777339192657559,0.0,0.0001943721305850399
883,4,36.0,6400.341264381637,0.05197866139163922,0.0,2,0.06017044428275381,0.16666666666666666,0.00025208718935740016
884,2,36.0,2215.1331947856647,0.05268546563713152,0.0,2,0.06070426452734901,0.0,0.00014061249125098323
885,4,34.0,6405.68602353078,0.05784136945882022,0.0,2,0.06774889861357042,0.16666666666666666,0.00024199639084313817
886,1,38.0,0.0,0.04765763679864166,0.0,1,0.05283797818091568,0.0,0.00011308813630196421
887,1,38.0,0.0,0.04765763679864166,0.0,1,0.05283797818091568,0.0,0.00011308813630196421
888,1,38.0,0.0,0.04765763679864166,0.0,1,0.05283797818091568,0.0,0.00011308813630196421
889,1,38.0,0.0,0.04765763679864166,0.0,1,0.05283797818091568,0.0,0.00011308813630196421
890,2,35.0,0.0,0.05548130594458608,0.0,2,0.06344201436322744,1.0,0.0001279884680813009
891,3,35.0,1894.7431950296993,0.0534198432008651,0.0,2,0.06253502092564489,0.3333333333333333,0.00019213553074466525
892,3,35.0,894.0256962448491,0.0540097304980047,0.0,2,0.06240413183535742,0.3333333333333333,0.00019343792424033517
893,3,37.0,465.93725136781757,0.050881674357284114,0.0,2,0.05831072873899705,0.0,0.00019030322594343262
894,3,36.0,2351.154780223801,0.052785673070758446,0.0,2,0.06122228591471108,0.0,0.00019538661701421677
895,5,34.0,13149.911399978879,0.05603829661728339,0.0,2,0.06670397739513784,0.1,0.0003242576844600432
896,3,35.0,168.49523809523797,0.05348925342428672,0.0,2,0.062284520235401424,0.3333333333333333,0.00019795086142296035
897,2,35.0,193.5771631146674,0.05405937776999595,0.0,2,0.06259555894054705,0.0,0.0001389078862983657
898,1,36.0,0.0,0.05068954194713512,1.5925907295024507e-17,1,0.05731342021132542,0.0,0.00010360509578185934
899,2,35.0,1811.7209205781767,0.05473684210526316,0.0,2,0.06275312076639278,0.0,0.00014803931220804133
900,3,35.0,35863.816019715916,0.056421033395769565,0.0,2,0.06554917292724025,0.3333333333333333,0.00020222190394940195
901,2,35.0,42.99657287157287,0.0547313841278986,0.0,2,0.06311234914606952,0.0,0.00013139853139019817
902,6,35.0,26135.433385367996,0.05639076287341758,0.0,2,0.06555447464306828,0.13333333333333333,0.000345351908825514
903,2,34.0,187.19523809523812,0.056363740087854414,0.0,2,0.06599267002747462,0.0,0.00015607093189047892
904,1,34.0,0.0,0.05598875691359144,0.0,1,0.06536071539398142,0.0,9.449418460975278e-05
905,1,34.0,0.0,0.05598875691359144,0.0,1,0.06536071539398142,0.0,9.449418460975278e-05
906,1,34.0,0.0,0.05598875691359144,0.0,1,0.06536071539398142,0.0,9.449418460975278e-05
907,1,35.0,0.0,0.05335464639046097,0.0,1,0.060988124839275105,0.0,0.00010742009559562321
908,1,35.0,0.0,0.05335464639046097,0.0,1,0.060988124839275105,0.0,0.00010742009559562321
909,1,35.0,0.0,0.05335464639046097,0.0,1,0.060988124839275105,0.0,0.00010742009559562321
910,1,34.0,0.0,0.05598875691359144,0.0,1,0.06536071539398142,0.0,9.449418460975278e-05
911,1,37.0,0.0,0.05003697063619881,0.0,1,0.05614854765659933,0.0,0.00010335125052185286
912,3,36.0,29613.0,0.05267086043288197,0.0,1,0.06062088299659907,0.0,0.00025592946480499935
913,1,38.0,0.0,0.047653958944281524,2.1304985641572704e-18,1,0.0526692872227509,0.0,0.00011480097772573094
914,1,38.0,0.0,0.047653958944281524,3.565197694475316e-18,1,0.0526692872227509,0.0,0.00011480097772573094
915,1,38.0,0.0,0.047653958944281524,2.708988645550334e-18,1,0.0526692872227509,0.0,0.00011480097772573094
916,1,38.0,0.0,0.047653958944281524,3.682224571918191e-18,1,0.0526692872227509,0.0,0.00011480097772573094
917,3,37.0,9877.0,0.05003798429982274,5.939306014921737e-17,1,0.05639146263635635,0.0,0.0002980332375747329
918,3,37.0,9877.0,0.05003798429982274,5.693048415560469e-17,1,0.05639146263635635,0.0,0.0002980332375747329
919,1,34.0,0.0,0.05598875691359144,0.0,1,0.06536071539398142,0.0,9.449418460975278e-05
920,1,34.0,0.0,0.05598875691359144,0.0,1,0.06536071539398142,0.0,9.449418460975278e-05
921,3,36.0,29613.0,0.05072753971432385,0.0,1,0.05830508205825115,0.0,0.00025423801423620054
922,1,38.0,0.0,0.04605759997016512,3.7427144607477504e-18,1,0.050968454476384414,0.0,0.00011453901137288963
923,1,38.0,0.0,0.04605759997016512,3.416466343149723e-18,1,0.050968454476384414,0.0,0.00011453901137288963
924,1,38.0,0.0,0.04605759997016512,3.65991570431239e-18,1,0.050968454476384414,0.0,0.00011453901137288963
925,1,38.0,0.0,0.04605759997016512,4.715562121690623e-18,1,0.050968454476384414,0.0,0.00011453901137288963
926,3,37.0,9877.0,0.04828084989933345,6.064978860731186e-17,1,0.05444322544624811,0.0,0.00029710865044707264
927,3,37.0,9877.0,0.04828084989933345,6.223021204941686e-17,1,0.05444322544624811,0.0,0.00029710865044707264
928,6,34.0,16123.61704040564,0.05784340128566912,0.0,2,0.06808941336197974,0.2,0.0003361020102348019
929,5,34.0,14647.278414652272,0.05783121246531883,0.0,2,0.06777082843813181,0.3,0.00028650227794970275
930,3,36.0,3264.7892455591978,0.053525766046894636,0.0,2,0.06136452321073382,0.0,0.00020281030767947193
931,2,36.0,3945.000044166861,0.053412912084941665,0.0,2,0.0607327559201521,0.0,0.00013435518449547829
932,1,34.0,0.0,0.05598875691359144,0.0,1,0.06536071539398142,0.0,9.449418460975278e-05
933,2,39.0,4939.0,0.04852413928588969,2.7420209857238396e-17,1,0.05508789168246369,0.0,0.00019120141142183077
934,3,39.0,2116.571762247235,0.04820640930559351,7.753397409827539e-18,2,0.054536956572593234,0.3333333333333333,0.0002178120290150217
935,2,39.0,0.0,0.0481847798521293,0.0,2,0.0541230210928684,1.0,0.00014895410787671851
936,2,40.0,184.93333333333317,0.046337116593190134,0.0,2,0.05247839636852894,0.0,0.0001582725494391027
937,4,35.0,7586.453575299864,0.059241848249727176,0.0,2,0.0693625038504706,0.16666666666666666,0.00025646722744624025
938,1,36.0,0.0,0.055929171478386885,0.0,1,0.06356950671520253,0.0,8.485751291189642e-05
939,4,36.0,359.0966438789981,0.05649975981883478,0.0,2,0.06534200952116502,0.0,0.000273011623745428
940,4,36.0,7434.980942669472,0.056652675520080735,3.690887456383982e-18,2,0.06544446346697147,0.0,0.00028028201839066846
941,4,39.0,17899.70680918143,0.048542735294695674,7.442596502425509e-18,2,0.05580056351355632,0.0,0.0003115337135934138
942,3,38.0,21098.07126173397,0.05096829441928129,0.0,2,0.058592027511759355,0.0,0.0002362949917169163
943,4,37.0,7254.282079707639,0.05328845884167718,0.0,2,0.062300667377185405,0.16666666666666666,0.00025369472562416416
944,4,36.0,30946.08386478005,0.05615678428519462,0.0,2,0.06545405266857475,0.3333333333333333,0.00024668860517256
945,3,35.0,218492.65806528725,0.05944788081542275,0.0,2,0.07021504649451105,0.0,0.0001915222854552022
946,2,39.0,4939.0,0.048497938346750445,3.0753425884866905e-17,1,0.05458157782088679,0.0,0.00019274045831752862
947,1,40.0,0.0,0.046255114748265436,1.7732688748514338e-17,1,0.051171647561779936,0.0,0.00011227292186450496
948,5,41.0,4020.715476190824,0.04426919974908146,0.0,2,0.05019422629557993,0.0,0.00032268787384179503
949,4,40.0,4476.286904761194,0.046307145736274244,0.0,2,0.052824979609848874,0.0,0.00025648606929632833
950,4,40.0,2289.2178571425015,0.046305409484172735,0.0,2,0.05284016179608369,0.0,0.000253683478145354
951,5,39.0,11830.752380954438,0.04853939650005404,0.0,2,0.05601424602987021,0.0,0.00031035222248406515
952,5,35.0,22392.172026150227,0.06012877782781747,0.0,2,0.07077960987021246,0.0,0.00028982414150303536
953,5,34.0,51250.43986990325,0.06392918613228424,0.0,2,0.0767269272254224,0.0,0.00031894185749147463
954,3,35.0,35380.33809596833,0.059277391794761033,0.0,2,0.06941775561624866,0.3333333333333333,0.00019097274509682
955,1,36.0,0.0,0.056684528795511134,1.6454997128507205e-17,1,0.06419860546473498,0.0,0.00010380277540842834
956,4,35.0,13812.048493746413,0.0592503748125937,0.0,2,0.06923299885254458,0.0,0.000274709173309896
957,1,36.0,0.0,0.055936771066875016,0.0,1,0.06349724710346923,0.0,8.873392640791947e-05
958,3,38.0,13904.126190473846,0.05098197054604374,0.0,2,0.05889904505561922,0.3333333333333333,0.0001969690853220872
959,3,37.0,44662.38792839739,0.05368864930661218,0.0,2,0.06280709760778835,0.0,0.00020407466722512988
960,2,38.0,204.9832223332223,0.05124428169832263,0.0,2,0.05874345134146055,0.0,0.00015660087929247334
961,2,36.0,736.4414618061621,0.05686527304540013,0.0,2,0.06559049967039463,0.0,0.00015146120435121716
962,2,40.0,20.349999999999998,0.046301937370537345,0.0,2,0.05236083848781324,0.0,0.000139253848437877
963,3,34.0,25791.89574592077,0.06382099116324738,0.0,2,0.0753602164508169,0.0,0.0002120415799461069
964,2,40.0,2227.919047618692,0.046299333626999825,0.0,2,0.052300350729957104,0.0,0.00014813657696976287
965,4,37.0,4719.9375108948025,0.053675815459504096,0.0,2,0.06253438055875535,0.16666666666666666,0.0002733529918310448
966,2,37.0,3250.5340255062133,0.0544899017196307,0.0,2,0.06395506363112119,0.0,0.0001417603969108283
967,2,38.0,20.369047619047617,0.05097407957734852,0.0,2,0.058725534355792613,0.0,0.00014025785229405998
968,3,37.0,4894.369047619048,0.05367406586481524,0.0,2,0.062466341872295585,0.3333333333333333,0.00019470182784489022
969,4,38.0,11917.497952723239,0.05061630992755925,0.0,2,0.05800241302266245,0.16666666666666666,0.00026768222388809913
970,3,40.0,46.26666666666666,0.04630237135626582,0.0,2,0.052536518071387435,0.0,0.00020573279646744842
971,4,39.0,4955.758333333333,0.04853748882360455,0.0,2,0.05590965763580822,0.0,0.0002554974097718294
972,1,37.0,0.0,0.05314742493195193,0.0,1,0.06015376316803389,0.0,8.89573398645183e-05
973,4,36.0,30855.97182612732,0.056129985228951254,0.0,2,0.0652823895363853,0.16666666666666666,0.0002757605307527281
974,3,36.0,9.916666666666666,0.05612934746793014,0.0,3,0.06424146872240448,0.0,0.0001745082564637916
975,3,36.0,74.13015873015871,0.05674052123175172,0.0,2,0.06538570783604812,0.0,0.00019304686989114145
976,2,41.0,986.5761904762775,0.04425690506266742,0.0,2,0.04937438823889997,0.0,0.00015132527617363518
977,2,41.0,0.0,0.044256112091594024,0.0,2,0.04931872022270565,1.0,0.0001439867488931395
978,2,38.0,16685.585714288616,0.05099354838709677,0.0,2,0.05925474199026376,0.0,0.00013812371011813878
979,3,34.0,20996.295742738075,0.0635574139594725,0.0,2,0.07425376126851649,0.0,0.00023613044399371617
980,2,35.0,3992.0880952380935,0.05976360710872379,1.1943547543500008e-17,2,0.06820274436609455,0.0,0.00017389329181498206
981,3,36.0,6442.82953990464,0.056861345795253114,2.286689985590148e-17,2,0.06560929666287584,0.0,0.00024058846980566558
982,1,37.0,0.0,0.05380267270766852,9.475099061256581e-19,1,0.060649772389919664,0.0,9.852496019117044e-05
983,2,35.0,4939.0,0.06009001338036735,1.3792489154290765e-18,1,0.06971308136947335,0.0,0.00017281070195028842
984,3,35.0,6958.484842118668,0.05924469016466186,0.0,2,0.06896984095780778,0.0,0.00021298855263609317
985,1,36.0,0.0,0.055931704445098616,0.0,1,0.06337578961359065,0.0,9.070498365976216e-05
986,3,37.0,138.43611111111107,0.05372485046220772,0.0,2,0.06112455598464253,0.3333333333333333,0.00020276554117713892
987,3,37.0,7315.93413396372,0.053295357693842985,4.007627091640262e-17,2,0.06171926269485177,0.0,0.00024054755805463888
988,1,38.0,0.0,0.05059920106524634,3.5907678647819366e-18,1,0.05723980061704514,0.0,9.851336852837554e-05
989,3,36.0,13739.585464062726,0.05624950183892602,0.0,2,0.0663384414669652,0.0,0.00021140327303526267
990,1,41.0,0.0,0.04424937298459333,1.9045165367504918e-18,1,0.04889370439283163,0.0,0.00011135045098015735
991,3,35.0,4881.135714285713,0.060041810491516356,1.0935878200007548e-17,2,0.06958339380557528,0.0,0.00020690807848102434
992,4,40.0,13124.929761906938,0.046299333626999825,4.171520481537928e-18,2,0.05247892215852842,0.16666666666666666,0.0002645530470472602
993,4,39.0,22962.55476190199,0.0485360581646689,0.0,2,0.05574578641930559,0.16666666666666666,0.0002559639135668973
994,3,40.0,9877.0,0.04629759796065641,3.738758417497275e-17,1,0.05214314682275324,0.0,0.00028585490788444735
995,3,37.0,7948.122053101001,0.05319263486594164,0.0,2,0.06094306889155009,0.3333333333333333,0.00019310464644704497
996,2,40.0,13.133333333333335,0.0462919579436625,1.4576174299023977e-17,2,0.05201357610107722,0.0,0.00015805560166023803
997,5,36.0,69388.22998960518,0.05758314002960752,0.0,2,0.06932220127562479,0.1,0.0003136156415723203
998,2,41.0,9.10833333333333,0.04425928414639609,0.0,2,0.049480663542543664,0.0,0.00014399322526850478
999,1,41.0,0.0,0.04424937298459333,1.989757425345063e-18,1,0.04889370439283163,0.0,0.00011135045098015735
1000,2,39.0,7.466666666666667,0.048534150750609135,0.0,2,0.055572275719479196,0.0,0.00013785221222684896
1001,2,39.0,4915.200000000001,0.048520803048756535,3.111558496594296e-17,2,0.055022343195862584,0.0,0.00016330921313310618
1002,2,38.0,9839.066666666668,0.0509867063000578,0.0,2,0.059028696106323,0.0,0.00015477024787752762
1003,2,38.0,1956.638428913911,0.05060023763674356,0.0,2,0.05770623989754174,0.0,0.00014698105067484195
1004,2,38.0,170.9583333333333,0.0506251281000205,0.0,2,0.05787027177210005,0.0,0.00014139295485188666
1005,11,37.0,167913.30999945095,0.05372251343062836,0.0,2,0.06473354835002909,0.0,0.0007118372439769657
1006,6,36.0,231941.0841431831,0.05670795403671094,0.0,2,0.06807382815762517,0.13333333333333333,0.0003597055410679166
1007,1,38.0,0.0,0.05098407521699194,0.0,1,0.058826266956525285,0.0,8.536383229596423e-05
1008,1,38.0,0.0,0.05098407521699194,0.0,1,0.058826266956525285,0.0,8.536383229596423e-05
1009,1,38.0,0.0,0.05098407521699194,0.0,1,0.058826266956525285,0.0,8.536383229596423e-05
1010,5,36.0,3967.3044705294647,0.056768558951965066,0.0,2,0.06602583525249142,0.0,0.0003079708855734657
1011,3,35.0,6287.817561896447,0.06011341234880382,0.0,2,0.07030245544568955,0.0,0.0001955573489699827
1012,3,36.0,6312.169555444559,0.05666307265261178,1.0956868507267304e-17,2,0.06456484235425129,0.3333333333333333,0.00021179188596818775
1013,2,35.0,11175.68622211122,0.06000971817298348,0.0,2,0.06912953479908476,0.0,0.0001504443757552907
1014,3,38.0,21314.464118876826,0.05099723334847421,0.0,2,0.059450423501734864,0.0,0.00023282534628884274
1015,3,36.0,3573.5464563219016,0.05621877525008251,0.0,2,0.06471063181302515,0.0,0.00022375065648610153
1016,3,37.0,5081.542658730259,0.05379564189961777,9.287184177634025e-18,2,0.06119988112353509,0.0,0.00023594116576438882
1017,1,38.0,0.0,0.05104993386243386,0.0,1,0.0568859026192666,0.0,9.7208224046122e-05
1018,2,36.0,0.3333333333333333,0.05590511973201756,0.0,2,0.06345400817865134,0.0,0.00012694181310556434
1019,4,35.0,4131.324951035728,0.059212734333796806,0.0,3,0.0689153924823067,0.16666666666666666,0.00022837582898414043
1020,1,38.0,0.0,0.05057744287001392,0.0,1,0.05705830596013375,0.0,8.795033665966008e-05
1021,5,37.0,16472.434874042872,0.053271219522715754,0.0,2,0.061767121975218615,0.1,0.00033877711517719586
1022,4,35.0,5525.533285104719,0.0592113148747453,0.0,3,0.06884791609904087,0.16666666666666666,0.00022613516407948194
1023,4,35.0,3592.1543822898993,0.05946004501630939,0.0,3,0.06966650686013033,0.0,0.00022350724281588942
1024,4,35.0,3592.1543822898993,0.05946004501630939,0.0,3,0.06966650686013033,0.0,0.00022350724281557896
1025,2,39.0,7138.585714287135,0.04853367392051874,0.0,2,0.05551492079370324,0.0,0.0001480503796166888
1026,8,38.0,39440.01633298882,0.05100039231071008,0.0,2,0.06012856115355714,0.0,0.0005151445395303329
1027,1,39.0,0.0,0.04852604591310498,0.0,1,0.05519778179235378,0.0,8.509233440467439e-05
1028,4,37.0,2543.5934065321317,0.05321383559725529,0.0,2,0.061406005078170456,0.3333333333333333,0.00025149467384568336
1029,1,34.0,0.0,0.06380532916575178,0.0,1,0.07483390066134323,0.0,8.947876468060859e-05
1030,10,33.0,473673.4394086041,0.06815297169030407,2.8525350277933456e-17,2,0.08342779941518971,0.0,0.0006955357364827458
1031,4,35.0,3032.9353802326214,0.05918719447905684,0.0,3,0.06844161187694726,0.16666666666666666,0.00023133859382374898
1032,2,34.0,7911.635380231259,0.06286346919817264,0.0,2,0.0735958359454608,0.0,0.0001308582031520954
1033,2,34.0,301771.63726967876,0.06508135168961202,0.0,2,0.07744958656558025,0.0,0.00015441079086786502
1034,4,40.0,7586.146428570483,0.046301937370537345,1.662194882566943e-17,2,0.052598933725908285,0.0,0.00027019988560658307
1035,2,39.0,12458.304761903808,0.048533197099797615,0.0,2,0.05542864741795619,0.0,0.00014217307366672197
1036,2,35.0,7316.83383797497,0.05982367758186398,0.0,2,0.06882576900227692,0.0,0.000156821781785811
1037,2,38.0,4910.666666666666,0.050989337654696903,0.0,2,0.05911304158540537,0.0,0.00013965703187236134
1038,1,34.0,0.0,0.06380532916575178,0.0,1,0.07483390066134323,0.0,8.947876468060859e-05
1039,1,34.0,0.0,0.06380532916575178,0.0,1,0.07483390066134323,0.0,8.947876468060859e-05
1040,1,34.0,0.0,0.06380532916575178,0.0,1,0.07483390066134323,0.0,8.947876468060859e-05
1041,3,37.0,4963.038888888889,0.05370090552336641,2.647190936912348e-17,2,0.060806927706487955,0.0,0.0002262558374625775
1042,1,38.0,0.0,0.05096461363870835,9.4151790130132e-19,1,0.05658165577436828,0.0,9.446404769394953e-05
1043,2,39.0,4682.619047619256,0.04853558129709867,0.0,2,0.055616135368602,0.0,0.00013959562413002366
1044,3,37.0,10.305555555555555,0.05366648560564911,0.0,2,0.06060141122566784,0.3333333333333333,0.00021192198538503047
1045,2,39.0,15.583333333333334,0.04853272028844548,0.0,2,0.05545563797126253,0.0,0.0001475592809414814
1046,4,36.0,5.033333333333333,0.055912712785222744,0.0,3,0.06384681712409195,0.3333333333333333,0.00022302005057572906
1047,3,41.0,32.76666666666666,0.044263646464284434,0.0,2,0.049716830883974106,0.3333333333333333,0.00020262705640953043
1048,2,42.0,8.833333333333332,0.04239506363550544,0.0,2,0.04710309206216126,0.0,0.0001495284080063163
1049,4,38.0,31380.40833333713,0.050999339279814995,0.0,2,0.059619114459899605,0.16666666666666666,0.00025598762774480584
1050,10,34.0,124954.20158081983,0.06293153965706133,0.0,3,0.07567169867921827,0.022222222222222223,0.0005590131694113982
1051,2,35.0,4923.6197248828,0.05921912274182141,0.0,2,0.06879345301826201,0.0,0.00013743427538741
1052,5,33.0,387806.34260762983,0.06707126661507339,0.0,2,0.08127652790798698,0.0,0.00030200308755871984
1053,1,40.0,0.0,0.04627894776287192,1.5684315788935967e-17,1,0.05150919013616472,0.0,0.00011161882693382982
1054,2,36.0,5.222222222222221,0.05667347360209256,8.555529068415209e-20,2,0.06459183290755764,0.0,0.00014367879578487666
1055,3,35.0,16881.174248463703,0.06024537183833752,1.0599198428976577e-17,2,0.0706664318876013,0.0,0.00022266355491485715
1056,3,36.0,9893.415873015874,0.056741172957202914,0.0,2,0.06541944602768104,0.0,0.00019608920229670804
1057,3,37.0,1208.7528142652116,0.054493508212634996,0.0,2,0.0642310741702896,0.6666666666666666,0.00018979668902061744
1058,2,34.0,222899.4691763984,0.06299092114658777,0.0,2,0.07451153124880792,0.0,0.00013596339951020374
1059,4,36.0,80.43982943097492,0.05613062300446545,0.0,3,0.0643764214889362,0.16666666666666666,0.00022079428839014826
1060,5,36.0,24983.81441035667,0.049396542242043054,7.769080512498725e-13,2,0.05948371079039074,0.0,0.00035832390638742195
1061,2,35.0,14907.296094067193,0.0519409513395298,2.7374941186348862e-12,2,0.06353948846724541,0.0,0.00014844178169406277
1062,2,35.0,14907.296094067193,0.0519409513395298,2.7374909678612496e-12,2,0.06353948846724541,0.0,0.00014844178169392308
1063,5,31.0,71750.09531283205,0.05886979526658245,6.912189556332142e-09,2,0.07246081179638451,0.0,0.00038307263963208756
1064,1,32.0,0.0,0.05573544842214525,6.246033695483794e-09,1,0.0660995741387057,0.0,9.566275878465095e-05
1065,3,30.0,225102.35926107108,0.06251977472631778,4.792752905044273e-08,2,0.0792893543878174,0.0,0.00020192329397498255
1066,3,33.0,11651.075247960944,0.05284270203776007,1.246414792394178e-10,2,0.06213030969199048,0.0,0.00024311182274714871
1067,3,33.0,24628.942512736103,0.0517331657765211,6.1116963332853005e-15,2,0.060813838838674306,0.0,0.0002252030201160415
1068,2,32.0,14725.462923034727,0.05452418268912386,2.160573808116976e-14,2,0.06516640751941957,0.0,0.00014934012818439507
1069,7,32.0,122220.95194166881,0.05898718760074988,1.6225472436793442e-11,2,0.0735304797304082,0.047619047619047616,0.00046530006024636734
1070,3,31.0,182671.5288117798,0.06235248084617618,1.0692461719111825e-10,2,0.07781712877706172,0.0,0.00019791992730675657
1071,3,29.0,24403.021062271066,0.061743825617438255,1.4625942543677477e-15,2,0.06788871238953291,0.0,0.0002741245132514269
1072,7,30.0,324335.0701955295,0.06493079743957099,1.169734701607099e-12,2,0.07925982839192657,0.0,0.0004475145003461812
1073,3,29.0,252567.06489344186,0.0691353878019425,6.683079859179046e-12,2,0.08374121166417679,0.0,0.00018947324624393885
1074,3,29.0,13324.699255972691,0.06540447504302926,1.433493233270005e-10,2,0.08308709732401223,0.3333333333333333,0.00019399420025537867
1075,3,31.0,4495.428793183885,0.0579227540276247,4.99522115048829e-12,2,0.06924122617563279,0.0,0.00022442772252111967
1076,2,30.0,8415.782589306167,0.061401546225172146,1.9824083045064807e-11,2,0.07489399832820348,0.0,0.00014891110519959223
1077,1,31.0,0.0,0.05642038900373471,1.913954672501295e-14,1,0.06620125983540502,0.0,9.653315188910021e-05
1078,5,29.0,83437.85101018457,0.06928859964093358,1.537664979236692e-10,2,0.08647745759564883,0.1,0.00030832629451310145
1079,1,30.0,0.0,0.06479963271463239,2.0548625851913695e-11,1,0.0776066785336168,0.0,8.277369714678972e-05
1080,2,30.0,27285.942048857556,0.06172608114355687,2.166744400244684e-11,2,0.07674784960513159,0.0,0.0001552873475151126
1081,3,35.0,22645.37700727266,0.05018591137208688,4.8191919020155134e-14,2,0.0582454670261875,0.0,0.00025270220839361784
1082,4,31.0,34882.291327713865,0.056439082350790606,2.0358989334080142e-14,2,0.06688646644166413,0.0,0.0003336216314027107
1083,3,37.0,9877.0,0.046952819070068055,1.317553397799613e-10,1,0.05600938574179545,0.0,0.00026689652296204235
1084,2,31.0,18440.32610788704,0.05770758375776833,5.300867078059201e-13,2,0.07033919921187688,0.0,0.00015696152343813363
1085,6,31.0,38864.15934359479,0.058944956865178325,5.330366606849132e-10,2,0.07347578593747935,0.0,0.0003702707208265254
1086,4,30.0,78374.90729168947,0.06253560351921007,2.7318674068449183e-09,2,0.0793832643704353,0.16666666666666666,0.00023763330578434872
1087,6,31.0,14433.791833637837,0.05876894525208785,8.667888545836253e-10,2,0.07303974948522667,0.0,0.0003667238350018191
1088,4,30.0,19947.00829897459,0.06233281179023873,2.771259467505001e-09,2,0.07873791878842235,0.16666666666666666,0.00023760352914538422
1089,3,37.0,1640.419308363223,0.04701180053292729,1.646197755904691e-10,2,0.056829323788454136,0.3333333333333333,0.00020667373399527327
1090,8,30.0,94530.2155211654,0.062215841110313475,2.7581026450226183e-09,2,0.07939654414045852,0.03571428571428571,0.0005219566847895198
1091,10,29.0,1039509.8181684569,0.06626336333516653,1.6702872802621564e-08,2,0.08751232550093474,0.044444444444444446,0.0005787085462779676
1092,2,28.0,108426.244862971,0.06433883382607676,2.2761424582081727e-09,2,0.07983597571110403,0.0,0.0001368581790524906
1093,4,35.0,23373.816294465858,0.05113289376986058,4.930609721385954e-09,2,0.06163459966634396,0.16666666666666666,0.0002653955538180703
1094,3,34.0,84699.97921219187,0.05385781101795624,3.297468181916305e-08,2,0.06607822549666724,0.0,0.00020035157406407046
1095,6,36.0,20860.712518772078,0.04882725628379113,1.616638227907242e-09,2,0.0591141586764136,0.06666666666666667,0.0004110145332231823
1096,3,30.0,15042.339097977245,0.05769073561527053,6.057638768030889e-11,2,0.06869635993571087,0.0,0.00022621445242884317
1097,4,29.0,57487.71760611509,0.06121437422552664,4.355359116326269e-10,2,0.07527202680680564,0.0,0.0002594780402070903
1098,8,31.0,98447.11685525552,0.05839243498817967,3.8241181075516495e-12,2,0.07310613263669169,0.0,0.000568737614579099
1099,2,30.0,98327.82653888843,0.06182032061469922,2.1784033149696436e-11,2,0.0777550879807911,0.0,0.0001445921671551272
1100,6,33.0,18452.035034267847,0.05329593267882188,1.0221997983844921e-11,2,0.06643112005706163,0.0,0.00034826425579313156
1101,3,33.0,6939.717891903468,0.05341811025324942,2.1365981942702653e-11,2,0.06592198272207418,0.0,0.00018271194053606595
1102,5,29.0,95177.89160845707,0.06549031565271572,1.8604111398632304e-13,2,0.07825290827086237,0.0,0.00032816741161589987
1103,3,30.0,8653.207913147347,0.0631116334926029,3.004283663261417e-13,2,0.07661775332936094,0.0,0.00019927929848740516
1104,6,36.0,19757.519065044205,0.04923604397356802,1.0208667793040087e-11,2,0.0609549294995952,0.0,0.0003991694210736503
1105,5,30.0,95522.42713053148,0.06369755267297625,1.0476725193959351e-12,2,0.07758944707778428,0.0,0.0003804576310491107
1106,10,29.0,410988.0263625934,0.06798133953513975,7.268762314002391e-12,2,0.08602428634443997,0.0,0.0006365989031539303
1107,4,28.0,391834.737807963,0.07185768106244636,3.8390368258243385e-11,2,0.08824472729306164,0.0,0.0002476463860863123
1108,3,31.0,4939.0,0.05857730662967047,4.344277683861435e-10,2,0.0714822066790825,0.3333333333333333,0.0002331631087115631
1109,3,35.0,5185.997514669487,0.05135668988460339,2.3029348056432484e-12,2,0.06217498456788667,0.0,0.00020611510805589137
1110,1,30.0,0.0,0.0626633178577771,7.916964201475529e-13,1,0.07155378747594832,0.0,0.00010340807635066645
1111,2,29.0,4939.0,0.06685161377630422,5.924164632780375e-12,1,0.07828436741271935,0.0,0.00017188199828505152
1112,2,30.0,14811.0,0.05857036150006521,2.7581154739495247e-14,1,0.06725526433734515,0.0,0.00019231078315328816
1113,1,33.0,0.0,0.05565381972218154,1.1189163138827618e-13,1,0.0665388801113868,0.0,8.819512638118418e-05
1114,2,34.0,28.0,0.04675108360305112,2.078988528421207e-14,2,0.052048014845685164,0.0,0.00019468526997221288
1115,3,35.0,4550.346813998855,0.04788120807971155,1.5563750913238152e-16,2,0.05478131617887999,0.0,0.000248950395864438
1116,5,32.0,42613.90702726532,0.05893300248138958,8.375227641604013e-13,2,0.07319037815318079,0.0,0.00034021705471538134
1117,6,33.0,65731.83474096529,0.05369973802354527,3.449209581947244e-10,2,0.06869349879744804,0.0,0.0003490405268351955
1118,2,32.0,8424.024999999476,0.05592220700272819,4.56014966356885e-08,2,0.06724177831660316,0.0,0.00016279274928320602
1119,6,31.0,301315.82732952666,0.05922977315236679,3.3502909869271674e-07,2,0.07389548216755758,0.0,0.0004041352357011539
1120,2,34.0,142.60833333333335,0.05032446033637929,8.625765754716685e-10,2,0.05813314245792244,0.0,0.00018200882287188077
1121,1,29.0,0.0,0.0619156242949891,1.4295759286941218e-15,1,0.06813720313233766,0.0,9.961156768319882e-05
1122,3,28.0,23506.51361726724,0.0660013093377156,1.0726135537419534e-14,2,0.07406890171459428,0.0,0.00024442355507159905
1123,3,27.0,348417.2910580641,0.0744121590070345,1.526547172718794e-11,2,0.08886158200334364,0.0,0.0001834502185869553
1124,4,32.0,12472.228045165908,0.05341522225706346,1.5416596815092292e-12,2,0.06177211781716969,0.16666666666666666,0.00028933892340265706
1125,2,23.0,1591940.1276686944,0.07720680170042511,1.3105480567141314e-13,2,0.08615650824212714,0.0,0.00015073506757171346
1126,2,30.0,7403.662698412699,0.05744920861970717,5.502172741412366e-11,2,0.06787313795162128,0.0,0.0001641462508769663
1127,2,31.0,2493.829365079365,0.054343641023948605,7.619523618179418e-12,2,0.0629157468322149,0.0,0.00017454108631883729
1128,3,29.0,18240.486742789588,0.06093424282419114,4.041107741796726e-10,2,0.07422002398384869,0.0,0.00021038139568908294
1129,2,31.0,1825.645351139377,0.058304220564630346,6.480381074879015e-15,2,0.0673786894296178,0.0,0.00016464639079658334
1130,2,37.0,1273.2626787036631,0.04574370561054883,9.256192471378767e-16,2,0.05194071318000552,0.0,0.00018555099461729956
1131,4,26.0,1511554.706021003,0.07987194619153098,3.723532545686938e-12,2,0.09416104713569794,0.16666666666666666,0.00024383256296349706
1132,3,33.0,26192.8478911697,0.05445746475146892,1.706949487207926e-14,2,0.06414860697171972,0.0,0.00021971860228690813
1133,3,31.0,47331.77235488886,0.06067901537856827,5.478404638921048e-13,2,0.07359216545642405,0.0,0.00018441482767589637
1134,3,31.0,6933.055721076307,0.059073950062183106,4.657169851150178e-11,2,0.07463930628441087,0.0,0.00020665569865175123
1135,3,32.0,35684.90683648277,0.057514087458669025,1.1500813749964375e-13,2,0.0686895757532677,0.0,0.00022162905139025117
1136,4,30.0,10034.278238265028,0.06365979381443299,1.7507361107229293e-12,2,0.07700168688476096,0.0,0.00031242562850821955
1137,2,29.0,6310.079187879294,0.06704668838219327,5.364265324620977e-12,2,0.07938526381725895,0.0,0.00014937353018090217
1138,1,31.0,0.0,0.05985049491755413,2.339538962369586e-13,1,0.06995207342291697,0.0,9.67486731375398e-05
1139,1,31.0,0.0,0.05985049491755413,2.3395072678243123e-13,1,0.06995207342291697,0.0,9.67486731375398e-05
1140,8,32.0,136064.9383129961,0.0565016984822317,1.8336957895709925e-11,2,0.07322772083213765,0.03571428571428571,0.0005175714090589798
1141,1,34.0,0.0,0.05009633911368015,9.558826760427678e-14,1,0.05782604731923165,0.0,0.0001032102082202155
1142,3,33.0,6140.1097384641225,0.05273777369730226,7.153252935429022e-13,2,0.06246816165069642,0.0,0.0002571246393198509
1143,4,30.0,96915.81409986434,0.06391016352722004,1.0511059266184944e-12,2,0.07894251989340775,0.0,0.0002617080163126919
1144,1,35.0,0.0,0.04900453341533822,1.7814034010831926e-13,1,0.05562391655535549,0.0,0.00011935256498354101
1145,3,31.0,47821.374849478954,0.059910740273600466,1.4574402685955477e-13,2,0.07089682817333988,0.0,0.0002482794914109522
1146,1,31.0,0.0,0.06254827232555489,4.612702345206904e-09,1,0.07591985855955469,0.0,8.354578780060894e-05
1147,5,31.0,254379.86592283146,0.0640352582798626,5.5471645363071395e-09,2,0.08338749330310785,0.0,0.00032511873291939043
1148,5,30.0,1129298.6559804964,0.06672069151809833,3.4517088606123826e-08,2,0.08453435969236006,0.0,0.00031286800424133574
1149,2,29.0,10135.978937728945,0.0621813833469696,1.6747325159777255e-15,2,0.06896562948886575,0.0,0.00017811984029673169
1150,3,28.0,25778.335236199036,0.06629270780214176,1.2195203524601844e-14,2,0.0747885179917837,0.0,0.00024002447836239438
1151,5,33.0,2229.978074875225,0.05329593267882188,1.4841917500367028e-11,2,0.06634195483631738,0.4,0.00027092632676943616
1152,3,31.0,18019.75956216769,0.05918932195875918,1.0473893584564789e-10,2,0.0753844776672341,0.3333333333333333,0.00016914764367189356
1153,2,30.0,11472.690923014574,0.058885935320832986,4.067826964772909e-15,2,0.06630901079298974,0.0,0.00018359836883265397
1154,2,34.0,27331.000816796484,0.05280147074541995,3.4720415097595473e-13,2,0.062108242527132984,0.0,0.00016432378769504132
1155,3,33.0,12795.540476190477,0.050813635335020264,1.6292101445687793e-13,2,0.05759382514588318,0.0,0.00025744584262692133
1156,4,32.0,24736.821060956612,0.05348462046490478,1.1712943067713843e-12,2,0.06141236478452665,0.16666666666666666,0.0003107774910836513
1157,3,29.0,11063.270860979874,0.06292592828482262,2.9100154450887273e-13,2,0.07530746737363404,0.0,0.00022003248910220714
1158,5,30.0,100201.38752791929,0.06221114007581196,1.186691531622208e-10,2,0.07938178431153853,0.0,0.0003348213102589331
1159,7,29.0,729596.7174721357,0.0662562534368755,8.218604355022652e-10,2,0.08836509702792524,0.09523809523809523,0.0003978640121512561
1160,3,32.0,21185.975000002156,0.0556049571706757,9.742357252190031e-10,2,0.06640368957752582,0.0,0.0002548731502252939
1161,3,32.0,3202.729456070246,0.05246110550629215,1.1047668645466334e-12,2,0.06006774123614339,0.3333333333333333,0.00023919056820821317
1162,4,30.0,20004.901653774123,0.05906264945002391,5.113172901227407e-16,2,0.06595663711230587,0.0,0.000323983386722078
1163,3,29.0,24148.511606704844,0.06241629393778587,3.2372227099634127e-15,2,0.07015844064029784,0.0,0.00022488074222534746
1164,4,34.0,9047.37749901115,0.050922585300484484,2.0272799116146105e-11,2,0.06197077221493747,0.16666666666666666,0.00025742402897815285
1165,5,31.0,64922.53643858669,0.06355414324126131,1.0569643161107591e-09,2,0.08208815932613989,0.0,0.00034070521877985286
1166,10,30.0,1302608.6656350177,0.06778637685932269,4.716627225788974e-09,2,0.0916111290409036,0.022222222222222223,0.0005849429796318638
1167,4,29.0,2087553.4907246788,0.0706855352211427,5.6512012590787945e-09,2,0.0909931500001196,0.0,0.00023120433873270363
1168,1,31.0,0.0,0.06348390413159416,6.303079345073673e-10,1,0.08054246817518614,0.0,8.007838034828293e-05
1169,2,31.0,4963.997768109774,0.061281198828958466,7.550443035114925e-10,2,0.07825394001969327,0.0,0.00012384968961468812
1170,10,30.0,532440.4186548645,0.0628650691643018,5.48863615907669e-10,2,0.08409948181853533,0.06666666666666667,0.000518578332659585
1171,2,31.0,4963.997768109774,0.061281198828958466,7.550443057150527e-10,2,0.07825394001969327,0.0,0.00012384968961468812
1172,1,35.0,0.0,0.04832099224320914,5.466400723308822e-14,1,0.05649140909465738,0.0,0.00011125383086138147
1173,6,32.0,13252.506004495923,0.056374031427951936,5.995775867056621e-11,2,0.07222984561692096,0.13333333333333333,0.0003286552364118952
1174,2,33.0,4493.275389593042,0.0548127600554785,3.5130445159855153e-17,2,0.06233329945841763,0.0,0.0001708889298741748
1175,3,31.0,6825.472619047622,0.05916380229229792,1.1277941783380024e-10,2,0.07498082430305439,0.3333333333333333,0.0001720524902252552
1176,3,31.0,5155.325388337153,0.05902454178316247,4.673939072735082e-08,2,0.07239864286201382,0.0,0.0002304865824885679
1177,4,33.0,135391.3776710944,0.056742476453020906,2.3701199401654942e-07,2,0.07007975592451594,0.0,0.00028126953235575963
1178,3,32.0,1063084.2985279683,0.060046919252695424,1.6766038812002464e-06,2,0.07572637250357642,0.0,0.0001915395240154785
1179,1,31.0,0.0,0.059883868934333825,1.3998161704388087e-13,1,0.07028159545284392,0.0,9.503602435790628e-05
1180,1,30.0,0.0,0.06365487204597582,9.712679021656085e-13,1,0.07659682858516582,0.0,8.446913384765501e-05
1181,2,37.0,1612.7345130618723,0.04231807084421981,6.293980340290167e-17,2,0.04697201677354553,0.0,0.00019913636290383438
1182,2,31.0,3653.969200244207,0.05889435973247178,5.867602044700288e-15,2,0.06644498488570831,0.0,0.00017313654795723593
1183,2,33.0,8.859523809523806,0.05313713468219906,1.4102810158685342e-11,2,0.06387529362977687,0.0,0.00013794071827158557
1184,2,32.0,7854.35034312629,0.057633525445084814,8.458578154251102e-19,2,0.06649250538396968,0.0,0.0001535156797287597
1185,1,31.0,0.0,0.05997620377340165,1.3513774970455352e-13,1,0.07062028454153306,0.0,8.787788504624012e-05
1186,3,33.0,5050.194116873693,0.05434842400572089,1.2397444479531536e-11,2,0.06457941503359485,0.0,0.00023435628250458607
1187,2,32.0,1880.3793732795184,0.05772174380426019,2.218051714263039e-14,2,0.0670554914762521,0.0,0.0001663830778665374
1188,1,35.0,0.0,0.04849555784616895,7.076565550374048e-12,1,0.057492598678999966,0.0,9.396377077093011e-05
1189,3,34.0,5396.892786099291,0.050966716876792606,5.29542699887628e-11,2,0.062476976536931704,0.0,0.0002244901542047889
1190,3,30.0,13468.519200244193,0.06254035372013825,4.2969887317230915e-14,2,0.07183643840488342,0.0,0.00024689624663707196
1191,5,29.0,204679.74110281846,0.06669456857794759,3.0984493284988286e-13,2,0.07865140126546952,0.0,0.00033935086819373775
1192,3,28.0,282482.6409672976,0.07113850407534346,1.0208611584250203e-12,2,0.08358104437097111,0.0,0.0001965380891315176
1193,2,32.0,18832.004919489085,0.05518998089577584,5.304342142458937e-13,2,0.06668163773387067,0.0,0.00015634995876903098
1194,2,32.0,4157.712051733134,0.057418492473993145,9.913096896973633e-11,2,0.06930931217011248,0.0,0.00016031912537993955
1195,4,31.0,35520.943786492426,0.060907196666132396,7.27999529674325e-10,2,0.07619611817442186,0.0,0.00027850526165750097
1196,2,33.0,0.0,0.05570904990132507,2.509000588722997e-12,2,0.06685478215119726,1.0,0.00014922555025154597
1197,3,33.0,32230.04843584415,0.055719103531508364,2.549959096181567e-12,2,0.06708379290652383,0.3333333333333333,0.00022011741730809415
1198,2,28.0,27787.005228480208,0.0634586234360147,4.724521537548121e-12,2,0.07643596376752365,0.0,0.0001469960674236974
1199,3,31.0,7190.914823012217,0.05500562304446102,5.041828915546035e-14,2,0.06412553281199498,0.0,0.00022915189431741974
1200,2,32.0,351.8769952269952,0.052146008824709184,8.80777890099493e-15,2,0.05953245147255644,0.0,0.00016812335590249384
1201,4,31.0,7398.263095238098,0.059404273740665474,2.2095047259473731e-10,2,0.07625508117114788,0.3333333333333333,0.00022793168224402525
1202,2,30.0,4656.46406338241,0.058088261232552944,6.2763759427728956e-12,2,0.06742282468823226,0.0,0.00016237242041330037
1203,2,31.0,1082.3191321130491,0.05529933282586307,1.0172347321370383e-12,2,0.06343439412979716,0.0,0.00016463163906849234
1204,3,29.0,20300.131978521353,0.06164520315463712,4.5949096389572615e-11,2,0.07329141548516761,0.0,0.00021898498845751983
1205,3,32.0,27435.084845062902,0.05284496314759149,1.711603339954535e-12,2,0.06171369859200057,0.0,0.00023455610031849014
1206,6,33.0,46678.46724206767,0.05682406395582907,1.1410018351528699e-10,2,0.0696195094746596,0.0,0.0004897042196712273
1207,2,32.0,51213.82200397246,0.06020425573402881,7.565448814749438e-10,2,0.07520678823824546,0.0,0.00015500317612918022
1208,3,31.0,23996.65306875305,0.061288041388037666,1.8488374527113376e-13,2,0.07314614790319056,0.3333333333333333,0.00020275678052182763
1209,3,32.0,12948.516009258468,0.056328392246294184,1.4085452169161504e-10,2,0.07068989156098644,0.0,0.00018303968273385943
1210,4,34.0,5870.1565449919835,0.050928885131652196,1.1521286140374318e-12,2,0.06161850656838952,0.0,0.0002786774984234035
1211,1,35.0,0.0,0.04846130453123007,1.5394572072170497e-13,1,0.056874901098145275,0.0,8.957719549454765e-05
1212,2,32.0,703.4042207792205,0.05555805479328805,2.259215184714605e-12,2,0.06665474318578538,0.0,0.0001678765293689312
1213,2,32.0,391.27593795093816,0.05517765193401021,7.45267578788919e-13,2,0.06570890207996079,0.0,0.00016494710116954519
1214,2,34.0,3612.043422367133,0.051166259270000417,2.8626730587292854e-14,2,0.057385753261033956,0.0,0.00017296799874362995
1215,1,29.0,0.0,0.06202913108990457,6.189418284581005e-13,1,0.07161634086681026,0.0,9.852387142330415e-05
1216,3,28.0,495343.19285201747,0.06613030615386675,4.631582922388187e-12,2,0.07878393912536473,0.0,0.00024058462709557928
1217,2,32.0,155.21363636363606,0.05498235889901722,1.0291525354247747e-12,2,0.06495771276095744,0.0,0.0001568572971838625
1218,4,35.0,51650.6075396825,0.051614251384390346,7.328852088272249e-13,2,0.06313071321928561,0.0,0.0002920987487811358
1219,5,31.0,96152.28988549368,0.05891964743627971,9.297374675714849e-15,2,0.06745488872455882,0.0,0.00036436043872549657
1220,2,32.0,2745.15118254363,0.05551123147284557,1.1974434102767897e-10,2,0.06644438129998095,0.0,0.00014216211342216298
1221,2,31.0,29485.487727623284,0.056471986922276715,7.187403827879638e-12,2,0.06547878269678346,0.0,0.0001618926617073046
1222,2,34.0,4939.0,0.05152918596403388,1.332948172793809e-12,1,0.0596304997983524,0.0,0.00020939844212708797
1223,2,32.0,82.675,0.05744453230382809,1.7458962703267385e-10,2,0.07004229144656841,0.0,0.00013888605714955515
1224,12,30.0,123801.15512613194,0.059793265390108694,1.4448222388864885e-13,2,0.0733115113047428,0.0,0.0009342342326051627
1225,2,29.0,109482.88701445221,0.06241471673320867,2.1426708573314101e-13,2,0.07483385464901383,0.0,0.0001552763624638713
1226,3,30.0,30654.212300067742,0.06164443390693437,2.6197968312240734e-14,2,0.07217286755819732,0.0,0.00022438360808372553
1227,2,31.0,19454.08027260226,0.05962654950572729,6.639961777670947e-12,2,0.06887796500233108,0.0,0.0001554118972843667
1228,2,31.0,19454.08027260226,0.05962654950572729,6.639961548963046e-12,2,0.06887796500233108,0.0,0.0001554118972843025
1229,3,32.0,24967.879129236815,0.05744453230382809,7.197153437521739e-11,2,0.07003529551851985,0.0,0.00022310611510178465
1230,4,30.0,275073.7926702379,0.06222211026160997,2.1983335242034647e-11,2,0.07324582916538981,0.0,0.00026163428489306385
1231,4,30.0,118929.06286617588,0.062424969987995196,4.8761119499694155e-11,2,0.07396207005420292,0.0,0.0002753653508504599
1232,2,30.0,496.7698412698434,0.06144049351392361,7.750568640184171e-15,2,0.06934119189301616,0.0,0.00015416543117668016
1233,1,36.0,0.0,0.049087801581938866,5.914964585259503e-12,1,0.058123629921452015,0.0,9.517354108115238e-05
1234,3,35.0,6794.838487724826,0.051621262944501915,4.426195603912769e-11,2,0.06315608237545516,0.0,0.00022875993177033256
1235,4,32.0,20628.66307340088,0.05658000229068835,4.960752979546498e-13,2,0.06760796337004339,0.0,0.00031135091134681643
1236,2,31.0,25262.544025782627,0.0599354541263255,3.0336394586017333e-12,2,0.0730848505705051,0.0,0.00015663957464480142
1237,3,30.0,64941.85567503997,0.06373617866773323,2.220487552106007e-11,2,0.08066569836446287,0.0,0.0002121856902495905
1238,2,30.0,2540.337698412699,0.06102381658266627,2.150929196768079e-15,2,0.06795098574911745,0.0,0.00014736675419196998
1239,4,29.0,11208.194754922113,0.06497435222938314,1.5592438478807014e-14,2,0.07352567225702704,0.16666666666666666,0.0002754857710825974
1240,1,32.0,0.0,0.05533649968635183,5.805490249065879e-11,1,0.0652945921347384,0.0,9.642110788115935e-05
1241,2,31.0,1127.8279950373628,0.055778241969175184,6.75908417871087e-17,2,0.061385894472180735,0.0,0.00016806160456979579
1242,5,32.0,36211.03197110047,0.05732853661367065,1.4697472413080867e-13,2,0.06886621198253526,0.0,0.00030748354208025487
1243,6,26.0,3412093.918983211,0.07932684587468285,2.2874146926731457e-11,2,0.09523614953622629,0.06666666666666667,0.0003556016783066315
1244,6,28.0,2503705.216400129,0.07379963548358182,8.908833924115429e-10,2,0.09335292430581899,0.06666666666666667,0.0003394930505414858
1245,2,32.0,1078.6399845596413,0.05555180712052718,4.154278694043724e-12,2,0.0664645333534536,0.0,0.00016010320646400787
1246,2,30.0,1712.3318323797366,0.06254748037477842,4.242965206912092e-14,2,0.07177803189910847,0.0,0.00015356818292247597
1247,2,36.0,4934.0,0.049084387389088165,1.0000341187234325e-13,2,0.05827761713040665,0.0,0.00016651781570976024
1248,2,30.0,4676.7526427334205,0.05453682339563485,4.995845046321261e-17,2,0.059741039583607866,0.0,0.0001922880979758843
1249,2,30.0,14899.932847250246,0.06388041173123675,1.016335561375476e-12,2,0.07801692108825425,0.0,0.0001510398803661168
1250,2,30.0,11278.802183343008,0.05746190531580784,4.9675914558321197e-11,2,0.06806970308239699,0.0,0.0001671203532233595
1251,3,33.0,31.383333333333347,0.05278228908453714,2.926444085427868e-11,2,0.0623425156369762,0.0,0.00021124003429698945
1252,4,29.0,75797.66066245626,0.06283148696946186,9.609325337061323e-12,2,0.07471297484381086,0.0,0.0002722694791058049
1253,3,28.0,35716.1078348432,0.06322309818777516,7.944426494419053e-12,2,0.07449854944692161,0.0,0.00021991326057479456
1254,2,33.0,9876.0,0.0543269072153611,9.796084723157481e-12,1,0.06427970743125552,0.0,0.00018256596426241887
1255,3,35.0,1757.9077137712757,0.04747945600461339,2.971992815428697e-15,2,0.05467779875121612,0.0,0.0002508303862049385
1256,3,29.0,21495.29509872328,0.06254510464277123,3.3711157642658956e-13,2,0.07523429569469772,0.0,0.00023495557594751222
1257,6,29.0,583474.4041468388,0.06362289909202137,3.865144335946656e-10,2,0.07810708388488603,0.0,0.0003878218836199932
1258,2,30.0,1536.617775525131,0.06004545951793463,9.570062819977441e-11,2,0.07151425198722232,0.0,0.00014260938613182877
1259,1,34.0,0.0,0.04832808311647655,4.138421779869476e-14,1,0.05358072682325756,0.0,0.00010125946012140207
1260,3,33.0,4939.000000000001,0.05078177201657089,3.0970084921964296e-13,2,0.057342010298033534,0.3333333333333333,0.0002502396460301843
1261,1,33.0,0.0,0.05107421269204524,1.376104985105385e-15,1,0.057647395847365356,0.0,0.00011611799152601249
1262,1,31.0,0.0,0.05642038900373471,1.914032842056569e-14,1,0.06620125983540502,0.0,9.653315188910021e-05
1263,2,32.0,4939.0,0.05382260331433926,1.0212318741844482e-14,1,0.062057269178026724,0.0,0.0002017876810505854
1264,1,32.0,0.0,0.05340886976452527,2.6401938599979175e-15,1,0.06111661928638631,0.0,0.0001117570514793215
1265,1,34.0,0.0,0.05369623582865031,3.167317494850209e-08,1,0.06404728859730807,0.0,9.012800270519985e-05
1266,1,28.0,0.0,0.07132955989372762,1.8974178528654947e-11,1,0.08471522260971186,0.0,8.028305035824286e-05
1267,6,27.0,3028740.061585705,0.07680706500614146,1.419849090435598e-10,2,0.09522392373266735,0.0,0.0003524105172612713
1268,5,31.0,179424.73100957237,0.06142521418002313,2.748917907459266e-12,2,0.07626330209600239,0.0,0.00032703578029251185
1269,3,30.0,316677.53574181296,0.06504364771096394,1.8275018994207303e-11,2,0.08055622128109328,0.0,0.00019195737983166282
1270,1,35.0,0.0,0.047656717281830636,2.328476076581983e-12,1,0.05349971010960966,0.0,0.00012480256490840256
1271,2,34.0,4939.0,0.05004102553713064,1.742401341657211e-11,1,0.05713293469219481,0.0,0.00022222197136215373
1272,6,35.0,35193.857299674084,0.051614251384390346,8.550433098153334e-13,2,0.06325441992193973,0.06666666666666667,0.00039094240561392306
1273,2,34.0,39960.62396633998,0.05439330543933055,5.0660092071070285e-12,2,0.06793523134078053,0.0,0.00013695128066723222
1274,2,35.0,71.33333333333333,0.05161101592210289,8.033920790045388e-13,2,0.06277108016228394,0.0,0.00014374917947798744
1275,3,27.0,56174.26527671835,0.07048986173142506,7.537215327505543e-14,2,0.0800009464175935,0.0,0.00023180924175572254
1276,6,34.0,11791.891189316013,0.05086176718901221,2.1657802106749982e-11,2,0.06311950303111824,0.13333333333333333,0.0003346068320062037
1277,3,34.0,1806.9780165740658,0.050745778033447014,5.8562106386503595e-12,2,0.061367091025668265,0.0,0.0001982393745206523
1278,5,33.0,6334.173409718245,0.05345915352733018,6.061496949478635e-11,2,0.06687194144531301,0.2,0.00026529912109728566
1279,3,32.0,39518.8802825681,0.05641136906053374,2.3087995952989246e-10,2,0.07185337719815564,0.0,0.00017123334577425265
1280,4,30.0,145367.5126532719,0.06336095220993766,1.0706850285628467e-12,2,0.07651607608702242,0.0,0.00026568170404942724
1281,2,29.0,130327.33774391754,0.06737956244203175,6.533448766465386e-12,2,0.08115918265595423,0.0,0.00013590376996310262
1282,2,29.0,14811.0,0.060802993378135536,1.9386805277697412e-15,1,0.0675938684517371,0.0,0.00018549076138309485
1283,3,28.0,22125.116910080753,0.06473340060015986,1.4149867754585787e-14,2,0.07327415451365096,0.0,0.0002410095317385143
1284,4,32.0,45170.9831045297,0.05543585600143639,2.380038379327124e-12,2,0.06698823026775423,0.0,0.0003162107181055281
1285,2,31.0,5246.410274024528,0.05454826527682693,8.248085177250157e-12,2,0.06332942064611992,0.0,0.00017030441850404
1286,3,33.0,17873.907093530754,0.054441260744985676,3.76828681825655e-13,2,0.06662399198824945,0.0,0.0002150231253403149
1287,1,30.0,0.0,0.05744787245176821,4.8769039077471556e-11,1,0.06774629841688698,0.0,9.52294619918467e-05
1288,2,30.0,19712.000000000004,0.05745388569700635,4.967256076880077e-11,2,0.06798246575831754,0.0,0.00017446124406628142
1289,5,29.0,90755.6872443551,0.06094852687163796,3.6494145511251745e-10,2,0.07460536232971333,0.0,0.0003815954994841424
1290,2,33.0,20226.481699058513,0.050205292898085285,2.3298312545505013e-13,2,0.05743843561740617,0.0,0.00017669955460917418
1291,3,33.0,15508.581361847211,0.05496094879953717,7.469741238153393e-14,2,0.06529749845867641,0.0,0.0002069215247017369
1292,2,30.0,34397.98772762334,0.05983237246257449,5.261244465810794e-11,2,0.07088026851095824,0.0,0.0001541040418179886
1293,1,31.0,0.0,0.061113654076924026,2.759152611934262e-12,1,0.07130966793694417,0.0,9.851319822277669e-05
1294,3,30.0,37613.399874474315,0.06509078451524494,2.064689536375076e-11,2,0.078292800199424,0.0,0.00024054695697609422
1295,1,38.0,0.0,0.044847527484997866,1.760716790928095e-11,1,0.052065251119453856,0.0,0.00010597890858549969
1296,4,31.0,27501.583521428893,0.05846223032225233,2.2803277713436087e-13,2,0.06717527905334628,0.0,0.0002887025722824343
1297,3,30.0,90899.75129592801,0.06199254583558171,1.3417666914526833e-12,2,0.07218343646927305,0.0,0.0002174107399077138
1298,6,30.0,22531.930185670586,0.061007236890853855,2.306092409378966e-15,2,0.06855555212291449,0.2,0.0003912684744358348
1299,4,29.0,42293.848188569245,0.06495128653509867,1.3279925974735253e-14,2,0.07375304778298561,0.16666666666666666,0.00026551861112337685
1300,4,33.0,67861.72601329695,0.05645585243765857,2.6442131795453893e-12,2,0.07053342324369591,0.0,0.00026902174140332603
1301,2,33.0,23506.731142453482,0.05515547367833417,2.8037448361431567e-12,2,0.0694246725859855,0.0,0.00014251730934030372
1302,2,31.0,1991.9077838827834,0.05768197846850844,3.9126003477000535e-16,2,0.06407301525139869,0.0,0.00015861231195513713
1303,1,30.0,0.0,0.059926002304846245,5.19880553045818e-13,1,0.06865442537451805,0.0,0.0001000102495351437
1304,3,29.0,32947.02584850124,0.0637452255600289,3.890313224757522e-12,2,0.07498199019580695,0.0,0.0002458306674903806
1305,1,30.0,0.0,0.06463768874466805,1.9758263768836466e-11,1,0.0768705919144331,0.0,8.715871603112622e-05
1306,5,29.0,63382.250344343294,0.06910347335879251,1.4785225792543898e-10,2,0.0854397093564838,0.1,0.0003341205232445024
1307,4,26.0,118536.88169997232,0.07572041692213366,5.412707556050798e-13,2,0.08725041440319323,0.0,0.0003020740637012327
1308,5,25.0,2885345.164626312,0.08182330142114155,3.8263209820870795e-12,2,0.09626237605428367,0.1,0.0003120519528803401
1309,11,31.0,214701.44392626054,0.05967841308576054,9.603301255863726e-10,2,0.07880340510394156,0.01818181818181818,0.0005997358209182328
1310,2,32.0,12916.062667282018,0.05828152098252734,4.54160407716527e-09,2,0.07388144228930908,0.0,0.0001298198591021134
1311,6,37.0,23074.687545784203,0.04698005725100094,2.577779960742022e-10,2,0.05676063516713392,0.13333333333333333,0.00041025050416985584
1312,2,36.0,13751.434676432968,0.04923408114653617,6.770514521268872e-10,2,0.05957261741332505,0.0,0.00014230406467618598
1313,7,28.0,719938.2753323131,0.07207470090458126,4.7819902238140895e-11,2,0.0892759379852032,0.0,0.0004042556063671941
1314,3,31.0,43518.96829334777,0.061014018403013646,1.6231590397856107e-13,2,0.07217758326217397,0.0,0.0002261963169014882
1315,2,32.0,24675.0,0.057512748271124875,2.2104157343807034e-14,1,0.06631510837756965,0.0,0.00017654576153209952
1316,3,32.0,14856.25952380946,0.056327107705639555,1.4087918704849128e-10,2,0.07068651774182316,0.0,0.00018254002975639198
1317,3,29.0,32104.50006501568,0.06478518596233541,1.0188910620414299e-12,2,0.07839479654149532,0.0,0.0002185067694931552
1318,1,35.0,0.0,0.048321937572751904,1.0081224336362354e-13,1,0.056508278190473854,0.0,9.968185516355208e-05
1319,3,34.0,4940.5,0.050774986638161414,7.544070484005845e-13,2,0.06105628172118221,0.0,0.00024467162853170733
1320,2,33.0,38.45,0.05436277800398367,3.4084506247443516e-12,2,0.06434731096335171,0.0,0.00016734270731592522
1321,4,32.0,6886.743523525231,0.055499382091899786,3.664212544179473e-12,2,0.06708010083533336,0.16666666666666666,0.00027140880638713177
1322,2,30.0,0.0,0.06216103987618125,1.4303463667972772e-10,2,0.07851343482476794,1.0,0.000132249416300031
1323,7,30.0,163225.54524404462,0.06452455590386624,3.858920888885911e-12,2,0.08086696220816991,0.0,0.00040157911760202767
1324,2,30.0,33493.31842155237,0.06513111922686461,1.824369264049525e-11,2,0.08021262521851037,0.0,0.00012889008427861232
1325,3,29.0,16046.03252172155,0.06221349050425671,2.0355518921038844e-13,2,0.0733750634963968,0.0,0.00022888901576480745
1326,10,28.0,296522.4168912206,0.0663256400961319,1.460999507730521e-12,2,0.08119761823869663,0.0,0.0006910965949987301
1327,3,29.0,158483.0654969117,0.06733639573081798,8.864032296861074e-12,2,0.0810897707099051,0.0,0.0002037404414632177
1328,1,29.0,0.0,0.06220095693779904,1.9512392753335483e-13,1,0.07294209003710757,0.0,8.91014376544619e-05
1329,4,28.0,67084.98500698233,0.06935766935766936,9.213852105476117e-14,2,0.0795558530658878,0.16666666666666666,0.0002615291971489832
1330,3,27.0,338488.49619775946,0.07446151063412869,6.463165892430473e-13,2,0.08676262729216916,0.0,0.00019343339302397558
1331,2,32.0,14811.0,0.05560120206647383,9.40825481962825e-10,1,0.06619113897023833,0.0,0.00018126213992750593
1332,3,33.0,4940.0,0.053485778629508124,2.945620715418606e-12,2,0.06627185645960476,0.3333333333333333,0.00022069797353276686
1333,5,30.0,46106.97554667641,0.06178166310233995,2.3087602386629698e-11,2,0.07781574369934152,0.0,0.000343674773668356
1334,11,29.0,327976.283686076,0.06576319923320642,1.5918842785549906e-10,2,0.08624328661380437,0.0,0.0006963073574035187
1335,3,34.0,2.333333333333333,0.05060645795771185,5.335496517205362e-12,2,0.06091277686860014,0.6666666666666666,0.00017633806563660626
1336,1,35.0,0.0,0.04758968825864129,4.5191913053221287e-13,1,0.05358193924950932,0.0,0.00011104917585808828
1337,3,34.0,5001.333333333334,0.049967126890203814,3.381779259034305e-12,2,0.05736101638802863,0.0,0.0002847915839243052
1338,3,30.0,41979.005673439686,0.06345780826492993,5.507546845772798e-13,2,0.07677978448838256,0.0,0.00019489955088618563
1339,3,32.0,67023.31955674352,0.059774454285852575,3.295141611871108e-08,2,0.07431323042747898,0.0,0.0001986328112474391
1340,4,31.0,1115261.5508396653,0.06339428938081489,2.3748295110490214e-07,2,0.08055161917741299,0.0,0.0002472130256221637
1341,2,33.0,6708.483672601712,0.056479089017446776,4.488494213391822e-09,2,0.06859557253824315,0.0,0.00014943914180647592
1342,5,31.0,21625.57702528373,0.05685741908751899,8.767906143042536e-12,2,0.06704560180735852,0.0,0.0003723969201834625
1343,3,30.0,58169.071858769545,0.06022627523651614,6.065876433319402e-11,2,0.07226061662419536,0.0,0.0002066620513646072
1344,1,34.0,0.0,0.0507718555365989,3.944074691278792e-13,1,0.060759385634812174,0.0,9.638238323624927e-05
1345,4,33.0,19747.0,0.05348693684427073,2.951445171650068e-12,2,0.06640680922613657,0.16666666666666666,0.00031070191132558176
1346,3,31.0,6574.253207903987,0.05821833052455423,3.317556559393356e-12,2,0.07081589082721959,0.0,0.00022320476155824722
1347,3,35.0,28760.405670508524,0.05192893934615789,6.921020272086015e-10,2,0.06475433245757807,0.0,0.0001971449821996431
1348,5,30.0,43744.50405292024,0.057985304129398785,3.4848908747550214e-13,2,0.06854313609579071,0.0,0.0003478208648491733
1349,3,29.0,35341.2934358082,0.061429033301002266,1.962044813851234e-12,2,0.07333034095839845,0.0,0.00020981836706899138
1350,2,32.0,3136.9276396464315,0.055663226213548474,2.0892940888138266e-13,2,0.06325879517035853,0.0,0.0001569726570027079
1351,2,32.0,154.72219336219337,0.055688953521142635,1.2363141879856765e-10,2,0.06701628330350902,0.0,0.00014793721728953102
1352,4,34.0,7275.486254797981,0.05096093338972735,2.1006494567718174e-11,2,0.06259636738000686,0.16666666666666666,0.00024317166429892428
1353,7,28.0,680428.3258986861,0.06486174207610094,2.533011669820008e-09,2,0.08225860082533912,0.0,0.00045010458809324045
1354,1,29.0,0.0,0.060911702691705406,3.384997960625036e-10,1,0.07359948224488592,0.0,8.501378420516403e-05
1355,2,32.0,75.55238095238097,0.05460735762292183,7.022698460458534e-17,2,0.059932966113730717,0.0,0.00016201625367514693
1356,8,33.0,25110.323199101967,0.05329880778982576,2.149815964609674e-11,2,0.06669283202930011,0.17857142857142858,0.0004345003883732001
1357,3,32.0,14047.695510941076,0.05614721025652683,3.608710641706419e-11,2,0.07023956306995935,0.0,0.00017129751348955548
1358,2,36.0,9438.373856496357,0.0454520361408093,1.1156959413617137e-15,2,0.05123845056436146,0.0,0.00019588769350950937
1359,4,34.0,16934.273591279012,0.05378217131907852,1.6502309023143883e-11,2,0.0642897760555301,0.0,0.00033643042608592005
1360,5,34.0,59002.51151290784,0.054411278775195505,5.4459416676509674e-12,2,0.06864855310673386,0.1,0.0003227544841001512
1361,8,33.0,218801.1095659348,0.05750605326876514,3.7054980390278666e-11,2,0.07513634708669263,0.0,0.00048197219882997093
1362,2,33.0,23016.170798872936,0.057333859474014065,1.0726598525515134e-10,2,0.07257220551740802,0.0,0.00013824082754544973
1363,3,35.0,1779.8744579502895,0.051672018660502285,1.2173003699287508e-12,2,0.06359604467145921,0.0,0.00020422777783083118
1364,3,32.0,2199.0385102891614,0.05499582521569719,1.3355506075241106e-12,2,0.0635014717154101,0.0,0.00023034752934100099
1365,5,29.0,155528.47105758032,0.06938786976430598,1.3266005271725153e-10,2,0.08724110914877387,0.0,0.0002927569331365648
1366,2,33.0,1342.8631600195229,0.05236046043287474,1.5029620542937711e-13,2,0.061927405825677094,0.0,0.00016798955195211607
1367,4,32.0,5191.032325622781,0.055705280725296284,1.0221373162965485e-10,2,0.06752155288772604,0.0,0.00026058841838514204
1368,3,31.0,13116.364022087459,0.058284959176931425,3.0664633149582117e-12,2,0.0707261031969462,0.0,0.0002342985333347115
1369,3,30.0,39637.71926578131,0.06187452247648392,2.209237923637101e-11,2,0.07768862217039814,0.0,0.0002137731601283907
1370,2,33.0,18060.1414100745,0.05691506521037836,1.0425470376232843e-10,2,0.07029743474343579,0.0,0.00014795527944223808
1371,7,32.0,136384.10034530578,0.06031672384952565,7.656228309894842e-10,2,0.07749057503254442,0.0,0.00046671927103691366
1372,3,30.0,97631.24563538669,0.06448244354522908,3.882454259036301e-12,2,0.07873334178001531,0.3333333333333333,0.0001812061050774012
1373,4,29.0,402669.6374218664,0.06868647543832816,2.7079448920250687e-11,2,0.0854165648248598,0.0,0.00023494474054327582
1374,3,31.0,7787.195326997708,0.06111441013460016,1.1451291813380486e-12,2,0.0752730809759022,0.3333333333333333,0.0001803001995191561
1375,1,30.0,0.0,0.060785785477857485,8.90502782858137e-15,1,0.06811253654933683,0.0,0.00010914641308633157
1376,2,29.0,4939.0,0.06471898336171886,6.65115291161176e-14,1,0.07410395752525177,0.0,0.00018538396707478525
1377,3,27.0,30884.711868613773,0.06743382884912022,9.167315559116533e-14,2,0.07733623511469354,0.0,0.00022521457247725137
1378,5,30.0,37277.586878265836,0.057768994188018195,6.983251553931675e-11,2,0.06975157809378066,0.0,0.0003376694888164508
1379,3,29.0,49388.80372693932,0.061248527679623084,4.0603482985997626e-10,2,0.07538447118760189,0.0,0.00019755668084783248
1380,3,29.0,27546.301746619345,0.0646250049057443,3.507635544173104e-11,2,0.07999663479256039,0.0,0.0001989508731470314
1381,2,27.0,14811.0,0.06675856104219033,6.185143167449887e-14,1,0.0745029041968484,0.0,0.00018084257826098344
1382,3,26.0,49165.83682166988,0.07152682255845942,4.5432690682867673e-13,2,0.08142735620322077,0.0,0.0002287357041111181
1383,3,25.0,401060.8572270275,0.07676171237666071,3.24611203744715e-12,2,0.0884870659518869,0.0,0.00020367736141909724
1384,2,37.0,4.0,0.04679226696219677,1.548143780180344e-14,2,0.054478694472628764,0.0,0.00017432612826872706
1385,2,36.0,19736.0,0.04908585055643879,1.0002177841785828e-13,2,0.05833834587534588,0.0,0.00016562704070792562
1386,4,35.0,32297.103381373632,0.05106207039123469,4.849042983417802e-09,2,0.061167877342333796,0.16666666666666666,0.000276399066624539
1387,2,34.0,37037.66018151831,0.053723097669461574,3.232117837476294e-08,2,0.0646711238264067,0.0,0.00014886280436282495
1388,2,33.0,27.316025641025654,0.05276763015659382,1.5487019479910925e-11,2,0.061997197999148185,0.0,0.00014932046151609171
1389,3,33.0,695.3084717448492,0.054515758806391805,2.4099409733129344e-11,2,0.06528632657594252,0.0,0.00021116632491024502
1390,3,31.0,32034.806809851452,0.058711671024483006,1.5773097918029832e-11,2,0.07225391650511616,0.0,0.0002136952584688911
1391,3,30.0,38228.73735031694,0.06232101631195832,1.1119599752757058e-10,2,0.0790472133494371,0.0,0.0002030803047342343
1392,1,32.0,0.0,0.05398081167908735,1.047934787719053e-14,1,0.06066398747110993,0.0,9.628372836237525e-05
1393,2,29.0,4939.0,0.05890067962322642,1.192945321181197e-15,1,0.06403299890881128,0.0,0.00022205655073250226
1394,1,31.0,0.0,0.05812311746987952,3.5198730318778797e-12,1,0.06953286323852471,0.0,9.467040496674842e-05
1395,1,31.0,0.0,0.05812174977057204,2.8945596455989976e-12,1,0.06948225595107536,0.0,0.00010352695140854251
1396,2,30.0,4938.999999999999,0.061707576041471486,2.1659934971100197e-11,1,0.07654670571977715,0.0,0.00017216170430347786
1397,2,28.0,9876.0,0.06258472375305639,8.451055199062077e-15,1,0.06884103143173148,0.0,0.00020159035690178878
1398,2,32.0,520.7785714285701,0.05568958131355264,8.694747343197732e-16,2,0.06220575773945618,0.0,0.0001713514925423306
1399,2,32.0,490.39764603962635,0.053579756830334384,1.3676383943217941e-11,2,0.0627167707465365,0.0,0.0001496169306581187
1400,5,31.0,15196.319986803717,0.05661112511746236,8.685417749916395e-11,2,0.0684095465799261,0.0,0.00032822063196696893
1401,3,30.0,13672.481312093256,0.059791094273852895,4.3594840533710227e-10,2,0.07307679384578465,0.0,0.00019625454656897035
1402,3,30.0,132070.95781736166,0.06237531250789161,5.5652762238118293e-11,2,0.07422929608053827,0.0,0.00019804632824429568
1403,6,31.0,145295.6544199026,0.0634626996056063,5.1011724559057586e-09,2,0.08153914255940498,0.0,0.00034879273594693724
1404,1,30.0,0.0,0.05562499296242498,1.7018336511015042e-16,1,0.05979208864407688,0.0,0.00012473226114082808
1405,2,29.0,16310.332589681224,0.062492093611638204,2.962955016558621e-14,2,0.071575611498569,0.0,0.0001701493957404065
1406,4,28.0,40928.31812613565,0.06661542403279529,2.1768507551728385e-13,2,0.07834056943169762,0.0,0.0002906440560327017
1407,2,30.0,90884.20436333457,0.06256094626597267,4.2583933642410896e-14,2,0.0720834501650531,0.0,0.00014998914925584749
1408,3,34.0,7823.797937690336,0.048322410251393916,2.0484939119410327e-16,2,0.05454908216786942,0.0,0.0002567282635848029
1409,2,34.0,15320.5491593759,0.0478228039265039,3.1743957921406936e-14,2,0.053932813625001415,0.0,0.00018796180181812757
1410,4,32.0,64868.191357448406,0.058284959176931425,7.035057479088383e-13,2,0.07204535947130951,0.0,0.00026365689274023864
1411,1,33.0,0.0,0.05252804508479983,3.809060494983884e-13,1,0.061217950713566366,0.0,9.485131579286086e-05
1412,3,32.0,4939.0,0.05543958880434539,2.850339231089779e-12,2,0.06646410133775481,0.3333333333333333,0.00022762266604695047
1413,3,31.0,25966.699180551168,0.06365815314038298,6.571245411887314e-10,2,0.08196391728388171,0.0,0.0002060100678652723
1414,1,31.0,0.0,0.05877663688174474,3.320505220678417e-11,1,0.07204358666439976,0.0,8.393735768177037e-05
1415,4,31.0,32465.96112835258,0.058866287729834724,3.5412505192346746e-11,2,0.07310999832291663,0.16666666666666666,0.0002674658198038655
1416,7,30.0,72370.49812077108,0.062446275977145166,2.484755057337309e-10,2,0.08040358594652654,0.047619047619047616,0.00044123989907685643
1417,2,32.0,32041.600000000002,0.05565068493150685,1.2278583689531866e-15,2,0.06245428114587442,0.0,0.00016185097220997984
1418,4,32.0,36945.137121430555,0.054532609175608246,2.314575320935376e-14,2,0.06565898511726054,0.0,0.00029001855840900416
1419,8,31.0,107597.90627818879,0.05764832189702656,1.5613336089581382e-13,2,0.07152800558306444,0.0,0.0005192882704810739
1420,2,32.0,1574.6570123784031,0.055667616997780056,7.514325690828393e-11,2,0.06676445180167748,0.0,0.00014266458891399914
1421,1,29.0,0.0,0.06471728763821202,6.529056601518362e-14,1,0.07396900475872006,0.0,9.260951595140341e-05
1422,5,28.0,123014.69224895432,0.06919445884050257,4.888061236735321e-13,2,0.08158872642413836,0.0,0.00036618405218727433
1423,2,27.0,124688.73759249954,0.07369834402506341,3.1220494113670074e-12,2,0.08635593537826491,0.0,0.00014298642037806583
1424,3,27.0,149884.05727593316,0.06485833574035658,2.0503173856028967e-13,2,0.07617001357729235,0.0,0.00022401471326297424
1425,3,32.0,714.3979384177817,0.05553369681299534,2.706038844604569e-12,2,0.06684397899496058,0.0,0.00022203958372928403
1426,3,31.0,12149.387629160692,0.05706035229569737,7.842125520056009e-14,2,0.0656342419675539,0.0,0.00023267823982180824
1427,2,32.0,626.9304906204893,0.053997332925256325,1.2304246447402598e-12,2,0.06278008515066534,0.0,0.00015672217755131128
1428,2,31.0,18001.661632149706,0.05883824247549399,6.5163390121627975e-09,2,0.07154690844827066,0.0,0.0001592304597004072
1429,3,30.0,171544.42558037737,0.06250316311554228,4.7874629477830093e-08,2,0.07897438427021568,0.0,0.00020447389061007738
1430,3,32.0,11365.29178328274,0.05770825788815812,4.054613631539275e-13,2,0.06786396933795352,0.0,0.00026258202617304824
1431,2,31.0,15456.094031327057,0.06106379559697895,2.9047559051075284e-12,2,0.07234287523409534,0.0,0.00016576856533003412
1432,3,31.0,11460.896372480569,0.056882297399995396,7.468840878378571e-14,2,0.06742864522852687,0.0,0.0002566911570844858
1433,3,30.0,27291.015274095695,0.06491202712113846,2.1331022521821985e-11,2,0.07864978213491869,0.0,0.00021533681471096904
1434,2,31.0,30799.907185507465,0.060120728264044396,1.437188991026747e-13,2,0.0719819205438575,0.0,0.00014497555845147616
1435,5,33.0,31120.585018769783,0.05362337718726933,1.2396637027890165e-10,2,0.06721730686072981,0.1,0.0002869951631016224
1436,4,32.0,86043.45334593875,0.05660658423953523,8.064770370159978e-10,2,0.07290180482842094,0.0,0.0002271682162560869
1437,2,33.0,3519.1507727502853,0.049048323520359025,1.7825465461397163e-13,2,0.05530104061134713,0.0,0.00018771422343551348
1438,3,30.0,93682.20928976132,0.06484811887946651,6.636668976430944e-10,2,0.0843802003209416,0.0,0.00019818659269239483
1439,5,32.0,33824.75169627611,0.05554993309269192,4.129040131918773e-12,2,0.0674244489074144,0.0,0.0003699199783802815
1440,3,32.0,12209.574202504584,0.05748330191533431,1.3093127345788138e-11,2,0.06999930847688803,0.0,0.0002286679178312057
1441,3,31.0,11213.294596855869,0.06015293945740587,1.6624293318628447e-13,2,0.07218061523647933,0.3333333333333333,0.0002052336206486233
1442,7,30.0,80819.836604875,0.06380203288258618,1.0117479576005287e-12,2,0.07811023400962147,0.0,0.00047369130090205126
1443,2,29.0,70264.8303066948,0.06743382884912022,6.525511696447696e-12,2,0.08130259468701799,0.0,0.0001369660658192838
1444,4,34.0,39943.44999046208,0.05477022007871833,1.970824784140022e-11,2,0.06926504324025348,0.0,0.0002690281907230311
1445,2,33.0,28821.2540035275,0.05695903331065733,1.0494789728822613e-10,2,0.0707884057607223,0.0,0.0001441997719482697
1446,6,36.0,43946.61680836083,0.049263539994216024,9.507174298718777e-10,2,0.06078325618975331,0.06666666666666667,0.00039793518555594537
1447,5,35.0,73138.24020837789,0.05176840450615667,4.808633293772538e-09,2,0.06468008800039025,0.0,0.0003166295068972392
1448,2,34.0,2808.18994965803,0.05401091151613221,6.362163132406843e-10,2,0.0661387241770942,0.0,0.00014776851342774197
1449,3,31.0,20694.98225649201,0.055068166363828906,4.397081298041974e-13,2,0.06437144774071228,0.0,0.0002225522613201421
1450,3,34.0,61378.27420634918,0.05440288974054006,5.157094634969351e-12,2,0.06820152206759757,0.0,0.00020473215859926136
1451,6,31.0,97798.62458585859,0.06099669086778288,8.282393762257969e-13,2,0.07515222483024851,0.06666666666666667,0.0003517910407197524
1452,3,31.0,28443.108077753215,0.0631116334926029,4.999126309581044e-09,2,0.07906459450287341,0.0,0.00019257170473951915
1453,3,32.0,15174.916155598306,0.05677508332375589,1.3525818268398765e-13,2,0.0697235659846807,0.0,0.00020777007085902825
1454,3,32.0,15174.916155598306,0.05677508332375589,1.3526318577348056e-13,2,0.0697235659846807,0.0,0.00020777007085902825
1455,4,33.0,16170.36597111596,0.0520668648158688,8.395150916544769e-15,2,0.061863230736301414,0.0,0.00029319684279206944
1456,2,33.0,4360.970886361158,0.053740630745297696,1.9186047079082353e-14,2,0.06414080794494154,0.0,0.00015153074291612698
1457,2,33.0,4360.970886361158,0.053740630745297696,1.9186881947453594e-14,2,0.06414080794494154,0.0,0.00015153074291612698
1458,3,33.0,14806.0,0.05348519954093675,2.5984780560580714e-12,2,0.06625498736378828,0.0,0.0002366567013958601
1459,5,28.0,167155.26136426785,0.0716378085211288,4.353908956643854e-11,2,0.08681410157599899,0.0,0.00031545239004378116
1460,10,35.0,96647.7453265199,0.05167364016736402,4.463045222945536e-11,2,0.06506376168445005,0.0,0.0006521482081863985
1461,7,34.0,155664.62444278612,0.05442686527698206,2.7234534027921e-10,2,0.06944994121236736,0.0,0.00044387124419263603
1462,3,33.0,51884.0853474243,0.05689605528361647,4.605692783899542e-09,2,0.07118908221781392,0.0,0.00018434181513673142
1463,4,33.0,65442.149715097694,0.05514131356878153,7.067422935158745e-10,2,0.06965388580040989,0.0,0.00023261668509526497
1464,1,36.0,0.0,0.046315394712169514,8.088079587507258e-13,1,0.05434589761672065,0.0,8.886755697970127e-05
1465,1,36.0,0.0,0.046315394712169514,8.088101769045458e-13,1,0.05434589761672065,0.0,8.886755697970127e-05
1466,5,35.0,10276.405952380961,0.04856420994681531,6.052577970460805e-12,2,0.058903096076338604,0.1,0.00034417252882439715
1467,5,32.0,2645.4400432900434,0.056116595290295467,7.412066156159135e-11,2,0.0699398554676202,0.0,0.0002892918964286338
1468,5,32.0,60072.2252018536,0.05623541465080539,3.6884931968042526e-11,2,0.07091544252114206,0.1,0.0002985132560751178
1469,2,31.0,6128.973148656816,0.06104794859120118,1.5925184268584467e-13,2,0.07196745039009776,0.0,0.00015541208164333265
1470,2,35.0,10435.277730805037,0.04566378880035496,4.349745936638547e-15,2,0.05095683120122003,0.0,0.0001941323859521492
1471,4,34.0,1905.330615288365,0.051035166742427376,1.5601782213540148e-12,2,0.06282329593107434,0.0,0.0002617125390058361
1472,5,32.0,40554.56240577131,0.05815938497039051,8.126788989192954e-13,2,0.07180984936737837,0.0,0.0003125045342363429
1473,3,33.0,5035.966541157825,0.05309087782649815,4.900765268150425e-12,2,0.06505508311086142,0.3333333333333333,0.00018660412427628083
1474,4,33.0,29227.80004697326,0.05256940971150674,4.2913685263036147e-13,2,0.06233809799768218,0.0,0.0003342018348632553
1475,1,34.0,0.0,0.04994439389343848,5.732861748539058e-14,1,0.05761876893891702,0.0,0.0001013761169880396
1476,3,24.0,1598246.2049238211,0.07918570169111165,9.626363710475335e-13,2,0.09006032270136721,0.0,0.00020517804852251894
1477,1,33.0,0.0,0.05279018572741456,1.1906372610743167e-11,1,0.06205930750457759,0.0,8.894029351207246e-05
1478,6,32.0,27403.02831104836,0.055731675673236385,8.909634581260597e-11,2,0.06793790385569651,0.0,0.0004135204689353591
1479,1,34.0,0.0,0.04955809030808279,1.3371399149043081e-15,1,0.05703927015068715,0.0,0.00011043194719778504
1480,2,33.0,4939.0,0.05214160562369382,9.900663789634157e-15,1,0.06147843542717405,0.0,0.00018840875321943833
1481,1,32.0,0.0,0.05816075444152725,0.0,1,0.06759947173061057,0.0,9.203269269642938e-05
1482,1,32.0,0.0,0.05816075444152725,0.0,1,0.06759947173061057,0.0,9.203269269642938e-05
1483,2,29.0,0.0,0.06486429706272404,1.436427196146201e-14,2,0.07279477528625145,1.0,0.0001444739078286724
1484,6,31.0,109088.59925339845,0.05945932933728124,1.98816642841281e-10,2,0.07689987834428513,0.13333333333333333,0.0003259479729002468
1485,2,32.0,34051.61528317301,0.05985557117239374,7.08265708954131e-10,2,0.07503085357990803,0.0,0.00012594649416614568
1486,3,31.0,107897.4265817874,0.05941213258286429,8.381034607755077e-11,2,0.07691425355935826,0.0,0.00017598883939296756
1487,3,32.0,14823.27861463026,0.05635473824707104,2.5499155076712216e-11,2,0.07207385277037527,0.3333333333333333,0.00017527153222389816
1488,4,29.0,121508.39685860339,0.06334713976123,3.296186843137041e-10,2,0.0766789724333466,0.0,0.0002696928260679747
1489,8,33.0,15062.590737700835,0.05345279058192127,5.831507143930065e-11,2,0.06722941797687883,0.14285714285714285,0.0004090276400784502
1490,2,32.0,5716.210027187502,0.05520354911886643,5.310533880169542e-13,2,0.06658411829424594,0.0,0.00016218215820812696
1491,4,32.0,33154.1825417866,0.05655344529541734,2.332839481391283e-14,2,0.06574500257678846,0.0,0.0003250327691966977
1492,4,35.0,12997.248699788759,0.04930779442442632,5.316737878659197e-16,2,0.056922835728805334,0.0,0.00032029316544321135
1493,2,34.0,16114.973480687462,0.051684993565532175,2.330931486678378e-15,2,0.05979112989600525,0.0,0.00016067412871752275
1494,3,32.0,7408.015663403798,0.05679401248548534,4.012792617908759e-14,2,0.06688394506468127,0.0,0.00024460385444959856
1495,3,34.0,13294.065201561069,0.05393543033704185,1.4520963360477256e-11,2,0.06548280344240771,0.0,0.0002150258753738665
1496,3,31.0,19744.0,0.05857939048974268,4.3468786964453614e-10,2,0.0715665521581648,0.3333333333333333,0.0002307848547322265
1497,2,33.0,7363.762137164253,0.05593423764125093,2.276810989600156e-12,2,0.0685373421687778,0.0,0.00013998471950096283
1498,2,33.0,7273.889664674819,0.056030033912915264,2.2622458447821738e-12,2,0.06869598548888818,0.0,0.00014288603838809845
1499,5,31.0,89153.15282326349,0.061551496424032494,2.820269029024157e-12,2,0.07586693363580298,0.0,0.0003172459802797895
1500,2,30.0,63904.34582629242,0.06499743431180348,1.8104906032458967e-11,2,0.07918309918898467,0.0,0.00013405872236022607
1501,2,31.0,6367.13551667634,0.05435619814704782,6.786106854743513e-12,2,0.0630710228427541,0.0,0.0001691550381917948
1502,3,30.0,24132.068677397932,0.06172145382760473,2.6509675023292974e-11,2,0.07703928331761793,0.0,0.0001982731745543017
1503,1,38.0,0.0,0.044847527484997866,1.760716675938018e-11,1,0.052065251119453856,0.0,0.00010597890858549969
1504,2,30.0,9293.0,0.062313155139573896,8.47812747625353e-09,2,0.0780523408919327,0.0,0.00014485298521815768
1505,4,31.0,26698.90851696814,0.058639886993578104,1.7284096959782515e-11,2,0.0723332343981992,0.16666666666666666,0.0002774891726413708
1506,9,28.0,874999.4978053969,0.06906965688878947,2.3100620382407574e-10,2,0.08977131098178327,0.027777777777777776,0.0005509767689745941
1507,3,29.0,403041.53321067576,0.06956864622794294,4.3906150875996665e-10,2,0.08784651083211054,0.0,0.00018033331959055397
1508,2,32.0,4635.339725975841,0.05380267270766852,1.2137922472753253e-12,2,0.061825522340569775,0.0,0.00016940361990719672
1509,1,33.0,0.0,0.05072910248510988,3.79204740643949e-16,1,0.057337037882645533,0.0,0.00010615357542461235
1510,3,32.0,21827.65870062383,0.05343949113488604,2.871607588892427e-15,2,0.06184913968995935,0.0,0.00026751299415901685
1511,3,30.0,7788.065013833502,0.05674443180904465,9.93334114479596e-14,2,0.06729456663246713,0.0,0.00023016531630841897
1512,5,27.0,580328.6275644853,0.06752969803015597,3.3391920627278695e-11,2,0.08391861930004181,0.0,0.0003364076647523707
1513,3,28.0,11632.537190427525,0.06343662116523056,4.633042906515761e-12,2,0.0764050961631062,0.0,0.0002391387060821759
1514,1,29.0,0.0,0.0646081008618773,3.087052976972105e-11,1,0.07945007608810692,0.0,8.23949219271695e-05
1515,3,30.0,5065.43268398267,0.061709117709517446,2.63392955785926e-11,2,0.07668165848630888,0.0,0.00022698415724892849
1516,4,33.0,14788.490163056813,0.05272539037067871,5.9359419570628e-13,2,0.0629208476882554,0.0,0.0003233125065133204
1517,2,31.0,5888.796045917073,0.05625975150044985,6.366412934421261e-17,2,0.06259720990879766,0.0,0.00017449123566788127
1518,2,32.0,3747.112340821634,0.054978687411661266,3.9987488308208446e-17,2,0.06160736779775507,0.0,0.0001771447974349612
1519,1,33.0,0.0,0.05430540745545088,1.3487188891069541e-11,1,0.06375436155781827,0.0,0.00010222851975930717
1520,2,33.0,8127.698630944501,0.05432332273991884,1.3742632999630265e-11,2,0.06408057773929775,0.0,0.00018170592832815184
1521,3,32.0,17966.531964276397,0.05742316455107639,1.0092535029630239e-10,2,0.06945743889718649,0.0,0.0002536598565166796
1522,3,32.0,135.9460317460328,0.05564692364881609,5.984514854431547e-12,2,0.06719705656573408,0.3333333333333333,0.000202891715783949
1523,4,31.0,52583.72623255894,0.059740479616886964,1.5416064618993644e-13,2,0.07082072653094255,0.0,0.00029519948606137285
1524,5,31.0,56506.392185867495,0.060862922898750706,4.396747883753437e-10,2,0.07610600204973964,0.0,0.0003327958045775539
1525,3,30.0,61244.883852534236,0.06474442988204455,2.921157755744475e-09,2,0.08367769534117463,0.3333333333333333,0.00018584389355985408
1526,3,33.0,12984.471024615084,0.052890226014710766,8.861273522334553e-13,2,0.06353661799532108,0.0,0.00023387181348739978
1527,2,33.0,1693.289774114778,0.05650557620817844,1.2412382070166388e-11,2,0.06784719866956714,0.0,0.00016987114553137505
1528,6,33.0,31577.230301676704,0.05232441135037231,1.4620012485691098e-13,2,0.062331066492495986,0.0,0.0004628001892266384
1529,2,32.0,17590.00871552171,0.05505711897464475,4.1383414995939554e-13,2,0.06536142286102399,0.0,0.00016704513912890718
1530,9,32.0,82272.08250354219,0.0560389323108686,2.1014358994033733e-11,2,0.0714502465830935,0.05555555555555555,0.000509396042028089
1531,5,31.0,105778.3239101274,0.059297314815926254,9.379936518488711e-11,2,0.07706439132083204,0.1,0.00027731921878663637
1532,3,31.0,64.64126984126978,0.057587838940570284,6.179433273706574e-16,2,0.06382299648923416,0.3333333333333333,0.00020635694384944293
1533,1,33.0,0.0,0.05306578438533924,2.808188007835428e-12,1,0.0644346290035652,0.0,7.846785327112043e-05
1534,1,33.0,0.0,0.054386718190926005,1.53708090660486e-14,1,0.06305781910461522,0.0,9.315312497346156e-05
1535,3,32.0,22194.305901585485,0.055008073047157734,7.248689143444221e-14,2,0.06689882203876676,0.0,0.00022652954478273666
1536,3,33.0,5903.528997593982,0.0531217067767813,3.2018797763891545e-12,2,0.06501552274994472,0.0,0.00019504403061557915
1537,2,31.0,7250.764823341148,0.06002648942245768,1.4049528068231886e-13,2,0.07122484080398414,0.0,0.0001571823104736264
1538,1,33.0,0.0,0.05688622754491018,1.0231418823722456e-10,1,0.06980943590017406,0.0,8.703128141976531e-05
1539,1,33.0,0.0,0.05688622754491018,1.0231419156844876e-10,1,0.06980943590017406,0.0,8.703128141976531e-05
1540,3,32.0,72837.9576861138,0.06026668618624114,3.3024727030976434e-08,2,0.07649745027870282,0.0,0.0001874767394017269
1541,4,30.0,105887.22924629423,0.06662440827005812,2.1636309612121505e-09,2,0.08474013751512981,0.0,0.00023455787687960065
1542,3,37.0,4006.8858127345597,0.047105491508615344,1.2393849711512301e-13,2,0.05582786902435116,0.0,0.00022538174010799418
1543,2,35.0,4822.058861974913,0.04875689653470721,8.880845666155903e-17,2,0.05514132781956407,0.0,0.00017378616676295156
1544,2,33.0,226.96507936507948,0.05381967141674293,3.2962373175950066e-15,2,0.06247516748276963,0.0,0.00015932988084553046
1545,2,34.0,76.61666666666669,0.05069162254237984,5.915465726323223e-16,2,0.05734754364154954,0.0,0.00016864754387085313
1546,2,31.0,4939.0,0.05496217178460169,7.418341916021556e-17,1,0.05914134590114809,0.0,0.00022280846219551955
1547,7,32.0,36695.517663307386,0.05673009566026252,2.138193720491416e-14,2,0.06724028744025436,0.0,0.0005123471863968019
1548,2,31.0,39633.66376720148,0.060024301336573514,1.3792166527873622e-13,2,0.07142670765058787,0.0,0.00015009147196571974
1549,2,35.0,9197.060279140836,0.04970318945567965,1.8185024517934846e-15,2,0.05760411464901394,0.0,0.00016609655079624606
1550,2,32.0,4939.0,0.05684695051783659,2.085454486152153e-14,1,0.06680555808066352,0.0,0.00018054719736292253
1551,2,34.0,8221.432058933598,0.052111353734822834,1.5360901272920657e-14,2,0.06039219606788156,0.0,0.00016412767477833382
1552,2,31.0,19517.317392656325,0.058675408589889774,3.064226729762636e-12,2,0.0725026685152769,0.0,0.0001487641884175574
1553,2,30.0,9876.0,0.05815664622158388,2.1229709506391812e-16,1,0.06317678979988635,0.0,0.00020272043560056718
1554,9,31.0,207045.58482064964,0.06105323001248254,1.837936554294037e-13,2,0.07369797076940379,0.0,0.000653699980507369
1555,2,32.0,6297.847718947719,0.05426782379435351,2.6111999242886075e-15,2,0.06127171260425808,0.0,0.00018919150343125072
1556,2,37.0,1723.3955572683685,0.04717882110249456,2.336322394340913e-11,2,0.057136338474469556,0.0,0.0001454647863635704
1557,2,36.0,23.5,0.045941522208169036,2.3580364132132526e-14,2,0.052651803497776574,0.0,0.00017772402660778223
1558,2,34.0,0.0,0.05060282925130349,3.58589475132797e-12,2,0.06073059063378217,1.0,0.00012648634527449837
1559,2,31.0,22400.808715524185,0.05816006969789729,2.950885178421894e-12,2,0.0700500215188406,0.0,0.0001673495339032844
1560,2,36.0,7108.451233328221,0.047807993806251815,6.5773140986018005e-15,2,0.05465956719478124,0.0,0.0001780221624426809
1561,2,31.0,11223.847718947713,0.05737247979187959,1.8914650586758664e-14,2,0.06580801293947099,0.0,0.0001830403897765014
1562,3,31.0,3903.693433534074,0.05753217259651779,3.4058578109478683e-16,2,0.06361755865221737,0.3333333333333333,0.00021258298112977744
1563,3,33.0,7409.4000000000015,0.05272932988920436,2.0395930639431993e-16,2,0.058598119218450546,0.3333333333333333,0.00023510084776411758
1564,2,36.0,47.150000000000006,0.049102927289896126,1.3501476437116362e-13,2,0.058561098269150735,0.0,0.0001531136803292374
1565,2,36.0,567.6486051530165,0.04714910187641972,7.62975875871055e-17,2,0.05387902176402799,0.0,0.00017310293109517019
1566,3,33.0,9877.0,0.055704652578877335,2.2486057015217122e-12,1,0.06692225853446314,0.0,0.0002671407100633484
1567,1,34.0,0.0,0.05276593926576302,3.0049322446170344e-13,1,0.061578173181273795,0.0,0.00010604809493084068
1568,1,34.0,0.0,0.05276593926576302,3.004936342321834e-13,1,0.061578173181273795,0.0,0.00010604809493084068
1569,2,36.0,36.400000000000006,0.04909804701088307,1.32272635035185e-13,2,0.05851241887836612,0.0,0.00015081504868131324
1570,2,35.0,1162.6943310313316,0.04849936675928017,1.6415652428621694e-15,2,0.055452063098291045,0.0,0.00017760131364021604
1571,2,31.0,2092.255946830941,0.05551497443389335,4.1787023438634915e-15,2,0.06337528210024389,0.0,0.00017824653776619208
1572,2,33.0,24.61666666666667,0.05447848430710867,6.979268952016545e-15,2,0.06272998867563882,0.0,0.0001587693747969269
1573,3,30.0,20200.858635337954,0.06151317427902575,2.6009974237161937e-14,2,0.07169941669507023,0.0,0.00021281835077027582
1574,3,31.0,7224.754509379511,0.05805003584060917,4.718065069336035e-15,2,0.06677780449016894,0.0,0.00021158745895468137
1575,3,33.0,9556.753734382282,0.053368480186681645,3.737791875845254e-15,2,0.061360847749699805,0.0,0.0002348829923237987
1576,2,32.0,33.7952380952381,0.05245720596355605,1.4795333070551084e-12,2,0.060364230023013284,0.0,0.00015760990435188598
1577,2,32.0,118.58333333333339,0.05513946713397551,4.872949404834877e-13,2,0.06548628169539704,0.0,0.00016384810940896116
1578,2,36.0,9876.0,0.04682952724928666,2.674132936001844e-17,1,0.051724785953637574,0.0,0.00019938163055497037
1579,3,29.0,24679.0,0.062208789824959074,2.0246636721208822e-13,1,0.07330646250674318,0.0,0.0002590182395331273
1580,2,29.0,9157.16440959147,0.06247786715232458,2.170830190065582e-13,2,0.07434123295446905,0.0,0.00015432437992263205
1581,2,31.0,9876.0,0.055332780752257,3.781350322453074e-15,1,0.062376410466994346,0.0,0.00020838601146512664
1582,2,32.0,4939.0,0.05243326434219604,5.585278650987374e-16,1,0.05824383095352046,0.0,0.0002265781212833883
1583,3,34.0,4854.999999999998,0.05136363163750169,1.968267684539988e-15,2,0.0584726613451591,0.3333333333333333,0.0002296468388336442
1584,7,34.0,26809.91256217017,0.05097460556593163,5.384593423049855e-11,2,0.06309775926297805,0.2380952380952381,0.0003844230079358333
1585,2,34.0,6512.584398935174,0.05113448161642928,4.942792832886314e-16,2,0.05861282353427534,0.0,0.0001689325559653278
1586,3,36.0,4930.549999999999,0.04909316770186335,1.364372865905925e-13,2,0.05858913309981713,0.3333333333333333,0.0002037379494605413
1587,2,35.0,120.67673992673993,0.04930188924041158,5.601635788648257e-13,2,0.05686437127758284,0.0,0.00018687628376887018
1588,2,34.0,3247.955773801643,0.051543164792053585,1.9113869056139615e-12,2,0.059749411425762976,0.0,0.00018700566722081098
1589,4,34.0,3252.396961638189,0.05072753971432385,5.601603135416995e-12,2,0.06100661086255621,0.0,0.0002459829565638992
1590,2,35.0,2469.0000000000005,0.04770043355252358,1.8239908663651836e-17,2,0.051787658822266124,0.0,0.00017985730994560343
1591,2,32.0,867.200069570242,0.05689671058693449,2.370386297106595e-14,2,0.0674269688336531,0.0,0.00014852440720329658
1592,2,31.0,4939.0,0.054215412980969734,8.283350031347792e-17,1,0.05884065732594516,0.0,0.00022388919046270204
1593,2,31.0,3452.9171779444437,0.05462607676401314,9.529791421816498e-12,2,0.06401425276502212,0.0,0.0001547462495277311
1594,2,31.0,6135.190079013113,0.05668387837062536,3.2408129222698595e-14,2,0.06750655325700713,0.0,0.00016174665817634607
1595,1,33.0,0.0,0.05368514855789085,2.7838779308623616e-15,1,0.061632742083157985,0.0,9.25718139991704e-05
1596,2,34.0,3636.362973773266,0.05165688950235802,5.153942056569014e-16,2,0.058429750196102775,0.0,0.0001679127886646441
1597,1,35.0,0.0,0.04716936092199868,1.5595626486424508e-16,1,0.0536164037228217,0.0,0.00010276676765144814
1598,3,34.0,11248.615971116224,0.04950395831245616,1.1920380742221838e-15,2,0.057566391913374704,0.0,0.0002555595549596054
1599,3,35.0,153.82261904761907,0.04851174986006226,9.26779056502614e-12,2,0.058210740186614846,0.3333333333333333,0.0001794447465762502
1600,4,32.0,13074.71413255319,0.05732321474158138,1.5842747577272866e-13,2,0.06860953433719374,0.0,0.0002453119002846791
1601,3,33.0,8673.446878399373,0.05429764783468894,2.3492860321941363e-14,2,0.06393146272370479,0.0,0.000208535488643117
1602,3,34.0,2024.4117775976672,0.051806950940705164,4.621703596491333e-15,2,0.060808868644634605,0.0,0.00019967939600156698
1603,2,36.0,65.08333333333334,0.04593169752024621,5.219580642512698e-17,2,0.05199445238812227,0.0,0.00017643941885748794
1604,3,36.0,6055.389152590528,0.048551322876125326,7.429129877212093e-15,2,0.057398971016314,0.0,0.00024109985239508138
1605,4,34.0,7608.8201612693265,0.05216362906802391,1.0388922697414887e-14,2,0.06167800064468199,0.16666666666666666,0.00027425398874591155
1606,1,38.0,0.0,0.04282061283751571,1.8712255028436387e-17,1,0.04626391801851336,0.0,0.00012410768001138838
1607,2,36.0,249.42062835901132,0.046883304228987926,2.0782013672233673e-15,2,0.0540570283259072,0.0,0.0001755049451467582
1608,2,36.0,4939.0,0.04480806908061824,6.423687524123802e-17,1,0.050143497517520015,0.0,0.0002154589728497571
1609,4,32.0,6480.405849825038,0.05724549510400371,9.426400050980557e-14,2,0.06791946361169825,0.0,0.00024951162294930635
1610,1,32.0,0.0,0.055779501597732685,6.223633094061458e-12,1,0.06761342298159446,0.0,8.891067503090193e-05
1611,2,34.0,9162.94499599914,0.05098144440545729,4.516604235329647e-16,2,0.057720166800942156,0.0,0.00017151057456109262
1612,3,38.0,2400.785117333561,0.044469649914031344,4.2607456486190833e-16,2,0.051383881352339233,0.0,0.0002575015367608027
1613,2,37.0,1764.182473730248,0.04432600249445925,9.354487076345579e-16,2,0.05132857441627666,0.0,0.0001789157197971327
1614,3,33.0,2408.502760895686,0.05317202333541429,5.034395278633806e-12,2,0.06426936396564874,0.0,0.00019282658305043497
1615,2,30.0,4698.4377289377335,0.05817239755063589,2.1030892624309972e-16,2,0.06326618870507474,0.0,0.00018991136011595482
1616,2,38.0,20.099999999999998,0.04497614625441568,1.6332502437948954e-14,2,0.05199818274718634,0.0,0.00017629488266101659
1617,2,34.0,0.0,0.05076872482117899,3.9424911826832634e-13,2,0.060745890358158985,1.0,0.00016321430637089264
1618,2,34.0,5936.81099769838,0.05089006098566013,9.270963080768992e-15,2,0.0585708108069783,0.0,0.00017923406384923432
1619,2,33.0,31835.475696268015,0.053494466463084485,2.4958375582096672e-12,2,0.06622751483631573,0.0,0.00015640540020210895
1620,3,33.0,9876.0,0.05348288331204123,2.555795944813576e-12,2,0.06615377278888941,0.3333333333333333,0.00022408234970731444
1621,2,32.0,15.666666666666666,0.0565385583812118,2.2218300104045817e-14,2,0.065307852008059,0.0,0.00017063981801484552
1622,5,31.0,55076.24497495185,0.06027109793443383,1.5325802682296604e-13,2,0.0733205101778746,0.0,0.0003480106012846996
1623,5,32.0,24404.79106494676,0.05691113107992903,2.2659459220223574e-14,2,0.06813443388322325,0.0,0.0003345018752470287
1624,2,32.0,74.41880341880344,0.05553869158037933,1.2949293144826275e-10,2,0.06672015085206634,0.0,0.00013768580927819122
1625,2,32.0,5938.644430406218,0.05561121680494422,9.40850401040929e-10,2,0.06626335476613834,0.0,0.0001700411257681624
1626,2,36.0,2454.695238095238,0.04908487510184615,1.1931732256767633e-13,2,0.05830508965787916,0.0,0.00014526820628057112
1627,2,37.0,3037.760304485933,0.04615442110770611,1.030355916716061e-15,2,0.05317924704229556,0.0,0.0001765627116451903
1628,2,33.0,5370.975882427325,0.05268209448650955,1.2807551220477565e-10,2,0.06136705480095039,0.0,0.0001849446129806191
1629,2,31.0,7210.387629160612,0.05705903415456761,7.699291239036315e-14,2,0.06549928920102221,0.0,0.00015083707071378928
1630,2,31.0,19299.024117572677,0.058580085142714844,3.754143338210712e-10,2,0.07142147793414323,0.0,0.00016168468287699775
1631,2,31.0,3793.0312576312676,0.05819912583499252,3.1504338009367672e-12,2,0.07048573852338327,0.0,0.0001584183851019989
1632,2,32.0,4237.533247992269,0.05739714408542182,6.197658681677652e-11,2,0.06939508777304931,0.0,0.00014676397258232463
1633,3,35.0,9283.028270429319,0.049781826610099465,1.2429989628320707e-15,2,0.05819675348394216,0.0,0.0002405982651643347
1634,2,33.0,9876.0,0.05267535347934572,1.280560097742229e-10,1,0.06126150245855585,0.0,0.00020183897437764115
1635,2,33.0,13448.152281052287,0.05350257765455097,2.6638726006130088e-15,2,0.06068070769220955,0.0,0.0001885364191855473
1636,2,34.0,14811.0,0.04970168925377039,9.661207966328506e-15,1,0.057172612368381184,0.0,0.00020269464856548236
1637,1,36.0,0.0,0.04521035628323281,1.809510879011958e-16,1,0.050417799396662855,0.0,0.00012225248620602612
1638,2,33.0,1887.206909756912,0.05409252669039146,6.0307681439911545e-15,2,0.06376368803156286,0.0,0.00015157619190450872
1639,2,34.0,4939.0,0.050044067144145145,1.80427702932732e-11,1,0.057188361721306,0.0,0.00021774830401941061
1640,2,34.0,3.0,0.05008414948192307,5.769798425533833e-17,2,0.05479075967599822,0.0,0.0001839047296481835
1641,1,31.0,0.0,0.055769426161957125,4.544503918242935e-17,1,0.06111149051356607,0.0,9.920469675801017e-05
1642,2,33.0,4948.333333333334,0.052728204252412265,1.6804962862943992e-16,2,0.05848678318606181,0.0,0.00017047966191314752
1643,2,34.0,1105.7906215292423,0.05215922289093021,7.853928019083978e-15,2,0.06134343754696078,0.0,0.00015086188935244042
1644,4,37.0,5326.363530329331,0.045568172384211646,3.311804661612477e-14,2,0.053321343186051987,0.0,0.0003156422920362309
1645,2,37.0,4939.0,0.04473584119681959,5.030260288212899e-17,1,0.04887684995084721,0.0,0.00022058694807505796
1646,2,31.0,175237.8498197713,0.06366225498408444,6.424427029509782e-10,2,0.0818783595667451,0.0,0.0001400392786701948
1647,2,31.0,4939.0,0.05642167780252413,1.9515586292845825e-14,1,0.06633621260193671,0.0,0.00019152664564652346
1648,2,35.0,6579.696761160098,0.05081886264504979,5.1905209510612133e-14,2,0.06044785632211192,0.0,0.00015933956933128425
1649,4,33.0,5665.176292541405,0.05337886024247401,9.856524669904088e-12,2,0.06593569892398835,0.0,0.00025743884150667654
1650,2,33.0,1040.8005019836016,0.05639333782349114,2.653398931291921e-11,2,0.06746420138120533,0.0,0.00017120522352255594
1651,2,33.0,1190.6129786850845,0.05235602094240838,2.368735304963123e-16,2,0.05925568007523355,0.0,0.00016608598595507424
1652,2,35.0,5209.623553968768,0.04956505162190093,2.1231764506961865e-15,2,0.056667081616967596,0.0,0.000172221893618583
1653,5,32.0,127283.19437586753,0.057584482497348086,2.6445744145201632e-14,2,0.06809544061842725,0.0,0.00035927927830185915
1654,3,34.0,21.694444444444443,0.050561395248866464,1.5521540712008422e-12,2,0.060035500302319654,0.0,0.0001996886836286022
1655,1,37.0,0.0,0.04680911545932629,1.9254710650350664e-14,1,0.05461139802638502,0.0,9.494968992731474e-05
1656,1,37.0,0.0,0.04680911545932629,1.9255400047487476e-14,1,0.05461139802638502,0.0,9.494968992731474e-05
1657,1,30.0,0.0,0.05856619521274704,2.7067819253201376e-14,1,0.06704271373005775,0.0,0.00010374672828060934
1658,2,32.0,10659.553425719465,0.05629822102180131,2.1103718760574533e-14,2,0.0650332838844181,0.0,0.00016259242214247777
1659,2,31.0,42.416666666666664,0.05512162463735773,6.275362522260956e-17,2,0.05965858839311677,0.0,0.00019266946105525736
1660,2,30.0,5950.197296805364,0.05625782940439585,1.0647661485559708e-13,2,0.06464773019246631,0.0,0.00016370508566167932
1661,3,34.0,3157.488634285188,0.0519027506356511,5.274152542947401e-15,2,0.06132327579618788,0.0,0.0002003690107670424
1662,4,33.0,10011.707673505,0.05403572483346277,4.150631170205858e-15,2,0.06409424756490907,0.0,0.0002689068310867027
1663,2,34.0,482.3092157606589,0.050064353977278486,1.7567340730026808e-11,2,0.05744541460993762,0.0,0.0001896506363748514
1664,2,36.0,7917.776971152458,0.048359781108359194,7.212310369316927e-15,2,0.05643965197786268,0.0,0.00017234286074574855
1665,2,34.0,54.449999999999996,0.05068850171355866,5.969075067179137e-16,2,0.05725307670497734,0.0,0.00017266444338203725
1666,2,31.0,23300.152281052266,0.05989330746847721,1.425930672754585e-13,2,0.07054619927007935,0.0,0.00017329386615643256
1667,2,32.0,18374.15228105227,0.05651785918586825,1.9440721312115477e-14,2,0.06511612852686181,0.0,0.00018413609834987073
1668,2,33.0,1.0,0.05441547426280251,3.9053640196260855e-15,2,0.06189005094804879,0.0,0.00017654030319883167
1669,2,33.0,4529.952889394403,0.05445206234430458,3.971318130549073e-15,2,0.062405454348067844,0.0,0.00016076810189951762
1670,3,32.0,13414.710804341727,0.057581126445356214,2.8574400617734894e-14,2,0.06768157816509143,0.0,0.00022101539388091042
1671,2,35.0,4939.0,0.0490580652849638,1.0342724807679351e-16,1,0.05408188205869903,0.0,0.00022691811679043157
1672,1,34.0,0.0,0.05158514681926402,4.1089931925592426e-16,1,0.05740042133782583,0.0,0.00011245680507664452
1673,2,37.0,0.0,0.04681843167731296,3.620416107478636e-14,2,0.05497183437366369,1.0,0.00015752120271492738
1674,2,35.0,5078.452302240879,0.04912294658128157,1.4077181184713568e-14,2,0.05739112385254968,0.0,0.00016826223595770102
1675,1,36.0,0.0,0.045955198332961224,5.3224967037393655e-14,1,0.05263215587134443,0.0,0.00011263115319494543
1676,2,32.0,9876.0,0.05509764775426895,4.985835272898441e-13,1,0.06560273126022718,0.0,0.00018432051456545616
1677,3,31.0,15553.488095238099,0.05830697323072565,3.6628922563414526e-12,2,0.07179429108193523,0.0,0.00022754752884241968
1678,2,33.0,291.1853696261114,0.054366966015143514,1.380259128166646e-11,2,0.06430730557736171,0.0,0.0001665377181132602
1679,2,33.0,7875.589818781039,0.05333736422725604,1.9571713746046906e-11,2,0.06478010053768113,0.0,0.00013449084879065635
1680,2,35.0,5754.79406025877,0.049591422892364526,1.4014668936938272e-15,2,0.05702820786535836,0.0,0.00016024321536734667
1681,2,35.0,4939.0,0.05102936771101264,2.1131654462986573e-12,1,0.059229266632398955,0.0,0.0002151143061362621
1682,2,36.0,5657.71816070534,0.049088777152850926,1.0335910393261032e-13,2,0.058254555396818626,0.0,0.00016917222956986194
1683,1,33.0,0.0,0.05070358928039906,3.738543513320351e-16,1,0.057010120647833576,0.0,0.00012052020601815369
1684,2,31.0,48464.64243438064,0.058607189464942464,1.6176399265000846e-11,2,0.07203063719782875,0.0,0.00015447262742102625
1685,6,32.0,35173.08973308642,0.05636888528817737,2.6997004700603117e-14,2,0.06644553391508914,0.0,0.00042771100236489913
1686,2,35.0,1429.449304450307,0.04718918660744137,1.7497624126122657e-16,2,0.05399410350841654,0.0,0.00017775352066588194
1687,5,36.0,12416.240873015871,0.049104879673164285,1.2707972662002302e-13,2,0.05908042543321434,0.1,0.00036806772228003046
1688,1,37.0,0.0,0.0468068978586318,1.6952254484582087e-14,1,0.05461324559402205,0.0,9.2929739867165e-05
1689,5,32.0,38790.03932334191,0.05565946323545981,1.3461266123894806e-15,2,0.06293087326720335,0.1,0.00037181475058241256
1690,3,32.0,19560.362121212118,0.057203733296278286,8.810505592056957e-14,2,0.06748572337532652,0.0,0.0002046705480783896
1691,3,33.0,14636.612121212123,0.05411800793146513,1.2301371938044929e-14,2,0.06251729687380905,0.3333333333333333,0.00022052529423732405
1692,2,32.0,8635.777126285637,0.05711510891180687,2.8342480265490072e-14,2,0.06820097516523238,0.0,0.0001536909882498013
1693,2,33.0,4893.560714285713,0.05329420776110386,2.9109931084845953e-15,2,0.06035394248672159,0.0,0.00018055729491512617
1694,2,33.0,14.333333333333332,0.05231443730209999,8.938040819685028e-14,2,0.06168160630356157,0.0,0.00016415669459895978
1695,2,34.0,4939.0,0.049724201795708016,1.9868203446402553e-14,1,0.057571365661870995,0.0,0.00019056920585144721
1696,2,30.0,5211.978937728934,0.05855231186810321,2.5913542768913275e-16,2,0.06417878704953363,0.0,0.00018765806513209462
1697,1,33.0,0.0,0.0533759764886387,2.9037481464150396e-15,1,0.060414012247197814,0.0,9.987501320135612e-05
1698,2,33.0,11097.505030955903,0.054856584455820465,5.5162053679231704e-14,2,0.06503700386835244,0.0,0.000162370861685303
1699,3,33.0,12953.073673903817,0.05487425575402115,5.6575157945180476e-14,2,0.06552403876328199,0.0,0.00021153020661253573
1700,2,34.0,0.0,0.05076872482117899,3.942463597647338e-13,2,0.060745890358158985,1.0,0.0001632143063707957
1701,2,30.0,9876.0,0.057321219294276,2.972723289132673e-16,1,0.06288962074735967,0.0,0.0002043447066140086
1702,3,37.0,73.96666666666667,0.04681177685754627,2.6085418612237562e-14,2,0.054958244162705054,0.0,0.0002127207093616815
1703,3,34.0,9905.333333333334,0.05081259000205719,4.554441237211365e-16,2,0.05709006212418948,0.0,0.0002820718246140553
1704,2,36.0,0.5,0.0472139921628596,7.772813031601748e-17,2,0.05256170924354879,0.0,0.0001728458630806167
1705,2,33.0,298.9785714285715,0.056626050275679456,3.474393928720978e-11,2,0.06853119970040836,0.0,0.0001675071732706666
1706,2,35.0,4939.0,0.048168335657244266,3.9819263797298696e-13,1,0.05637948864510821,0.0,0.00019358335556562061
1707,2,30.0,4936.0,0.056343811305260276,9.424305258152498e-14,2,0.06513215720270296,0.0,0.0001689371910840803
1708,2,33.0,4145.344853357548,0.053740630745297696,2.9333121835043232e-15,2,0.062255171273400946,0.0,0.00015638660805270888
1709,4,31.0,20216.682195690235,0.05809850872653714,3.814865165306119e-15,2,0.06692408280699373,0.0,0.0003212339056042147
1710,2,36.0,4511.746230158731,0.04702388318277441,7.622894666664968e-17,2,0.05338959202876397,0.0,0.00017676633976846485
1711,2,34.0,2472.6000000000004,0.05008871989860583,4.0221974013159116e-17,2,0.05492845093211039,0.0,0.00017578236468986593
1712,2,36.0,26.666666666666668,0.045942803999069984,1.6145727793382885e-14,2,0.0526542133686075,0.0,0.00018123412099503718
1713,3,32.0,10848.548412698412,0.05528509876335963,5.327595889024542e-13,2,0.06720461144257324,0.0,0.0002448133716861954
1714,2,33.0,6800.439323344076,0.05274058890098862,1.6851609360268477e-16,2,0.05858799776096067,0.0,0.00017029073666693638
1715,2,36.0,770.4533037417533,0.048099860763560945,1.1881403805460272e-15,2,0.0561146709803755,0.0,0.00016969097673191985
1716,3,34.0,14811.500000000004,0.05008821203333807,4.958864622347633e-17,2,0.05502629168784577,0.0,0.0002527884110803351
1717,2,35.0,2212.7462901472018,0.0482836812886074,1.4126722350932806e-12,2,0.05772796385363633,0.0,0.0001529874885084392
1718,1,33.0,0.0,0.05350257765455097,2.6694153713584456e-15,1,0.060392163577754426,0.0,0.00011453223067828921
1719,2,34.0,116.77857142857142,0.05360475715091801,4.862022484844126e-12,2,0.06340939667294615,0.0,0.00017581302981121166
1720,1,32.0,0.0,0.05754088431253786,2.4471897123797556e-14,1,0.06674518999186169,0.0,9.20965585719214e-05
1721,3,33.0,14065.894338013375,0.05385781101795624,3.4860899349652426e-15,2,0.0629835948139526,0.0,0.0002255009030353348
1722,2,34.0,578.1408975828098,0.051322542439794706,1.0061179746115714e-15,2,0.05968457217050587,0.0,0.00015139285121217285
1723,2,33.0,213.65992063492058,0.053637350705754615,1.2324681833249723e-13,2,0.06274669465148788,0.0,0.0001679768001690086
1724,2,35.0,2469.0,0.04955212502382314,1.7277452376461446e-16,2,0.05599056929968614,0.0,0.00016763251294249138
1725,4,33.0,9297.062812522548,0.054384323223427095,4.5151947010107396e-14,2,0.06461374771267049,0.0,0.0002453971765593359
1726,3,33.0,21750.24619488946,0.05424041459879661,2.0499731670083774e-14,2,0.06359778127919309,0.0,0.00020602025926217345
1727,2,31.0,9876.0,0.0564229666601944,1.9510719752933447e-14,1,0.0663868198893861,0.0,0.00018669513082772494
1728,2,32.0,370.3892954219192,0.05343024324821268,3.2916483515675684e-15,2,0.06162727091545899,0.0,0.00017700760230310105
1729,2,32.0,14371.024117572675,0.055345799209025624,5.1142367494613933e-11,2,0.06555196633948103,0.0,0.00017851425420835508
1730,2,31.0,7405.496418293271,0.05571847507331378,5.834208008350166e-16,2,0.06205231280730783,0.0,0.00019041564367860427
1731,2,32.0,4920.416666666666,0.05518135004412274,5.229141831623803e-13,2,0.0664305291932884,0.0,0.0001605531938331592
1732,3,34.0,7081.02592593292,0.052298929671702465,1.3947462817434003e-14,2,0.061915015108744705,0.0,0.0002208316911878827
1733,2,33.0,5627.307142857143,0.05373946151754148,2.8574255938786066e-15,2,0.062143905458693825,0.0,0.00016743208335425697
1734,4,36.0,3816.057390265238,0.047417020214624406,3.6432126459702115e-16,2,0.0548521879211996,0.0,0.0002970447564100087
1735,2,37.0,4617.123856495906,0.0435196278807527,1.7867982580011678e-16,2,0.048672053621381606,0.0,0.00019824345105525464
1736,2,29.0,4552.357719232367,0.06160138665469555,6.580365572158721e-13,2,0.07338399990281293,0.0,0.00016045673238181344
1737,1,36.0,0.0,0.04521035628323281,1.8194548047393092e-16,1,0.050417799396662855,0.0,0.00012225248620602612
1738,3,35.0,9877.0,0.04735066329269228,1.4065503877325872e-15,1,0.0537102330517197,0.0,0.000324332679270097
1739,2,34.0,2351.2510678110466,0.050181323202259175,6.267831096058251e-17,2,0.05527093046690195,0.0,0.00018052706350203568
1740,2,32.0,3616.146307106598,0.05755496265917909,2.5419062777853568e-14,2,0.06709558521067788,0.0,0.00015957354286045492
1741,3,35.0,24675.0,0.049124900556881464,6.440424790774624e-17,2,0.054985430264878586,0.3333333333333333,0.0002570790030861134
1742,3,33.0,51758.75,0.054462868230728524,3.662974300346011e-15,2,0.0628647633701302,0.0,0.00023962919933638127
1743,2,34.0,29604.0,0.05165688950235802,4.935113004224466e-16,2,0.058480919786746084,0.0,0.00017109221776593999
1744,2,33.0,806.9119763497472,0.05373770777129928,2.9182224507024466e-15,2,0.06214284152038294,0.0,0.00016413180486070928
1745,2,35.0,1843.6520517066617,0.04881133529632631,1.0213320417173972e-16,2,0.055477282717820695,0.0,0.00017572330908024666
1746,1,31.0,0.0,0.05642038900373471,1.9136559325541797e-14,1,0.06620125983540502,0.0,9.653315188910021e-05
1747,4,34.0,23876.7760336587,0.050578996406229204,7.100630975196259e-13,2,0.06029166957164699,0.0,0.00032891928574271334
1748,2,33.0,28715.092700325364,0.053253991354311525,5.023976488697742e-12,2,0.06476730029607482,0.0,0.00015100082883254807
1749,3,30.0,1835.844411072696,0.059229063005815,5.94238042795143e-14,2,0.06924122454607966,0.0,0.000221424494772263
1750,1,32.0,0.0,0.053424464944250384,2.7172770959126004e-15,1,0.06138628383236664,0.0,0.00010125282375263273
1751,1,38.0,0.0,0.04358259519356319,4.404686014963401e-15,1,0.04980577533155525,0.0,9.743221413723993e-05
1752,3,33.0,2556.413905770981,0.0532384955275353,5.4059770351607416e-12,2,0.06471115030571431,0.0,0.00019439385772055144
1753,2,36.0,400.685926067397,0.047587854500616526,1.757644247192416e-12,2,0.057176168165335904,0.0,0.00015018530285186644
1754,3,34.0,4190.289112122338,0.051674721228477584,1.0860579696268113e-15,2,0.058680067804720154,0.0,0.0002392547525424728
1755,3,34.0,5112.88787878788,0.05150554675118859,3.725810032812712e-15,2,0.059501871593380495,0.0,0.00021627117607695678
1756,2,35.0,189.5545454545455,0.04898898243735063,5.551115367225819e-16,2,0.05558340672088418,0.0,0.00016133103115550636
1757,3,35.0,22219.555854998245,0.04837304035329945,4.778204128418433e-14,2,0.05737299012046918,0.0,0.0002483230919562896
1758,2,37.0,544.6239871230247,0.045614456273834474,4.864236655631933e-17,2,0.0526157186906555,0.0,0.00016004942940510552
1759,2,36.0,830.9223149278919,0.04746668204049081,3.207816456386303e-16,2,0.054325528293782566,0.0,0.0001701217234558704
1760,4,33.0,23566.0735674277,0.05358091911884335,3.3405337533755717e-15,2,0.06140795241832308,0.16666666666666666,0.0003166740075636386
1761,2,32.0,60.79285714285714,0.05502951988414838,9.924772206809455e-13,2,0.06528292904265157,0.0,0.00015133954107762458
1762,2,34.0,5476.560899594583,0.04973571608356406,1.9869226833199882e-14,2,0.0578135576803786,0.0,0.00016699019664460237
1763,2,30.0,4939.0,0.05886558627264061,4.5912634371834323e-14,1,0.06859037912134584,0.0,0.00019214632738254666
1764,1,33.0,0.0,0.049821489803739634,8.665290477678373e-17,1,0.054582025923275775,0.0,0.0001266539286249314
1765,2,35.0,14319.628618401899,0.047589229805886035,7.980278622270875e-15,2,0.0542740629442884,0.0,0.00019123764642691249
1766,2,33.0,4925.666666666668,0.052715262882692536,2.0125158976206659e-16,2,0.058212138240364045,0.0,0.00018031429490366642
1767,2,32.0,9859.666666666668,0.05564504319812564,1.2476698092081943e-15,2,0.06232270219850596,0.0,0.00016893307699681237
1768,1,34.0,0.0,0.0516083200133722,4.806782371996994e-16,1,0.05759585455957496,0.0,0.00011526274955028117
1769,2,34.0,871.54422121105,0.05064692735139125,4.4020925692032646e-16,2,0.05691864954868783,0.0,0.00017266237624965502
1770,2,31.0,5297.9782828282905,0.05858286391935962,1.616028641598852e-11,2,0.07167976730748518,0.0,0.0001586253748053973
1771,2,33.0,5766.336759052055,0.0533270003022583,2.9004527317811327e-15,2,0.06063570750532882,0.0,0.0001688017825550228
1772,2,34.0,675.1464285714287,0.05094779398114725,5.865401472105941e-16,2,0.05813120901479456,0.0,0.0001755881123346043
1773,2,37.0,107.9683261183262,0.04630757981964416,1.2758495996672219e-15,2,0.05364629550852293,0.0,0.000173259453612193
1774,2,34.0,1550.0838985575765,0.050026329647182725,2.5608718980199895e-14,2,0.05592293119988605,0.0,0.0001768126152898798
1775,2,35.0,0.0,0.05160993752481247,8.450688419044641e-13,2,0.06273244189996144,1.0,0.00014388554693658116
1776,6,32.0,95540.20543304404,0.05802548892934751,4.0548673872850034e-13,2,0.07116629083414376,0.0,0.00041489438082223027
1777,2,32.0,9611.056349206354,0.05976866863475778,1.439045086001541e-10,2,0.07383083320977614,0.0,0.0001622414514606771
1778,2,32.0,4939.0,0.053411179586982376,2.7193074059015446e-15,1,0.061278562606224364,0.0,0.00021214583279676415
1779,2,35.0,3567.2304799394446,0.04966720958758119,2.1422329460023436e-15,2,0.057041776024051895,0.0,0.00017328668371139062
1780,2,35.0,4939.0,0.04835694078721967,8.788317822424826e-17,1,0.053556472763245044,0.0,0.00021304590278581342
1781,2,37.0,2773.641617617225,0.04575684036975973,9.44552469987227e-16,2,0.05207313765956451,0.0,0.00017897641486656275
1782,4,36.0,5331.962647164321,0.04745118003592458,3.5849941104608756e-16,2,0.05497682031901987,0.0,0.00031326678394546045
1783,2,34.0,481.74462301757,0.04699346467404229,3.32763555319142e-13,2,0.05268948707471973,0.0,0.00018954328434755627
1784,1,29.0,0.0,0.060185918444425494,4.120248724192026e-15,1,0.06766559923999664,0.0,9.921575307171126e-05
1785,2,35.0,564.9450778008203,0.04915471795739261,9.833685143686012e-17,2,0.054673682420596434,0.0,0.0001830477019741949
1786,5,31.0,86128.75208411664,0.059638786942244545,1.5514466043067466e-13,2,0.07082145828179333,0.0,0.000355843749864892
1787,2,34.0,2482.4,0.05009583109389419,4.034067934935486e-17,2,0.05499045763885387,0.0,0.00017284280100928682
1788,2,32.0,354.80332263555243,0.05533711955730304,5.3761300345414175e-11,2,0.06542954490127012,0.0,0.00017036436324390942
1789,2,34.0,9876.0,0.051587301587301584,4.3385302244002033e-16,1,0.05758598139180705,0.0,0.00020889700471257797
1790,2,33.0,4583.086222727732,0.05445746475146892,3.65552207183805e-15,2,0.06260979903621834,0.0,0.00015922455094444937
1791,1,37.0,0.0,0.04473341060562156,0.0,1,0.04879283309051459,0.0,0.00010744807152252163
1792,1,37.0,0.0,0.04473341060562156,0.0,1,0.04879283309051459,0.0,0.00010744807152252163
1793,4,36.0,9877.0,0.04682775160437185,6.504911332334082e-17,2,0.05191339851067113,0.16666666666666666,0.00036277573855526607
1794,3,32.0,20635.22388187188,0.0580186740266604,4.782592877346008e-14,2,0.0683324011718319,0.3333333333333333,0.00021143993336938033
1795,5,34.0,16088.491237724262,0.052133901810967116,1.4329657360306344e-15,2,0.06025138719987235,0.0,0.0003753811414921225
1796,2,33.0,15752.716739015203,0.054875474883917266,6.541451206412532e-15,2,0.06350958774251084,0.0,0.00015408100225455373
1797,2,32.0,4993.247931436974,0.0549206208031307,5.367590522580743e-16,2,0.062091757460537966,0.0,0.00016920697605138236
1798,2,35.0,520.138768344703,0.04700911634280494,4.170543482168212e-16,2,0.0534011919649044,0.0,0.0001741665111866577
1799,2,31.0,4939.0,0.05642167780252413,1.9522517689693797e-14,1,0.06633621260193671,0.0,0.00019152664564652346
1800,3,34.0,10506.17199920972,0.051653108597001195,1.0317147192806674e-13,2,0.061793214682699445,0.0,0.00022346261361448188
1801,2,31.0,14782.000000000004,0.05433826117564238,6.761022659083716e-12,2,0.06284168346867786,0.0,0.00018642772252808169
1802,2,35.0,1484.0351071472758,0.04919387765263546,4.0423133730869617e-16,2,0.05658963180626801,0.0,0.0001516118366752003
1803,2,34.0,10563.667869783489,0.05211850101282917,1.01848305537505e-14,2,0.06057239514231152,0.0,0.00015708935894270944
1804,2,34.0,14.333333333333334,0.0500902435562045,5.784410708882391e-17,2,0.05489141194770302,0.0,0.00018097159349312068
1805,2,30.0,0.0,0.06099895042291782,2.0264884863842527e-15,2,0.06799887196097125,1.0,0.0001422106324882421
1806,1,37.0,0.0,0.044136304343941536,8.850344859017395e-16,1,0.05040299661729691,0.0,0.00010595695104824494
1807,4,34.0,39712.605570915825,0.053470147638221416,3.811456993629216e-13,2,0.06513244342137217,0.0,0.00028550455250105273
1808,2,33.0,3.0,0.05441667309238717,3.946860307421643e-15,2,0.0619406582354982,0.0,0.00017683163873176278
1809,2,32.0,10298.975882427327,0.05560433128475271,9.408280872128512e-10,2,0.06623162480019786,0.0,0.0001740820363336
1810,2,30.0,53109.48536479454,0.06493506493506493,3.938639132837681e-12,2,0.08087195665085621,0.0,0.00014458841275169374
1811,2,31.0,16958.45194420731,0.06093800113487775,9.043907460199125e-11,2,0.075976178695367,0.0,0.00015130033839460267
1812,2,27.0,4939.0,0.07039343374609915,7.366497219950583e-14,1,0.07912848779209877,0.0,0.00018842028748917316
1813,2,36.0,2452.2960436486023,0.047444799800232425,1.8327707684811727e-16,2,0.05457425830282943,0.0,0.00017052251835434796
1814,2,32.0,677.2375253717365,0.056352809655266824,1.3518551668885947e-10,2,0.07072756587497653,0.0,0.00013714700426509634
1815,2,33.0,4987.439285714286,0.05338001383125864,2.9804210623902985e-15,2,0.06063668431197519,0.0,0.00017860099226519243
1816,3,33.0,19747.0,0.05439031103770988,3.126665347819953e-15,1,0.061679508566453635,0.0,0.00028975968704867414
1817,3,33.0,9737.300000000007,0.05333448495514073,1.9756413980674307e-11,2,0.06477672671851785,0.3333333333333333,0.00019997279208950112
1818,2,29.0,3845.457142857144,0.06461148096315576,3.4390400547445786e-11,2,0.07963563614208805,0.0,0.00014670709981436594
1819,2,30.0,16149.84771894771,0.06085392594052576,1.3870987492188391e-13,2,0.07133036762202609,0.0,0.00017006064409097035
1820,3,35.0,330.2525061016559,0.049737218340347555,2.3139613949874894e-15,2,0.05835211178873451,0.3333333333333333,0.00020814313133783925
1821,2,29.0,75416.15814866622,0.0625324371194572,2.015274628969019e-13,2,0.07457977188570267,0.0,0.0001531079116729863
1822,2,30.0,29.333333333333336,0.05875356803044719,3.514855060061197e-14,2,0.06790063468502518,0.0,0.00015794705506505752
1823,2,35.0,4913.802682980746,0.05001771882751987,2.122555553461549e-15,2,0.058704500149702674,0.0,0.00016326362485779108
1824,2,33.0,19744.0,0.05229726868515774,7.087400304551226e-14,1,0.061305907441020296,0.0,0.0001892756761397944
1825,2,33.0,3501.775000000543,0.052967919025561847,6.209241575899541e-09,2,0.06215727970739738,0.0,0.00017689889524546377
1826,2,31.0,289.9789377289378,0.055324724776293244,6.740108413197908e-17,2,0.0601196606024673,0.0,0.00019199742570919602
1827,3,29.0,10820.84967775773,0.059571902321374735,7.812315687212738e-13,2,0.06990035721184666,0.3333333333333333,0.00021355799934983684
1828,2,33.0,4939.0,0.05171421093954462,3.1728848127710616e-15,1,0.06039484993284304,0.0,0.00018440964972071293
1829,2,31.0,1.0,0.05334139573052877,1.460006007655105e-14,2,0.06050091550748086,0.0,0.00017817858460130332
1830,2,37.0,639.0565279100025,0.045367300645611584,1.593863605632675e-16,2,0.051301913681232,0.0,0.00018434309419348876
1831,3,31.0,30107.184878767213,0.0597180919223423,7.691083140449929e-14,2,0.07053568074399148,0.0,0.0002117283009390915
1832,2,33.0,295.09230074964637,0.053874844591794445,3.713906753840237e-15,2,0.06270902690944286,0.0,0.00015707780434437665
1833,2,35.0,74.50000000000001,0.04915178349335854,2.1756435421868614e-16,2,0.055023725303173614,0.0,0.00017152858353936242
1834,2,37.0,736.951494037911,0.046797586229762884,1.6023644436359638e-14,2,0.05447645256249211,0.0,0.00017718174977768056
1835,1,33.0,0.0,0.052524694048973426,3.180378546769966e-13,1,0.06149834789173706,0.0,9.755300467701933e-05
1836,1,35.0,0.0,0.04831862908116356,4.726767763857328e-14,1,0.05640706361557507,0.0,0.00011234111109943842
1837,2,34.0,18.0,0.0467466596010447,1.9590495128311562e-14,2,0.05198584017824734,0.0,0.00019627055582933318
1838,3,32.0,3755.87267352138,0.05645585243765857,1.4153790118385811e-14,2,0.06603110253331446,0.0,0.00020781500310692
1839,3,32.0,14811.0,0.05754557632943095,2.5489537227592674e-14,2,0.06709944100400736,0.0,0.0002521545275036699
1840,2,33.0,4939.0,0.05441607367099205,3.5068044459622944e-15,1,0.06190692004386524,0.0,0.00019977534698999833
1841,2,33.0,1391.181052281052,0.05149212504039109,4.149040253198294e-16,2,0.057504700684759734,0.0,0.0001906849663451434
1842,4,36.0,12841.116035107932,0.04937235148316942,9.805703029669885e-11,2,0.05983079773466239,0.0,0.0002779345311387883
1843,2,33.0,4939.0,0.0523904466974929,7.2529100317763e-14,1,0.0617524482781307,0.0,0.00019651899607289554
1844,3,32.0,7486.608658437833,0.0556851870639027,5.7059050981240516e-12,2,0.0673198358332502,0.3333333333333333,0.000204785755195729
1845,1,31.0,0.0,0.05885997521685254,5.740330782166202e-15,1,0.06604101750805697,0.0,0.00010031216362674542
1846,2,35.0,4936.083333333334,0.04814064083573712,1.6010578470038836e-13,2,0.05601300653892618,0.0,0.00016550893671844126
1847,3,36.0,9973.425042272158,0.04617383420415565,6.665666307335363e-15,2,0.05391173622444513,0.0,0.0002668190257719313
1848,2,36.0,461.31984957670466,0.04774423010012758,4.599034597916804e-16,2,0.05524784713755226,0.0,0.00017217457612011554
1849,2,33.0,4699.056349206349,0.05641716726433841,1.98804949113801e-11,2,0.06774294310731553,0.0,0.00017403138162010214
1850,3,33.0,6098.179589199649,0.05448389195866283,3.3115684475547476e-14,2,0.06438051462771661,0.0,0.00019021480542063347
1851,1,28.0,0.0,0.06576495021034134,9.859270163178968e-15,1,0.07255234949713096,0.0,0.000110436849262455
1852,2,32.0,3452.580282477706,0.05371024734982332,2.826325763173277e-11,2,0.06317196063505029,0.0,0.00015503741762560702
1853,2,32.0,4883.923015873016,0.05977662419380211,1.4589079330088466e-10,2,0.07395711044131653,0.0,0.00015946866291217327
1854,2,36.0,0.5,0.04552995391705069,3.379221586938035e-17,2,0.04902617673270878,0.0,0.00018323694053323387
1855,3,35.0,2.217857142857143,0.048507462686567165,9.904277880865392e-12,2,0.05805891832426678,0.6666666666666666,0.00017694778076113275
1856,2,35.0,0.0,0.04850317627075376,8.66576703123968e-12,2,0.05784829561364422,1.0,0.00012610510256444462
1857,2,33.0,0.0,0.05272764145203813,1.7455197763598762e-16,2,0.05844629735610227,1.0,0.00016017864154494103
1858,2,34.0,37.5,0.050627203410674754,4.786348470292959e-16,2,0.05666519152448081,0.0,0.00018582105648229437
1859,2,29.0,1533.126632797028,0.06091320484839517,3.516828359676773e-10,2,0.07373443501141763,0.0,0.00014799834014556895
1860,1,32.0,0.0,0.053799157073935726,1.1716634895640005e-12,1,0.06161297173328232,0.0,9.366570351073523e-05
1861,2,32.0,51.0,0.05721300843139072,8.666695974362387e-14,2,0.06743020871454872,0.0,0.00013963877486937237
1862,2,34.0,424.18912276036394,0.051669316375198726,5.853761842714181e-16,2,0.05846751719743255,0.0,0.00017050514848727913
1863,2,32.0,42.51746031746031,0.051570606841978894,1.9953400944194917e-12,2,0.059025273748393926,0.0,0.00017510753556841926
1864,2,32.0,170762.73383853026,0.06018958500865073,9.08048623461309e-11,2,0.07640827938033974,0.0,0.00014108446664009257
1865,2,35.0,1875.1922176258595,0.04853272028844548,2.944047295270713e-12,2,0.05813915972029759,0.0,0.00014888958694947077
1866,1,34.0,0.0,0.05376929272699567,1.5247762038269136e-11,1,0.06364224376326079,0.0,9.973299153299297e-05
1867,2,35.0,1844.3042994587795,0.051054154609342706,2.2801443129050068e-12,2,0.05962141834034028,0.0,0.00018127211322459597
1868,2,32.0,0.0,0.054956668780384695,7.240760954330845e-13,2,0.0646596049982746,1.0,0.0001479866634127069
1869,3,33.0,19297.515773509058,0.055095189766124264,5.90434471179583e-14,2,0.06652686943463465,0.0,0.0002264857374770931
1870,2,32.0,1294.346240601591,0.055092117589329526,8.992837957564719e-16,2,0.06267310140964842,0.0,0.00016837644908627725
1871,3,35.0,414.73894161394145,0.04977530580577555,4.552104249782238e-15,2,0.05845080077406318,0.0,0.00021938684132891497
1872,2,34.0,2310.1906919410617,0.05220442152428457,1.5948976504658314e-14,2,0.061456843034860265,0.0,0.00014948332530431363
1873,2,34.0,2267.083152258521,0.052177954286197134,1.5677319907561988e-14,2,0.06122356753842672,0.0,0.0001527719935584934
1874,2,32.0,10920.026405130864,0.055628124859240576,4.827940601326851e-12,2,0.0669996903916472,0.0,0.0001600466949285369
1875,1,36.0,0.0,0.048552277239400074,2.8240319607545013e-13,1,0.05527109778075962,0.0,0.00012178180718744214
1876,2,33.0,828.7116161616162,0.05106154259607632,3.151642183843749e-13,2,0.05769207578003132,0.0,0.00017820686210974314
1877,2,30.0,25924.71844562258,0.0637748515362768,1.3481316342885492e-12,2,0.07765529497257952,0.0,0.00013840095049509648
1878,2,33.0,5185.183730158728,0.05342157626092223,3.650611951778848e-15,2,0.06144623525917635,0.0,0.00016557556682344042
1879,2,34.0,9996.504653240327,0.05207729366744326,1.5356975141617303e-14,2,0.06025572575681601,0.0,0.00016367513898889275
1880,1,31.0,0.0,0.055593693379398824,6.1502061404897115e-15,1,0.06323588913101034,0.0,0.00011202041621710542
1881,2,30.0,6668.86665140904,0.05858911713079368,2.7781533607293055e-14,2,0.06738996151151598,0.0,0.00017096489343020575
1882,2,34.0,26934.118553410874,0.050797437505784124,3.3993574731404644e-13,2,0.06118384421716588,0.0,0.00016718873155304966
1883,3,34.0,9869.083333333332,0.05056812365646433,1.1744214870495258e-12,2,0.0601531019988688,0.0,0.00021041646469615528
1884,1,33.0,0.0,0.05262709336515106,5.517522211998625e-13,1,0.061769939442204866,0.0,9.324462340423137e-05
1885,3,29.0,2610.9689554367737,0.05917868608941492,1.1834197016418055e-13,2,0.06902307826382588,0.0,0.0002173984613336919
1886,1,33.0,0.0,0.05484379510180518,5.41429945261026e-14,1,0.06473416343393304,0.0,8.913493102937484e-05
1887,2,33.0,4913.902443706806,0.05317030642887126,4.043264710292977e-12,2,0.06406605119654651,0.0,0.00014594800192487526
1888,1,32.0,0.0,0.0520992628059777,2.2225480167214806e-17,1,0.055520769444971356,0.0,0.00012505182351262286
1889,2,35.0,2469.0000000000005,0.04770043355252358,1.9390889318376494e-17,2,0.051787658822266124,0.0,0.00017985730994544077
1890,2,32.0,4935.0,0.057542895083227526,2.5002554839848e-14,2,0.06691388095002629,0.0,0.0001671261874312677
1891,2,31.0,2163.816324754747,0.053957816783720906,2.0006625293970695e-14,2,0.06306558634892717,0.0,0.00016049810342340118
1892,2,31.0,1355.2409586990268,0.05343949113488604,1.5432281064714368e-14,2,0.06085054926514602,0.0,0.00017138531474432593
1893,3,30.0,11750.724806893939,0.060714066244699806,4.9626316410767814e-12,2,0.07278127303647693,0.0,0.00021310077092755335
1894,2,38.0,9876.0,0.04470385955386634,2.1615728962874912e-15,1,0.0512520255276376,0.0,0.00019648695703016353
1895,3,37.0,14812.0,0.04679359666571943,1.5764569084898386e-14,2,0.05463051633497702,0.0,0.0002583452806324434
1896,2,35.0,15.5,0.04771287281718436,3.879839295176216e-17,2,0.05195658346487484,0.0,0.00017852392250170497
1897,5,36.0,12448.825793650798,0.049107320370591276,1.4433807730851104e-13,2,0.05906211041489933,0.1,0.0003799497814574257
1898,2,34.0,0.0,0.05085705461471148,5.103900897647125e-16,2,0.057129854005193555,1.0,0.00016982861510747278
1899,3,34.0,1379.503692893667,0.05066822568899556,5.215899940841772e-16,2,0.05725426422640778,0.0,0.00024473568022910454
1900,2,35.0,1927.5517867753242,0.04782743397103245,2.3116736588218066e-12,2,0.05442668027819414,0.0,0.0001868388524892826
1901,2,34.0,6479.452240576274,0.05020376223335603,1.6965428285978395e-11,2,0.057887232632787944,0.0,0.0001786464224989731
1902,2,33.0,10794.310997697254,0.05357278415807225,6.75188295448723e-14,2,0.06254576450875608,0.0,0.00017269477287667576
1903,2,32.0,1951.1044982796998,0.055085974263475994,4.275611189593464e-13,2,0.06506719617003598,0.0,0.00016921115244792264
1904,2,35.0,4948.0,0.04814814814814815,9.703549364364995e-14,2,0.05606803192289893,0.0,0.0001772780767227701
1905,2,31.0,943.3545372111447,0.05857661204259255,1.6525899105021123e-11,2,0.0716759918431834,0.0,0.00015086570453780944
1906,2,33.0,4939.0,0.05222208127193539,6.788688335240753e-14,1,0.0606854718711916,0.0,0.0002105658532875704
1907,2,32.0,9820.560714285713,0.05628731598377467,2.11055296698796e-14,2,0.06494067181812183,0.0,0.0001675885148955217
1908,2,35.0,21.616666666666713,0.0483768300445576,1.0094010217167587e-12,2,0.05742464728594449,0.0,0.00014979492160407316
1909,2,36.0,2957.6079072685006,0.046160458988207594,1.0783583699700824e-14,2,0.05386257794907226,0.0,0.0001677904235247025
1910,2,34.0,3220.827343323114,0.05071764440155233,4.695294805849221e-16,2,0.057008642454592424,0.0,0.00017874228919124936
1911,1,35.0,0.0,0.04765947593871802,2.4111634703567517e-12,1,0.05353658113332282,0.0,0.00012290125628776078
1912,2,32.0,10030.58552215876,0.05753619306071583,2.290107989017218e-14,2,0.06669514500760619,0.0,0.00015638845811832884
1913,2,30.0,5177.012780150709,0.05475504322766571,1.0707699664642743e-16,2,0.060123338390489105,0.0,0.0001930073172827223
1914,2,32.0,24675.0,0.05517765193401021,5.204318773085005e-13,1,0.06637028242251532,0.0,0.0001712287609880139
1915,2,33.0,4570.377543906215,0.05336502106513989,3.65120005443916e-15,2,0.061148297142412364,0.0,0.0001643330075185975
1916,1,32.0,0.0,0.05340886976452527,2.6410268146600077e-15,1,0.06111661928638631,0.0,0.0001117570514793215
1917,3,31.0,1293.325000000081,0.057441860465116276,1.3090982820390961e-12,2,0.06793810559114806,0.3333333333333333,0.00021137107568254017
1918,2,34.0,0.0,0.05134814876411035,1.8993914597796546e-15,2,0.05821626569402653,1.0,0.00015790699811616898
1919,2,35.0,328.92753095169417,0.05153348633423743,2.1031868327451322e-12,2,0.06215344856766502,0.0,0.00014914676215411392
1920,2,31.0,2549.2808704711188,0.05892808149729813,5.127064014753677e-11,2,0.07329408324384364,0.0,0.00014222483449443632
1921,3,33.0,27130.600000000002,0.05272539037067871,1.9814334312123799e-16,2,0.05856446135584529,0.0,0.0002454757784014329
1922,3,33.0,881.9237860229798,0.05463876476573906,4.13360176742978e-14,2,0.06521272872425009,0.0,0.00018386253156411748
1923,2,30.0,71432.13950032822,0.05934147777097073,4.774583236292596e-14,2,0.07086874675738711,0.0,0.0001506034682792001
1924,2,28.0,3880.7029589691288,0.06155839948161348,4.322703876119121e-14,2,0.07123934173183227,0.0,0.00015542529321528343
1925,1,34.0,0.0,0.05008516505799335,7.930710167991098e-14,1,0.05807549593291452,0.0,9.906213471366214e-05
1926,2,34.0,6315.473311640438,0.05023694754611833,1.2215318878665689e-13,2,0.058830556047048274,0.0,0.00017278214702525315
1927,2,35.0,40.24660894660892,0.04907999841036442,1.2933083578465221e-15,2,0.05602915664255098,0.0,0.00015144607785206102
1928,4,36.0,8255.088252056912,0.049094631392737176,1.4035824711947952e-13,2,0.0586880984619403,0.16666666666666666,0.00027164869301968703
1929,3,35.0,16800.96343492878,0.05161910533850221,7.573269821661181e-13,2,0.06299584078178151,0.0,0.00022415914882866037
1930,6,32.0,28016.389633810064,0.056843679880329095,2.4760719094672838e-14,2,0.06775064341593089,0.0,0.00041650149109742683
1931,1,33.0,0.0,0.053789784296431796,2.804144698162493e-15,1,0.06163564321775871,0.0,0.00010709078595878152
1932,2,33.0,4958.0,0.04903907242693774,1.358086587989646e-13,2,0.05523059205405647,0.0,0.0001903813098005663
1933,5,31.0,35469.02156894679,0.05435978696245433,7.311919762913553e-12,2,0.06357974657516226,0.0,0.00041511380472570425
1934,2,30.0,40290.42077529604,0.057464579019612404,4.974612559364163e-11,2,0.06822513975099156,0.0,0.00016579880879521018
1935,2,32.0,8366.255695931664,0.05156522374505485,1.0009216331267994e-12,2,0.058985189563572876,0.0,0.00018070611884299918
1936,2,39.0,4939.0,0.04279205141976057,3.411038817363673e-16,1,0.04835252612570565,0.0,0.00021866094220729035
1937,1,40.0,0.0,0.041036376172319554,5.5499763012630044e-17,1,0.04570833467941985,0.0,0.00012328912751759095
1938,2,36.0,1327.6119408903235,0.049102927289896126,1.1776899046656953e-13,2,0.05851280591822684,0.0,0.00015772814561147393
1939,1,36.0,0.0,0.04572507566852097,3.734030697761861e-15,1,0.05189241045363442,0.0,0.00010651846653726216
1940,3,35.0,5023.569531155117,0.04791557547188112,2.7978549046917916e-14,2,0.05552796823782231,0.0,0.0002688008451448068
1941,1,34.0,0.0,0.04963078314160848,9.08448144166878e-15,1,0.05649656231301519,0.0,0.00011984871472672693
1942,2,36.0,5972.58529775131,0.047821878025169406,6.569102828211312e-15,2,0.054668118304040864,0.0,0.0001808163588365654
1943,2,32.0,96.09148629148633,0.054957280170879315,6.493705579131684e-13,2,0.06469334318990753,0.0,0.00015458285031558664
1944,2,32.0,9888.0,0.051562532617998875,9.952487318070935e-13,2,0.05896350072609454,0.0,0.00018183963054794713
1945,5,32.0,27481.059134144274,0.05743918887493605,9.048960629792514e-14,2,0.06932263385179338,0.0,0.0002986510204951354
1946,2,34.0,62.79285714285715,0.05066978480727019,5.79772170956806e-16,2,0.05715725147757317,0.0,0.00017001686375868049
1947,1,36.0,0.0,0.04612683947112871,2.5401851694350606e-17,1,0.05042275333205326,0.0,0.00012090273576348378
1948,2,31.0,4914.500000000001,0.05989621223143703,1.4296260777617137e-13,2,0.07054570999327428,0.0,0.0001675579470140748
1949,2,32.0,9548.830678922595,0.057378477263488006,6.041278092873205e-11,2,0.06922302299572147,0.0,0.00015333446056738792
1950,4,35.0,22239.392460317467,0.051623960205659826,8.780130215564163e-13,2,0.06327843830122128,0.16666666666666666,0.0002760426238123134
1951,4,35.0,1.5,0.04850412874213281,1.1000879674345709e-11,2,0.05805072476344164,0.5,0.0002309032414451623
1952,2,34.0,4939.0,0.05077133372388205,3.5360200426649357e-13,1,0.06083360965640468,0.0,0.00019290090357623976
1953,7,34.0,56326.827970733706,0.05228509134014945,1.070956192777949e-10,2,0.06453353995257707,0.047619047619047616,0.0004287685661085281
1954,4,33.0,14885.985470085468,0.05325513955218249,7.076005378210425e-12,2,0.06510661010906893,0.0,0.0002500634312938158
1955,2,32.0,4939.0,0.0565262664057762,1.9863092381273984e-14,1,0.06514945046807849,0.0,0.00019805647905587687
1956,2,33.0,1579.8333333335618,0.052679847292426474,2.454630198471751e-10,2,0.06138295994843449,0.0,0.0001799260360306034
1957,1,32.0,0.0,0.05754088431253786,2.4470648551580452e-14,1,0.06674518999186169,0.0,9.20965585719214e-05
1958,2,34.0,567.7836005080084,0.05166229175599502,5.503350405139787e-16,2,0.058523654829481166,0.0,0.0001645528159406673
1959,2,31.0,4251.002820652217,0.0585752229178524,3.75764315914479e-10,2,0.07135400155087737,0.0,0.00015822097921710835
1960,2,35.0,9.25,0.04914249333492499,1.4666715411267838e-16,2,0.05493995673256296,0.0,0.00017106293832678485
1961,3,35.0,4583.1433212405955,0.04989949393428216,1.575029502073241e-15,2,0.058472390878089926,0.0,0.00023762908572052868
1962,4,33.0,42833.010820518444,0.05518258285765351,6.026739078308593e-14,2,0.06703537431918133,0.0,0.0002826505694578004
1963,2,32.0,6623.752001134253,0.0545928741932632,2.8826465007582046e-14,2,0.06583938950819125,0.0,0.00014559585182782498
1964,3,34.0,22604.159808825683,0.05234936311807219,8.498564402948825e-15,2,0.06223213641523856,0.0,0.00022797802211697705
1965,3,30.0,9875.0,0.05634509660788831,9.600864075112049e-14,2,0.06526710996923465,0.0,0.00025691043287418274
1966,1,31.0,0.0,0.05334024381026422,1.2826599169551336e-14,1,0.06036596274094905,0.0,0.00010314951639387717
1967,1,35.0,0.0,0.04736927900888893,2.671552581636509e-15,1,0.05369850501367586,0.0,0.00011135013956640647
1968,2,35.0,1465.0289258924863,0.04738381852189343,2.739330181445195e-15,2,0.054076694076075675,0.0,0.0001799475693100742
1969,3,34.0,19849.650406235458,0.0492149517813023,8.633722110507268e-16,2,0.056977517453938774,0.0,0.0002461633937512539
1970,2,35.0,9876.0,0.04690868000493775,1.3518524300898169e-16,1,0.053274017700020354,0.0,0.00019167458543688383
1971,2,34.0,4939.0,0.0483578875238608,2.2196319257837208e-14,1,0.053884530851225174,0.0,0.0002021224404562496
1972,2,34.0,3709.2114399489546,0.05157922213521274,3.2202182906540584e-15,2,0.05963513795033269,0.0,0.00015804132989670903
1973,2,33.0,4939.0,0.052441613588110406,8.199542889268239e-12,1,0.060728673060418105,0.0,0.00021145764256656454
1974,1,33.0,0.0,0.05456031455015352,5.4178028633401946e-14,1,0.06254448188498839,0.0,0.00010475646782857758
1975,2,32.0,1437.276587301589,0.05509027444770327,4.262660822874732e-13,2,0.065101978639029,0.0,0.00016813295159623154
1976,2,35.0,2469.0,0.04955212502382314,1.7498041053703117e-16,2,0.05599056929968614,0.0,0.0001676325129423495
1977,3,34.0,7235.776403449992,0.0514776374473761,2.9999710691708783e-15,2,0.059347693027377586,0.0,0.00021922234167283343
1978,3,33.0,8117.827343322594,0.05340136422108597,3.355289128502751e-15,2,0.060888822524639716,0.0,0.0002491369015506132
1979,2,32.0,12952.694009989384,0.05638561367864766,2.102884969227894e-14,2,0.06514543989410924,0.0,0.00016367690664024744
1980,2,33.0,12003.325367290792,0.05074890591933595,4.0044422232145147e-16,2,0.05776326370360816,0.0,0.00017889325010697317
1981,1,34.0,0.0,0.04978282996241094,9.707265628836366e-15,1,0.057285272987114576,0.0,0.0001138788004105037
1982,2,34.0,6200.338364289331,0.05202354750044757,7.54552025601459e-15,2,0.06040982518607341,0.0,0.00017231983683747802
1983,2,35.0,436.4624756760162,0.0469394348264001,4.0095438251149374e-16,2,0.05309159111645314,0.0,0.00017957561871870668
1984,1,33.0,0.0,0.05352692599414888,3.097407560670356e-15,1,0.06069393782689718,0.0,9.942769053386371e-05
1985,3,35.0,17283.249999999996,0.049127831811762834,1.1539979944352835e-16,2,0.0550253537916442,0.0,0.00026567276662423675
1986,2,35.0,1421.9402984662424,0.0495138819284354,1.073184963347196e-15,2,0.05691724469240144,0.0,0.00017165645539216268
1987,2,30.0,7796.170719952943,0.061222719329772336,1.641751108663303e-13,2,0.07303259721482501,0.0,0.00015346574651335876
1988,1,33.0,0.0,0.053742384682332466,5.358361349066569e-15,1,0.06161890470596027,0.0,9.966265250690605e-05
1989,1,34.0,0.0,0.05376929272699567,1.52477582422454e-11,1,0.06364224376326079,0.0,9.973299153299297e-05
1990,2,33.0,62.01103896103895,0.05222539380484195,1.3292771427775133e-13,2,0.060601975745185326,0.0,0.00017051374334945186
1991,1,35.0,0.0,0.04612770089827628,2.9776697405686312e-15,1,0.05065031178303236,0.0,0.0001162602642734265
1992,2,30.0,804.9126984126984,0.05981933108909932,9.864921176108356e-11,2,0.07066964580033565,0.0,0.00014819895515425093
1993,4,33.0,27951.818855032856,0.05492245260992829,1.1284656728356508e-13,2,0.06499832114026836,0.0,0.00028292991586559616
1994,3,32.0,32354.368514746617,0.05802753371235258,4.0189892080622647e-13,2,0.06967339365645692,0.0,0.00020304041618073027
1995,3,32.0,21140.854089354143,0.05807528626178552,4.1152762450912506e-13,2,0.07014572833931773,0.0,0.00019668485300195174
1996,2,32.0,9852.000000000002,0.051543164792053585,9.203242424769736e-13,2,0.058603867669092834,0.0,0.00019276109816559236
1997,2,33.0,9456.024117572673,0.05245720596355605,7.286361054260057e-12,2,0.06090130014094003,0.0,0.00018691773389665174
1998,1,37.0,0.0,0.04288678409890005,1.8622200651105015e-17,1,0.047319747254842504,0.0,0.0001219282905406506
1999,6,31.0,18969.433251715025,0.058150484979753274,4.109590643308707e-12,2,0.07066646647739049,0.06666666666666667,0.00040757622275204385
2000,3,35.0,153.82261904761907,0.04851174986006226,9.267794911811933e-12,2,0.058210740186614846,0.3333333333333333,0.00017944474657605349
2001,3,34.0,6476.081569017896,0.05170338583913339,2.8442791190439762e-15,2,0.060349090981504615,0.0,0.0002051703489124332
2002,2,37.0,4221.64850596212,0.04707451877263198,1.0597896925889709e-13,2,0.05525399845048013,0.0,0.00016619861629634729
2003,3,37.0,34.88333333333334,0.04680911545932629,3.819142827909842e-14,2,0.05486554446474212,0.0,0.00021009342966779154
2004,2,33.0,1067.5110970728574,0.05272145144076841,1.2824248260091087e-10,2,0.06159662055683211,0.0,0.00017543658812072942
2005,1,33.0,0.0,0.05244050020169423,8.053078723615007e-12,1,0.0605937202938863,0.0,0.00010926407617182708
2006,1,34.0,0.0,0.04917184265010352,4.379219993476738e-16,1,0.05611646555037733,0.0,0.00010873232821085646
2007,2,34.0,9876.0,0.05060438434746978,2.9260966852301505e-12,1,0.060814936112864565,0.0,0.00015879681945962985
2008,1,35.0,0.0,0.04814439419928271,9.486862055691486e-14,1,0.05583861221979504,0.0,0.0001002535752998876
2009,1,34.0,0.0,0.04982902793048145,1.0957621881863887e-12,1,0.05655394516673039,0.0,0.00012022772517027935
2010,3,32.0,14813.0,0.055342079024903935,6.026163104090506e-11,1,0.065658964604374,0.0,0.00027849123209050975
2011,2,37.0,225.2365800865801,0.04536688401138764,5.96227119381168e-17,2,0.051900983805273006,0.0,0.00016939948896841454
2012,3,35.0,2.217857142857143,0.048507462686567165,9.90427247092872e-12,2,0.05805891832426678,0.6666666666666666,0.00017694778076092347
2013,1,36.0,0.0,0.046764360634632136,2.5945152720904447e-17,1,0.0509221113452949,0.0,0.00012679842671539985
2014,2,33.0,3074.2589126559865,0.053854875283446714,3.0937445451036414e-15,2,0.06265045218297258,0.0,0.00015743163573235343
2015,2,32.0,5622.997179348222,0.05975999225781477,1.447936491628516e-10,2,0.07373853515695178,0.0,0.00016104033426906223
2016,2,31.0,1984.0720335221433,0.05822381990688903,3.446920330701264e-12,2,0.07067918318039057,0.0,0.0001516941539930431
2017,3,31.0,7586.675152661154,0.058598151904439934,3.9210381270633436e-10,2,0.07168102102263368,0.0,0.00022984931091650818
2018,1,32.0,0.0,0.05535510185786961,5.239892569082099e-11,1,0.06542825008722228,0.0,9.54821985058949e-05
2019,4,29.0,31074.999812718776,0.05970510031423737,6.906397283311736e-13,2,0.0709734884216172,0.0,0.00029577913199513165
2020,5,28.0,62299.49720327219,0.06333820550298741,4.878667885188096e-12,2,0.07665641030106005,0.2,0.00032716354766525136
2021,2,31.0,13778.610215866387,0.054667183090798425,9.53805937353868e-12,2,0.06429820427962403,0.0,0.0001492465614012554
2022,1,29.0,0.0,0.05965319035888519,6.191376659028621e-13,1,0.06956681929227657,0.0,9.811419380285856e-05
2023,2,34.0,81.93928571428569,0.05069214271787873,4.896665203582176e-16,2,0.056825837742435485,0.0,0.00018523759779722095
2024,1,37.0,0.0,0.044733005532766476,0.0,1,0.04875909489888167,0.0,0.00010727496609254948
2025,3,36.0,4939.0,0.046827307714182795,2.3616013372414753e-17,2,0.05181218393577241,0.3333333333333333,0.00027147084357543683
2026,2,32.0,3054.549397824791,0.054961560285266074,5.669062731137714e-13,2,0.06476563931483527,0.0,0.0001605665328929672
2027,2,34.0,3642.0962195153115,0.05008821203333807,8.303746980697937e-14,2,0.058311663274345026,0.0,0.0001752223741713574
2028,2,28.0,29312.021062271047,0.06579297853071227,1.0218539285348971e-14,2,0.07305769941037567,0.0,0.0001809359364525635
2029,2,34.0,8931.911301770117,0.052321640399932215,8.245929923780723e-15,2,0.0618439281322933,0.0,0.00015774971404346777
2030,2,31.0,1285.3250000000762,0.05724615848147032,7.499797250107202e-13,2,0.06684189748076957,0.0,0.00015643449022650468
2031,4,32.0,24685.43928571429,0.05638497009542072,2.1874807651196834e-14,2,0.06544579012867005,0.0,0.00032713781704396544
2032,3,33.0,10617.834697401668,0.05331146196432233,2.9856566380746397e-15,2,0.06067491537348406,0.0,0.0002449570629383649
2033,2,34.0,11.583333333333332,0.050638101583722006,4.84813317121314e-16,2,0.05686808383010592,0.0,0.0001720198953428647
2034,2,31.0,2.0,0.05334197170931865,1.4792565052111096e-14,2,0.060534653699113816,0.0,0.0001788754148494501
2035,2,37.0,3388.125365881784,0.04708618487523114,1.0818908779690597e-13,2,0.05540766788046547,0.0,0.0001583472782229678
2036,1,38.0,0.0,0.044872377145971476,3.444820258525572e-11,1,0.05244836254480866,0.0,8.847704850365533e-05
2037,2,34.0,9876.0,0.05377163383041254,1.553016594160456e-11,1,0.06382780381724186,0.0,0.00019115657164090434
2038,4,33.0,41102.063240950134,0.05446406914952261,3.766828490997851e-15,2,0.06299441442083396,0.0,0.000305189707276259
2039,3,33.0,10646.811578854476,0.05445926579208467,3.696548591745179e-15,2,0.0627649947177299,0.0,0.00023563952813071887
2040,2,34.0,444.6891227603644,0.051672018660502285,5.851149191044989e-16,2,0.05851812448488198,0.0,0.00016879796619503283
2041,2,32.0,15503.16803073479,0.05628988149498633,2.1101157099368122e-14,2,0.06501489583971427,0.0,0.00016025616572232774
2042,2,34.0,19229.55004697317,0.049954494893315805,5.840353386114004e-14,2,0.05788714091781512,0.0,0.0001826521167194774
2043,2,35.0,0.0,0.049615330534519816,1.6776816675819504e-15,2,0.05745058272916247,1.0,0.00014761108690025679
2044,2,35.0,4938.999999999999,0.051038857721435286,2.245406068075282e-12,1,0.05944462875565582,0.0,0.0001998499970887373
2045,1,36.0,0.0,0.048560868197546396,3.0007646972283756e-13,1,0.05540187343785105,0.0,0.00011529447584225566
2046,3,29.0,78.68761238761249,0.05962798894347412,8.609490917132566e-13,2,0.07011718323332851,0.6666666666666666,0.00020473167445049083
2047,3,29.0,2635.983205076019,0.05971448257521728,7.828058298189288e-13,2,0.07051476754285603,0.3333333333333333,0.0002055795686547105
2048,1,32.0,0.0,0.05142779807822439,2.1819940709507382e-17,1,0.05521468923337957,0.0,0.0001255111330261465
2049,2,33.0,4930.000000000001,0.04902544559564924,1.256324499535955e-13,2,0.05503426791036393,0.0,0.0001956966800273639
2050,2,33.0,344.003914141414,0.052803728328024456,1.3563102014737115e-11,2,0.06239074507285749,0.0,0.00015534124022157278
2051,2,35.0,1197.0425113494164,0.04902739182215165,4.2451679782240457e-16,2,0.055942386753447204,0.0,0.000155593234623998
2052,2,34.0,884.0579365079362,0.051094815014014874,4.933560108704986e-16,2,0.058461461688611195,0.0,0.0001761418102473042
2053,2,31.0,3594.4243506493503,0.05800913585175965,4.002748400587056e-15,2,0.06637274255929733,0.0,0.00015699266747993263
2054,3,33.0,131.92976190476188,0.05447788352319721,2.4274945663726834e-14,2,0.06441280914381683,0.0,0.00018577402341665074
2055,2,37.0,5.999999999999999,0.046845069888292526,9.728819145202664e-13,2,0.05518939398751647,0.0,0.00015562601770660774
2056,2,35.0,7454.703028312361,0.049693689706163426,1.4633463532676883e-11,2,0.0593142920661249,0.0,0.00014167679884369118
2057,2,28.0,4939.0,0.06578158914470618,1.024671013724513e-14,1,0.07286201789890467,0.0,0.00020206938142040224
2058,1,35.0,0.0,0.049644249708566145,1.095781371028268e-15,1,0.0570531037792011,0.0,0.00010239036352123551
2059,1,29.0,0.0,0.06172222499875056,1.3822401093444287e-15,1,0.06732432064093075,0.0,0.0001162377141832229
2060,3,27.0,44096.02106227106,0.07041049030786774,7.50800422933155e-14,2,0.07947068945008978,0.0,0.00025732622571209
2061,2,37.0,224.1919413919414,0.046930962084722735,1.5226639781482286e-12,2,0.0561389694378665,0.0,0.00014760396904745236
2062,2,34.0,4555.210714285712,0.05060231090715398,1.5008983662468542e-12,2,0.06073083162086527,0.0,0.00014335850499852206
2063,2,32.0,77477.60098153932,0.060321879502771875,7.597283237915583e-10,2,0.07585873862703797,0.0,0.00014820757881784885
2064,2,32.0,77477.60098153932,0.060321879502771875,7.597283248476463e-10,2,0.07585873862703797,0.0,0.00014820757881784885
2065,2,32.0,23.744047619047617,0.057215659022469306,8.74460272377237e-14,2,0.06747808481505639,0.0,0.0001358631219350575
2066,3,36.0,1.5,0.0473574722230211,6.393076125434577e-12,2,0.05544247678760194,0.0,0.00020493955097941353
2067,3,34.0,1539.2882544044412,0.05172070817585041,2.206780747485113e-15,2,0.06090132432586864,0.0,0.00021377683670347443
2068,1,34.0,0.0,0.050674462737857105,1.3171702670678609e-12,1,0.06038028990318235,0.0,8.506398089973345e-05
2069,2,32.0,13117.744965483447,0.055599324704558244,8.874696010979189e-10,2,0.06600943470958669,0.0,0.0001669128555639129
2070,2,37.0,188.80238095238198,0.04706913636710115,1.3754843787354105e-11,2,0.055768638076642785,0.0,0.00014873634716210942
2071,3,37.0,9877.0,0.04655633882459381,2.2404206160420441e-10,1,0.0547010026647604,0.0,0.0002704712642859058
2072,2,36.0,2420.326190476177,0.049137605188294506,6.2752257934661465e-12,2,0.05925504537562208,0.0,0.00014647483851901156
2073,3,37.0,7.5,0.04684151637556656,2.328217526679127e-12,2,0.05526120813827805,0.0,0.00021417887203622706
2074,2,36.0,4727.326190476189,0.04913907153017477,6.615080474024449e-12,2,0.05933939085470441,0.0,0.00014510785699084
2075,2,34.0,151.22619047618946,0.051764064841302276,1.879446716503371e-11,2,0.06047504478063919,0.0,0.00017131972374050111
2076,2,33.0,3527.215307076093,0.05312056432534733,2.9621339715076026e-12,2,0.06488056998341295,0.0,0.00013768682168597724
2077,2,37.0,1627.8791208793339,0.046953265342977446,1.3484330567436676e-10,2,0.05594190935852958,0.0,0.00014876664125935035
2078,2,34.0,22181.249999999996,0.051657969862698556,4.956453197474458e-16,2,0.05851827278462542,0.0,0.00017048499041914046
2079,2,37.0,109.41428571428625,0.047089326737014686,1.4153667887116402e-11,2,0.05599790948000342,0.0,0.00015362979768243195
2080,3,34.0,3956.584440894175,0.05159592245989305,6.707509802629648e-15,2,0.05998471302662865,0.0,0.00020814654340719214
2081,2,36.0,4898.7227411477415,0.04913809395919748,6.094123854257674e-12,2,0.05925504537562208,0.0,0.00015193188230072215
2082,3,36.0,2648.383980693104,0.04739245558156491,2.7935197174366472e-12,2,0.05600420307301241,0.0,0.00020313110828768343
2083,3,37.0,527.2240219923841,0.04527126099706745,7.292974428300226e-13,2,0.05273987431006034,0.0,0.00021130939234932297
2084,3,36.0,2565.181599740723,0.047355656316803586,2.4078339314897874e-12,2,0.05556603013483949,0.0,0.0002091311199109672
2085,3,36.0,12.076190476190476,0.04736246668328507,2.6550663598150564e-12,2,0.05560586602993854,0.0,0.00020713856055527483
2086,2,32.0,13377.41992571218,0.05367639868308107,1.213509810929459e-11,2,0.06351743832212436,0.0,0.00015539785526898453
2087,2,35.0,78.72121212121218,0.048923000742758106,3.484033143599603e-16,2,0.05519554941069418,0.0,0.00016399051965683396
2088,2,34.0,0.0,0.05085705461471148,5.100970453542961e-16,2,0.057129854005193555,1.0,0.0001698286151073755
2089,3,33.0,1878.2268211959508,0.0547041105598866,3.0658416392234725e-14,2,0.0655202470606145,0.0,0.0001907303670465291
2090,2,37.0,1.0,0.04683707524271845,9.393603217646778e-13,2,0.05497780732856122,0.0,0.0001694309416394733
2091,2,37.0,258.22713365066306,0.046556777592430286,2.469276360048128e-10,2,0.05465039537731096,0.0,0.00015608787406639813
2092,2,33.0,9876.0,0.05267872376727521,1.3260346666954608e-10,1,0.061355969395128114,0.0,0.00019511531551830356
2093,1,33.0,0.0,0.054411878090958155,3.3567522046991012e-15,1,0.06167750034076121,0.0,0.00010880511072032137
2094,2,38.0,316.5929653679651,0.04480278611657794,2.5592143109719883e-13,2,0.052330022378035114,0.0,0.00015092596222777665
2095,2,36.0,2364.3196791778405,0.04913809395919748,7.855542784736194e-12,2,0.05927191447143854,0.0,0.00015108348879030602
2096,4,36.0,9620.939533016,0.0486522154485557,1.451773926492475e-09,2,0.057431931889777035,0.16666666666666666,0.0002746689984199685
2097,4,31.0,37834.1948004374,0.060654429369513166,5.602781034890669e-13,2,0.073544919629826,0.0,0.00024698199990018073
2098,4,31.0,43991.374777436846,0.06067454371269253,5.60467333017681e-13,2,0.07380052659595926,0.0,0.0002413673372593819
2099,3,32.0,410.74988520251674,0.05601161050387773,5.51211648811253e-15,2,0.06540935442777446,0.0,0.00020605424345554755
2100,1,32.0,0.0,0.0549090221970278,4.881735050550186e-16,1,0.061746181983383344,0.0,9.862043202047582e-05
2101,4,37.0,180.4309523809515,0.0469644249234689,4.871464947745692e-12,2,0.05579149690156603,0.0,0.00027913897513200895
2102,3,33.0,12203.618279730435,0.053447585662198274,1.5482801113740974e-15,2,0.06121255382193456,0.0,0.00023974882337430832
2103,2,33.0,4913.902443706806,0.05317030642887126,4.043265442648856e-12,2,0.06406605119654651,0.0,0.0001459480019247564
2104,2,31.0,224.0231601731602,0.05462064085270118,1.0603229660125317e-11,2,0.06396991114173309,0.0,0.00015609980411955318
2105,2,36.0,9470.406641788162,0.04914151562779778,6.1225670498856965e-12,2,0.059373129046337327,0.0,0.0001464875654245249
2106,3,34.0,11059.079012242171,0.05223699098013091,8.237379330349464e-15,2,0.06158577758434146,0.0,0.0002542310697942053
2107,4,37.0,4797.465249846982,0.046882414349435325,1.1859650233077052e-12,2,0.05584510824230245,0.0,0.00028563172070227136
2108,2,36.0,2420.326190476177,0.049137605188294506,6.275224303468e-12,2,0.05925504537562208,0.0,0.00014647483851888788
2109,2,31.0,162.70198412698406,0.05457478070659979,9.512125269261087e-12,2,0.06359731795349112,0.0,0.00016079473868519346
2110,2,34.0,14049.48257351299,0.0522602007891925,1.3309142586552099e-14,2,0.06137105614373276,0.0,0.0001627508991253493
2111,2,36.0,1562.269868549489,0.048417606758862676,7.233348537130674e-15,2,0.05673075201592625,0.0,0.00016942237340760862
2112,2,36.0,5637.086333967209,0.04371255895443806,6.229880753521195e-16,2,0.04842965771807719,0.0,0.00019738916023500624
2113,3,33.0,30431.98035536806,0.05511117061035064,9.766065138247344e-14,2,0.06627063916679451,0.0,0.0002181234280849018
2114,3,33.0,10972.816293233751,0.05444546085768133,1.6071726724715715e-14,2,0.0645031583503247,0.0,0.0001898868083957999
2115,2,32.0,167.86857484620657,0.0559665560175377,3.626930923259997e-15,2,0.06479476433950006,0.0,0.00014717332590857978
2116,1,32.0,0.0,0.05155768929708292,9.770875184838268e-13,1,0.05872733338466389,0.0,0.00010092757388290596
2117,2,35.0,259.9343073593074,0.04974923966243026,2.0669224988121782e-15,2,0.0579005484221681,0.0,0.00016025544720342123
2118,3,32.0,16335.273110306674,0.057550269111582286,1.1870517650763077e-13,2,0.06911459663881471,0.0,0.00018471579502426453
2119,4,32.0,12793.060485605289,0.057552280538241976,1.2385158225817827e-13,2,0.06925742165006073,0.0,0.00023881984329512032
2120,3,34.0,242.34676186644472,0.0508518194451593,1.8766055080455675e-11,2,0.06243630465055086,0.6666666666666666,0.00016508393068888556
2121,2,36.0,439.21642524142527,0.047689381872242656,3.705449130690701e-12,2,0.05752679010421981,0.0,0.0001411198562833436
2122,2,37.0,188.80238095238198,0.04706913636710115,1.3754841374547742e-11,2,0.055768638076642785,0.0,0.00014873634716197802
2123,2,36.0,4937.0,0.04913662767565847,6.089644216194159e-12,2,0.05922130718398916,0.0,0.00015779897497221395
2124,2,33.0,72832.75629289393,0.057064966269291195,1.3792147375498674e-10,2,0.07104384537267883,0.0,0.0001472450991575784
2125,2,33.0,72832.75629289393,0.057064966269291195,1.3792147376254905e-10,2,0.07104384537267883,0.0,0.0001472450991575784
2126,2,34.0,6323.969402082904,0.049729207352674706,1.986144656486766e-14,2,0.057685834526339755,0.0,0.0001723993041766348
2127,2,34.0,121.99285714285716,0.05113712824653479,6.314172096076283e-16,2,0.05859096121781906,0.0,0.00016519550555518125
2128,3,33.0,14267.19486035058,0.054996437477734236,1.1279878695791554e-13,2,0.06589756059682396,0.0,0.0002126617462442458
2129,3,33.0,9092.219280814981,0.05502645502645503,1.1482452930103795e-13,2,0.06624715252536317,0.0,0.00020105468181725672
2130,3,35.0,983.1777696726507,0.049844111029270805,4.589287710926658e-15,2,0.05872946919378337,0.0,0.00021375268619871652
2131,2,34.0,219.80952380952377,0.05042617261266779,8.168084631098757e-13,2,0.06007573876456485,0.0,0.0001460677540102233
2132,1,35.0,0.0,0.04810173419410121,1.6187732446796233e-13,1,0.05565902448528353,0.0,9.31965854653854e-05
2133,3,35.0,918.9895517027775,0.04933832709113608,6.523409361918484e-16,2,0.05698287235523145,0.0,0.00024211075659440388
2134,2,37.0,1.0,0.04683707524271845,9.3936204250588e-13,2,0.05497780732856122,0.0,0.00016943094163952954
2135,2,36.0,0.0,0.04864838249052145,8.529118916725751e-10,2,0.05706081178181484,1.0,0.00014512194443009024
2136,2,34.0,5100.748285859084,0.050335741433244006,3.626101373641908e-13,2,0.05969008858610678,0.0,0.0001554829649649468
2137,4,35.0,10036.770888144853,0.04974272739172901,1.7519807180156926e-11,2,0.06020208117759819,0.16666666666666666,0.0002551182488712856
2138,3,32.0,9766.554688403377,0.05635795286010906,1.4603194305394027e-10,2,0.07126898352165703,0.0,0.00016934025875616708
2139,4,32.0,21938.21419278656,0.05636309700385642,1.4380461621128042e-10,2,0.07149310150893277,0.0,0.00022046331500366788
2140,3,35.0,1676.8863469865664,0.049709191169071625,1.7507286995802198e-11,2,0.05958202871544049,0.3333333333333333,0.00019470181553141736
2141,2,32.0,1136.7885568524937,0.05176569213035733,1.1443788410356435e-12,2,0.059162020517487,0.0,0.00017847552134038648
2142,2,32.0,4939.0,0.057542224810716365,2.4949226255177568e-14,1,0.06688014275839337,0.0,0.00018458090268419453
2143,2,35.0,4883.675,0.0496916902216008,1.466650479394016e-11,2,0.059273806236165384,0.0,0.00014111224035943907
2144,2,36.0,4937.0,0.04913662767565847,6.089644606731331e-12,2,0.05922130718398916,0.0,0.00015779897497204468
2145,4,34.0,5112.962030270746,0.05053191489361702,1.2115192246607865e-12,2,0.060054666160673426,0.0,0.0002957099218155927
2146,3,34.0,5932.741163003662,0.05093833780160858,3.1641906923066887e-16,2,0.05801248262924867,0.0,0.0002538172571964371
2147,1,35.0,0.0,0.0484698633228348,3.7871274230423026e-17,1,0.054114808347683487,0.0,0.00010227311661853574
2148,2,33.0,41.871689421689446,0.054323920119644584,2.464440754288265e-14,2,0.06358483004913665,0.0,0.00013415012044029802
2149,2,34.0,0.0,0.05063965884861407,3.1492424056180308e-12,2,0.05987739650965685,1.0,0.00014379794719327594
2150,3,34.0,65.89999999999999,0.05067966145165427,3.809571690422999e-12,2,0.060388566626090406,0.3333333333333333,0.00020040269066523355
2151,5,33.0,6904.58349036898,0.054501323918799645,2.7420915012372164e-14,2,0.06494073151384484,0.0,0.00029780181749326974
2152,1,35.0,0.0,0.04912099276111686,7.016660960132696e-17,1,0.05458000966208964,0.0,0.00010583752947453635
2153,2,34.0,2419.5220255513136,0.05216087512010728,1.568285710094732e-14,2,0.06119503331960908,0.0,0.00015117564960506294
2154,2,35.0,1302.9956789089129,0.049688191510762425,1.1776488230267194e-15,2,0.05767505492746751,0.0,0.00017098841122298327
2155,2,32.0,16906.416692428837,0.05637531810971504,1.0479128634645197e-14,2,0.06510065365246058,0.0,0.00015827674563487193
2156,3,33.0,9652.342658153537,0.052878337008413434,1.3006331326547072e-12,2,0.06327192716093988,0.0,0.0002121354891857284
2157,5,32.0,33972.81589357587,0.05613763949180663,2.9044804065861893e-11,2,0.06990788507633805,0.0,0.0003103024497616484
2158,3,31.0,5.0,0.05750538385425761,3.924763571320197e-16,2,0.06353980914126948,0.6666666666666666,0.00020448757303529169
2159,4,36.0,9877.0,0.04866755332249643,8.960473702414361e-10,2,0.05765322375580575,0.16666666666666666,0.0003114349489562664
2160,2,35.0,2493.0,0.04912685468793508,8.915904786093511e-17,2,0.05484798729848827,0.0,0.00018395875510523064
2161,2,36.0,33.25,0.046837519318106396,3.699255361639319e-17,2,0.051843351598519015,0.0,0.00018381464854281
2162,3,34.0,12349.75,0.051657969862698556,5.512896615551876e-16,2,0.0585481551829289,0.0,0.0002663975378646201
2163,3,35.0,18830.14124807229,0.050795348215479215,5.287064103787531e-14,2,0.060502014939023616,0.0,0.0002362781690011887
2164,2,37.0,2136.898624806569,0.0420797982895499,1.1577437175669584e-16,2,0.04657390074262761,0.0,0.00019888157441358176
2165,1,38.0,0.0,0.044485668230569035,2.9939935141234695e-11,1,0.05099721913578509,0.0,0.00010699175196059842
2166,1,38.0,0.0,0.044485668230569035,2.993993381814276e-11,1,0.05099721913578509,0.0,0.00010699175196059842
2167,2,37.0,80.63333333333334,0.04681976286832652,2.043025954828207e-14,2,0.05500997605654225,0.0,0.00015320060751948812
2168,1,38.0,0.0,0.044354657687991024,3.088769967334194e-11,1,0.05036185370076476,0.0,9.786081519320042e-05
2169,1,37.0,0.0,0.046409379579872984,1.1974356816611044e-10,1,0.05350466768832685,0.0,9.653815373279581e-05
2170,1,37.0,0.0,0.046409379579872984,1.197435686106986e-10,1,0.05350466768832685,0.0,9.653815373279581e-05
2171,1,39.0,0.0,0.042947932152699896,5.854120900483214e-12,1,0.04931121911423443,0.0,9.759981330926181e-05
2172,1,39.0,0.0,0.042947932152699896,5.8541209482185965e-12,1,0.04931121911423443,0.0,9.759981330926181e-05
2173,2,33.0,2253.9891656804516,0.05315085590092852,3.0166663419955483e-12,2,0.06523915876305451,0.0,0.00013408176780975223
2174,1,34.0,0.0,0.05068642137448441,4.569275239327644e-16,1,0.056616317730283895,0.0,0.00010360874332218603
2175,3,33.0,4974.799999999999,0.05339212952455065,3.4367333994438297e-15,2,0.06086786395104956,0.0,0.00025853123379772916
2176,2,34.0,43.55835374893423,0.050650562385292884,1.793884024547777e-12,2,0.06093114236103688,0.0,0.00013495813865788676
2177,2,37.0,1112.256015484308,0.04681443855841854,2.0862735177750575e-14,2,0.0547642422581767,0.0,0.00016154055151044867
2178,2,36.0,345.1463348565369,0.04612856235759907,1.5775380765246902e-14,2,0.05345246041864866,0.0,0.00017283994626873981
2179,2,34.0,6.699999999999999,0.050797959855215534,9.158893278778035e-12,2,0.06180014256701981,0.0,0.00012315485007515252
2180,3,34.0,9877.0,0.05077394289473143,4.0907519915956235e-13,1,0.061029291167875845,0.0,0.0002855138957005978
2181,1,35.0,0.0,0.04832099224320914,5.466156703758608e-14,1,0.05649140909465738,0.0,0.00011125383086138147
2182,2,32.0,4939.0,0.057872539831302715,3.740442228045684e-13,1,0.0691188909780401,0.0,0.00017496485752943494
2183,2,35.0,4239.399843181824,0.04816551777931613,9.698888590292223e-14,2,0.056227176085079524,0.0,0.00017371055246410202
2184,2,34.0,0.0,0.050902121608671906,1.9275409934984467e-11,2,0.06151064754428608,1.0,0.00013385001096456834
2185,2,32.0,4939.0,0.05631940169186219,1.3066747243334195e-10,1,0.07032889291051432,0.0,0.0001604789708379061
2186,2,35.0,1630.056826507045,0.049688691296432275,1.5166028531747463e-11,2,0.059167771919604754,0.0,0.0001404891876462515
2187,2,35.0,1630.056826507045,0.049688691296432275,1.516603246241996e-11,2,0.059167771919604754,0.0,0.0001404891876462515
2188,2,33.0,2469.7542009152903,0.05329018338727077,5.137585044334543e-12,2,0.0651803521564952,0.0,0.00013671939515109266
2189,2,35.0,63.672647058823536,0.04851556131718767,5.516350022374726e-12,2,0.05794824177634336,0.0,0.00013673481190080948
2190,3,37.0,4940.5,0.04641286782667518,2.3113426027113348e-10,2,0.05385217106214601,0.0,0.00023824442863627755
2191,3,38.0,4.333333333333333,0.04487441522459917,5.832217291302712e-11,2,0.052752006269504735,0.3333333333333333,0.00021894445726856654
2192,4,38.0,9877.0,0.04487482286254133,4.3806811408562395e-11,2,0.052853220844403415,0.16666666666666666,0.00031643099402205784
2193,2,32.0,6592.173107448125,0.05985339552916944,8.947381192872137e-11,2,0.07385601102341545,0.0,0.00016092298315889666
2194,2,31.0,6906.396581359817,0.05704915003695492,9.03400530887393e-14,2,0.06811205348409353,0.0,0.00016589694053352222
2195,2,34.0,13661.390875838475,0.0512676816422263,6.886968421823466e-10,2,0.06383755268704967,0.0,0.0001336326512203295
2196,2,32.0,211.55594657137573,0.05590258917255115,3.805048807976069e-15,2,0.06452125324805447,0.0,0.00015608448866385002
2197,1,33.0,0.0,0.05470713961394921,5.000212306642279e-14,1,0.06353389665168158,0.0,0.00010471829152956778
2198,1,33.0,0.0,0.05331721584838052,1.7461819494956596e-11,1,0.06415594399247207,0.0,9.856178968567562e-05
2199,2,31.0,13078.230225184214,0.05727204220045215,5.845537050061707e-13,2,0.06682837299356087,0.0,0.0001821687750226765
2200,2,32.0,8389.582844932842,0.05429645424369656,9.40897969328433e-14,2,0.06258861193165494,0.0,0.00018292480014505972
2201,2,33.0,4181.906984828034,0.052008211822919405,1.193170845897687e-13,2,0.05997482674539564,0.0,0.00017681139689617337
2202,2,29.0,22868.84698342583,0.06461739699149771,3.1442492122619155e-11,2,0.07969588291286114,0.0,0.00015646242980864008
2203,2,34.0,790.2550007010493,0.050212437234453455,7.985591886128592e-13,2,0.058885184001569675,0.0,0.0001616708935411334
2204,2,30.0,17951.999364378207,0.060712573893593226,4.279982649824753e-12,2,0.07244581901681238,0.0,0.0001742764891328719
2205,2,29.0,0.5,0.057748059478163284,7.185263366554679e-17,2,0.06275921006521161,0.0,0.00016790208352613075
2206,1,31.0,0.0,0.06231472721538947,0.0,1,0.0694985927823766,0.0,8.430450283159004e-05
2207,2,27.0,379558.4578389269,0.06539841402226723,6.318468674636103e-14,2,0.07339111437835519,0.0,0.00015627500071525765
2208,2,33.0,26.416666666666668,0.05548878430139171,1.4036497653877074e-17,2,0.060616420121540296,0.0,0.0001576808083785397
2209,2,33.0,4734.022022961543,0.055633136627776025,2.948777649477078e-17,2,0.06439000571005345,0.0,0.0001721964158627226
2210,2,28.0,2469.0,0.06128500006202935,1.7617809038888156e-16,2,0.06762123116979714,0.0,0.00016181630170190208
2211,2,28.0,2469.0,0.06128500006202935,1.7467445450432886e-16,2,0.06762123116979714,0.0,0.00016181630170177122
2212,4,27.0,26076.498108264088,0.06528346768864808,1.1633024235897892e-15,2,0.07377600819929056,0.0,0.0002828220664645567
2213,3,26.0,389724.7989162659,0.06782639737481636,8.748221403734866e-15,2,0.07682743242103054,0.0,0.00021068861242521804
2214,2,34.0,4246.896514922974,0.057797381568017225,0.0,2,0.06604743963654452,0.0,0.0001566192486657241
2215,2,30.0,23628.95480628759,0.062244062244062245,0.0,2,0.06985013843934143,0.0,0.0001632230212634567
2216,2,31.0,132282.21126427094,0.06064326049594893,0.0,2,0.07017411594048263,0.0,0.00015472172274755313
2217,2,32.0,21.933333333333376,0.05576313086274819,3.213689939331639e-17,2,0.06104014111281364,0.0,0.0001840264810402367
2218,2,30.0,11588.654435107379,0.06196455226220789,1.541778400374693e-17,2,0.06876732715216605,0.0,0.0001717409805638926
2219,4,33.0,80.90238095238095,0.05645585243765857,0.0,2,0.06244382995465535,0.5,0.0002592601595168353
2220,1,30.0,0.0,0.06446477274210176,4.020965456084876e-18,1,0.07115928521311661,0.0,8.848074993026115e-05
2221,9,29.0,57216.44654263727,0.06894145558579304,0.0,2,0.07914834670230164,0.1111111111111111,0.0005510911192923717
2222,6,29.0,86011.00927960646,0.06895107823295415,0.0,2,0.07917871107477127,0.2,0.0003638282162318996
2223,6,28.0,1619802.8482653368,0.07396759799958075,0.0,2,0.08610784308584363,0.2,0.00033902908793345595
2224,3,29.0,25698.664754125104,0.0649649531173972,0.0,2,0.07313603023755708,0.3333333333333333,0.00020669092585447971
2225,2,30.0,2522.9220578183526,0.05867053052886614,1.2046786887213563e-17,2,0.06482607938103539,0.0,0.00017170812814613763
2226,1,37.0,0.0,0.04852127962597362,1.8110379104289102e-17,1,0.05190154040676897,0.0,0.00012749653156737456
2227,2,31.0,1349.8639672849415,0.05729263314158471,3.0938579135919716e-17,2,0.06283367941423894,0.0,0.00017819870097108228
2228,2,36.0,4939.0,0.05099512759104798,5.2449891729026696e-17,1,0.055102250577512314,0.0,0.0002285607164420086
2229,3,29.0,4939.0,0.0689058751325113,0.0,2,0.07799642844512009,0.3333333333333333,0.00020513831594362527
2230,2,31.0,3478.257772782786,0.058279458260582326,1.6189380301189807e-17,2,0.06424951509684809,0.0,0.00017482345945161722
2231,4,28.0,1194540.058430627,0.0698499780835089,0.0,2,0.08009920934562106,0.0,0.00028769583884219685
2232,2,30.0,0.0,0.06451107396573338,0.0,2,0.07200298099102269,1.0,0.00013662613665941186
2233,3,32.0,224420.58730666892,0.054744727772421516,0.0,2,0.06477264482098599,0.0,0.00022585526566089951
2234,2,35.0,9876.0,0.053733616141839344,3.349284406826192e-17,1,0.05862699139335406,0.0,0.00021136573536516794
2235,8,29.0,1874477.0175215385,0.07356992866397605,0.0,2,0.08647416621713369,0.17857142857142858,0.00045997629798879414
2236,1,33.0,0.0,0.05872702632016929,0.0,1,0.0648667071315378,0.0,9.74114737437698e-05
2237,1,33.0,0.0,0.05872702632016929,0.0,1,0.0648667071315378,0.0,9.74114737437698e-05
2238,5,32.0,43252.6163718533,0.06239028025107667,2.929317815840414e-17,2,0.07057976017615446,0.0,0.0003944308627304708
2239,2,30.0,4939.0,0.05654761904761905,1.81866563037602e-17,1,0.06167982277194024,0.0,0.00018652605131723153
2240,2,31.0,3387.426858371552,0.05477022007871833,1.7246637242565017e-18,2,0.05940817370705144,0.0,0.00016832914431883986
2241,3,33.0,46816.817036540844,0.05573985060817367,0.0,2,0.06564586888646294,0.0,0.00022358745265178213
2242,4,32.0,85867.21660024169,0.05897099200190999,0.0,2,0.07093251352611932,0.0,0.000282050227283691
2243,2,33.0,3.333333333333333,0.05159700027156316,0.0,2,0.0554214821801107,0.0,0.00016088591065399366
2244,3,33.0,778.4260938940287,0.056454562077162186,0.0,2,0.06229200809230717,0.3333333333333333,0.00020552579009054225
2245,2,35.0,9876.0,0.05256549405179936,3.346342676165749e-17,1,0.05690458824540584,0.0,0.00021125469452928222
2246,3,32.0,23.96111111111111,0.06035946873892697,0.0,2,0.0671313955163371,0.3333333333333333,0.00020100069805314877
2247,2,32.0,4932.666666666667,0.05030549898167006,1.487513804449496e-17,2,0.05389143984375492,0.0,0.0001745514626378933
2248,4,32.0,71817.61869868568,0.05868725868725869,0.0,2,0.07008146716042313,0.0,0.000303505191548227
2249,9,31.0,1066248.445509515,0.06228330076278132,0.0,2,0.07669541379533187,0.027777777777777776,0.0006192056591944239
2250,1,33.0,0.0,0.05543461184550127,0.0,1,0.06403894129006896,0.0,9.48530802835459e-05
2251,1,32.0,0.0,0.058632231110689104,0.0,1,0.06906900009532489,0.0,8.883876155904103e-05
2252,1,32.0,0.0,0.058632231110689104,0.0,1,0.06906900009532489,0.0,8.883876155904103e-05
2253,2,32.0,4512.112231559292,0.058639886993578104,0.0,2,0.06933553180922492,0.0,0.00016124344089343573
2254,2,29.0,4930.333333333334,0.05921486364998502,1.81158223814754e-17,2,0.06509064695982601,0.0,0.00016406902581302438
2255,2,32.0,2121.5073591662167,0.06036832007429947,0.0,2,0.06703129824518722,0.0,0.00014829248513656713
2256,2,33.0,3.5,0.04790070784446815,1.5251338565789575e-17,2,0.05102636076154313,0.0,0.0001766396274940402
2257,2,28.0,14793.0,0.06292031791318524,0.0,2,0.07026030259558574,0.0,0.00014957455134180904
2258,1,31.0,0.0,0.06556158674965826,0.0,1,0.07343397310895303,0.0,9.149920353540295e-05
2259,1,31.0,0.0,0.06556158674965826,0.0,1,0.07343397310895303,0.0,9.149920353540295e-05
2260,1,31.0,0.0,0.06556158674965826,0.0,1,0.07343397310895303,0.0,9.149920353540295e-05
2261,1,30.0,0.0,0.06449591351803013,0.0,1,0.07166897289385679,0.0,8.240572167942279e-05
2262,6,30.0,73391.08294688545,0.07016048856696493,0.0,2,0.08100199301310221,0.06666666666666667,0.0004315833632174765
2263,3,30.0,18989.502986282052,0.0618241890268322,9.007707503376627e-18,2,0.0690154850170731,0.0,0.0002425792392682872
2264,2,28.0,5883.288912865317,0.06295559973492379,0.0,2,0.07044922916609131,0.0,0.00015286308176991917
2265,2,32.0,7649.4080013396,0.058625968693258014,1.6706107985130785e-17,2,0.065273849349674,0.0,0.0001759165001618633
2266,2,34.0,13678.799200343878,0.05178414189274183,1.2550483513538166e-16,2,0.058900241828745155,0.0,0.00016912143323903904
2267,5,32.0,9883.5,0.058675408589889774,5.931464990156327e-17,2,0.06490991273193294,0.1,0.000384112869256122
2268,4,31.0,18147.146272056325,0.06232573396752501,0.0,2,0.0701058802317694,0.0,0.0002971744703372213
2269,1,33.0,0.0,0.05542403877438826,0.0,1,0.06008947997296404,0.0,9.565741485311938e-05
2270,1,33.0,0.0,0.05542403877438826,0.0,1,0.06008947997296404,0.0,9.565741485311938e-05
2271,1,32.0,0.0,0.05866983372921615,0.0,1,0.06437010166580642,0.0,9.350780202624637e-05
2272,2,33.0,14627.763538071908,0.052423248755743744,4.890384599751715e-17,2,0.05868405663565984,0.0,0.0001775695033474712
2273,1,31.0,0.0,0.05294067215363512,1.7162841859396927e-17,1,0.05667240099234713,0.0,0.00011279532067071864
2274,3,29.0,9885.0,0.05920705690589194,0.0,2,0.06524825251216831,0.0,0.00023906605528057484
2275,2,30.0,4939.0,0.0558994262953617,3.01475513717192e-17,1,0.060622059472000236,0.0,0.0001939696319791878
2276,3,33.0,4954.845238095237,0.05799415362580857,7.809549489549201e-18,2,0.0641624232681606,0.0,0.00022806820946765644
2277,1,34.0,0.0,0.054815801154016866,0.0,1,0.059576870118982626,0.0,9.497755309541339e-05
2278,2,30.0,10355.241720838183,0.057933622610531255,1.4188283520131316e-17,2,0.0634618254783249,0.0,0.00016467276810612779
2279,2,34.0,219880.86458360744,0.0525118523715373,1.1930580168656566e-16,2,0.060984973211841216,0.0,0.00016323829634214086
2280,1,29.0,0.0,0.062472336389503634,7.76149921612748e-18,1,0.06864239826654424,0.0,9.27798262228237e-05
2281,3,28.0,36946.0,0.06293073797118434,0.0,2,0.07051960469699316,0.0,0.0002220463427122767
2282,11,27.0,184317.61173022343,0.06713598434399717,3.4177669374218747e-16,2,0.07732074076206648,0.01818181818181818,0.0007146748669773418
2283,4,27.0,179499.71818632982,0.07106379918003308,0.0,2,0.08114908650163626,0.3333333333333333,0.00026289680439765616
2284,3,28.0,4939.0,0.06663429373044136,0.0,2,0.07496990826867854,0.3333333333333333,0.00022031152638798317
2285,4,29.0,11773.713095238083,0.05993472695728134,1.5249876956208225e-17,2,0.06661908407562687,0.16666666666666666,0.0002963802126195372
2286,2,29.0,2638.382960484369,0.060305678988231845,3.9817549414959116e-18,2,0.06673390901241286,0.0,0.00015830583201345466
2287,2,31.0,19878.639944998282,0.05546635527660196,0.0,2,0.06272518449547718,0.0,0.0001680771160713079
2288,2,31.0,4512.483333333343,0.059047823956204205,3.21795426453787e-17,2,0.06537187858577567,0.0,0.00018152561882298063
2289,2,31.0,0.0,0.06231551328304362,0.0,2,0.0695998073572754,1.0,0.00014661652666357207
2290,4,32.0,7803.393434484758,0.06151394025427422,0.0,2,0.06875162242203714,0.16666666666666666,0.00027802667427028393
2291,2,33.0,19744.0,0.05873261205564142,0.0,1,0.06509612683464176,0.0,0.00018120103670717512
2292,2,33.0,66.48809523809524,0.057982581750745325,0.0,2,0.06396095806669541,0.0,0.0001524632015449307
2293,2,31.0,7402.333333333334,0.05296280810095097,3.283643033668424e-17,2,0.05709051358151222,0.0,0.00018029881229717913
2294,2,31.0,8868.305790353628,0.06235248084617618,0.0,2,0.07015230310713963,0.0,0.00013736493838435403
2295,2,30.0,0.0,0.06451107396573338,0.0,2,0.07200298099102269,1.0,0.00013662613665929257
2296,1,31.0,0.0,0.06691046999864554,0.0,1,0.0752846849265533,0.0,8.857436789543918e-05
2297,1,31.0,0.0,0.06691046999864554,0.0,1,0.0752846849265533,0.0,8.857436789543918e-05
2298,6,30.0,930944.2691754056,0.0717074799320666,0.0,2,0.08324810281406371,0.13333333333333333,0.0004109374645824914
2299,2,30.0,0.0,0.05589752874083462,3.870501453277885e-18,2,0.060571452184550845,1.0,0.00016408639175157698
2300,2,30.0,0.0,0.05589752874083462,0.0,2,0.060571452184550845,1.0,0.00016408639175149415
2301,1,29.0,0.0,0.05919925221997196,0.0,1,0.06479278692512405,0.0,9.263751351180406e-05
2302,2,28.0,1339.9464379012984,0.06291470854188158,0.0,2,0.07009835927574766,0.0,0.00014660172616065632
2303,3,33.0,14.833333333333332,0.04790349482176797,4.138281091432399e-17,2,0.051201799358034386,0.0,0.000254460101623804
2304,3,28.0,28613.518362159313,0.0640510333739595,5.408650632072082e-16,2,0.07185834612095822,0.0,0.00021323505437705553
2305,2,32.0,10644.056987569542,0.054538027578136215,1.4391547980311453e-17,2,0.06307937543953823,0.0,0.00016198378033316395
2306,2,31.0,8942.930928412472,0.059173723991710885,1.0357794589308364e-17,2,0.06562192706235356,0.0,0.00017385352410770308
2307,2,29.0,1016.2773495449359,0.06136722195306774,0.0,2,0.0674943911399809,0.0,0.00015756519025164693
2308,3,32.0,4067.9203946102475,0.060352831940575676,0.0,2,0.06704198930850987,0.3333333333333333,0.0002064649709380256
2309,3,30.0,28780.705616061332,0.06857206313071723,0.0,2,0.07850350719731954,0.3333333333333333,0.00017983598735716786
2310,2,31.0,13400.977343855797,0.05636695572797809,0.0,2,0.06595024896179696,0.0,0.00015913700701881647
2311,2,32.0,3230.5206349206387,0.05772781452310281,1.1061206069512666e-17,2,0.06623835008780597,0.0,0.00017036395137505662
2312,4,30.0,1388851.3270846887,0.07075640603291462,0.0,2,0.08303787817087134,0.0,0.00026894268360057257
2313,1,31.0,0.0,0.05352170662737408,1.6992108128529264e-17,1,0.057538268617920045,0.0,0.00010963179888939886
2314,3,29.0,13550.733834476912,0.061729937770224674,0.0,2,0.06900518319766705,0.0,0.00023627224985089398
2315,2,34.0,14811.0,0.055478813606909025,2.986041471915269e-17,1,0.06067425979337585,0.0,0.00019715191285507138
2316,2,30.0,9442.483333333315,0.06274529727807344,1.3243919433073102e-17,2,0.07057579560671834,0.0,0.000171661499532518
2317,3,29.0,1118198.779503534,0.0669385764034743,0.0,2,0.07707105339531607,0.0,0.0002264290039524288
2318,2,32.0,1018.969711781986,0.06039415130324221,0.0,2,0.0674829080389023,0.0,0.0001365560600327356
2319,2,29.0,13236.093525038563,0.06148331611634535,0.0,2,0.06834971738477785,0.0,0.00016239510598395798
2320,2,29.0,15279.575054171495,0.06148408134816917,0.0,2,0.06836658648059431,0.0,0.00015974171820929737
2321,9,28.0,76582.75274580705,0.06550160439152457,7.163631602276244e-17,2,0.07494767835179067,0.027777777777777776,0.0006289153907798206
2322,1,29.0,0.0,0.061475664845626395,0.0,1,0.06810005476669412,0.0,8.975579176433629e-05
2323,1,29.0,0.0,0.061475664845626395,0.0,1,0.06810005476669412,0.0,8.975579176433629e-05
2324,1,29.0,0.0,0.061475664845626395,0.0,1,0.06810005476669412,0.0,8.975579176433629e-05
2325,4,32.0,221.73517321921398,0.05193658269902014,5.163122826111743e-17,2,0.056196519394077715,0.0,0.0003074428377388678
2326,1,32.0,0.0,0.06032556265188243,1.3470499468982573e-18,1,0.066305773769663,0.0,9.021458834226603e-05
2327,7,31.0,22696.760404279965,0.0642183945401365,5.871180714068769e-17,2,0.07289225476651083,0.047619047619047616,0.00043760209623856523
2328,4,30.0,37235.250880472,0.06857872671238582,0.0,2,0.07870256252795381,0.3333333333333333,0.0002403751579403209
2329,3,31.0,4939.0,0.06419753086419754,0.0,2,0.07212977163560681,0.3333333333333333,0.00021125774563309806
2330,2,30.0,2137.9773809523795,0.06106530526471934,0.0,2,0.06759746597173608,0.0,0.00015154384791651055
2331,2,29.0,0.0,0.05989621223143703,0.0,2,0.06605878405176437,1.0,0.0001493385665864211
2332,6,32.0,12998.454243084576,0.05982440205873448,4.192628615658617e-18,2,0.06730714520107041,0.13333333333333333,0.0003745442509615045
2333,2,32.0,0.0,0.05867053052886614,0.0,2,0.06451180207066463,1.0,0.00015694377321592425
2334,2,32.0,16976.727174435535,0.053727187697126574,3.366147275744112e-17,2,0.0601216405836158,0.0,0.0001772580403325397
2335,3,32.0,4741.431493447419,0.054397498155550415,7.414597430438852e-18,2,0.058968549501517024,0.0,0.00023010381372321997
2336,4,29.0,22199.166666666668,0.05922196247677276,4.757125707307742e-17,2,0.06548200998276775,0.0,0.0003140418991884255
2337,2,30.0,4676.332083634424,0.06150628136011056,0.0,2,0.06830615291108928,0.0,0.00016879761819772556
2338,1,30.0,0.0,0.05591144713312357,0.0,1,0.060617320059366084,0.0,9.709213065709908e-05
2339,2,32.0,9.0,0.06036758236386744,0.0,2,0.06714826461215355,0.0,0.00014479600776555064
2340,2,33.0,4939.0,0.06019031837510509,9.800807739553392e-19,1,0.06733396203239465,0.0,0.00019329346881440666
2341,2,31.0,0.0,0.06231551328304362,0.0,2,0.0695998073572754,1.0,0.00014661652666348712
2342,2,33.0,13603.980985988128,0.06038086391082211,0.0,2,0.06772552229093404,0.0,0.00017269639516401933
2343,2,31.0,923263.6428569602,0.07087314567731198,0.0,2,0.08182431444262063,0.0,0.00015315713583935329
2344,2,32.0,923008.0318222413,0.07064611160369534,0.0,2,0.08325571685096787,0.0,0.00015195945398568023
2345,2,32.0,447.95000000000005,0.05629693785684167,1.4838173424881668e-17,2,0.06226834178792203,0.0,0.00018004674343744017
2346,3,31.0,9891.675070028032,0.05964958885253028,4.0148652821194953e-17,2,0.06702513371352616,0.0,0.0002522726891145249
2347,2,29.0,15640.404435107379,0.0652990006873579,0.0,2,0.07305374245297691,0.0,0.0001644835095730498
2348,2,32.0,2475.3333333333335,0.05030549898167006,1.886995115677266e-17,2,0.05389143984375492,0.0,0.00017908225109925473
2349,3,31.0,15854.664754122985,0.05751743570039703,2.3282058839594512e-17,2,0.06287904215742103,0.0,0.0002292168135108711
2350,2,30.0,20774.331420790906,0.061014018403013646,0.0,2,0.06736199181925781,0.0,0.000153865419899754
2351,2,32.0,196219.58649827383,0.06470711516294667,0.0,2,0.07354310170418621,0.0,0.00016524324625508555
2352,2,32.0,20.88253968253968,0.060369057802761826,0.0,2,0.06724080365206103,0.0,0.00013595021255980566
2353,2,31.0,106.4579365079365,0.0623288794680596,0.0,2,0.06998104892272755,0.0,0.00013675909091142414
2354,3,29.0,775.3019629134748,0.06020719073735527,1.0059067480041612e-16,2,0.06645982374811676,0.0,0.00021535984587024872
2355,4,32.0,41395.18119934183,0.058175137783221066,0.0,2,0.06839062290438065,0.0,0.00029283980936618706
2356,2,31.0,0.5,0.0605926798155235,1.5535352434192336e-17,2,0.06628616536879171,0.0,0.00015122483549971267
2357,4,29.0,58125.17488031885,0.06548857926902019,5.401947428455178e-18,2,0.07407512675058774,0.0,0.00030133314906360286
2358,2,32.0,7.333333333333333,0.05193385267186005,0.0,2,0.05593336149934092,0.0,0.00016211414088670368
2359,2,30.0,2905.239527835466,0.05840348056369999,1.4158353245613605e-17,2,0.06430581346787376,0.0,0.00017303647911668193
2360,2,34.0,14811.0,0.0567816091954023,3.1343941883954336e-17,1,0.06266407552277942,0.0,0.00019733930305353324
2361,2,33.0,221298.33641336768,0.05348172527282176,2.881742024251885e-17,2,0.062182430613408286,0.0,0.00016372682829557682
2362,2,33.0,19744.0,0.0601947189491513,0.0,1,0.06742842896896677,0.0,0.00018153091398531485
2363,5,32.0,85004.92993787231,0.06404272972412363,3.157342558044594e-17,2,0.07336812522351828,0.0,0.0003959028418116021
2364,4,31.0,272351.6960936265,0.06776220131134948,0.0,2,0.07857876669442386,0.0,0.00028618138656680026
2365,2,33.0,41605.68150295407,0.06198010112542815,0.0,2,0.07026965649003014,0.0,0.00016949350459289733
2366,2,30.0,8310.42685837115,0.057932263814616754,2.930642965507835e-17,2,0.0634112181908755,0.0,0.00017091603345825335
2367,2,30.0,12330.833333333334,0.055917143018846566,4.625435857214464e-18,2,0.060856861219959875,0.0,0.00017371912588340022
2368,5,31.0,74449.184956433,0.06552767018623654,0.0,2,0.0745858711930077,0.1,0.0003312310835477914
2369,3,30.0,77194.34961954564,0.06993105986608343,0.0,2,0.08034141407733886,0.3333333333333333,0.0001937561337596702
2370,3,30.0,1119130.0658639665,0.06434553814492074,0.0,2,0.0758782925745009,0.0,0.00021875037817967516
2371,3,31.0,5435.575054171646,0.054772041866240906,2.5132254138904416e-17,2,0.05955999556939962,0.0,0.00023443874395631114
2372,4,28.0,21077.946437903356,0.06292352371732816,0.0,2,0.07051333903283274,0.0,0.000293078994975191
2373,3,33.0,70.40238095238095,0.0564539169190332,0.0,2,0.06229200809230717,0.6666666666666666,0.00019957452173110927
2374,3,29.0,27116.333333333336,0.05922267245306543,0.0,2,0.06540778596117536,0.0,0.00022733506628770452
2375,2,28.0,32012.5,0.06292913466070496,0.0,2,0.07033404464301202,0.0,0.00014999470527892218
2376,3,30.0,2469.5,0.06449843976446319,0.0,2,0.07190514023528723,0.3333333333333333,0.0002065736145680826
2377,2,32.0,0.0,0.06150551557558704,0.0,2,0.0684108666865445,1.0,0.00014574817956503695
2378,3,30.0,22200.166666666668,0.05592157395458353,1.3141479342862714e-17,2,0.06108628092306379,0.0,0.00023468889136611993
2379,2,30.0,8.833333333333334,0.055915244261330196,1.495782999817559e-17,2,0.0607961324750206,0.0,0.000166582748937175
2380,2,32.0,20.88253968253968,0.060369057802761826,0.0,2,0.06724080365206103,0.0,0.00013595021255980566
2381,3,31.0,12327.2,0.06232101631195832,0.0,2,0.06986971289033887,0.3333333333333333,0.00021630479422166433
2382,13,30.0,121616.86291739592,0.06645501506672406,1.7556735639435188e-16,2,0.07694986107722511,0.012820512820512822,0.0008250606879719001
2383,5,29.0,144330.48528709286,0.07111085520160071,0.0,2,0.08251388297804785,0.3,0.00028323935609666357
2384,2,31.0,262.7303030303029,0.06237610010480195,0.0,2,0.07019030603987941,0.0,0.00014161536006594892
2385,2,31.0,262.7303030303029,0.06237610010480195,0.0,2,0.07019030603987941,0.0,0.00014161536006582426
2386,3,31.0,17268.666666666668,0.05296678317929363,2.2216398985745296e-17,2,0.05733680238043251,0.0,0.0002439578607296714
2387,4,31.0,153625.29930616828,0.057762914805547114,0.0,2,0.06680391565269936,0.0,0.0002935728087078217
2388,7,31.0,24036.42863193421,0.06421922936924757,4.6439195574412254e-17,2,0.07293466849313507,0.047619047619047616,0.00043197896065838917
2389,3,32.0,13078.868423489257,0.0615568653350114,0.0,2,0.06925142963237069,0.0,0.00020434727285131404
2390,2,32.0,4185.323906105968,0.05868098451012069,3.331796204052634e-17,2,0.06451630049621569,0.0,0.00016256535083919077
2391,1,29.0,0.0,0.0584152210673194,2.986529017498426e-18,1,0.063661264132179,0.0,9.301580263528368e-05
2392,5,28.0,21652.716940802457,0.06367702599930393,0.0,2,0.07166965995464439,0.2,0.00032940908426575634
2393,4,27.0,51770.63838255929,0.06612322477880844,3.345732105780713e-17,2,0.0751128132762722,0.16666666666666666,0.0002622267325631905
2394,3,28.0,4939.0,0.0620384789270106,9.264771474867928e-18,2,0.06903111954738209,0.3333333333333333,0.00022114438431431485
2395,2,31.0,9095.907239439304,0.06231865775198688,0.0,2,0.0697010219321742,0.0,0.00015339477693823069
2396,3,33.0,11964.652567903335,0.060126582278481014,0.0,2,0.06826730002580278,0.0,0.00022995319582164836
2397,5,32.0,12876.2297873174,0.05870469399881165,5.102163819525687e-17,2,0.06517217970472607,0.1,0.00035919456000928955
2398,2,31.0,17652.42502541262,0.06232337505046427,0.0,2,0.0698528437945224,0.0,0.00014536757803316927
2399,1,33.0,0.0,0.05545016780971837,0.0,1,0.06027264251442618,0.0,9.142130228113719e-05
2400,1,33.0,0.0,0.05545016780971837,0.0,1,0.06027264251442618,0.0,9.142130228113719e-05
2401,1,34.0,0.0,0.056773778329425824,1.5920101256994585e-17,1,0.06239609788638075,0.0,0.00011250795132569813
2402,2,30.0,2468.5,0.06449759766033006,0.0,2,0.07180392566038847,0.0,0.00014667627676668278
2403,2,30.0,0.0,0.06449759766033006,0.0,2,0.07180392566038847,1.0,0.00014093491247360446
2404,2,31.0,1658.9194011930142,0.05918081295748326,3.0775652685490206e-17,2,0.06520777544766025,0.0,0.00017507316927568782
2405,5,29.0,19742.418026489555,0.06497606145104436,0.0,2,0.07325659680549204,0.2,0.0003189436175293475
2406,2,32.0,1756.9749815145453,0.05439570119802678,0.0,2,0.05881672763916875,0.0,0.0001606345939270426
2407,4,29.0,9879.0,0.05920563771902491,4.5712556900582984e-17,2,0.06524825251216831,0.16666666666666666,0.00030113622671815583
2408,2,32.0,2472.5,0.050307035856492564,0.0,2,0.05395216858869419,0.0,0.00017157664974616472
2409,7,31.0,303843.15294072847,0.05637081498048702,0.0,2,0.06837645088414225,0.047619047619047616,0.000469988481645563
2410,1,32.0,0.0,0.0533632916725179,0.0,1,0.0622939200124442,0.0,8.742825699368472e-05
2411,2,31.0,20623.28813962089,0.05998275799264179,0.0,2,0.06826802887372235,0.0,0.00016195647060682428
2412,2,32.0,9234.190063254593,0.05863640679897446,0.0,2,0.06928155070261226,0.0,0.00016202223830055773
2413,2,35.0,3789.5766302289403,0.05069890597097641,2.04282488950122e-16,2,0.057991302766982486,0.0,0.00016280374769246436
2414,5,34.0,280379.0696043395,0.05324997305163307,1.0569637993927834e-15,2,0.062211512669038134,0.0,0.0003723303955114493
2415,2,33.0,18.016666666666666,0.05694261936049058,1.3779578631997409e-17,2,0.06248159330640482,0.0,0.00015694578352180687
2416,2,32.0,890.3629387232246,0.05867749943579328,5.6391619800187465e-18,2,0.0646366333797064,0.0,0.00016020976002301427
2417,2,30.0,21941.243136378842,0.05996892298727785,3.2674737677908667e-14,2,0.06713074665779484,0.0,0.00015531641380214274
2418,3,30.0,3336.4055246291086,0.0645625040841665,0.0,2,0.07263171629081046,0.0,0.0002022736137683255
2419,2,31.0,881.6296053898893,0.06232101631195832,0.0,2,0.06974488158129702,0.0,0.0001458428061318253
2420,2,32.0,23.161111111111108,0.06035356929054013,0.0,2,0.06697138009316382,0.0,0.00014044582226158708
2421,2,36.0,4939.0,0.04994186928170652,4.940531071213526e-17,1,0.05359415013142713,0.0,0.00022848683408544768
2422,1,37.0,0.0,0.04756677643615075,1.7678711601077692e-17,1,0.05056855089243861,0.0,0.00012746513156583516
2423,2,39.0,411.9023809523816,0.04663677130044843,0.0,2,0.055094872588506774,0.0,0.00017282917799403829
2424,1,31.0,0.0,0.061897005387796016,4.935898933894997e-16,1,0.07122908102702537,0.0,9.434225025312874e-05
2425,3,30.0,5850.508812305515,0.06598015252901658,3.622303610385312e-15,2,0.07831412662611828,0.0,0.00022582596414185904
2426,3,29.0,57777.38268469698,0.06824995509871375,0.0,3,0.08349000793518183,0.0,0.00018077048267955268
2427,2,34.0,4.0,0.05104993386243386,1.360703903551271e-18,2,0.058947006191962054,0.0,0.0001691160594469004
2428,3,31.0,14811.0,0.06340568084095956,0.0,2,0.07823009426743777,0.3333333333333333,0.0002140257619521974
2429,2,31.0,18164.99460475845,0.0650924998682338,0.0,2,0.08153235866066129,0.0,0.00013208037864332898
2430,1,32.0,0.0,0.05696757230499562,0.0,1,0.06608957740402775,0.0,7.98383025318149e-05
2431,2,34.0,4939.0,0.053096584191405664,4.9331676344945196e-17,1,0.05982931675617625,0.0,0.00022459581317944315
2432,2,33.0,9876.0,0.05607200826324332,1.9780406959103054e-17,1,0.06434393332568261,0.0,0.0002054067189910014
2433,2,32.0,4939.0,0.05939070427276443,4.621337824146257e-17,1,0.06956182367995072,0.0,0.0002004952446437554
2434,12,31.0,195924.08471521782,0.06308987113829964,7.508470309981368e-17,2,0.08195207622092716,0.01515151515151515,0.000739194415235826
2435,3,33.0,16518.28682121066,0.05559244212871788,0.0,2,0.0676397954496996,0.0,0.00020235175384311822
2436,3,31.0,36776.21204550877,0.06363929146537842,0.0,2,0.07988205398113842,0.0,0.00019500826510577318
2437,1,33.0,0.0,0.0580514001668684,0.0,1,0.07066781974453719,0.0,8.737252977116395e-05
2438,1,33.0,0.0,0.0580514001668684,0.0,1,0.07066781974453719,0.0,8.737252977116395e-05
2439,12,32.0,47914.156312433144,0.06162828413882582,1.6740021469819607e-16,2,0.07931498688529193,0.0,0.0008049078027042791
2440,3,32.0,39359.36344465733,0.06345617798558749,0.0,2,0.07728832303710238,0.0,0.0002275045236430271
2441,1,34.0,0.0,0.055710306406685235,0.0,1,0.06533786639977927,0.0,9.599638746643991e-05
2442,1,34.0,0.0,0.055710306406685235,0.0,1,0.06533786639977927,0.0,9.599638746643991e-05
2443,5,33.0,47804.47616695706,0.05899634557049705,0.0,2,0.07179820913992853,0.0,0.0003861068258049276
2444,5,31.0,9928.0,0.06196999347684279,9.973784393762617e-17,2,0.0715762365650218,0.1,0.00037835643367137864
2445,3,30.0,54149.0,0.06604013208026416,1.8931828690216435e-16,2,0.07771425440241186,0.0,0.00022983000348329353
2446,3,31.0,12265.681942928137,0.06314793746564573,1.6509989949755681e-18,2,0.07522485439995952,0.0,0.0002342599890497
2447,5,31.0,32179.644066070232,0.061103827029166564,2.4921486337224757e-17,2,0.07244843321021821,0.2,0.0002972332791331535
2448,2,32.0,153.80562770562742,0.05949083552108673,0.0,2,0.07341197283810671,0.0,0.0001345751359411469
2449,3,33.0,8253.306100968179,0.0581060258536528,0.0,2,0.07198144033447351,0.0,0.00020675831546556784
2450,5,33.0,8382.622817593527,0.05694852729263934,0.0,2,0.06892617896321492,0.2,0.00033052919268077447
2451,1,34.0,0.0,0.05388072073644257,0.0,1,0.06293614902768861,0.0,8.654818983533437e-05
2452,3,30.0,25190.193085182556,0.06523346714557363,0.0,2,0.08013998540059782,0.0,0.00020346498801131595
2453,1,32.0,0.0,0.05940641685506758,0.0,1,0.06971316356813273,0.0,8.52967081641665e-05
2454,4,31.0,34820.42576408899,0.06315762558011685,0.0,2,0.07703281201752384,0.0,0.00025853402863325255
2455,4,32.0,53882.229367588334,0.05907041815638116,0.0,2,0.06924417572432362,0.16666666666666666,0.00025659243077528647
2456,3,30.0,73418.56270092585,0.06687514383570917,5.566401679638849e-16,2,0.08214053138045499,0.3333333333333333,0.00019395201278476926
2457,6,30.0,147817.17834048808,0.06501283147989735,5.484922382093478e-16,2,0.07886554875670888,0.06666666666666667,0.000357574720837737
2458,9,29.0,477800.10399760853,0.06944444444444445,4.099946777308482e-15,2,0.08687574691558304,0.1111111111111111,0.0005342952184888556
2459,6,29.0,155364.55978227512,0.07041450481783454,1.3619147714432696e-14,2,0.08583514221003977,0.06666666666666667,0.0003843387746666306
2460,1,32.0,0.0,0.05939356048765239,1.0032384128686726e-17,1,0.06948229794253022,0.0,0.000100166157774546
2461,3,31.0,29609.0,0.06314309452291174,0.0,1,0.07657397261131602,0.0,0.00024638093186451305
2462,1,31.0,0.0,0.06143972936669818,8.715506494048039e-18,1,0.07106765473380854,0.0,0.00010213308178358338
2463,3,30.0,14273.526326910493,0.06546080964685616,8.808090645832149e-17,2,0.0780966540544351,0.0,0.000253323016602299
2464,4,28.0,9877.0,0.0724255219329111,2.0569572250506158e-16,2,0.08661105209904281,0.16666666666666666,0.0002922626352089252
2465,5,33.0,35685.89736949751,0.056773778329425824,0.0,3,0.06812029568769627,0.3,0.00031799345895025034
2466,1,33.0,0.0,0.05676334053408098,0.0,1,0.06740167220591539,0.0,8.274130234400038e-05
2467,1,33.0,0.0,0.05676334053408098,0.0,1,0.06740167220591539,0.0,8.274130234400038e-05
2468,3,30.0,4939.0,0.0647563117741132,0.0,2,0.0780811851295429,0.3333333333333333,0.00020916227282163468
2469,3,32.0,5411.764928978049,0.05923900660742766,0.0,2,0.07330262966525995,0.0,0.0001918955974898714
2470,1,33.0,0.0,0.05603130493960188,1.0565856999807565e-17,1,0.06643599496598887,0.0,9.532930005084194e-05
2471,3,32.0,19715.999999999996,0.05935645110902843,0.0,2,0.07311754107409728,0.0,0.00022930966931022706
2472,3,33.0,4939.0,0.05732254957704313,0.0,2,0.0698256069482312,0.3333333333333333,0.0002334304593315798
2473,3,32.0,28869.20603553315,0.05969716378049812,2.1704986144684828e-17,2,0.06899673386012288,0.0,0.00021916099750097368
2474,7,30.0,170140.68572361808,0.06769256066980008,1.868256662373341e-15,2,0.08161396087345901,0.047619047619047616,0.00047279618783844883
2475,5,29.0,256514.02922931925,0.0719057946754778,1.2610020024393352e-14,2,0.08668737903357589,0.1,0.0003216986709174596
2476,3,31.0,21456.212540409484,0.06344069450865568,2.2428571799243673e-16,2,0.0743271061469132,0.0,0.00021794576318336927
2477,3,31.0,21456.212540409484,0.06344069450865568,2.264461470890761e-16,2,0.0743271061469132,0.0,0.0002179457631833035
2478,2,33.0,0.0,0.05374472344314374,0.0,2,0.06310906188154197,1.0,0.00013697602442318854
2479,3,32.0,9877.0,0.059611439604199346,1.284567875523644e-16,1,0.06794659597757047,0.0,0.00030468998303629036
2480,3,31.0,19747.0,0.0633861551292744,5.321622537740702e-16,1,0.07382238050581423,0.0,0.00026810739326700567
2481,1,33.0,0.0,0.056258470088487514,1.178205056242791e-17,1,0.06284396212800429,0.0,0.00011668705560650749
2482,1,32.0,0.0,0.059608562395926344,6.832693571170374e-17,1,0.06767669044450711,0.0,0.00010632198850522758
2483,3,31.0,14811.0,0.06379132231404959,1.99370410865831e-16,2,0.07565012178438026,0.3333333333333333,0.00022613078382733619
2484,4,33.0,59325.5,0.05758582502768549,0.0,2,0.06899946897699653,0.0,0.0002929548383316208
2485,8,29.0,83833.91375154085,0.06668466522678186,0.0,3,0.08290113417196134,0.03571428571428571,0.0004602805370024229
2486,4,27.0,57076.337572126424,0.07547746371275783,5.862635459600775e-16,2,0.09163589449085564,0.3333333333333333,0.0002525650383696848
2487,3,30.0,9876.0,0.06684889983490758,5.716572856620197e-16,2,0.08184459924241769,0.3333333333333333,0.00020881347852055323
2488,5,32.0,34416.6125470423,0.061203756473474244,0.0,2,0.07492450511347082,0.2,0.0003266478341482341
2489,7,31.0,158230.99507689636,0.06506335115770619,0.0,2,0.08267678684340374,0.047619047619047616,0.0004482346550104173
2490,6,32.0,52502.85555606847,0.056837139734223094,0.0,2,0.06950980064774355,0.0,0.0004014021012590886
2491,1,34.0,0.0,0.0514079963369201,1.8707671775068804e-17,1,0.05767196281229501,0.0,0.0001161647069366383
2492,3,33.0,11519.277851209581,0.05688950308055508,0.0,2,0.06805999545083155,0.0,0.0002278921864110031
2493,8,32.0,46420.97893632069,0.06028507273259787,3.3042704981561924e-18,2,0.07442866388004028,0.03571428571428571,0.0005750288358854737
2494,3,31.0,18200.641623362328,0.06151317427902575,0.0,3,0.07578073852858042,0.0,0.00016816523168383085
2495,4,33.0,14813.999999999996,0.05378451354411637,4.322506344108993e-17,1,0.06360686086618338,0.0,0.00035937135893257305
2496,3,30.0,19128.584613347935,0.06266411274466277,0.0,3,0.0759628361085163,0.0,0.0001793158884308898
2497,4,32.0,23560.664839652247,0.05699123211813567,0.0,2,0.06685784422492592,0.0,0.0003105780073235338
2498,4,33.0,12512.627281508498,0.05381380857970762,0.0,2,0.064212702393078,0.0,0.00027694108276378075
2499,3,30.0,4939.0,0.06570721715304195,3.751045340630425e-19,2,0.08008332741256605,0.3333333333333333,0.00020187247815609094
2500,6,34.0,14814.0,0.05302534267896053,1.940468921928211e-17,3,0.0631002374112665,0.2,0.00041792915077078577
2501,3,31.0,72480.29901854949,0.06278118089622042,0.0,2,0.07410351954832704,0.0,0.00022338851935053698
2502,7,30.0,136311.9307962106,0.0669385764034743,3.9622043551384075e-16,2,0.08090040518013235,0.0,0.0005057822860579179
2503,3,29.0,185706.95701481638,0.07109959700633275,1.929488269541062e-15,2,0.0860973193312387,0.0,0.00020380998132205893
2504,3,30.0,4939.0,0.06602247971880304,2.192616540514489e-16,2,0.07747374929348572,0.3333333333333333,0.00023171237842082071
2505,5,32.0,86493.73721129958,0.061046439781518004,0.0,2,0.07477003116624703,0.1,0.00033092468299754244
2506,3,34.0,9877.0,0.05334139573052877,4.255033024057075e-17,1,0.0631642238749271,0.0,0.00028654521884171897
2507,1,31.0,0.0,0.06121361569249452,2.4830285931498074e-16,1,0.06885311401276711,0.0,0.0001084139426593851
2508,3,30.0,9877.0,0.06520419207518281,1.853613899479551e-15,1,0.07510304623116894,0.0,0.0002754907608698776
2509,4,33.0,17644.218958556892,0.05722427513987512,1.5244888024754765e-18,2,0.06746353869841008,0.0,0.0003350004518961121
2510,1,34.0,0.0,0.0541274954528521,0.0,1,0.06197216145178435,0.0,0.00010154582310752107
2511,1,34.0,0.0,0.0541274954528521,0.0,1,0.06197216145178435,0.0,0.00010154582310752107
2512,1,37.0,0.0,0.04775069112842423,1.47459159691781e-17,1,0.053248486620590695,0.0,0.00011516034860218498
2513,3,32.0,7284.83472880929,0.056395913008733374,0.0,2,0.06766000912846712,0.0,0.00018498428720329225
2514,2,32.0,0.0,0.05729462659908839,0.0,2,0.06728892213494278,1.0,0.00013298194241478985
2515,5,32.0,24110.80151940672,0.05771634868152025,0.0,2,0.06917281439604624,0.2,0.00031260964637044083
2516,3,30.0,9877.0,0.06520419207518281,1.85177836648119e-15,1,0.07510304623116894,0.0,0.00027549076086987755
2517,1,31.0,0.0,0.06121361569249452,2.4832254841988537e-16,1,0.06885311401276711,0.0,0.0001084139426593851
2518,1,31.0,0.0,0.06121361569249452,2.483433073888885e-16,1,0.06885311401276711,0.0,0.0001084139426593851
2519,7,29.0,44093.85831420042,0.06974741270984229,1.3343782250299534e-14,2,0.08280309578992036,0.047619047619047616,0.0005009433163355993
2520,3,31.0,0.0,0.06037643607919824,0.0,3,0.07188296222765725,1.0,0.00017322973405885803
2521,5,32.0,77344.95931171866,0.06255777729937823,0.0,2,0.07781305933037556,0.0,0.0003561200852862097
2522,8,31.0,339298.4517069985,0.06496580746975276,7.143551147185908e-17,2,0.08250349278969017,0.03571428571428571,0.0005147668136595306
2523,1,30.0,0.0,0.06842673906418816,2.783632139389361e-16,1,0.08096894813072997,0.0,8.770478681627605e-05
2524,3,31.0,38434.582677691236,0.06364339087863953,0.0,2,0.08001700674767012,0.0,0.00018462713727764363
2525,2,30.0,0.0,0.06684528158913156,5.50418949293922e-16,2,0.08165903918843666,1.0,0.00013207957780846924
2526,1,37.0,0.0,0.04775161427521943,0.0,1,0.05329909390804012,0.0,0.00010624944266284572
2527,6,29.0,129482.33087315976,0.06877157812674017,3.727062631676419e-17,2,0.08376420690931455,0.06666666666666667,0.0003908690989959919
2528,6,27.0,3260935.501058816,0.07877280265339967,3.869182730440081e-15,3,0.09747041803495528,0.13333333333333333,0.0003516146576664529
2529,5,31.0,43846.404642640045,0.0628978864272982,0.0,3,0.08067471993567414,0.3,0.00027997334682348615
2530,8,33.0,47088.81068347724,0.05598812235784797,0.0,3,0.06877286081688011,0.21428571428571427,0.0004491583461753829
2531,4,34.0,14842.496031746045,0.05302591185247204,0.0,2,0.06296528464473469,0.16666666666666666,0.0002555150658854928
2532,2,28.0,1054768.905264857,0.07803121248499399,7.072541360368301e-14,2,0.09183916734486042,0.0,0.00013763045604653964
2533,10,30.0,174659.85458084635,0.06401866131017948,0.0,3,0.07876435132760737,0.2,0.0005456477559590689
2534,6,31.0,41056.7935796525,0.060775315871707494,0.0,2,0.0740222122634304,0.13333333333333333,0.00038913834585148436
2535,1,34.0,0.0,0.05342735393999697,4.563765484917581e-18,1,0.0633288332196985,0.0,9.624412921266557e-05
2536,3,33.0,27831.822958561886,0.05644230659369537,4.243703245936285e-17,2,0.0693063072897415,0.0,0.00023253847811669884
2537,3,30.0,5863.631940837538,0.06390437628552578,0.0,2,0.07572862412183975,0.3333333333333333,0.000198552234940729
2538,9,29.0,305358.2842554921,0.07028026746336606,3.184757905725762e-16,3,0.08960148119065021,0.08333333333333333,0.0004929753086048023
2539,3,28.0,231842.66452346486,0.07423101774632226,2.0178418078463e-15,3,0.09081987107828773,0.0,0.00018121046957005158
2540,1,35.0,0.0,0.05164338880990215,1.6031124866303852e-18,1,0.05827536584081594,0.0,0.00011632277390551976
2541,2,33.0,19744.0,0.05758649631632939,4.591934482496563e-19,1,0.06779718269683391,0.0,0.00018730731867024408
2542,13,29.0,274125.47857642436,0.06802533737262462,0.0,3,0.08458425950008082,0.10256410256410257,0.000725861925521784
2543,6,27.0,3436528.366715567,0.07802628253727571,5.613916600817837e-16,3,0.0969741762527589,0.2,0.000360320996267874
2544,7,30.0,51961.98648981156,0.06575532098979062,1.0831600728668821e-16,2,0.08122512421225761,0.14285714285714285,0.0004161570583898629
2545,9,31.0,63380.08959285614,0.06322309818777516,1.6456683150947305e-16,2,0.08171430847809863,0.0,0.0005343036979159274
2546,1,30.0,0.0,0.06389032591826177,0.0,1,0.07526978471563191,0.0,8.484184308088903e-05
2547,1,30.0,0.0,0.06389032591826177,0.0,1,0.07526978471563191,0.0,8.484184308088903e-05
2548,9,29.0,62453.842179214196,0.06824995509871375,1.3836112137064085e-17,2,0.08405006191628825,0.05555555555555555,0.0005768853458959274
2549,5,28.0,178861.26528715563,0.07340594677325883,8.948717490472153e-16,3,0.08930146591531789,0.0,0.0003262197219319236
2550,7,30.0,84423.16541725185,0.067543547813722,2.577289902483644e-17,3,0.08490341137961953,0.047619047619047616,0.0004185936800888264
2551,5,29.0,155638.68103246082,0.06945811422625911,1.514841355420272e-17,3,0.0864431703899418,0.1,0.0002871762723399547
2552,3,31.0,4992.733333333334,0.06508049429557611,2.216980859010543e-16,2,0.07695480631178139,0.0,0.00023050288414466262
2553,19,32.0,55402.80641419463,0.05921486364998502,4.897669362232257e-16,3,0.07622784547509127,0.06432748538011696,0.0010009825834507813
2554,10,30.0,279601.54026058404,0.0669086574926861,0.0,3,0.0889562017430816,0.0,0.0005564817827954907
2555,1,33.0,0.0,0.056258470088487514,1.3297322093954854e-17,1,0.06284396212800429,0.0,0.00011668705560650749
2556,3,31.0,6230.5156783118255,0.06371644890430925,0.0,3,0.07708551402366147,0.3333333333333333,0.00019227476466186945
2557,3,27.0,1412145.2238510111,0.07911468426194328,5.169894504863785e-13,2,0.09325223707429395,0.0,0.00019497342862593957
2558,4,28.0,374160.6983275762,0.07458517657361134,7.429070356396156e-14,2,0.08933921789336126,0.16666666666666666,0.00025556629692667193
2559,7,31.0,101896.85710748905,0.06427772139381165,2.524396355454585e-16,2,0.07863951882298688,0.047619047619047616,0.0004962854603665052
2560,3,30.0,58562.15097606372,0.06621628867084875,1.6132958392323506e-16,2,0.07852858851634108,0.0,0.00019028074423529324
2561,9,30.0,118845.6648525595,0.06539408540944111,0.0,3,0.08274007536910888,0.05555555555555555,0.0005003278199518857
2562,7,33.0,85344.40950235727,0.06057187699249596,0.0,2,0.07476117566357854,0.047619047619047616,0.0004931008000284863
2563,4,31.0,26802.749542485995,0.062226029122789336,6.036307534052705e-17,2,0.0750609219028476,0.0,0.00029511381253709165
2564,3,32.0,14813.0,0.05729794933655006,1.6350806119673568e-17,1,0.06734812588631948,0.0,0.00026050970895560464
2565,4,31.0,35086.59095701986,0.06101025071013956,1.517721074969698e-16,2,0.07137406897795906,0.0,0.0003264209300886232
2566,1,30.0,0.0,0.06245811892329283,2.4631970153104923e-16,1,0.0710032888082286,0.0,0.00010112772502485879
2567,3,29.0,22391.871838663745,0.06661811904954554,1.8183416723495062e-15,2,0.07790925191742659,0.0,0.00024977469863032023
2568,1,31.0,0.0,0.05877873494836038,5.1102528125258606e-17,1,0.06554568136767469,0.0,0.00011774710405132652
2569,3,29.0,19748.0,0.06660554416999245,1.8177656794184994e-15,1,0.0777868304792157,0.0,0.000265332781655752
2570,1,31.0,0.0,0.05878293153097408,3.425708558994082e-17,1,0.06563484658841884,0.0,0.00011382710232722103
2571,1,31.0,0.0,0.05877873494836038,5.15456756875716e-17,1,0.06554568136767469,0.0,0.00011774710405132652
2572,3,29.0,19748.0,0.06660554416999245,1.8193527078906946e-15,1,0.0777868304792157,0.0,0.000265332781655752
2573,1,31.0,0.0,0.05877873494836038,5.073985720494983e-17,1,0.06554568136767469,0.0,0.00011774710405132652
2574,8,31.0,63935.54119465006,0.062404466846047925,0.0,3,0.07791298735639407,0.14285714285714285,0.0005154030225515951
2575,13,30.0,164975.97208740417,0.06650242989647699,2.485372978097671e-16,2,0.08606881385831096,0.012820512820512822,0.0008201106321293334
2576,6,33.0,16609.3554041845,0.05800981704596162,0.0,2,0.07003081231925158,0.2,0.0003883252538918163
2577,5,33.0,20965.9900644332,0.05732720605301026,2.254331061665151e-17,2,0.07005390204494726,0.0,0.0003879255253935119
2578,3,31.0,14813.0,0.06313825232295088,0.0,1,0.07647950567474383,0.0,0.0002537774732433646
2579,4,34.0,4939.0,0.053024204368593356,0.0,3,0.0628978082614688,0.5,0.00026606894121084857
2580,1,35.0,0.0,0.05035472559732529,0.0,1,0.05797609279955929,0.0,8.689787708690715e-05
2581,1,31.0,0.0,0.062356416147029865,0.0,1,0.07612679109651352,0.0,8.398084533421786e-05
2582,1,33.0,0.0,0.057581126445356214,2.5003294705616065e-18,1,0.06753402480209726,0.0,0.0001013427718443009
2583,3,32.0,29609.0,0.06109853685082805,0.0,1,0.07419676127138111,0.0,0.00025053368740481574
2584,3,30.0,89631.04615435745,0.06632742115227111,0.0,3,0.08346577842371256,0.0,0.00017289469912689327
2585,13,31.0,314216.2396018713,0.0637674424608553,0.0,3,0.08113244711754608,0.14102564102564102,0.000695365258346932
2586,10,30.0,464689.69768700446,0.06738691547989305,9.575959503538547e-17,2,0.08585294901466953,0.044444444444444446,0.0006033670513692803
2587,1,33.0,0.0,0.0562366950126931,0.0,1,0.06765003598865428,0.0,9.031131687872832e-05
2588,5,32.0,41918.748856144884,0.05958699218373058,0.0,2,0.07505352053398606,0.1,0.0003526652341125613
2589,1,37.0,0.0,0.04775161427521943,0.0,1,0.05329909390804012,0.0,0.00010624944266280017
2590,3,32.0,19747.0,0.05939927374167328,5.2498668761659237e-17,1,0.06982980131634944,0.0,0.000280924486976999
2591,3,30.0,30973.795971904645,0.06766752506711961,3.536049773570879e-15,2,0.08108412866075455,0.0,0.00021545875563890705
2592,2,31.0,41.261904761904745,0.06256966257979532,0.0,2,0.07739236800959745,0.0,0.00013444286124841747
2593,7,28.0,330110.7351959344,0.07134913413348354,1.3184812050322924e-14,2,0.08635632842646865,0.047619047619047616,0.0004957383581512302
2594,3,26.0,2346002.324442476,0.0809437981320662,5.313695263396868e-13,2,0.09551194482059137,0.0,0.00020180429221067334
2595,9,31.0,65034.36148806697,0.06040818323000355,0.0,3,0.07300692598320008,0.16666666666666666,0.0005239066812585291
2596,8,31.0,106749.56488178777,0.06291871513360675,0.0,3,0.08134418205250468,0.07142857142857142,0.0004547614402892012
2597,3,31.0,2882.7207164284746,0.0624155053255335,0.0,2,0.07721870357000499,0.0,0.00018972315157854617
2598,1,31.0,0.0,0.061897005387796016,4.943854925387221e-16,1,0.07122908102702537,0.0,9.434225025307599e-05
2599,3,30.0,5850.508812305513,0.06598015252901658,3.6196504791311205e-15,2,0.07831412662611828,0.0,0.00022582596414172354
2600,2,30.0,4939.0,0.06434889082832915,7.479616721514329e-18,1,0.07546900311452703,0.0,0.0001746158003210056
2601,5,31.0,69496.78422166192,0.0630214579134029,0.0,2,0.08060238115665712,0.1,0.00031034990879592867
2602,1,30.0,0.0,0.06520074967663596,1.7277941705436163e-15,1,0.07483314069810552,0.0,9.118705834892292e-05
2603,3,30.0,8565.634018260707,0.06631317538089805,5.947246424023121e-17,2,0.08215654712496359,0.0,0.00020809083069569487
2604,8,29.0,574410.3042614456,0.07068351242684828,1.5357593424822308e-15,2,0.08620603086107068,0.07142857142857142,0.0005104762612868385
2605,4,27.0,2272683.1237627864,0.08035786905246035,7.60309424406641e-14,2,0.0966672204292082,0.16666666666666666,0.0002523776700154932
2606,7,27.0,2477882.327241845,0.0796260477111541,1.483020452108249e-14,3,0.09871848521396694,0.09523809523809523,0.00040217973448599976
2607,8,28.0,577840.2403222205,0.07479635405626382,2.4446878591752987e-15,3,0.09462969672471011,0.0,0.0004886299680583113
2608,10,29.0,475717.3248862122,0.07075741950269279,7.801456835900275e-16,3,0.09167806542391181,0.0,0.0006025795980507488
2609,3,30.0,9876.0,0.06602336211274759,2.061318416963093e-16,2,0.07750748748511864,0.3333333333333333,0.00023120290973701956
2610,1,35.0,0.0,0.05040096312771645,1.1980607421572187e-18,1,0.05740837691698964,0.0,0.00010791885090657931
2611,6,29.0,164401.76181378838,0.07345178797115456,2.3614772092659673e-15,2,0.09067732530473548,0.0,0.00040479924520014216
2612,4,28.0,1191726.5947504474,0.07802751496580373,1.2192391164163882e-14,2,0.09488439244197844,0.16666666666666666,0.0002448459177549092
2613,1,31.0,0.0,0.06121361569249452,2.479962004549299e-16,1,0.06885311401276711,0.0,0.0001084139426593851
2614,3,31.0,9876.0,0.06465291592503403,3.217216056773778e-17,2,0.07960813409979704,0.3333333333333333,0.00021402957124604428
2615,1,35.0,0.0,0.05278341703173416,0.0,1,0.06074539784974806,0.0,9.889723644579946e-05
2616,4,34.0,39823.41084160928,0.05572413170748215,0.0,2,0.06607673279654055,0.0,0.00032253651466446166
2617,12,30.0,601132.098464945,0.06901176273364812,1.303069700557053e-15,2,0.08848603016277354,0.0606060606060606,0.0007236725032861918
2618,3,28.0,362045.24923581944,0.07718388200553099,1.2350029623872308e-14,2,0.09314522863916493,0.3333333333333333,0.00019336371700744858
2619,3,32.0,15742.713705344016,0.059361443901032214,0.0,2,0.07328623203226194,0.0,0.00020648870461632585
2620,3,31.0,27416.36758540073,0.06170834686586554,0.0,2,0.07414178698517165,0.0,0.00021695905395664706
2621,4,30.0,24278.18206499443,0.06594140025362077,0.0,3,0.08053501794498061,0.16666666666666666,0.0002631698692441461
2622,4,33.0,45339.41218758037,0.056343811305260276,8.742307706195881e-18,2,0.06882966404994063,0.0,0.00031321753090841973
2623,3,30.0,68517.5129854699,0.06650153465079964,0.0,2,0.08390665374349056,0.0,0.00021149852947890957
2624,3,30.0,58754.36298546981,0.06649884905838169,0.0,2,0.08383917736022473,0.0,0.00019855245379001295
2625,1,33.0,0.0,0.05720969553787537,0.0,1,0.06682588687654818,0.0,9.383354324711909e-05
2626,1,33.0,0.0,0.05720969553787537,0.0,1,0.06682588687654818,0.0,9.383354324711909e-05
2627,6,32.0,55525.11195327546,0.06068050608033411,0.0,2,0.07367977690909144,0.0,0.0004480610553001895
2628,2,32.0,9876.0,0.05637660485021398,1.8764116753420813e-17,1,0.06307177682355146,0.0,0.00021095154033834543
2629,4,33.0,28251.631788258546,0.055983046429664216,0.0,2,0.06886365587371189,0.0,0.0002692524913677506
2630,1,34.0,0.0,0.05354955501837379,2.0889644091307116e-17,1,0.05947718137918783,0.0,0.00011969045032806024
2631,3,31.0,6401.173205470525,0.06228408603777391,0.0,2,0.07579589430786052,0.0,0.00024250799083753533
2632,2,31.0,4939.0,0.06266252299105728,1.4562223937138283e-16,1,0.07390223417620674,0.0,0.00018055035461666817
2633,2,32.0,130.08025308025316,0.05952237511145384,0.0,2,0.07384719551017153,0.0,0.00014973779905716448
2634,1,32.0,0.0,0.05863292701743558,6.8523939963151364e-18,1,0.06883359723570118,0.0,9.906882448355899e-05
2635,1,34.0,0.0,0.052827444606039865,1.3098302586045608e-18,1,0.06175499123685817,0.0,9.755747010350651e-05
2636,2,33.0,7531.372046991429,0.055917143018846566,4.603902864764583e-18,2,0.06672543455892788,0.0,0.000144125396036217
2637,2,31.0,18164.99460475845,0.0650924998682338,0.0,2,0.08153235866066129,0.0,0.00013208037864324948
2638,3,33.0,18275.97482829601,0.05577320402379958,9.164385390525386e-18,2,0.06729852102990974,0.0,0.00023717379890785602
2639,2,33.0,188.25792743475196,0.05806231708607092,0.0,2,0.07097821110756013,0.0,0.00014174294905987354
2640,3,34.0,19747.0,0.05307547676604889,4.3390190380881246e-17,1,0.061916028469342146,0.0,0.00027374337821287623
2641,3,33.0,14691.70306579495,0.059076775890935185,0.0,2,0.07169647944811786,0.0,0.00024059337946787262
2642,1,31.0,0.0,0.06340161199240207,1.9924124369698288e-16,1,0.07360462687180236,0.0,8.776919274570222e-05
2643,4,32.0,23701.201950574512,0.05941356168667164,1.2725877771726851e-17,2,0.06975596987645884,0.0,0.0003120644731148129
2644,4,33.0,9887.0,0.056101937447475415,6.021477455959435e-18,2,0.0647878061893722,0.0,0.0003372811337828748
2645,6,32.0,70932.31601715574,0.05910929236365377,0.0,2,0.0691401145916505,0.0,0.00046094238553518336
2646,3,34.0,7596.421408758005,0.053854288174950124,0.0,2,0.0631766501944476,0.0,0.00024749451170002427
2647,8,33.0,36381.556043956036,0.05582236284535849,9.22388932621268e-17,2,0.06435767144094733,0.0,0.0007098206203349234
2648,5,33.0,17196.938687671656,0.056116595290295467,0.0,2,0.06528150839360079,0.0,0.0003950435914825225
2649,4,34.0,10099.038260432379,0.05314570961356399,0.0,2,0.06079216081305134,0.0,0.00035153513045398696
2650,2,31.0,2.0,0.0640518638573744,9.527829830740698e-17,2,0.0739958781849039,0.0,0.00016855732340276405
2651,2,30.0,4939.0,0.06608430430885717,5.119116742956658e-17,1,0.08094441820498455,0.0,0.00016811269813164827
2652,2,32.0,0.0,0.05636052481460354,0.0,2,0.06698524529580865,1.0,0.00012049000587800681
2653,2,30.0,4939.0,0.06510107798951002,7.233108679754502e-17,1,0.07617314515218146,0.0,0.00019409919517901996
2654,3,29.0,23235.038098470923,0.06962944169591385,3.425964457422407e-16,2,0.08421466771172939,0.0,0.00023691043983419034
2655,6,30.0,37407.26511232619,0.06408011311307416,0.0,3,0.0775379804200624,0.13333333333333333,0.0003489507282967591
2656,3,32.0,9877.0,0.05962870868840982,7.387215685603817e-17,1,0.07093014159685185,0.0,0.0002751276765300082
2657,5,32.0,3716.1874142572874,0.058959027056703306,0.0,3,0.07225826916745826,0.4,0.00026558305795906047
2658,2,33.0,4939.0,0.05419459589920244,3.636488236088584e-17,1,0.06207567988378766,0.0,0.00020348149401385197
2659,2,32.0,9876.0,0.057296620195318844,0.0,1,0.06721317311978779,0.0,0.00017129263926562378
2660,2,37.0,0.5,0.04679182374448254,2.614344516734311e-17,2,0.05178408086592885,0.0,0.0001856585132449018
2661,1,33.0,0.0,0.05606182688924952,1.832523218146217e-17,1,0.06402703531141615,0.0,0.00011556870605318022
2662,12,30.0,99125.75598667281,0.06606486125041793,0.0,3,0.08267238250415905,0.16666666666666666,0.0006215084706370365
2663,1,32.0,0.0,0.05877453896490185,1.9242173522760998e-17,1,0.06950089885838368,0.0,8.729081324990718e-05
2664,1,30.0,0.0,0.06353370887671374,0.0,1,0.07372602033785947,0.0,9.434265282332899e-05
2665,1,30.0,0.0,0.06353370887671374,0.0,1,0.07372602033785947,0.0,9.434265282332899e-05
2666,2,30.0,4939.0,0.062448644207066556,2.848620394058391e-16,1,0.07105606497942585,0.0,0.00020562088699235044
2667,1,34.0,0.0,0.05140906631145153,1.813504170789149e-17,1,0.05769895336560137,0.0,0.00011683786203547967
2668,3,31.0,4939.0,0.062443907926836975,0.0,2,0.07682473395628853,0.3333333333333333,0.00020093853942461593
2669,1,33.0,0.0,0.05627385088568662,7.466393117730937e-18,1,0.06500772185384372,0.0,0.00010831106876310219
2670,5,32.0,15857.621278120414,0.05799483446818502,0.0,3,0.07017977634969308,0.3,0.00028193521212492573
2671,6,32.0,41516.03297571437,0.05763016367433124,0.0,2,0.06746923277264007,0.2,0.0003614487665744123
2672,3,32.0,5673.089935655964,0.060083435702209954,3.319374979985573e-17,2,0.0732287892315053,0.0,0.00021530906204906912
2673,1,33.0,0.0,0.056678675508846005,6.542449067842802e-18,1,0.06668164356006505,0.0,9.136246132682392e-05
2674,5,32.0,5763.577382266835,0.060083435702209954,0.0,3,0.07347111748101103,0.3,0.0003061200062458011
2675,1,33.0,0.0,0.05448509380480219,0.0,1,0.06171982874650438,0.0,8.145428731616252e-05
2676,1,31.0,0.0,0.060993678387988935,8.132589419042954e-17,1,0.07065881931534088,0.0,9.603995063498429e-05
2677,3,30.0,36756.12816133599,0.0649547026415789,5.405796350130222e-16,2,0.07784055036328942,0.0,0.00023181784784258262
2678,2,34.0,0.0,0.052277898301497434,8.247482944909758e-19,2,0.05867636944204487,1.0,0.00015892315562766857
2679,1,30.0,0.0,0.06351982101297399,5.3383358074009856e-18,1,0.07339514507277367,0.0,9.990428188135173e-05
2680,3,29.0,39463.0,0.06782732864674869,0.0,1,0.08101556211559532,0.0,0.0002454566640061427
2681,1,32.0,0.0,0.058354497667001355,0.0,1,0.06568703770240235,0.0,9.467882080372591e-05
2682,1,33.0,0.0,0.0580514001668684,0.0,1,0.07066781974453719,0.0,8.737252977116395e-05
2683,1,33.0,0.0,0.0580514001668684,0.0,1,0.07066781974453719,0.0,8.737252977116395e-05
2684,2,31.0,0.0,0.0621500912121784,0.0,2,0.07480603627969613,1.0,0.0001250048501689192
2685,3,31.0,44386.0,0.06197077087122875,8.344478218322626e-18,2,0.0714716481709597,0.0,0.0002261592521838064
2686,3,32.0,39457.5,0.05836621848342352,1.3258482306380637e-17,2,0.06617334963608253,0.0,0.0002342185778581399
2687,7,33.0,20173.77539682539,0.05616316878510198,0.0,2,0.06947324090585946,0.14285714285714285,0.0004302657299479314
2688,1,35.0,0.0,0.05164500852038096,0.0,1,0.058725094288191275,0.0,0.00010587934426535533
2689,1,35.0,0.0,0.05164500852038096,5.729527388127828e-19,1,0.058725094288191275,0.0,0.00010587934426535533
2690,1,33.0,0.0,0.05515732118532413,0.0,1,0.06280232095465554,0.0,8.852339317570364e-05
2691,4,32.0,24679.0,0.05837656429103199,2.7704163395515043e-18,2,0.06831885193666408,0.16666666666666666,0.0002737184286875664
2692,6,32.0,14812.999999999996,0.058998459351972385,0.0,3,0.07209216109649187,0.26666666666666666,0.0003859961331487278
2693,5,32.0,12927.215383465815,0.05877453896490185,1.9284342428101208e-17,2,0.07101770417689325,0.3,0.0002818243841378016
2694,5,31.0,19750.0,0.061245490273869004,1.1485227555814992e-16,1,0.07286456113871884,0.0,0.00045313889199089067
2695,1,32.0,0.0,0.058699113572090594,7.205776465763118e-18,1,0.06867464773780368,0.0,0.00010791965923210946
2696,2,31.0,0.0,0.06100799031776024,4.367420902572661e-17,2,0.0710759679561738,1.0,0.00013773140974938873
2697,7,32.0,25209.247474745487,0.05942785650698939,0.0,3,0.07082989771118284,0.19047619047619047,0.0004156725400014813
2698,2,32.0,4939.0,0.05934789399072539,0.0,1,0.07284956343769858,0.0,0.00016989796400753248
2699,1,33.0,0.0,0.056023679644351704,2.373699038821998e-17,1,0.06630465700570354,0.0,0.00010256486178280194
2700,2,32.0,4939.0,0.0590189003846981,4.8321404740139174e-17,1,0.06829251773319213,0.0,0.00018479084943005285
2701,2,32.0,30401.328237573598,0.059529547864648605,0.0,2,0.0739923899094725,0.0,0.00014860373362512557
2702,3,32.0,51822.55867120246,0.05947722648301769,0.0,2,0.07385952569766091,0.0,0.00023062267814853685
2703,5,30.0,51326.62748917748,0.06496409878751216,5.433213969448383e-16,2,0.07821600823874729,0.2,0.00030260711727616495
2704,3,29.0,24679.0,0.06660734029069924,1.819187934844457e-15,1,0.07781382103252203,0.0,0.0002632207191800878
2705,1,31.0,0.0,0.061971548285119304,0.0,1,0.07377657556870103,0.0,7.43817437497348e-05
2706,2,33.0,0.0,0.055230705589034354,0.0,2,0.06558353032466457,1.0,0.0001257768010116312
2707,1,32.0,0.0,0.058354497667001355,0.0,1,0.06568703770240235,0.0,9.467882080372591e-05
2708,1,31.0,0.0,0.06194978806651451,3.019702005946886e-17,1,0.07078338906164783,0.0,9.54767280665324e-05
2709,3,31.0,68571.5627009243,0.06271821240398655,1.1548509939671907e-16,2,0.07472496407788398,0.0,0.00021837329991605773
2710,4,32.0,2.5,0.059950001213562774,0.0,3,0.07264693098374768,0.6666666666666666,0.00023110462056084464
2711,4,32.0,9877.0,0.05833864758260705,7.626532882326057e-17,2,0.06583090699100844,0.16666666666666666,0.00034676289274956283
2712,1,29.0,0.0,0.06753523726195196,1.9579966897996092e-17,1,0.07817257907524446,0.0,9.246403706149848e-05
2713,1,29.0,0.0,0.06753523726195196,1.688596266265593e-17,1,0.07817257907524446,0.0,9.246403706149848e-05
2714,2,34.0,0.0,0.052277898301497434,4.667489328267222e-19,2,0.05867636944204487,1.0,0.00015892315562757834
2715,4,33.0,5887.660386817484,0.05541595620568967,1.670716807629235e-17,2,0.06600407834389675,0.3333333333333333,0.0002824927075938597
2716,3,34.0,0.0,0.05372543475187332,0.0,3,0.06251527210883581,1.0,0.00019480872715632063
2717,10,32.0,244103.93397133946,0.060178586655946595,0.0,2,0.0748535798732032,0.06666666666666667,0.0006162714736988253
2718,1,31.0,0.0,0.0608187134502924,6.806646335376095e-18,1,0.07083395277028387,0.0,8.962087104573294e-05
2719,2,33.0,0.0,0.056769863706359606,0.0,2,0.06769182065395835,1.0,0.00013893126509964394
2720,2,32.0,0.0,0.06005494906270515,0.0,2,0.07314156503443671,1.0,0.00012820749231274553
2721,2,33.0,616.896031746032,0.056000181377105676,0.0,2,0.06872889977342513,0.0,0.00012811724089472896
2722,5,32.0,58330.90249809711,0.0617623524704941,0.0,3,0.07741909470154144,0.4,0.0002812947030507307
2723,3,33.0,954.1485576488656,0.056124883546547294,0.0,2,0.06918323541753794,0.0,0.00018698193186762293
2724,7,34.0,8344.711354208066,0.052984394272537136,0.0,3,0.06143898692868115,0.2857142857142857,0.0004099096510325947
2725,3,35.0,2469.0,0.05035780545984628,0.0,2,0.05824937215178614,0.6666666666666666,0.00020502436095771404
2726,3,35.0,2469.0,0.05035780545984628,0.0,2,0.05824937215178614,0.6666666666666666,0.00020502436095764671
2727,3,34.0,4939.0,0.051713669576869126,0.0,2,0.058549737807897295,0.3333333333333333,0.0002318005842862517
2728,5,30.0,7378.743884836753,0.06370658860245283,0.0,2,0.07593856656356358,0.3,0.00030695528377918936
2729,3,34.0,4962.438095238093,0.05106946066927872,2.491566934984796e-17,2,0.05933041664116226,0.0,0.00024617390838575304
2730,3,33.0,9851.5619047619,0.05378451354411637,1.734397169412956e-19,2,0.06352251538710099,0.0,0.0002435596176164527
2731,1,35.0,0.0,0.048588570866528964,3.0881289528259823e-19,1,0.05510387817837726,0.0,0.00010010750112223881
2732,1,34.0,0.0,0.05103991238492773,0.0,1,0.05861372105604511,0.0,9.936678540425842e-05
2733,3,29.0,72222.1306282689,0.07006297157769331,2.2305328912643786e-16,2,0.08682732552175666,0.0,0.0002129997002740965
2734,1,35.0,0.0,0.051671478180829254,1.029878108325391e-18,1,0.05888210832678438,0.0,9.355496718808826e-05
2735,1,36.0,0.0,0.04910878490551032,1.5206156294716735e-17,1,0.054623503997063005,0.0,0.00012492431466051533
2736,5,33.0,22718.50432336363,0.05759791061830308,0.0,2,0.06907987833372163,0.2,0.0003252775339466057
2737,4,34.0,8153.566228125486,0.05450974334076314,0.0,2,0.06424675838637688,0.16666666666666666,0.0002723302967982559
2738,3,34.0,4939.0,0.05448629570396515,0.0,2,0.06371538186815824,0.3333333333333333,0.00022304731802996104
2739,2,31.0,91.20952380952382,0.05913547290422208,0.0,2,0.06996439697956963,0.0,0.0001348913162646589
2740,8,31.0,18361.010779901266,0.0612303077628627,0.0,3,0.0756668673651977,0.25,0.0004134036527675479
2741,3,30.0,8820.70499142241,0.0625324371194572,0.0,2,0.0746617996505973,0.0,0.00021391394498290354
2742,1,31.0,0.0,0.05885296290118897,6.7242468993071465e-18,1,0.06805557897339211,0.0,9.096717815809136e-05
2743,3,28.0,48831.31714255598,0.0705522786672189,5.424032915535952e-17,2,0.08477390090099692,0.0,0.00020909453059134807
2744,1,29.0,0.0,0.06590357266736038,1.6069370647477948e-17,1,0.0765455245319394,0.0,8.960167741381712e-05
2745,2,31.0,0.0,0.06102381658266627,5.663246678160436e-17,2,0.07117074890621791,1.0,0.0001327180984262805
2746,1,37.0,0.0,0.04679005095758586,1.7573491572279972e-17,1,0.05161222337119682,0.0,0.0001237490326736145
2747,1,37.0,0.0,0.04681443855841854,1.5457610611021414e-17,1,0.05174600265983445,0.0,0.0001235749603217351
2748,1,37.0,0.0,0.046789164614510326,1.739029450941023e-17,1,0.05161057016610232,0.0,0.0001228303858060607
2749,1,38.0,0.0,0.04470547777848164,1.8474598165603483e-17,1,0.04891640234983805,0.0,0.00012359360617740734
2750,1,37.0,0.0,0.046789164614510326,1.6877353890441072e-17,1,0.05161057016610232,0.0,0.0001228303858060607
2751,1,37.0,0.0,0.04679093733424263,1.566453681795278e-17,1,0.051649128099397104,0.0,0.0001165930351583416
2752,1,37.0,0.0,0.04681443855841854,1.7733898840771936e-17,1,0.05174600265983445,0.0,0.0001235749603217351
2753,1,36.0,0.0,0.049081461316058776,1.6156820324445763e-17,1,0.05473355195660374,0.0,0.00011895598365094409
2754,1,37.0,0.0,0.04679359666571943,1.6775743174995823e-17,1,0.051669096322806626,0.0,0.00012063406688949253
2755,1,35.0,0.0,0.050318821683948904,0.0,1,0.056684547005403235,0.0,8.013297041928547e-05
2756,2,35.0,0.0,0.05031984679949476,0.0,2,0.05681949977193491,1.0,0.00013145895159433243
2757,2,33.0,0.0,0.05817102753114623,0.0,2,0.0698781092541305,1.0,0.00012570394890015679
2758,2,34.0,0.0,0.0531777471581123,0.0,2,0.06310534541415774,1.0,0.0001436604869597133
2759,2,33.0,4939.0,0.054193406834512646,5.184980002847684e-17,1,0.062025072596338236,0.0,0.00020189759966363844
2760,8,31.0,11718.567553568924,0.059698606629687366,0.0,3,0.07369041370217275,0.25,0.0003995742135098457
2761,1,34.0,0.0,0.05103991238492773,0.0,1,0.05863733779018817,0.0,0.00010672464085277833
2762,1,34.0,0.0,0.05103991238492773,0.0,1,0.05863733779018817,0.0,0.00010672464085277833
2763,1,34.0,0.0,0.05103991238492773,0.0,1,0.05863733779018817,0.0,0.00010672464085277833
2764,3,30.0,21487.19166406929,0.06269831196852392,0.0,3,0.07638745534892498,0.0,0.0001745869813777794
2765,4,30.0,5349.127038414481,0.0640992370374215,0.0,3,0.0779698017476327,0.5,0.00022223475679247951
2766,4,31.0,5125.292857142856,0.06072675419186704,0.0,3,0.07304717852523879,0.16666666666666666,0.00024448843704202514
2767,2,33.0,4939.0,0.05392012399445518,2.2979514622966935e-17,1,0.06153016883496883,0.0,0.00019124938810729172
2768,1,34.0,0.0,0.05116201996768715,1.6275204689974737e-17,1,0.05719340104195441,0.0,0.00011163921702520424
2769,3,33.0,6324.438963206588,0.05460735762292183,7.531017700061003e-19,2,0.06395328750806517,0.0,0.00023843318560813292
2770,1,34.0,0.0,0.05178034233724307,0.0,1,0.05902279544742321,0.0,9.791429633525249e-05
2771,3,33.0,4939.0,0.05450372920252438,0.0,2,0.06242030687545984,0.3333333333333333,0.00021104954249772975
2772,1,34.0,0.0,0.051687156683233065,0.0,1,0.057834054480877445,0.0,9.01555974539548e-05
2773,1,35.0,0.0,0.04916743801817404,1.7188495891232656e-17,1,0.054358145877017566,0.0,0.00010575517025556157
2774,2,34.0,0.0,0.0522734727998053,0.0,2,0.05758453359982626,1.0,0.00016596117767185168
2775,1,35.0,0.0,0.05035575217630629,0.0,1,0.058043569182825154,0.0,8.956485677213686e-05
2776,1,35.0,0.0,0.05035575217630629,0.0,1,0.058043569182825154,0.0,8.956485677213686e-05
2777,1,35.0,0.0,0.05064069707842132,8.429900362397275e-19,1,0.0583939685031709,0.0,0.00011154603908474838
2778,2,33.0,19732.0,0.055153626295105396,0.0,2,0.06157644836088567,0.0,0.00017157047045657378
2779,5,34.0,2011.0389387482046,0.053185762580478455,0.0,3,0.062146544169937326,0.5,0.00028519997624927297
2780,5,32.0,24551.063636363637,0.057615376540978064,0.0,2,0.06728192008532745,0.2,0.00030007332980259424
2781,7,33.0,24965.580303030303,0.05453020134228188,0.0,2,0.06330063774566927,0.14285714285714285,0.0004368542830715088
2782,1,31.0,0.0,0.06193425440686041,3.5344333159192425e-17,1,0.07063566397971217,0.0,9.601006763215997e-05
2783,4,33.0,7407.5,0.05753820350354081,1.724761856253304e-17,2,0.06812902363286764,0.3333333333333333,0.00028980433621861816
2784,2,34.0,0.0,0.05440888164416151,0.0,2,0.06268615524682637,1.0,0.0001522667791637438
2785,3,33.0,2468.5,0.057537533340321696,0.0,2,0.06802780905796893,0.6666666666666666,0.000212912225780059
2786,1,32.0,0.0,0.057521454105098915,0.0,1,0.06557798074980968,0.0,8.628819981244068e-05
2787,5,31.0,24472.14891774892,0.061031355785624276,1.0076256432045019e-16,2,0.07165995268489544,0.2,0.0003289998396049744
2788,1,31.0,0.0,0.05877873494836038,5.16612185549554e-17,1,0.06554568136767469,0.0,0.00011774710405132652
2789,2,30.0,25111.502405773685,0.0647113533056498,0.0,2,0.07687964699855893,0.0,0.00014720308139176357
2790,2,30.0,27999.124408848777,0.06612056965413855,7.888402679523561e-18,2,0.08136325375539909,0.0,0.0001442891780779775
2791,3,31.0,17468.81575214412,0.06173919564076286,0.0,2,0.0738701867721707,0.3333333333333333,0.0001903395544925111
2792,4,32.0,13394.977383611691,0.05831523278874304,0.0,2,0.069245141458585,0.16666666666666666,0.00023294061326696155
2793,3,31.0,39.50000000000001,0.061077385294444925,3.27594992624516e-17,2,0.0718904750864705,0.3333333333333333,0.00018246096472711922
2794,3,29.0,72222.1306282689,0.07006297157769331,2.259380609066543e-16,2,0.08682732552175666,0.0,0.00021299970027397215
2795,4,32.0,2330.9937874852785,0.05660074703819978,0.0,2,0.06849396598785579,0.16666666666666666,0.0002243624405319577
2796,5,33.0,12496.467289438368,0.05454284483995981,0.0,2,0.06304906127445717,0.2,0.00030997555585678404
2797,3,31.0,4939.0,0.059845419523659536,0.0,2,0.06904727194845224,0.3333333333333333,0.00019949701514625288
2798,8,31.0,340.5182539682539,0.05994418153136755,0.0,3,0.07057043445845704,0.2857142857142857,0.00044075296620321453
2799,6,29.0,60417.746868933216,0.067843164183204,0.0,2,0.08176310404734745,0.0,0.0004516547699557332
2800,10,30.0,36417.03178956818,0.06365159128978225,2.0365936803650224e-17,3,0.07599447556684098,0.17777777777777778,0.0005701030734372101
2801,4,33.0,4.5,0.055908916000814865,0.0,2,0.06808987954938477,0.5,0.00022684471333872866
2802,1,35.0,0.0,0.05064069707842132,1.284077206454539e-18,1,0.0583939685031709,0.0,0.00011154603908474838
2803,1,34.0,0.0,0.05066614701387678,1.7387881641144992e-17,1,0.05519791520814551,0.0,0.00012737940596788296
2804,3,28.0,134365.0313169387,0.07322857989919952,5.097887911051659e-16,2,0.08817461761741721,0.0,0.0002125329338631849
2805,1,29.0,0.0,0.06823298664346193,7.587269881016743e-17,1,0.07937108541093175,0.0,9.057589167418386e-05
2806,4,32.0,36769.504323363544,0.06104493104641392,0.0,2,0.0744943419431894,0.3333333333333333,0.0002575512420288
2807,2,32.0,4939.0,0.0610049767217852,0.0,1,0.07372920795437118,0.0,0.00017355255428351085
2808,1,35.0,0.0,0.04968069593201589,0.0,1,0.054166615002585926,0.0,0.00010520854006342542
2809,2,32.0,0.0,0.058695626344117964,0.0,2,0.07102621328163136,1.0,0.00012037999548910975
2810,7,32.0,31709.27011670721,0.05679270662083396,0.0,2,0.06906959757596168,0.14285714285714285,0.00040332215937811917
2811,2,34.0,0.0,0.05404754871390904,0.0,2,0.06385792123114298,1.0,0.00014341392105918606
2812,1,32.0,0.0,0.05873959571938169,0.0,1,0.070011084685531,0.0,8.511979822571707e-05
2813,7,31.0,25829.863381322008,0.06243522661206744,4.795118281891467e-18,2,0.07679221022098005,0.14285714285714285,0.00041689617051159555
2814,5,32.0,10188.70108225108,0.057612688786518165,0.0,2,0.0672558036017211,0.2,0.000292375977717401
2815,5,30.0,34316.56246614419,0.06452202761124826,3.1038815113391913e-17,2,0.07708318852425892,0.1,0.0003353197390139407
2816,1,35.0,0.0,0.05041999652979781,1.850849552491421e-17,1,0.055897757893197585,0.0,0.00012581144768081734
2817,2,32.0,4939.0,0.05750404507199646,3.51587825351077e-17,1,0.06555582454344296,0.0,0.00019652002777466697
2818,1,33.0,0.0,0.05437773815027629,1.786433545428083e-17,1,0.06076868533011254,0.0,0.00011387923888381217
2819,7,30.0,27010.35879471426,0.06571333555038245,0.0,3,0.07999032731162227,0.4285714285714286,0.00034937938379004974
2820,5,31.0,358.14266296026904,0.06009293725518819,0.0,3,0.07102792765127423,0.4,0.0002719973924063587
2821,3,31.0,4939.0,0.06033882571362265,0.0,2,0.07179099049935758,0.3333333333333333,0.00020768919211770585
2822,1,32.0,0.0,0.05690588641861537,8.164271327230665e-18,1,0.06555761074499562,0.0,8.920349817962272e-05
2823,3,31.0,4939.0,0.06033882571362265,0.0,2,0.07179099049935758,0.3333333333333333,0.00020768919211770585
2824,1,32.0,0.0,0.05690588641861537,7.030862612603096e-18,1,0.06555761074499562,0.0,8.920349817962272e-05
2825,6,31.0,5987.472952839862,0.06030494280796416,0.0,3,0.0719295580721357,0.26666666666666666,0.00034556186743419314
2826,2,31.0,14282.729512880758,0.061479490242931104,0.0,2,0.07504717384764728,0.0,0.00012571047149832334
2827,2,35.0,4939.0,0.05164446860559935,3.2183175122115867e-17,1,0.05841031860734774,0.0,0.0002225084413669578
2828,3,34.0,14813.0,0.05445506354927963,5.91376124032772e-17,1,0.06278797166160419,0.0,0.0003034042829150936
2829,1,30.0,0.0,0.06358850258086939,2.0208504212703357e-17,1,0.0739282523164072,0.0,8.846638611860819e-05
2830,1,30.0,0.0,0.06358850258086939,1.786605844937147e-17,1,0.0739282523164072,0.0,8.846638611860819e-05
2831,1,30.0,0.0,0.06358850258086939,1.7342477907595758e-17,1,0.0739282523164072,0.0,8.846638611860819e-05
2832,3,28.0,4939.0,0.07255636336931777,1.2298889206980274e-17,2,0.08780800573020665,0.3333333333333333,0.00020981026116778965
2833,1,29.0,0.0,0.0676489921121823,2.2010825722481926e-17,1,0.07895539275279494,0.0,8.980446774381427e-05
2834,3,29.0,4939.0,0.06790564689063616,0.0,2,0.08186913836390802,0.3333333333333333,0.00020508762013765725
2835,3,29.0,4939.0,0.06790564689063616,0.0,2,0.08186913836390802,0.3333333333333333,0.00020508762013765725
2836,3,29.0,4939.0,0.06790564689063616,0.0,2,0.08186913836390802,0.3333333333333333,0.00020508762013765725
2837,7,31.0,29740.099111123127,0.061987100660024594,0.0,3,0.07472461875358628,0.38095238095238093,0.0003585291973929299
2838,6,33.0,28235.21516988345,0.055846343421097254,0.0,3,0.06512457027162674,0.4,0.00033881603645829377
2839,6,34.0,5938.700602797745,0.053006566805442294,0.0,3,0.061622553362247694,0.33333333333333337,0.0003379192806144953
2840,6,32.0,18226.83362272198,0.058216958340698836,0.0,3,0.0709581282404578,0.26666666666666666,0.00032783816677585344
2841,3,31.0,1448.6027200578576,0.0602372910290334,0.0,2,0.07067184648547652,0.3333333333333333,0.00018968333032840323
2842,5,34.0,14815.5,0.05227734507280731,8.893265304715677e-17,2,0.058023130091054656,0.0,0.00044029595872855195
2843,5,31.0,10954.224348142117,0.06211804944294948,0.0,3,0.07670292436495453,0.4,0.000266123344844329
2844,1,31.0,0.0,0.061699098243948744,0.0,1,0.07299154786721603,0.0,8.089158416981267e-05
2845,2,33.0,0.0,0.05592157395458353,0.0,2,0.06804842977109288,1.0,0.00012816502048136345
2846,9,33.0,10516.1100129974,0.05639333782349114,0.0,3,0.07078333488295689,0.1388888888888889,0.0005061542624360015
2847,2,30.0,5961.930415157492,0.06395898338879034,0.0,2,0.07617517093984406,0.0,0.0001320877068092817
2848,1,30.0,0.0,0.06389032591826177,0.0,1,0.07526978471563191,0.0,8.484184308088903e-05
2849,2,31.0,4991.28645277617,0.0632992491222675,0.0,2,0.07655924391690921,0.0,0.00012657040370004017
2850,2,31.0,4991.28645277617,0.0632992491222675,0.0,2,0.07655924391690921,0.0,0.000126570403699955
2851,10,31.0,27109.032923897543,0.06114012723087205,0.0,3,0.07318229895645668,0.2222222222222222,0.0005339169886849023
2852,8,30.0,78609.59376111119,0.06498033489864909,0.0,3,0.07869182829454582,0.21428571428571427,0.00043599310620059744
2853,1,31.0,0.0,0.06327087362475504,0.0,1,0.0758170037009848,0.0,8.118745966182345e-05
2854,1,31.0,0.0,0.06327087362475504,0.0,1,0.0758170037009848,0.0,8.118745966182345e-05
2855,1,29.0,0.0,0.06838695387341492,9.678708184255272e-17,1,0.08009769797964916,0.0,8.5815579808035e-05
2856,1,29.0,0.0,0.06838695387341492,9.652376793128792e-17,1,0.08009769797964916,0.0,8.5815579808035e-05
2857,5,34.0,6598.660074363477,0.052959401365795085,0.0,3,0.06088782475302474,0.4,0.00030191753632380564
2858,3,32.0,8725.100733649826,0.05950588433694304,0.0,2,0.07388430752096774,0.0,0.00020341803837157734
2859,1,33.0,0.0,0.05616444585929328,8.96010988399994e-18,1,0.06700151728535118,0.0,8.799333795154295e-05
2860,3,32.0,8725.100733649826,0.05950588433694304,0.0,2,0.07388430752096774,0.0,0.00020341803837157734
2861,1,33.0,0.0,0.05616444585929328,9.145025232993816e-18,1,0.06700151728535118,0.0,8.799333795154295e-05
2862,3,32.0,8725.100733649826,0.05950588433694304,0.0,2,0.07388430752096774,0.0,0.00020341803837157734
2863,1,33.0,0.0,0.05616444585929328,7.720461394036349e-18,1,0.06700151728535118,0.0,8.799333795154295e-05
2864,5,33.0,15785.658366433989,0.05374764718042454,0.0,2,0.06348018198950442,0.2,0.0003390762570871055
2865,3,31.0,0.0,0.06008124346282017,0.0,3,0.07045437839351434,1.0,0.0001737258586083278
2866,2,30.0,0.0,0.06540707296728322,0.0,2,0.07779154906282902,1.0,0.00011801007573314557
2867,1,33.0,0.0,0.05572664613579704,0.0,1,0.06495645505021376,0.0,8.856716742900379e-05
2868,1,35.0,0.0,0.05160346808732895,1.67029266418608e-17,1,0.05825186868338641,0.0,0.00011718437612718412
2869,1,36.0,0.0,0.049082436634971735,1.530389876741575e-17,1,0.0547504210524202,0.0,0.00011677817556908085
2870,3,31.0,17548.442809404463,0.06277160791887977,0.0,2,0.07959149984941759,0.0,0.00019527262975294418
2871,3,31.0,17548.442809404463,0.06277160791887977,0.0,2,0.07959149984941759,0.0,0.00019527262975294418
2872,3,31.0,17548.442809404463,0.06277160791887977,0.0,2,0.07959149984941759,0.0,0.00019527262975294418
2873,1,32.0,0.0,0.05906476798546098,3.547124658058644e-17,1,0.07140400703283172,0.0,8.568547217627111e-05
2874,5,32.0,6164.68079850016,0.0592617473818064,0.0,3,0.0743788779783504,0.3,0.00028653228118764667
2875,1,33.0,0.0,0.05594690706471268,0.0,1,0.06705341797901648,0.0,7.90687148815062e-05
2876,1,32.0,0.0,0.05906476798546098,3.7628361456487873e-17,1,0.07140400703283172,0.0,8.568547217627111e-05
2877,1,32.0,0.0,0.05906476798546098,3.743555082661282e-17,1,0.07140400703283172,0.0,8.568547217627111e-05
2878,7,31.0,17574.322706761985,0.06139315230224321,0.0,3,0.07475810371188746,0.3333333333333333,0.00036953585898486424
2879,3,33.0,0.0,0.0559551452681656,0.0,3,0.06425023569402954,1.0,0.00018137490225282377
2880,8,32.0,33782.12618035465,0.060196185950161456,0.0,3,0.07477818928909495,0.25,0.0004384121642720926
2881,6,32.0,26850.437481964524,0.059268146370725854,0.0,3,0.069915319149843,0.26666666666666666,0.00034059456682174004
2882,3,31.0,42101.958627721775,0.06275565944256714,0.0,2,0.07467463319679458,0.0,0.00017910329403316897
2883,9,31.0,58932.12616618468,0.0617376524695061,0.0,3,0.07726219431314411,0.2777777777777778,0.0004493787006397083
2884,3,33.0,4939.5,0.05534517914360618,6.04952901096137e-17,2,0.06346734958272507,0.0,0.0002609752003300222
2885,3,31.0,39849.76282649929,0.0648873010035202,0.0,2,0.0810246499950579,0.0,0.00021660218455084253
2886,3,31.0,18620.56530917002,0.06457685168239692,1.0858339817973973e-16,2,0.07876724983786008,0.0,0.00022993908476689437
2887,1,32.0,0.0,0.06093424282419114,3.485576509055798e-17,1,0.072828646527494,0.0,9.172884603567002e-05
2888,1,32.0,0.0,0.060660387784422315,3.324085967855957e-17,1,0.07129723484426036,0.0,9.550763443022283e-05
2889,4,32.0,751.7439845852045,0.06018151915697143,0.0,3,0.07405956580731356,0.6666666666666666,0.00022364998730324326
2890,1,33.0,0.0,0.056678675508846005,0.0,1,0.0667166129446132,0.0,8.239862814138226e-05
2891,2,33.0,0.0,0.05515916881608772,0.0,2,0.06297101191282017,1.0,0.00014954598058207667
2892,1,33.0,0.0,0.054193406834512646,2.593795070011123e-18,1,0.06194072711725586,0.0,0.00010416931128369427
2893,4,33.0,14813.0,0.05438492194552701,7.013410606196297e-17,2,0.061254515289627005,0.16666666666666666,0.00034565233212458
2894,2,32.0,19744.0,0.057508061605802026,0.0,2,0.06570764640579116,0.0,0.00017317379529989985
2895,2,30.0,4939.0,0.062448644207066556,2.8392069677863074e-16,1,0.07105606497942585,0.0,0.00020562088699235044
2896,3,30.0,14813.0,0.06245338120583067,2.986486487567025e-16,1,0.07125849412922344,0.0,0.0002945960302857923
2897,2,31.0,4939.0,0.05878433052501309,7.185134375451753e-17,1,0.0657697993549505,0.0,0.0002186013234361626
2898,2,30.0,4939.0,0.062448644207066556,2.811981284872419e-16,1,0.07105606497942585,0.0,0.00020562088699235044
2899,2,30.0,4939.0,0.062448644207066556,2.8154897563805954e-16,1,0.07105606497942585,0.0,0.00020562088699235044
2900,3,31.0,4939.0,0.06148484659904163,0.0,2,0.07496272388465476,0.3333333333333333,0.00019212806781961777
2901,1,32.0,0.0,0.05792411237746822,1.1363810341963566e-17,1,0.06803148252471715,0.0,8.479451296182196e-05
2902,1,32.0,0.0,0.059389276268333735,1.1305533017548385e-17,1,0.06942687091341898,0.0,0.00010226184449855217
2903,2,32.0,0.0,0.058773140436872415,0.0,2,0.06955874157400196,1.0,0.00013919027384818819
2904,1,31.0,0.0,0.062356416147029865,0.0,1,0.07612679109651352,0.0,8.398084533421786e-05
2905,1,31.0,0.0,0.062356416147029865,0.0,1,0.07612679109651352,0.0,8.398084533421786e-05
2906,1,32.0,0.0,0.05873959571938169,0.0,1,0.070011084685531,0.0,8.511979822571707e-05
2907,1,31.0,0.0,0.062356416147029865,0.0,1,0.07612679109651352,0.0,8.398084533421786e-05
2908,7,31.0,52130.9044916665,0.06243364845053334,0.0,3,0.07849119608210976,0.2380952380952381,0.0003541077909131712
2909,3,27.0,325210.92896771355,0.07557445766912461,7.408657478995053e-14,2,0.08896050456973176,0.0,0.00022858933504667827
2910,1,28.0,0.0,0.0702652727402034,9.90551503382878e-15,1,0.08024008141238824,0.0,9.512520534282355e-05
2911,2,31.0,0.0,0.06342847604740444,0.0,2,0.07788615682835855,1.0,0.0001271106164147444
2912,1,33.0,0.0,0.05606946257306623,3.501561496327256e-18,1,0.06415837327170149,0.0,0.00010995349838973807
2913,1,32.0,0.0,0.05813064096680434,6.137647744137927e-18,1,0.06710621538241356,0.0,9.030631708307103e-05
2914,6,32.0,9878.666666666668,0.057624113475177305,0.0,3,0.06712240004174866,0.26666666666666666,0.0003606780722581205
2915,2,36.0,4939.0,0.04798585680010102,5.01335735428386e-17,1,0.053956396959241294,0.0,0.00022270828209006472
2916,5,33.0,438.6939109718901,0.055983046429664216,0.0,3,0.0683173952298357,0.4,0.00027336711157967524
2917,4,32.0,348.2770562770563,0.05928165988647682,0.0,3,0.07372036251720333,0.5,0.00022846058103220907
2918,9,32.0,63238.00307711815,0.05927668050589167,0.0,3,0.07488639677534291,0.19444444444444445,0.0004806110035573889
2919,1,38.0,0.0,0.04470547777848164,1.6620510879974136e-17,1,0.04891640234983805,0.0,0.00012359360617740734
2920,2,30.0,0.0,0.06570546924877634,0.0,2,0.07994837464603431,1.0,0.00012745036331574924
2921,1,32.0,0.0,0.05771162877637328,0.0,1,0.06657407185172047,0.0,0.00010739183871805887
2922,3,33.0,4939.0,0.05590701780197146,0.0,2,0.06792118859122015,0.3333333333333333,0.00019646281642280165
2923,3,31.0,4939.0,0.06171759826091302,4.540400865002986e-19,2,0.07345183319592241,0.3333333333333333,0.00021158149412989097
2924,3,33.0,4939.0,0.0544899017196307,5.7677112671804646e-18,2,0.06202009865203763,0.3333333333333333,0.0002368625297922982
2925,1,34.0,0.0,0.051674721228477584,2.1589223732140033e-18,1,0.057632357798707005,0.0,9.746927718739651e-05
2926,3,33.0,4939.0,0.055965921964925,0.0,2,0.06760214556721768,0.3333333333333333,0.0001949850734892332
2927,3,32.0,4939.0,0.05923332414057723,0.0,2,0.07330600348442325,0.3333333333333333,0.00019741667927917803
2928,3,32.0,4939.0,0.05923332414057723,0.0,2,0.07330600348442325,0.3333333333333333,0.00019741667927917803
2929,1,34.0,0.0,0.053000311135429745,1.1376436738899595e-17,1,0.06192807623910464,0.0,8.560399790153852e-05
2930,1,31.0,0.0,0.06104493104641392,4.7015329632391004e-17,1,0.07120255189854721,0.0,8.101464586494567e-05
2931,1,33.0,0.0,0.05751944483256485,5.166666903557442e-18,1,0.06747056659283215,0.0,9.947360941416568e-05
2932,8,31.0,10533.561749950868,0.06072376831546858,0.0,3,0.07361679166064139,0.17857142857142858,0.0004446669527385518
2933,1,31.0,0.0,0.06045919616194253,1.8112254857526184e-17,1,0.06904434112237222,0.0,0.00010456994221602982
2934,2,32.0,12430.876015245296,0.059202090049494865,0.0,2,0.07264714479924876,0.0,0.00013992992342573243
2935,2,32.0,0.0,0.05725013906916373,0.0,2,0.06685386137889722,1.0,0.00013134770106771744
2936,10,32.0,43691.264090982004,0.05937571365040445,0.0,3,0.07478759507911367,0.13333333333333333,0.00057999640238425
2937,4,32.0,24675.0,0.05762613006707495,0.0,2,0.0670380545626664,0.3333333333333333,0.00026151585655706413
2938,4,33.0,9877.0,0.054490502768647,4.5459568082450637e-17,2,0.06212131322693648,0.16666666666666666,0.0003203919886355123
2939,4,34.0,15995.897369497969,0.05373478511524697,4.020259710126939e-17,2,0.0628521720509991,0.0,0.00032783406363974397
2940,1,35.0,0.0,0.04968069593201589,0.0,1,0.054166615002585926,0.0,0.00010520854006342542
2941,3,30.0,13095.46279568397,0.06247549670549253,2.817553416967446e-16,2,0.07155659515100873,0.0,0.000258568604636245
2942,4,33.0,9876.0,0.055160400638699376,3.263556642372721e-17,2,0.06317344106261774,0.3333333333333333,0.0002871651172064613
2943,2,31.0,20.150000000000006,0.062286441981566236,4.2885159767218784e-17,2,0.07470580827931009,0.0,0.0001539326522403404
2944,6,31.0,5072.265777789506,0.06198243412797993,0.0,3,0.07448845141215579,0.4666666666666667,0.0003155221785927728
2945,1,32.0,0.0,0.05836552889329978,0.0,1,0.0677081906681085,0.0,7.50572023802442e-05
2946,1,30.0,0.0,0.06353370887671374,0.0,1,0.07372602033785947,0.0,9.434265282332899e-05
2947,1,30.0,0.0,0.06353370887671374,0.0,1,0.07372602033785947,0.0,9.434265282332899e-05
2948,2,33.0,4623.509378906281,0.05429227708843926,0.0,2,0.06561397597750804,0.0,0.0001444396791736256
2949,2,29.0,4939.0,0.06781429316640585,0.0,1,0.08069697719174738,0.0,0.0001694488957056823
2950,1,30.0,0.0,0.06350838850678152,2.4263878588588166e-17,1,0.073236816559182,0.0,0.0001023740077545231
2951,1,31.0,0.0,0.05989911727616646,0.0,1,0.06910924944464025,0.0,7.973929664003974e-05
2952,7,30.0,19088.70885686594,0.06373864574731626,0.0,3,0.07659485471985172,0.2380952380952381,0.0003967227512153249
2953,3,28.0,566234.6128047147,0.07505659632009967,1.0526533304879422e-14,2,0.0894762672994105,0.0,0.00021606728132243102
2954,1,29.0,0.0,0.06981740064446831,1.4146281858674857e-15,1,0.08053224658985207,0.0,9.157729012095587e-05
2955,3,30.0,24675.0,0.06603130471976795,1.7075747672270907e-16,2,0.07767955226244658,0.3333333333333333,0.00020953357332702998
2956,4,30.0,19727.0,0.06603924923800866,1.7373146171571882e-16,2,0.07785258098810686,0.3333333333333333,0.0002731963099227985
2957,3,31.0,19744.0,0.061948234349919744,3.1056903063454104e-17,2,0.07112149393922645,0.3333333333333333,0.00023605774456662105
2958,2,30.0,0.0,0.06424929767974197,0.0,2,0.07725383642640421,1.0,0.0001337466501373246
2959,9,29.0,153940.1518699663,0.06997167138810198,3.97052243699074e-16,3,0.08677956376085211,0.16666666666666666,0.00047887633263507756
2960,3,28.0,206467.12446762284,0.07442673335944798,2.0291948031119234e-15,2,0.09110692563615075,0.0,0.00020577575835038805
2961,1,29.0,0.0,0.0692720822290466,2.9479918066304733e-16,1,0.0815440752587491,0.0,8.866135861221151e-05
2962,1,32.0,0.0,0.058324871897801604,2.1338235000693054e-17,1,0.06529157789904794,0.0,0.00011131296642278775
2963,2,31.0,4939.0,0.06193658395917702,6.540988062958514e-17,1,0.07078748584206039,0.0,0.00019048173963110874
2964,3,31.0,4938.999999999999,0.06262995080886455,0.0,2,0.07785498288010707,0.3333333333333333,0.00021410953613228327
2965,2,35.0,9876.0,0.050403020099989794,1.8571133705083488e-17,1,0.05759393697097077,0.0,0.00020256987079485679
2966,3,33.0,24678.5,0.05604465420221456,2.0377075109095e-17,2,0.06699267512793217,0.0,0.0002313950568524492
2967,5,32.0,19979.878787878788,0.05762545785409327,0.0,2,0.06736264120855867,0.2,0.00029160752842456706
2968,2,33.0,0.0,0.05450793895993556,0.0,2,0.06234520429023574,1.0,0.00013297809842749888
2969,3,31.0,0.0,0.06197854588796186,0.0,3,0.0741173313041936,1.0,0.00016453595163416716
2970,2,32.0,4939.0,0.06072899379187412,6.765870146240877e-17,1,0.07197569381219308,0.0,0.00018286408133117666
2971,5,33.0,9861.640898571199,0.05713360473723168,0.0,2,0.07014569985325768,0.3,0.00031191760950516605
2972,3,32.0,0.0,0.05899634557049705,0.0,3,0.07178851737179553,1.0,0.00018910227795761075
2973,3,31.0,65603.02988026018,0.06509850431574092,8.540825917297181e-17,2,0.08104988458632327,0.0,0.0002044912692846011
2974,3,29.0,358419.56871633907,0.07257768309703959,1.7794479869682e-15,2,0.08825915160969117,0.0,0.00021366749800050594
2975,1,30.0,0.0,0.06766752506711961,2.5708803354002023e-16,1,0.07927027892017034,0.0,9.089735151306642e-05
2976,4,32.0,5068.366086296456,0.05901467004348449,1.1692684715204544e-17,2,0.07113084019063529,0.16666666666666666,0.00027392442517362915
2977,5,32.0,9922.346320346322,0.05757978413408863,0.0,2,0.06676299962207516,0.2,0.0003246443702130984
2978,5,32.0,19593.84737461806,0.058423511323990304,4.895653683703489e-17,2,0.07024899346398562,0.1,0.0003607519536552997
2979,3,31.0,9877.0,0.062358777565987955,8.966961841311541e-17,1,0.07539655534151465,0.0,0.0002737462311265456
2980,2,31.0,131.0,0.062356416147029865,4.652323627904898e-17,2,0.07527509785163611,0.0,0.00015203613285558743
2981,3,34.0,8.5,0.052276238650553454,0.0,2,0.057820700941256936,0.3333333333333333,0.0002426064866230509
2982,2,33.0,4939.0,0.05336963332685119,5.2925730043244205e-17,1,0.05889942361165901,0.0,0.0002282851267960698
2983,4,33.0,9876.0,0.05448088757526965,0.0,2,0.06224945208922033,0.3333333333333333,0.0002626287482687791
2984,3,30.0,29609.0,0.06352962358055016,3.5938203202356675e-17,1,0.07381012482985869,0.0,0.00027567188926819766
2985,1,31.0,0.0,0.059735422863914485,5.466303936941244e-19,1,0.06766819780622076,0.0,0.0001084652623722571
2986,6,32.0,33694.40291665105,0.05866913694611703,0.0,3,0.07239729860066693,0.2,0.000337136751898021
2987,2,34.0,4356.669014518491,0.053021927894471334,0.0,2,0.06313978104449387,0.0,0.00015025990271547477
2988,1,32.0,0.0,0.056374031427951936,0.0,1,0.06288621676957029,0.0,0.00011393036145001578
2989,2,33.0,0.0,0.05777575055845994,0.0,2,0.06857471583168667,1.0,0.00014090110318606305
2990,3,31.0,19747.0,0.05974120208005805,4.772013007872315e-17,1,0.06801570118003965,0.0,0.0002949604742485673
2991,3,31.0,6643.363748261059,0.06228251550758989,0.0,2,0.0758026419461871,0.0,0.00024362486607162488
2992,1,34.0,0.0,0.053733616141839344,0.0,1,0.0623369682817182,0.0,8.82338628554223e-05
2993,3,34.0,9876.0,0.05334139573052877,1.3171480791911309e-17,2,0.0631642238749271,0.3333333333333333,0.00024398525879179087
2994,1,34.0,0.0,0.051675261775997156,0.0,1,0.05766609599033995,0.0,9.844152466461289e-05
2995,2,33.0,0.0,0.05590575240768195,0.0,2,0.06778623582468846,1.0,0.00012334352844997932
2996,2,34.0,0.0,0.05158083782316335,0.0,2,0.057116576951658525,1.0,0.00018053799592347193
2997,5,30.0,10559.172733618758,0.06371480530870725,0.0,3,0.076208472096627,0.3,0.0002904768797673007
2998,3,33.0,0.0,0.05678226186507891,0.0,3,0.06779055250033379,1.0,0.00018811417019902512
2999,1,33.0,0.0,0.05590511973201756,0.0,1,0.06768502124978969,0.0,7.513902686557383e-05
3000,1,34.0,0.0,0.05158029924926649,0.0,1,0.05701536237675967,0.0,0.00010380934765603799
3001,4,33.0,10023.181818181816,0.054527191849619745,0.0,2,0.06283792288518113,0.16666666666666666,0.0002689621194446633
3002,2,34.0,4939.0,0.05170933908346766,1.6857578512858615e-17,1,0.05820166482824514,0.0,0.0001774045721788046
3003,3,33.0,9866.5,0.05515301052819614,5.303781581067706e-18,2,0.061610186552518584,0.3333333333333333,0.0002359921625261948
3004,4,31.0,65359.07085450256,0.06109475871280517,1.2351940467147853e-17,2,0.07234169784032492,0.16666666666666666,0.00025511743326343676
3005,8,31.0,40106.02061743253,0.060609034917674776,0.0,3,0.07323887154978834,0.25,0.00044245997431079814
3006,1,36.0,0.0,0.04891912500123783,1.7727735267767376e-17,1,0.05529098882404592,0.0,0.00012043047585810872
3007,2,35.0,4939.0,0.051434759068760154,4.720567835235773e-17,1,0.059310429574937734,0.0,0.0002119347030083592
3008,5,32.0,9876.0,0.05752614295362974,0.0,3,0.06818304824478377,0.4,0.00029360274120557664
3009,4,34.0,9877.0,0.05171421093954462,0.0,2,0.05865095238279615,0.16666666666666666,0.00031419277783957826
3010,3,33.0,19.0,0.057560998345412596,0.0,2,0.06823698584609292,0.6666666666666666,0.00020071707039630003
3011,3,31.0,26776.281818181826,0.06108191653786708,0.0,2,0.07206576763018413,0.0,0.00018160039176337472
3012,4,31.0,7376.395238095238,0.06105775767238929,7.109007080657009e-17,2,0.07187924362787063,0.16666666666666666,0.00023960781839880228
3013,1,34.0,0.0,0.053824362606232294,0.0,1,0.06225567058925722,0.0,9.873400852539296e-05
3014,3,33.0,5065.787878787878,0.056885572483043725,0.0,2,0.06786463525547151,0.0,0.0002413262874558123
3015,1,32.0,0.0,0.059368577918254034,6.424083567621503e-18,1,0.06861947479259554,0.0,9.704299599546034e-05
3016,3,31.0,30314.49198615171,0.06311485882202632,0.0,2,0.07534009599718773,0.0,0.00023535800793837583
3017,7,31.0,68305.24924233303,0.05971953578336557,0.0,3,0.07374921455044728,0.0,0.00039610991760391956
3018,3,34.0,0.0,0.0533846286850523,0.0,3,0.06410949926750242,1.0,0.00017651526762463884
3019,1,30.0,0.0,0.06509764646970456,5.20804511461088e-17,1,0.07598758509820036,0.0,9.748285169929272e-05
3020,2,31.0,0.0,0.06027551032858694,0.0,2,0.07100778247930731,1.0,0.0001334026866656968
3021,1,32.0,0.0,0.05771162877637328,0.0,1,0.06657407185172047,0.0,0.00010739183871805887
3022,1,32.0,0.0,0.05771162877637328,0.0,1,0.06657407185172047,0.0,0.00010739183871805887
3023,1,32.0,0.0,0.05552121382410789,2.1750449127229376e-17,1,0.06111512657541979,0.0,0.00012326378953993127
3024,2,36.0,2469.0,0.049087313811023776,0.0,2,0.055040569500463384,0.0,0.0001827062190181221
3025,1,33.0,0.0,0.05501481168006771,0.0,1,0.06446223812073175,0.0,7.680196737285958e-05
3026,2,33.0,0.0,0.05451455560705379,0.0,2,0.06232208357379518,1.0,0.00013425931350653902
3027,2,33.0,4939.0,0.05600589535740604,3.9560726829862144e-17,1,0.06642226410488355,0.0,0.00018453815551347586
3028,2,34.0,0.0,0.05122249642272039,0.0,2,0.05933653492157551,1.0,0.00015068671200464353
3029,1,32.0,0.0,0.05771162877637328,0.0,1,0.06657407185172047,0.0,0.00010739183871805887
3030,3,32.0,0.0,0.058216958340698836,0.0,3,0.06853454582390084,1.0,0.00016213222676889248
3031,1,36.0,0.0,0.04911220249338874,1.879556829967528e-18,1,0.0550081581421411,0.0,0.00011429477370808266
3032,1,36.0,0.0,0.04911220249338874,0.0,1,0.0550081581421411,0.0,0.00011429477370808266
3033,2,33.0,0.0,0.0560491053700489,0.0,2,0.06728981760401581,1.0,0.00013853551527345386
3034,2,33.0,0.0,0.0560491053700489,0.0,2,0.06728981760401581,1.0,0.000138535515273386
3035,1,31.0,0.0,0.05992018728090923,0.0,1,0.06930525227222206,0.0,7.853170401290075e-05
3036,2,33.0,0.0,0.05504055619930475,0.0,2,0.06510539329793127,1.0,0.00013247670060126707
3037,1,32.0,0.0,0.05630656302003784,0.0,1,0.06616613020037795,0.0,7.536071517984751e-05
3038,3,32.0,0.0,0.057621424905519525,0.0,3,0.0667850181254196,1.0,0.00017354922569667923
3039,1,34.0,0.0,0.0528613619826221,8.163074248272776e-19,1,0.05950232147986967,0.0,9.024575802585496e-05
3040,1,31.0,0.0,0.061122728003860385,2.6846886361500476e-17,1,0.069710486261255,0.0,0.00011285038503067595
3041,6,31.0,7395.951584795285,0.05966543873422308,0.0,3,0.07302432540450554,0.4,0.00031766462188403754
3042,3,32.0,0.0,0.05772916374515028,0.0,3,0.06893641344321544,1.0,0.0001665307170147189
3043,2,34.0,0.0,0.05505527817403709,0.0,2,0.06514964753991967,1.0,0.0001415609341365896
3044,3,33.0,83763.0,0.05754356537135402,1.3051341913396014e-17,2,0.06818742283600364,0.0,0.00024695930406901686
3045,2,32.0,88596.0,0.06103060178150056,0.0,2,0.07410273793316433,0.0,0.0001550240038504899
3046,3,33.0,73901.0,0.05753954387681413,1.682950424733508e-17,1,0.06809086734471137,0.0,0.00026234779235565967
3047,3,32.0,83707.0,0.06102909382914325,0.0,1,0.07417696195475676,0.0,0.0002439366435337462
3048,1,34.0,0.0,0.05303615906553294,1.9713423349784634e-17,1,0.06124469144823954,0.0,0.00010878694317280505
3049,3,32.0,13418.302100840336,0.05932651198539655,0.0,2,0.07288114626477003,0.0,0.00021780362377764044
3050,2,34.0,0.0,0.0531777471581123,0.0,2,0.06310534541415774,1.0,0.0001436604869597133
3051,1,34.0,0.0,0.05294748124330118,3.444188427344473e-17,1,0.06203417917073158,0.0,8.602269173273214e-05
3052,1,32.0,0.0,0.061120459269523905,3.4680351294470334e-17,1,0.07297558291660428,0.0,8.829742004355816e-05
3053,1,34.0,0.0,0.053733616141839344,0.0,1,0.0623369682817182,0.0,8.82338628554223e-05
3054,1,32.0,0.0,0.058699113572090594,8.340916609186674e-18,1,0.06867464773780368,0.0,0.00010791965923210946
3055,2,30.0,0.0,0.06389280494587218,0.0,2,0.07542160657798008,1.0,0.00014109830964734632
3056,1,32.0,0.0,0.05714616229972815,0.0,1,0.06636432322957497,0.0,7.736959935013274e-05
3057,1,34.0,0.0,0.05250682907645377,0.0,1,0.060659952729840295,0.0,9.038792744330786e-05
3058,1,34.0,0.0,0.0524432837563829,2.3994921586647863e-18,1,0.05893630847417591,0.0,0.00010430120050643408
3059,2,32.0,0.0,0.05821490018619341,0.0,2,0.06836585486573632,1.0,0.00011851200454010036
3060,2,30.0,97452.09946187635,0.06655618878245288,0.0,2,0.08364930437102455,0.0,0.00013600598673654376
3061,2,36.0,0.0,0.04794440777980512,0.0,2,0.05432564389264041,1.0,0.00014653869828886302
3062,1,31.0,0.0,0.05989185519264809,0.0,1,0.0689656211431172,0.0,8.254062532207566e-05
3063,3,30.0,0.0,0.06539841402226723,3.2710142080103335e-17,3,0.07768021303044036,1.0,0.00017442792986043136
3064,1,30.0,0.0,0.06547642716078837,6.260064854787468e-17,1,0.07777789892292693,0.0,9.070814215726992e-05
3065,3,33.0,0.0,0.055903854423647106,0.0,3,0.06663369880929741,1.0,0.00018092245689936594
3066,1,32.0,0.0,0.05893933066873471,1.4638148589125907e-17,1,0.07031656826826745,0.0,9.10225956504053e-05
3067,1,33.0,0.0,0.056138915405245696,7.571908128040927e-18,1,0.06697020266112773,0.0,9.570131922168249e-05
3068,1,30.0,0.0,0.06369344627960649,0.0,1,0.07525368127341513,0.0,7.781842990219343e-05
3069,3,36.0,19748.0,0.04909316770186335,3.1026435904392417e-17,1,0.0552968190988182,0.0,0.0002963455420689246
3070,3,35.0,34541.0,0.051622881267373084,1.5203936103505044e-17,1,0.05897675782932869,0.0,0.00028064667103627777
3071,4,35.0,24681.5,0.051619644723093,3.893758836063634e-17,2,0.05899163330473047,0.0,0.00034561470027985873
3072,3,35.0,14813.0,0.05161856596518359,4.276117175540168e-17,1,0.0588215621478171,0.0,0.0002971700016489731
3073,3,34.0,59168.0,0.054423867179323335,0.0,1,0.06320042168214543,0.0,0.00026840482550785557
3074,3,35.0,19748.0,0.05161748725236145,2.866345898597047e-17,1,0.05882968998489231,0.0,0.0002922970409294193
3075,3,34.0,34541.0,0.05442146893900168,9.240952413853668e-18,1,0.0631225828543066,0.0,0.00027174528140052896
3076,1,34.0,0.0,0.054408282394404976,0.0,1,0.0625849406719276,0.0,9.194164852606042e-05
3077,2,33.0,0.0,0.05567953833322062,0.0,2,0.0657815659556462,1.0,0.00012341749223599403
3078,1,31.0,0.0,0.061656744174436166,1.7714345386272838e-17,1,0.07241534775154225,0.0,8.755542922384226e-05
3079,2,32.0,0.0,0.05876754699024506,0.0,2,0.06944234481286835,1.0,0.00014083710173712788
3080,1,35.0,0.0,0.05029627970433118,0.0,1,0.05639957893703455,0.0,8.168420825465046e-05
3081,2,36.0,4939.0,0.04908633829827403,3.1376553719948395e-17,1,0.054972932459142136,0.0,0.00021974307198602204
3082,2,36.0,4939.0,0.049113179034438875,3.2874777207294376e-17,1,0.055143110908672806,0.0,0.00021933348998155747
3083,2,36.0,4939.0,0.049085362824296264,3.34293406185976e-17,1,0.05497309311719753,0.0,0.00021758154994472537
3084,2,37.0,4939.0,0.04679714291127489,3.292304412645356e-17,1,0.051908637483400424,0.0,0.00021937736258321867
3085,2,36.0,4939.0,0.049085362824296264,3.257037994534371e-17,1,0.05497309311719753,0.0,0.00021758154994472537
3086,2,36.0,4939.0,0.049087313811023776,1.6234448711960512e-17,1,0.055040569500463384,0.0,0.0002029054307736292
3087,2,36.0,4939.0,0.049113179034438875,3.489495528509325e-17,1,0.055143110908672806,0.0,0.00021933348998155747
3088,2,35.0,4939.0,0.051614251384390346,3.036603953263664e-17,1,0.05859352264346165,0.0,0.00020846530957970526
3089,2,36.0,4939.0,0.049090240581928034,2.863957558539411e-17,1,0.05506065175738775,0.0,0.00021241374072925734
3090,3,34.0,24679.0,0.05445686443106908,8.527633356853997e-18,1,0.06350823521364317,0.0,0.00026654511947912747
3091,3,34.0,24679.0,0.05445686443106908,1.1023979008882318e-17,1,0.06350823521364317,0.0,0.00026654511947912747
3092,2,32.0,0.0,0.05821490018619341,0.0,2,0.06836585486573632,1.0,0.00012224194375235603
3093,1,33.0,0.0,0.05609492988133765,0.0,1,0.06463625065747368,0.0,8.083274979406623e-05
3094,2,31.0,0.0,0.06195911200301016,0.0,2,0.0711039018821607,1.0,0.00015273303666221737
3095,2,32.0,0.0,0.059957277405573356,0.0,2,0.0726334357070945,1.0,0.00012240570950225463
3096,3,32.0,0.0,0.058993527430796056,0.0,3,0.07259857382456447,1.0,0.0001633787986712652
3097,2,32.0,0.0,0.05874099265143047,0.0,2,0.07014603745206273,1.0,0.0001503697262965998
3098,2,34.0,0.0,0.0531777471581123,0.0,2,0.06310534541415774,1.0,0.00014366048695965225
3099,2,34.0,0.0,0.0531777471581123,0.0,2,0.06310534541415774,1.0,0.00014366048695965225
3100,1,32.0,0.0,0.057250802554266574,0.0,1,0.06649165779300953,0.0,8.231201995105141e-05
3101,3,35.0,14813.0,0.05164824824615513,4.514137397041267e-17,1,0.05904560710870434,0.0,0.0002962466351593875
3102,3,35.0,14813.0,0.05164824824615513,4.357437078270527e-17,1,0.05904560710870434,0.0,0.0002962466351593875
3103,1,30.0,0.0,0.062448644207066556,2.4522567945102576e-16,1,0.07093798130871057,0.0,0.00010493743084728533
3104,3,31.0,0.0,0.06197854588796186,0.0,3,0.0741173313041936,1.0,0.00016453595163409566
3105,3,33.0,11235.067068853525,0.05581101081197112,0.0,2,0.06433581954866548,0.0,0.00021136775628092158
3106,1,31.0,0.0,0.06061200952123874,0.0,1,0.07001630382004365,0.0,8.736258271198276e-05
3107,1,33.0,0.0,0.05541844289881086,0.0,1,0.06559890345777565,0.0,7.811926693181582e-05
3108,1,30.0,0.0,0.06547642716078837,6.06239704240475e-17,1,0.07777789892292693,0.0,9.070814215722147e-05
3109,3,30.0,0.0,0.06539841402226723,2.51776003588546e-17,3,0.07768021303044036,1.0,0.0001744279298603586
3110,1,34.0,0.0,0.05172233274002722,0.0,1,0.058188361667168675,0.0,8.305407157525486e-05
3111,3,33.0,0.0,0.0559551452681656,0.0,3,0.06425023569402954,1.0,0.0001813749022527476
3112,3,30.0,0.0,0.06390685640362224,0.0,3,0.0768365877955929,1.0,0.0001714233749769644
3113,3,34.0,0.0,0.0530236352317369,0.0,3,0.06279659368656995,1.0,0.0001938275810604108
3114,1,31.0,0.0,0.061988656326858405,3.8841235215392454e-17,1,0.07317621529142047,0.0,0.00010180612378555294
3115,2,31.0,534.0916666666667,0.0626808100289296,0.0,2,0.0771625259151825,0.0,0.00014374578959932597
3116,2,32.0,0.0,0.05876754699024506,0.0,2,0.06944234481286835,1.0,0.00014083710173706514
3117,5,33.0,9876.0,0.05595641289942571,0.0,3,0.06445266484382714,0.4,0.0003022130739325428
3118,2,35.0,0.0,0.05064121620928969,1.1928983957331685e-17,2,0.05849518307806975,1.0,0.0001730215369343247
3119,2,35.0,0.0,0.05064121620928969,1.2428007226449527e-17,2,0.05849518307806975,1.0,0.00017302153693424976
3120,1,34.0,0.0,0.05100671140939597,0.0,1,0.05847855651298574,0.0,8.800119078440933e-05
3121,2,30.0,0.0,0.06539754825385899,3.2950788408587716e-17,2,0.07757899845554159,1.0,0.00013145293264850183
3122,4,34.0,5765.671764346764,0.05146637495441996,2.649804860773411e-17,2,0.060488760296851345,0.16666666666666666,0.00029499068809521966
3123,2,30.0,22084.052781982045,0.06571770653186111,0.0,2,0.08034431642355504,0.0,0.00012050235421854387
3124,2,30.0,22084.052781982045,0.06571770653186111,0.0,2,0.08034431642355504,0.0,0.00012050235421854387
3125,1,32.0,0.0,0.057577770784526264,0.0,1,0.06604975312947674,0.0,8.457068164806553e-05
3126,3,31.0,0.0,0.06102683204032218,0.0,3,0.0715999850715112,1.0,0.00017032386788584945
3127,3,32.0,0.5,0.058215586221525624,0.0,2,0.06846706944063503,0.6666666666666666,0.00017046483063475764
3128,10,31.0,41746.43216526328,0.06181181181181181,1.0760231646079931e-17,3,0.07571582651254723,0.17777777777777778,0.0005127687999176442
3129,5,32.0,3.8333333333333335,0.05821833052455423,1.3034774268458475e-17,3,0.06873697497369825,0.5,0.00026216723216172387
3130,3,31.0,0.0,0.06102683204032218,0.0,3,0.0715999850715112,1.0,0.0001703238678857733
3131,3,31.0,0.0,0.06167059910365404,0.0,3,0.07255600778862192,1.0,0.00016101753009515804
3132,1,33.0,0.0,0.057252793101849705,2.2475375069679278e-17,1,0.06598586708181733,0.0,0.00010807546164533293
3133,3,33.0,0.0,0.05609620385405903,0.0,3,0.06483867980727127,1.0,0.00018653711490923102
3134,3,33.0,0.0,0.05609620385405903,0.0,3,0.06483867980727127,1.0,0.00018653711490915534
3135,2,34.0,4939.0,0.054410679472634955,3.282694012811498e-17,1,0.06272133936095786,0.0,0.00020429682128847432
3136,2,35.0,4939.0,0.05161532996196765,3.068280791077543e-17,1,0.058620513196768004,0.0,0.00020334105526944202
3137,3,34.0,39468.0,0.05442266803274173,0.0,2,0.063173190141756,0.0,0.00026019310219813497
3138,1,37.0,0.0,0.04578907365181766,1.7688473768394577e-17,1,0.050715993630318736,0.0,0.00012500924696784367
3139,1,32.0,0.0,0.05752413335351724,0.0,1,0.06583904383430404,0.0,8.093856482606841e-05
3140,1,34.0,0.0,0.051675261775997156,0.0,1,0.05766609599033995,0.0,9.844152466461289e-05
3141,2,33.0,0.0,0.05590701780197146,0.0,2,0.0678537122079543,1.0,0.00011875924909428267
3142,1,31.0,0.0,0.06061200952123874,0.0,1,0.07001630382004365,0.0,8.736258271198276e-05
3143,2,33.0,0.0,0.054501323918799645,0.0,2,0.062204657140579205,1.0,0.00013871791939286138
3144,2,34.0,0.0,0.05299235150878021,0.0,2,0.05967146653238773,1.0,0.00014214686895316756
3145,2,33.0,0.0,0.055712819587454464,0.0,2,0.06559060672369506,1.0,0.00014789741323301386
3146,2,32.0,4937.0,0.058584253406543885,0.0,2,0.06854381391960236,0.0,0.00016701288567057965
3147,2,32.0,4937.0,0.058584253406543885,0.0,2,0.06854381391960236,0.0,0.0001670128856704833
3148,3,30.0,0.0,0.06539841402226723,4.269270824083144e-17,3,0.07768021303044036,1.0,0.00017442792986027987
3149,2,32.0,0.0,0.05869423156894196,0.0,2,0.07111393257987698,1.0,0.00011872437485849031
3150,2,31.0,0.0,0.059843969569220334,0.0,2,0.0689123191819205,1.0,0.00012564699098077827
3151,1,31.0,0.0,0.05984324461834789,0.0,1,0.06881110460702171,0.0,7.881698832176775e-05
3152,3,34.0,916.5571295542809,0.051790656713914286,0.0,2,0.0589819332552752,0.6666666666666666,0.00018664948122179507
3153,3,32.0,0.0,0.05838208355492525,0.0,3,0.07060335738616325,1.0,0.00016543280010689515
3154,2,31.0,41.261904761904745,0.06256966257979532,0.0,2,0.07739236800959745,0.0,0.00013444286124841747
3155,1,33.0,0.0,0.05627385088568662,8.830605520470763e-18,1,0.06500772185384372,0.0,0.00010831106876310219
3156,5,31.0,21250.242503592784,0.061034371988435594,0.0,3,0.07202171246692286,0.3,0.0002975313985086484
3157,2,32.0,0.0,0.057168647510154956,0.0,2,0.06689690468320891,1.0,0.00012684967480225686
3158,2,32.0,0.0,0.06005494906270515,0.0,2,0.07314156503443671,1.0,0.00012820749231274553
3159,3,33.0,0.0,0.055903854423647106,0.0,3,0.06663369880929741,1.0,0.0001809224568992835
3160,1,31.0,0.0,0.06005567915192628,0.0,1,0.0696837017017849,0.0,8.615682293730414e-05
3161,2,30.0,0.0,0.06539754825385899,3.267080673027664e-17,2,0.07757899845554159,1.0,0.00013145293264843456
3162,1,34.0,0.0,0.053733616141839344,0.0,1,0.0623369682817182,0.0,8.82338628554223e-05
3163,1,33.0,0.0,0.05592157395458353,1.2871325812541143e-17,1,0.06651167901622501,0.0,8.629295287536284e-05
3164,1,33.0,0.0,0.05592157395458353,1.4006581376844403e-17,1,0.06651167901622501,0.0,8.629295287536284e-05
3165,1,35.0,0.0,0.04917184265010352,0.0,1,0.054555407005452784,0.0,9.71241923704848e-05
3166,1,36.0,0.0,0.049085362824296264,0.0,1,0.05483797969261042,0.0,0.00011455639421344974
3167,2,37.0,4939.0,0.04679714291127489,3.5643323889471185e-17,1,0.051908637483400424,0.0,0.00021937736258321867
3168,1,33.0,0.0,0.05749802132315285,2.3049092295331425e-17,1,0.06722251055530262,0.0,0.00010411806265008912
3169,1,35.0,0.0,0.05099512759104798,0.0,1,0.05808864956012775,0.0,0.00010002296560303968
3170,1,31.0,0.0,0.05880252350910606,3.634244883364895e-17,1,0.06582185256489843,0.0,0.00010361933172653395
3171,2,33.0,0.0,0.05552433404518377,0.0,2,0.06504536670730104,1.0,0.0001327257348811557
3172,1,33.0,0.0,0.05391894694331962,0.0,1,0.06139521606843713,0.0,9.635605363586812e-05
3173,4,33.0,1614.449932913678,0.05610066321431816,0.0,3,0.06815488090328947,0.6666666666666666,0.00022748669772174756
3174,5,30.0,20628.18386726192,0.06389197858196022,0.0,2,0.07696832740101671,0.1,0.0003282270344570027
3175,1,32.0,0.0,0.056466822883922956,8.152192012154642e-18,1,0.06356951345489144,0.0,8.68823813710455e-05
3176,1,31.0,0.0,0.060221870047543584,0.0,1,0.07013091081296181,0.0,7.979291358832252e-05
3177,1,32.0,0.0,0.056875748365110064,0.0,1,0.06551772373142441,0.0,7.931282496611475e-05
3178,2,31.0,0.0,0.06025271991023076,0.0,2,0.0706976321033674,1.0,0.00012874751147474645
3179,2,31.0,0.0,0.060196919477480994,0.0,2,0.0712179091722275,1.0,0.00012621836178826397
3180,2,33.0,0.0,0.055712819587454464,0.0,2,0.06559060672369506,1.0,0.00014789741323294905
3181,2,33.0,0.0,0.05597226313761925,0.0,2,0.06773035069542278,1.0,0.00012347234058552505
3182,1,33.0,0.0,0.05747795127172876,4.813290643709691e-18,1,0.06716624821665164,0.0,9.749745985174729e-05
3183,1,30.0,0.0,0.0650993621843867,3.8659957419402344e-17,1,0.07603819238564975,0.0,9.81763679029454e-05
3184,1,32.0,0.0,0.059032300467239465,1.5243631092518414e-17,1,0.07088275197210296,0.0,9.272349636569135e-05
3185,1,33.0,0.0,0.05590258917255115,0.0,1,0.06643126965949989,0.0,7.839973132313063e-05
3186,7,32.0,19747.0,0.059212024595764065,2.6384376318437727e-17,3,0.07337131098394127,0.2857142857142857,0.0003956359172997242
3187,3,31.0,8294.451109984842,0.0627349385349995,2.3052433244465582e-17,2,0.07865213219952363,0.0,0.00022011271512736326
3188,4,29.0,28552.93102221378,0.06963140460920432,3.8229114581292e-16,2,0.08434962047826115,0.0,0.0003191441921098322
3189,3,32.0,9648.221108926386,0.06098238423839915,6.838168462805683e-17,2,0.0736974049620419,0.0,0.00023696199801937092
3190,2,33.0,0.0,0.05623989617249937,0.0,2,0.06541845653077279,1.0,0.0001290836467603884
3191,1,33.0,0.0,0.055199231233378776,0.0,1,0.06418251090998098,0.0,9.168605920101576e-05
3192,1,33.0,0.0,0.055199231233378776,0.0,1,0.06418251090998098,0.0,9.168605920101576e-05
3193,1,35.0,0.0,0.051692565269711714,0.0,1,0.0591775584906558,0.0,8.822841514924206e-05
3194,1,31.0,0.0,0.06005567915192628,0.0,1,0.0696837017017849,0.0,8.615682293730414e-05
3195,1,35.0,0.0,0.04968069593201589,0.0,1,0.054166615002585926,0.0,0.00010520854006342542
3196,1,32.0,0.0,0.058631535220461696,9.022857789231606e-18,1,0.06883215131320262,0.0,9.9385272466551e-05
3197,6,33.0,14814.0,0.05678421996413628,3.770179535596792e-17,3,0.06809419622502993,0.2,0.00040853389959414135
3198,2,31.0,0.0,0.06087492298213185,0.0,2,0.07141586756957982,1.0,0.00013223479416006522
3199,2,32.0,0.0,0.05994636377977599,0.0,2,0.0723601563548678,1.0,0.00012493414891751243
3200,3,31.0,0.0,0.061975435647166566,0.0,3,0.07408021929339736,1.0,0.0001615053585104301
3201,2,36.0,2469.0,0.049087313811023776,0.0,2,0.055040569500463384,0.0,0.00018270621901797914
3202,3,33.0,0.0,0.055903854423647106,0.0,3,0.06663369880929741,1.0,0.0001809224568991942
3203,1,33.0,0.0,0.05444546085768133,0.0,1,0.06144222063421507,0.0,8.554777001581958e-05
3204,1,32.0,0.0,0.05896817628381121,3.3152840872073245e-17,1,0.06766892349117723,0.0,0.00010709212779166501
3205,2,34.0,0.0,0.05483040312555496,0.0,2,0.06403764884200895,1.0,0.00014847125457550934
3206,1,32.0,0.0,0.05939784532512505,1.196138479035029e-17,1,0.06855605673132245,0.0,9.673189064368335e-05
3207,2,30.0,0.0,0.0636959100520914,0.0,2,0.07542237223157977,1.0,0.0001300008281445783
3208,1,34.0,0.0,0.055782021025531,7.602752033300462e-19,1,0.06541119612897948,0.0,9.852635126214277e-05
3209,2,33.0,0.0,0.05439809716777518,0.0,2,0.06258028262657182,1.0,0.00013960120536438933
3210,1,33.0,0.0,0.05512346987736702,0.0,1,0.061014466483114184,0.0,0.00010404534178883605
3211,3,31.0,0.0,0.059915100060642816,0.0,3,0.0697146089973683,1.0,0.00017502806054112718
3212,1,33.0,0.0,0.05608219333598229,0.0,1,0.0639814634093451,0.0,9.667192761648586e-05
3213,3,34.0,0.0,0.0533846286850523,0.0,3,0.06410949926750242,1.0,0.00017651526762456354
3214,2,33.0,0.0,0.05767524401064774,0.0,2,0.06805481208089195,1.0,0.00014937105893005298
3215,3,32.0,0.0,0.05994927369149181,0.0,3,0.0725457164088489,1.0,0.00017697454997920388
3216,1,34.0,0.0,0.054215412980969734,0.0,1,0.06376253990699816,0.0,9.649685722354418e-05
3217,2,32.0,1.0,0.05965895367373557,5.552616500125875e-17,2,0.06813978379264668,0.0,0.0001601904811271949
3218,2,32.0,1.0,0.05965895367373557,5.815837639676187e-17,2,0.06813978379264668,0.0,0.00016019048112725224
3219,2,32.0,9876.0,0.059969650986342944,5.714614675242833e-17,1,0.06915172264338776,0.0,0.0001837608390791734
3220,1,33.0,0.0,0.05512346987736702,0.0,1,0.061014466483114184,0.0,0.00010404534178883605
3221,3,32.0,0.0,0.05752480320462062,0.0,3,0.06798061909498633,1.0,0.00017521105141615786
3222,2,31.0,0.0,0.059843969569220334,0.0,2,0.0689123191819205,1.0,0.00012564699098077827
3223,1,35.0,0.0,0.05099512759104798,0.0,1,0.05808864956012775,0.0,0.00010002296560303968
3224,1,33.0,0.0,0.05685807350114522,0.0,1,0.0672314818591607,0.0,9.145504089243181e-05
3225,1,33.0,0.0,0.05685807350114522,0.0,1,0.0672314818591607,0.0,9.145504089243181e-05
3226,1,31.0,0.0,0.06273971906830247,0.0,1,0.07302727123523663,0.0,9.177464752949352e-05
3227,1,31.0,0.0,0.06273971906830247,0.0,1,0.07302727123523663,0.0,9.177464752949352e-05
3228,2,33.0,0.0,0.055808488764870025,0.0,2,0.06413339039886792,1.0,0.00013288305711752166
3229,2,36.0,4939.0,0.05014464802314368,1.1040555444024113e-17,1,0.05693108699564237,0.0,0.00019953440358261548
3230,3,33.0,0.0,0.05678226186507891,0.0,3,0.06779055250033379,1.0,0.00018811417019886698
3231,1,33.0,0.0,0.054567546669612284,0.0,1,0.0631714450814853,0.0,8.350186696257726e-05
3232,2,34.0,0.0,0.05166715475044974,0.0,2,0.05778245684324739,1.0,0.0001498553671072233
3233,1,33.0,0.0,0.05887540819488475,0.0,1,0.070138345723992,0.0,9.089864157825479e-05
3234,3,36.0,4939.0,0.050145666054226344,6.103947491558213e-18,2,0.05706603976217397,0.3333333333333333,0.00026785134911741016
3235,2,34.0,0.0,0.05166715475044974,0.0,2,0.05778245684324739,1.0,0.00014985536710713395
3236,1,34.0,0.0,0.053122278020926304,0.0,1,0.059829176429014204,0.0,0.0001020304680084471
3237,1,34.0,0.0,0.053122278020926304,0.0,1,0.059829176429014204,0.0,0.0001020304680084471
3238,2,33.0,0.0,0.05753418275837972,0.0,2,0.06774031146783997,1.0,0.00014195770262290797
3239,1,33.0,0.0,0.05581101081197112,0.0,1,0.0633117875003265,0.0,9.565839836374917e-05
3240,1,33.0,0.0,0.05581101081197112,0.0,1,0.0633117875003265,0.0,9.565839836374917e-05
3241,1,33.0,0.0,0.05604846944564206,0.0,1,0.06718860302911704,0.0,7.965792128226479e-05
3242,1,32.0,0.0,0.06039636643722568,0.0,1,0.07092343574687962,0.0,9.062146155267607e-05
3243,1,32.0,0.0,0.06039636643722568,0.0,1,0.07092343574687962,0.0,9.062146155267607e-05
3244,3,34.0,0.0,0.05372543475187332,0.0,3,0.06251527210883581,1.0,0.00019480872715624262
3245,2,34.0,0.0,0.05158083782316335,0.0,2,0.057116576951658525,1.0,0.00018053799592337397
3246,2,34.0,0.0,0.05299235150878021,0.0,2,0.05967146653238773,1.0,0.00014214686895307896
3247,2,34.0,9876.0,0.054221958795701755,0.0,1,0.06403115287297956,0.0,0.00018637781517503996
3248,1,34.0,0.0,0.05421957831655892,0.0,1,0.06384559281899846,0.0,9.630556639648731e-05
3249,1,35.0,0.0,0.04894772303911855,0.0,1,0.056027213423247554,0.0,9.304374829982777e-05
3250,2,35.0,0.0,0.05033933193388632,0.0,2,0.056941704939686616,1.0,0.000131114144846062
3251,3,36.0,4939.0,0.050145666054226344,7.902326099541168e-18,2,0.05706603976217397,0.3333333333333333,0.0002678513491172933
3252,2,33.0,0.0,0.05767524401064774,0.0,2,0.06805481208089195,1.0,0.0001493710589299887
3253,2,31.0,0.0,0.059843969569220334,0.0,2,0.0689123191819205,1.0,0.00012564699098077827
3254,1,35.0,0.0,0.05110274341043572,0.0,1,0.05835268986445067,0.0,0.00010048167206124516
3255,1,34.0,0.0,0.05287154569000578,0.0,1,0.05925203352275151,0.0,0.0001057766679901595
3256,1,34.0,0.0,0.05287154569000578,0.0,1,0.05925203352275151,0.0,0.0001057766679901595
3257,1,34.0,0.0,0.05287154569000578,0.0,1,0.05925203352275151,0.0,0.0001057766679901595
3258,1,34.0,0.0,0.05287154569000578,0.0,1,0.05925203352275151,0.0,0.0001057766679901595
3259,1,34.0,0.0,0.05287154569000578,0.0,1,0.05925203352275151,0.0,0.0001057766679901595
3260,1,34.0,0.0,0.05287154569000578,0.0,1,0.05925203352275151,0.0,0.0001057766679901595
3261,1,34.0,0.0,0.05313542002796601,0.0,1,0.0600836587887597,0.0,9.75156376316132e-05
3262,1,33.0,0.0,0.05571219127100485,0.0,1,0.06548939214879626,0.0,8.504101260901052e-05
3263,2,32.0,0.0,0.05833726972130373,0.0,2,0.06562847784121094,1.0,0.00017092836941592053
3264,1,35.0,0.0,0.04917184265010352,0.0,1,0.054555407005452784,0.0,9.71241923704848e-05
3265,2,31.0,0.0,0.05992236778262979,0.0,2,0.0694739432303867,1.0,0.0001307141022552856
3266,4,35.0,29612.0,0.05279018572741456,0.0,2,0.06130207801169144,0.16666666666666666,0.00033548178913491035
3267,2,32.0,0.0,0.05754356537135402,0.0,2,0.06598275872037708,1.0,0.00014147774274856945
3268,1,33.0,0.0,0.05573041820376575,2.138289360792594e-17,1,0.06304550898203923,0.0,0.00010889433808734755
3269,2,33.0,0.0,0.05439809716777518,0.0,2,0.06258028262657182,1.0,0.00013960120536432209
3270,3,33.0,0.0,0.05609620385405903,0.0,3,0.06483867980727127,1.0,0.0001865371149090734
3271,1,35.0,0.0,0.05035575217630629,0.0,1,0.058043569182825154,0.0,8.956485677213686e-05
3272,2,33.0,4939.0,0.05657870624885468,5.317273879268598e-17,1,0.06393751117378049,0.0,0.00021019346646707301
3273,1,35.0,0.0,0.050464291916519396,0.0,1,0.056360575342618756,0.0,0.00010505944230105182
3274,1,35.0,0.0,0.050464291916519396,0.0,1,0.056360575342618756,0.0,0.00010505944230105182
3275,2,31.0,0.0,0.0610200476796324,0.0,2,0.07133345335761103,1.0,0.00012339448895569495
3276,5,31.0,6235.337696623936,0.06102984779600711,0.0,3,0.07186989060457467,0.5,0.000274776437308148
3277,2,34.0,0.0,0.05483040312555496,0.0,2,0.06403764884200895,1.0,0.000148471254575443
3278,1,31.0,0.0,0.061016279242113586,0.0,1,0.07113102420781343,0.0,7.668249461341546e-05
3279,3,34.0,0.0,0.05372543475187332,0.0,3,0.06251527210883581,1.0,0.00019480872715615819
3280,1,33.0,0.0,0.05448509380480219,0.0,1,0.06171982874650438,0.0,8.145428731616252e-05
3281,3,32.0,4939.0,0.05874169114237131,0.0,2,0.07024725202696153,0.3333333333333333,0.00023029386377958615
3282,1,33.0,0.0,0.05548317534480435,2.5944631937835815e-18,1,0.0643255025699564,0.0,9.560815515047456e-05
3283,2,30.0,9476.228707862867,0.06546080964685616,4.432653847000919e-17,2,0.07801230857535278,0.0,0.00016688696530691374
3284,6,32.0,1852.1687029692976,0.05869702118558477,0.0,3,0.07151879087947219,0.4,0.0003079074510267285
3285,1,34.0,0.0,0.05270513928453307,0.0,1,0.06067580857146994,0.0,8.481558957771528e-05
3286,4,33.0,5081.18111334947,0.055636896046852125,1.9310572985519566e-17,2,0.06600075297645272,0.16666666666666666,0.0002562699411676405
3287,1,35.0,0.0,0.04917135320758473,0.0,1,0.05452166881381986,0.0,9.603505929402379e-05
3288,3,30.0,7407.0,0.06843053054439673,3.444632719198819e-16,2,0.08123885366379328,0.0,0.00024388075821746893
3289,3,30.0,7407.0,0.06843053054439673,3.424992447026617e-16,2,0.08123885366379328,0.0,0.00024388075821729237
3290,1,31.0,0.0,0.06404854205292432,4.836886066786744e-17,1,0.07381031813092277,0.0,9.945777524119786e-05
3291,1,31.0,0.0,0.06404854205292432,4.7415888686234305e-17,1,0.07381031813092277,0.0,9.94577752411291e-05
3292,1,32.0,0.0,0.06110458284371328,3.9280076467467953e-17,1,0.07010256409680085,0.0,9.566737758724431e-05
3293,3,39.0,108259.57824295913,0.04944450005004504,0.0,2,0.062350415754847975,0.0,0.00022638108365825873
3294,4,37.0,44185.64295994375,0.05096040768326147,3.4275397280228716e-17,2,0.06153260592188683,0.0,0.0003178802703139902
3295,3,36.0,99376.66337369531,0.05367289953172025,0.0,2,0.06630256837357144,0.0,0.00021972527737411474
3296,5,40.0,44408.9833333333,0.0490405328938878,1.3835033057486416e-18,2,0.06054647425280128,0.0,0.0003660055637887908
3297,4,39.0,73783.65238095236,0.05155607505896596,0.0,2,0.06548008867744329,0.16666666666666666,0.0002719711068060583
3298,2,39.0,15555.446853146872,0.04702254035942735,0.0,2,0.05776322740859259,0.0,0.0001680651916587814
3299,6,38.0,43197.508139896134,0.04933586337760911,0.0,2,0.06300957587137833,0.06666666666666667,0.0004394147742804659
3300,1,39.0,0.0,0.046838851594796525,0.0,1,0.05263683125488966,0.0,0.00010618981803097565
3301,3,37.0,55909.082294828506,0.05165959048794261,5.6268117565845966e-18,2,0.060099033755910546,0.0,0.00024850845488414114
3302,3,42.0,7179.6196886447015,0.044865041595524395,3.776229818354889e-17,2,0.05375614460098833,0.0,0.0002636019456672111
3303,1,41.0,0.0,0.04317313826765598,0.0,1,0.05242115146582355,0.0,9.438763541279834e-05
3304,1,41.0,0.0,0.04317313826765598,0.0,1,0.05242115146582355,0.0,9.438763541279834e-05
3305,1,41.0,0.0,0.04317313826765598,0.0,1,0.05242115146582355,0.0,9.438763541279834e-05
3306,1,41.0,0.0,0.043736166445329794,0.0,1,0.052768662780457685,0.0,9.579252467475362e-05
3307,7,38.0,146318.0401338448,0.04923555325213786,5.2234681147659394e-17,2,0.062441940412233596,0.0,0.0004794399069838272
3308,5,40.0,14209.145467381575,0.046195855464950995,3.1339307859494314e-17,2,0.05556856617572066,0.0,0.0004067373621287012
3309,4,40.0,35480.575158090054,0.04907561021646914,0.0,2,0.060919675612845,0.0,0.00030257284621742754
3310,8,39.0,87983.90858275276,0.05157652954687826,3.215621731175581e-18,2,0.06617381016063874,0.03571428571428571,0.0005534315283658401
3311,2,38.0,20022.989124889365,0.05181292805974219,0.0,2,0.06583325673233004,0.0,0.00015162356955388768
3312,10,37.0,657824.6843653229,0.054633326329060726,0.0,2,0.073538446195001,0.044444444444444446,0.0006110641197659602
3313,2,38.0,10176.40722437111,0.048983639067922656,0.0,2,0.059509024185095634,0.0,0.0001681800844758522
3314,4,37.0,61297.640434121604,0.051499640336519915,0.0,2,0.06483520200208048,0.0,0.0002906370416581763
3315,4,40.0,49476.47760029154,0.04494954550004095,0.0,2,0.055188246835082014,0.0,0.00030921954459275046
3316,6,38.0,106298.80126188518,0.05014770224040443,0.0,2,0.0643838676038684,0.0,0.0004807848167493084
3317,7,37.0,165629.00717338076,0.05272370218579235,0.0,2,0.06969505545991132,0.0,0.0004963050177653674
3318,2,36.0,22852.18468818713,0.05768265200079401,1.3934857510522948e-17,2,0.06669149711046568,0.0,0.00017120068427940965
3319,5,43.0,28084.69403721278,0.041789327648631275,0.0,2,0.05196278458750954,0.0,0.000347996950669423
3320,5,38.0,49323.0,0.048839807409018554,1.653687248516755e-17,2,0.059071221925233834,0.0,0.0004254466072367367
3321,5,38.0,36819.46755182712,0.05181999370607364,0.0,2,0.06640487809342512,0.1,0.0003295337143447829
3322,4,37.0,37682.250422681514,0.05242547411094249,4.9339908447465346e-18,2,0.06305796217097653,0.0,0.00029764176572874155
3323,3,36.0,123353.01781799787,0.0551314673452078,0.0,2,0.06768405269618644,0.0,0.0002127132727183953
3324,2,40.0,52819.43952188656,0.0498727940879538,0.0,2,0.0603033500959655,0.0,0.00015152324974925066
3325,2,41.0,14805.0,0.04675152604930677,0.0,2,0.05590541581225567,0.0,0.00016716290462361465
3326,2,40.0,19700.52857142857,0.049033718125601755,0.0,2,0.05999654172918436,0.0,0.00015745161079712443
3327,3,40.0,24499.780158730136,0.047054341096347096,0.0,2,0.05718282113729278,0.0,0.00025119015928440694
3328,4,39.0,35750.89944574191,0.04934226954463278,0.0,2,0.06158563791010991,0.0,0.00028733890249576437
3329,9,38.0,125970.74248309126,0.05027887473028539,0.0,2,0.06594142132994552,0.027777777777777776,0.000587554780251123
3330,4,38.0,62191.66478005283,0.05059920106524634,0.0,2,0.06287147291887167,0.0,0.00030577451607715614
3331,6,37.0,111561.93509363076,0.05322071513989291,8.593431001305329e-18,2,0.06800828292814369,0.0,0.0004176490418897498
3332,3,39.0,79610.897321538,0.0515512329510472,0.0,2,0.065143013471947,0.0,0.0002106929540969619
3333,5,38.0,549487.6494059495,0.05431436362037118,0.0,2,0.07124875797173837,0.1,0.00031572293767495715
3334,3,38.0,10673.563197074112,0.048528906134878924,1.085573999050236e-17,2,0.0574341339579669,0.0,0.00024623814590053045
3335,1,37.0,0.0,0.05213225129011492,0.0,1,0.06516852375516882,0.0,8.64437368118289e-05
3336,5,36.0,495144.9746302183,0.054998886662213316,0.0,2,0.07255831972217519,0.1,0.00032991476313091713
3337,5,41.0,42238.6874721248,0.04732299380202895,2.841092818338456e-17,2,0.05675446481859445,0.0,0.0003945953021570831
3338,1,44.0,0.0,0.04102512996827611,1.658294659458894e-17,1,0.04641399014788267,0.0,0.00012339905221962262
3339,1,37.0,0.0,0.050627722264924416,1.6796583842675612e-17,1,0.05877352868359977,0.0,0.00010860620178923975
3340,1,40.0,0.0,0.049847631732962,0.0,1,0.059657665371333005,0.0,9.147284155826162e-05
3341,3,40.0,8260.163492063186,0.049857693627500456,0.0,2,0.06011594247434722,0.0,0.0002235004594457726
3342,5,39.0,74654.49553301545,0.052462219767849365,1.6150323732833075e-17,2,0.06517842280839115,0.0,0.0003594977322275371
3343,8,41.0,25627.15665717743,0.043280561420723854,7.600411780498823e-17,2,0.05431918795409033,0.0,0.0005517206547961184
3344,4,39.0,30578.165865201896,0.04719685099552872,0.0,2,0.05930148666029617,0.0,0.0002752764506112576
3345,4,35.0,193601.93088205426,0.05754758742806552,0.0,2,0.06956420992445654,0.0,0.00028206693091972984
3346,2,38.0,9854.0,0.04883208287615037,0.0,2,0.05848417739082091,0.0,0.00017123717799132134
3347,6,39.0,171162.53644954754,0.05167580233482572,2.6505051911444057e-17,2,0.06257730546766045,0.0,0.0004607432864664849
3348,2,38.0,174580.8531162142,0.054411878090958155,0.0,2,0.06608326910164197,0.0,0.0001566815684946196
3349,3,40.0,51201.05311621903,0.04923997009718415,0.0,2,0.05882820679577066,0.0,0.00023252808751246466
3350,5,39.0,28860.856695196882,0.04823936097494287,7.163972893472771e-17,2,0.0588531598560657,0.0,0.00037183538787347546
3351,9,37.0,89792.10407965249,0.0533270003022583,0.0,2,0.06978019413211456,0.027777777777777776,0.0005859352038961491
3352,7,36.0,541612.4823152177,0.054374745462350445,0.0,2,0.07145124229886347,0.0,0.00045509498125026417
3353,4,41.0,18726.205802881075,0.04582347757525161,0.0,2,0.05534815961104783,0.0,0.00028753486485293226
3354,1,40.0,0.0,0.04493646129915494,0.0,1,0.05430093239513571,0.0,9.49718851757805e-05
3355,10,39.0,157798.82355279083,0.047050307636626855,1.1047727074165206e-16,2,0.05961284307426463,0.0,0.0007601606834847785
3356,5,41.0,19953.14655899656,0.04681665687370875,0.0,2,0.05712005194085939,0.1,0.0003575082391521913
3357,2,40.0,14648.20019958874,0.04907366015993642,0.0,2,0.060626153345638326,0.0,0.00014993672762418812
3358,5,39.0,65639.5912547576,0.04939604831613471,3.6068476977160134e-18,2,0.06204534071293053,0.1,0.00038112371457741154
3359,4,38.0,112419.00444468026,0.05192784762225119,0.0,2,0.06726523512281084,0.16666666666666666,0.00027339641333241384
3360,5,37.0,75685.37900432911,0.05133534240881222,0.0,2,0.06357024454679297,0.0,0.0003775044331326739
3361,3,36.0,47064.31258741266,0.05407417137352774,0.0,2,0.06846789560004858,0.0,0.0002081553671792665
3362,2,35.0,507019.28810453374,0.05679401248548534,0.0,2,0.07198997495164082,0.0,0.00013954688673607763
3363,2,40.0,4939.0,0.04255172532602891,3.313369415199652e-17,1,0.0475135670040518,0.0,0.00021129643902047796
3364,2,38.0,9876.0,0.04827660343799779,0.0,1,0.0559999883300902,0.0,0.00018976497938836948
3365,3,37.0,246889.00172604097,0.05176460725961941,0.0,2,0.06676128174845804,0.0,0.0002063182527918467
3366,1,39.0,0.0,0.047753460675895136,0.0,1,0.058579747123897366,0.0,9.846940945240752e-05
3367,1,42.0,0.0,0.04532650683108995,2.3552327666794506e-18,1,0.05205751955294612,0.0,0.00010901466592684514
3368,3,41.0,19987.518297176248,0.04747808703675227,5.899108460029325e-17,2,0.055780021153193436,0.0,0.000277610960637532
3369,2,40.0,24896.851630509696,0.049834557340004845,0.0,2,0.059673972163955584,0.0,0.00017251995084181218
3370,2,42.0,10151.006392414305,0.04533940306178641,1.7352348011063744e-17,2,0.05236229518666924,0.0,0.0001912218550879814
3371,4,41.0,14655.798369490545,0.044941366981741435,3.5720469960037785e-17,2,0.053823722697931176,0.0,0.0003210642728449816
3372,1,38.0,0.0,0.05498419482658831,0.0,1,0.06428577293561251,0.0,9.486176795867418e-05
3373,1,43.0,0.0,0.039622702043697264,0.0,1,0.045602634883712634,0.0,0.00010124385454827484
3374,1,43.0,0.0,0.039622702043697264,0.0,1,0.045602634883712634,0.0,0.00010124385454827484
3375,1,43.0,0.0,0.039622702043697264,0.0,1,0.045602634883712634,0.0,0.00010124385454827484
3376,1,41.0,0.0,0.04301262516325642,0.0,1,0.0507759313565039,0.0,0.00010295700345873353
3377,1,45.0,0.0,0.03846363473562091,1.3633893477326184e-18,1,0.043915501628332854,0.0,0.00011737773356698221
3378,3,38.0,9877.0,0.047911393018902695,5.999875286945437e-17,1,0.05675340982454857,0.0,0.00029108769859127417
3379,1,39.0,0.0,0.04572126686781556,1.7427304726987737e-18,1,0.052815262328462155,0.0,0.00011283307501370867
3380,1,39.0,0.0,0.04572126686781556,1.8103633438228088e-18,1,0.052815262328462155,0.0,0.00011283307501370867
3381,1,39.0,0.0,0.05048750076651064,0.0,1,0.05661048230867159,0.0,0.00010426521776373899
3382,1,42.0,0.0,0.04300925482548168,2.660332699859253e-18,1,0.049745882639596284,0.0,0.00011406696952883477
3383,1,41.0,0.0,0.04260457093574817,1.5412448693243099e-18,1,0.04826926442981564,0.0,0.00011876689416904288
3384,1,42.0,0.0,0.04138878648748282,6.333153270722215e-18,1,0.048870931641924485,0.0,0.00010858900155937486
3385,1,39.0,0.0,0.05048750076651064,0.0,1,0.05661048230867159,0.0,0.00010426521776373899
3386,1,41.0,0.0,0.04288380572073441,0.0,1,0.04741046135961954,0.0,0.00011588344780015651
3387,1,38.0,0.0,0.05498419482658831,0.0,1,0.06428577293561251,0.0,9.486176795867418e-05
3388,1,38.0,0.0,0.04848984559812323,0.0,1,0.056765617813742265,0.0,9.790778452129151e-05
3389,1,40.0,0.0,0.04596588847223902,0.0,1,0.0539895731576236,0.0,0.00010137573877076827
3390,1,42.0,0.0,0.04088963936000265,1.795282100231632e-17,1,0.04587203016901969,0.0,0.00012287868814451024
3391,1,43.0,0.0,0.03961317017625455,1.8269928145027366e-17,1,0.04519560770036949,0.0,0.00011679431617692978
3392,1,38.0,0.0,0.05008364170933239,0.0,1,0.06273634115370905,0.0,9.062383637966543e-05
3393,1,38.0,0.0,0.05008364170933239,0.0,1,0.06273634115370905,0.0,9.062383637966543e-05
3394,1,40.0,0.0,0.04449408246716985,7.584116237741988e-19,1,0.05106550425606423,0.0,0.00010706142435887411
3395,1,40.0,0.0,0.04707137888648556,0.0,1,0.056838908414837575,0.0,9.514925855773659e-05
3396,1,42.0,0.0,0.04129433498566401,0.0,1,0.04833997259499677,0.0,0.00010222986758895722
3397,1,42.0,0.0,0.04129433498566401,0.0,1,0.04833997259499677,0.0,0.00010222986758895722
3398,1,42.0,0.0,0.04129433498566401,0.0,1,0.048316355860853734,0.0,0.00010177921768310019
3399,2,43.0,0.0,0.04170219231970555,0.0,2,0.04980399749793627,1.0,0.00015839188138214397
3400,3,42.0,4998.666666666667,0.044770708718506434,9.900548656971936e-18,2,0.05138968405756187,0.0,0.00026160748364031667
3401,4,41.0,24594.749999999996,0.04685884484410423,3.3852643261985194e-17,2,0.05458580747085234,0.0,0.0003310709686758748
3402,2,40.0,29407.749999999993,0.04914542668974711,0.0,2,0.05787042724368294,0.0,0.00016598277350596282
3403,3,36.0,9876.0,0.05441907091003228,1.1107148046454011e-17,2,0.06389912277028012,0.3333333333333333,0.00023259509239898776
3404,2,42.0,34.333333333333336,0.04479303622432788,0.0,2,0.05125587331140291,0.0,0.00018200893475020258
3405,1,44.0,0.0,0.04108654789826505,1.7578011253966113e-17,1,0.045492754067008215,0.0,0.00012216733097567347
3406,1,42.0,0.0,0.043181440721672015,0.0,1,0.051322873925148615,0.0,0.0001009098514021111
3407,1,42.0,0.0,0.043181440721672015,0.0,1,0.051322873925148615,0.0,0.0001009098514021111
3408,1,41.0,0.0,0.045050385299347954,0.0,1,0.05406572934175991,0.0,9.832370616363461e-05
3409,1,41.0,0.0,0.045050385299347954,0.0,1,0.05406572934175991,0.0,9.832370616363461e-05
3410,6,41.0,43739.31896441063,0.04512981674005591,2.7260066459078858e-17,2,0.0556661807347223,0.0,0.0004980114658060457
3411,7,40.0,99373.16020342933,0.047175216776805834,4.1525633541358e-17,2,0.05896139119521371,0.0,0.0005597157101038845
3412,2,41.0,20805.293073899305,0.043213170394604476,0.0,2,0.0531862562440859,0.0,0.00016251696376133078
3413,2,40.0,2170.4904761904763,0.05027580451464512,0.0,2,0.06163265468891658,0.0,0.0001565485062762115
3414,2,42.0,342.7824218117601,0.04191840336704908,2.4386010914260423e-17,2,0.049657516427147524,0.0,0.0001751702999276723
3415,2,41.0,2338.1504750090216,0.043204855736013084,0.0,2,0.053102232081114344,0.0,0.0001613467798501462
3416,3,43.0,4939.0,0.03962365548274285,0.0,2,0.04583880222514323,0.3333333333333333,0.00026626533972424576
3417,2,43.0,0.0,0.03962333766462935,0.0,2,0.0457375876502444,1.0,0.00017668570080334693
3418,3,42.0,16616.987745376708,0.04327032566613528,0.0,2,0.05292884105743117,0.0,0.00022170200369687722
3419,1,40.0,0.0,0.04506189168726682,0.0,1,0.05432059599380781,0.0,9.557865472552741e-05
3420,2,39.0,2238.7496211872744,0.047060168425865946,0.0,2,0.05773311969213287,0.0,0.00016140926061697106
3421,2,38.0,405.7748196248194,0.050096847143769836,0.0,2,0.06312264344790637,0.0,0.00015505094850788023
3422,2,42.0,4939.0,0.04194937203318586,2.913873986137786e-17,1,0.049537053517032296,0.0,0.0001943954085278926
3423,3,42.0,6990.195526695528,0.0438199655826991,0.0,2,0.051717075501322346,0.0,0.00024580449444366236
3424,1,43.0,0.0,0.04124813172682715,0.0,1,0.04744121302879339,0.0,9.970092689960313e-05
3425,1,43.0,0.0,0.041980743246114234,0.0,1,0.04831845990742951,0.0,0.00010000283383859853
3426,4,42.0,8288.974003250043,0.04302236466243991,5.060990286367003e-17,2,0.05077460116578412,0.0,0.0003263185873884389
3427,2,43.0,1889.7110679031389,0.04197574923313535,3.0438047538245833e-17,2,0.048339571836436175,0.0,0.00018801861860171055
3428,1,42.0,0.0,0.04457276910583777,0.0,1,0.05168331562083531,0.0,0.00010459652712510096
3429,3,41.0,12777.636999493023,0.04665174566299308,1.068234977074443e-17,2,0.055559250055627875,0.0,0.0002620175295724226
3430,1,44.0,0.0,0.038113754899237726,0.0,1,0.04315198568111935,0.0,0.00010580007333476291
3431,7,42.0,29632.0,0.04125708845219105,9.790737554783447e-17,2,0.048975985817042336,0.047619047619047616,0.0005837639909187302
3432,3,40.0,36840.100000000006,0.044945455868839336,0.0,2,0.05485086491875279,0.0,0.00025623097545594874
3433,2,41.0,4935.0,0.046750641165169825,0.0,2,0.05585480852480628,0.0,0.00016741968623016666
3434,2,42.0,71.78650793650793,0.04538522315932602,0.0,2,0.053025447823505496,0.0,0.00015893096824324754
3435,2,38.0,17014.996027701105,0.050927310027731675,0.0,2,0.0639032493741317,0.0,0.00015128554603286443
3436,2,40.0,0.0,0.0470368677635588,0.0,2,0.057105160943235866,1.0,0.00015151446333460178
3437,2,40.0,5295.021428571406,0.044965092888415575,0.0,2,0.05490966576702731,0.0,0.0001687179672345452
3438,2,42.0,318.7015873015893,0.041978959533642654,2.8814250446271173e-17,2,0.05018541434490004,0.0,0.0001799072751207564
3439,1,43.0,0.0,0.04281059345535219,0.0,1,0.04946707090648567,0.0,0.00010838528283842708
3440,1,39.0,0.0,0.04701672234436418,0.0,1,0.05745139012307132,0.0,9.260865343598263e-05
3441,1,39.0,0.0,0.04701672234436418,0.0,1,0.05745139012307132,0.0,9.260865343598263e-05
3442,2,42.0,4939.0,0.04138878648748282,4.745614344990749e-17,1,0.04895527712100681,0.0,0.00021015544916267757
3443,1,42.0,0.0,0.04300925482548168,1.7994215920385936e-18,1,0.049745882639596284,0.0,0.00011406696952883477
3444,1,43.0,0.0,0.039744157045737964,1.6278183755217042e-17,1,0.04591162836125991,0.0,0.00011967429297370296
3445,4,40.0,14814.0,0.044804817878392106,6.586137133091402e-17,1,0.05047667601015923,0.0,0.0004024716269205527
3446,3,38.0,34311.662862137724,0.04914004914004914,1.0558708964446028e-17,2,0.05642620304930044,0.0,0.00026764090924031637
3447,1,41.0,0.0,0.04288380572073441,0.0,1,0.04741046135961954,0.0,0.00011588344780015651
3448,1,41.0,0.0,0.04288380572073441,0.0,1,0.04741046135961954,0.0,0.00011588344780015651
3449,2,39.0,9876.0,0.04657345690069672,4.396978903365693e-18,1,0.05198447235956428,0.0,0.00020078828706774477
3450,1,43.0,0.0,0.04293897276765148,7.412474230766643e-19,1,0.050065124320052744,0.0,0.00010504544501862008
3451,1,43.0,0.0,0.03974479656939651,1.5106714061920074e-17,1,0.045938618914566264,0.0,0.0001197785561523292
3452,1,44.0,0.0,0.0394404879762399,0.0,1,0.04702301880717863,0.0,9.123459239796905e-05
3453,2,39.0,4939.0,0.04745482665539535,3.15889416924462e-17,1,0.054474906716468305,0.0,0.0001976900122509746
3454,3,38.0,11678.72221914666,0.049817470401968496,1.5439793362309253e-17,2,0.05843119995158389,0.0,0.0002474533243349703
3455,2,39.0,15117.489124889584,0.04927189307799721,1.3869482427346992e-17,2,0.060494611302887996,0.0,0.0001631173936333999
3456,4,42.0,9984.583333333328,0.04484223521295523,6.353138249812139e-17,2,0.05176545105342807,0.0,0.0003587283035100987
3457,1,43.0,0.0,0.04291808206562818,0.0,1,0.04844395957617167,0.0,0.00010658799157545646
3458,1,43.0,0.0,0.04291808206562818,0.0,1,0.04844395957617167,0.0,0.00010658799157545646
3459,1,42.0,0.0,0.044692939601201465,0.0,1,0.05227891162631934,0.0,0.0001040730288052011
3460,1,40.0,0.0,0.049047349556687415,0.0,1,0.05998441204600205,0.0,8.916032696844327e-05
3461,1,43.0,0.0,0.04278315694663364,1.0811818347442836e-18,1,0.049180621525906826,0.0,0.00010741108413814252
3462,3,42.0,4941.0,0.04469496141214364,4.3214179065076626e-17,2,0.0525825553510156,0.0,0.0002719512602069045
3463,2,42.0,2.0,0.04469415266581621,1.543211696014149e-17,2,0.052447602584484,0.0,0.00018018543502179094
3464,2,41.0,4935.0,0.046782075078601465,0.0,2,0.0561322824004583,0.0,0.0001712337667850114
3465,3,41.0,14809.0,0.04678340420293012,1.3518272044300246e-17,2,0.05630097335862295,0.0,0.0002601698884436229
3466,2,39.0,36140.786943701954,0.049815460944275254,0.0,2,0.06390923379043816,0.0,0.00014394624971410773
3467,6,40.0,43809.872324636264,0.04573608243604818,0.0,2,0.05763102512096563,0.0,0.00046188915949524513
3468,14,40.0,106505.09480043579,0.04512074823718534,2.256286210440018e-16,2,0.0578390179643909,0.0,0.0010546020196056818
3469,2,39.0,47090.23325594526,0.04698854773047217,0.0,2,0.058455413175170806,0.0,0.00015260533840358935
3470,2,39.0,47090.23325594526,0.04698854773047217,0.0,2,0.058455413175170806,0.0,0.00015260533840358935
3471,2,39.0,7.369047619047619,0.04927680798004987,0.0,2,0.06065639396467079,0.0,0.00014987031953896088
3472,2,39.0,7399.295277507045,0.047918828995741625,0.0,2,0.06045465716265597,0.0,0.00014434575763597218
3473,2,37.0,17979.746867674738,0.05455910938328327,3.340784297308191e-17,2,0.06206642788530934,0.0,0.00018199276222724298
3474,1,41.0,0.0,0.044156424581005584,0.0,1,0.05151651475650151,0.0,9.950357864146342e-05
3475,1,41.0,0.0,0.040815314831492235,1.6602850291984014e-17,1,0.04492662337458266,0.0,0.00012015921366320376
3476,1,41.0,0.0,0.0426064082107896,1.668113520614589e-17,1,0.046384655402473066,0.0,0.00012450545274354016
3477,1,40.0,0.0,0.049047349556687415,0.0,1,0.05998441204600205,0.0,8.916032696844327e-05
3478,1,40.0,0.0,0.049047349556687415,0.0,1,0.05998441204600205,0.0,8.916032696844327e-05
3479,1,41.0,0.0,0.04317313826765598,0.0,1,0.05242115146582355,0.0,9.438763541279834e-05
3480,3,44.0,9877.0,0.04000194341425494,7.097444094360057e-17,1,0.04663173399778432,0.0,0.0003071276699556686
3481,1,45.0,0.0,0.03846363473562091,2.0925495201943677e-18,1,0.043915501628332854,0.0,0.00011737773356698221
3482,1,40.0,0.0,0.04558078594561677,0.0,1,0.05440531527076217,0.0,0.00010914043046829187
3483,2,39.0,10647.258180225619,0.04777008470970487,0.0,2,0.058913506931341265,0.0,0.00017725545124324082
3484,4,38.0,117381.38410308235,0.05187495405811255,0.0,2,0.06731139117099123,0.0,0.0002646017357846272
3485,4,39.0,87147.91567627121,0.04935212843541764,0.0,2,0.06211460680446387,0.16666666666666666,0.00027494255961530795
3486,5,40.0,61938.58349398403,0.047054789301226856,0.0,2,0.05805103524437261,0.0,0.0003601874966332803
3487,2,41.0,14811.0,0.04494300244730114,0.0,1,0.05368507479612527,0.0,0.0001776709855423236
3488,2,40.0,4067.1845135433095,0.04751964754658176,0.0,2,0.059540449771421054,0.0,0.00015487149216184446
3489,2,39.0,1672.900774225772,0.0468330789431272,0.0,2,0.052973913166004194,0.0,0.00018325166935431668
3490,1,42.0,0.0,0.043109466629433116,0.0,1,0.05054955255466151,0.0,0.00010218135505416512
3491,3,41.0,24661.28829937956,0.04505120698932086,0.0,2,0.05438471591074676,0.0,0.000253493392851489
3492,1,44.0,0.0,0.04115603469103815,1.743781693699493e-17,1,0.04585868801266343,0.0,0.00011692424295784784
3493,3,45.0,4940.5,0.037948914922220085,2.2108921015982687e-17,2,0.04462477927736662,0.0,0.000246229778593239
3494,3,45.0,4940.5,0.037948914922220085,2.2059867011042087e-17,2,0.04462477927736662,0.0,0.00024622977859299654
3495,3,45.0,4940.5,0.037948914922220085,2.1530807273568704e-17,2,0.04462477927736662,0.0,0.0002462297785931587
3496,1,46.0,0.0,0.03656171825273473,9.04626614274399e-19,1,0.04197917839354445,0.0,0.00010012333101431403
3497,7,43.0,51266.96156335894,0.0410595696225678,0.0,2,0.05101099205079145,0.0,0.0005013347732102789
3498,4,39.0,11116.706443614277,0.0479355683858134,0.0,2,0.060986756642123954,0.0,0.00028410333198000773
3499,3,44.0,9870.0,0.0394430072498483,0.0,2,0.04739413891514071,0.0,0.00023076480026740242
3500,3,44.0,9870.0,0.0394430072498483,0.0,2,0.04739413891514071,0.0,0.00023076480026732057
3501,3,44.0,9870.0,0.0394430072498483,0.0,2,0.04739413891514071,0.0,0.00023076480026724337
3502,2,41.0,3885.7775764531802,0.04374042624779748,0.0,2,0.0530125417085471,0.0,0.0001702399021440143
3503,2,41.0,1954.3657283506716,0.04374275012618101,0.0,2,0.05307664427264967,0.0,0.0001667276932872473
3504,2,40.0,3306.596109933172,0.04724831187711613,3.110753427751375e-17,2,0.05719311854161959,0.0,0.00017317230494124454
3505,1,42.0,0.0,0.04468404580566963,5.54144886949161e-19,1,0.052230984407339476,0.0,9.984724329445803e-05
3506,3,41.0,5038.859523809525,0.04677365904464328,1.8352069449139335e-17,2,0.05624105520659953,0.0,0.0002452553513466218
3507,1,44.0,0.0,0.041908446163765316,1.5606060744456575e-17,1,0.047847805323899976,0.0,0.00011073328827049343
3508,1,45.0,0.0,0.04023030628781771,1.569342855322876e-17,1,0.04546298876363384,0.0,0.00011229988616588024
3509,1,44.0,0.0,0.041915557969046974,0.0,1,0.04813747179777686,0.0,9.734900049156806e-05
3510,2,43.0,4939.0,0.043741200846489636,1.2121280626838418e-17,1,0.05099106766587249,0.0,0.0001891177910375279
3511,5,43.0,21339.442663416386,0.04374894834258792,3.2543008437091396e-17,2,0.05163546712606161,0.0,0.00039406337301181333
3512,4,42.0,25142.343950756505,0.04574074074074074,0.0,2,0.054762422305315715,0.0,0.0003041706773084459
3513,2,44.0,4939.0,0.04191626928233238,1.0749778377262863e-18,1,0.048272424564308525,0.0,0.00019280390373256626
3514,4,41.0,9685.819987967776,0.04412960167227964,5.474887279876971e-17,2,0.05248141350257626,0.0,0.00030912368170163905
3515,2,40.0,1025.3203744140249,0.04654493376297888,0.0,2,0.057521574170345494,0.0,0.00015814825478656627
3516,1,42.0,0.0,0.043008880376110045,0.0,1,0.05006552953566007,0.0,9.858438505910414e-05
3517,3,41.0,7603.4000000000015,0.04505901453928526,0.0,2,0.05450215694924054,0.0,0.00026631144547058146
3518,1,43.0,0.0,0.04139502924466641,1.3317973538785967e-17,1,0.048098800740888,0.0,0.00011466914117490253
3519,1,41.0,0.0,0.045050385299347954,0.0,1,0.05406572934175991,0.0,9.832370616363461e-05
3520,1,42.0,0.0,0.043116615607516603,0.0,1,0.05062698973736183,0.0,0.00010581313662958178
3521,1,40.0,0.0,0.04557826267472436,1.4002016556997846e-17,1,0.0543108483341899,0.0,0.00011304536375240077
3522,2,41.0,1016.3915135589068,0.04369593291701311,2.674135330895304e-17,2,0.05201544894526049,0.0,0.00018749912471252345
3523,2,43.0,5263.744487652391,0.04339347516733719,3.528681192871487e-17,2,0.049536676607420976,0.0,0.00019342868037914405
3524,1,43.0,0.0,0.04035057626177232,0.0,1,0.04754593862104314,0.0,0.00010034647948254035
3525,3,42.0,21708.57823865796,0.04204684733760044,0.0,2,0.051126027408637295,0.0,0.0002470173614222278
3526,2,41.0,748.0611111111087,0.04319503344554715,0.0,2,0.05293662283655767,0.0,0.00016813371747168425
3527,2,41.0,3866.6203894104515,0.04375747375880243,0.0,2,0.053192150111839774,0.0,0.00017225311660107507
3528,1,43.0,0.0,0.04026079869600652,1.6800818229649046e-17,1,0.04648411470496865,0.0,0.00011297627570389035
3529,2,41.0,3314.719841270087,0.04751324888670879,1.0585705681875208e-17,2,0.056110071220085586,0.0,0.00016122901875925322
3530,2,41.0,4939.0,0.043596441683140356,4.818190266364381e-17,1,0.05104715048708371,0.0,0.0002238415346165117
3531,1,42.0,0.0,0.04177554523851807,1.7353915220971882e-17,1,0.04793959759384412,0.0,0.00012549087929155506
3532,2,40.0,1109.104639322039,0.04643773677135525,3.3702328560983236e-17,2,0.05644580502271397,0.0,0.0001713725424623276
3533,1,41.0,0.0,0.04355416056849641,2.016243398821308e-18,1,0.047834118159623025,0.0,0.00012030831769255491
3534,1,43.0,0.0,0.04285255770782189,0.0,1,0.04816959323858231,0.0,0.00010448034744432785
3535,1,41.0,0.0,0.04260383607009797,1.7323246595661082e-17,1,0.04821865714236625,0.0,0.00012080179518849977
3536,3,39.0,19747.0,0.047757153905645784,0.0,1,0.0589272504977164,0.0,0.0002780548354895871
3537,2,41.0,4939.0,0.0430010184451737,3.3912781745233426e-17,1,0.050417117801949886,0.0,0.00020605754727197985
3538,3,40.0,10754.446853146868,0.0449319653641854,3.669374026016791e-17,2,0.053979559174042874,0.0,0.00026631719372752514
3539,1,41.0,0.0,0.043969346067235716,3.033506340690095e-19,1,0.05084164557962954,0.0,0.00010391425697046762
3540,2,39.0,853.312964443226,0.04781956342868206,0.0,2,0.059525541096006995,0.0,0.00015510732025237662
3541,3,40.0,5518.86366966368,0.045080807804272635,6.569307592915992e-17,2,0.05081808883392301,0.0,0.00028797570592302386
3542,3,39.0,24681.0,0.04657038349862363,0.0,1,0.05495327779104155,0.0,0.00028153638550826933
3543,1,39.0,0.0,0.052225945934516696,8.19600204263924e-19,1,0.06004156696102641,0.0,0.00010301387879822097
3544,2,38.0,13330.189999543318,0.051919661155895615,3.5071546951261496e-17,2,0.05863264737412298,0.0,0.00018558645724453825
3545,4,38.0,25396.372852147906,0.04884608539165859,5.884079348060027e-17,2,0.05545963043361266,0.0,0.00035897804387841444
3546,1,39.0,0.0,0.0465659936278114,0.0,1,0.05453155039562997,0.0,0.00010268415030982764
3547,1,39.0,0.0,0.0465659936278114,0.0,1,0.05453155039562997,0.0,0.00010268415030982764
3548,1,38.0,0.0,0.04908828936254782,4.808708854864289e-19,1,0.05949436897781808,0.0,9.59674908350608e-05
3549,1,41.0,0.0,0.04355416056849641,4.897206861489358e-18,1,0.047834118159623025,0.0,0.00012030831769255491
3550,2,42.0,430.3299594385675,0.04259869272028008,0.0,2,0.05082282310775936,0.0,0.0001669062790882552
3551,2,42.0,1394.0048453585387,0.04236161728765596,1.9217028476592438e-18,2,0.04974432878577853,0.0,0.0001704943869103143
3552,2,38.0,19580.611264701995,0.048551800053072816,0.0,2,0.05739985203365163,0.0,0.00017006460344355727
3553,3,41.0,24595.146039943396,0.04378501028150039,0.0,2,0.05316136428893239,0.0,0.00024002593094127786
3554,2,42.0,61.33333333333333,0.044798723145704676,0.0,2,0.05141420182499463,0.0,0.00017465171757243854
3555,2,42.0,19744.0,0.0447654345600029,0.0,1,0.051121706421163114,0.0,0.00018870638114134276
3556,2,39.0,9839.980513930514,0.04974923966243026,1.446611315849693e-17,2,0.056362421129244174,0.0,0.00018325013227858588
3557,2,39.0,4939.0,0.047754383929779785,0.0,1,0.058714699890428976,0.0,0.0001945579686419482
3558,2,39.0,0.0,0.04795604352933182,0.0,2,0.06038238567174316,1.0,0.00014809993823737175
3559,1,40.0,0.0,0.04402734329741629,1.9053106250663418e-17,1,0.0492766256668357,0.0,0.00012138829430975938
3560,2,41.0,8341.230455530333,0.0458213523791856,0.0,2,0.05503776824802489,0.0,0.00015622637043511393
3561,2,38.0,10384.740368772904,0.05064173535080166,0.0,2,0.06323853317948905,0.0,0.00014675606867234583
3562,3,40.0,9877.0,0.044500094585221285,6.278115097267167e-17,1,0.051463614917332666,0.0,0.00031203058972761833
3563,3,42.0,17394.763142675543,0.04574158780718161,0.0,2,0.05468145064539664,0.0,0.00021850056746369024
3564,5,41.0,48061.49269648945,0.04753427952850613,1.4981477509822595e-17,2,0.05695577522368434,0.0,0.00035323769524111214
3565,3,43.0,1000.3021568621537,0.04174377434701414,0.0,2,0.05056271246717729,0.3333333333333333,0.000224823895078185
3566,1,45.0,0.0,0.0397979488749426,5.792830223164904e-18,1,0.04431908683317261,0.0,0.00012129534887786873
3567,3,40.0,10899.063134667816,0.047042690765729304,0.0,2,0.057396433997666654,0.3333333333333333,0.0002214033258945628
3568,3,41.0,4969.971428571426,0.046752853438322195,0.0,2,0.0560336209404608,0.0,0.00023353009124185437
3569,2,40.0,6263.058182018106,0.04494790955825485,0.0,2,0.05461646481593157,0.0,0.00017131335866136632
3570,1,41.0,0.0,0.043011876153658625,0.0,1,0.05069639831644456,0.0,0.00010467723868449159
3571,2,41.0,217.2333333333331,0.04313581669897487,1.3813359917220376e-17,2,0.05147184632876574,0.0,0.00018436436668731705
3572,3,42.0,9877.0,0.04466667269455772,3.969349890505251e-17,2,0.05238023798776719,0.0,0.0002632367001174211
3573,2,42.0,2042.5517780696864,0.0420389754063484,0.0,2,0.051580624592961644,0.0,0.0001481380282654752
3574,2,42.0,2042.5517780696864,0.0420389754063484,0.0,2,0.051580624592961644,0.0,0.00014813802826537352
3575,1,44.0,0.0,0.04100503847335087,1.73409846907395e-17,1,0.046322395395356764,0.0,0.00011735195234574563
3576,5,41.0,14798.195238095237,0.0467466596010447,9.080809153169826e-17,2,0.056015305922145785,0.0,0.0004076442560081388
3577,2,42.0,11.583333333333334,0.0446682882280072,0.0,2,0.05236336889195072,0.0,0.0001658246097861514
3578,1,42.0,0.0,0.04465940423993129,0.0,1,0.052009358866887796,0.0,9.965775060094969e-05
3579,2,39.0,4939.0,0.04605459427207637,4.196124622741118e-17,1,0.05242381501621088,0.0,0.0002141883934829011
3580,3,39.0,20453.082276828332,0.048180080365154296,0.0,2,0.05833015090329318,0.0,0.00025065004126300944
3581,2,39.0,9363.58073593073,0.048172093340744425,0.0,2,0.058009638082780375,0.0,0.000168891341636754
3582,2,38.0,258.7238095238098,0.04940296417785067,0.0,2,0.06215471518409961,0.0,0.00015145877563657874
3583,3,42.0,5259.919291819283,0.04149377593360996,0.0,2,0.05031962708672329,0.0,0.00024527424404763965
3584,2,42.0,169.5333333333334,0.043126402262826616,9.960597020472038e-18,2,0.05100413452240124,0.0,0.00018363899569835847
3585,2,41.0,2530.883333333334,0.04500318848501412,0.0,2,0.053707590517021585,0.0,0.00018311966839712165
3586,2,39.0,34052.85041655689,0.04790210129258099,0.0,2,0.060198166577217986,0.0,0.00014856561642135612
3587,2,39.0,34052.85041655689,0.04790210129258099,0.0,2,0.060198166577217986,0.0,0.00014856561642135612
3588,2,41.0,1513.3073883673414,0.043049733771383256,3.100875001897126e-17,2,0.051314026302493425,0.0,0.00017962699643697618
3589,2,43.0,4939.0,0.04275797600706285,3.341645603102203e-17,1,0.049155086444703726,0.0,0.00020469111827339215
3590,3,42.0,9877.0,0.04472490561596335,2.523915339665719e-17,1,0.053001045430436475,0.0,0.0002753896085607617
3591,3,41.0,14813.0,0.04317540225665766,0.0,1,0.05274166428633606,0.0,0.0002761086158110302
3592,2,41.0,2469.0,0.04317389290427456,0.0,2,0.05255610423235509,0.0,0.0001679685039868549
3593,2,38.0,110779.31928063055,0.05185099660974253,0.0,2,0.0663032399654712,0.0,0.0001464399842960947
3594,1,41.0,0.0,0.04497082358510319,0.0,1,0.05316758227964464,0.0,0.0001050730952252961
3595,1,41.0,0.0,0.044988434147496495,0.0,1,0.05329477964368412,0.0,0.00010230569035837743
3596,2,41.0,666.2396465806129,0.044254129788225176,0.0,2,0.05216248091360123,0.0,0.00017663701811625358
3597,2,40.0,951.7024265069416,0.04467636764852179,2.856492624260742e-17,2,0.052295991755775664,0.0,0.00018149044582303566
3598,2,38.0,1329.5538211788219,0.05062927889148526,0.0,2,0.06295730125352016,0.0,0.00014939143769593044
3599,2,43.0,14811.0,0.043237376699080114,1.939905308371351e-17,1,0.04957991217881471,0.0,0.00019857465259200916
3600,2,43.0,584.9438445197801,0.04198680900251581,0.0,2,0.04866403538458394,0.0,0.0001721730002849222
3601,3,40.0,9146.241819774385,0.04494463803189796,0.0,2,0.054707236617229746,0.0,0.0002623023938997087
3602,1,45.0,0.0,0.0397979488749426,4.734133126975219e-18,1,0.04431908683317261,0.0,0.00012129534887786873
3603,2,44.0,4938.999999999999,0.04109030717915873,3.552605029128664e-17,1,0.045732054240518856,0.0,0.0002229706360382819
3604,2,39.0,8698.544622044596,0.04679847289193721,1.8899188883639368e-17,2,0.05240862038411193,0.0,0.0001919779466601955
3605,3,43.0,14812.999999999996,0.042849955762191416,5.961088829251854e-17,1,0.048357322176311196,0.0,0.0003044462600199829
3606,1,44.0,0.0,0.04108962362237471,1.4466683493382515e-18,1,0.045597101473987156,0.0,0.0001166180007518661
3607,3,39.0,4957.0,0.04656906645047559,0.0,2,0.05488580140777571,0.0,0.00027028562977840737
3608,2,42.0,4704.8483694904335,0.04301449780138447,0.0,2,0.05032700052081517,0.0,0.00017849229796464976
3609,3,41.0,29610.666666666668,0.046859289332397414,0.0,2,0.054511583449259854,0.0,0.0002544295778450911
3610,2,41.0,17378.900000000005,0.04302386343842536,0.0,2,0.05144394755083567,0.0,0.00016695300777424383
3611,2,38.0,13171.637479187446,0.04882339569682055,3.1780882646780807e-17,2,0.05485587746143923,0.0,0.00018829788918223322
3612,3,37.0,8818.411661044256,0.05162180237418492,0.0,2,0.0650437325410304,0.0,0.00023156210737234877
3613,2,41.0,2469.0,0.04317389290427456,0.0,2,0.05255610423235509,0.0,0.0001679685039867444
3614,2,41.0,9876.0,0.04317464756727467,0.0,1,0.052606711519804436,0.0,0.00018370370130693628
3615,2,42.0,4939.0,0.04138948003418402,3.5312062419010097e-17,1,0.0490058844084562,0.0,0.00021040077428885468
3616,2,40.0,5005.180952380953,0.04903615175398543,0.0,2,0.059899657619142364,0.0,0.0001595435802885972
3617,1,39.0,0.0,0.04657170062127026,0.0,1,0.051798912305583075,0.0,0.00010664106140372401
3618,2,37.0,29808.67047119553,0.05133054167229502,0.0,2,0.05866953368147046,0.0,0.000175901019120742
3619,2,40.0,11179.122455322453,0.04692828711752021,8.206069068233089e-20,2,0.055984701633319575,0.0,0.0001780495366348301
3620,2,39.0,47147.459748323876,0.047817711912805275,0.0,2,0.05988919060439339,0.0,0.00016390370704747031
3621,3,40.0,10596.299298049655,0.04699257060776424,1.5086837013808546e-17,2,0.056690422173233945,0.0,0.00024112640997678056
3622,2,36.0,60396.144840616034,0.054444260759354164,0.0,2,0.06416702007765124,0.0,0.00016070817878367983
3623,2,44.0,2180.2674603174614,0.04190027057057312,3.5449372879397134e-17,2,0.04789865359843244,0.0,0.00019247332914639053
3624,1,43.0,0.0,0.04281059345535219,0.0,1,0.04946707090648567,0.0,0.00010838528283842708
3625,3,41.0,7117.866263442235,0.043072630569360885,8.58752836187779e-18,2,0.051929806720905226,0.0,0.00025207408448300726
3626,2,42.0,16723.10182895657,0.04149203336161063,0.0,2,0.050514903094778914,0.0,0.0001603043019965469
3627,3,39.0,6185.091178266187,0.04718783432676142,0.0,2,0.059043389494304474,0.0,0.00023018974463281456
3628,2,42.0,19744.0,0.04518843761434321,0.0,1,0.05274726391376553,0.0,0.00018183365579789196
3629,2,39.0,4492.566666666674,0.04638236343492386,1.3222468943344443e-17,2,0.05408287040342423,0.0,0.0001770825043536192
3630,1,42.0,0.0,0.044729360207167564,0.0,1,0.05260639678173961,0.0,0.0001011594926876117
3631,3,41.0,13150.851250644811,0.04682331308114461,0.0,2,0.056782916067286276,0.0,0.00024988681979307587
3632,2,38.0,0.0,0.05181021101648697,0.0,2,0.06582313527484016,1.0,0.00013831940869819237
3633,2,41.0,0.0,0.046777202268789,0.0,2,0.05614655175683291,1.0,0.0001486853851784487
3634,2,43.0,4939.0,0.042779822472396624,4.797940588613348e-17,1,0.04925203964894436,0.0,0.00021891958856497324
3635,2,42.0,9876.0,0.04469051366950732,3.394077578825841e-17,1,0.05243174630850627,0.0,0.0001968756872912015
3636,1,42.0,0.0,0.04197146959617329,8.454693272215963e-19,1,0.049547226092994355,0.0,0.00010084648854367348
3637,3,41.0,31164.11157199122,0.043809861653068466,1.0776321842188444e-17,2,0.053315260100722975,0.0,0.000248782099285057
3638,2,40.0,8996.249064259602,0.04499785941357041,0.0,2,0.05548898410950339,0.0,0.00015359220474776296
3639,2,42.0,422.09072039072004,0.04149377593360996,0.0,2,0.050235281607640986,0.0,0.00016085018716107083
3640,1,42.0,0.0,0.044743539811787296,1.752961063061341e-17,1,0.05046220510376692,0.0,0.00012016419617301511
3641,2,41.0,4938.999999999999,0.046838851594796525,4.5470470684574656e-17,1,0.05380573228288194,0.0,0.00021130816257285045
3642,1,36.0,0.0,0.05405642002057208,0.0,1,0.06218164755598137,0.0,9.33399416910657e-05
3643,2,36.0,4939.0,0.0533270003022583,1.3108589335145769e-17,1,0.06356188622943185,0.0,0.00018411288166986177
3644,1,42.0,0.0,0.04472490561596335,0.0,1,0.052692099989912394,0.0,9.728159371935206e-05
3645,3,41.0,5247.587035187033,0.04681843167731296,0.0,2,0.05694798716353146,0.0,0.00023620011755220828
3646,1,40.0,0.0,0.0453053064069407,1.6552620306025888e-17,1,0.05106300985239417,0.0,0.00011437648228614546
3647,2,40.0,10097.33450464004,0.04513187827183277,0.0,2,0.055716385876439845,0.0,0.0001474747924064607
3648,2,40.0,10097.33450464004,0.04513187827183277,0.0,2,0.055716385876439845,0.0,0.0001474747924064607
3649,3,36.0,57540.984140859175,0.05408245932867684,0.0,2,0.0628229141840906,0.0,0.00024444690958947535
3650,2,43.0,4939.0,0.04292218399193688,3.311799775416245e-17,1,0.04861385546975172,0.0,0.00020368474324310455
3651,3,42.0,10000.58333333333,0.04484589896055558,2.4814605351810137e-17,2,0.05177027079508992,0.0,0.0002609679164095886
3652,2,37.0,147621.65354302828,0.05164392870210653,0.0,2,0.06545549913700752,0.0,0.00014383746350790863
3653,1,41.0,0.0,0.043136570031435555,2.5049024508045817e-18,1,0.04781924854640811,0.0,0.00011195134375773922
3654,3,40.0,4955.5,0.04599113693069676,1.039289347177764e-17,2,0.05456610313118301,0.0,0.00025960951726198135
3655,2,42.0,4274.916810966817,0.04573692932996325,0.0,2,0.05435081636739376,0.0,0.00015150979405168443
3656,4,41.0,11026.721349059637,0.043072630569360885,5.302769197389602e-17,2,0.05201415219998758,0.0,0.00033821948475010617
3657,2,42.0,3.0,0.044665864971654354,1.3405013532864199e-17,2,0.05224528522123544,0.0,0.00017609532542732918
3658,2,43.0,4938.999999999998,0.04284661086777397,4.976609734205735e-17,1,0.048133204189035377,0.0,0.00021602142093209476
3659,2,42.0,516.1500000000002,0.04154157942094066,0.0,2,0.05082681999106416,0.0,0.00015755092808787734
3660,1,45.0,0.0,0.039468848372509226,1.718030563968437e-17,1,0.04335595493466234,0.0,0.0001251207473957833
3661,4,40.0,49141.41666666667,0.04914933837429111,0.0,2,0.05817214307171454,0.0,0.00032823067489737686
3662,2,42.0,0.5,0.041388092964024195,3.984634152979186e-17,2,0.04892828656770047,0.0,0.00017313145546836835
3663,3,41.0,29734.5,0.046939880844917854,0.0,2,0.05503783760021818,0.0,0.0002464118593532631
3664,1,41.0,0.0,0.04497082358510319,0.0,1,0.05316758227964464,0.0,0.0001050730952252961
3665,2,41.0,598.3373015873022,0.04308164582352223,3.544081366177955e-17,2,0.05195256174366027,0.0,0.0001735201930797316
3666,2,42.0,4938.999999999999,0.04318219564856336,0.0,1,0.05145782669168028,0.0,0.00019837862140077828
3667,2,40.0,1860.3928571428537,0.045346062052505964,1.7795448802432377e-17,2,0.05159242496772255,0.0,0.00019027813957367117
3668,2,38.0,11592.936330336364,0.049821489803739634,0.0,2,0.058376977857888084,0.0,0.00017193389811283365
3669,2,37.0,18010.73033633041,0.051315611788047825,1.33695536011012e-17,2,0.05843522851295462,0.0,0.00017964478769903327
3670,2,39.0,3873.70330873305,0.04827330115113257,2.970435946334589e-17,2,0.05868322744929119,0.0,0.0001703891285188941
3671,2,38.0,852.5927401416754,0.05075151278547726,0.0,2,0.06380789128427249,0.0,0.00015159320500784503
3672,2,42.0,5266.709738366221,0.04560308697819545,0.0,2,0.05424324355125638,0.0,0.0001721266463853312
3673,2,38.0,16818.595014265342,0.05063758251670835,0.0,2,0.06316406817081349,0.0,0.00014890856783048676
3674,2,38.0,16818.595014265342,0.05063758251670835,0.0,2,0.06316406817081349,0.0,0.00014890856783037523
3675,5,42.0,30219.01291075101,0.04347596500800873,1.2710264481319659e-17,2,0.05313506226748306,0.1,0.00037843265115923227
3676,2,41.0,20310.31736844471,0.04513229060078936,0.0,2,0.05518806236186708,0.0,0.0001611392738776481
3677,2,42.0,14834.567325396269,0.04326539906637823,0.0,2,0.05276047141537743,0.0,0.00016006933301581134
3678,2,40.0,9875.999999999998,0.04913907153017477,0.0,1,0.05766462427472223,0.0,0.0001854361617558009
3679,3,42.0,9877.0,0.043011876153658625,7.871527283994298e-17,1,0.05031431583707787,0.0,0.00030381488482986125
3680,1,43.0,0.0,0.04123849037072902,5.395652527406037e-18,1,0.04719339797834686,0.0,0.00011643911111462084
3681,1,43.0,0.0,0.04123849037072902,4.382442142708467e-18,1,0.04719339797834686,0.0,0.00011643911111462084
3682,2,41.0,4859.749999999998,0.04685262289329173,0.0,2,0.054192998525411575,0.0,0.00017746104276409772
3683,4,41.0,4922.653571428568,0.04679182374448254,0.0,2,0.05661486998830904,0.3333333333333333,0.00027986518639542835
3684,2,39.0,1582.5416079163904,0.0503732104254191,0.0,2,0.06267148558756096,0.0,0.00015311921110105854
3685,2,42.0,0.8333333333333333,0.04470143243659002,0.0,2,0.0525695471042017,0.0,0.00015690226816302854
3686,2,42.0,9875.999999999996,0.044763406368364775,6.881825236673272e-18,1,0.05106097767622383,0.0,0.00019251991181933577
3687,1,42.0,0.0,0.044743539811787296,1.7041992222273482e-17,1,0.05046220510376692,0.0,0.00012016419617301511
3688,1,40.0,0.0,0.04601984256369649,0.0,1,0.0543529280708241,0.0,9.35702430180701e-05
3689,2,38.0,1329.5538211788214,0.05062927889148526,0.0,2,0.06295730125352016,0.0,0.00014939143769593044
3690,2,41.0,4939.0,0.04263251462795795,4.894141663193708e-17,1,0.04861307438829725,0.0,0.00021769520250583386
3691,2,40.0,9876.0,0.04452977816238045,1.5646927971400783e-17,1,0.05166654753827507,0.0,0.00019503550706693594
3692,3,39.0,18590.016914607728,0.04660289428501349,0.0,2,0.05531655043509496,0.0,0.00025467112560842306
3693,2,39.0,5281.240557703964,0.04670776445671495,3.210887352584384e-17,2,0.05543687666029734,0.0,0.00017896820245659345
3694,2,42.0,4939.0,0.041246754114238476,2.7229572392800527e-17,1,0.0480501134438017,0.0,0.00020337903317032587
3695,3,41.0,27020.100000000006,0.04302011669424367,0.0,2,0.05142707845501922,0.0,0.00026027872002484884
3696,2,39.0,8212.09610993307,0.04957997531037667,1.416744086222644e-17,2,0.06174765352409962,0.0,0.0001637575182076018
3697,3,38.0,40788.553068987225,0.05215646940822467,0.0,2,0.0677849788483326,0.0,0.00021106257009885246
3698,2,39.0,7.3690476190476195,0.04927680798004987,0.0,2,0.06065639396467079,0.0,0.00014987031953896088
3699,2,43.0,14811.0,0.0416670181091271,0.0,1,0.04948315830563967,0.0,0.00018171128426408675
3700,2,40.0,7158.995014264551,0.046073493751165824,0.0,2,0.055013875872460184,0.0,0.00015925902537966842
3701,2,40.0,7158.995014264551,0.046073493751165824,0.0,2,0.055013875872460184,0.0,0.00015925902537955442
3702,2,38.0,8601.365213494904,0.050655236767088455,0.0,2,0.06318462509926516,0.0,0.00015811193151252432
3703,2,40.0,9876.0,0.04558246828143022,1.704674616273727e-17,1,0.054590875324743424,0.0,0.00020427308268030936
3704,1,40.0,0.0,0.0460018437985976,4.1191712577512745e-19,1,0.05412187338101707,0.0,0.00010381123658931034
3705,3,39.0,18825.49815424213,0.04821958456973294,2.4675466146085702e-17,2,0.058446852128293994,0.0,0.00025924591591669374
3706,3,40.0,9877.0,0.04553708876045095,7.009510198508668e-17,1,0.050765303645835556,0.0,0.0003174709080460251
3707,2,39.0,14811.0,0.04770734345424344,2.325733868188595e-18,1,0.05378519080117839,0.0,0.00019432597856269466
3708,3,38.0,21503.706814754252,0.05009379911778127,2.6374111689764357e-17,2,0.05740883052596036,0.0,0.00026123880307093956
3709,3,39.0,4941.0,0.04656555468624808,3.9580120239813404e-17,2,0.05472048426877437,0.0,0.00027071716686814513
3710,2,40.0,4939.0,0.04450209898564041,4.6943562307950886e-17,1,0.049051578743243396,0.0,0.00022152288391534292
3711,2,42.0,306.1587301587301,0.04313167384072713,2.4601565866984177e-17,2,0.050996887033312836,0.0,0.00018222253168656674
3712,2,42.0,428.8309523809528,0.04318936877076412,0.0,2,0.05163181936567289,0.0,0.00017835442736889462
3713,2,41.0,5017.661111111104,0.04498433743716763,1.558258275615428e-17,2,0.05358353497292546,0.0,0.000178973348176955
3714,1,40.0,0.0,0.04493646129915494,0.0,1,0.05430093239513571,0.0,9.49718851757805e-05
3715,1,40.0,0.0,0.04493646129915494,0.0,1,0.05430093239513571,0.0,9.49718851757805e-05
3716,2,38.0,160551.6209276384,0.04927779107812625,0.0,2,0.06199964035960941,0.0,0.0001534287234666823
3717,2,40.0,4939.0,0.044499292875609164,2.9628540037372074e-17,1,0.051328662150800994,0.0,0.00021280839555047024
3718,1,42.0,0.0,0.04465940423993129,0.0,1,0.052009358866887796,0.0,9.965775060094969e-05
3719,3,44.0,9877.0,0.04144712554955197,6.91442991434759e-17,1,0.04692952187024995,0.0,0.00032095454752353457
3720,1,40.0,0.0,0.04480237978632711,0.0,1,0.05007181771056424,0.0,0.0001069688350301536
3721,2,41.0,14811.0,0.0467789740821757,0.0,1,0.056224149597588646,0.0,0.0001728862001683163
3722,7,40.0,66040.24996333732,0.04907122280719182,0.0,2,0.0611942329268762,0.09523809523809523,0.00048469487285870695
3723,2,42.0,23.779761904761905,0.04472409578561405,0.0,2,0.05286609266390489,0.0,0.00015781809170457574
3724,2,38.0,4328.386528456826,0.05012022767164149,0.0,2,0.06336866935182721,0.0,0.0001565444474868113
3725,2,39.0,0.0,0.04937728644823381,0.0,2,0.06138835150330916,1.0,0.00015324599639076437
3726,4,40.0,17202.01666666666,0.04708798017348203,4.03564446387466e-17,2,0.05746515351476665,0.0,0.0003515993795093891
3727,3,40.0,34004.81863571013,0.04710728827943967,0.0,2,0.05759309574797195,0.0,0.0002539322233369459
3728,2,41.0,4938.999999999999,0.046838851594796525,4.7566313596324614e-17,1,0.05380573228288194,0.0,0.00021130816257285045
3729,2,40.0,9875.999999999998,0.04913907153017477,0.0,1,0.05766462427472223,0.0,0.0001854361617558009
3730,1,38.0,0.0,0.04882918680623511,0.0,1,0.05824801004939042,0.0,9.453398071213803e-05
3731,2,42.0,11.583333333333334,0.0446682882280072,0.0,2,0.05236336889195072,0.0,0.0001658246097860267
3732,2,41.0,309.66017316017263,0.045148377308827696,1.8985194269273842e-17,2,0.053723254245519124,0.0,0.0001722756061728504
3733,2,41.0,11146.445143220832,0.04494463803189796,0.0,2,0.053762672636881066,0.0,0.00016093280132726078
3734,1,46.0,0.0,0.03656171825273473,3.945453194375185e-19,1,0.04197917839354445,0.0,0.0001001233310142197
3735,1,46.0,0.0,0.03656171825273473,2.0383732759019865e-18,1,0.04197917839354445,0.0,0.00010012333101428279
3736,1,40.0,0.0,0.044497288727954026,0.0,1,0.05115659737347311,0.0,0.00010693915551679054
3737,4,39.0,25660.611255411157,0.04690333545379452,2.5800738683509806e-17,2,0.053586593823404735,0.0,0.0003605205080028082
3738,2,44.0,2173.3031746031743,0.04191911477691224,0.0,2,0.04840400351167689,0.0,0.00017052252561251547
3739,2,40.0,5787.658180225557,0.04562667405560174,2.886662089725188e-17,2,0.05496588043659057,0.0,0.0001853789218607842
3740,3,41.0,9877.0,0.04494177583697234,6.17303879294468e-17,1,0.05325502576283713,0.0,0.0002954426204091832
3741,2,40.0,435.01351981351974,0.044704668651529826,1.6365915712767617e-17,2,0.052581819139870284,0.0,0.00018107482965265187
3742,2,40.0,2592.181969117834,0.047223921688589784,0.0,2,0.0580071157202198,0.0,0.00015863075214409653
3743,1,41.0,0.0,0.04684729110754962,0.0,1,0.053914899431522834,0.0,0.00010010724549526165
3744,1,41.0,0.0,0.04260457093574817,1.6712383538798435e-18,1,0.04826926442981564,0.0,0.00011876689416904288
3745,2,39.0,6680.102997002989,0.04746941873985029,3.259611729640287e-17,2,0.05464649457530307,0.0,0.00018429834309631048
3746,1,42.0,0.0,0.04122850943081289,1.5394035285811754e-17,1,0.047347131621229784,0.0,0.00011793268467013665
3747,2,37.0,0.0,0.05161155513764823,1.2793430975453978e-17,2,0.05920401503194383,1.0,0.00016740899117537061
3748,2,37.0,0.0,0.05161155513764823,1.1244422451467192e-17,2,0.05920401503194383,1.0,0.0001674089911752351
3749,2,38.0,118.46666666666665,0.045068058241798346,1.2369178626740508e-17,2,0.052201635667558095,0.0,0.0001669657513632943
3750,3,35.0,5794.53990411141,0.051789570796552956,0.0,2,0.0619963913165022,0.0,0.00020896307314253936
3751,2,35.0,5456.1470469685555,0.051753218861638715,0.0,2,0.06131173465512444,0.0,0.0001476303916447491
3752,3,35.0,3.0,0.05146315800439624,2.3118813466204563e-17,2,0.05916027893585346,0.0,0.00021999318419153153
3753,3,35.0,8479.07528860042,0.051936036670626705,2.302334390332159e-17,2,0.062390177692070246,0.0,0.00021668390438694355
3754,2,34.0,12925.9800505056,0.054698053457935644,0.0,2,0.06654331528106973,0.0,0.0001453460397831326
3755,2,36.0,3584.5157647908986,0.049400988019760395,0.0,2,0.05810044636167607,0.0,0.00015987708389815335
3756,1,39.0,0.0,0.0432271613580679,0.0,1,0.049124959332013766,0.0,9.305296654017277e-05
3757,4,38.0,5183.617388167392,0.04517975873643007,0.0,2,0.05268410305695333,0.16666666666666666,0.0002950340680497695
3758,3,38.0,7056.7992017784545,0.04516654018816344,0.0,2,0.05244360525066615,0.0,0.00024514534910014007
3759,1,39.0,0.0,0.0432150605360767,0.0,1,0.04899300795006242,0.0,9.981607599130043e-05
3760,1,35.0,0.0,0.05188476121456555,1.4976338442604666e-18,1,0.06144808615787278,0.0,9.23248690274494e-05
3761,3,34.0,17405.07668016013,0.054723502304147464,0.0,2,0.06722611201649822,0.0,0.00021870579511012455
3762,7,36.0,18552.21132755985,0.049457370549837815,7.509266430313612e-17,2,0.05976237361570856,0.047619047619047616,0.0004926063257615919
3763,5,32.0,225704.00571989745,0.06086592247603558,0.0,2,0.07590432755509509,0.0,0.0003450458982912716
3764,1,37.0,0.0,0.047127061808954145,0.0,1,0.054924582044596486,0.0,9.017470949347811e-05
3765,1,33.0,0.0,0.057374478809769924,0.0,1,0.0685904397175238,0.0,8.901602978909899e-05
3766,4,33.0,115772.69877866544,0.057770345335687805,0.0,2,0.07223135345965136,0.0,0.0002562100275737098
3767,2,35.0,409.0619047619048,0.05188258152602006,0.0,2,0.06218197945755608,0.0,0.00014431219175919542
3768,2,35.0,13014.549098124664,0.05185643954106001,0.0,2,0.06179382959572171,0.0,0.00015628102825671167
3769,3,35.0,324646.2900569614,0.05690260899614122,0.0,2,0.0707658922304953,0.0,0.0002116325756120003
3770,3,34.0,365413.74597326305,0.059845419523659536,1.1306133656399252e-17,2,0.07357294413021166,0.0,0.0002179843274896227
3771,4,34.0,22926.925090189066,0.054684732554020545,0.0,2,0.06684864591534784,0.0,0.0002979922992523435
3772,1,35.0,0.0,0.05184990816058777,0.0,1,0.06113761446582194,0.0,9.368159067070389e-05
3773,2,35.0,22.166666666666668,0.05147441908929874,0.0,2,0.05920526319136406,0.0,0.00015407484849515465
3774,3,35.0,9943.136196682004,0.05197538008311852,0.0,2,0.06335268010194174,0.0,0.00019978535203344695
3775,6,36.0,34055.477620418154,0.049410376178997586,0.0,2,0.05919268015127831,0.13333333333333333,0.0003864893066513856
3776,2,35.0,19332.884445129548,0.0519414974712692,0.0,2,0.06270820031272473,0.0,0.0001402184874569579
3777,2,35.0,19332.884445129548,0.0519414974712692,0.0,2,0.06270820031272473,0.0,0.0001402184874569579
3778,3,37.0,2057.7124819625337,0.04714235272786266,3.102833104418208e-17,2,0.05517224149266072,0.0,0.00024044147262025346
3779,6,34.0,103667.80959255007,0.0552813867347053,0.0,2,0.07028593343838313,0.0,0.00037428920029081755
3780,2,34.0,5325.142857142857,0.05522082741814686,0.0,2,0.06873092412021577,0.0,0.0001505246830236517
3781,7,33.0,631161.0454187082,0.05843525988312948,0.0,2,0.07657818667800417,0.047619047619047616,0.0004315103746224266
3782,2,35.0,48456.84329266475,0.056882297399995396,2.701367593179099e-18,2,0.06978764364597144,0.0,0.00015764158087109838
3783,8,33.0,111385.32074914905,0.05782038226997671,0.0,2,0.07328599326429065,0.03571428571428571,0.0005195394357588418
3784,5,33.0,167203.9737659577,0.05784001498688648,0.0,2,0.07330888703718441,0.1,0.0003152590576112918
3785,7,32.0,925973.5861622136,0.061256882099102225,0.0,2,0.0794208621900509,0.14285714285714285,0.00041879310138134975
3786,5,34.0,54577.50286372122,0.054667788057190914,6.913128760595009e-17,2,0.06660670218656192,0.0,0.0003806690099686175
3787,3,33.0,62791.70762562609,0.05779197229728939,0.0,2,0.0722885550300108,0.0,0.00020162733958140313
3788,4,35.0,18046.62913838678,0.051966085291704364,0.0,2,0.06354965418049482,0.16666666666666666,0.0002648347744154789
3789,3,33.0,102316.10570269522,0.05762209702441357,0.0,2,0.07127051605144606,0.0,0.00019659505687863425
3790,2,35.0,493.6428571428573,0.05238211373492954,3.235855658999813e-17,2,0.06351797783042833,0.0,0.0001594559237580482
3791,1,38.0,0.0,0.045163236759583475,0.0,1,0.05209610187684726,0.0,8.815059590691005e-05
3792,6,37.0,24123.096788995586,0.04729897933781429,0.0,2,0.05639721539125495,0.06666666666666667,0.0004079461328986784
3793,4,34.0,23108.0866264069,0.054508540406938255,0.0,2,0.06575568804101299,0.0,0.00027037968071248563
3794,2,35.0,215.90238095238084,0.05170555049664542,0.0,2,0.06077547997413257,0.0,0.00014919912845894425
3795,3,34.0,7345.186038961038,0.054264843192178835,0.0,2,0.06386591171297679,0.0,0.00021665371492229107
3796,8,35.0,49911.40155041157,0.05194477450289692,0.0,2,0.06350490360942844,0.07142857142857142,0.0005300034567443373
3797,7,34.0,124730.13016660136,0.05475989890480202,0.0,2,0.06837835158979058,0.0,0.0004538273649564565
3798,5,33.0,14814.0,0.058050717995722576,0.0,2,0.0733999018455739,0.1,0.00037250281112842813
3799,1,36.0,0.0,0.04938024790083966,0.0,1,0.05801497627620598,0.0,8.667109435866987e-05
3800,1,35.0,0.0,0.05191747853411945,0.0,1,0.06201704935841531,0.0,8.546583568144736e-05
3801,3,34.0,42249.76672735212,0.05529561888558061,0.0,2,0.07014664290435577,0.0,0.0001905202208078743
3802,6,33.0,56028.96287878786,0.057347170950291376,2.9657885583476546e-17,2,0.06911017582936527,0.06666666666666667,0.0004052050421451947
3803,3,32.0,72255.83668831167,0.06080224500596945,0.0,2,0.07496512786589538,0.0,0.000199441639578364
3804,3,34.0,2458.416666666666,0.05423981905420688,0.0,2,0.06347069289670515,0.3333333333333333,0.00021304706053130385
3805,2,37.0,0.0,0.047566318424726785,0.0,2,0.0567597643232206,1.0,0.00014258048202974122
3806,2,35.0,2443.1726190476174,0.05184881975712921,0.0,2,0.06165662761641437,0.0,0.00014537228363552577
3807,3,36.0,40.74999999999999,0.049324533463800384,1.376158034783809e-17,2,0.057677061267238344,0.0,0.0002127045738825653
3808,2,35.0,3.333333333333333,0.05164824824615513,1.3818321645601827e-17,2,0.06001010499823073,0.0,0.00015950922065847826
3809,5,36.0,19415.47622230713,0.04938271604938271,1.251105964717024e-18,2,0.05858869349466005,0.1,0.00035079682755920455
3810,2,39.0,8436.256531351013,0.04344919786096257,1.1979467277299576e-17,2,0.049965467059683126,0.0,0.00017286635315498915
3811,3,38.0,22379.580008188306,0.04541985785607238,8.336167233895115e-18,2,0.05333446608095403,0.0,0.00023082751742544284
3812,3,36.0,269.9634076707605,0.04959739764261762,7.6978797204675e-18,2,0.05904407157090813,0.0,0.00020888062093016684
3813,2,35.0,4380.6595238095215,0.05186025027294869,0.0,2,0.061819856200695696,0.0,0.00014428883029888332
3814,2,38.0,7253.846182287044,0.0454261227792695,0.0,2,0.05319990765692181,0.0,0.0001612718180496263
3815,3,41.0,4948.092857142858,0.04000907088246728,5.793540858371749e-17,2,0.045142055277764735,0.0,0.00027388870248414645
3816,2,35.0,14765.15635051219,0.05239266926862379,0.0,2,0.06388347490645177,0.0,0.00015253130882960546
3817,3,36.0,9896.073017178667,0.04980190134384483,4.2348294428527983e-17,2,0.059345145860938114,0.0,0.0002440545119135048
3818,1,39.0,0.0,0.043228674437327176,1.5444800308718382e-17,1,0.04879005132504107,0.0,0.00011269080099069582
3819,1,42.0,0.0,0.03847022451347626,4.886756152677037e-18,1,0.04268064906468218,0.0,0.00010796002611671436
3820,1,36.0,0.0,0.04928172386272945,1.6202498164426335e-17,1,0.05667718619853798,0.0,0.00011078482905458697
3821,2,40.0,3510.349388493972,0.04164243144593649,1.584871624244455e-17,2,0.047204271230233893,0.0,0.00018142822620759324
3822,3,37.0,3102.9428338001894,0.04750959328325912,0.0,2,0.05665342329582693,0.0,0.00020383876847225035
3823,4,36.0,13176.745539427906,0.04982953055337005,1.918661659142936e-17,2,0.06000135368819861,0.0,0.00026852814460024196
3824,2,35.0,15.5,0.051860794708939166,1.3781142634618523e-17,2,0.0614186054047078,0.0,0.00015588327102510904
3825,3,35.0,3371.9131854255274,0.05188639610116797,0.0,2,0.062070154148362255,0.0,0.00021531504339481928
3826,3,36.0,19222.09340451008,0.04993581125476362,0.0,2,0.06135795030795404,0.0,0.0001998126572666843
3827,3,35.0,14458.586363636365,0.05146315800439624,5.544561086079584e-17,2,0.05920590582358565,0.0,0.00027029177362628665
3828,1,36.0,0.0,0.04894481323689686,2.0002799734565452e-18,1,0.05514811838151583,0.0,0.00010694089627367162
3829,4,35.0,4.0,0.0517494238424471,0.0,2,0.06158711492038343,0.5,0.0002551460219350236
3830,3,35.0,4937.5,0.05174888174228219,0.0,2,0.061485900345484575,0.3333333333333333,0.00020090924009941462
3831,3,39.0,11339.16965912506,0.043483618822949495,2.345652590600661e-17,2,0.050499248954800825,0.0,0.0002389573367548664
3832,2,36.0,1.5,0.04920465750968654,1.8143345940303715e-17,2,0.05692955023126623,0.0,0.00015501459407939516
3833,2,36.0,1.0,0.0492041674136935,3.3261452328470246e-17,2,0.056895812039633335,0.0,0.00015936960542355688
3834,5,35.0,15848.095720490917,0.05217134166948293,0.0,2,0.06382112684090577,0.0,0.00033667311698209226
3835,1,36.0,0.0,0.04958495187047688,0.0,1,0.058478138965501816,0.0,8.759265696653027e-05
3836,3,34.0,25845.353723578817,0.05472410851768564,0.0,2,0.0672739077879782,0.0,0.00019813319274936375
3837,2,35.0,0.0,0.051747255509930444,0.0,2,0.061317209387319827,1.0,0.00013502803761567168
3838,10,34.0,96643.20344069507,0.0546744435713258,7.521425216452754e-17,2,0.06765619363079044,0.0,0.0006440913014420159
3839,2,35.0,9840.254546774599,0.051845554820901946,0.0,2,0.061695185549709174,0.0,0.00015355472862166528
3840,2,35.0,2374.454208863025,0.051842834354798084,0.0,2,0.06160071861313691,0.0,0.00014426773460361143
3841,1,34.0,0.0,0.05466052934407365,0.0,1,0.06601627653034652,0.0,8.555929212894991e-05
3842,2,34.0,4901.130952380953,0.054667183090798425,0.0,2,0.06626063743260227,0.0,0.00015180968231449812
3843,3,36.0,31.494047619047624,0.04933734157619823,1.1131026344026379e-17,2,0.05779000388018095,0.0,0.00020880616553511341
3844,3,35.0,4833.287542196378,0.05185099660974253,0.0,2,0.06184218767039561,0.0,0.00020453403053700153
3845,2,36.0,280.33333333333337,0.04935459377372817,0.0,2,0.05789779083007316,0.0,0.00015298829976341597
3846,1,36.0,0.0,0.04929795323679982,0.0,1,0.05688708370094543,0.0,0.00010215595317100197
3847,3,35.0,4975.0,0.051853717932569175,1.50548254381764e-17,2,0.06149186547796792,0.0,0.00025340373914622293
3848,3,35.0,4.35,0.05175484546883185,0.0,2,0.061566631018320564,0.6666666666666666,0.00019234376983826544
3849,2,40.0,6371.743468649125,0.041674048203544825,1.2704262748935933e-18,2,0.04754059931959843,0.0,0.0001756646048639265
3850,2,36.0,4.949999999999999,0.04984511689386219,0.0,2,0.05976542733385115,0.0,0.0001434921852056423
3851,3,35.0,18439.322100792804,0.05243326434219604,0.0,2,0.06468025853218262,0.0,0.00019729245260863062
3852,1,38.0,0.0,0.044738677220405906,2.6747100652854454e-18,1,0.049772394603522736,0.0,0.00010974011563402558
3853,3,37.0,4977.833333333334,0.04683352294273796,6.068974215625719e-17,2,0.05303719171337988,0.0,0.0002801713713687501
3854,2,36.0,3450.335208337336,0.049382222399936025,0.0,2,0.05820053633018709,0.0,0.00014935306235541737
3855,3,35.0,5938.073809523809,0.052423248755743744,0.0,2,0.06449815262639254,0.0,0.00020210780283351344
3856,2,36.0,4615.919696969694,0.0489564545220304,4.0447286026674e-18,2,0.05549224793617153,0.0,0.00018632278482815081
3857,2,35.0,24007.707391138305,0.05187331989247312,0.0,2,0.06173486808939173,0.0,0.00015470741945932512
3858,1,36.0,0.0,0.04928614899581966,3.2433278606348885e-19,1,0.05674586527025344,0.0,0.0001032478153597283
3859,3,35.0,4941.0,0.051840658187465895,4.2869232199288507e-17,2,0.06126895242610735,0.0,0.00025725737040059067
3860,2,37.0,0.0,0.04708079980176506,0.0,2,0.05460265251214071,1.0,0.00014642136959909123
3861,2,36.0,5307.746969696974,0.049120015909316896,1.3046876812461473e-17,2,0.05617672568289574,0.0,0.0001819926175254418
3862,2,35.0,18034.433766233757,0.05185916143526003,0.0,2,0.0618133495494522,0.0,0.00014771780530772828
3863,7,36.0,38295.54255952748,0.04993732562371113,0.0,2,0.06191230092809452,0.047619047619047616,0.0004358590636430108
3864,3,37.0,27270.653817712137,0.04756998276310341,0.0,2,0.056995931664651105,0.3333333333333333,0.0002092818053216601
3865,2,34.0,0.0,0.05445866543197628,0.0,2,0.06478941016684,1.0,0.00014373712831087924
3866,3,34.0,2559.898376623375,0.05448148842544087,0.0,2,0.06524897253429729,0.3333333333333333,0.00020723363893904647
3867,2,35.0,0.0,0.05176514968930431,0.0,2,0.06156092035471516,1.0,0.00013675952527057483
3868,2,34.0,9836.0,0.05466415845966582,0.0,2,0.06625244387177713,0.0,0.0001584488804089874
3869,1,35.0,0.0,0.05430481048280714,1.916028107909805e-18,1,0.06515819592054233,0.0,9.587935474901813e-05
3870,3,34.0,50790.91600883738,0.05742249706494321,0.0,2,0.07161552031953612,0.0,0.00023125103883336488
3871,3,35.0,20411.084411339587,0.05241490535608183,0.0,2,0.06444569777130611,0.0,0.0001991405480425601
3872,4,35.0,6814.6142834291,0.051908204438466714,0.0,2,0.06268410890705436,0.16666666666666666,0.00026329419913390876
3873,3,36.0,4951.5,0.04923653470478013,4.569885536440809e-17,2,0.05746172273712256,0.0,0.00023534137188664265
3874,3,35.0,12386.140909090258,0.05176731952172865,0.0,2,0.061927629668793144,0.0,0.0002028726258609502
3875,3,35.0,70.85000000000002,0.051687697490949425,3.925149275460763e-17,2,0.06049418007744784,0.0,0.00022660851207415283
3876,2,36.0,0.0,0.04938074151081078,0.0,2,0.05811619085110476,1.0,0.00014404294547113862
3877,3,36.0,125.13354700854676,0.049603373832714126,0.0,2,0.05923162524530389,0.6666666666666666,0.00020248888627974948
3878,2,34.0,2492.383333333335,0.05444486080190447,0.0,2,0.06472384932192692,0.0,0.00014922667569901776
3879,2,34.0,19491.739768109754,0.0546932087420562,0.0,2,0.06670975702645891,0.0,0.0001427937220157894
3880,2,38.0,4939.0,0.045181411599001256,3.2140557453040233e-17,1,0.051990707945542475,0.0,0.00019372370332044363
3881,3,37.0,2579.9773809523795,0.04752559070268606,0.0,2,0.05663156649765433,0.0,0.00020691508883933276
3882,2,38.0,7.416666666666666,0.04537230085325643,0.0,2,0.052739739170437366,0.0,0.00015106589160020873
3883,2,39.0,37.41666666666666,0.043423990436173766,1.495721966700792e-17,2,0.04996145285526408,0.0,0.00016976726729558747
3884,2,34.0,0.0,0.05444486080190447,0.0,2,0.06465131220991607,1.0,0.00014732172788680056
3885,3,34.0,15150.913636363633,0.05444906147012466,0.0,2,0.06483494436723253,0.3333333333333333,0.00021988516685463288
3886,1,35.0,0.0,0.05183467466921293,0.0,1,0.060972861876980186,0.0,9.507195877424523e-05
3887,3,36.0,6632.917094996598,0.04938617187187588,0.0,2,0.058440077490780895,0.0,0.0002136425862999439
3888,3,37.0,2089.5539636833714,0.04706420357649838,2.2648469829918227e-17,2,0.054415731920361865,0.0,0.00022123047528263822
3889,1,37.0,0.0,0.04743978796143356,1.1730451800194052e-18,1,0.05501021270524813,0.0,9.950700545506759e-05
3890,3,37.0,3148.1297970004393,0.047497259773474604,1.1131857687549246e-17,2,0.056036489060471636,0.0,0.00022690420215719397
3891,2,35.0,6197.54785353535,0.051847731399363974,0.0,2,0.06138061202157269,0.0,0.00015575203875518352
3892,2,34.0,2513.5833333333308,0.05444006083180886,0.0,2,0.06449677882157695,0.0,0.0001530294801003802
3893,3,35.0,20369.943158475508,0.05240823254827074,0.0,2,0.06422784544819067,0.0,0.00020160323867401617
3894,2,34.0,4895.933333333325,0.05444306071393147,0.0,2,0.06466312057698761,0.0,0.00015281234939118225
3895,13,34.0,98902.2136392036,0.05456995780217838,6.747969682068518e-17,2,0.06764284328343197,0.07692307692307693,0.00077160782514773
3896,2,35.0,4939.0,0.0518357624788827,8.601463146846479e-18,1,0.06110781464351198,0.0,0.00018923906347064414
3897,3,37.0,673.5957320457314,0.04753519432656871,1.3559656283920513e-17,2,0.05636816761583441,0.0,0.00021874899507549732
3898,3,36.0,3305.0373247595858,0.04988790369816808,0.0,2,0.06055642726958833,0.0,0.00020483962613636978
3899,1,36.0,0.0,0.049202697184290996,4.7406349484434315e-18,1,0.05674399017728527,0.0,9.038354037846273e-05
3900,3,35.0,4939.0,0.05174833965347468,0.0,2,0.06145216215385163,0.3333333333333333,0.00021185404693736497
3901,3,36.0,13287.880194805195,0.04935557997801978,7.747777362861084e-18,2,0.057993630662755105,0.0,0.00022098288566739052
3902,3,36.0,1389.1486471861465,0.04934769144706611,0.0,2,0.05791192368327484,0.3333333333333333,0.0002141649881684718
3903,5,36.0,4013.0783369408346,0.04939456659767426,9.526375960778931e-18,2,0.05883964137718689,0.1,0.00032578272081437666
3904,8,33.0,81702.54582554607,0.057573744507767796,1.8702708768852996e-17,2,0.07101667632392226,0.07142857142857142,0.0005144725038298898
3905,3,32.0,85983.7572974075,0.061016279242113586,0.0,2,0.0766064251650875,0.3333333333333333,0.00018908823556479926
3906,2,35.0,293.700432900433,0.05187386460291292,0.0,2,0.062023490285908894,0.0,0.0001438221854013739
3907,2,35.0,8725.832589178402,0.0519436821130774,0.0,2,0.06255236199899153,0.0,0.00013942170846745433
3908,3,37.0,13987.666420382162,0.047580520881491756,9.105653508553877e-18,2,0.057045640727518054,0.0,0.00022309063137487817
3909,2,38.0,61.941773504273385,0.04534564580828155,0.0,2,0.05232797257446046,0.0,0.00015732971902072696
3910,2,38.0,2857.950798221443,0.045370633994911876,1.2984275391621955e-17,2,0.05270262715964114,0.0,0.0001645910383630283
3911,2,36.0,1548.8801587301573,0.04990856831109001,0.0,2,0.0607855256565816,0.0,0.0001396279189172767
3912,2,36.0,96.60238095238094,0.04983405461570277,0.0,2,0.05968903442851088,0.0,0.00014468433527661538
3913,2,37.0,486.775324675324,0.047493150026438495,0.0,2,0.056016253448130764,0.0,0.0001454207992235321
3914,2,35.0,10226.580303030292,0.05164554844645172,1.2531925842700909e-17,2,0.060028901990711946,0.0,0.00017000588680333233
3915,2,36.0,7.499999999999999,0.04981596329350073,0.0,2,0.059421538766278384,0.0,0.00014390229998259284
3916,5,36.0,24231.152049747012,0.049873801110550224,0.0,2,0.060860954613589584,0.1,0.00032117376527039014
3917,3,37.0,10220.60079822116,0.04750959328325912,0.0,2,0.0562733793631514,0.0,0.0002191119624099292
3918,6,35.0,44188.774667512844,0.0524873031726131,1.2475037132567758e-17,2,0.06580598952633444,0.0,0.00037637417309555553
3919,2,35.0,4936.5,0.05174833965347468,0.0,2,0.06138468577058573,0.0,0.00014854159025946386
3920,2,35.0,0.0,0.051747255509930444,0.0,2,0.061317209387319827,1.0,0.0001353069094086523
3921,2,37.0,0.0,0.04710414402044358,0.0,2,0.054933693490954894,1.0,0.00014474633954017065
3922,3,37.0,90.98571428571425,0.04729218721579215,0.0,2,0.05581017085684205,0.3333333333333333,0.00020470708735242173
3923,3,36.0,5570.1383740585225,0.04933586337760911,3.744533137881949e-17,2,0.05774469830855959,0.0,0.0002415837914811775
3924,1,37.0,0.0,0.04701672234436418,7.2926690049456065e-19,1,0.053692789770294264,0.0,9.880696799922382e-05
3925,3,37.0,10149.820670995674,0.04731800766283525,1.2008354453314777e-17,2,0.055740094734134354,0.0,0.00023851163081936642
3926,1,37.0,0.0,0.047127061808954145,0.0,1,0.054924582044596486,0.0,9.017470949347811e-05
3927,3,35.0,2799.8242424240416,0.05176514968930431,0.0,2,0.06180954599807781,0.3333333333333333,0.0001906899719469857
3928,2,34.0,0.0,0.05423862800426004,0.0,2,0.06333574013017342,1.0,0.0001481256085338817
3929,1,37.0,0.0,0.04692650397545383,4.798605273120666e-19,1,0.05343589585449325,0.0,9.703828244746036e-05
3930,3,37.0,7697.478603259259,0.04707048185309055,0.0,2,0.05468315455620549,0.3333333333333333,0.00021855341127970137
3931,2,38.0,0.0,0.044967139398132135,0.0,2,0.05136933650023871,1.0,0.00015497643306932674
3932,2,37.0,3256.756565656717,0.04713830416611004,0.0,2,0.055244216301477626,0.0,0.00016113515382273682
3933,2,36.0,2489.5667742316987,0.04987430463709881,0.0,2,0.06013518184834263,0.0,0.00014565678353949983
3934,1,36.0,0.0,0.04938024790083966,0.0,1,0.05801497627620598,0.0,8.667109435866987e-05
3935,2,36.0,0.0,0.04942718495172345,0.0,2,0.05873729489326147,1.0,0.00014645209905665414
3936,2,34.0,2456.916666666666,0.054239223522694835,0.0,2,0.06336947832180635,0.0,0.0001500936769042802
3937,2,35.0,105.49999999999999,0.052153716216216214,0.0,2,0.06310555586217675,0.0,0.00015323460327861785
3938,3,33.0,7852.1380952381005,0.05755697441394417,0.0,2,0.07014823190284644,0.0,0.00020634885152873554
3939,1,34.0,0.0,0.05486633272987772,0.0,1,0.06636864596080169,0.0,9.368370497139886e-05
3940,1,34.0,0.0,0.05486633272987772,0.0,1,0.06636864596080169,0.0,9.368370497139886e-05
3941,1,34.0,0.0,0.05486633272987772,0.0,1,0.06636864596080169,0.0,9.368370497139886e-05
3942,1,37.0,0.0,0.04703552419853942,9.701046204551441e-19,1,0.05379728603875821,0.0,0.00010153326763413822
3943,3,36.0,8286.265764790689,0.04935656622172488,4.0749168221004703e-17,2,0.05788002350967426,0.0,0.0002512060254867508
3944,2,34.0,19373.08636363638,0.054245775088670976,0.0,2,0.06350925082999993,0.0,0.00016434494391091736
3945,1,37.0,0.0,0.047059271819688685,0.0,1,0.0541763587204624,0.0,8.999368776466014e-05
3946,1,33.0,0.0,0.057374478809769924,0.0,1,0.0685904397175238,0.0,8.901602978909899e-05
3947,1,30.0,0.0,0.05533711955730304,3.6242570182015347e-19,1,0.05947218442941237,0.0,0.00010165994617991888
3948,3,34.0,3816.6291856370367,0.0484893696381947,9.504306095248198e-18,2,0.05391039234729381,0.0,0.00022495493056036246
3949,2,38.0,18129.301232119975,0.04850317627075376,3.2009857614861256e-17,2,0.052412496760472764,0.0,0.00019244901178944485
3950,2,37.0,21046.040542843693,0.04993631603420739,1.7752315990451072e-17,2,0.05424257267010165,0.0,0.00018656537725595976
3951,2,35.0,54613.99814516954,0.05156953013268193,1.0883203412988962e-17,2,0.05659878781251855,0.0,0.00017622151352480645
3952,1,31.0,0.0,0.05312342054607435,0.0,1,0.057806762090709354,0.0,0.0001010908356884751
3953,2,33.0,0.0,0.04994590878299817,0.0,2,0.05558915853267743,1.0,0.00014550667543771975
3954,4,29.0,13543.589643684076,0.058880320385225095,0.0,2,0.06516857964335299,0.16666666666666666,0.0002891872787828677
3955,3,34.0,11243.913252074433,0.04749497649287095,1.2180664787189173e-17,2,0.05247795179100957,0.0,0.0002680128862599623
3956,3,33.0,10636.51862989933,0.050367047308319736,0.0,2,0.05639167251724365,0.0,0.0002244078675249074
3957,6,32.0,66965.62902860568,0.05302591185247204,0.0,2,0.06058446000209021,0.0,0.0004227209806398586
3958,3,35.0,6908.083609201252,0.04752650516634277,0.0,2,0.05236442188251141,0.0,0.000240301376202133
3959,5,34.0,32050.5031632583,0.049893446182747374,0.0,2,0.05593919452925461,0.0,0.00037951021913807564
3960,3,31.0,147543.0546594342,0.05603384716598042,0.0,2,0.06592541600795486,0.0,0.00021002306792243029
3961,2,32.0,14249.028902114369,0.0519376747902517,0.0,2,0.05903770997848412,0.0,0.00016092265586761196
3962,4,31.0,150585.50728458687,0.05477568580489211,5.682815575151297e-18,2,0.06371406195608198,0.0,0.00027425429008018034
3963,2,34.0,2980.38305746541,0.04795790577339404,1.4439694851991035e-17,2,0.05281113393545759,0.0,0.00016571044202959626
3964,1,34.0,0.0,0.04941235308827207,0.0,1,0.0546073808522627,0.0,9.614659831069287e-05
3965,3,33.0,13726.587723238606,0.051980302201271096,0.0,2,0.05877322857869115,0.0,0.00023219425140390843
3966,5,28.0,303750.6142576991,0.06255223238027706,0.0,2,0.07034296685144162,0.1,0.00034951236929416703
3967,1,35.0,0.0,0.046058458813108945,0.0,1,0.050458105745606066,0.0,0.00010452649309407335
3968,1,35.0,0.0,0.046058458813108945,0.0,1,0.050458105745606066,0.0,0.00010452649309407335
3969,4,34.0,16042.091926021285,0.04828179365886078,3.925035491135285e-17,2,0.05405885614083939,0.0,0.00034902713418582127
3970,2,34.0,2425.0355335257113,0.04827660343799779,0.0,2,0.05375424846781081,0.0,0.00016301968534012626
3971,4,33.0,52809.29412621331,0.05071816511124116,0.0,2,0.05763467879810855,0.0,0.0003060559266163928
3972,3,35.0,70.83333333333334,0.046108756930314174,1.2897260614895233e-17,2,0.05099929542762669,0.0,0.000238674966545479
3973,3,29.0,8371.800357969809,0.05857800123322108,4.0892135897408025e-17,2,0.0639143365907298,0.0,0.0002516531262365261
3974,1,30.0,0.0,0.055325344383469595,5.210058606032077e-18,1,0.05931120505790664,0.0,0.00011711766466415077
3975,3,36.0,66064.62352390413,0.051705009315274955,4.321238386916792e-17,2,0.05679604786679118,0.0,0.00026264583587949414
3976,1,34.0,0.0,0.0498848810437452,0.0,1,0.055180085217513386,0.0,9.321636564458935e-05
3977,1,34.0,0.0,0.0498848810437452,0.0,1,0.055180085217513386,0.0,9.321636564458935e-05
3978,2,34.0,5478.554629147828,0.04989445403953176,0.0,2,0.055544457687149114,0.0,0.00015695359596991422
3979,8,33.0,87885.91986315759,0.05250348074695235,6.05462456120262e-18,2,0.059917537858280516,0.0,0.0005916060100236088
3980,2,34.0,54996.71481183622,0.051802604811140705,0.0,2,0.057487730272739374,0.0,0.00016811050889263204
3981,2,34.0,792.6971495253601,0.04909365558912387,0.0,2,0.054760154821062626,0.0,0.00014324577133674116
3982,3,33.0,66082.45376425558,0.05913051805036867,4.090444706845132e-17,2,0.06592110480009973,0.0,0.0002569341350132856
3983,3,33.0,1762.2847655521646,0.049951464164374695,0.0,2,0.05581351750703647,0.3333333333333333,0.00020900763531176106
3984,2,28.0,13076.300357969862,0.062205656433374466,0.0,2,0.06844877382254042,0.0,0.00016513409963740737
3985,4,27.0,342994.9800918588,0.06632385913564169,5.94273189384619e-17,2,0.07436949233844432,0.0,0.0002987018986240077
3986,2,28.0,14811.0,0.06220408985594842,0.0,1,0.06842178326923408,0.0,0.00018059181812178635
3987,2,26.0,346687.9800918594,0.07071386650252652,3.589220876575427e-16,2,0.0794320907179158,0.0,0.0001458660087453291
3988,2,33.0,1.0,0.048047463891455526,3.0741832812255833e-17,2,0.05163787208518426,0.0,0.0001823766993612329
3989,1,33.0,0.0,0.050356265481493565,0.0,1,0.05585523527027984,0.0,9.02436993368974e-05
3990,2,35.0,3.5,0.04739654791944506,3.453167286570221e-17,2,0.052801034448577464,0.0,0.00018125047084654043
3991,2,34.0,4929.5,0.04974773667938893,2.873661095651929e-17,2,0.056093695066598816,0.0,0.00017841327194340525
3992,4,35.0,10101.095599615312,0.04641635659788777,5.207976314764796e-17,2,0.05142077971765471,0.0,0.0003348743374261119
3993,1,34.0,0.0,0.04975174483599045,0.0,1,0.056076343996616186,0.0,9.751840652091716e-05
3994,2,36.0,53962.63543272223,0.052357130744446326,1.480953133272359e-17,2,0.05737676855422577,0.0,0.0001837721887484352
3995,3,30.0,2441.3459540348426,0.05561622552717202,0.0,2,0.06086868723877199,0.0,0.00022835983255805345
3996,2,36.0,1.0,0.045370633994911876,2.954660056561762e-17,2,0.0492084669237038,0.0,0.00017615440179655223
3997,2,35.0,4934.666666666667,0.04752421907318152,0.0,2,0.0521619927327136,0.0,0.0001697405850964495
3998,2,39.0,15723.684206491247,0.04732526057633354,3.2089121627297773e-17,2,0.0511541216668565,0.0,0.00019482470441430013
3999,2,35.0,16.133333333333333,0.046238229843314174,1.2863885296171763e-17,2,0.0505035857149386,0.0,0.00016887055486609104
4000,5,32.0,17570.237112002298,0.052568290892064745,0.0,2,0.06000018626757657,0.1,0.00032899775501841073
4001,2,31.0,15836.786598534112,0.05397491368384249,0.0,2,0.060434142210325725,0.0,0.00014424169488799884
4002,3,33.0,45051.80593988927,0.052133901810967116,0.0,2,0.05944914832080038,0.0,0.00021256215353972508
4003,2,33.0,9863.0,0.05234880837580934,0.0,2,0.06009090900350476,0.0,0.00016711434059779457
4004,2,32.0,34632.24357203195,0.053994972128101434,0.0,2,0.06152191067849479,0.0,0.00014252574021067653
4005,2,34.0,2349.7022001923783,0.04826434007796547,0.0,2,0.0534967136050128,0.0,0.00015970017998421555
4006,2,33.0,23.583333333333336,0.0480610199832662,1.6181334701902164e-17,2,0.05180294093446367,0.0,0.0001794372654991707
4007,3,32.0,19095.43898478329,0.05048543689320388,2.1647057201139255e-17,2,0.0550823177276621,0.0,0.00025259626302734833
4008,2,33.0,6981.8055555555675,0.05036396631527435,0.0,2,0.056239850654895396,0.0,0.00015476043659025583
4009,4,35.0,2873.5588192001223,0.04755899144130701,3.4283865361742645e-17,2,0.05308285407567616,0.16666666666666666,0.000282396602026407
4010,2,33.0,448.2573127793833,0.0525001328444657,0.0,2,0.059388001865998755,0.0,0.00013967066232460482
4011,2,35.0,4939.0,0.04752376188094047,0.0,1,0.052128254541080624,0.0,0.0001889306573004679
4012,3,34.0,15547.348869384958,0.04866323856807928,0.0,2,0.05444197145799272,0.0,0.00022697363315827223
4013,1,36.0,0.0,0.04435784388553162,0.0,1,0.04820653151968658,0.0,0.00010151902378262912
4014,2,33.0,116.56832056832053,0.05070619149285597,0.0,2,0.05712547309153419,0.0,0.00013931298540408203
4015,3,34.0,4952.0,0.049755753638515386,9.202747157057484e-18,2,0.056447464104578064,0.0,0.00024436808624681564
4016,2,36.0,3.333333333333333,0.045371884127188226,1.2278841021226191e-17,2,0.04926919566864305,0.0,0.00017330923776704728
4017,1,36.0,0.0,0.045368133937017274,1.6150081513978006e-17,1,0.0489959163164164,0.0,0.00011065375643225729
4018,2,35.0,0.0,0.04672013316183703,0.0,2,0.05126864818366851,1.0,0.00014913625822960536
4019,1,34.0,0.0,0.04989949393428216,0.0,1,0.0554226339800448,0.0,9.134982355264437e-05
4020,4,33.0,39306.19950016098,0.05251966829683181,0.0,2,0.059949391125123694,0.0,0.00028701927752029663
4021,1,36.0,0.0,0.04435784388553162,0.0,1,0.04820653151968658,0.0,0.00010151902378262912
4022,2,33.0,38553.31352813851,0.05686658224933809,0.0,2,0.06823750874468042,0.0,0.0001436717752861613
4023,2,32.0,134834.44225557346,0.05762613006707495,0.0,2,0.06896204772103955,0.0,0.00014224783825534187
4024,2,35.0,1879.2659090909096,0.05107843745476353,0.0,2,0.05867265257496692,0.0,0.00017265389885514368
4025,2,35.0,11.0,0.047400186146480006,1.5315092181476355e-17,2,0.05291188850680008,0.0,0.00017662730162594704
4026,2,34.0,701.3685395930786,0.04975976308711988,0.0,2,0.056393482997965406,0.0,0.0001708963135343624
4027,1,34.0,0.0,0.0498848810437452,0.0,1,0.055180085217513386,0.0,9.321636564458935e-05
4028,3,33.0,23936.788550607147,0.05070775294854292,0.0,2,0.057275849031383885,0.0,0.00021782604370661337
4029,7,32.0,103466.82799353132,0.05340482805591291,0.0,2,0.06179493133158562,0.0,0.0004552968335369042
4030,4,30.0,201627.7527271971,0.05697874254605013,0.0,2,0.06466297915433178,0.0,0.0002727239974366847
4031,3,31.0,123512.52833733146,0.0545115478410558,0.0,2,0.06225934142885762,0.0,0.00020348359286430554
4032,1,33.0,0.0,0.05069786535303777,0.0,1,0.056739411784420074,0.0,8.564427115192075e-05
4033,4,33.0,18569.10263050216,0.05235602094240838,5.138337491026558e-18,2,0.06050588876058978,0.0,0.00031604790325335147
4034,5,32.0,48751.97117009506,0.05523688124070533,1.7275445254665477e-17,2,0.06515251871016757,0.0,0.00035841454671932805
4035,2,34.0,10266.285629183625,0.05722361226948383,1.4184957253928425e-17,2,0.06346015602277588,0.0,0.0001765521999446026
4036,5,32.0,55539.33396951106,0.05425769108262765,0.0,2,0.06192064078621329,0.1,0.00031699103817162897
4037,3,34.0,5613.2890632460085,0.049006477981806094,0.0,2,0.054598718238676444,0.3333333333333333,0.00020741912900970215
4038,5,33.0,15577.11644106602,0.05152488631148567,0.0,2,0.05844538359411844,0.1,0.00031569831913037035
4039,2,31.0,53247.3095151376,0.05523811653677137,0.0,2,0.062158927239613346,0.0,0.00014220055302392135
4040,3,30.0,43116.90807397867,0.05610321173851815,0.0,2,0.062253060216253084,0.0,0.00024964450097274407
4041,6,29.0,263943.1492436247,0.05942070823710546,9.540180252151423e-18,2,0.06717079743008443,0.0,0.000444523273056464
4042,1,30.0,0.0,0.05608856088560885,0.0,1,0.061747710303008414,0.0,9.333235742923204e-05
4043,1,30.0,0.0,0.05608856088560885,0.0,1,0.061747710303008414,0.0,9.333235742923204e-05
4044,1,34.0,0.0,0.04705837524767566,1.7598559256629927e-18,1,0.05185495481594719,0.0,0.00010264361922556835
4045,3,33.0,9363.528902114387,0.049381728760358665,5.927353582969862e-17,2,0.05541481541678526,0.0,0.0002551249134564274
4046,2,34.0,1463.3006720111705,0.04782974932951212,0.0,2,0.05321960625426124,0.0,0.00016265289715617983
4047,4,32.0,97885.63679752215,0.05323792178120723,0.0,2,0.06157578877168814,0.0,0.0002608186294398549
4048,2,32.0,4914.416666666667,0.05046119901529158,1.5201312042311356e-17,2,0.054653923022951446,0.0,0.00017825325751653467
4049,3,31.0,33299.90807397867,0.05314056432267295,1.1628358872109391e-17,2,0.05835597165307683,0.0,0.0002484174113239729
4050,2,39.0,14973.450392477602,0.046920264045210616,3.11269869846493e-17,2,0.05081933293780264,0.0,0.0001945309348804844
4051,2,37.0,18137.157015429457,0.04839104667678895,1.3678224429784803e-17,2,0.05285226028646662,0.0,0.00018454151863376525
4052,3,36.0,20629.02218079824,0.04956554893343768,3.8982620824893924e-17,2,0.05479372474656877,0.0,0.0002569802933977501
4053,2,38.0,16126.213035737794,0.047464401698725955,3.3873258605247556e-17,2,0.05152077303244872,0.0,0.00019146401982313
4054,1,36.0,0.0,0.043376329168386206,1.5493878759653203e-17,1,0.046605882227993764,0.0,0.00011825235534328365
4055,2,35.0,4939.0,0.04534273231266292,3.165776450763618e-17,1,0.0493481009400484,0.0,0.00020680971356169448
4056,2,33.0,10547.768903524404,0.04867234839154638,0.0,2,0.05317292272323439,0.0,0.00017786415271098542
4057,2,33.0,4928.5,0.052348253645303496,0.0,2,0.060074039907688295,0.0,0.00016307177655672275
4058,2,34.0,2.5,0.04975124378109453,1.1996928917089732e-17,2,0.056187680029004726,0.0,0.00016890135655263768
4059,2,31.0,7.0,0.052687713310580205,5.488856220421306e-18,2,0.05690117061854144,0.0,0.00017211372732969842
4060,4,30.0,10982.756310350762,0.055614347150609054,4.969575633956277e-17,2,0.06086868723877199,0.0,0.00031919507455038755
4061,2,31.0,4.5,0.05268658944988375,2.759896587664407e-17,2,0.056833694235275595,0.0,0.00017394481625450159
4062,2,30.0,4934.5,0.05561059077809798,1.0058550949671443e-18,2,0.060565043514075635,0.0,0.000165737070728967
4063,2,29.0,15469.58250082696,0.058876811594202896,0.0,2,0.0649054217486163,0.0,0.00015760428320143202
4064,2,29.0,0.0,0.05887540819488475,0.0,2,0.0648311977270239,1.0,0.00015122762660083283
4065,3,31.0,682.9630952380945,0.053131991051454136,0.0,2,0.05838376549666015,0.0,0.00023028561048271188
4066,2,30.0,2277.8608308525017,0.056098114921644335,0.0,2,0.0620918398576643,0.0,0.00015857994706601787
4067,2,34.0,60728.701647333175,0.056328392246294184,1.389962661043259e-17,2,0.06210005253531339,0.0,0.0001821538735030022
4068,2,35.0,57120.91371748095,0.05414470006685884,3.006407123453777e-17,2,0.0593341345848985,0.0,0.00018587680353644595
4069,2,35.0,11623.800110366095,0.051197545834240174,0.0,2,0.05730945308757536,0.0,0.00017434343635161509
4070,2,35.0,11623.800110366095,0.051197545834240174,0.0,2,0.05730945308757536,0.0,0.00017434343635150686
4071,1,31.0,0.0,0.05268490374873354,0.0,1,0.056698741468743936,0.0,9.818718042153523e-05
4072,2,34.0,19744.0,0.04827424461556502,0.0,1,0.053717136457014585,0.0,0.00018108240748336796
4073,4,35.0,14814.0,0.04605416491865939,1.0919348723265231e-16,1,0.0507065634282742,0.0,0.00040323433410726636
4074,1,36.0,0.0,0.04402695091084097,0.0,1,0.04765762595613573,0.0,0.0001160455230773559
4075,1,36.0,0.0,0.04402695091084097,0.0,1,0.04765762595613573,0.0,0.0001160455230773559
4076,1,36.0,0.0,0.04402695091084097,0.0,1,0.04765762595613573,0.0,0.0001160455230773559
4077,1,30.0,0.0,0.055325344383469595,4.349285196584702e-18,1,0.05931120505790664,0.0,0.00011711766466415077
4078,3,29.0,9877.0,0.058564806582020366,7.975697649972679e-17,1,0.06364780487682974,0.0,0.0003062097797103778
4079,2,34.0,4802.682034639598,0.04992521324331972,0.0,2,0.056266513901093114,0.0,0.0001429628957375388
4080,5,33.0,54402.11234486298,0.05254201233780047,0.0,2,0.060678246708875096,0.1,0.00030938465133734745
4081,1,33.0,0.0,0.05731323889410973,0.0,1,0.06669357470536702,0.0,9.143349334152554e-05
4082,1,33.0,0.0,0.057330532570473616,0.0,1,0.06662511583630086,0.0,9.051664206127613e-05
4083,1,33.0,0.0,0.057330532570473616,0.0,1,0.06662511583630086,0.0,9.051664206127613e-05
4084,5,32.0,10738.676939563706,0.06081646722804944,0.0,3,0.07307925019128224,0.1,0.00035387302930392684
4085,1,33.0,0.0,0.05731323889410973,0.0,1,0.06669357470536702,0.0,9.143349334152554e-05
4086,5,32.0,13175.360966811064,0.06079700691658257,0.0,3,0.07323570642061296,0.1,0.0003592662721289327
4087,4,30.0,101840.09090909084,0.06743106743106743,0.0,2,0.08171046633389968,0.16666666666666666,0.00027658616740357673
4088,2,32.0,14811.0,0.059455035624879644,4.338440537055856e-19,1,0.06845041953770911,0.0,0.00018197318729980047
4089,3,31.0,19744.0,0.06320772823235878,0.0,2,0.0747338679171048,0.3333333333333333,0.00022776921070418173
4090,5,32.0,17356.577739180157,0.060436266653617,0.0,3,0.07319331611938747,0.2,0.0003206633718089238
4091,1,34.0,0.0,0.05319034390679846,0.0,1,0.059333370792251504,0.0,0.00010704730342766645
4092,4,33.0,9878.0,0.056177858645590495,7.741335396122271e-17,2,0.06400686476489423,0.0,0.0003608897710497545
4093,2,32.0,7652.223118711353,0.06214930931233173,0.0,2,0.07275327780732614,0.0,0.00016523340013392237
4094,2,31.0,39456.0,0.0629901179470832,0.0,1,0.07399469479111252,0.0,0.00017783264528163685
4095,1,35.0,0.0,0.05082775154078052,0.0,1,0.056699689233618254,0.0,0.00010153235322225909
4096,1,34.0,0.0,0.053410602112637984,0.0,1,0.06041092443420224,0.0,0.00010044264306309917
4097,5,33.0,24682.0,0.05685676468895667,6.039436423541788e-17,2,0.06609695201139888,0.1,0.0004260443930356078
4098,4,33.0,14814.0,0.05622133451694038,5.0766574366048454e-17,1,0.06459219670375825,0.0,0.0003810462791637881
4099,4,31.0,32282.861566994943,0.06441433805792075,0.0,3,0.07875234877471386,0.0,0.0002543457470621933
4100,4,32.0,14814.0,0.060332930299588416,7.164911700152835e-17,1,0.07173290293832657,0.0,0.00036074902939201546
4101,4,31.0,37295.78911605481,0.06420086814129389,0.0,2,0.07880026407343159,0.0,0.000270571496271422
4102,4,32.0,11935.319568013681,0.06071555866917395,0.0,2,0.07113796923740563,0.0,0.000321573157865199
4103,3,31.0,9877.0,0.06298048115047745,2.5167639883795643e-17,1,0.07384624674792764,0.0,0.00028571590717442165
4104,1,32.0,0.0,0.059249664171943967,0.0,1,0.06765500562328305,0.0,0.00011131106744564646
4105,4,34.0,36601.2850692172,0.05354897454797728,5.543370146450633e-18,2,0.06110489251841675,0.0,0.0003349370642008307
4106,6,33.0,75218.50270990974,0.05642361111111111,7.120068947168279e-18,2,0.06571512313331167,0.0,0.0004947135245894532
4107,2,34.0,9876.0,0.053412912084941665,0.0,1,0.06059648448818334,0.0,0.0001921460175669668
4108,1,35.0,0.0,0.05070410970152318,1.415509407867708e-17,1,0.05637474871816807,0.0,0.0001143582784835927
4109,2,34.0,4939.0,0.05341175707381418,0.0,1,0.06054587720073395,0.0,0.00019764717977415293
4110,5,32.0,45181.77594167205,0.06114391098238709,0.0,3,0.07510511849751486,0.0,0.0003384700715352179
4111,6,32.0,102686.45182145076,0.06320206750083161,0.0,2,0.07677054177170105,0.06666666666666667,0.0004028113351030038
4112,3,31.0,150080.06714654109,0.06705032846517184,0.0,2,0.08166096043434781,0.0,0.0002086452445678669
4113,2,35.0,2547.72932332887,0.05443046343022103,0.0,2,0.06358902126503381,0.0,0.0001690135931618725
4114,4,34.0,14387.88697354433,0.05716203237639,4.5957039870823794e-17,2,0.06758046648116892,0.0,0.0003295136117488555
4115,3,31.0,4854.06183399932,0.06379956089371044,0.0,2,0.07720805520344963,0.3333333333333333,0.00019708924114751803
4116,1,34.0,0.0,0.05319034390679846,0.0,1,0.059333370792251504,0.0,0.00010704730342766645
4117,3,34.0,9877.0,0.05397137550529881,4.110144291338542e-17,1,0.06171984014209596,0.0,0.00029085346761418515
4118,4,33.0,29613.0,0.05704717362434321,0.0,2,0.06677803126056081,0.16666666666666666,0.000323726278894825
4119,4,30.0,369024.41226623533,0.07071082992184592,0.0,2,0.08755602858457973,0.0,0.00026345575197184667
4120,5,29.0,1916256.5080933177,0.07544057909043707,0.0,2,0.09325191320336491,0.1,0.0003065893611604908
4121,5,32.0,42703.84459707032,0.05938999026196516,0.0,2,0.0730974486142466,0.1,0.00034223971483047025
4122,1,35.0,0.0,0.05120816013434368,1.5812630743883594e-18,1,0.05734996184853404,0.0,0.00011276670957026123
4123,1,35.0,0.0,0.05120816013434368,0.0,1,0.05734996184853404,0.0,0.00011276670957026123
4124,3,34.0,9877.0,0.05397137550529881,3.9972849185583795e-17,1,0.06171984014209596,0.0,0.00029085346761418515
4125,1,32.0,0.0,0.059977660142780824,0.0,1,0.07002171312327357,0.0,8.94511814688836e-05
4126,1,32.0,0.0,0.059977660142780824,0.0,1,0.07002171312327357,0.0,8.94511814688836e-05
4127,2,32.0,4938.999999999999,0.059979116582890166,0.0,1,0.07015666588980521,0.0,0.00018043941211197994
4128,7,31.0,21610.506215344703,0.0638036809815951,0.0,2,0.07721415610410755,0.14285714285714285,0.00048664785967648846
4129,4,33.0,10525.971428571434,0.06021673147482234,6.0067571248575e-18,2,0.07251889688801648,0.0,0.00032297981035584085
4130,1,33.0,0.0,0.05611085870059064,1.6268209487359467e-17,1,0.06316705904654578,0.0,0.00011336542141475716
4131,2,32.0,4939.0,0.05944573470836693,0.0,1,0.06842873070023082,0.0,0.0001953110454946073
4132,2,32.0,1211.4918650793734,0.060436266653617,0.0,2,0.07135790706469386,0.0,0.00015467617615044148
4133,2,32.0,957.631575369084,0.06034545943172656,0.0,2,0.07121807768409126,0.0,0.0001535926121215043
4134,3,33.0,5301.900000000017,0.057304595967798064,0.0,2,0.06755124677582772,0.0,0.0002482223503839615
4135,1,34.0,0.0,0.05419935267979593,0.0,1,0.062108552455820414,0.0,0.00010068789302172828
4136,2,33.0,0.0,0.05685349292208539,0.0,2,0.06572583190343677,1.0,0.0001679580875432423
4137,4,33.0,34542.0,0.05730725505208696,0.0,1,0.06773680682980886,0.0,0.0003560827390387399
4138,6,32.0,82850.41660561648,0.060779802404124166,0.0,3,0.07410182410859305,0.0,0.0004319161267398821
4139,2,32.0,14811.0,0.059392132345869,0.0,1,0.06888792979151896,0.0,0.00018137546170167521
4140,1,34.0,0.0,0.05308916615619391,0.0,1,0.06141312838230878,0.0,0.0001073348104387453
4141,1,34.0,0.0,0.05308916615619391,0.0,1,0.06141312838230878,0.0,0.0001073348104387453
4142,1,34.0,0.0,0.05308916615619391,0.0,1,0.06141312838230878,0.0,0.0001073348104387453
4143,4,33.0,14814.0,0.05606500817141819,5.267385800652437e-17,1,0.0667760234543082,0.0,0.0003622427452195784
4144,2,34.0,3247.1357414283743,0.05356813671802991,0.0,2,0.061305194356812184,0.0,0.0001772886950216478
4145,2,33.0,7969.624522092159,0.0565573301276547,1.723353937153781e-17,2,0.06541534815783949,0.0,0.00017672545279689557
4146,2,34.0,3333.895878513511,0.05370440832744469,2.8796885746429705e-17,2,0.06151624409173311,0.0,0.00018081423990246734
4147,5,32.0,119459.376059391,0.05956543757686835,0.0,2,0.07021005512916169,0.1,0.00039291247358460966
4148,3,33.0,21633.018647425823,0.059891129081143996,2.7424840414519006e-17,2,0.07104380809585815,0.0,0.000251122692811482
4149,3,34.0,7670.207045264686,0.05693540021898231,1.3014490308516258e-17,2,0.06713500184810957,0.0,0.0002500598428439121
4150,2,33.0,0.0,0.057514087458669025,0.0,2,0.0694885204941472,1.0,0.00014834470008692998
4151,7,31.0,187783.1429839692,0.06313663842132843,0.0,2,0.07570840866881144,0.0,0.0005276826041611531
4152,5,30.0,263354.5382220624,0.06720905553590378,0.0,2,0.08147230401605615,0.0,0.00038899332610144253
4153,2,33.0,4939.0,0.057039927949564695,0.0,1,0.06633943476933284,0.0,0.0001828617427414589
4154,6,32.0,49914.38888888872,0.06048806768786198,0.0,3,0.07282246946638418,0.06666666666666667,0.000428048598203738
4155,4,32.0,14814.0,0.06032408933826672,5.806034699014487e-17,1,0.07089352720254075,0.0,0.00036412069861225323
4156,5,31.0,64633.42950987417,0.06419085735076276,0.0,3,0.07780992272348221,0.0,0.00034730052305415043
4157,5,34.0,19750.0,0.05420648941656699,9.81420301666716e-17,1,0.06272596136270313,0.0,0.0004958383440661772
4158,5,32.0,19288.334188034172,0.060176387467719146,4.038615580859781e-17,2,0.07111751025621531,0.0,0.0004181840957709805
4159,2,33.0,0.0,0.05704322120991674,0.0,2,0.06644064934423162,1.0,0.00015979027942351136
4160,4,31.0,14339.941394842761,0.06409424708721488,0.0,3,0.07801114821852632,0.3333333333333333,0.0002647817929862604
4161,2,32.0,4938.999999999998,0.060170523751522535,0.0,1,0.0706620446691707,0.0,0.00017998064700867116
4162,6,31.0,120874.3403966943,0.06402032061998626,0.0,3,0.07813867909980944,0.06666666666666667,0.0004150582459732662
4163,4,29.0,393450.1676131521,0.07185977161975417,0.0,2,0.08875904690073098,0.0,0.00026858729060748587
4164,7,28.0,3518477.343582243,0.07683812664292047,0.0,3,0.09625441983264818,0.09523809523809523,0.00041133758004156476
4165,3,31.0,9877.0,0.06298048115047745,2.9070905692462744e-17,1,0.07384624674792764,0.0,0.00028571590717442165
4166,5,31.0,93758.04329004319,0.06327330481338217,0.0,2,0.07558619092023754,0.0,0.00037326852282294325
4167,3,32.0,9877.0,0.05944716542918688,2.4603946972724705e-17,1,0.06856368346676248,0.0,0.00029046834082437046
4168,1,33.0,0.0,0.05611213339694223,2.823047496150514e-19,1,0.06321766633399521,0.0,0.00011265759031312162
4169,1,33.0,0.0,0.05611213339694223,4.477832741808003e-19,1,0.06321766633399521,0.0,0.00011265759031312162
4170,1,34.0,0.0,0.05322874352150161,0.0,1,0.059685118075924366,0.0,0.0001038426885384536
4171,3,33.0,4939.0,0.05622069467838121,0.0,2,0.06449098212885944,0.3333333333333333,0.0002593569227960046
4172,8,30.0,220665.68521568662,0.06796917996697853,0.0,3,0.08430278267636444,0.10714285714285714,0.0004876361680233874
4173,3,33.0,13062.912600820251,0.059670483644972704,0.0,2,0.07087002877051173,0.0,0.00022465671093581087
4174,3,29.0,120073.28197279957,0.07199067327309822,0.0,3,0.08834522226146396,0.3333333333333333,0.00018414751768208772
4175,3,33.0,9877.0,0.0560656444711784,6.869299024862941e-17,1,0.06372007334139554,0.0,0.0003068523170508901
4176,1,34.0,0.0,0.053089736700698546,5.336772553762978e-18,1,0.05916585344899567,0.0,0.00011729971691064686
4177,1,30.0,0.0,0.06824429800931106,0.0,1,0.07996294425004033,0.0,9.331092923310856e-05
4178,1,30.0,0.0,0.06824429800931106,0.0,1,0.07996294425004033,0.0,9.331092923310856e-05
4179,5,29.0,19749.0,0.0732416083501364,0.0,2,0.0890353097353941,0.1,0.00037031001266783276
4180,4,31.0,19747.0,0.06319640778313654,0.0,2,0.0747811013853909,0.16666666666666666,0.0003227775738568001
4181,6,32.0,44405.0,0.05952165793120068,4.399300469171539e-17,1,0.06956660373587671,0.0,0.0005438149550872103
4182,3,32.0,9877.0,0.05944358875625722,4.463963412365737e-17,1,0.06846246889186373,0.0,0.0002904645290535165
4183,1,33.0,0.0,0.056108946764649094,6.213115605013567e-18,1,0.06316031140821919,0.0,0.00011265651031139229
4184,2,35.0,4939.0,0.05070619149285597,4.657322125551166e-17,1,0.05653669203800613,0.0,0.00021577264589145318
4185,1,36.0,0.0,0.048259625059836074,1.8197827032232608e-17,1,0.0530027913756357,0.0,0.00012206160158342806
4186,3,31.0,4939.0,0.06357622712414095,0.0,2,0.0758491699583701,0.3333333333333333,0.00022024168202463537
4187,8,30.0,173769.23639220878,0.06744211446046308,0.0,2,0.08251863196493948,0.10714285714285714,0.0005404485744692832
4188,4,31.0,16366.952380952373,0.06322471651265774,0.0,2,0.0752028287808025,0.16666666666666666,0.000294822202281431
4189,2,33.0,12.0,0.05617849750949576,0.0,2,0.0638719119983625,0.0,0.00017902911391153497
4190,1,32.0,0.0,0.05988604679355073,0.0,1,0.0697308973949954,0.0,9.340044764453474e-05
4191,1,32.0,0.0,0.05988604679355073,0.0,1,0.0697308973949954,0.0,9.340044764453474e-05
4192,1,32.0,0.0,0.05988604679355073,0.0,1,0.0697308973949954,0.0,9.340044764453474e-05
4193,7,31.0,45473.93809523807,0.06370001676316231,0.0,3,0.07706799789233972,0.047619047619047616,0.0005191712281818302
4194,3,30.0,62804.25864046544,0.0677566247874033,0.0,3,0.08213674808118017,0.3333333333333333,0.00019640873793794084
4195,4,32.0,14814.0,0.059448596218876736,5.456724792705878e-17,1,0.06869863623329414,0.0,0.0003849689852003678
4196,5,31.0,44405.0,0.06320045033519267,0.0,2,0.07501726872682139,0.1,0.00040348358948526485
4197,1,32.0,0.0,0.06074841058055313,0.0,1,0.07390558799056607,0.0,8.357208400811026e-05
4198,1,32.0,0.0,0.06074841058055313,0.0,1,0.07390558799056607,0.0,8.357208400811026e-05
4199,9,31.0,1318905.1772338895,0.06467661691542288,0.0,2,0.08282964169086543,0.027777777777777776,0.0005634408380666933
4200,1,34.0,0.0,0.05379857117964802,0.0,1,0.06100163880549118,0.0,0.00010278577389560953
4201,3,32.0,986.6525252525239,0.06156300238026993,0.0,2,0.07347652267611261,0.6666666666666666,0.00020236809002846396
4202,4,32.0,33701.43205154989,0.06091846298031865,0.0,2,0.07560118040984272,0.16666666666666666,0.00028143868934710903
4203,6,31.0,24685.0,0.06318994077541988,6.127298465025032e-17,1,0.0747811013853909,0.0,0.0005448461232380341
4204,4,33.0,9877.0,0.05622133451694038,1.7689364863140535e-17,2,0.06459219670375825,0.16666666666666666,0.0003479401879968963
4205,1,30.0,0.0,0.0672749557401607,0.0,1,0.07976014045644902,0.0,8.555630616633788e-05
4206,5,30.0,1326794.5667120374,0.0683330336270455,0.0,3,0.08544525514285713,0.1,0.0003038559256964138
4207,4,29.0,1410831.7439296576,0.07239474185559154,0.0,3,0.0897409863039887,0.16666666666666666,0.0002442197024281941
4208,2,32.0,14796.0,0.059513770088909235,0.0,2,0.06895931628648422,0.0,0.0001705029523075773
4209,6,32.0,24685.0,0.05939498869811956,6.690512541861439e-17,1,0.06932652628274688,0.0,0.0005615659148702943
4210,5,33.0,19750.0,0.05618360894388463,6.424929789129658e-17,1,0.06431050848959065,0.0,0.0004990915903337885
4211,4,31.0,26374.582333546816,0.06355332561430593,0.0,2,0.07662324579305833,0.16666666666666666,0.0002705741655438935
4212,2,32.0,3054.4804319863156,0.05939070427276443,0.0,2,0.06883732250406958,0.0,0.00016746031815111838
4213,2,30.0,106796.56080214091,0.06811256497580212,0.0,2,0.08279500972528506,0.0,0.00014137106647304517
4214,3,32.0,19743.0,0.05951663815329751,0.0,2,0.06912800724464879,0.0,0.0002540534487665948
4215,2,31.0,76.16666666666667,0.06303593303389138,0.0,2,0.07412046143706408,0.0,0.0001606016879478715
4216,2,30.0,4819.047619047617,0.06710771195305178,0.0,2,0.08003621718859388,0.0,0.00015568874371152101
4217,3,31.0,9400.941394842777,0.06409341550437885,0.0,3,0.07790993364362754,0.6666666666666666,0.00019279263866489208
4218,7,29.0,558809.1256905714,0.07212626476471361,0.0,3,0.08939194658326274,0.09523809523809523,0.0004545724160083898
4219,3,28.0,3387142.6054728585,0.07729377894605081,0.0,3,0.09595971917382341,0.0,0.00018654991535695285
4220,1,32.0,0.0,0.06026521574703249,0.0,1,0.0709548668761771,0.0,8.621019649956635e-05
4221,6,31.0,85221.85828291523,0.06412919306262332,0.0,2,0.07843887484743187,0.2,0.0003942491959057992
4222,3,32.0,34531.0,0.06027551032858694,0.0,2,0.07143057537820113,0.3333333333333333,0.00023001993052149765
4223,1,35.0,0.0,0.051419768506953116,0.0,1,0.05804386346551778,0.0,0.0001146507455708369
4224,7,33.0,29619.0,0.0573059254790961,1.171194925811893e-16,1,0.06793923597960647,0.0,0.0006471343797308323
4225,1,32.0,0.0,0.059249664171943967,4.7442410457194845e-19,1,0.06765500562328305,0.0,0.00011131106744564646
4226,1,33.0,0.0,0.056108946764649094,4.489483995381317e-18,1,0.06316031140821919,0.0,0.00011265651031139229
4227,2,32.0,8084.398129455082,0.06090794762409686,0.0,2,0.07513284027044988,0.0,0.00014106852696579622
4228,1,35.0,0.0,0.051419768506953116,0.0,1,0.05804386346551778,0.0,0.0001146507455708369
4229,1,35.0,0.0,0.051419768506953116,0.0,1,0.05804386346551778,0.0,0.0001146507455708369
4230,1,33.0,0.0,0.05676138387471131,0.0,1,0.0650777138852321,0.0,0.0001014495233606691
4231,1,33.0,0.0,0.05676138387471131,0.0,1,0.0650777138852321,0.0,0.0001014495233606691
4232,1,33.0,0.0,0.05676138387471131,0.0,1,0.0650777138852321,0.0,0.0001014495233606691
4233,1,35.0,0.0,0.051419768506953116,0.0,1,0.05804386346551778,0.0,0.0001146507455708369
4234,1,32.0,0.0,0.05988604679355073,0.0,1,0.0697308973949954,0.0,9.340044764453474e-05
4235,1,32.0,0.0,0.05943500649694403,0.0,1,0.06814532989051435,0.0,0.00010754476120496141
4236,1,32.0,0.0,0.05943500649694403,0.0,1,0.06814532989051435,0.0,0.00010754476120496141
4237,1,34.0,0.0,0.05448389195866283,2.0035467536876807e-17,1,0.06274625116657251,0.0,0.00010601164188937437
4238,1,34.0,0.0,0.05420173138324135,0.0,1,0.06218615029657617,0.0,0.00010602580912533172
4239,1,35.0,0.0,0.05120816013434368,3.095993703027131e-18,1,0.05734996184853404,0.0,0.00011276670957026123
4240,1,35.0,0.0,0.05120816013434368,9.315666425471077e-19,1,0.05734996184853404,0.0,0.00011276670957026123
4241,1,33.0,0.0,0.056900642723859106,0.0,1,0.06573859801446706,0.0,0.00010701739582538836
4242,1,33.0,0.0,0.05689277899343545,0.0,1,0.06505501282270006,0.0,0.00010773387553468671
4243,2,33.0,4939.0,0.05762276915898752,1.367186961936437e-18,1,0.06816955626991147,0.0,0.0001780080348465571
4244,1,33.0,0.0,0.056900642723859106,0.0,1,0.06573859801446706,0.0,0.00010701739582538836
4245,1,34.0,0.0,0.05379857117964802,0.0,1,0.06100163880549118,0.0,0.00010278577389560953
4246,3,34.0,9877.0,0.053800914833369635,2.660248033039602e-17,1,0.06127154433855467,0.0,0.00029786770404659994
4247,1,35.0,0.0,0.0510546822517802,0.0,1,0.057036926833620744,0.0,0.00011475407655940612
4248,1,35.0,0.0,0.0510546822517802,1.061219930066187e-19,1,0.057036926833620744,0.0,0.00011475407655940612
4249,1,33.0,0.0,0.05689277899343545,0.0,1,0.06505501282270006,0.0,0.00010773387553468671
4250,1,32.0,0.0,0.0582609003314031,1.925080788407974e-17,1,0.06687403187195756,0.0,0.00010493620728694499
4251,1,33.0,0.0,0.05675616677581314,1.542641026386907e-17,1,0.06489890146957762,0.0,0.00010685000205826778
4252,1,33.0,0.0,0.05658583521380053,1.639943920258689e-17,1,0.06458911576996425,0.0,0.00010704497722717216
4253,1,34.0,0.0,0.05396253208804413,1.538148122727177e-17,1,0.061257626916724796,0.0,0.00010807446774470333
4254,1,33.0,0.0,0.05611340815121087,0.0,1,0.0632682736214446,0.0,0.00011216413643462908
4255,1,34.0,0.0,0.05318919850122744,3.2518702240684502e-18,1,0.05928276350480208,0.0,0.00011451042647435519
4256,1,32.0,0.0,0.05943500649694403,0.0,1,0.06814532989051435,0.0,0.00010754476120496141
4257,1,33.0,0.0,0.05611340815121087,0.0,1,0.0632682736214446,0.0,0.00011216413643462908
4258,1,33.0,0.0,0.05689277899343545,0.0,1,0.06505501282270006,0.0,0.00010773387553468671
4259,1,34.0,0.0,0.05420173138324135,0.0,1,0.06218615029657617,0.0,0.00010602580912533172
4260,1,33.0,0.0,0.056900642723859106,0.0,1,0.06573859801446706,0.0,0.00010701739582538836
4261,1,32.0,0.0,0.05943500649694403,0.0,1,0.06814532989051435,0.0,0.00010754476120496141
4262,1,32.0,0.0,0.05943500649694403,0.0,1,0.06814532989051435,0.0,0.00010754476120496141
4263,1,34.0,0.0,0.05318919850122744,4.7799681238763335e-18,1,0.05928276350480208,0.0,0.00011451042647435519
4264,3,33.0,9877.0,0.05617658096137007,5.856720092456821e-17,1,0.0638719119983625,0.0,0.0002970077625698529
4265,2,31.0,4939.0,0.06186444923107749,2.1437686764556167e-17,1,0.07290184274241739,0.0,0.00017547760048788977
4266,1,33.0,0.0,0.05611340815121087,0.0,1,0.0632682736214446,0.0,0.00011216413643462908
4267,1,31.0,0.0,0.06317216332689676,0.0,1,0.07377204746135722,0.0,8.913278765286216e-05
4268,1,33.0,0.0,0.05944573470836693,0.0,1,0.0696242452018543,0.0,8.742316621918786e-05
4269,1,32.0,0.0,0.06023435309036372,0.0,1,0.0708092455116331,0.0,8.662435808916837e-05
4270,1,34.0,0.0,0.05420054200542006,0.0,1,0.06223000994569898,0.0,0.00010893883033262872
4271,1,34.0,0.0,0.05420054200542006,0.0,1,0.06223000994569898,0.0,0.00010893883033262872
4272,1,34.0,0.0,0.05420054200542006,0.0,1,0.06223000994569898,0.0,0.00010893883033262872
4273,1,34.0,0.0,0.05420054200542006,0.0,1,0.06223000994569898,0.0,0.00010893883033262872
4274,1,34.0,0.0,0.05420054200542006,0.0,1,0.06223000994569898,0.0,0.00010893883033262872
4275,1,34.0,0.0,0.05420054200542006,0.0,1,0.06223000994569898,0.0,0.00010893883033262872
4276,1,33.0,0.0,0.05595261017793836,0.0,1,0.06305380868634841,0.0,0.00011170377984436536
4277,1,33.0,0.0,0.05595261017793836,0.0,1,0.06305380868634841,0.0,0.00011170377984436536
4278,1,33.0,0.0,0.05595261017793836,0.0,1,0.06305380868634841,0.0,0.00011170377984436536
4279,5,32.0,34546.0,0.059268146370725854,7.876762152935948e-17,1,0.06845460076498332,0.0,0.0004785032515577306
4280,1,34.0,0.0,0.053089736700698546,4.723479271243641e-18,1,0.05916585344899567,0.0,0.00011729971691064686
4281,1,34.0,0.0,0.053229317070017025,0.0,1,0.05971885626755732,0.0,0.00011133056140188607
4282,1,34.0,0.0,0.053229317070017025,0.0,1,0.05971885626755732,0.0,0.00011133056140188607
4283,1,34.0,0.0,0.053229317070017025,0.0,1,0.05971885626755732,0.0,0.00011133056140188607
4284,3,32.0,9877.0,0.05946863450866147,4.448645399642155e-17,1,0.06872707270909902,0.0,0.00027900372559428366
4285,2,31.0,12404.423118711356,0.06610729722857869,1.168659332441009e-17,2,0.07884184301820489,0.0,0.00015656676943052552
4286,1,34.0,0.0,0.053229317070017025,0.0,1,0.05971885626755732,0.0,0.00010429551702891464
4287,1,34.0,0.0,0.053229317070017025,0.0,1,0.05971885626755732,0.0,0.00010429551702891464
4288,1,32.0,0.0,0.059249664171943967,1.0831556855238377e-18,1,0.06765500562328305,0.0,0.00011131106744564646
4289,1,32.0,0.0,0.059249664171943967,3.8989870806682306e-19,1,0.06765500562328305,0.0,0.00011131106744564646
4290,1,32.0,0.0,0.05944072772777591,0.0,1,0.06819256335880042,0.0,9.894846152414964e-05
4291,4,33.0,14814.0,0.05595641289942571,5.56549191849327e-17,1,0.06345866698594389,0.0,0.00041280711355453156
4292,1,34.0,0.0,0.05299178305550192,0.0,1,0.05890226754386685,0.0,0.0001180797387098691
4293,1,34.0,0.0,0.05299178305550192,0.0,1,0.05890226754386685,0.0,0.0001180797387098691
4294,1,34.0,0.0,0.05299178305550192,0.0,1,0.05890226754386685,0.0,0.0001180797387098691
4295,1,33.0,0.0,0.05617849750949576,0.0,1,0.06377069742346368,0.0,0.00010739867905028285
4296,1,33.0,0.0,0.05617849750949576,0.0,1,0.06377069742346368,0.0,0.00010739867905028285
4297,1,33.0,0.0,0.05617849750949576,0.0,1,0.06377069742346368,0.0,0.00010739867905028285
4298,1,33.0,0.0,0.05617849750949576,0.0,1,0.06377069742346368,0.0,0.00010739867905028285
4299,3,33.0,9877.0,0.05612169546595776,7.619982195186572e-17,1,0.06346347315874945,0.0,0.0003073424136024243
4300,1,32.0,0.0,0.05977662419380211,0.0,1,0.06919377062439777,0.0,9.276003698657052e-05
4301,3,30.0,9877.0,0.06727862065208509,1.0960346343506884e-17,1,0.08003004598951241,0.0,0.00026462757337937704
4302,1,31.0,0.0,0.06303834620047215,4.187569836525513e-18,1,0.0727340183514658,0.0,0.00010533603953708187
4303,1,31.0,0.0,0.06303834620047215,4.03602756436322e-18,1,0.0727340183514658,0.0,0.00010533603953708187
4304,1,33.0,0.0,0.05742116213922888,0.0,1,0.06849719456861063,0.0,9.016394856584287e-05
4305,3,33.0,4941.0,0.057243505063848524,2.6588476520149375e-17,2,0.06547285931084153,0.0,0.0002577400456963609
4306,1,33.0,0.0,0.05724085189219253,0.0,1,0.06520295377777817,0.0,9.869252312594902e-05
4307,1,34.0,0.0,0.05414470006685884,1.8738679403626135e-18,1,0.06062792746740871,0.0,0.00010338457336021946
4308,1,33.0,0.0,0.0560656444711784,0.0,1,0.06359861585151688,0.0,0.00010991339835287169
4309,1,33.0,0.0,0.0560656444711784,0.0,1,0.06359861585151688,0.0,0.00010991339835287169
4310,1,33.0,0.0,0.0560656444711784,0.0,1,0.06359861585151688,0.0,0.00010991339835287169
4311,1,33.0,0.0,0.0560656444711784,0.0,1,0.06359861585151688,0.0,0.00010991339835287169
4312,1,33.0,0.0,0.0560656444711784,0.0,1,0.06359861585151688,0.0,0.00010991339835287169
4313,1,34.0,0.0,0.053195498842405646,0.0,1,0.059475071197109895,0.0,0.00011520379743632517
4314,1,34.0,0.0,0.053195498842405646,0.0,1,0.059475071197109895,0.0,0.00011520379743632517
4315,1,34.0,0.0,0.053195498842405646,0.0,1,0.059475071197109895,0.0,0.00011520379743632517
4316,1,34.0,0.0,0.053195498842405646,0.0,1,0.059475071197109895,0.0,0.00011520379743632517
4317,7,30.0,142666.40528213937,0.06788418463398882,0.0,3,0.08406902509759812,0.14285714285714285,0.00042777798096490366
4318,1,34.0,0.0,0.05313999268518319,2.93647479660323e-18,1,0.058996311480733775,0.0,0.00011743857760025153
4319,1,34.0,0.0,0.05313999268518319,3.0591035036224496e-18,1,0.058996311480733775,0.0,0.00011743857760025153
4320,1,35.0,0.0,0.05407180385288967,0.0,1,0.062134753332852066,0.0,0.0001003798695762155
4321,1,33.0,0.0,0.05613126079447323,4.545857659038301e-18,1,0.06334346159136943,0.0,0.0001094092826646344
4322,1,33.0,0.0,0.05613126079447323,4.149696078858489e-18,1,0.06334346159136943,0.0,0.0001094092826646344
4323,1,34.0,0.0,0.056797277409860195,0.0,1,0.06609846242042634,0.0,9.899143678019264e-05
4324,1,34.0,0.0,0.056797277409860195,0.0,1,0.06609846242042634,0.0,9.899143678019264e-05
4325,1,34.0,0.0,0.05650751527075565,0.0,1,0.06505960242014407,0.0,0.00010150965670950057
4326,1,35.0,0.0,0.05386896972869232,0.0,1,0.061861360392645094,0.0,0.00010120851588535662
4327,5,41.0,10832.04549533711,0.039962141129456306,0.1835946875158256,3,0.049054245839299085,0.2,0.00023651251400604392
4328,2,42.0,2453.8111111111098,0.03844298143219561,0.06696276478231646,2,0.04611787013844522,0.0,0.00012032859886048592
4329,2,43.0,5.0,0.03702954117849888,0.016237505528145926,2,0.043565621145705884,0.0,0.00012671955024989374
4330,1,41.0,0.0,0.0399279034617654,0.08295915163104005,1,0.0472846776881522,0.0,6.215209054240366e-05
4331,3,43.0,2.5,0.037028708492616746,0.02330802795329525,2,0.04358923787984895,0.0,0.0001814547906366845
4332,11,41.0,66833.97443943427,0.03998025266872233,0.8477846382396889,5,0.050648375393954344,0.2545454545454545,0.0004038152965535944
4333,7,43.0,10402.425247906394,0.03706176711105776,0.28403342113910274,4,0.046014531884090784,0.3333333333333333,0.0003031313311669979
4334,1,42.0,0.0,0.03843101865538112,0.07228518607435123,1,0.0454267191841366,0.0,6.462567342480741e-05
4335,6,41.0,4939.0,0.03996666747570852,0.5409137577096452,5,0.04935620265441367,0.6666666666666667,0.0002418878565542401
4336,9,41.0,39357.72926211847,0.039985106761853885,0.8634800300163105,4,0.05088454273538478,0.3888888888888889,0.00033187122546079757
4337,2,42.0,0.0,0.03844118654091574,0.13051821696753207,2,0.04596926143720499,1.0,0.00010577070193261984
4338,1,43.0,0.0,0.03704175820879854,0.05955988084696109,1,0.0439704794453012,0.0,6.645126967021929e-05
4339,1,43.0,0.0,0.03704009177545007,0.039134511347826854,1,0.043882278172889366,0.0,6.960694934375102e-05
4340,6,42.0,10033.439991807234,0.03846453320875185,0.29284555714514376,3,0.047804779720091096,0.2,0.00027704980421739696
4341,3,40.0,395.2526424173566,0.040456983743499444,0.110580538755969,2,0.0483734030115463,0.3333333333333333,0.00015289117962151655
4342,9,42.0,7217.0492690254505,0.03846633028094437,0.4456896455178366,4,0.048072436040378995,0.2222222222222222,0.00038216162742983
4343,4,42.0,5242.581245633539,0.038457346598782444,0.31460868884972576,3,0.04711989442994287,0.5,0.00017510137671402447
4344,6,40.0,1615.876190476206,0.04158074155128151,0.5043516367600593,5,0.05085466700762503,0.8,0.00021415187436479472
4345,14,41.0,78001.01220251713,0.03998704872915655,0.954204464106483,4,0.051390615609878565,0.21978021978021978,0.0005373906589693522
4346,10,41.0,60490.11127604303,0.03997863489956784,0.47777777803430416,3,0.050469562978299874,0.13333333333333333,0.0004536256600055743
4347,7,41.0,100.6222342056107,0.03997475278771302,0.7466651130165598,5,0.04999722829543904,0.6666666666666666,0.0002543132672726193
4348,1,43.0,0.0,0.03702593314345675,0.011987363798146987,1,0.04322486541021317,0.0,8.152694608826301e-05
4349,1,42.0,0.0,0.038437896342175086,0.1003490178137311,1,0.045765225706853534,0.0,6.359879961335418e-05
4350,1,46.0,0.0,0.033368458025992274,0.005280592150923948,1,0.03820223495337014,0.0,8.131028229069999e-05
4351,3,45.0,4938.999999999999,0.03452010761329094,0.03951494211207171,2,0.04070679133235198,0.3333333333333333,0.00017983078309797377
4352,11,39.0,381538.20866026194,0.04337023607806643,0.8282935946401778,5,0.05487217232109711,0.34545454545454546,0.00038434000546394353
4353,3,43.0,25.323809523809523,0.03703898090318131,0.059325868100605555,2,0.044172908595098856,0.0,0.0001636656911611011
4354,2,42.0,0.0,0.03842773019688377,0.03794696185889227,2,0.04547170343964716,1.0,0.00011190976282676851
4355,3,43.0,1839.8736201298702,0.037047591906526074,0.09725692720418024,2,0.04458740637801786,0.3333333333333333,0.00015237968928029044
4356,1,43.0,0.0,0.037035648686134126,0.02425213445593581,1,0.043734312103870604,0.0,7.273939357865767e-05
4357,7,42.0,6784.714369089655,0.03845974183703658,0.1814799669678732,3,0.04758548147447712,0.19047619047619047,0.00034902137116856364
4358,3,44.0,243.99826297418073,0.03573314429969547,0.07117150246212246,3,0.04234346245330457,0.6666666666666666,0.00014677001298179745
4359,10,44.0,24826.985220701783,0.03575331659055215,0.21940620957578222,4,0.04403173032578288,0.24444444444444446,0.0004523091949966127
4360,2,42.0,5.533333333333334,0.03844268227200921,0.082359360513029,2,0.04608413194681231,0.0,0.00011677834073856213
4361,10,42.0,8036.618024839733,0.03846543172385869,0.626975270463143,4,0.04818602128554318,0.2888888888888889,0.000401401969453862
4362,2,37.0,439901.1068577095,0.04732027395948082,0.020774006294994964,2,0.0579537427932636,0.0,0.00012675498568084074
4363,4,38.0,435171.8711095969,0.04526006211806096,0.15256242070045795,3,0.05578651811411569,0.0,0.00019174001002999875
4364,6,43.0,9673.939051845575,0.037051204164135335,0.2421682581451047,4,0.045249156908189696,0.4,0.0002544915517476513
4365,6,42.0,8346.937550690593,0.03846752842236412,0.39694498797510264,4,0.047913866539704225,0.33333333333333337,0.00024650541548979215
4366,1,42.0,0.0,0.03842802912440102,0.03343009946771552,1,0.04529449760454664,0.0,6.776601285221932e-05
4367,6,41.0,18028.663221694802,0.039963434266622445,0.25015915024538476,4,0.049129674796306956,0.26666666666666666,0.00026405495839488413
4368,7,42.0,3345.1726432812197,0.03846782796938148,0.34472651150717665,4,0.04791209930109489,0.3333333333333333,0.0002921526738516623
4369,3,39.0,19778.719690562473,0.04332421244650249,0.146282412009772,3,0.05248158045682343,0.3333333333333333,0.00013731514167160215
4370,3,39.0,19778.719690562473,0.04332421244650249,0.14628241200977193,3,0.05248158045682343,0.3333333333333333,0.00013731514167152195
4371,6,44.0,8837.117663448293,0.03574814203735464,0.14236021594163364,3,0.04332322830149138,0.4,0.0002791194160470324
4372,8,43.0,22972.152580297105,0.03706566024145201,0.45268586602064836,4,0.046250699225521205,0.32142857142857145,0.00031957159307553095
4373,11,42.0,30264.42888860268,0.03846662980930207,0.6758511662467862,4,0.048388450435340756,0.2727272727272727,0.00043491766337796215
4374,8,40.0,12229.583492970594,0.04158879291475139,0.4230261029058663,4,0.05149858449364776,0.39285714285714285,0.0003150309803485239
4375,4,41.0,2841.887549500302,0.03996699082539117,0.2637975817339378,3,0.04920438079206556,0.3333333333333333,0.00017227014114215932
4376,6,40.0,4215.781714870938,0.04158809267241379,0.3885379437897405,4,0.05129615534385013,0.6,0.00023710170078527283
4377,4,42.0,9829.167464784965,0.038451958403387505,0.098198059366262,2,0.04679600779026686,0.16666666666666666,0.00021152532936416328
4378,1,42.0,0.0,0.03745318352059925,0.004220392948954775,1,0.043129679807031286,0.0,9.015753256816029e-05
4379,1,46.0,0.0,0.03336913422632919,0.00786914528027623,1,0.038262963698309414,0.0,7.601922949776554e-05
4380,4,45.0,4939.0,0.03452083129516009,0.058885218046463204,3,0.04085861319470023,0.5,0.00021487530549722938
4381,11,40.0,233250.7419909389,0.04161647136129668,1.0,5,0.05326309191605005,0.32727272727272727,0.0003899960999146969
4382,2,44.0,709.6406149406135,0.03572694201965705,0.015814374922953338,2,0.041734159475580804,0.0,0.00012748156419622816
4383,6,43.0,8768.940064131466,0.037058152793614595,0.2506825456703802,4,0.04559280448867932,0.33333333333333337,0.0002611661156897742
4384,11,40.0,16915.288884326394,0.04159194429710456,0.7763397160656201,5,0.05195260415819398,0.38181818181818183,0.00038959874400027426
4385,4,41.0,41.60468252784905,0.039963434266622445,0.3651941100928918,4,0.048966526541053504,0.6666666666666666,0.0001518578889133809
4386,4,41.0,7117.969771683061,0.03995599987058786,0.22575766581810736,2,0.04869493409840855,0.3333333333333333,0.0001984560109141807
4387,1,42.0,0.0,0.03842683344223529,0.024534735824685,1,0.04526927428984965,0.0,7.056535446065049e-05
4388,1,45.0,0.0,0.03451938396176314,0.029320420231512732,1,0.04047062399092137,0.0,6.880450865433522e-05
4389,1,43.0,0.0,0.037040924973381524,0.053086386161139226,1,0.04399361420527807,0.0,6.859520747305197e-05
4390,1,43.0,0.0,0.037040924973381524,0.05308638616113924,1,0.04399361420527807,0.0,6.859520747305197e-05
4391,9,42.0,42329.00063010876,0.03846543172385869,0.3972481525068117,4,0.0481354139980938,0.16666666666666666,0.00040486214534230734
4392,10,40.0,37990.50036254212,0.04158879291475139,0.5190502739703831,4,0.05178391320002918,0.2888888888888889,0.00038517789174889565
4393,1,43.0,0.0,0.037043424792099405,0.09174296423376004,1,0.04417290859509885,0.0,6.464540208352415e-05
4394,1,44.0,0.0,0.0357305597546598,0.03307405276321128,1,0.04184751103630074,0.0,7.182314374008024e-05
4395,11,42.0,22166.64951359331,0.03846812752106402,0.6865173104218244,4,0.0485571413935054,0.2727272727272727,0.0004437163824036425
4396,5,43.0,4989.60264911387,0.0370542612400426,0.24749483448011259,3,0.04525879639151339,0.2,0.00024391127447331403
4397,2,45.0,18.99821428571429,0.03451576615917777,0.02113771293467171,2,0.04036603559685926,0.0,0.0001240798091363377
4398,6,40.0,34352.28812381115,0.041602452355086195,0.6300336249907685,5,0.05188319987826327,0.7333333333333333,0.00021978611466593335
4399,3,43.0,5627.9757339882235,0.037045091525372886,0.09720206634742286,2,0.04432135663828381,0.0,0.00015666853494238474
4400,2,42.0,0.0,0.03844986340180107,0.15242848742566928,2,0.04645862587393769,1.0,0.00010081085862282778
4401,8,40.0,8360.167131672286,0.04158809267241379,0.6207875898526961,5,0.051509187925303825,0.4642857142857143,0.00029923636200273473
4402,10,41.0,9257.23840973116,0.039974105842369316,0.7509168510995582,5,0.05012712033322576,0.2888888888888889,0.00039106555922031416
4403,2,44.0,0.5333333333333333,0.035734695206197875,0.04649700470892796,2,0.04215115476099695,0.0,0.00011053100543166331
4404,6,42.0,5047.7082362569245,0.03845046195038801,0.16318283002614623,3,0.046802112796371864,0.2,0.0002881296599594146
4405,2,43.0,0.0,0.03704314701780171,0.17410363492864417,2,0.04429099226581416,1.0,9.808466847141596e-05
4406,2,42.0,0.0,0.038453754300748835,0.21130146848975337,2,0.04666442884289849,1.0,9.710468449197906e-05
4407,3,42.0,2478.1888888888902,0.03844956413449564,0.09121489923825216,2,0.04653284989553011,0.3333333333333333,0.0001627097653593771
4408,6,40.0,41.70697162877694,0.04159404548401492,0.5791838952598287,5,0.05149569264865066,0.7333333333333333,0.0002122829057853058
4409,2,42.0,13.202976190476186,0.03845046195038801,0.138521544095728,2,0.04649911170389719,0.0,0.00011261631190228276
4410,4,41.0,7786.3800252382525,0.039943077072350334,0.12077623333775396,3,0.04822814211845875,0.3333333333333333,0.00019168549295485506
4411,2,43.0,0.0,0.03704564713646147,0.10562752041776698,2,0.04419684664535271,1.0,0.00010192695149499187
4412,2,43.0,13.107663878948703,0.03704453593095018,0.0982456222788789,2,0.044338225734100276,0.0,0.00011033744689681037
4413,7,40.0,25375.836576187052,0.041595096157084635,0.6042902797524378,5,0.05156606087691364,0.6190476190476191,0.0002458417529830276
4414,1,43.0,0.0,0.03702704323319542,0.021806990605165836,1,0.0433167618178991,0.0,7.117659557385228e-05
4415,3,41.0,5034.387975818175,0.038910199355697506,0.03158141706493367,2,0.04607307790732002,0.0,0.00021105637231248002
4416,5,45.0,8.0,0.034521313766596784,0.07100553835435532,3,0.04099356596123199,0.5,0.000246544320568351
4417,3,42.0,4939.0,0.03844926487184876,0.08970205859909924,2,0.04649911170389719,0.3333333333333333,0.0001805954788540824
4418,2,42.0,6.423957986457987,0.03845255701720246,0.14763403322366772,2,0.046647559747082026,0.0,0.00010303557558359758
4419,2,42.0,0.0,0.038453754300748835,0.21130146848975337,2,0.04666442884289849,1.0,9.710468449197906e-05
4420,1,36.0,0.0,0.046207954502937104,2.65109175744771e-08,1,0.05308248521270836,0.0,9.345398330716128e-05
4421,4,35.0,5612.666666666648,0.04844609636262001,1.9838255708245073e-07,2,0.057106646312159684,0.3333333333333333,0.00029692120577690936
4422,2,37.0,4939.000000000002,0.04430930405690248,2.2251561131166902e-08,1,0.05067184366866285,0.0,0.00021096466059529898
4423,1,35.0,0.0,0.04852509258076874,8.362052180034857e-06,1,0.056792923260582405,0.0,9.617691898393201e-05
4424,1,38.0,0.0,0.04242965609647164,2.9735946250940782e-09,1,0.04771524061425505,0.0,0.00012001820783254686
4425,1,39.0,0.0,0.04290950784358008,3.4229723842301e-08,1,0.049435021950858596,0.0,9.589431529448136e-05
4426,2,38.0,4939.0,0.04480237978632711,1.7742673121703715e-07,1,0.0520780360575186,0.0,0.0001956128003822404
4427,2,36.0,4939.0,0.04595177853847299,1.0534271502003864e-09,1,0.052059832073331244,0.0,0.00020846974198731038
4428,1,38.0,0.0,0.04457116047422271,2.500699963234119e-08,1,0.05096695614634318,0.0,0.0001132517611193425
4429,1,37.0,0.0,0.04393337068559181,1.4077509134197985e-10,1,0.04901083196189318,0.0,0.00011895786742409431
4430,1,39.0,0.0,0.04288157220857458,2.371047899049679e-08,1,0.04885546262129948,0.0,0.00011349366724203421
4431,2,40.0,4939.0,0.04114712178381935,4.8316141090347885e-09,1,0.04680264738835509,0.0,0.0002115719441467472
4432,2,36.0,9876.000000000004,0.046362339514978604,1.6353597912513918e-07,1,0.05400774687820775,0.0,0.0001849198984895761
4433,1,41.0,0.0,0.03952126468046978,6.456743365486166e-10,1,0.04422073366426112,0.0,0.0001202763033419513
4434,1,36.0,0.0,0.04636059912158865,1.6056238449935946e-07,1,0.05382218682422655,0.0,9.525991773657406e-05
4435,5,35.0,22593.26005800458,0.0486139130263637,1.2014965649374862e-06,2,0.058118021455353275,0.1,0.00038177465092349336
4436,4,34.0,28585.13952366726,0.050746299320985754,1.9961846494747575e-07,2,0.060333385967555504,0.3333333333333333,0.00028241452739516447
4437,3,32.0,73981.27060577618,0.05593993817164728,5.237488597189074e-08,2,0.06769844883906323,0.3333333333333333,0.00021175669513803054
4438,1,34.0,0.0,0.05045192258591635,4.943863948025031e-09,1,0.058467745868853616,0.0,9.2204765352903e-05
4439,4,33.0,36969.53952366737,0.053131991051454136,3.6995187792778645e-08,2,0.063318497148235,0.16666666666666666,0.0002910425330510314
4440,1,34.0,0.0,0.05032446033637929,2.6592994219631287e-09,1,0.05807610884825726,0.0,9.26576651404622e-05
4441,4,33.0,28153.086637664386,0.05299064618553162,1.9899674186786847e-08,2,0.06283051728853002,0.16666666666666666,0.00029317382616903887
4442,4,34.0,19653.41997099769,0.050598164536217634,5.688091011881149e-08,2,0.059602283961149555,0.16666666666666666,0.000292763836036592
4443,2,35.0,9876.0,0.048163639377187595,7.74207401513781e-09,1,0.05547815688330123,0.0,0.00018117018258191928
4444,3,32.0,19589.1,0.06328141012502563,0.0,2,0.07643529813802491,0.0,0.00024385210323944856
4445,3,33.0,4938.999999999999,0.06021893361289222,0.0,2,0.07253047157064382,0.3333333333333333,0.00023065929283028986
4446,6,35.0,37904.65686107693,0.05499276410998553,0.0,2,0.06676641565030636,0.06666666666666667,0.00041860313044188584
4447,1,33.0,0.0,0.05999514209375759,0.0,1,0.07124249773280689,0.0,8.942782773827507e-05
4448,7,32.0,111306.96015297632,0.06382346481311611,0.0,2,0.07935848027858018,0.09523809523809523,0.00048645553483640233
4449,1,34.0,0.0,0.056218135469774215,0.0,1,0.06431763632535258,0.0,0.00010195823812527064
4450,1,34.0,0.0,0.056218135469774215,0.0,1,0.06431763632535258,0.0,0.00010195823812527064
4451,1,33.0,0.0,0.0595109023009276,1.7976030785866292e-17,1,0.06923183931118496,0.0,0.000106518702832442
4452,1,33.0,0.0,0.0595109023009276,1.6435883316433203e-17,1,0.06923183931118496,0.0,0.000106518702832442
4453,1,33.0,0.0,0.0595109023009276,1.8042986850372885e-17,1,0.06923183931118496,0.0,0.000106518702832442
4454,3,32.0,9877.0,0.06327573618885374,0.0,1,0.07627335481818685,0.0,0.0002688016791277525
4455,3,32.0,9877.0,0.06327573618885374,0.0,1,0.07627335481818685,0.0,0.0002688016791277525
4456,1,33.0,0.0,0.0595109023009276,1.6608403156550564e-17,1,0.06923183931118496,0.0,0.000106518702832442
4457,2,32.0,19394.470707070708,0.06329600492017529,0.0,2,0.07645746894966939,0.0,0.00014608894969574942
4458,18,31.0,558624.1026105986,0.06754539488077008,1.9560357378703106e-16,2,0.08604984016369749,0.0065359477124183,0.001214717447287228
4459,2,32.0,10891.454550724842,0.06344232399249994,0.0,2,0.07689155072484422,0.0,0.00015810768851350765
4460,1,35.0,0.0,0.05441907091003228,0.0,1,0.06370168646030805,0.0,9.315650763777638e-05
4461,6,34.0,63968.22509615237,0.057550269111582286,0.0,2,0.06990016137412744,0.06666666666666667,0.0004432819804108116
4462,4,33.0,9903.952380952382,0.059566155812523364,7.193740454440047e-17,2,0.07015626576192682,0.0,0.00033694122845036165
4463,1,32.0,0.0,0.0632724943964137,0.0,1,0.07600344928512344,0.0,8.771988431260114e-05
4464,1,32.0,0.0,0.0632724943964137,0.0,1,0.07600344928512344,0.0,8.771988431260114e-05
4465,1,32.0,0.0,0.0632724943964137,0.0,1,0.07600344928512344,0.0,8.771988431260114e-05
4466,1,32.0,0.0,0.0632724943964137,0.0,1,0.07600344928512344,0.0,8.771988431260114e-05
4467,2,39.0,7984.8719045084545,0.045914194363893227,0.0,2,0.05464953691577425,0.0,0.00016344521557742816
4468,2,38.0,626.9984126984125,0.047023435566470574,0.0,2,0.055577519524500595,0.0,0.00016550993578092157
4469,5,35.0,74883.69596307895,0.05030549898167006,0.0,2,0.058937160800541566,0.0,0.00039534305169178777
4470,3,38.0,5086.5,0.04602155746639215,3.962728098295054e-17,2,0.05311093356294989,0.0,0.0002664687266888874
4471,2,42.0,9876.0,0.045459983251585116,1.2948675863003846e-17,1,0.05287886818282652,0.0,0.00019985032370282171
4472,1,46.0,0.0,0.03853895242701783,1.5635238683535126e-17,1,0.04260568645421911,0.0,0.00012664181022486095
4473,5,34.0,137642.11633715846,0.056885572483043725,0.0,2,0.07030331242188184,0.0,0.0003573998440978723
4474,4,33.0,605167.5540849711,0.06023876010584462,0.0,2,0.07649414273767202,0.0,0.00025863168583309317
4475,2,43.0,4939.0,0.043484384352663635,4.8823985687444646e-17,1,0.04972292634947029,0.0,0.0002208987987019204
4476,6,34.0,959953.6487788392,0.05963662702963723,0.0,2,0.07612605358123094,0.06666666666666667,0.00038066206742796836
4477,3,33.0,864188.0391899726,0.06228330076278132,0.0,2,0.07692310545006804,0.0,0.0002037135496399434
4478,3,37.0,36066.8359594341,0.05031984679949476,0.0,2,0.06126499858333258,0.0,0.00024322321407682076
4479,2,36.0,40612.16929276719,0.052910619611203344,0.0,2,0.06543449981861527,0.0,0.00015780644653689614
4480,2,37.0,21257.335959434153,0.050316771578153965,0.0,2,0.061028831241901865,0.0,0.00016043964905878443
4481,2,36.0,26054.919292767525,0.05290721958638121,0.0,2,0.06532991142455317,0.0,0.000157080053398447
4482,3,40.0,32251.924210149835,0.04991966369910771,2.2809686231718542e-17,2,0.06030940662708753,0.0,0.00026099775823726064
4483,3,39.0,95985.36330916293,0.05248507256539385,0.0,2,0.06502079310116624,0.0,0.00023423989713990885
4484,2,33.0,57402.4542584823,0.050539152497288894,1.2827300579457334e-17,2,0.05648177134352271,0.0,0.00017607308569666892
4485,7,38.0,49519.63777070071,0.04801430709717552,8.22108844082354e-17,2,0.058500844238986355,0.0,0.0005214785823472405
4486,3,37.0,11020.659363749755,0.04401871240810871,2.524215476770705e-17,2,0.04879775640111859,0.0,0.00024258579152522665
4487,3,36.0,45428.56631693114,0.04603613930125714,0.0,2,0.051567220758100024,0.0,0.00023316549072186158
4488,2,40.0,3316.763615736865,0.04439890710382514,0.0,2,0.051174729751033134,0.0,0.00018206876291789376
4489,2,38.0,12706.276529755209,0.046451709968311286,1.2285409453936127e-17,2,0.05292381025951501,0.0,0.00018664442547784151
4490,2,40.0,23096.26854952961,0.0473035085031408,0.0,2,0.05506492326789999,0.0,0.00017992780057684746
4491,5,38.0,45847.59402264448,0.048886689757545766,5.3835026772241504e-17,2,0.05915466805625081,0.0,0.00040063954097559564
4492,3,37.0,51012.94164169167,0.051362029527968395,0.0,2,0.06333893121325275,0.0,0.0002242302095505116
4493,4,33.0,21447.413215790388,0.051919661155895615,3.1838623536265777e-18,2,0.059155901052022446,0.0,0.0003262916835697786
4494,2,36.0,63.44999999999999,0.049324533463800384,3.0763586052713685e-17,2,0.05657377935227465,0.0,0.00018041349299248558
4495,2,40.0,2556.3723441124994,0.04489317423822463,0.0,2,0.053545704964657555,0.0,0.00016838472140266852
4496,2,39.0,17027.792733469447,0.04583410651326777,0.0,2,0.05422995115965,0.0,0.00016981054987054916
4497,3,39.0,9876.0,0.040464937213817054,1.2120855688887896e-17,2,0.04416509100642387,0.3333333333333333,0.00024895589579379605
4498,2,42.0,24675.0,0.04555430552737869,0.0,1,0.05317174625797848,0.0,0.0001897314177756119
4499,2,43.0,19744.0,0.04357298474945534,1.1342229809955897e-17,1,0.05005525551850157,0.0,0.00019953992126443642
4500,5,41.0,57489.978824271544,0.04772347434621738,8.126895343877968e-17,2,0.05702896893870921,0.0,0.00043863955387447867
4501,2,40.0,54518.77243234612,0.0498989898989899,0.0,2,0.0602348013482669,0.0,0.00017129492209441726
4502,1,37.0,0.0,0.04874246415850181,0.0,1,0.05586290693491195,0.0,0.00010644673642038857
4503,3,36.0,8646.729426129403,0.051239497977388235,4.1560394846418353e-17,2,0.060207170712329866,0.0,0.00026854768002651633
4504,2,41.0,1933.0186147186107,0.042432207247833295,0.0,2,0.04868561552387358,0.0,0.00017665654086734844
4505,2,34.0,16154.200349735238,0.04932650350977044,1.1682914031973391e-17,2,0.054822125395677684,0.0,0.00017778274555771767
4506,3,33.0,25979.767016402122,0.05186896262074758,0.0,2,0.05854428819344564,0.0,0.0002441918021925582
4507,3,34.0,77075.27018429602,0.05287097982554717,0.0,2,0.06188791744882741,0.0,0.0002251012604790153
4508,4,35.0,85210.63923113425,0.05387601971818697,0.0,2,0.06506416620421474,0.0,0.0002967355015361523
4509,3,39.0,11019.762041518887,0.04444164560036705,2.6141016550440264e-17,2,0.05042268973681694,0.0,0.00027812781291963013
4510,2,34.0,5780.2824541693035,0.04943114161922011,0.0,2,0.05582217572771183,0.0,0.00017238973084472643
4511,2,35.0,5298.305194805201,0.05207015768614554,0.0,2,0.061317973379229986,0.0,0.0001719454418421859
4512,4,36.0,27185.263188064884,0.05067862162356248,2.4337593274029276e-17,2,0.06074075661516706,0.0,0.00032145971772710053
4513,3,39.0,22437.521279596273,0.04688864421580166,4.2780339635549216e-17,2,0.05639458320442329,0.0,0.0002601237537799395
4514,1,40.0,0.0,0.04478897502153316,6.650703328977111e-19,1,0.052407241340482386,0.0,0.00010405995731718325
4515,2,40.0,11730.24069264063,0.04458684958707523,1.3456519736902985e-17,2,0.0518485856034166,0.0,0.00018260735956782752
4516,3,38.0,85267.09592595736,0.04833233863945445,6.702876563348032e-18,2,0.056670550898425515,0.0,0.0002470011815070923
4517,2,37.0,89489.87211643423,0.050731186329280316,0.0,2,0.05990320815842164,0.0,0.00016522726215295296
4518,4,37.0,9752.598948896866,0.04826056798976173,2.4490957301853608e-17,2,0.05686108078434564,0.0,0.0003298701189304828
4519,2,42.0,3492.9704167111913,0.04097748726711681,0.0,2,0.047389657392944685,0.0,0.00018527528399400978
4520,8,42.0,44886.43920556851,0.04102853725789841,1.0664632692511775e-16,2,0.04851711800084938,0.0,0.0007035231119491681
4521,1,43.0,0.0,0.039411853872972566,0.0,1,0.04507706740050769,0.0,0.00010510755772417844
4522,4,40.0,66550.97925929065,0.044171428060480876,3.3505661048155026e-18,2,0.051380625290811346,0.0,0.0003418190057520316
4523,2,37.0,8066.909536369489,0.047288565548269754,0.0,2,0.05452252542620225,0.0,0.0001786091561864811
4524,2,40.0,13833.73675578679,0.044861782120672745,0.0,2,0.05329560792216916,0.0,0.00017152422736948174
4525,2,38.0,4185.830425969422,0.048454649782738765,0.0,2,0.05672757461039377,0.0,0.00016895155036462977
4526,3,36.0,9877.0,0.047898385611092255,2.7308177918738944e-17,1,0.05468329452244355,0.0,0.0002877984538309872
4527,1,40.0,0.0,0.04220130191870697,0.0,1,0.04735502653269462,0.0,0.00010772582209816612
4528,3,39.0,5213.8080873466515,0.044060328757837657,4.321105675306278e-17,2,0.05042860939150462,0.0,0.00027306210006560887
4529,2,41.0,700.3853174603174,0.042773895801404435,1.3929375083161933e-17,2,0.049447483278321006,0.0,0.00018386737482578686
4530,2,39.0,9288.82792864682,0.04700911634280494,0.0,2,0.05551183095244131,0.0,0.000170336344596502
4531,3,37.0,9511.071933621932,0.048747274001124934,7.714139067448012e-18,2,0.056938515577531844,0.0,0.00025057195428265805
4532,3,34.0,9510.694805194811,0.05448269016554356,0.0,2,0.06471332131661658,0.3333333333333333,0.00023268168680141564
4533,2,38.0,3038.047848802681,0.042166720726565035,0.0,2,0.04621506777413636,0.0,0.0001666536554614083
4534,5,34.0,22683.212401782774,0.0531680173926146,2.7247085614741502e-17,2,0.06277844781910465,0.0,0.00039943116914818873
4535,3,33.0,55771.27895078632,0.055500629156929715,0.0,2,0.06532018928184324,0.0,0.00022653506950769456
4536,2,33.0,2264.0895647497564,0.05543710021321962,0.0,2,0.0642245013440501,0.0,0.00016436794208892397
4537,4,36.0,123298.75520093236,0.05357220318396738,0.0,2,0.06538199355383445,0.0,0.00028082813636557156
4538,5,40.0,27012.443224806742,0.044287456071146813,9.042537507582284e-17,2,0.051271020510743365,0.0,0.00046782189051340037
4539,3,40.0,9877.0,0.04413393846263803,6.256855589760677e-17,1,0.04978800919801106,0.0,0.00032088926532719786
4540,3,34.0,56104.47473143058,0.049206617991294214,2.359361144609991e-17,2,0.05509482886434375,0.0,0.00026080888008497805
4541,3,34.0,18922.945935100688,0.0545217755998499,0.0,2,0.06520766615306689,0.0,0.00024184661923348547
4542,4,36.0,16649.505266955257,0.05116043041042264,0.0,2,0.06049713882919306,0.16666666666666666,0.000295086953596038
4543,2,36.0,49056.434115883705,0.05357568921762141,0.0,2,0.06504528803508351,0.0,0.00015240922486779685
4544,1,42.0,0.0,0.04120718706728283,0.0,1,0.04741262282434504,0.0,0.0001032623222592083
4545,2,38.0,3286.8842903828213,0.045180998372020706,1.5187159378206562e-17,2,0.051458755524190436,0.0,0.0001836347134774206
4546,2,34.0,19.0,0.049314193303651645,0.0,2,0.054734420702709854,0.0,0.00017524539437886245
4547,3,39.0,33.83333333333333,0.04046758906555913,1.0219102350696789e-17,2,0.044214164739708114,0.3333333333333333,0.0002384568968819545
4548,2,41.0,4939.0,0.04320183301704461,3.221307613689599e-17,1,0.04835137680459855,0.0,0.00021892907625824224
4549,3,40.0,14813.0,0.045151265880632487,4.2100406615381744e-17,1,0.0513289408883583,0.0,0.0002953349201039296
4550,2,36.0,6162.820854376813,0.044818638747255536,1.4116516258574934e-17,2,0.049193658981635996,0.0,0.0001772616592236459
4551,2,40.0,6857.740692640681,0.04458604474850402,2.664347928869184e-17,2,0.05179797831596722,0.0,0.00018225468702226446
4552,4,31.0,415961.26518246665,0.0583579444772593,0.0,2,0.07200132293515259,0.0,0.000267693995544825
4553,3,40.0,4389.088296240054,0.04411659641351718,3.524523351612062e-17,2,0.0524879162198439,0.0,0.00024622796192770146
4554,4,39.0,80537.64592595736,0.04614752260668112,3.389050713503329e-17,2,0.053770190750239484,0.0,0.0003516045713200125
4555,2,42.0,12141.543749668996,0.04126570435712376,0.0,2,0.048246377909856246,0.0,0.00018079852945902884
4556,2,38.0,26828.160678805532,0.047845036319612594,0.0,2,0.05519587664414835,0.0,0.0001745955537202315
4557,2,35.0,6775.5372405372445,0.052092120803104436,0.0,2,0.061509937847510264,0.0,0.00017204608800380785
4558,1,35.0,0.0,0.04699301763665075,3.788722004993376e-18,1,0.051327242158038466,0.0,0.00010605771709095151
4559,1,44.0,0.0,0.04167264199488793,1.815184895415999e-17,1,0.046885338125744865,0.0,0.00012424021652784632
4560,2,37.0,39333.90706552854,0.050880626223091974,0.0,2,0.06058722041974439,0.0,0.00016721881007220288
4561,3,36.0,5525.766666666666,0.05038245792962774,3.913276017934082e-17,2,0.05891449752789104,0.0,0.0002705213833233588
4562,4,39.0,20281.83008140157,0.046299333626999825,5.4064608000930157e-17,2,0.053937226198952214,0.0,0.0003461971837052347
4563,2,38.0,2450.2230769230746,0.048445621261155244,2.8116714843782086e-17,2,0.05658021390588131,0.0,0.00017496995046729184
4564,5,37.0,14814.0,0.046750641165169825,2.6381810139055138e-17,2,0.05379513774906293,0.1,0.0004229289428188635
4565,3,37.0,4939.0,0.04675019873566264,0.0,2,0.05362644679089823,0.3333333333333333,0.00023922489203676397
4566,2,38.0,19744.0,0.04840100329205205,1.4551504314031798e-17,1,0.05620635044544529,0.0,0.00018168983919516327
4567,3,37.0,34428.46666666666,0.05085810177797453,0.0,2,0.06043254973405137,0.0,0.00023636902130241266
4568,2,41.0,726.0642135642137,0.042930390197271226,1.1905633654528652e-17,2,0.050224436340341724,0.0,0.00017609885089789513
4569,2,34.0,11220.986782375405,0.054484492875104776,0.0,2,0.06466271402916718,0.0,0.00016683044652706839
4570,5,37.0,45554.56530655086,0.05072285197962872,3.543603210756951e-17,2,0.06042872796025757,0.0,0.00040221579457982195
4571,2,36.0,49804.34149702701,0.053373093046371924,0.0,2,0.06415629182383735,0.0,0.00016017429522757775
4572,1,33.0,0.0,0.05790645879732739,0.0,1,0.0682502544285765,0.0,9.047030139425876e-05
4573,4,32.0,248030.5000825407,0.06146495626531958,0.0,2,0.07532203305118569,0.16666666666666666,0.0002828803497162999
4574,5,33.0,313516.0401069345,0.060955295337043296,4.951154523101687e-17,2,0.07524251062802921,0.0,0.00037194166352600143
4575,2,36.0,32061.139638820194,0.0511927708346287,0.0,2,0.06053563769702632,0.0,0.00016536880388089742
4576,1,41.0,0.0,0.043201077403387876,1.929665197277751e-18,1,0.04821642403806684,0.0,0.00011403645444234186
4577,2,37.0,10871.624830360717,0.05070827345514268,0.0,2,0.059766269074114066,0.0,0.0001644900211736075
4578,1,36.0,0.0,0.04918702020252307,0.0,1,0.056153589512784034,0.0,0.00010283112287828962
4579,4,41.0,21806.50803538299,0.04297782379092246,6.312128645804149e-17,2,0.05071710931857659,0.0,0.0003430780949630958
4580,1,39.0,0.0,0.04660861032748682,0.0,1,0.05464445537189527,0.0,9.846694904543923e-05
4581,3,38.0,55536.199427114116,0.04916303417527517,0.0,2,0.060563067485788574,0.0,0.00023331120236360874
4582,3,37.0,66746.00695292192,0.05163853028798411,0.0,2,0.06533956244212345,0.0,0.00021525649389267788
4583,2,39.0,4939.0,0.04623000832888814,3.200002069678378e-17,1,0.0531216313511156,0.0,0.00020400791945633204
4584,2,39.0,11722.407359307297,0.04663456999905598,0.0,2,0.05500975583841029,0.0,0.00017592519102990165
4585,3,41.0,6962.740692640682,0.042724324324324325,4.10005683002518e-17,2,0.04937605622829005,0.0,0.0002732372640777096
4586,2,41.0,2025.2406926406939,0.042723585321767406,1.3454868818043227e-17,2,0.049241103461758334,0.0,0.00018147824412936736
4587,1,42.0,0.0,0.040974088450947216,0.0,1,0.04638157670562491,0.0,0.00010777545190158461
4588,4,35.0,79155.45455389436,0.048243129748627905,5.3722479028126426e-18,2,0.05459774850306066,0.0,0.00031531118406067174
4589,3,42.0,822.0000000000007,0.04102274520224878,2.3896671368679774e-17,2,0.04729478332911933,0.0,0.00025998273552518976
4590,3,41.0,23869.54231073174,0.047622720086376434,2.7540176146460692e-17,2,0.05661656147282653,0.0,0.0002668592017938918
4591,2,35.0,4939.0,0.05168445281439632,2.7599080068302508e-17,1,0.059879769930843194,0.0,0.0001977008702468316
4592,3,43.0,10526.047429999653,0.03972402257997073,0.0,2,0.04662790219215667,0.0,0.0002736572018817195
4593,1,38.0,0.0,0.04553960747439549,0.0,1,0.051537692417637185,0.0,0.00010171540463614028
4594,1,34.0,0.0,0.05745388569700635,0.0,1,0.0682375971431196,0.0,9.358830987898296e-05
4595,1,34.0,0.0,0.05745388569700635,0.0,1,0.0682375971431196,0.0,9.358830987898296e-05
4596,2,35.0,4608.694805194801,0.051687156683233065,1.457968938679331e-17,2,0.05991140636683187,0.0,0.00017296043952844196
4597,2,41.0,7776.490843854369,0.042498279421885755,0.0,2,0.04879957862577299,0.0,0.00018862994416430902
4598,2,40.0,12694.437946262997,0.04482107860927633,0.0,2,0.05297598321489226,0.0,0.00017696405249670075
4599,1,38.0,0.0,0.04652257851862316,0.0,1,0.053318800113101195,0.0,0.00010231250980444408
4600,2,34.0,11966.793916986646,0.04726820399961726,3.319601174075894e-17,2,0.05207938813257489,0.0,0.000184086685153539
4601,2,37.0,8864.989401640507,0.04832051959230784,0.0,2,0.05723428523396709,0.0,0.0001638868022434604
4602,6,36.0,61735.62172858449,0.049038585623951476,0.0,2,0.05769308954075534,0.06666666666666667,0.0004520269686873927
4603,1,38.0,0.0,0.05053191489361702,0.0,1,0.06171022132745745,0.0,8.95251746806198e-05
4604,1,36.0,0.0,0.05108213469552359,0.0,1,0.059285185837766444,0.0,0.00010242037030312219
4605,3,35.0,13484.679884291254,0.05383140092406939,0.0,2,0.06435711740506038,0.0,0.00025433697608326486
4606,3,38.0,16707.785484531134,0.042166360804063,0.0,2,0.04637926030674995,0.3333333333333333,0.00023552951443494755
4607,3,35.0,52881.5219056626,0.05330973604126649,0.0,2,0.06495386708885226,0.0,0.00023049397562198355
4608,4,34.0,364077.05382658023,0.05627705627705628,0.0,2,0.07065063369765304,0.0,0.00027953171554810657
4609,2,38.0,4939.0,0.04843469649877933,8.933300323011313e-19,1,0.05646256914802009,0.0,0.00019050606082708917
4610,2,37.0,17552.776529754818,0.04867186884212186,2.9253584389254195e-17,2,0.05609167436923255,0.0,0.00018231368957902764
4611,3,37.0,5296.677489177492,0.04771195116768723,0.0,2,0.05537136605341775,0.0,0.00025184886196441314
4612,1,40.0,0.0,0.044250958472177436,0.0,1,0.050336325085432974,0.0,0.00010392512861693434
4613,2,37.0,3329.4126518662297,0.04829501016737056,0.0,2,0.056850833215899683,0.0,0.00016901013980347453
4614,2,38.0,594.2238095238093,0.04831390345043424,0.0,2,0.05641896768631617,0.0,0.00016871858025181266
4615,2,35.0,35623.62134584388,0.05212455024110242,0.0,2,0.06182722599121549,0.0,0.00016560453860785514
4616,3,34.0,10014.666666666668,0.049896973859642035,2.1921271739178688e-20,2,0.056503779603645964,0.0,0.00026163627133706473
4617,2,35.0,13027.962759462745,0.053844896179628315,0.0,2,0.06429779947377887,0.0,0.00016720470991689402
4618,1,35.0,0.0,0.05048440501982586,0.0,1,0.05783438753540444,0.0,9.826152583476696e-05
4619,3,36.0,6503.698366237674,0.05110803037513708,2.9708486445828657e-17,2,0.059894320854796575,0.0,0.0002688122144102057
4620,3,41.0,46653.37731123861,0.042380878845592905,0.0,2,0.04910396821055304,0.0,0.00026812108381662916
4621,3,38.0,17038.490569812195,0.04829501016737056,0.0,2,0.05640677452634974,0.0,0.0002443991545212096
4622,3,38.0,34635.407065528605,0.04846938775510204,1.4593639781980072e-17,2,0.05693077848974534,0.0,0.00026169648866657146
4623,1,40.0,0.0,0.04418762746430999,1.681303227761662e-17,1,0.04984216411582998,0.0,0.00011706159284850099
4624,2,35.0,8772.302906681034,0.045921450151057405,3.286062654235264e-17,2,0.05032882144405972,0.0,0.00018393127343986463
4625,1,37.0,0.0,0.048623482976859554,0.0,1,0.05558012591993154,0.0,0.00010652168782910554
4626,3,35.0,11857.26357494191,0.048163639377187595,0.0,2,0.055427491376122996,0.0,0.00025656889767028743
4627,3,32.0,140140.46501856647,0.05519429733413778,0.0,2,0.0665728005076143,0.0,0.00020908215535570356
4628,4,35.0,64490.508163694634,0.05632903453859223,0.0,2,0.0695031511591491,0.16666666666666666,0.00028912650856207197
4629,1,38.0,0.0,0.045142188756488046,1.6938676095655203e-17,1,0.05085808294388002,0.0,0.00011443929289540669
4630,2,36.0,16537.923796963838,0.05062097798909702,1.1887706406622169e-17,2,0.0599781957656802,0.0,0.00017041192699159541
4631,2,34.0,61.19999999999989,0.05280090637993138,1.437630949903382e-17,2,0.060639652668173956,0.0,0.00016356438071853653
4632,2,32.0,1564.454514310937,0.053366750569857506,0.0,2,0.06250647061973169,0.0,0.0001604069944991085
4633,2,39.0,12144.591002712377,0.04610445365289133,0.0,2,0.05297015127104957,0.0,0.00017824937262219813
4634,2,33.0,17972.500438596497,0.05498725497835016,0.0,2,0.06305969677522513,0.0,0.00016783573442511282
4635,1,44.0,0.0,0.03820660958877623,0.0,1,0.043721178035652,0.0,0.00010789443427938555
4636,2,36.0,22438.443196421344,0.051131835260265185,0.0,2,0.0600034003717709,0.0,0.00017089783922688692
4637,3,35.0,7835.685148612957,0.05170933908346766,4.0999015388986726e-17,2,0.06028107914794213,0.0,0.00026770026865522594
4638,1,42.0,0.0,0.041413074459701896,1.7235053815402326e-17,1,0.0456949939644467,0.0,0.00012340308448929456
4639,2,37.0,9934.666666666668,0.0482209966323393,0.0,2,0.056376062144707154,0.0,0.00017185713868095076
4640,3,38.0,4940.5,0.044665864971654354,1.8776091059196248e-17,2,0.050393415726323804,0.0,0.00025740561452030595
4641,3,37.0,14807.0,0.04675019873566264,0.0,2,0.05360957769508176,0.0,0.0002522493747615348
4642,1,36.0,0.0,0.04916743801817404,0.0,1,0.055939895199899496,0.0,0.0001062066365318743
4643,4,34.0,61991.29711452035,0.05492550589281743,3.3160696894439804e-17,2,0.06665512415535983,0.0,0.00030607122658486273
4644,3,33.0,389707.0770783669,0.058060952246629764,0.0,2,0.07236624957252842,0.0,0.00020871060145555886
4645,2,38.0,4939.0,0.04466344197821075,3.0554108371990406e-17,1,0.05017411748070985,0.0,0.0001998174188329326
4646,2,35.0,7311.639177489179,0.05382964117204782,0.0,2,0.06419517408522227,0.0,0.0001550633994449117
4647,1,45.0,0.0,0.04008276197817356,3.3395644391620994e-18,1,0.04477246313856412,0.0,0.00011890406870976131
4648,3,39.0,34245.05893234937,0.047283134086928226,2.1295570143799345e-17,2,0.054587408289233696,0.0,0.00026470888001861885
4649,5,32.0,91187.19957035183,0.05341233457313381,0.0,2,0.06368859259132778,0.1,0.0003326178732137296
4650,1,38.0,0.0,0.04648186830764599,8.001312951613603e-19,1,0.05295695724783463,0.0,0.0001013536141263055
4651,6,33.0,85783.74845422065,0.057615376540978064,0.0,2,0.07087332287881061,0.06666666666666667,0.00042793277643652863
4652,6,32.0,1098422.2495730247,0.06108493774035192,0.0,2,0.07741686364621689,0.06666666666666667,0.00038055352357391903
4653,2,37.0,4939.0,0.04727589407902922,1.48730944966491e-17,1,0.054318718324621894,0.0,0.00019783780191966747
4654,4,36.0,32694.48905135967,0.04962031419502592,5.520929378954912e-17,2,0.05843447536706167,0.0,0.00033038200413649176
4655,5,35.0,492062.8639796601,0.05581227192100417,0.0,2,0.07156140430507185,0.0,0.00034432338511111856
4656,2,34.0,217591.2412425856,0.05803094200429946,0.0,2,0.07155765568331963,0.0,0.00015212328534775575
4657,2,41.0,7798.583827316651,0.04651206583246241,1.3465165895692675e-17,2,0.05445009686616501,0.0,0.00018262405248642424
4658,2,33.0,9855.0,0.05186025027294869,0.0,2,0.05831527743811894,0.0,0.00016985433273077237
4659,3,39.0,24797.560290375077,0.046933191457019074,1.9395369261459552e-17,2,0.05683763205840312,0.0,0.00024092437097740786
4660,5,32.0,134801.82049190465,0.0546932087420562,0.0,2,0.06296799577810255,0.0,0.00037527420964672076
4661,3,36.0,110087.4969467959,0.05339674647354483,6.756704050008403e-18,2,0.06435307603377946,0.0,0.00022900717757545985
4662,4,35.0,168196.39772934763,0.05635538114034087,0.0,2,0.06971537314768686,0.16666666666666666,0.0002753840239163995
4663,1,41.0,0.0,0.04225400301081155,0.0,1,0.04727377991578533,0.0,0.00010900294550784437
4664,3,40.0,8265.919277997398,0.04411777839300546,3.847045347391696e-17,2,0.050314900819483074,0.0,0.0002775695944528675
4665,1,36.0,0.0,0.04914493777295834,1.7178209412936902e-17,1,0.05570625906545373,0.0,0.00011438109693443669
4666,1,40.0,0.0,0.04411226303053033,0.0,1,0.05012857511190234,0.0,0.00010507419848505056
4667,3,38.0,14925.0,0.0484422958118007,0.0,2,0.056792721451856355,0.0,0.00024394105971958584
4668,1,39.0,0.0,0.04275427542754275,1.837503768927212e-17,1,0.04723178495928532,0.0,0.0001152806300834966
4669,2,39.0,16594.407359307752,0.04663545049467563,0.0,2,0.05503674639171662,0.0,0.00017607507686174796
4670,3,37.0,32504.207602183014,0.048812299909094505,1.2033001602359784e-17,2,0.05718975161817986,0.0,0.000244364037536608
4671,2,45.0,4939.0,0.04008341244533158,3.3862267108321293e-17,1,0.04490741590509578,0.0,0.0002265496074008931
4672,2,37.0,11640.923796963853,0.048201705598813496,1.3746983186665779e-17,2,0.056105815634582376,0.0,0.00017587546702569194
4673,2,35.0,9876.0,0.05048646880876462,0.0,1,0.05801994758938566,0.0,0.00018910495098117892
4674,3,44.0,14813.0,0.04175612394975741,5.969071469008762e-17,1,0.04743488494489285,0.0,0.0003125147351655938
4675,3,36.0,2445.4833333333336,0.05112019454648937,7.939070471908578e-18,2,0.05993640596267118,0.3333333333333333,0.000225695996007231
4676,3,38.0,6982.757130297175,0.046030991716285094,1.5964163999839485e-17,2,0.05318047729128305,0.0,0.0002579723681459409
4677,4,36.0,91404.4112779831,0.053576270267339084,0.0,2,0.06552802392267805,0.0,0.0002951211507627667
4678,3,35.0,133605.2919806134,0.05654697176085439,0.0,2,0.07063033846801647,0.0,0.00020597595186953537
4679,2,40.0,3108.483853832103,0.04442366144493804,0.0,2,0.05131977027056754,0.0,0.00017876714024853976
4680,1,35.0,0.0,0.05166661437252257,0.0,1,0.059580960553086246,0.0,9.854969000664207e-05
4681,2,40.0,4939.0,0.04423075201232014,3.125278884724461e-17,1,0.05037603762257781,0.0,0.00020860178265473986
4682,1,35.0,0.0,0.04957798496602804,0.0,1,0.05510906278439905,0.0,0.00010560727493494037
4683,3,34.0,13183.167105263161,0.05216362906802391,4.2894143752759126e-17,2,0.05917278581022065,0.0,0.00026558487478376346
4684,2,37.0,7181.956410256453,0.050867004407100784,5.944585897198514e-19,2,0.06043621645295085,0.0,0.00016743370056527092
4685,2,38.0,46066.00751052103,0.04847366820068491,0.0,2,0.05690164311948249,0.0,0.0001729629219091928
4686,5,37.0,78989.35460315844,0.050898450379162546,1.4873105242872376e-17,2,0.06108374570407375,0.0,0.00038542956621236254
4687,2,40.0,8000.60386475385,0.046551074255559745,2.9023293615891723e-17,2,0.054251819968765366,0.0,0.0001803663958398087
4688,2,32.0,60596.44526878757,0.052175198825529935,0.0,2,0.05889306037003087,0.0,0.0001689859041404577
4689,4,36.0,58756.44925367843,0.05065263978180402,2.1934548988566215e-17,2,0.06063835712928331,0.0,0.00031058559548006906
4690,2,35.0,63267.46195209107,0.05331146196432233,0.0,2,0.06477756453400707,0.0,0.0001557581556729552
4691,3,37.0,5055.320634920635,0.04824595671536839,0.0,2,0.05666810189361133,0.0,0.0002532507917577941
4692,1,37.0,0.0,0.04608595870921999,2.120327594183772e-21,1,0.05157640287858228,0.0,0.00010171592996469303
4693,1,36.0,0.0,0.048167396327967314,2.394534394086209e-18,1,0.05425423526765143,0.0,9.838854898225787e-05
4694,3,36.0,39717.50547882588,0.0483120134569495,1.633959282904357e-17,2,0.05529240133044139,0.0,0.0002518507160651568
4695,4,35.0,51920.98482451077,0.05060438434746978,1.6871767615519037e-16,2,0.05845074953534068,0.0,0.0003201426913068337
4696,1,37.0,0.0,0.04823465083580691,0.0,1,0.05609969024056702,0.0,9.866841709658287e-05
4697,2,44.0,4939.0,0.037920076147197446,3.0099792556897874e-17,1,0.04282977167528367,0.0,0.00021873356617234678
4698,1,44.0,0.0,0.03791949399735945,0.0,1,0.04269481890875202,0.0,0.00011391157237497415
4699,3,43.0,14813.0,0.03941374055546247,0.0,1,0.04539758022102064,0.0,0.00029489415986615387
4700,3,34.0,4940.0,0.04930976313346576,5.858721938509823e-17,2,0.0547512897985263,0.0,0.00026717467062846656
4701,1,40.0,0.0,0.04411226303053033,0.0,1,0.05012857511190234,0.0,0.00010507419848505056
4702,2,36.0,393.7551948051952,0.049507927281473615,3.2446733856550504e-17,2,0.05718422266601662,0.0,0.0001801107743843052
4703,3,37.0,29043.9521511967,0.044018320175360434,0.0,2,0.048892785640884645,0.0,0.00023672116269626164
4704,2,36.0,9886.833333333332,0.04526130616433336,2.5086983020458956e-17,2,0.050901048188530564,0.0,0.0001871640226604677
4705,2,35.0,14783.166666666666,0.047387000230220244,3.0028013520543663e-17,2,0.053771862652578634,0.0,0.0001868790441542066
4706,2,33.0,7404.5,0.052267388958249575,1.6979488417602112e-17,2,0.06065285100119633,0.0,0.00017603517663579193
4707,2,35.0,2.0,0.04732526057633354,3.2993088737116853e-17,2,0.053099289611584354,0.0,0.00018748403547050096
4708,5,34.0,56195.606765456796,0.049756254784255265,0.0,2,0.05826728585461141,0.0,0.0003864442507911575
4709,2,36.0,9.666666666666664,0.04527499518838614,0.0,2,0.05117167668284318,0.0,0.00016487530253607595
4710,2,37.0,4923.166666666666,0.043292319556911,3.0958903336065204e-17,2,0.047972392113426694,0.0,0.00019629816000784337
4711,2,37.0,4956.833333333333,0.043305222925469435,3.553643030612556e-17,2,0.048137219975622994,0.0,0.000193356353786835
4712,2,35.0,121.91666666666667,0.04566801020596827,0.0,2,0.05203080634767495,0.0,0.0001613744652671854
4713,2,34.0,2469.5,0.04967370209856308,3.248691720136057e-17,2,0.056552020126187194,0.0,0.00018485389222460956
4714,2,36.0,9853.166666666666,0.04524721097657037,3.6445647777232544e-17,2,0.050662229989186146,0.0,0.00019320853884837824
4715,2,35.0,108.25000000000001,0.04608853850818678,0.0,2,0.052515087762055365,0.0,0.0001608328126468876
4716,2,34.0,2469.5,0.04967370209856308,3.623612411477899e-17,2,0.056552020126187194,0.0,0.000184853892224719
4717,2,36.0,3963.802625152624,0.04527582509233885,0.0,2,0.05122228397029255,0.0,0.00016868902226197495
4718,2,35.0,7380.333333333333,0.04605759997016512,3.197255862590852e-17,2,0.05173790441908244,0.0,0.0001836618085669035
4719,3,32.0,24677.0,0.05514685361524464,1.0535789926678913e-17,2,0.0657368163163668,0.0,0.00023687310127317867
4720,2,36.0,16.583333333333336,0.04367545775239375,2.629556238009887e-17,2,0.04889687015029086,0.0,0.00017509921147065147
4721,3,34.0,14874.866666666669,0.04829264954591223,0.0,2,0.05565667656112712,0.0,0.00023943001996810847
4722,3,35.0,5039.999999999999,0.05173099880620772,0.0,2,0.060619110999132086,0.0,0.0002557866910543192
4723,3,34.0,17190.404264883877,0.054499520095319,0.0,2,0.06491727671794051,0.0,0.00024747780272825666
4724,2,38.0,10.0,0.04150458314779496,3.2591847415374044e-17,2,0.045653782469395665,0.0,0.00019723836215945433
4725,2,34.0,21546.978083028083,0.0482836812886074,0.0,2,0.05530290752314789,0.0,0.00015914724196393747
4726,3,33.0,4939.0,0.05067706196142799,7.592933670931807e-18,2,0.058326440049487026,0.3333333333333333,0.00024717351333174815
4727,6,35.0,16840.478083028076,0.046094129063561376,9.728795013922224e-17,2,0.05294581200856958,0.0,0.0004736654673889112
4728,5,35.0,19441.406765456777,0.047420661585424385,1.4838148453385266e-17,2,0.054911892213660954,0.0,0.00037596253122077785
4729,2,35.0,2454.733333333332,0.047399276537358113,0.0,2,0.054056870042849266,0.0,0.00016612575329173253
4730,2,35.0,1041.4984848484848,0.046088968502761604,0.0,2,0.05237611854413865,0.0,0.00016329000049578195
4731,2,36.0,2461.3333333333335,0.044037547803917027,3.3014306953425846e-17,2,0.04893012560902057,0.0,0.00018848736885024596
4732,2,33.0,7404.5,0.052267388958249575,2.1810836692684705e-17,2,0.06065285100119633,0.0,0.00017603517663557369
4733,5,33.0,101269.64569198899,0.05233716150358096,1.624899821803696e-17,2,0.06216143014135447,0.0,0.0003840818575096433
4734,2,36.0,2495.666666666667,0.04405129211178684,2.915873262674351e-17,2,0.04916403643503667,0.0,0.0001833915328574955
4735,2,38.0,26.833333333333332,0.041511209707236735,3.379090732696894e-17,2,0.04572664089751722,0.0,0.00019636098135670285
4736,2,36.0,989.7807081807076,0.04406504500165021,0.0,2,0.04948397964971665,0.0,0.00017187799983470005
4737,2,34.0,12312.333333333332,0.04827754703151722,1.1306922489897302e-19,2,0.05510240627001522,0.0,0.00017222694053175452
4738,2,37.0,19.0,0.04219661572891664,3.548750293567848e-17,2,0.04660596416057972,0.0,0.00018840676030533013
4739,4,33.0,45707.56107346653,0.050722331173698315,0.0,2,0.05929962622004231,0.0,0.0003002938579353442
4740,2,34.0,5966.105593200053,0.04973771911277575,0.0,2,0.05744576088834905,0.0,0.00017194506890880583
4741,2,35.0,304.3382712891723,0.046071345301935185,3.358834483655472e-17,2,0.05189462635212004,0.0,0.00017900679015828337
4742,2,34.0,3920.2944067997905,0.048277075230146786,8.787023860883926e-19,2,0.05509228481252534,0.0,0.00017024855770809096
4743,2,32.0,1322.0932039391707,0.05336213880637321,2.985122143130501e-17,2,0.06118362418143436,0.0,0.00017171467648335005
4744,2,35.0,7427.666666666668,0.04607779125081615,0.0,2,0.0521815616390553,0.0,0.00017167160623105082
4745,2,34.0,19713.166666666664,0.04973922149056566,0.0,2,0.057469377622492115,0.0,0.00017507573662151976
4746,2,35.0,14816.833333333332,0.04740246032202967,0.0,2,0.05415808461774806,0.0,0.00017559845934474785
4747,2,35.0,1325.3771978225896,0.04739336492890995,3.2731433507383e-17,2,0.05384046364223228,0.0,0.0001795127671830491
4748,2,35.0,99.86666666666666,0.045665055140091886,0.0,2,0.05186886302783705,0.0,0.00016367010759765503
4749,4,32.0,35364.7807081807,0.05337943703063375,0.0,2,0.06298314307008841,0.16666666666666666,0.00028917965488577487
4750,2,33.0,27905.048484848492,0.05072181037846274,0.0,2,0.0590297206869787,0.0,0.0001502752432129945
4751,5,34.0,23240.24848484849,0.048299732102700485,4.034541390056281e-17,2,0.05597156634970078,0.0,0.0003727763393365555
4752,1,35.0,0.0,0.04739836696314633,0.0,1,0.05392191727631752,0.0,9.60537497140491e-05
4753,3,32.0,15664.864041514045,0.05339501502410342,0.0,2,0.063084678961098,0.3333333333333333,0.0002056597024440432
4754,3,33.0,26438.64474969476,0.05070619149285597,0.0,2,0.05884046549772337,0.0,0.00021771673060328584
4755,3,35.0,9877.0,0.0460700563285709,5.541333941417473e-17,1,0.05208420285748594,0.0,0.00028901424843553856
4756,1,34.0,0.0,0.0482332379734229,0.0,1,0.05429607809526648,0.0,0.00010039072252354149
4757,1,34.0,0.0,0.04973471462945624,0.0,1,0.05723321028106146,0.0,9.565214285617928e-05
4758,1,36.0,0.0,0.04404147387377749,1.969058380055977e-18,1,0.04885180480701555,0.0,0.00011224559746961444
4759,2,39.0,632.957142857143,0.04656906645047559,1.094026091918377e-17,2,0.05450336364167398,0.0,0.00017193011065635654
4760,1,39.0,0.0,0.046053735573247816,1.3681846306127574e-18,1,0.05231247898382229,0.0,0.00011253977914666361
4761,3,38.0,9877.0,0.04827660343799779,3.1710351094809434e-17,1,0.05608433380917243,0.0,0.0002900525367074646
4762,1,42.0,0.0,0.04058728319900093,1.7479202124711875e-17,1,0.045304692099999225,0.0,0.00011605636406317132
4763,2,39.0,14811.0,0.04616951877155434,1.5856767980077928e-17,1,0.052729508708458675,0.0,0.00019849503391353005
4764,1,42.0,0.0,0.04555010511562719,0.0,1,0.052915336001568454,0.0,0.00010492695123822642
4765,1,42.0,0.0,0.04555010511562719,0.0,1,0.052915336001568454,0.0,0.00010492695123822642
4766,1,39.0,0.0,0.043997149982187386,0.0,1,0.04970605769261631,0.0,0.00010585769964143264
4767,3,40.0,12357.574876326593,0.043860817373855755,4.216040243678609e-17,2,0.05115451978642441,0.0,0.00026869384766865627
4768,2,41.0,4939.0,0.04230393752033843,9.839678921686107e-18,1,0.04808246038286649,0.0,0.00020164267525557363
4769,2,41.0,4939.0,0.042018951057278466,3.3721296123569586e-17,1,0.048033370528479384,0.0,0.00020711177080743747
4770,1,42.0,0.0,0.04032488469858373,1.6477517250298248e-17,1,0.04530204989906792,0.0,0.00011838072967267878
4771,3,39.0,41337.96346290193,0.04627634660421546,2.3999035668757746e-18,2,0.05379950090699418,0.0,0.0002720529479065255
4772,1,41.0,0.0,0.047546632273961,0.0,1,0.05581263001754952,0.0,0.0001043075919134623
4773,1,39.0,0.0,0.04619758351101635,1.53000523380245e-17,1,0.05267935530810279,0.0,0.00011132330293107168
4774,1,36.0,0.0,0.044063472808199014,0.0,1,0.049298419595735596,0.0,9.746083495967316e-05
4775,1,36.0,0.0,0.044063472808199014,0.0,1,0.049298419595735596,0.0,9.746083495967316e-05
4776,1,42.0,0.0,0.04065810157941087,0.0,1,0.045942843529143886,0.0,0.00010632586749428705
4777,1,39.0,0.0,0.046053735573247816,1.6540407873554342e-18,1,0.05231247898382229,0.0,0.00011253977914666361
4778,1,38.0,0.0,0.04603914259086673,0.0,1,0.0528172425463499,0.0,0.00010045562735230231
4779,2,39.0,9876.0,0.046206225680933855,1.456402778037372e-17,1,0.05303167842358414,0.0,0.00019079666748631868
4780,2,40.0,4939.0,0.044166689018229933,4.532874682574664e-17,1,0.04987548385785413,0.0,0.00021487483957541493
4781,1,38.0,0.0,0.04602584528235086,0.0,1,0.05271948866227778,0.0,0.00010211261807762013
4782,2,38.0,124.92777777777779,0.046057170560704096,0.0,2,0.05315511149251879,0.0,0.0001742588884385914
4783,1,34.0,0.0,0.0482332379734229,0.0,1,0.05429607809526648,0.0,0.00010039072252348256
4784,3,33.0,4939.0,0.05067706196142799,9.09231195860967e-18,2,0.058326440049487026,0.3333333333333333,0.0002471735133315964
4785,1,37.0,0.0,0.04393337068559181,1.8506275866123095e-17,1,0.04861246571489642,0.0,0.00011609494327376288
4786,2,36.0,4939.0,0.04595177853847299,3.148252147104163e-17,1,0.05174510791214934,0.0,0.0002017334498688184
4787,1,40.0,0.0,0.038888145413324304,1.4766183005411717e-17,1,0.0417399601720445,0.0,0.00011667480394708595
4788,2,36.0,17233.0,0.04602756063245968,0.0,2,0.051193208805140576,0.0,0.00017326082125657897
4789,1,35.0,0.0,0.04689932783959291,0.0,1,0.05152488015643572,0.0,0.00010425407643697438
4790,1,36.0,0.0,0.04537105069801616,1.8561721658975206e-17,1,0.04968407399178443,0.0,0.00011705024072305556
4791,2,35.0,4939.0,0.04752696241136799,3.2819875712063404e-17,1,0.05284497979773536,0.0,0.00020398120857298844
4792,3,37.0,12326.833333333334,0.04401047698804412,3.92828243197894e-17,2,0.04860625199908792,0.0,0.0002678787090498121
4793,3,38.0,9897.833333333334,0.042166360804063,7.812001758426474e-18,2,0.046402877040893,0.0,0.00025964476760850146
4794,2,39.0,4939.0,0.04046129148510959,3.1542832854773643e-17,1,0.043942418941646626,0.0,0.00020309782792365288
4795,1,38.0,0.0,0.04215556598540769,0.0,1,0.04581157506801219,0.0,0.00010625719464367486
4796,1,36.0,0.0,0.04789652798650365,0.0,1,0.05441338898938017,0.0,9.756654586716765e-05
4797,1,34.0,0.0,0.04935755250484583,0.0,1,0.054899929957287916,0.0,9.969520983814502e-05
4798,2,40.0,4939.0,0.03889212552551607,2.8131793553159555e-17,1,0.04197941370097172,0.0,0.00019835651492031665
4799,2,37.0,0.0,0.04867186884212186,0.0,2,0.05608786859176198,1.0,0.00015701140358725794
4800,1,43.0,0.0,0.039411853872972566,0.0,1,0.04507706740050769,0.0,0.00010510755772417844
4801,1,43.0,0.0,0.039411853872972566,0.0,1,0.04507706740050769,0.0,0.00010510755772417844
4802,1,43.0,0.0,0.039411853872972566,0.0,1,0.04507706740050769,0.0,0.00010510755772417844
4803,1,37.0,0.0,0.045709421322427224,1.49049734871972e-19,1,0.05105172937306553,0.0,0.00011190112233165857
4804,1,37.0,0.0,0.045709421322427224,0.0,1,0.05105172937306553,0.0,0.00011190112233165857
4805,1,41.0,0.0,0.04240962200492776,0.0,1,0.04792294404301641,0.0,0.0001098879484668541
4806,1,41.0,0.0,0.04240962200492776,0.0,1,0.04792294404301641,0.0,0.0001098879484668541
4807,1,41.0,0.0,0.04240962200492776,0.0,1,0.04792294404301641,0.0,0.0001098879484668541
4808,1,41.0,0.0,0.0422688263127722,3.807566862700393e-18,1,0.046919213804466994,0.0,0.00012127685225554182
4809,1,41.0,0.0,0.0422688263127722,1.1984501990128689e-18,1,0.046919213804466994,0.0,0.00012127685225554182
4810,1,37.0,0.0,0.04585793323679031,1.8313795142531884e-17,1,0.05087061603630304,0.0,0.00012120165222594958
4811,1,37.0,0.0,0.04796628766178912,0.0,1,0.05476744857099888,0.0,0.00010700595235450607
4812,1,36.0,0.0,0.04404147387377749,3.108044494077333e-18,1,0.04885180480701555,0.0,0.00011224559746961444
4813,1,38.0,0.0,0.044663038171527766,0.0,1,0.050096519639954144,0.0,0.0001022561473587606
4814,1,38.0,0.0,0.044663038171527766,0.0,1,0.050096519639954144,0.0,0.0001022561473587606
4815,1,38.0,0.0,0.044663038171527766,0.0,1,0.050096519639954144,0.0,0.0001022561473587606
4816,2,35.0,4939.0,0.05170446814523304,2.7941829395450653e-17,1,0.060069105449126185,0.0,0.0001952030197730329
4817,1,36.0,0.0,0.04916303417527517,1.697119114160653e-17,1,0.05584223420142882,0.0,0.00011331951048309918
4818,1,45.0,0.0,0.036534948562638205,1.4525905588739167e-17,1,0.04059521250767587,0.0,0.0001233199927027913
4819,1,38.0,0.0,0.04652257851862316,0.0,1,0.053318800113101195,0.0,0.00010231250980444408
4820,4,37.0,32391.676553212877,0.04879205104399186,1.4210598026233198e-17,2,0.05752406242662359,0.0,0.0003386083892937248
4821,1,39.0,0.0,0.042756495698384946,1.9377424039074373e-18,1,0.04732962571502077,0.0,0.00010328981786028848
4822,1,41.0,0.0,0.037436437627408926,1.5882416363602705e-17,1,0.03998165103023855,0.0,0.00011465974592064022
4823,2,36.0,4939.0,0.048061487571143646,4.408751898660677e-17,1,0.05420409407736186,0.0,0.00021374923563861634
4824,1,41.0,0.0,0.042298866321882386,1.8623391083931884e-17,1,0.04704144894277734,0.0,0.00012168003389905723
4825,1,41.0,0.0,0.04235762179959872,1.740369445750628e-17,1,0.04741310551382652,0.0,0.00011901398470782202
4826,3,34.0,4939.0,0.05448088757526965,0.0,2,0.0646525925716773,0.3333333333333333,0.000240675751507352
4827,2,38.0,484.2439082460343,0.04657038349862363,1.2946561848749446e-17,2,0.05360401187590382,0.0,0.00017365473196802417
4828,3,34.0,75227.75183559251,0.05813269316764339,0.0,2,0.0690502586355821,0.0,0.00020908702906867105
4829,2,35.0,9921.207911150157,0.0557883205908593,0.0,2,0.06661447682558173,0.0,0.00014966044458837434
4830,3,38.0,5973.56046483601,0.05050659959717409,0.0,2,0.06120866803329348,0.0,0.0002252862215980801
4831,3,37.0,16872.73116174759,0.05204053683922213,0.0,2,0.06469138309331156,0.0,0.00021829818518734708
4832,4,32.0,1208289.2041172239,0.06510279388508171,0.0,2,0.07887215087186313,0.0,0.00026446171078629675
4833,2,38.0,2469.0,0.04841428515425928,1.859052337452301e-17,2,0.05625058005784396,0.0,0.00017657511288941474
4834,3,38.0,43011.177199172285,0.0538595726122983,2.3225993615995662e-17,2,0.06367277037276806,0.0,0.00025978807947521016
4835,1,33.0,0.0,0.059858472276076,0.0,1,0.06797847492494666,0.0,9.009022132885871e-05
4836,5,32.0,148262.38100102983,0.0636688190336259,1.9624883174464107e-17,2,0.07446335530781946,0.0,0.0003513646720546004
4837,3,31.0,1299182.1113649271,0.06779940160852022,0.0,2,0.08024317089548094,0.0,0.00020343865513596418
4838,3,39.0,6135.696235580716,0.052175198825529935,3.8454404786599046e-17,2,0.06044202867896998,0.0,0.00024713757444439486
4839,2,40.0,26.483333333333334,0.048776153003090475,3.606424218250121e-17,2,0.05507363141335006,0.0,0.00018378863468725937
4840,4,34.0,149501.27686618542,0.05973975717118948,0.0,2,0.07255762976974886,0.0,0.00031826632182359945
4841,4,33.0,189362.97164130458,0.0625340202792511,0.0,2,0.0750433559643719,0.0,0.0002901119533413298
4842,1,35.0,0.0,0.05637274480492063,0.0,1,0.06614921680667604,0.0,9.798982046708276e-05
4843,1,35.0,0.0,0.05637274480492063,0.0,1,0.06614921680667604,0.0,9.798982046708276e-05
4844,1,34.0,0.0,0.05885436523065193,0.0,1,0.06836230710837558,0.0,9.200701716460637e-05
4845,2,39.0,560.3425324675333,0.048081602460532204,0.0,2,0.05675909750410831,0.0,0.00016430109842722798
4846,1,37.0,0.0,0.05671772026912214,0.0,1,0.0671814417685789,0.0,9.175381416750757e-05
4847,3,37.0,56178.99276866174,0.05687705805144265,0.0,2,0.06880938518474589,0.0,0.00022986397756459963
4848,5,36.0,884533.0424553065,0.060127314110444384,1.6117852814757928e-17,2,0.07390288014326943,0.0,0.00036115051228198275
4849,2,33.0,5703.079779917445,0.05989475981473848,0.0,2,0.06850832519163864,0.0,0.00015524362681165909
4850,5,38.0,17569.190669545365,0.053171451020913384,7.431480315791329e-17,2,0.060968790955388104,0.0,0.00043474700402468236
4851,2,36.0,957.4119047619048,0.05764764916620961,2.8455402715777043e-17,2,0.06556309215105507,0.0,0.00017893268702721892
4852,2,35.0,32188.593966405697,0.06039488966318235,1.7257391930740564e-17,2,0.06944924593571677,0.0,0.000173064673793531
4853,1,34.0,0.0,0.05523873420552387,0.0,1,0.0614754670457191,0.0,0.00010202875241608945
4854,3,33.0,10090.281931725249,0.058467765797540566,2.7484806113295917e-17,2,0.06646463675251137,0.0,0.00025295479530537413
4855,2,36.0,12.5,0.05697742817268544,3.1016619837511566e-17,2,0.06422715984942075,0.0,0.00018030926808750141
4856,2,35.0,7345.3732660261785,0.06056296586896822,0.0,2,0.06931041114165581,0.0,0.00017307499728594968
4857,1,35.0,0.0,0.057836629084565584,0.0,1,0.06460426050546825,0.0,0.00010219002148492419
4858,1,36.0,0.0,0.05700570057005701,0.0,1,0.06368374236975291,0.0,0.00010557884211145575
4859,4,34.0,44932.52728097168,0.06138628625394538,5.4181212108563056e-17,2,0.07013003413543319,0.0,0.0003380319736721604
4860,3,35.0,35339.06950647486,0.060451057893513134,3.1073838208821856e-17,2,0.0689503074340137,0.0,0.00026548452364191224
4861,3,35.0,125854.43481493332,0.05615231599886331,0.0,2,0.06926498495902128,0.0,0.0002119663111780968
4862,3,38.0,9930.025828673235,0.0551031790295594,0.0,2,0.06505526376243968,0.0,0.000256431711948228
4863,2,37.0,4193.972562758309,0.05490230945342195,1.3450978042238513e-17,2,0.06356594340626458,0.0,0.00017413681649662593
4864,3,35.0,245517.72278174604,0.06118707887435593,0.0,2,0.07243756973683241,0.0,0.0002241018820703349
4865,2,40.0,24343.8636904582,0.04887991767592813,0.0,2,0.05707189582142987,0.0,0.00017337103170724855
4866,4,35.0,108936.94207498769,0.056273209851229126,0.0,2,0.06938459303690754,0.0,0.00027255782977506136
4867,7,34.0,293921.10555635474,0.05912344112789334,0.0,2,0.0743228384962197,0.0,0.0004914544341820473
4868,1,35.0,0.0,0.055823624467472,0.0,1,0.06710518072089484,0.0,9.00348369445262e-05
4869,1,35.0,0.0,0.055823624467472,0.0,1,0.06710518072089484,0.0,9.00348369445262e-05
4870,2,37.0,3535.0895899170037,0.053653079621604594,1.8924108133683206e-17,2,0.061673409006105795,0.0,0.00018096290606457372
4871,2,35.0,8646.983291159553,0.061326083448164564,0.0,2,0.07138795775733517,0.0,0.00016678817835535413
4872,4,37.0,31883.08753629808,0.05689736590534766,3.3893961276628397e-17,2,0.06735474298647046,0.0,0.0003120645764034383
4873,3,36.0,728223.0495627612,0.060299790049313996,0.0,2,0.0728080008683777,0.0,0.00022475510116831278
4874,3,34.0,54057.63650362132,0.05810055865921788,0.0,2,0.06854137831670462,0.0,0.00021664827769980735
4875,3,39.0,36344.518297174,0.052438830210710684,0.0,2,0.0646277673235249,0.0,0.00022413629969983447
4876,5,38.0,642027.1331121371,0.05532720328827265,0.0,2,0.07081856145711682,0.0,0.00033607037256653237
4877,2,36.0,4773.076187964497,0.05516902493773941,0.0,2,0.06392266378252585,0.0,0.00016734808870212927
4878,9,37.0,81452.96113208157,0.05818267475413698,1.0064545934910163e-16,2,0.07058852634977089,0.0,0.0006829786681318148
4879,3,36.0,288230.01121400105,0.061146938320811,0.0,2,0.0733583522144318,0.0,0.00022328932739919748
4880,3,36.0,13321.032447059895,0.056676074436107476,3.825899743415742e-17,2,0.06645250215474598,0.0,0.00025819545579981837
4881,2,38.0,8286.424175108554,0.05499521296729232,0.0,2,0.06463809605109343,0.0,0.00016488408071791937
4882,2,34.0,33554.06120110336,0.061463426772672414,0.0,2,0.07210749513399012,0.0,0.0001587901921931182
4883,3,37.0,778291.2604143522,0.05747795127172876,0.0,2,0.07142670819463443,0.0,0.00021547544411393
4884,3,33.0,82249.76180966839,0.06054069952694919,0.0,2,0.07068230829272153,0.0,0.0002107152249129974
4885,5,35.0,78307.20212869061,0.05714484019109975,3.467761006602433e-17,2,0.06775768566420069,0.0,0.000370480674185345
4886,3,35.0,36709.14831737696,0.05867680247060221,0.0,2,0.07013557508188027,0.0,0.00020829502084049691
4887,4,34.0,231974.4986722452,0.06173070915338957,0.0,2,0.07367844822112184,0.0,0.0002716143752576167
4888,4,34.0,381892.0827324827,0.06057707635899889,0.0,2,0.07324252464153197,0.0,0.0002693507030932844
4889,3,33.0,337169.3452094304,0.06267365296050545,0.0,2,0.0753229237837266,0.0,0.00020151141977123492
4890,2,38.0,2807.0220604721303,0.05386896972869232,0.0,2,0.06255639294965587,0.0,0.00016669426232452349
4891,2,35.0,718657.4672147266,0.06260296540362438,0.0,2,0.07431780797027795,0.0,0.00015691191650635836
4892,2,35.0,5881.9119047619015,0.0611643513359582,0.0,2,0.07092297002888852,0.0,0.00016927769649523314
4893,5,34.0,737965.8332278931,0.06514400253191265,3.861769741758573e-18,2,0.07779519141855361,0.0,0.00036984163193671995
4894,2,34.0,36875.73166100355,0.06464276367443078,0.0,2,0.07686108104604297,0.0,0.00015235184210972736
4895,1,36.0,0.0,0.05317087871873251,0.0,1,0.06295314909461394,0.0,9.782872442187521e-05
4896,2,39.0,0.5,0.046179877165266,3.25422099537012e-17,2,0.05271818152239294,0.0,0.0001804470730354449
4897,4,33.0,52048.335234005026,0.06037496027963139,0.0,2,0.07038560608976191,0.0,0.000287565252250993
4898,3,37.0,14811.5,0.05087591015355462,2.519587201048923e-17,2,0.06053668290256449,0.0,0.0002453889874228864
4899,3,36.0,36181.96700712868,0.05359894104116485,0.0,2,0.06557186604620875,0.0,0.00022920675666144135
4900,3,35.0,269839.382183695,0.060073206620213294,0.0,2,0.07231319646347614,0.0,0.0002221462177179722
4901,4,36.0,48570.40495525983,0.058938627469695526,3.5687918646616505e-17,2,0.06879381233890734,0.0,0.00032905286825086403
4902,3,35.0,307387.9380633291,0.0626061389501432,0.0,2,0.07447766793398074,0.0,0.00022917185713149332
4903,2,39.0,3941.6427754082893,0.05110062893081761,3.233043874143997e-17,2,0.058137657986291766,0.0,0.00018252201420215148
4904,2,40.0,1021.8405579250468,0.049590925061486726,1.6270626995060114e-17,2,0.056385099289870136,0.0,0.00017849070958071505
4905,2,38.0,8852.15944207497,0.05383785433263947,2.667052636528148e-18,2,0.06222136248304626,0.0,0.0001742438056012081
4906,2,38.0,4464.419047619046,0.052742841280348486,1.031573592779092e-17,2,0.05945140036141533,0.0,0.00018391328194227808
4907,2,37.0,9246.116666666669,0.055662599015200175,0.0,2,0.06354910592553523,0.0,0.00017844510640831145
4908,3,39.0,5092.30238095238,0.05049059689288635,1.050853674648261e-17,2,0.056930995129184175,0.0,0.000274291357550141
4909,2,37.0,19774.75733621216,0.0556751456682708,0.0,2,0.06379635867278803,0.0,0.00017418895226688634
4910,2,39.0,2.0,0.052125650251659265,9.333988842030945e-18,2,0.059854283933836204,0.0,0.00016995633740708542
4911,1,38.0,0.0,0.05272595312299876,1.6833474615995084e-17,1,0.05902380894698152,0.0,0.00011425136712674921
4912,1,40.0,0.0,0.04871314466028991,1.5375851382382571e-18,1,0.055629465863400014,0.0,0.0001062898303406513
4913,2,38.0,763.0800661074755,0.05211465223491682,3.213696159256129e-17,2,0.05939890469483885,0.0,0.0001822336466864673
4914,2,38.0,2466.5,0.05498541884641927,0.0,2,0.06442072570214419,0.0,0.00016709321135651686
4915,1,37.0,0.0,0.053636768330419866,6.888940971122453e-19,1,0.06134357801838003,0.0,0.00010351360622282511
4916,1,39.0,0.0,0.051107501629439576,0.0,1,0.05884954385459663,0.0,0.00010396484959754212
4917,2,38.0,5680.761711406889,0.05385076579277266,0.0,2,0.06241101931744001,0.0,0.00017206366695943679
4918,2,39.0,2168.990476190477,0.052158672171131126,1.2158892863982475e-17,2,0.0600630849169288,0.0,0.00017639102242231872
4919,1,40.0,0.0,0.04806429328948521,0.0,1,0.0532499052878071,0.0,0.0001080741117187457
4920,1,38.0,0.0,0.05498419482658831,0.0,1,0.06428577293561251,0.0,9.486176795867418e-05
4921,2,37.0,4939.0,0.05566009036314266,2.0140554911158393e-17,1,0.06347150808477947,0.0,0.00019739562364057503
4922,2,39.0,2729.933333333334,0.05119807644473924,0.0,2,0.05875193024455667,0.0,0.00017739227622151307
4923,3,39.0,33489.51053250548,0.051207098506286866,3.8222567494628056e-17,2,0.05988575685437313,0.0,0.0002679938938626764
4924,3,38.0,8891.467552940105,0.054990315470757174,0.0,2,0.06465014540524804,0.0,0.0002420593958860108
4925,3,35.0,43192.79557855725,0.05615614591503825,0.0,2,0.06882494808010017,0.0,0.00023813116709052852
4926,2,38.0,2469.0,0.04841428515425928,1.7381243426472476e-17,2,0.05625058005784396,0.0,0.0001765751128892308
4927,2,35.0,4182.716666666667,0.04996864315915114,1.3478968515310942e-16,2,0.05677284153705537,0.0,0.00016823606463623286
4928,3,34.0,19029.54645755001,0.051545316054174756,1.0199281713223255e-15,2,0.0583961896421349,0.0,0.00024652064348461755
4929,2,35.0,9876.0,0.049021067150923366,1.5384241040918253e-16,1,0.054564020041917675,0.0,0.0001918157145152906
4930,3,39.0,9877.0,0.04133476136287569,7.450569173974838e-17,1,0.04473021555074663,0.0,0.0003282978229558045
4931,1,40.0,0.0,0.039694337530433665,3.674884298993571e-18,1,0.04246431053926429,0.0,0.0001233759435835979
4932,2,36.0,24675.0,0.04717656833439974,1.4816948455344455e-15,1,0.052281564267466794,0.0,0.0001869462688070823
4933,2,36.0,4353.320548895576,0.04717746941582069,1.4914804765949683e-15,2,0.052293131647455235,0.0,0.00018072059005603324
4934,3,35.0,38849.48721556291,0.04950693497955584,1.082942173986022e-14,2,0.05567893939081348,0.0,0.0002556473520253314
4935,2,37.0,19744.0,0.04505490496515997,2.3456060297276493e-16,1,0.04941805409934844,0.0,0.00019801088310674055
4936,1,37.0,0.0,0.04464568138889642,1.8676066866852717e-17,1,0.048424930622179584,0.0,0.00012196819886127251
4937,2,38.0,14811.0,0.04311511036246367,4.594452927152707e-17,1,0.04691777068693857,0.0,0.0002075305689040146
4938,2,36.0,4939.0,0.046731624255037366,6.23461377011049e-17,1,0.05133272407859183,0.0,0.000215552874780615
4939,2,37.0,318.9119047619044,0.045058192564486114,2.90102307438109e-16,2,0.04947179421887802,0.0,0.00018336222722191935
4940,2,36.0,923.1746891996859,0.0463540738099483,4.86496748798539e-16,2,0.05088681860883184,0.0,0.000179288822043694
