node,community_id,community_size,internal_degree,external_degree,internal_ratio,embeddedness,participation_coef,degree,eccentricity,betweenness_centrality,closeness_centrality,eigenvector_centrality,coreness_centrality,harmonic_centrality,clustering_coefficient,pagerank
0,6,66,3,0,1.0,0.3333333333333333,0.0,3,9.0,80.32465811421682,0.2075251226922178,0.0004102366527896,2,0.2214947089947053,0.3333333333333333,0.0009076280768003
1,6,66,8,0,1.0,0.25,0.0,8,8.0,3687.763829639478,0.2413043478260869,0.0029077559685191,4,0.2602115508365474,0.25,0.0019648777110525
2,6,66,9,0,1.0,0.25,0.0,9,9.0,457.14155154039946,0.2050334795659201,0.0005167631273001,4,0.2253892285142248,0.25,0.0021577199268302
3,6,66,2,0,1.0,1.0,0.0,2,9.0,0.0,0.1949506037321624,0.0001718686919018,2,0.205195373945372,1.0,0.0005812818254423
4,5,117,2,6,0.25,1.0,0.8125,8,7.0,1947.4441443609744,0.2870071105365223,0.0436290466343063,5,0.30886154011154,0.0714285714285714,0.0012754234058871
5,6,66,4,0,1.0,0.16666666666666666,0.0,4,9.0,932.7986332667396,0.2020018198362147,0.0003746447693219,2,0.2173106141856111,0.1666666666666666,0.0012218759689719
6,6,66,4,0,1.0,0.16666666666666666,0.0,4,10.0,284.0537198220399,0.1945661700262927,0.0002118394258538,3,0.2120736808236783,0.1666666666666666,0.0010603640293852
7,6,66,25,0,1.0,0.06,0.0,25,8.0,17901.345373917397,0.2470784641068447,0.0036693978184565,4,0.2762963856713821,0.06,0.0065037400603277
8,6,66,6,6,0.5,0.26666666666666666,0.5,12,9.0,4016.828554277112,0.2331320556576529,0.0026252957882108,4,0.2632270663520615,0.106060606060606,0.0024801933819276
9,6,66,1,0,1.0,0.0,0.0,1,10.0,0.0,0.1682455475558923,2.6799039538262345e-05,1,0.1764724545974558,0.0,0.0004017834351678
10,6,66,2,0,1.0,1.0,0.0,2,9.0,0.0,0.1985688729874776,0.0002100937345381,2,0.2119843057343031,1.0,0.0005936407306941
11,6,66,2,0,1.0,0.0,0.0,2,9.0,347.9447157173182,0.1958103638368247,0.000150151211782,2,0.2074663949663928,0.0,0.0006420670279494
12,5,117,10,6,0.625,0.044444444444444446,0.5078125,16,8.0,8752.92144329016,0.2679541339770669,0.0169387229016808,4,0.2979046010295995,0.05,0.0034134925756932
13,5,117,6,2,0.75,0.06666666666666667,0.375,8,9.0,3791.486743418932,0.2418300653594771,0.0044452259860812,4,0.2674192049192007,0.0357142857142857,0.0016058441412851
14,6,66,1,0,1.0,0.0,0.0,1,10.0,0.0,0.1758764111705288,5.148312850523278e-05,1,0.1881868475618483,0.0,0.000371047211111
15,6,66,5,1,0.8333333333333334,0.3,0.2777777777777777,6,9.0,986.7978061885622,0.2225006264094212,0.001188682563537,4,0.2433093808093756,0.2,0.0013758461324469
16,6,66,1,0,1.0,0.0,0.0,1,9.0,0.0,0.1981700513278286,0.0001841585885433,1,0.2103326540826516,0.0,0.0003898560709381
17,6,66,3,0,1.0,0.3333333333333333,0.0,3,9.0,38.58963373854216,0.1983471074380165,0.0002111773324558,3,0.211834155584153,0.3333333333333333,0.0008431010275012
18,6,66,2,0,1.0,1.0,0.0,2,9.0,0.0,0.1982585398526457,0.000204747417197,2,0.2110834048334023,1.0,0.0006470173593647
19,6,66,9,2,0.8181818181818182,0.16666666666666666,0.2975206611570247,11,9.0,3228.795385375729,0.2133589620374819,0.0010258119424061,4,0.2391735485485438,0.109090909090909,0.0026182368523114
20,6,66,4,1,0.8,0.5,0.31999999999999984,5,7.0,21227.963725584883,0.2982868659724555,0.0508403166256886,4,0.3212194337194345,0.3,0.0011437366859181
21,5,117,6,9,0.4,0.2,0.7555555555555555,15,7.0,19825.643652888364,0.3181655320673593,0.0852662482255197,5,0.3464821964821993,0.038095238095238,0.0025655208694952
22,6,66,5,0,1.0,0.3,0.0,5,9.0,896.594578971753,0.202231837850148,0.0005339763841385,3,0.2182115150865119,0.3,0.0013709089781227
23,6,66,4,0,1.0,0.3333333333333333,0.0,4,10.0,36.68316216510679,0.1772808943900978,0.0001046569071759,3,0.1932597776347778,0.3333333333333333,0.0010223734384784
24,5,117,11,1,0.9166666666666666,0.07272727272727272,0.1527777777777779,12,9.0,4104.468707391417,0.2301710730948678,0.0021217372941366,4,0.2571754790504744,0.0606060606060606,0.0026801879184932
25,6,66,4,0,1.0,0.0,0.0,4,9.0,1840.631101564046,0.1985688729874776,0.0001957885206786,2,0.2130541255541229,0.0,0.0013278333932061
26,6,66,1,0,1.0,0.0,0.0,1,9.0,0.0,0.1981700513278286,0.0001841585885433,1,0.2103326540826516,0.0,0.0003898560709381
27,6,66,1,1,0.5,0.0,0.5,2,9.0,285.3135765517524,0.2127965492451473,0.0008689178745313,2,0.2277111933361891,0.0,0.0006097193453772
28,6,66,2,0,1.0,0.0,0.0,2,10.0,299.94285726223603,0.1780272654370489,4.7001374573951066e-05,2,0.1897464428714433,0.0,0.0007103936774832
29,6,66,1,0,1.0,0.0,0.0,1,9.0,0.0,0.1981700513278286,0.0001841585885433,1,0.2103326540826516,0.0,0.0003898560709381
30,6,66,2,0,1.0,0.0,0.0,2,10.0,64.32709046441512,0.1665104069004312,1.0063195068589584e-05,2,0.175684613184614,0.0,0.0007750364395816
31,6,66,4,0,1.0,0.5,0.0,4,9.0,227.99392277825316,0.2064636131132294,0.0003317571101904,3,0.2241437866437829,0.5,0.0010147071000239
32,6,66,4,1,0.8,0.5,0.31999999999999984,5,8.0,1961.371870163411,0.2468037798777098,0.0036641139655801,4,0.2655311561561529,0.3,0.0012010059291325
33,6,66,3,0,1.0,0.6666666666666666,0.0,3,9.0,38.94311585211361,0.2057937427578215,0.0003265146132064,3,0.2222106034605999,0.6666666666666666,0.0008044150599498
34,5,117,4,4,0.5,0.16666666666666666,0.59375,8,7.0,2357.4153271569107,0.3028649386084583,0.0671190232166576,5,0.3279493779493793,0.1428571428571428,0.0014617456382873
35,6,66,1,1,0.5,0.0,0.5,2,8.0,520.0565813465096,0.243822075782537,0.0042999045912059,2,0.2565570034320004,0.0,0.0005712697132516
36,6,66,3,0,1.0,0.6666666666666666,0.0,3,8.0,403.6998185334587,0.2361702127659574,0.0027625155168962,3,0.2501702595452558,0.6666666666666666,0.0008173458338249
37,1,157,1,0,1.0,0.0,0.0,1,9.0,0.0,0.2432876712328767,0.0102769260632296,1,0.2593352280852244,0.0,0.0002936550985535
38,6,66,2,0,1.0,0.0,0.0,2,9.0,396.12277452865214,0.1993265993265993,0.0001883762544183,2,0.2137861075361048,0.0,0.0006544259332012
39,6,66,1,1,0.5,0.0,0.5,2,8.0,1033.428922118612,0.2468723936613845,0.0044634743510955,2,0.2625710531960501,0.0,0.000535235586876
40,6,66,0,1,0.0,0.0,0.0,1,9.0,0.0,0.2113782432754106,0.0008501153201786,1,0.2243515837265797,0.0,0.0003500707019707
41,6,66,2,0,1.0,0.0,0.0,2,9.0,396.12277452865214,0.1993265993265993,0.0001883762544183,2,0.2137861075361048,0.0,0.0006544259332012
42,5,117,1,0,1.0,0.0,0.0,1,8.0,0.0,0.232521602513747,0.0033685485170929,1,0.2432646932646892,0.0,0.000324039382955
43,6,66,1,0,1.0,0.0,0.0,1,9.0,0.0,0.1981700513278286,0.0001841585885433,1,0.2103326540826516,0.0,0.0003898560709381
44,6,66,5,0,1.0,0.2,0.0,5,9.0,1244.626798540662,0.1995954146999325,0.0002109782577833,3,0.2160383597883569,0.2,0.0013642135815087
45,6,66,1,0,1.0,0.0,0.0,1,9.0,0.0,0.1981700513278286,0.0001841585885433,1,0.2103326540826516,0.0,0.0003898560709381
46,6,66,7,1,0.875,0.14285714285714285,0.21875,8,9.0,6177.80399434175,0.2189889025893958,0.0008305200808512,3,0.2376009938509888,0.1071428571428571,0.0021429515988699
47,6,66,1,0,1.0,0.0,0.0,1,10.0,0.0,0.1680863145939806,1.880255435277684e-05,1,0.1760783104533116,0.0,0.0004283775522935
48,5,117,5,3,0.625,0.2,0.53125,8,9.0,1685.991400258169,0.2386455253963988,0.004585149694792,4,0.2641842735592692,0.1428571428571428,0.0015452839592909
49,6,66,10,0,1.0,0.022222222222222223,0.0,10,10.0,4656.90532395924,0.1833952912019826,8.403786151475567e-05,2,0.201790183040182,0.0222222222222222,0.0031125866148616
50,1,157,3,10,0.23076923076923078,0.0,0.6272189349112427,13,7.0,3050.739080675365,0.2917214191852825,0.0700682261465229,6,0.320498176748177,0.0256410256410256,0.0020378257524177
51,6,66,1,0,1.0,0.0,0.0,1,10.0,0.0,0.1657025564470983,9.82617295945024e-06,1,0.1732929357929364,0.0,0.0004508935049432
52,5,117,10,0,1.0,0.13333333333333333,0.0,10,9.0,1231.4419909163298,0.2351072279586973,0.0051001931202821,4,0.2614158801658756,0.1333333333333333,0.0019165076013623
53,6,66,3,0,1.0,0.3333333333333333,0.0,3,10.0,171.58317513885302,0.1818926669397788,6.669057291168859e-05,2,0.193738381238381,0.3333333333333333,0.0008855403432659
54,5,117,10,1,0.9090909090909091,0.06666666666666667,0.16528925619834722,11,9.0,1210.1785131057238,0.2371794871794871,0.0036068532976183,4,0.2644550800800755,0.0909090909090909,0.0020790106494684
55,5,117,4,1,0.8,0.0,0.31999999999999984,5,9.0,1252.895248313553,0.2139243555769694,0.0007987609848579,3,0.2306337587587543,0.0,0.001290261483244
56,5,117,20,2,0.9090909090909091,0.15789473684210525,0.16528925619834722,22,8.0,6655.863836193385,0.2703196347031963,0.0343101905150936,5,0.3080987237237225,0.1515151515151515,0.0037697553888361
57,5,117,5,1,0.8333333333333334,0.0,0.2777777777777777,6,9.0,274.0584075839836,0.2340537691091196,0.0030645010943255,4,0.2555506399256355,0.0,0.001135646416395
58,5,117,14,2,0.875,0.15384615384615385,0.2265625,16,8.0,5553.17447451898,0.272142200429053,0.0207702362308911,5,0.3068975225225214,0.1333333333333333,0.0028864332486206
59,6,66,5,0,1.0,0.3,0.0,5,9.0,487.8561090555811,0.2091380122468205,0.0004843677681892,3,0.2250406656656617,0.3,0.00124832231249
60,5,117,5,0,1.0,0.2,0.0,5,9.0,274.647784306112,0.2216121786872972,0.0029799285934884,4,0.2444958351208299,0.2,0.0009883151871205
61,5,117,1,0,1.0,0.0,0.0,1,10.0,0.0,0.1852315394242803,0.0002886926801055,1,0.1971744065494058,0.0,0.0003321725579325
62,5,117,7,0,1.0,0.0,0.0,7,9.0,1079.1353682169688,0.2313705054715998,0.0030271891053263,4,0.255357589732585,0.0,0.0013729736697375
63,6,66,1,1,0.5,0.0,0.5,2,9.0,1041.3527568072082,0.2125927699305722,0.000852474210446,2,0.2267807986557944,0.0,0.0006519880149011
64,2,139,2,0,1.0,0.0,0.0,2,9.0,6.350075818574271,0.271062271062271,0.0466321449724796,2,0.2910370191620174,0.0,0.000402662720023
65,6,66,1,1,0.5,0.0,0.5,2,10.0,42.40720987421047,0.1959399823477493,0.000281601185426,2,0.2123498498498472,0.0,0.0005352336317855
66,6,66,2,1,0.6666666666666666,0.0,0.4444444444444444,3,8.0,3221.5586139012985,0.2447629547960308,0.0043319088732726,2,0.258535767910765,0.0,0.0009025904782771
67,1,157,2,1,0.6666666666666666,0.0,0.4444444444444444,3,9.0,37.52227849564543,0.27331486611265,0.0478610441727454,3,0.2948846167596157,0.3333333333333333,0.0005312798970284
68,6,66,2,0,1.0,0.0,0.0,2,10.0,9.666666666666666,0.1680863145939806,1.3935556315565496e-05,2,0.1780776312026324,0.0,0.0006515483150021
69,1,157,4,2,0.6666666666666666,0.16666666666666666,0.4444444444444444,6,8.0,1092.8382571083316,0.2636579572446555,0.0142606144592095,4,0.2829646610896582,0.0666666666666666,0.001162777566192
70,5,117,1,0,1.0,0.0,0.0,1,9.0,0.0,0.2113782432754106,0.0008501153201786,1,0.2243515837265797,0.0,0.0003500707019707
71,2,139,3,0,1.0,0.6666666666666666,0.0,3,8.0,5.458928549763454,0.257914609352309,0.0250954338983451,3,0.2758781102531072,0.6666666666666666,0.0005190538674387
72,5,117,1,2,0.3333333333333333,0.0,0.6666666666666667,3,7.0,1785.316739536953,0.2995951417004048,0.0548871989896289,3,0.3214178464178473,0.0,0.0005758402618785
73,5,117,7,1,0.875,0.047619047619047616,0.21875,8,9.0,871.4416387117865,0.2233962264150943,0.004235118955137,4,0.2483622014871964,0.0357142857142857,0.0016294378489096
74,5,117,3,0,1.0,0.3333333333333333,0.0,3,10.0,94.55108211401192,0.2025085518814139,0.0003489078090575,2,0.2167560417560386,0.3333333333333333,0.0007907472674626
75,6,66,2,0,1.0,0.0,0.0,2,11.0,1772.0,0.1551091703056768,4.228343136174214e-06,1,0.165260837135836,0.0,0.0008937139310987
76,2,139,1,0,1.0,0.0,0.0,1,9.0,0.0,0.2324607329842932,0.0114122790696711,1,0.2458699771199731,0.0,0.0002835364181544
77,5,117,4,2,0.6666666666666666,0.3333333333333333,0.5,6,8.0,863.0112510356387,0.2572421784472769,0.0139756911538771,4,0.2794843951093917,0.3333333333333333,0.001152349488601
78,6,66,1,0,1.0,0.0,0.0,1,10.0,0.0,0.1758764111705288,5.148312850523404e-05,1,0.1881868475618483,0.0,0.000371047211111
79,6,66,1,0,1.0,0.0,0.0,1,13.0,0.0,0.1184473789515806,1.0677261152474244e-08,1,0.1229282979282982,0.0,0.0006291440688354
80,6,66,2,0,1.0,0.0,0.0,2,12.0,887.0,0.1343419062027231,2.127466281532949e-07,1,0.1411690099190108,0.0,0.0010833297881141
81,6,66,2,0,1.0,1.0,0.0,2,10.0,0.0,0.1808553971486761,4.589954759337154e-05,2,0.1924299299299298,1.0,0.00066098737853
82,6,66,1,0,1.0,0.0,0.0,1,9.0,0.0,0.1966777408637873,0.0002174084858795,1,0.2036536536536516,0.0,0.0004244628777321
83,5,117,2,0,1.0,0.0,0.0,2,9.0,21.90835390757459,0.217061843070154,0.0016727513979412,2,0.2327747390247344,0.0,0.0004914920340179
84,5,117,1,0,1.0,0.0,0.0,1,10.0,0.0,0.1898652982681206,0.0004843561660846,1,0.2024453024453009,0.0,0.0003283473317456
85,6,66,1,0,1.0,0.0,0.0,1,11.0,0.0,0.1550008727526619,4.217665875019093e-06,1,0.1642285548535536,0.0,0.0004332987711502
86,6,66,2,0,1.0,0.0,0.0,2,11.0,32.170238023532,0.1552176192973256,4.722714357573023e-06,2,0.1655611374361363,0.0,0.0007626892579724
87,5,117,15,1,0.9375,0.06666666666666667,0.1171875,16,8.0,9591.515092984237,0.2692540933899333,0.0131410912540155,4,0.2986821643071628,0.075,0.0031918536934063
88,5,117,1,0,1.0,0.0,0.0,1,9.0,0.0,0.2121863799283154,0.0006595209723748,1,0.2248730873730833,0.0,0.0003382961363492
89,5,117,6,1,0.8571428571428571,0.13333333333333333,0.24489795918367352,7,8.0,3075.1110386559662,0.2669873722188815,0.0167829344892086,4,0.2947916666666648,0.0952380952380952,0.0013458992872937
90,6,66,2,2,0.5,1.0,0.625,4,8.0,4303.635891885839,0.2465981671757845,0.0070484712296439,3,0.2618873337623308,0.1666666666666666,0.0009520259001352
91,5,117,1,0,1.0,0.0,0.0,1,9.0,0.0,0.2274590163934426,0.00189448219895,1,0.2404592092092046,0.0,0.0003140817767955
92,5,117,4,0,1.0,0.5,0.0,4,9.0,887.0000000000001,0.2260692464358452,0.0037549122593721,3,0.2461863649363603,0.5,0.0009254660647756
93,5,117,1,0,1.0,0.0,0.0,1,9.0,0.0,0.2128475551294343,0.0017219490964241,1,0.2286952130702088,0.0,0.0003143785489102
94,5,117,4,0,1.0,0.0,0.0,4,9.0,877.9614157791812,0.2452361226180613,0.0047063267232413,3,0.2636708136708101,0.0,0.000868508019541
95,5,117,3,1,0.75,0.3333333333333333,0.375,4,8.0,334.2709832160904,0.2566473988439306,0.0125704222409871,4,0.2771946053196022,0.5,0.0008035553450565
96,6,66,1,0,1.0,0.0,0.0,1,10.0,0.0,0.1796843383245649,4.1681881718348754e-05,1,0.1888450950950954,0.0,0.0003964175162669
97,5,117,16,1,0.9411764705882353,0.11666666666666667,0.11072664359861584,17,8.0,5699.339408638351,0.2943321179980113,0.0377479481294833,5,0.3257252788502796,0.1323529411764706,0.0029070573581717
98,1,157,1,0,1.0,0.0,0.0,1,9.0,0.0,0.208695652173913,0.0007157072523886,1,0.2178039646789612,0.0,0.0003334557307641
99,5,117,2,0,1.0,0.0,0.0,2,10.0,37.939806659953234,0.1911733046286329,0.0001465730529945,2,0.2058183183183164,0.0,0.0005779200052648
100,5,117,1,0,1.0,0.0,0.0,1,10.0,0.0,0.1762604208019055,4.008796615483893e-05,1,0.1849000786500795,0.0,0.0003880733610384
101,5,117,2,0,1.0,0.0,0.0,2,9.0,1.7666666666666666,0.2201834862385321,0.0023028121897685,2,0.2361236236236187,0.0,0.0004822681008516
102,5,117,1,0,1.0,0.0,0.0,1,9.0,0.0,0.2072829131652661,0.0010926792253902,1,0.2190909659659624,0.0,0.0003385519985239
103,5,117,10,1,0.9090909090909091,0.2222222222222222,0.16528925619834722,11,8.0,3295.623934336527,0.2781954887218045,0.0250653736739185,5,0.3084043865293857,0.2181818181818181,0.0018847757386148
104,5,117,9,0,1.0,0.2222222222222222,0.0,9,9.0,562.0197560004876,0.2487394957983193,0.0097130176937707,5,0.2727736665236629,0.2222222222222222,0.0015730242762192
105,5,117,4,0,1.0,0.0,0.0,4,8.0,108.2359387699647,0.2503524104877361,0.0058088813461057,4,0.2684604247104215,0.0,0.0007922763953907
106,5,117,1,0,1.0,0.0,0.0,1,9.0,0.0,0.2121863799283154,0.0006595209723748,1,0.2248730873730833,0.0,0.0003382961363492
107,5,117,12,0,1.0,0.21212121212121213,0.0,12,8.0,1576.9704614139891,0.2576900754497969,0.0138382351225303,5,0.2830316924066889,0.2121212121212121,0.0020639006053872
108,5,117,9,3,0.75,0.2222222222222222,0.4027777777777778,12,8.0,3546.842603322508,0.274582560296846,0.0274605371073039,5,0.3042672136422124,0.1363636363636363,0.0020152786984867
109,5,117,3,6,0.3333333333333333,0.0,0.4444444444444444,9,8.0,2930.971030309184,0.2728948985863552,0.0283938688168427,5,0.3032912376662364,0.0555555555555555,0.0015403205756447
110,5,117,3,0,1.0,0.3333333333333333,0.0,3,9.0,121.80599864048132,0.2143374366401158,0.0008353309045558,3,0.2292649792649748,0.3333333333333333,0.0007125254708696
111,5,117,2,0,1.0,1.0,0.0,2,10.0,0.0,0.1875395987328405,0.0001239959626909,2,0.2010604354354342,1.0,0.0005826206122277
112,4,118,7,10,0.4117647058823529,0.047619047619047616,0.629757785467128,17,9.0,3999.726373514845,0.2971887550200803,0.1313491623082181,7,0.3397419741169764,0.0514705882352941,0.0025917206566362
113,5,117,9,0,1.0,0.2777777777777778,0.0,9,9.0,1017.56797396463,0.2272843614026106,0.0057522611297305,5,0.2521548334048286,0.2777777777777778,0.0017305798134243
114,5,117,4,0,1.0,0.16666666666666666,0.0,4,9.0,141.42675416918533,0.2293388429752066,0.0031281785520617,3,0.2504562598312553,0.1666666666666666,0.0008304389814448
115,5,117,1,0,1.0,0.0,0.0,1,9.0,0.0,0.2121863799283154,0.0006595209723748,1,0.2248730873730833,0.0,0.0003382961363492
116,5,117,1,1,0.5,0.0,0.5,2,10.0,28.99608972569992,0.1955085865257596,0.0003877244178974,2,0.2128110253110227,0.0,0.0005073124195558
117,5,117,8,5,0.6153846153846154,0.14285714285714285,0.5680473372781065,13,8.0,7793.290789680769,0.3080124869927159,0.073422397788181,5,0.3395498176748198,0.1025641025641025,0.0020419025996889
118,1,157,1,1,0.5,0.0,0.5,2,8.0,208.18506230172144,0.2257244534824606,0.0043421396233065,2,0.2390149077649031,0.0,0.0005409476251364
119,1,157,5,1,0.8333333333333334,0.3,0.2777777777777777,6,8.0,915.3055121592798,0.2516293567582884,0.0279553984450559,5,0.2724930287430252,0.2,0.0010631205307801
120,5,117,13,0,1.0,0.10256410256410256,0.0,13,9.0,4630.599982058556,0.2385173247381144,0.0068415668494645,5,0.2678254147004101,0.1025641025641025,0.0026389317367283
121,5,117,4,0,1.0,0.6666666666666666,0.0,4,9.0,4.784695864684377,0.2303501945525291,0.0047757341073551,4,0.2508490633490587,0.6666666666666666,0.0007504842852961
122,5,117,20,0,1.0,0.14210526315789473,0.0,20,8.0,6363.356606939739,0.2684401451027811,0.0195485232766133,5,0.2999316280566264,0.1421052631578947,0.0034626792712674
123,5,117,5,0,1.0,0.2,0.0,5,9.0,991.9489278860432,0.2159008023340627,0.0013128636039041,3,0.2343392499642453,0.2,0.0011628199970105
124,5,117,6,0,1.0,0.4,0.0,6,9.0,111.65164528075545,0.2275756022552537,0.0042211110753429,4,0.2502028814528768,0.4,0.0011363499722012
125,5,117,2,0,1.0,1.0,0.0,2,10.0,0.0,0.1949934123847167,0.000555913238203,2,0.2109891141141116,1.0,0.0005144022169656
126,5,117,1,0,1.0,0.0,0.0,1,9.0,0.0,0.2113782432754106,0.0008501153201786,1,0.2243515837265797,0.0,0.0003500707019707
127,5,117,6,4,0.6,0.06666666666666667,0.48,10,8.0,1238.8389015439773,0.2650746268656716,0.0288046567054079,5,0.2950638138138118,0.1333333333333333,0.0016834912861275
128,5,117,2,0,1.0,0.0,0.0,2,9.0,4.493589743589744,0.212338593974175,0.0010746845395719,2,0.2257610288860247,0.0,0.0005004536210795
129,1,157,9,3,0.75,0.16666666666666666,0.375,12,8.0,2577.026585773334,0.2669071235347159,0.0436598347861093,5,0.2987894144144127,0.1212121212121212,0.0020650315264242
130,1,157,1,0,1.0,0.0,0.0,1,9.0,0.0,0.2107261509254864,0.0021911861150084,1,0.2248154404404365,0.0,0.000315001975342
131,2,139,18,6,0.75,0.37254901960784315,0.4027777777777778,24,8.0,1821.4223945279336,0.3225572103160188,0.4803738883260321,9,0.3641824860574891,0.2898550724637681,0.0028336558774378
132,1,157,6,2,0.75,0.26666666666666666,0.375,8,8.0,859.5360681705356,0.2772400874180455,0.041319049612955,5,0.3046117546117537,0.2857142857142857,0.0012691981282382
133,1,157,5,0,1.0,0.2,0.0,5,8.0,178.31568629597592,0.2609462239200705,0.029860229756411,4,0.2862987987987953,0.2,0.0008674994425326
134,5,117,3,0,1.0,0.0,0.0,3,10.0,18.407757664012617,0.1950362398418625,0.0003748705683242,3,0.2108108108108083,0.0,0.0006979801798716
135,0,173,5,0,1.0,0.2,0.0,5,9.0,26.76955291886397,0.2551724137931034,0.0232142425051269,4,0.2765730015729982,0.2,0.0008558292401959
136,5,117,3,0,1.0,0.0,0.0,3,9.0,38.98652719917608,0.2323390894819466,0.0022880526464494,3,0.249468218218214,0.0,0.0006478603711552
137,5,117,2,0,1.0,0.0,0.0,2,9.0,1.6584150326797389,0.2307692307692307,0.0029368923101548,2,0.2462399899899857,0.0,0.0004674235431283
138,2,139,8,2,0.8,0.21428571428571427,0.33999999999999986,10,9.0,205.68614030200905,0.298889262874453,0.1708012711946066,7,0.3303012834262849,0.2444444444444444,0.0012705367858405
139,5,117,1,2,0.3333333333333333,0.0,0.6666666666666667,3,8.0,435.2492712280749,0.2538593481989708,0.0121688211834113,3,0.2726150257400225,0.3333333333333333,0.0006008439793165
140,5,117,4,0,1.0,0.0,0.0,4,9.0,278.4436125869397,0.214389183969097,0.0012390178271803,3,0.2324865043614998,0.0,0.0008615868018324
141,5,117,1,0,1.0,0.0,0.0,1,10.0,0.0,0.184423676012461,0.0001884503605228,1,0.194616491491491,0.0,0.0003653904476517
142,5,117,6,4,0.6,0.06666666666666667,0.48,10,9.0,1357.767987295303,0.243688254665203,0.0115935046257939,5,0.2697076540826499,0.1555555555555555,0.0017314218392673
143,1,157,1,0,1.0,0.0,0.0,1,9.0,0.0,0.2340537691091196,0.0059560733656701,1,0.2480122980122943,0.0,0.0003077227734645
144,5,117,1,0,1.0,0.0,0.0,1,9.0,0.0,0.2139759036144578,0.0010424101112048,1,0.2289392070642028,0.0,0.0003220706752199
145,5,117,2,0,1.0,1.0,0.0,2,10.0,0.0,0.1886151231945624,0.0001723746742343,2,0.2031598562848548,1.0,0.0005562549526051
146,4,118,2,0,1.0,0.0,0.0,2,9.0,30.90177782366425,0.2296947749612002,0.0054229447816929,2,0.2461903868153827,0.0,0.0004569687049069
147,1,157,8,3,0.7272727272727273,0.10714285714285714,0.4297520661157025,11,8.0,3009.8116295212694,0.3044223517312307,0.0822375650790049,5,0.3326884920634937,0.1454545454545454,0.0018541980360039
148,5,117,0,1,0.0,0.0,0.0,1,9.0,0.0,0.213154104656745,0.0016284232220306,1,0.2246384777634736,0.0,0.0003195252516646
149,5,117,1,0,1.0,0.0,0.0,1,10.0,0.0,0.1871443624868282,0.0001064850868397,1,0.1998029279279268,0.0,0.0003585755531135
150,5,117,3,0,1.0,0.0,0.0,3,10.0,35.79455821618417,0.1968085106382978,0.0004079684286194,3,0.2144894894894867,0.0,0.0006933073662491
151,5,117,6,3,0.6666666666666666,0.2,0.4444444444444444,9,9.0,1360.0279194803952,0.2343007915567282,0.0096508963999203,5,0.2607764014013965,0.1388888888888889,0.0016900774185031
152,1,157,2,0,1.0,1.0,0.0,2,9.0,0.0,0.2130518234165067,0.0030852440425665,2,0.2285991348491305,1.0,0.0004752018665895
153,1,157,3,0,1.0,0.3333333333333333,0.0,3,8.0,69.57212581468613,0.2329485834207764,0.0044293664727803,3,0.2472436722436682,0.3333333333333333,0.0006530322018499
154,1,157,4,1,0.8,0.3333333333333333,0.31999999999999984,5,8.0,1241.6936965735986,0.2914341975713816,0.0658050098044793,3,0.3163408944658947,0.3,0.0009751161416087
155,5,117,9,1,0.9,0.08333333333333333,0.17999999999999994,10,9.0,1502.7162657650413,0.2315514993481095,0.0067948013740331,5,0.2588834370084322,0.0666666666666666,0.0018433491231349
156,5,117,2,0,1.0,1.0,0.0,2,9.0,0.0,0.2074281709880868,0.0012501506946308,2,0.2209012584012547,1.0,0.0004901134990582
157,5,117,4,4,0.5,0.3333333333333333,0.59375,8,7.0,4267.357122575579,0.3183936894944424,0.1208161672889746,5,0.347581510081513,0.2857142857142857,0.0012112622635497
158,1,157,1,0,1.0,0.0,0.0,1,9.0,0.0,0.2010869565217391,0.0014030167821849,1,0.2110503360503333,0.0,0.0003193376507474
159,5,117,3,1,0.75,0.0,0.375,4,8.0,323.45211750558485,0.2625665286812537,0.0184234702164397,3,0.2880898755898721,0.3333333333333333,0.0008037189842596
160,5,117,3,3,0.5,0.0,0.6111111111111112,6,8.0,901.721159185372,0.2579895409645555,0.0147296907214077,4,0.2806011368511334,0.1333333333333333,0.00106934901592
161,5,117,4,2,0.6666666666666666,0.16666666666666666,0.4444444444444444,6,9.0,637.6919020889919,0.2249240121580547,0.005085188605427,4,0.2456420706420657,0.0666666666666666,0.0011817248997383
162,5,117,8,2,0.8,0.2857142857142857,0.31999999999999984,10,8.0,1574.7794323393086,0.2626441881100266,0.0142091120816559,5,0.2909172565422536,0.2,0.0016976846066012
163,2,139,7,2,0.7777777777777778,0.19047619047619047,0.37037037037037024,9,8.0,809.9012898478718,0.2905759162303665,0.1101785372484999,6,0.318732571857572,0.1111111111111111,0.0012862923965467
164,1,157,3,0,1.0,0.3333333333333333,0.0,3,8.0,43.43400452424694,0.2589676290463692,0.0218940871757816,3,0.2822152509652474,0.3333333333333333,0.0005595660123196
165,5,117,9,4,0.6923076923076923,0.027777777777777776,0.46153846153846156,13,8.0,3968.937965025503,0.279333123623781,0.0365191630245117,4,0.3118766087516079,0.0897435897435897,0.0023445042386675
166,5,117,2,0,1.0,0.0,0.0,2,9.0,3.4636506037821837,0.2208955223880597,0.0015139400191189,2,0.2365392177892128,0.0,0.0004772738166228
167,5,117,2,0,1.0,0.0,0.0,2,10.0,22.41111392558491,0.1804878048780487,9.53314734494322e-05,2,0.191540200915201,0.0,0.0006110336641943
168,5,117,2,0,1.0,1.0,0.0,2,9.0,0.0,0.212287831699737,0.0014685690541929,2,0.2267378986128944,1.0,0.0004644561817807
169,1,157,45,21,0.6818181818181818,0.06060606060606061,0.4816345270890726,66,7.0,44438.18564910679,0.3440526927547462,0.2939592740744334,7,0.4033998283998273,0.0489510489510489,0.0101781305670063
170,5,117,6,0,1.0,0.4666666666666667,0.0,6,9.0,28.301562204145085,0.2261268143621085,0.0063898581649627,5,0.2483447733447685,0.4666666666666667,0.0010599175474731
171,5,117,2,0,1.0,0.0,0.0,2,9.0,14.313264806934708,0.214389183969097,0.0011936459878478,2,0.2299285893035849,0.0,0.0004890205493622
172,1,157,3,2,0.6,0.0,0.5599999999999999,5,9.0,417.791310171834,0.2445607270724318,0.0084532308221779,4,0.2627323752323718,0.0,0.0009842893274034
173,5,117,3,0,1.0,0.0,0.0,3,9.0,894.3904006369082,0.2204568023833167,0.0018043576316348,2,0.2360592735592685,0.0,0.0008273992314553
174,5,117,2,2,0.5,0.0,0.5,4,9.0,912.0250805772044,0.2285714285714285,0.0050418697570134,3,0.2476570320320272,0.0,0.0009265817246125
175,5,117,2,0,1.0,1.0,0.0,2,9.0,0.0,0.2133589620374819,0.0020106417765297,2,0.230140408265404,1.0,0.0004778221979555
176,1,157,1,0,1.0,0.0,0.0,1,9.0,0.0,0.2288659793814433,0.0047883718030938,1,0.240523559273555,0.0,0.0003652803559727
177,5,117,5,1,0.8333333333333334,0.0,0.2777777777777777,6,8.0,1569.507972118562,0.2601054481546573,0.0163131177452424,4,0.2817540755040723,0.0666666666666666,0.0011916816428965
178,1,157,2,2,0.5,0.0,0.625,4,8.0,1045.44144130955,0.2978866152297886,0.0593415843141972,4,0.3206577112827121,0.0,0.0006893497895687
179,1,157,3,0,1.0,0.0,0.0,3,9.0,898.9233025746179,0.2326434372543882,0.0076977370290899,2,0.2498248248248207,0.0,0.0008890965465419
180,5,117,1,1,0.5,0.0,0.5,2,9.0,46.05782234948442,0.2167439589943861,0.0030814213938886,2,0.2349706849706803,0.0,0.0004624529445308
181,1,157,1,0,1.0,0.0,0.0,1,9.0,0.0,0.2340537691091196,0.0059560733656701,1,0.2480122980122943,0.0,0.0003077227734645
182,5,117,2,0,1.0,1.0,0.0,2,9.0,0.0,0.2172742843161243,0.0020726898468635,2,0.2320508008007961,1.0,0.0004576707762445
183,5,117,1,0,1.0,0.0,0.0,1,10.0,0.0,0.1926247288503254,0.0003433624144225,1,0.2060904654654634,0.0,0.0003412744455192
184,5,117,2,0,1.0,1.0,0.0,2,10.0,0.0,0.1927083333333333,0.000361551471673,2,0.2068412162162141,1.0,0.0006206092446351
185,5,117,3,0,1.0,0.3333333333333333,0.0,3,10.0,887.0,0.1927501627957456,0.0003624207131623,2,0.2074042792792771,0.3333333333333333,0.0009858875262914
186,5,117,2,2,0.5,0.0,0.5,4,8.0,165.19234066795764,0.2485306465155331,0.0082776070081906,4,0.2667068854568821,0.3333333333333333,0.0007491247259666
187,1,157,1,0,1.0,0.0,0.0,1,9.0,0.0,0.2257244534824606,0.0033026012234807,1,0.2368663306163261,0.0,0.0003344986529604
188,5,117,9,0,1.0,0.16666666666666666,0.0,9,8.0,552.6272259142518,0.2563510392609699,0.0115407804175834,5,0.2785178035178002,0.1666666666666666,0.0015466624943946
189,5,117,2,2,0.5,0.0,0.5,4,9.0,241.55104314668736,0.2268778742973939,0.0031796398816525,4,0.2468848312598265,0.3333333333333333,0.0008092341720896
190,1,157,4,4,0.5,0.0,0.59375,8,8.0,1711.9294540686433,0.3108155407770389,0.1284399392472885,5,0.3398393929643952,0.2857142857142857,0.0012880750200529
191,1,157,1,0,1.0,0.0,0.0,1,8.0,0.0,0.2560553633217993,0.0147531359860938,1,0.2766891891891858,0.0,0.000299810893462
192,1,157,8,4,0.6666666666666666,0.32142857142857145,0.4444444444444444,12,8.0,3229.175903774658,0.269009391093608,0.0337782321662081,5,0.297959566709565,0.1666666666666666,0.0020386394590175
193,5,117,1,0,1.0,0.0,0.0,1,9.0,0.0,0.2183964584358091,0.0018328123169284,1,0.2324047261547215,0.0,0.0003220234167998
194,5,117,5,1,0.8333333333333334,0.2,0.2777777777777777,6,8.0,1122.5169422921206,0.2614071239328819,0.0217718586878542,4,0.2868900150150115,0.2666666666666666,0.0011987512209669
195,5,117,3,3,0.5,0.0,0.6111111111111112,6,8.0,1306.2121576797335,0.2617152961980548,0.0165469817475344,4,0.2842060810810779,0.0666666666666666,0.0011246999815634
196,1,157,6,1,0.8571428571428571,0.0,0.24489795918367352,7,8.0,1331.7291936779527,0.2956058588548602,0.078132965430102,5,0.3211644680394687,0.1428571428571428,0.0011304444190315
197,5,117,1,0,1.0,0.0,0.0,1,10.0,0.0,0.1806714140386571,9.05565357339796e-05,1,0.1888357107107109,0.0,0.0004031586911325
198,1,157,23,3,0.8846153846153846,0.18972332015810275,0.20414201183431957,26,8.0,6742.540630743338,0.3213897937024972,0.2047698691390878,7,0.3626434470184504,0.1846153846153846,0.0038212716839174
199,5,117,1,0,1.0,0.0,0.0,1,10.0,0.0,0.1860854987426655,0.0002530397803695,1,0.1957877520377512,0.0,0.000365627525367
200,5,117,0,1,0.0,0.0,0.0,1,9.0,0.0,0.2197475872308834,0.0025193247637842,1,0.2346520627770579,0.0,0.0003096866174651
201,1,157,3,1,0.75,0.0,0.375,4,8.0,565.6393009321454,0.3051546391752577,0.0691730922520397,4,0.33015470827971,0.1666666666666666,0.0007071401990263
202,1,157,2,0,1.0,0.0,0.0,2,8.0,887.0,0.256203115983843,0.0147903900784344,1,0.2774399399399365,0.0,0.0006939028822167
203,2,139,33,22,0.6,0.16856060606060605,0.5804958677685951,55,8.0,29778.315224608024,0.3686176836861768,0.7303739545230458,9,0.4221484877734833,0.1043771043771043,0.0070073748845118
204,1,157,10,9,0.5263157894736842,0.24444444444444444,0.5429362880886428,19,8.0,4538.493553975499,0.2815472415979708,0.0501980649685473,5,0.3171305233805229,0.1111111111111111,0.0031508193682177
205,1,157,2,1,0.6666666666666666,0.0,0.4444444444444444,3,8.0,155.4008482691611,0.2738205365402405,0.0344435448436991,3,0.2938076469326456,0.0,0.0005602158275891
206,5,117,5,2,0.7142857142857143,0.1,0.44897959183673464,7,8.0,1775.2278700699185,0.2739895094106757,0.0202629245358061,5,0.2974434255684241,0.1428571428571428,0.0012241918396895
207,5,117,1,0,1.0,0.0,0.0,1,10.0,0.0,0.1880559085133418,0.0003410153633874,1,0.2010228978978966,0.0,0.0003254135843534
208,1,157,4,1,0.8,0.16666666666666666,0.31999999999999984,5,8.0,1108.2041283143546,0.288780487804878,0.0583686706152358,4,0.3150458494208494,0.2,0.0009595138282111
209,1,157,5,1,0.8333333333333334,0.3,0.2777777777777777,6,8.0,422.8328584931949,0.2492281785012629,0.0194572601618511,5,0.2706295581295546,0.2,0.0010418403342775
210,5,117,1,2,0.3333333333333333,0.0,0.6666666666666667,3,8.0,435.7698356895473,0.2512733446519524,0.0135485728659606,3,0.2684322715572684,0.3333333333333333,0.0005864108120725
211,1,157,14,5,0.7368421052631579,0.14285714285714285,0.42105263157894746,19,8.0,5120.743585964732,0.2966922819913131,0.1108932017153311,7,0.3358617546117561,0.0935672514619883,0.0031061976482454
212,1,157,2,1,0.6666666666666666,0.0,0.4444444444444444,3,9.0,135.78417836095576,0.2405852072609049,0.0065068091456694,3,0.2564367939367905,0.0,0.0006262583917893
213,5,117,3,4,0.42857142857142855,0.6666666666666666,0.48979591836734704,7,8.0,789.5215452748946,0.265947888589398,0.0233972682799991,5,0.2939457314457293,0.1904761904761904,0.0011973679234475
214,5,117,3,2,0.6,0.3333333333333333,0.5599999999999999,5,8.0,945.983409944451,0.256203115983843,0.0152586137560033,4,0.2786491848991814,0.3,0.0009515656900746
215,1,157,13,1,0.9285714285714286,0.21794871794871795,0.13265306122448983,14,8.0,2203.2689422505227,0.2679541339770669,0.0495938312952413,6,0.3013218575718561,0.1868131868131868,0.0022840506604363
216,5,117,2,0,1.0,0.0,0.0,2,10.0,199.15892936305255,0.1967649013959672,0.0005866356454793,2,0.2099099099099074,0.0,0.0005755890725073
217,1,157,2,2,0.5,0.0,0.625,4,8.0,280.507306086327,0.2844330557335041,0.05848688920361,4,0.30710666023166,0.0,0.0006756430787488
218,1,157,3,1,0.75,0.0,0.375,4,8.0,389.2617820809071,0.2604105571847507,0.0174079269020758,3,0.2803651866151835,0.0,0.0007741170605371
219,5,117,1,1,0.5,0.0,0.5,2,10.0,22.541090283998795,0.1863197650020982,0.0004477956841139,2,0.2002730408980398,0.0,0.0005395986706294
220,5,117,2,1,0.6666666666666666,1.0,0.4444444444444444,3,9.0,46.013849927691815,0.2228356336260978,0.0019227160836486,3,0.2371290933790883,0.3333333333333333,0.0006408943328343
221,1,157,1,0,1.0,0.0,0.0,1,9.0,0.0,0.2039972432804962,0.000742295465253,1,0.2143496174746144,0.0,0.000463637633829
222,1,157,8,5,0.6153846153846154,0.25,0.5207100591715976,13,7.0,3923.0212851760457,0.288780487804878,0.0832123529663557,7,0.3177391677391678,0.1025641025641025,0.0021165944758955
223,1,157,13,4,0.7647058823529411,0.23076923076923078,0.38062283737024216,17,8.0,4553.529544578769,0.3123461132606401,0.1077853518588712,7,0.3451884920634946,0.1691176470588235,0.0025048977634034
224,1,157,6,0,1.0,0.2,0.0,6,9.0,344.40835115335176,0.2476987447698744,0.0175588022005374,3,0.2678830616330581,0.2,0.0011251556161606
225,1,157,3,1,0.75,0.3333333333333333,0.375,4,8.0,424.31434171882574,0.2620241959280023,0.0207186625780568,3,0.2855105105105072,0.1666666666666666,0.0007745271831232
226,1,157,3,1,0.75,0.3333333333333333,0.375,4,9.0,34.780686827816005,0.2146482958665699,0.0033176118450262,3,0.2314117689117644,0.1666666666666666,0.0008231334478659
227,2,139,7,2,0.7777777777777778,0.2857142857142857,0.37037037037037024,9,7.0,1063.0129336533937,0.3029682702149437,0.1290777195939435,6,0.3314966752466766,0.2222222222222222,0.0012983438532598
228,1,157,2,1,0.6666666666666666,0.0,0.4444444444444444,3,9.0,87.22677618529248,0.2218890554722638,0.0030002806504218,3,0.2387298012297961,0.0,0.0006735622299846
229,2,139,14,19,0.42424242424242425,0.12087912087912088,0.6685032139577594,33,7.0,21192.18824601175,0.3227917121046892,0.206412747694583,7,0.364191870441874,0.0511363636363636,0.0046847539486863
230,2,139,5,2,0.7142857142857143,0.2,0.44897959183673464,7,8.0,487.9537417408891,0.3009149440867502,0.1292790019372693,6,0.3293851887601902,0.3333333333333333,0.0009746264772917
231,1,157,3,0,1.0,0.3333333333333333,0.0,3,9.0,2.8511904761904763,0.2074281709880868,0.0021456841599469,3,0.2203596453596417,0.3333333333333333,0.0006893320367927
232,1,157,18,2,0.9,0.22875816993464052,0.18500000000000005,20,8.0,5649.893092060182,0.3169164882226981,0.1475190253713991,7,0.3534279815529847,0.2210526315789474,0.0029877897845256
233,1,157,1,1,0.5,0.0,0.5,2,10.0,15.243463889052125,0.1929595827900912,0.0004453762731889,2,0.2049482518232498,0.0,0.000526293098523
234,1,157,1,0,1.0,0.0,0.0,1,9.0,0.0,0.183206106870229,0.0002101248632295,1,0.1902156620906619,0.0,0.0004685019167903
235,1,157,4,1,0.8,0.6666666666666666,0.31999999999999984,5,9.0,54.7689664747033,0.2187730968218773,0.0080528749724564,4,0.2377618690118641,0.5,0.0008857260064566
236,1,157,11,11,0.5,0.23636363636363636,0.5743801652892562,22,8.0,5639.83611025784,0.2958027981345769,0.1378531970333981,7,0.3329512548262558,0.0909090909090909,0.0033218009114277
237,3,119,1,1,0.5,0.0,0.5,2,9.0,64.2153428965531,0.2161635832521908,0.0033056736281364,2,0.2282125875875831,0.0,0.0005501788247479
238,1,157,10,8,0.5555555555555556,0.13333333333333333,0.574074074074074,18,8.0,5164.958766465197,0.3236151603498542,0.2038576099727674,7,0.3603724259974294,0.1111111111111111,0.0026564063628726
239,1,157,3,2,0.6,0.6666666666666666,0.48,5,9.0,173.05076980170418,0.2476296709425544,0.0134900258988133,4,0.2676980551980517,0.3,0.0008989247216059
240,1,157,4,0,1.0,0.16666666666666666,0.0,4,9.0,900.1889610389609,0.2138728323699422,0.0028470642208207,3,0.2300845488345444,0.1666666666666666,0.0009701375830407
241,1,157,1,2,0.3333333333333333,0.0,0.6666666666666667,3,9.0,310.5549612850234,0.2837967401725791,0.0602871716947413,3,0.3102481946231948,0.3333333333333333,0.0005659261317158
242,4,118,4,2,0.6666666666666666,0.0,0.4444444444444444,6,8.0,558.7350100246523,0.2742433600988264,0.0344729238217725,4,0.2955450986700976,0.0,0.0009889075746706
243,1,157,2,0,1.0,1.0,0.0,2,8.0,0.0,0.2576900754497969,0.0219931317779702,2,0.2800300300300265,1.0,0.0004213460035355
244,2,139,2,2,0.5,0.0,0.625,4,8.0,180.88756064029775,0.2569444444444444,0.0189235223742149,3,0.2742438867438838,0.0,0.0007234687806353
245,1,157,1,1,0.5,0.0,0.5,2,9.0,0.8343071213520619,0.2473537604456824,0.0207753161738302,2,0.2655450092950057,0.0,0.0003945641714319
246,1,157,15,1,0.9375,0.19047619047619047,0.1171875,16,8.0,2576.0038106955926,0.3113604488078541,0.121987520948049,7,0.3446817353067379,0.225,0.0023491868797085
247,1,157,3,1,0.75,0.6666666666666666,0.375,4,8.0,183.80908619873983,0.2493681550126369,0.0118802918979698,3,0.2679912054912021,0.3333333333333333,0.0007896397803259
248,1,157,4,0,1.0,0.3333333333333333,0.0,4,9.0,1772.0,0.2315514993481095,0.0045604902910091,2,0.2456635206635166,0.3333333333333333,0.001051802637875
249,1,157,2,0,1.0,1.0,0.0,2,10.0,0.0,0.1880957424274518,0.0002409744065341,2,0.1959052802802793,1.0,0.0006821512511918
250,1,157,2,0,1.0,1.0,0.0,2,10.0,0.0,0.1880957424274518,0.0002409744065341,2,0.1959052802802793,1.0,0.0006821512511916
251,5,117,1,0,1.0,0.0,0.0,1,11.0,0.0,0.1616308700400436,1.818905725052673e-05,1,0.1697921541671544,0.0,0.0004480637080028
252,2,139,0,1,0.0,0.0,0.0,1,8.0,0.0,0.2258967183922666,0.0035165621901157,1,0.2380898755898709,0.0,0.0003019713619296
253,1,157,6,1,0.8571428571428571,0.13333333333333333,0.24489795918367352,7,9.0,493.2123676247823,0.2533523537803138,0.0195447012776023,5,0.2771762834262799,0.1428571428571428,0.0012233521239685
254,4,118,4,4,0.5,0.16666666666666666,0.65625,8,9.0,1433.430295847757,0.2859903381642512,0.0667885491782476,4,0.3107629951379953,0.1071428571428571,0.0013048741853904
255,1,157,6,1,0.8571428571428571,0.3333333333333333,0.24489795918367352,7,9.0,379.4076534705961,0.2512022630834512,0.0270877656156406,4,0.273006935506932,0.2380952380952381,0.0012194361992304
256,1,157,9,2,0.8181818181818182,0.1388888888888889,0.31404958677685946,11,8.0,3621.5368614699782,0.2976868923902112,0.0755323624806254,5,0.3253686722436731,0.1818181818181818,0.0018434462432252
257,1,157,11,0,1.0,0.23636363636363636,0.0,11,8.0,478.1456335413081,0.2662668665667166,0.0510029333362595,6,0.2975412912912896,0.2363636363636364,0.0016929032677445
258,1,157,19,3,0.8636363636363636,0.19883040935672514,0.23553719008264462,22,8.0,3298.5122520010227,0.2974874371859296,0.134129137990613,7,0.3378512441012456,0.1558441558441558,0.0030687712820305
259,1,157,21,0,1.0,0.23333333333333334,0.0,21,8.0,2909.225270170842,0.2731467240848969,0.1030517694953394,7,0.3136717074217068,0.2333333333333333,0.0031136613679215
260,1,157,4,0,1.0,0.0,0.0,4,9.0,550.1266534707222,0.2260692464358452,0.0037890253976154,2,0.2433956277706231,0.0,0.000894838410228
261,4,118,1,1,0.5,0.0,0.5,2,9.0,1276.7573981050075,0.2816365366317792,0.0228040153321266,2,0.3007967789217788,0.0,0.0004325561060509
262,1,157,6,0,1.0,0.26666666666666666,0.0,6,8.0,1041.8553514486186,0.2608695652173913,0.0239097661442594,4,0.2871433933933898,0.2666666666666666,0.0011665710032696
263,1,157,2,0,1.0,0.0,0.0,2,8.0,279.16704981453694,0.2566473988439306,0.015139467601359,2,0.2781906906906872,0.0,0.0005517215816487
264,1,157,1,0,1.0,0.0,0.0,1,10.0,0.0,0.1887755102040816,0.0003863316152651,1,0.1976521164021153,0.0,0.0004206395970738
265,1,157,15,4,0.7894736842105263,0.2,0.3324099722991689,19,8.0,1658.68976899181,0.2982868659724555,0.1849377588514246,7,0.3363296332046345,0.1988304093567251,0.0026021993367564
266,1,157,6,0,1.0,0.13333333333333333,0.0,6,9.0,326.0197918153532,0.2453716496269687,0.0148543973410102,4,0.2650597025596991,0.1333333333333333,0.0011350379765677
267,1,157,1,0,1.0,0.0,0.0,1,10.0,0.0,0.1986132856184299,0.0009652312469437,1,0.208508508508506,0.0,0.0003331024091186
268,1,157,2,0,1.0,1.0,0.0,2,9.0,0.0,0.2482527257478333,0.0170085572346006,2,0.2670009295009258,1.0,0.0004122212617226
269,1,157,5,0,1.0,0.4,0.0,5,9.0,889.1467857967859,0.2477678571428571,0.0192324314595212,4,0.268062705562702,0.4,0.0009669029425399
270,1,157,7,0,1.0,0.3333333333333333,0.0,7,8.0,637.824575549517,0.2635796972395369,0.0365396789406437,5,0.2906236593736564,0.3333333333333333,0.0011413464548924
271,1,157,2,1,0.6666666666666666,0.0,0.4444444444444444,3,8.0,219.70074245684347,0.3027616774633481,0.0663002951069998,3,0.3268889425139439,0.3333333333333333,0.0005572453197272
272,2,139,42,50,0.45652173913043476,0.11846689895470383,0.7020321361058601,92,7.0,99943.95880918395,0.3996399639963996,1.0,9,0.4641248391248326,0.0599617773530817,0.0118366150815515
273,1,157,2,0,1.0,0.0,0.0,2,10.0,331.7547283704907,0.2346103038309115,0.0053964102872768,2,0.2483823108823075,0.0,0.0005032545377298
274,1,157,7,1,0.875,0.5714285714285714,0.21875,8,8.0,57.75174531662386,0.2644431209053007,0.0436186957432087,6,0.292800836550834,0.4642857142857143,0.0012290790939251
275,1,157,2,0,1.0,1.0,0.0,2,9.0,0.0,0.2397408207343412,0.0119888623275244,2,0.2552436364936329,1.0,0.0004111661397113
276,1,157,3,0,1.0,0.3333333333333333,0.0,3,8.0,72.81470589622755,0.2585905649388468,0.0180876737023322,3,0.2817272629772594,0.3333333333333333,0.0005857212547549
277,1,157,5,0,1.0,0.3,0.0,5,8.0,422.4307359092212,0.2595732242034493,0.0199686045258597,3,0.2835102960102925,0.3,0.000947860011426
278,1,157,1,0,1.0,0.0,0.0,1,9.0,0.0,0.2283363332476215,0.0069185330803223,1,0.2434434434434391,0.0,0.0002970712168285
279,1,157,6,2,0.75,0.3333333333333333,0.375,8,8.0,828.45503924403,0.3073727933541018,0.1007693518481972,6,0.3355788824538844,0.3214285714285714,0.0011570033895954
280,1,157,12,1,0.9230769230769231,0.21212121212121213,0.14201183431952646,13,8.0,1953.0194269683857,0.2695810564663023,0.0543599564096521,7,0.2992090304590288,0.1923076923076923,0.002069219048365
281,1,157,2,0,1.0,0.0,0.0,2,9.0,4.605699855699855,0.2132052821128451,0.0036018640516303,2,0.2274421743171701,0.0,0.0004685238758749
282,2,139,1,0,1.0,0.0,0.0,1,9.0,0.0,0.2221110555277639,0.0068821114982834,1,0.2358747139997091,0.0,0.0002872405275405
283,1,157,3,2,0.6,0.0,0.5599999999999999,5,9.0,1540.662410445388,0.3004059539918809,0.1037355613852187,4,0.3288748569998586,0.1,0.0008492498039378
284,1,157,15,7,0.6818181818181818,0.2,0.43388429752066116,22,8.0,3861.576253322664,0.3194244604316547,0.220618547281531,7,0.3576697232947268,0.1861471861471861,0.0029423726116886
285,1,157,2,1,0.6666666666666666,0.0,0.4444444444444444,3,9.0,669.6501306823427,0.2163215590742996,0.0076834034370089,2,0.2363345488345441,0.0,0.0006627619988942
286,6,66,1,0,1.0,0.0,0.0,1,12.0,0.0,0.1469955305413011,5.502839078080871e-06,1,0.1522295022295005,0.0,0.0005986283309621
287,1,157,2,0,1.0,0.0,0.0,2,9.0,1.3083997873471558,0.2389666307857911,0.0099130660509209,2,0.2542033104533069,0.0,0.0004359775806659
288,1,157,10,3,0.7692307692307693,0.13333333333333333,0.3550295857988165,13,8.0,651.938191913352,0.2894393741851369,0.1148319274220181,7,0.3226860789360794,0.1923076923076923,0.0018055313908355
289,1,157,10,1,0.9090909090909091,0.3333333333333333,0.16528925619834722,11,8.0,971.3416024557556,0.3002028397565923,0.0965296008102199,7,0.3297230265980279,0.3272727272727272,0.0015826172103813
290,1,157,2,0,1.0,0.0,0.0,2,9.0,3.620404595404595,0.2115796997855611,0.0028147453100801,2,0.2268455955955915,0.0,0.0004558708791769
291,1,157,1,1,0.5,0.0,0.5,2,9.0,33.9496134134242,0.2149080348499516,0.0035732000300465,2,0.2293740168740124,0.0,0.0004759781628728
292,1,157,1,0,1.0,0.0,0.0,1,9.0,0.0,0.2288659793814433,0.0055654732785377,1,0.2450687294437253,0.0,0.0003076903826242
293,1,157,1,0,1.0,0.0,0.0,1,9.0,0.0,0.2288659793814433,0.0055654732785377,1,0.2450687294437253,0.0,0.0003076903826242
294,3,119,1,0,1.0,0.0,0.0,1,10.0,0.0,0.1992371550370204,0.001488243056666,1,0.2097494816244791,0.0,0.000372923361978
295,1,157,1,0,1.0,0.0,0.0,1,9.0,0.0,0.2069447681193195,0.0011999758552698,1,0.21913565351065,0.0,0.0003339931343501
296,3,119,2,3,0.4,0.0,0.6399999999999999,5,9.0,302.26622696083825,0.2751781840718934,0.098365796791729,4,0.2992389711139702,0.4,0.0007606258722106
297,5,117,2,2,0.5,0.0,0.5,4,8.0,697.2034241424293,0.2623338257016248,0.0207648880738923,3,0.2857062419562386,0.3333333333333333,0.000797555087352
298,1,157,15,1,0.9375,0.19047619047619047,0.1171875,16,8.0,820.4523067929855,0.2766355140186916,0.0946221441198193,7,0.3108912483912475,0.175,0.0022758046258939
299,1,157,1,1,0.5,0.0,0.5,2,8.0,36.895114654788415,0.2874716736808028,0.0549365533590895,2,0.3093401437151437,0.0,0.0003989910602821
300,1,157,3,3,0.5,0.0,0.5,6,8.0,248.45673330126587,0.2666666666666666,0.0383294524580753,4,0.2893447018446992,0.1333333333333333,0.000972995390238
301,2,139,1,0,1.0,0.0,0.0,1,10.0,0.0,0.2060802970526804,0.0013904531450954,1,0.2155910374660342,0.0,0.0003378856200101
302,1,157,4,0,1.0,0.0,0.0,4,8.0,121.97653384178086,0.261099676565716,0.02246680275059,4,0.2853120978120942,0.0,0.0007153517109808
303,1,157,1,0,1.0,0.0,0.0,1,9.0,0.0,0.2407156410951477,0.0074036386458391,1,0.2552731302731268,0.0,0.0002957099747292
304,1,157,1,0,1.0,0.0,0.0,1,9.0,0.0,0.2334384858044164,0.0041273131613074,1,0.2453632203632166,0.0,0.0003120078480327
305,1,157,4,5,0.4444444444444444,0.16666666666666666,0.5925925925925926,9,7.0,2522.3292761357325,0.2993931220498989,0.0673796254958224,5,0.3267481767481777,0.1111111111111111,0.0015881335376681
306,1,157,2,0,1.0,0.0,0.0,2,9.0,54.38740745203924,0.2298731555785658,0.0050606858782667,2,0.2425318175318133,0.0,0.0005986911136625
307,1,157,4,2,0.6666666666666666,0.16666666666666666,0.5,6,8.0,655.1427742133752,0.3045267489711934,0.0774376155253344,4,0.3306426962676979,0.2,0.0010146338097804
308,1,157,3,0,1.0,0.3333333333333333,0.0,3,9.0,6.809815958035773,0.2399351526614428,0.0118045225108593,3,0.2554045116545082,0.3333333333333333,0.0005981957565458
309,4,118,1,1,0.5,0.0,0.5,2,8.0,82.0336439533455,0.2865440464666021,0.0520462879948668,2,0.3077447983697983,0.0,0.0004273280305749
310,2,139,5,3,0.625,0.1,0.46875,8,8.0,466.5285772281716,0.2730627306273063,0.0489755992956822,6,0.2984381703131689,0.0714285714285714,0.0011838900832214
311,4,118,2,0,1.0,0.0,0.0,2,11.0,887.0000000000001,0.1886151231945624,0.0002939420543969,1,0.1966681372931362,0.0,0.0009875689301133
312,4,118,1,0,1.0,0.0,0.0,1,12.0,0.0,0.1587131367292225,1.4752271770323363e-05,1,0.1636342105092102,0.0,0.000588445704185
313,1,157,8,0,1.0,0.17857142857142858,0.0,8,9.0,238.51185188028552,0.2550991094513071,0.022781516216362,5,0.2773961461461429,0.1785714285714285,0.0013142333631844
314,1,157,2,0,1.0,0.0,0.0,2,9.0,85.00079729530799,0.2148560367771594,0.0054259140520038,2,0.2328247890747846,0.0,0.0005492017827996
315,2,139,4,3,0.5714285714285714,0.0,0.5714285714285714,7,8.0,1040.4467083726397,0.2831632653061224,0.0947273611853977,6,0.309377681252681,0.0476190476190476,0.0011270885936279
316,1,157,17,1,0.9444444444444444,0.22794117647058823,0.1049382716049383,18,8.0,2785.430235739008,0.3125659978880676,0.1442584077912663,7,0.3474970506220533,0.2483660130718954,0.0025736846839151
317,2,139,1,2,0.3333333333333333,0.0,0.6666666666666667,3,9.0,120.2930686079445,0.2238467355684396,0.0025954926910409,3,0.2366335085085037,0.0,0.0006963090562071
318,1,157,8,0,1.0,0.2857142857142857,0.0,8,9.0,205.44509128037703,0.2540772532188841,0.0346049085515055,5,0.2773478835978802,0.2857142857142857,0.0012230504696197
319,1,157,1,0,1.0,0.0,0.0,1,9.0,0.0,0.2445607270724318,0.0102311418858885,1,0.2592092092092058,0.0,0.000294170320467
320,3,119,3,2,0.6,0.6666666666666666,0.48,5,9.0,78.33984863529207,0.2862669245647969,0.0881473490826157,4,0.3178575897325904,0.6,0.0008159455347485
321,2,139,10,9,0.5263157894736842,0.28888888888888886,0.5817174515235458,19,8.0,3826.704656171885,0.3223230490018149,0.2379983418057911,7,0.358889693264697,0.1812865497076023,0.0024699944170974
322,1,157,2,0,1.0,0.0,0.0,2,8.0,887.0,0.2242424242424242,0.0041867811913467,1,0.2372131059631011,0.0,0.0007053482538904
323,2,139,5,2,0.7142857142857143,0.2,0.40816326530612246,7,8.0,364.7163183608287,0.2868217054263566,0.0776872903544007,6,0.3152710746460747,0.1428571428571428,0.0009951342575066
324,1,157,2,0,1.0,1.0,0.0,2,9.0,0.0,0.2435545803620405,0.0116363983606941,2,0.2604613542113505,1.0,0.0004417294941741
325,4,118,3,1,0.75,0.3333333333333333,0.375,4,9.0,124.75583185920084,0.243889041472123,0.0153022158403708,3,0.2673883705133664,0.3333333333333333,0.0007639553373117
326,2,139,3,2,0.6,0.0,0.5599999999999999,5,8.0,198.9497036572615,0.2403247631935047,0.0104638926380781,4,0.2577032389532351,0.0,0.000887009932982
327,1,157,4,5,0.4444444444444444,0.6666666666666666,0.5925925925925926,9,8.0,1365.148686982439,0.2708142726440988,0.0324466681989017,5,0.2963467932217917,0.1944444444444444,0.0015966671588227
328,2,139,1,0,1.0,0.0,0.0,1,9.0,0.0,0.2389023405972558,0.0124606328003252,1,0.253077184327181,0.0,0.0002927666807038
329,2,139,2,1,0.6666666666666666,0.0,0.4444444444444444,3,8.0,64.48135093140881,0.2796850393700787,0.0432917281389653,3,0.3026222651222646,0.0,0.0005126842696159
330,1,157,2,0,1.0,0.0,0.0,2,9.0,3.4033780715283544,0.2349206349206349,0.0074546892251609,2,0.2500017875017838,0.0,0.0004551976786948
331,1,157,1,0,1.0,0.0,0.0,1,9.0,0.0,0.2288659793814433,0.0055654732785377,1,0.2450687294437253,0.0,0.0003076903826242
332,5,117,2,1,0.6666666666666666,0.0,0.4444444444444444,3,9.0,890.2830086580085,0.2151684031984492,0.0027443054041621,2,0.2296930859430815,0.0,0.0008246312612732
333,1,157,3,1,0.75,0.0,0.375,4,8.0,118.359359259012,0.274922600619195,0.033251175520682,4,0.2970278314028303,0.0,0.0006943869856931
334,1,157,4,0,1.0,0.3333333333333333,0.0,4,8.0,448.6952824753792,0.2567215958369471,0.019784313780573,3,0.2794106606606572,0.3333333333333333,0.000793526090044
335,1,157,2,3,0.4,0.0,0.48,5,8.0,57.94290883649632,0.2642070812258256,0.045804750602352,5,0.2883794508794478,0.4,0.0007360894782517
336,1,157,15,1,0.9375,0.1523809523809524,0.1171875,16,9.0,1699.5117646072242,0.2737361282367447,0.0855471054318597,6,0.3048521736021726,0.1333333333333333,0.0024165668098171
337,5,117,1,0,1.0,0.0,0.0,1,10.0,0.0,0.1771041084962106,0.0001377303401719,1,0.1848956098956106,0.0,0.0004023744329143
338,3,119,2,0,1.0,0.0,0.0,2,9.0,887.0000000000001,0.2750077423350883,0.0492303034751584,1,0.3006761225511222,0.0,0.0006734515488142
339,1,157,1,0,1.0,0.0,0.0,1,10.0,0.0,0.2255524511049022,0.0036897745404547,1,0.2380621693121651,0.0,0.0003309171098604
340,1,157,5,0,1.0,0.2,0.0,5,8.0,825.2081649618049,0.257914609352309,0.0171809377705505,3,0.2819069069069033,0.2,0.0010029060806726
341,1,157,4,0,1.0,0.16666666666666666,0.0,4,8.0,290.5756128022221,0.2357939458311205,0.0072499217497815,3,0.2540433290433249,0.1666666666666666,0.0008139147236632
342,4,118,2,2,0.5,0.0,0.5,4,9.0,442.5035822588379,0.2877511341542449,0.0507811440785213,4,0.3095242563992568,0.0,0.0006723768177758
343,1,157,9,0,1.0,0.19444444444444445,0.0,9,9.0,1090.6650414314352,0.2558340535868625,0.032154594085524,5,0.2795250607750575,0.1944444444444444,0.0014750162276861
344,0,173,4,0,1.0,0.16666666666666666,0.0,4,10.0,50.52326494497591,0.2293388429752066,0.0100156016861984,4,0.2499722937222896,0.1666666666666666,0.0007459516734007
345,3,119,1,0,1.0,0.0,0.0,1,9.0,0.0,0.2367368701679552,0.0217511506025019,1,0.255172583297579,0.0,0.0002798645827047
346,1,157,4,2,0.6666666666666666,0.16666666666666666,0.4444444444444444,6,8.0,252.63467471064257,0.2995951417004048,0.1076049661652151,6,0.3267200235950247,0.2,0.0008927148058546
347,2,139,3,2,0.6,0.6666666666666666,0.48,5,8.0,71.59407137134255,0.3049450549450549,0.1375791380703239,5,0.3326884920634937,0.4,0.0007309241716033
348,1,157,2,0,1.0,0.0,0.0,2,8.0,30.609483684287277,0.2699088145896656,0.0249842778719824,2,0.2913046975546955,0.0,0.0004252523050419
349,1,157,5,1,0.8333333333333334,0.3,0.2777777777777777,6,9.0,66.61952431837922,0.2518434486670448,0.0304899220101751,5,0.2735699985699951,0.2,0.0009778959478975
350,1,157,15,0,1.0,0.23809523809523808,0.0,15,9.0,1370.043824407661,0.2606398591135896,0.0567378182548874,6,0.2900918775918743,0.2380952380952381,0.0023183824779937
351,4,118,0,2,0.0,0.0,0.0,2,9.0,2.6633819396977283,0.2449655172413793,0.0123173018852443,2,0.2606664700414668,0.0,0.0004246542901168
352,2,139,1,2,0.3333333333333333,0.0,0.6666666666666667,3,8.0,137.19554057339735,0.2646795827123696,0.0318850020768008,3,0.2835411304161273,0.3333333333333333,0.0005416693019888
353,3,119,1,3,0.25,0.0,0.375,4,9.0,3.4120169672492584,0.2655502392344497,0.0868469989430983,4,0.2880608286858258,0.8333333333333334,0.0005904079160549
354,1,157,1,0,1.0,0.0,0.0,1,9.0,0.0,0.2241292276627965,0.002929388561138,1,0.2358823108823061,0.0,0.0003318462596828
355,1,157,13,3,0.8125,0.14102564102564102,0.3203125,16,8.0,5662.17213546298,0.30546955624355,0.1186759889257974,6,0.3393701737451757,0.125,0.0026163550979312
356,1,157,1,0,1.0,0.0,0.0,1,10.0,0.0,0.1762254415558642,0.0001428875674807,1,0.1847897004147013,0.0,0.000374883145283
357,1,157,4,2,0.6666666666666666,0.0,0.4444444444444444,6,8.0,994.0507761644706,0.2661072819898112,0.0380510402533248,4,0.2900579150579124,0.1333333333333333,0.001067888732095
358,1,157,2,0,1.0,0.0,0.0,2,9.0,7.753782188951579,0.2264150943396226,0.0059886626734732,2,0.2421917453167406,0.0,0.0004415126490053
359,1,157,1,0,1.0,0.0,0.0,1,8.0,0.0,0.2560553633217993,0.0147531359860938,1,0.2766891891891858,0.0,0.000299810893462
360,2,139,8,3,0.7272727272727273,0.2857142857142857,0.44628099173553726,11,8.0,2718.0846260759504,0.3314669652855543,0.2106199770231096,7,0.3637695731445759,0.2363636363636364,0.0015146223678726
361,2,139,6,0,1.0,0.0,0.0,6,9.0,1402.2230915249118,0.2594973699590882,0.0277050653875921,3,0.2794204919204888,0.0,0.0011940473726341
362,1,157,2,0,1.0,0.0,0.0,2,8.0,94.32352121992209,0.256203115983843,0.0152897690701041,2,0.2774399399399365,0.0,0.0005148995634668
363,1,157,9,5,0.6428571428571429,0.19444444444444445,0.4591836734693877,14,8.0,2430.333010288137,0.3173695496783417,0.1977609897282704,7,0.3508941977692009,0.2197802197802197,0.0019522549510788
364,1,157,2,0,1.0,0.0,0.0,2,8.0,30.540243695924875,0.2564250649725671,0.0162833546432117,2,0.2779091591591557,0.0,0.0004383461527472
365,3,119,1,0,1.0,0.0,0.0,1,9.0,0.0,0.2453716496269687,0.0160000508584374,1,0.2608407514657478,0.0,0.0002851548595813
366,3,119,1,2,0.3333333333333333,0.0,0.6666666666666667,3,8.0,246.91668325981857,0.2842509603072983,0.0544310282682443,3,0.3093977906477904,0.0,0.0005561308258965
367,2,139,8,3,0.7272727272727273,0.14285714285714285,0.44628099173553726,11,8.0,1456.443689257011,0.3028649386084583,0.1379576499079738,7,0.334602906477908,0.1454545454545454,0.0015267655506299
368,3,119,1,4,0.2,0.0,0.72,5,8.0,233.35941611062307,0.2891566265060241,0.0820304011780944,5,0.3127185220935221,0.2,0.0007526950487537
369,2,139,7,9,0.4375,0.38095238095238093,0.6328125,16,8.0,1674.3983100713374,0.3259911894273127,0.2770810704315232,7,0.3614878271128302,0.2,0.0020476644475838
370,3,119,1,2,0.3333333333333333,0.0,0.6666666666666667,3,9.0,340.5455771904181,0.2664266426642664,0.0450747009891119,3,0.2894242456742432,0.0,0.0005396257401561
371,2,139,9,4,0.6923076923076923,0.19444444444444445,0.46153846153846156,13,8.0,1279.9895476865186,0.2854387656702025,0.1371274895074257,7,0.3174683612183613,0.1282051282051282,0.0018125306382313
372,1,157,3,0,1.0,0.3333333333333333,0.0,3,8.0,29.65665967967468,0.2462562396006655,0.0131499698662385,3,0.2648568211068176,0.3333333333333333,0.0005974805899793
373,2,139,2,0,1.0,0.0,0.0,2,9.0,8.050917526889625,0.2704843131282363,0.0421853852156936,2,0.2900610431860412,0.0,0.0003985078733414
374,1,157,2,2,0.5,0.0,0.5,4,9.0,336.0179770919553,0.2559077809798271,0.0199843040308067,3,0.2737898612898582,0.0,0.0007354768318091
375,6,66,3,0,1.0,0.0,0.0,3,11.0,2657.0,0.1722933643771827,0.0001096452023667,1,0.1810686091936105,0.0,0.0015172920779129
376,2,139,5,2,0.7142857142857143,0.2,0.44897959183673464,7,8.0,682.68685852181,0.2819047619047619,0.0582504348960056,6,0.3056721900471896,0.0952380952380952,0.0010411323432315
377,2,139,1,0,1.0,0.0,0.0,1,8.0,0.0,0.2351072279586973,0.0069423920839134,1,0.247531906906903,0.0,0.0002927780474807
378,2,139,2,1,0.6666666666666666,0.0,0.4444444444444444,3,9.0,21.46031806592398,0.2434877981902934,0.0167121212853842,3,0.2603862791362756,0.0,0.000553766125657
379,3,119,20,15,0.5714285714285714,0.07368421052631578,0.5697959183673469,35,8.0,14271.400538151373,0.3345892991710625,0.4141452326927367,9,0.3812325718575727,0.080672268907563,0.0047999551504255
380,2,139,6,5,0.5454545454545454,0.4,0.6115702479338844,11,8.0,955.135938105117,0.310598111227702,0.1876244412047227,7,0.3425045581295604,0.2363636363636364,0.001444046920109
381,1,157,1,0,1.0,0.0,0.0,1,10.0,0.0,0.2068001863064741,0.0028475398536216,1,0.2197322322322287,0.0,0.0003001039159732
382,1,157,2,0,1.0,0.0,0.0,2,10.0,7.363317922636135,0.2208955223880597,0.0052963773281486,2,0.2353572322322273,0.0,0.0004533978474176
383,2,139,3,0,1.0,0.0,0.0,3,8.0,16.19552258480404,0.2482527257478333,0.0132792531216187,3,0.2634344165594132,0.0,0.0006151993963704
384,2,139,8,1,0.8888888888888888,0.35714285714285715,0.19753086419753085,9,8.0,1448.1849853137148,0.2939424031777557,0.170197463681861,7,0.3222342878592884,0.2777777777777778,0.0012972214182717
385,2,139,17,5,0.7727272727272727,0.15441176470588236,0.35123966942148765,22,8.0,2615.7384465016025,0.310598111227702,0.2290146961982981,7,0.3468213749463774,0.1212121212121212,0.002832075055509
386,3,119,2,1,0.6666666666666666,0.0,0.4444444444444444,3,8.0,279.892255921358,0.2849807445442875,0.0775634442986855,3,0.3086081617331615,0.3333333333333333,0.0005432906735211
387,2,139,3,3,0.5,1.0,0.6111111111111112,6,8.0,716.8484601614846,0.3110332749562172,0.1576506483698825,5,0.3402710746460769,0.5333333333333333,0.0009273887711195
388,1,157,4,2,0.6666666666666666,0.0,0.4444444444444444,6,8.0,2702.6351050902645,0.2966922819913131,0.0954092947128475,3,0.3232665701415709,0.0666666666666666,0.0013874219794292
389,0,173,2,1,0.6666666666666666,0.0,0.4444444444444444,3,9.0,47.15613649028121,0.2479061976549413,0.0094349438222124,3,0.2649068711568679,0.0,0.0005921402946444
390,3,119,3,1,0.75,0.3333333333333333,0.375,4,8.0,11.764923626349033,0.2687651331719128,0.0852004661278634,4,0.291836926211924,0.1666666666666666,0.0006025240727309
391,2,139,12,2,0.8571428571428571,0.3333333333333333,0.24489795918367352,14,8.0,470.25746030749633,0.3170296322741878,0.3022919090851214,9,0.350706510081513,0.3186813186813187,0.0016868185657058
392,2,139,18,4,0.8181818181818182,0.1895424836601307,0.2975206611570247,22,7.0,1618.9024489064277,0.3076923076923077,0.3537588359863765,9,0.3467932217932239,0.1861471861471861,0.002612786571165
393,2,139,1,0,1.0,0.0,0.0,1,9.0,0.0,0.2207307979120059,0.0084867215396258,1,0.233324395824391,0.0,0.0002911889989924
394,1,157,2,2,0.5,0.0,0.5,4,8.0,134.68338415802623,0.2549526270456503,0.0213965522507722,4,0.2764988202488167,0.0,0.0006791445985378
395,2,139,12,2,0.8571428571428571,0.045454545454545456,0.2551020408163267,14,8.0,4663.379248487341,0.3240875912408759,0.1987811415571928,7,0.3577260296010332,0.0549450549450549,0.0020693320523869
396,4,118,0,1,0.0,0.0,0.0,1,10.0,0.0,0.2126946107784431,0.0023666890623762,1,0.2241625554125513,0.0,0.0003439435847455
397,3,119,6,7,0.46153846153846156,0.2,0.5680473372781064,13,8.0,1234.836673527522,0.2994940978077571,0.1850112072456512,7,0.330924227799229,0.2051282051282051,0.0017662507998679
398,2,139,32,24,0.5714285714285714,0.15725806451612903,0.5848214285714286,56,8.0,15313.048356959138,0.3475538160469667,0.7485592275727353,9,0.4041787323037307,0.1045454545454545,0.0069552265832753
399,2,139,1,0,1.0,0.0,0.0,1,9.0,0.0,0.2156910371629827,0.0051259946450275,1,0.2281902438152394,0.0,0.0002981856966353
400,3,119,2,0,1.0,1.0,0.0,2,9.0,0.0,0.2764632627646326,0.0628563338241854,2,0.3026656120406119,1.0,0.0003986634142876
401,1,157,1,0,1.0,0.0,0.0,1,9.0,0.0,0.2371794871794871,0.0064461034465647,1,0.2494628557128522,0.0,0.0003055868797675
402,4,118,3,4,0.42857142857142855,0.0,0.6122448979591837,7,9.0,1428.67926818791,0.2803915377328702,0.0503989492787174,5,0.3072988166738161,0.1904761904761904,0.0012672874163973
403,2,139,11,4,0.7333333333333333,0.2727272727272727,0.42666666666666675,15,8.0,3232.3347769908173,0.3137809187279152,0.2482806757793264,7,0.3483979515229543,0.219047619047619,0.0021889018555917
404,1,157,2,3,0.4,0.0,0.6399999999999999,5,9.0,1043.8811424365176,0.2911475409836065,0.073519517913532,3,0.3190024846274854,0.1,0.0009540482410205
405,3,119,5,4,0.5555555555555556,0.3,0.6172839506172839,9,8.0,2551.67161546546,0.3012211668928087,0.1186455015017846,6,0.3315435971685987,0.1666666666666666,0.0013478140450487
406,4,118,2,4,0.3333333333333333,0.0,0.6111111111111112,6,9.0,2966.8106489707525,0.3020408163265306,0.1161111782450095,4,0.3313335657085675,0.0666666666666666,0.0011389079317449
407,2,139,10,8,0.5555555555555556,0.17777777777777778,0.537037037037037,18,7.0,2404.1772219610166,0.3215061549601737,0.2615374683417205,8,0.3554831617331651,0.1568627450980392,0.0023095537177117
408,0,173,1,0,1.0,0.0,0.0,1,9.0,0.0,0.2014062145611249,0.0007807914447957,1,0.2098906942656916,0.0,0.0003598231594255
409,2,139,16,5,0.7619047619047619,0.25,0.38095238095238104,21,8.0,2080.2361580896086,0.3120168657765285,0.2898977875918126,8,0.3499369905619933,0.1666666666666666,0.0025103154006638
410,2,139,3,0,1.0,0.0,0.0,3,9.0,888.9553571428569,0.2472848788638262,0.0190367090555777,2,0.2634589947089914,0.0,0.0007297093631811
411,2,139,4,0,1.0,0.3333333333333333,0.0,4,9.0,34.961610109401924,0.2472160356347438,0.0286310087538812,3,0.2657970470470436,0.3333333333333333,0.0006651474553265
412,3,119,4,4,0.5,0.0,0.59375,8,9.0,2141.827135133772,0.2774133083411434,0.039427534136562,4,0.3023545867295864,0.0,0.0015130457972612
413,4,118,2,0,1.0,0.0,0.0,2,9.0,27.62363467830512,0.228395061728395,0.0051684608579,2,0.244369816244812,0.0,0.0004685885169221
414,2,139,13,3,0.8125,0.11538461538461539,0.328125,16,7.0,7080.410186425066,0.3072664359861591,0.1383285925955616,6,0.3378110253110271,0.0916666666666666,0.0023350426088233
415,2,139,36,13,0.7346938775510204,0.16031746031746033,0.40899625156184916,49,8.0,8471.290088643218,0.3418013856812933,0.7378228231052829,9,0.3951589982839976,0.1522108843537415,0.0059438839184823
416,2,139,9,0,1.0,0.1388888888888889,0.0,9,8.0,1198.1566943711289,0.274922600619195,0.1021364993979619,6,0.3029976404976393,0.1388888888888889,0.0013707189291011
417,2,139,5,3,0.625,0.1,0.53125,8,7.0,1425.500237744789,0.2694174757281553,0.0484341075096123,5,0.2927767052767035,0.0714285714285714,0.0013645959763625
418,0,173,2,3,0.4,0.0,0.6399999999999999,5,8.0,1432.3638758066627,0.252129471890971,0.0155574304020536,3,0.2696830759330728,0.0,0.001124083826698
419,2,139,2,2,0.5,0.0,0.5,4,8.0,126.9420302164212,0.2588166715243369,0.0217983667834438,4,0.2777643715143684,0.0,0.000696595652142
420,2,139,12,2,0.8571428571428571,0.30303030303030304,0.24489795918367352,14,9.0,551.6586353222842,0.3100558659217877,0.3070998600386295,9,0.347043025168028,0.3186813186813187,0.0017098301666708
421,4,118,1,0,1.0,0.0,0.0,1,9.0,0.0,0.2179141104294478,0.0017501443406777,1,0.2296953203203156,0.0,0.000328521523331
422,4,118,4,2,0.6666666666666666,0.3333333333333333,0.4444444444444444,6,8.0,166.77294495026374,0.2787193973634652,0.0559133357900899,4,0.3023206241956234,0.1333333333333333,0.0009654728838566
423,1,157,2,0,1.0,0.0,0.0,2,9.0,4.155738913652288,0.2411077925604127,0.0106925247600693,2,0.2553937866437832,0.0,0.0005060909882472
424,3,119,10,4,0.7142857142857143,0.2,0.4387755102040817,14,8.0,800.7925202958136,0.2863592389551757,0.1379638373456647,7,0.3175233268983269,0.1318681318681318,0.0018993034848065
425,2,139,10,1,0.9090909090909091,0.15555555555555556,0.16528925619834722,11,8.0,968.4993164930004,0.2970893275342924,0.14994722046545,7,0.3265511046761056,0.1272727272727272,0.0015321212826903
426,3,119,2,2,0.5,1.0,0.5,4,8.0,3.5095598727555104,0.2765493615696044,0.109812749712362,4,0.301832636207635,0.6666666666666666,0.000593837561182
427,2,139,10,0,1.0,0.3111111111111111,0.0,10,7.0,1015.155738199832,0.3029682702149437,0.181956096397475,6,0.3334861647361662,0.3111111111111111,0.0013821908882135
428,2,139,2,0,1.0,0.0,0.0,2,8.0,26.334026439587845,0.2872856680685862,0.0626483196237667,2,0.3090210746460746,0.0,0.0004021267113483
429,2,139,8,2,0.8,0.17857142857142858,0.31999999999999984,10,8.0,658.8306535345548,0.3134486410165902,0.1914086474313868,7,0.3455638674388699,0.1777777777777777,0.0013318392176675
430,3,119,31,71,0.30392156862745096,0.06881720430107527,0.7208765859284891,102,8.0,74204.65769870007,0.378839590443686,0.9784531844851422,9,0.4554442835692774,0.0460104834012813,0.0141622434437108
431,5,117,0,1,0.0,0.0,0.0,1,8.0,0.0,0.2304697638203997,0.0033816275426651,1,0.2421573359073316,0.0,0.0003187192985556
432,2,139,19,5,0.7916666666666666,0.17543859649122806,0.35763888888888895,24,7.0,4722.72195996121,0.3072664359861591,0.2459202765667289,8,0.344672350922353,0.108695652173913,0.0031328296252918
433,2,139,15,2,0.8823529411764706,0.2857142857142857,0.20761245674740492,17,8.0,396.8163464803134,0.30546955624355,0.2920683926292614,8,0.3405713749463769,0.25,0.002010134529376
434,3,119,2,1,0.6666666666666666,0.0,0.4444444444444444,3,9.0,142.08794388518675,0.2547332185886403,0.0232263275199949,3,0.2741370835120801,0.0,0.0005876429808275
435,2,139,3,1,0.75,0.3333333333333333,0.375,4,8.0,35.00781224292089,0.265788686022149,0.0595028267444795,4,0.2893152080652053,0.1666666666666666,0.0006340823734061
436,2,139,10,2,0.8333333333333334,0.26666666666666666,0.29166666666666663,12,8.0,360.28121870081645,0.2877511341542449,0.1391355181770456,7,0.316697501072501,0.1969696969696969,0.0014998994899808
437,2,139,4,3,0.5714285714285714,0.3333333333333333,0.48979591836734704,7,8.0,87.11036754369395,0.28416,0.1477692072209672,7,0.3124825718575715,0.2857142857142857,0.0009353132335438
438,4,118,6,1,0.8571428571428571,0.06666666666666667,0.24489795918367352,7,9.0,1486.2841649191423,0.2806573957016435,0.0296270846426767,5,0.3041000822250819,0.0476190476190476,0.0011446566272993
439,3,119,2,1,0.6666666666666666,1.0,0.4444444444444444,3,9.0,8.927146225422089,0.2781954887218045,0.0687961273932315,3,0.3057624588874588,0.6666666666666666,0.0005653617559188
440,2,139,5,0,1.0,0.1,0.0,5,8.0,277.39179882743304,0.2884990253411306,0.0837429037321974,4,0.3126622157872158,0.1,0.000764769437262
441,2,139,10,0,1.0,0.3333333333333333,0.0,10,7.0,295.5970717388234,0.3012211668928087,0.2020085828564495,7,0.3314403689403702,0.3333333333333333,0.0013258854266665
442,0,173,1,1,0.5,0.0,0.5,2,8.0,124.06828537963167,0.253280091272105,0.0150544020677635,2,0.2699297511797483,0.0,0.0004240449431322
443,3,119,2,0,1.0,0.0,0.0,2,9.0,366.1754349638082,0.2751781840718934,0.0496573079384581,2,0.3009576540826537,0.0,0.0005009951839178
444,2,139,6,0,1.0,0.13333333333333333,0.0,6,8.0,479.0798651524194,0.2607163828537874,0.0417909220672547,5,0.2797243672243642,0.1333333333333333,0.0009492506254372
445,2,139,1,0,1.0,0.0,0.0,1,10.0,0.0,0.1983028137561411,0.0009554083922303,1,0.2065029315029292,0.0,0.0003754798951215
446,2,139,28,4,0.875,0.1349206349206349,0.2265625,32,8.0,5373.494436685759,0.3342115167482122,0.4622827558134081,9,0.3766637172887189,0.1330645161290322,0.0038502741906812
447,2,139,23,13,0.6388888888888888,0.2490118577075099,0.4614197530864198,36,8.0,6535.677746427821,0.3393198318685518,0.6063251804321759,9,0.3855413449163453,0.1936507936507936,0.0042393051452994
448,2,139,23,3,0.8846153846153846,0.1976284584980237,0.20414201183431957,26,8.0,2397.3893020602018,0.3087621696801113,0.4063817269428956,9,0.3493176211926236,0.1753846153846154,0.0032521048607571
449,3,119,2,1,0.6666666666666666,1.0,0.4444444444444444,3,8.0,5.9113496644280925,0.2652329749103942,0.0578205300502747,3,0.2860293329043299,0.3333333333333333,0.0005029257266163
450,2,139,11,1,0.9166666666666666,0.2727272727272727,0.1527777777777779,12,8.0,215.6543503780368,0.2850722311396468,0.1906737484788569,8,0.3151209244959244,0.2424242424242424,0.0015052005504142
451,0,173,15,4,0.7894736842105263,0.047619047619047616,0.3601108033240997,19,9.0,10260.455587016311,0.3122362869198312,0.1240718527335507,6,0.3508906227656259,0.0526315789473684,0.0033236006814728
452,2,139,22,4,0.8461538461538461,0.17316017316017315,0.2692307692307693,26,8.0,2193.4876283715794,0.3049450549450549,0.4134900540252849,9,0.3475158193908215,0.163076923076923,0.0031550642383571
453,2,139,2,0,1.0,0.0,0.0,2,8.0,2.807738866272373,0.2568701185999421,0.0286078830127391,2,0.2735119047619017,0.0,0.0004023998905119
454,2,139,14,2,0.875,0.2857142857142857,0.2265625,16,8.0,948.5253129193457,0.3126760563380282,0.2905064383267902,8,0.348510564135567,0.2833333333333333,0.0019457318059171
455,2,139,12,2,0.8571428571428571,0.3939393939393939,0.24489795918367352,14,9.0,276.96534364490606,0.3097314265783048,0.3166621501035737,9,0.3458498677248705,0.4065934065934066,0.0017094470308096
456,4,118,2,0,1.0,0.0,0.0,2,9.0,75.65788853179977,0.2611764705882353,0.0208744348422065,2,0.2815990097240066,0.0,0.0004743698059246
457,2,139,20,1,0.9523809523809523,0.24736842105263157,0.09070294784580502,21,8.0,609.667657194505,0.3121265377855887,0.3918965151133127,9,0.3506689725439752,0.2523809523809524,0.0024791256171849
458,3,119,5,5,0.5,0.2,0.58,10,8.0,167.2811109808917,0.2916256157635468,0.2121793606849099,8,0.3229555448305453,0.5777777777777778,0.0012511996221466
459,2,139,7,1,0.875,0.19047619047619047,0.21875,8,8.0,1063.0463830993428,0.3201153568853641,0.18347811214028,7,0.3499745280995312,0.2142857142857142,0.0010792169461429
460,2,139,10,0,1.0,0.35555555555555557,0.0,10,9.0,92.73035469592268,0.2833439693682195,0.1881934077076614,8,0.3124334155584153,0.3555555555555555,0.0012295245464306
461,2,139,6,3,0.6666666666666666,0.13333333333333333,0.49382716049382713,9,7.0,1847.9208365327736,0.3178239083750895,0.1737390539085717,6,0.3499731874731903,0.1666666666666666,0.0013107880887808
462,2,139,8,2,0.8,0.5357142857142857,0.31999999999999984,10,8.0,224.0230551306101,0.3163519771998575,0.2502584406859622,8,0.3482290326040354,0.4444444444444444,0.0012398546340457
463,2,139,9,2,0.8181818181818182,0.3333333333333333,0.2975206611570247,11,8.0,401.0186148772152,0.2837967401725791,0.1842136452603551,7,0.3160593629343629,0.2363636363636364,0.0014048077754305
464,2,139,10,0,1.0,0.3111111111111111,0.0,10,8.0,140.99889887372242,0.2980866062437059,0.1705168656714724,7,0.3272080115830125,0.3111111111111111,0.0012731506951933
465,2,139,15,3,0.8333333333333334,0.21904761904761905,0.2777777777777777,18,8.0,738.4155409350009,0.3077989601386481,0.3442381337396507,9,0.3475345881595906,0.2549019607843137,0.0021822494339917
466,0,173,1,1,0.5,0.0,0.5,2,9.0,4.543462546308846,0.2460515378221114,0.0092617702297361,2,0.2593928750178718,0.0,0.0004610362416017
467,2,139,2,1,0.6666666666666666,0.0,0.4444444444444444,3,8.0,212.3741322481789,0.2359819293117193,0.0168367903664434,2,0.251984126984123,0.0,0.0006068970436318
468,4,118,3,4,0.42857142857142855,0.0,0.6122448979591837,7,8.0,2255.379453699911,0.2883116883116883,0.0620154164908926,5,0.3154882561132563,0.0476190476190476,0.0012245888732143
469,3,119,3,4,0.42857142857142855,0.6666666666666666,0.653061224489796,7,8.0,291.24162278092825,0.2926829268292683,0.1306677511059866,7,0.321933987558988,0.3333333333333333,0.0009627407863943
470,2,139,12,7,0.631578947368421,0.19696969696969696,0.5263157894736843,19,8.0,2997.7600938376463,0.3223230490018149,0.2577788516689218,7,0.3569377413127449,0.1461988304093567,0.0023921795728206
471,2,139,1,1,0.5,0.0,0.5,2,9.0,0.0,0.2757763975155279,0.064998842812575,2,0.3018960925210923,1.0,0.0003905354596929
472,3,119,0,1,0.0,0.0,0.0,1,9.0,0.0,0.2604869463185685,0.0202846905683424,1,0.2800412019161987,0.0,0.000291598397473
473,2,139,3,0,1.0,0.3333333333333333,0.0,3,8.0,6.702563814754218,0.2585152838427947,0.0270250072913396,3,0.2748176748176719,0.3333333333333333,0.0005340272914256
474,2,139,3,0,1.0,0.0,0.0,3,8.0,22.277385465159877,0.2888744307091737,0.0813362289267072,3,0.3119865401115401,0.0,0.0004882720046695
475,2,139,1,0,1.0,0.0,0.0,1,9.0,0.0,0.2178072111846946,0.0084041314017201,1,0.2309085871585826,0.0,0.0002899748918498
476,4,118,1,4,0.2,0.0,0.72,5,9.0,231.26232737761163,0.273483215275639,0.0394788404686134,5,0.2997014872014871,0.0,0.0007672819494542
477,1,157,1,0,1.0,0.0,0.0,1,9.0,0.0,0.2102272727272727,0.00190969369154,1,0.2213168525668488,0.0,0.0003200131459337
478,0,173,3,1,0.75,0.0,0.375,4,9.0,792.9877827832313,0.249438202247191,0.0096579154330078,3,0.2676377270127237,0.0,0.0008840700037385
479,1,157,1,0,1.0,0.0,0.0,1,9.0,0.0,0.2288659793814433,0.0047883718030938,1,0.240523559273555,0.0,0.0003652803559727
480,3,119,7,4,0.6363636363636364,0.3333333333333333,0.4628099173553719,11,8.0,1552.709817686987,0.2943321179980113,0.1795056742486432,7,0.3292162698412708,0.1818181818181818,0.0016024052218224
481,3,119,19,15,0.5588235294117647,0.15204678362573099,0.5588235294117647,34,8.0,6558.573381705174,0.3100558659217877,0.4333961570897217,9,0.357715304590307,0.1336898395721925,0.0044454269527121
482,2,139,5,0,1.0,0.3,0.0,5,8.0,148.2071392943005,0.3020408163265306,0.1170806504535896,5,0.3276396932646945,0.3,0.0007143671250518
483,4,118,7,5,0.5833333333333334,0.3333333333333333,0.5694444444444444,12,8.0,2268.7147379208227,0.2966922819913131,0.1388614061175233,7,0.3309322715572727,0.1818181818181818,0.0017540295309045
484,2,139,6,1,0.8571428571428571,0.3333333333333333,0.24489795918367352,7,7.0,146.44236650319067,0.267308850090307,0.0426048551735216,6,0.2887414199914173,0.2380952380952381,0.0010262331010835
485,2,139,5,2,0.7142857142857143,0.1,0.44897959183673464,7,8.0,369.2012751736863,0.2860824742268041,0.1090263874205795,7,0.3129625160875159,0.0476190476190476,0.0009590856238669
486,3,119,9,3,0.75,0.3611111111111111,0.375,12,8.0,541.6120775279602,0.3162393162393162,0.247529715218749,8,0.3508003539253568,0.3484848484848485,0.0015434515858704
487,2,139,4,3,0.5714285714285714,0.5,0.5714285714285714,7,9.0,2038.6158819070904,0.3003043625295908,0.1485839079484311,4,0.3308080401830418,0.2857142857142857,0.001232195423849
488,2,139,2,0,1.0,0.0,0.0,2,9.0,1.0442215250742142,0.2505643340857788,0.0336894336132951,2,0.2684434434434401,0.0,0.0003788937995927
489,2,139,10,3,0.7692307692307693,0.2,0.37869822485207094,13,8.0,389.19283733547815,0.2844330557335041,0.1876072753926365,7,0.3170728764478763,0.1923076923076923,0.0016153092860264
490,2,139,3,1,0.75,0.0,0.375,4,9.0,204.58479359667325,0.2768079800498753,0.0517662715116059,3,0.2992577398827391,0.1666666666666666,0.000698064696162
491,2,139,4,4,0.5,0.16666666666666666,0.625,8,8.0,710.2339618301983,0.3108155407770389,0.1442990265203189,5,0.3410405941655964,0.1071428571428571,0.0011460862479152
492,3,119,1,0,1.0,0.0,0.0,1,9.0,0.0,0.2748375116063138,0.0491063019943393,1,0.2999253718003715,0.0,0.0002867476042512
493,2,139,3,1,0.75,0.6666666666666666,0.375,4,8.0,44.68590114080845,0.2941371315004968,0.1217774449371058,4,0.3204512548262553,0.5,0.0006092749076555
494,0,173,1,0,1.0,0.0,0.0,1,10.0,0.0,0.2329485834207764,0.0099827402089693,1,0.2556391212641172,0.0,0.0002979950881246
495,2,139,13,1,0.9285714285714286,0.19230769230769232,0.13265306122448983,14,8.0,729.4083027882939,0.3006093432633717,0.183440405830592,8,0.3327823359073372,0.1648351648351648,0.0017816874851699
496,2,139,2,0,1.0,0.0,0.0,2,9.0,0.9623834297747342,0.2551724137931034,0.0404064239475752,2,0.2740070427570395,0.0,0.0003944616311726
497,2,139,4,1,0.8,0.6666666666666666,0.31999999999999984,5,8.0,23.510166796679545,0.2880311385014596,0.1321304091646748,5,0.3164535070785074,0.6,0.0006905504261795
498,2,139,10,2,0.8333333333333334,0.26666666666666666,0.2777777777777777,12,8.0,2026.124062407456,0.3112513144058885,0.2402393961082484,7,0.3450946482196507,0.2575757575757575,0.0017663196126754
499,4,118,4,3,0.5714285714285714,0.0,0.5714285714285714,7,8.0,570.9591126377657,0.2705667276051188,0.0370330112635774,4,0.295124141999141,0.0476190476190476,0.0012290278085933
500,2,139,0,1,0.0,0.0,0.0,1,9.0,0.0,0.2748375116063138,0.0491063019943393,1,0.2999253718003715,0.0,0.0002867476042512
501,2,139,7,0,1.0,0.14285714285714285,0.0,7,8.0,95.69075125041036,0.2651537772469394,0.0543006520629632,6,0.2863296332046303,0.1428571428571428,0.0010220597427642
502,2,139,10,1,0.9090909090909091,0.24444444444444444,0.16528925619834722,11,8.0,1566.8050922755565,0.2831632653061224,0.1690996751749451,8,0.3121929965679961,0.2,0.0015847776366599
503,2,139,18,13,0.5806451612903226,0.23529411764705882,0.5119667013527576,31,8.0,2330.6583659394987,0.3193096008629989,0.5100767310958136,9,0.365391731016734,0.2129032258064516,0.0036303923064114
504,4,118,3,1,0.75,0.3333333333333333,0.375,4,8.0,1206.6818977682,0.3055746730901583,0.0781420782820708,3,0.3316749785499802,0.3333333333333333,0.000820126565096
505,2,139,11,7,0.6111111111111112,0.41818181818181815,0.47530864197530853,18,8.0,580.0189192274253,0.2941371315004968,0.3536243507743311,9,0.3330531424281434,0.2745098039215686,0.0021523115191539
506,4,118,1,0,1.0,0.0,0.0,1,9.0,0.0,0.2341154758766148,0.0039217701525534,1,0.2455589518089482,0.0,0.0003430058039698
507,2,139,8,1,0.8888888888888888,0.2857142857142857,0.19753086419753085,9,7.0,326.7240017941624,0.2884990253411306,0.1254256388233552,7,0.315430609180609,0.2777777777777778,0.0012020078133765
508,3,119,4,4,0.5,0.0,0.59375,8,8.0,2385.851912322872,0.2943321179980113,0.0980021078513417,6,0.3228617009867014,0.0,0.001328045148854
509,2,139,3,0,1.0,0.0,0.0,3,9.0,99.65124072686396,0.2567215958369471,0.0390865289192078,3,0.2777406871156837,0.0,0.0006153003060708
510,2,139,6,6,0.5,0.6,0.5,12,8.0,158.49883356385,0.2803030303030303,0.1998972025893405,8,0.3103429322179314,0.4696969696969697,0.0014890016206293
511,2,139,1,0,1.0,0.0,0.0,1,9.0,0.0,0.25480631276901,0.0370296207771954,1,0.274062008437005,0.0,0.0002718370993096
512,2,139,7,6,0.5384615384615384,0.23809523809523808,0.6272189349112427,13,8.0,7380.795635675541,0.3108155407770389,0.1427214698788639,7,0.342298101673104,0.1153846153846153,0.0018293146325107
513,3,119,1,0,1.0,0.0,0.0,1,9.0,0.0,0.2274590163934426,0.0049184990968802,1,0.2398277742027696,0.0,0.0003098337059526
514,4,118,5,3,0.625,0.1,0.53125,8,8.0,2144.948292876996,0.2894393741851369,0.0632479366091145,6,0.3158904440154442,0.0714285714285714,0.0014742412528157
515,4,118,1,0,1.0,0.0,0.0,1,10.0,0.0,0.2161109759065466,0.0021635055114867,1,0.2292046510796465,0.0,0.00032480538455
516,2,139,4,0,1.0,0.5,0.0,4,8.0,9.62946542476454,0.2699908786865309,0.0898492084225128,4,0.2932177713427696,0.5,0.0005881150577774
517,3,119,4,4,0.5,0.16666666666666666,0.5,8,8.0,86.06077325323872,0.2777604003753519,0.1616959439277555,7,0.3064765658515648,0.3571428571428571,0.0010632599327081
518,2,139,4,0,1.0,0.5,0.0,4,8.0,12.260900736014772,0.2927794263105835,0.1227313478951767,4,0.3188183719433723,0.5,0.0005933451579719
519,2,139,1,0,1.0,0.0,0.0,1,9.0,0.0,0.2389023405972558,0.0124606328003252,1,0.253077184327181,0.0,0.0002927666807038
520,3,119,1,1,0.5,0.0,0.5,2,9.0,4.240762667271956,0.2382613361953313,0.0243339157260122,2,0.2555063992563952,0.0,0.0004196954288003
521,4,118,2,0,1.0,0.0,0.0,2,8.0,104.06616504765474,0.2552457602759413,0.0116792564332063,2,0.2712878056628026,0.0,0.0004607044468813
522,3,119,6,8,0.42857142857142855,0.3333333333333333,0.48979591836734704,14,8.0,204.4992479380554,0.2780212899185973,0.2583779644587424,9,0.3108416452166446,0.3736263736263736,0.0016849799547
523,3,119,2,0,1.0,0.0,0.0,2,9.0,8.96878770322222,0.2777604003753519,0.0694843830775993,2,0.3047489453739453,0.0,0.0003937624382079
524,4,118,4,2,0.6666666666666666,0.0,0.5,6,8.0,1280.2570276217773,0.2785445420326223,0.0348719865658413,5,0.3043020699270697,0.0,0.0011279478666643
525,3,119,8,4,0.6666666666666666,0.42857142857142855,0.4444444444444444,12,8.0,495.4012877233666,0.3127861923212399,0.2739722170941688,9,0.3482853389103418,0.3181818181818182,0.0015799879064003
526,2,139,2,0,1.0,1.0,0.0,2,8.0,0.0,0.2900065316786414,0.0733885889960822,2,0.3120991527241528,1.0,0.0003803618477214
527,4,118,4,3,0.5714285714285714,0.3333333333333333,0.5714285714285714,7,8.0,699.2335607264305,0.3095155106308818,0.0931521611655477,6,0.3357370763620782,0.1904761904761904,0.0010409543783579
528,2,139,6,4,0.6,0.26666666666666666,0.48,10,9.0,598.3690506845228,0.290671031096563,0.1795738000682649,7,0.3234131452881462,0.2444444444444444,0.0013668767761735
529,3,119,1,1,0.5,0.0,0.5,2,9.0,9.690122645908248,0.2355437665782493,0.0109789069589363,2,0.2498221435721399,0.0,0.0005041119521575
530,2,139,6,3,0.6666666666666666,0.3333333333333333,0.4444444444444444,9,8.0,92.35025686473776,0.290956749672346,0.1766064251069521,7,0.3214835371085375,0.3055555555555556,0.0011514449185352
531,0,173,3,2,0.6,0.0,0.5599999999999999,5,9.0,194.62798153853512,0.2801261829652997,0.0635121332673322,4,0.3096288252538254,0.2,0.0008646897579245
532,0,173,1,0,1.0,0.0,0.0,1,10.0,0.0,0.2194217939214232,0.0019479062093549,1,0.2322630666380619,0.0,0.0003200280629147
533,3,119,2,2,0.5,1.0,0.5,4,9.0,904.2689341178404,0.2700729927007299,0.0471567671708432,3,0.2944529350779338,0.1666666666666666,0.0008245396510994
534,3,119,2,0,1.0,0.0,0.0,2,9.0,7.10169968919969,0.2512022630834512,0.0230124480506024,2,0.2686566030315996,0.0,0.0004284952663282
535,3,119,34,26,0.5666666666666667,0.1140819964349376,0.5627777777777778,60,7.0,18581.87154353003,0.3572003218020917,0.7756661191931125,9,0.4113470613470587,0.1045197740112994,0.0074474015298325
536,0,173,7,0,1.0,0.19047619047619047,0.0,7,9.0,1024.195799934198,0.2622563496751329,0.0354925125200728,5,0.2897647647647618,0.1904761904761904,0.0012748900186037
537,3,119,16,11,0.5925925925925926,0.2833333333333333,0.5102880658436215,27,8.0,4037.376013205344,0.3290107447202667,0.4164968177195671,9,0.3713601994852015,0.1794871794871795,0.0034628874936127
538,2,139,9,2,0.8181818181818182,0.2777777777777778,0.2975206611570247,11,8.0,1217.2349561517865,0.2783699059561128,0.1674540496613355,7,0.3084017052767043,0.2363636363636364,0.0015690656618735
539,3,119,6,3,0.6666666666666666,0.26666666666666666,0.49382716049382713,9,9.0,678.5618882510789,0.2907662082514735,0.1189197409360918,7,0.3272232053482068,0.1666666666666666,0.0013131409470957
540,3,119,1,0,1.0,0.0,0.0,1,10.0,0.0,0.2073313098295587,0.0021627057513424,1,0.2186284498784463,0.0,0.000353753682958
541,4,118,2,0,1.0,0.0,0.0,2,10.0,1772.0000000000002,0.2322783154590635,0.0058421037222316,1,0.2458967896467861,0.0,0.0007497909945156
542,2,139,8,5,0.6153846153846154,0.25,0.544378698224852,13,9.0,488.9589864778079,0.2995951417004048,0.2071510648380984,8,0.3327975296725312,0.1153846153846153,0.0016370324064665
543,2,139,3,2,0.6,0.3333333333333333,0.5599999999999999,5,8.0,103.63970177271266,0.2959013662112629,0.1270011131904132,5,0.3268326362076374,0.3,0.0007204600509474
544,3,119,18,6,0.75,0.1568627450980392,0.375,24,8.0,3943.493702514109,0.2976868923902112,0.1954941979365881,7,0.3375951844701857,0.1340579710144927,0.0034102710000798
545,3,119,10,4,0.7142857142857143,0.35555555555555557,0.40816326530612246,14,8.0,2241.0104059811943,0.3056798623063683,0.2033623202230405,7,0.3446147039897061,0.3296703296703296,0.0019308934808606
546,3,119,14,4,0.7777777777777778,0.18681318681318682,0.3641975308641975,18,8.0,3507.3425310658395,0.3261109070877708,0.2101462779339949,7,0.3638151544401571,0.2026143790849673,0.0024866506224943
547,3,119,17,4,0.8095238095238095,0.18382352941176472,0.308390022675737,21,8.0,3348.2383080934874,0.3250366032210834,0.3188043098046147,8,0.3643594487344517,0.1952380952380952,0.0028764058406851
548,3,119,5,0,1.0,0.2,0.0,5,9.0,68.30876356167478,0.2605633802816901,0.047710683790005,5,0.2838673494923461,0.2,0.000801084466201
549,4,118,24,26,0.48,0.07971014492753623,0.5880000000000001,50,8.0,22138.70573045372,0.352101506740682,0.4041766387780188,8,0.4066830223080198,0.0644897959183673,0.0072276169756521
550,3,119,3,6,0.3333333333333333,0.3333333333333333,0.6419753086419753,9,9.0,691.0929864655612,0.2795969773299748,0.082881154090603,5,0.3108380702130701,0.0555555555555555,0.0013574470188337
551,4,118,6,11,0.35294117647058826,0.4666666666666667,0.6366782006920415,17,8.0,5387.551645088104,0.3218557448350851,0.1375315593876299,7,0.357087891462895,0.1544117647058823,0.0024927051278913
552,4,118,1,1,0.5,0.0,0.5,2,9.0,13.786042426163329,0.234486400844996,0.0098710632970964,2,0.2485887673387635,0.0,0.0004992401442851
553,4,118,1,2,0.3333333333333333,0.0,0.6666666666666667,3,9.0,30.79389490423039,0.2415012238237693,0.0113740197770799,3,0.2572867510367476,0.3333333333333333,0.000568712085247
554,2,139,3,4,0.42857142857142855,0.3333333333333333,0.6938775510204082,7,7.0,1532.7394109763086,0.309623430962343,0.1077352072256275,5,0.3333172458172476,0.0952380952380952,0.0010821017812314
555,2,139,3,1,0.75,0.6666666666666666,0.375,4,8.0,41.1751690517212,0.2546601663320906,0.032674677455107,4,0.2747922029171996,0.3333333333333333,0.0006728045463432
556,4,118,10,6,0.625,0.044444444444444446,0.53125,16,8.0,3966.248228464504,0.2926829268292683,0.0964536531339426,6,0.3274225117975124,0.075,0.00260194301518
557,2,139,4,2,0.6666666666666666,0.3333333333333333,0.4444444444444444,6,8.0,439.5771563717697,0.2847066367425457,0.1062443645491482,5,0.3148581617331619,0.2666666666666666,0.0009016775614758
558,3,119,1,2,0.3333333333333333,0.0,0.4444444444444444,3,9.0,10.42848575798878,0.2599531615925058,0.0452885296863265,3,0.2790437759187728,0.0,0.0004969897093565
559,2,139,13,1,0.9285714285714286,0.23076923076923078,0.13265306122448983,14,8.0,1571.3870061149405,0.3027616774633481,0.227392011706361,8,0.3349970506220521,0.1978021978021978,0.0018909472114646
560,2,139,2,1,0.6666666666666666,1.0,0.4444444444444444,3,9.0,51.60162237594788,0.2781954887218045,0.0790711352110271,3,0.3060815279565279,0.3333333333333333,0.0004996847893272
561,3,119,21,10,0.6774193548387096,0.16666666666666666,0.4703433922996879,31,8.0,5212.148236225054,0.3083333333333333,0.4008003818683703,9,0.3539159695409721,0.1354838709677419,0.0042609824898429
562,2,139,1,0,1.0,0.0,0.0,1,9.0,0.0,0.2272262026612077,0.0085418170054093,1,0.23946446446446,0.0,0.000291244265057
563,4,118,10,4,0.7142857142857143,0.08888888888888889,0.40816326530612246,14,9.0,1962.949824535951,0.2794210195091252,0.0618823672329657,6,0.3148277742027746,0.1648351648351648,0.0021791946155833
564,1,157,0,1,0.0,0.0,0.0,1,9.0,0.0,0.2694174757281553,0.036655779293601,1,0.2879589410839388,0.0,0.0002770247025567
565,3,119,2,2,0.5,1.0,0.625,4,8.0,33.88510503458175,0.2882181110029211,0.1037061207818426,4,0.3148581617331616,0.5,0.000617988510409
566,0,173,6,1,0.8571428571428571,0.06666666666666667,0.24489795918367352,7,9.0,1948.7660296120143,0.2541499713795077,0.0280251518465522,5,0.2839571714571677,0.0476190476190476,0.001283067293428
567,3,119,18,9,0.6666666666666666,0.19607843137254902,0.46639231824417016,27,8.0,2751.534015711092,0.3181655320673593,0.4060374640287637,9,0.3595358751608782,0.1709401709401709,0.0033992947256947
568,2,139,1,0,1.0,0.0,0.0,1,9.0,0.0,0.2374331550802139,0.0120570595745334,1,0.2514898827398791,0.0,0.0002938432147847
569,3,119,5,5,0.5,0.2,0.64,10,8.0,856.2804012328571,0.3051546391752577,0.1460516694671645,6,0.333795849420851,0.2,0.0013913266599541
570,0,173,2,4,0.3333333333333333,0.0,0.6666666666666667,6,8.0,466.4170189653715,0.2803030303030303,0.0439993083524033,5,0.3041867760617755,0.0,0.000952509101639
571,3,119,6,0,1.0,0.8666666666666667,0.0,6,8.0,2.1489564123655183,0.2696629213483146,0.1287482199328048,6,0.2953574109824093,0.8666666666666666,0.000832852588562
572,4,118,7,2,0.7777777777777778,0.14285714285714285,0.37037037037037024,9,9.0,613.2291891851829,0.2540772532188841,0.021910300530243,5,0.2807731838981803,0.1111111111111111,0.0014542057948582
573,2,139,4,2,0.6666666666666666,0.16666666666666666,0.4444444444444444,6,9.0,501.9038500169071,0.264049955396967,0.0713522271733713,5,0.2881667381667352,0.2,0.0009347128625217
574,3,119,10,0,1.0,0.4222222222222222,0.0,10,8.0,172.25024000728922,0.2915298752462245,0.18720917722534,7,0.325199753324754,0.4222222222222222,0.0013067389433739
575,3,119,2,1,0.6666666666666666,1.0,0.4444444444444444,3,8.0,0.0,0.2752634841909485,0.0966125883957613,3,0.2995803839553827,1.0,0.000496637558239
576,3,119,1,0,1.0,0.0,0.0,1,8.0,0.0,0.2632671212570412,0.0389288882696181,1,0.281881435006432,0.0,0.0002742337638929
577,2,139,1,0,1.0,0.0,0.0,1,9.0,0.0,0.2359819293117193,0.0203953588425793,1,0.2519698269698229,0.0,0.0002750477216424
578,4,118,2,3,0.4,1.0,0.6399999999999999,5,8.0,349.9901687998711,0.2905759162303665,0.0932914155278932,5,0.3191562097812102,0.3,0.0007804186889474
579,2,139,1,0,1.0,0.0,0.0,1,9.0,0.0,0.2374331550802139,0.0120570595745334,1,0.2514898827398791,0.0,0.0002938432147847
580,3,119,2,0,1.0,1.0,0.0,2,9.0,0.0,0.249789029535865,0.0404933251271855,2,0.268619065494062,1.0,0.0003925771336942
581,3,119,4,1,0.8,0.0,0.31999999999999984,5,9.0,8.178115024107436,0.2545871559633027,0.0645592026419546,5,0.2763330294580259,0.0,0.0007280942658181
582,4,118,1,0,1.0,0.0,0.0,1,9.0,0.0,0.2245259165613148,0.0031742676347671,1,0.236166523666519,0.0,0.0003253670419985
583,3,119,6,5,0.5454545454545454,0.6,0.5619834710743802,11,9.0,185.13135699388604,0.2858982614294913,0.193000928727577,8,0.3175653331903334,0.5818181818181818,0.0013800422949937
584,2,139,2,0,1.0,1.0,0.0,2,8.0,0.0,0.2563510392609699,0.0471679642692421,2,0.2759799978549944,1.0,0.000384537360576
585,3,119,5,3,0.625,0.0,0.46875,8,8.0,348.289673419343,0.3084404307051059,0.1620341158225987,6,0.3390511046761067,0.25,0.0010879951956696
586,4,118,4,0,1.0,0.16666666666666666,0.0,4,9.0,51.92159994869685,0.2653915122534369,0.0292644698872979,4,0.2885246853996827,0.1666666666666666,0.000710680027337
587,3,119,13,6,0.6842105263157895,0.23076923076923078,0.43213296398891965,19,8.0,3163.686189733305,0.2892508143322475,0.1517402345817786,7,0.3245133526383529,0.1403508771929824,0.0027457691054079
588,3,119,1,0,1.0,0.0,0.0,1,9.0,0.0,0.2357313512078577,0.0201152440439255,1,0.2535705348205307,0.0,0.0002855622997374
589,2,139,1,0,1.0,0.0,0.0,1,9.0,0.0,0.2207307979120059,0.0047541471367837,1,0.2324476261976213,0.0,0.0003055896666846
590,3,119,2,0,1.0,0.0,0.0,2,9.0,20.750926656132293,0.2801261829652997,0.0708574525968413,2,0.3078270234520235,0.0,0.0003978832780687
591,3,119,6,0,1.0,0.2,0.0,6,8.0,386.2852708564608,0.2704019488428745,0.0784765573533717,4,0.2950195731445715,0.2,0.0010210426387634
592,3,119,6,3,0.6666666666666666,0.6,0.5185185185185186,9,8.0,787.5075560860956,0.2985877605917955,0.1748870628546283,6,0.3318626662376676,0.3055555555555556,0.0012420559752175
593,3,119,1,0,1.0,0.0,0.0,1,10.0,0.0,0.2157434402332361,0.0024707550530342,1,0.2278532997282953,0.0,0.0004549458171329
594,3,119,1,0,1.0,0.0,0.0,1,10.0,0.0,0.2082063305978898,0.0030877516845782,1,0.2203551766051729,0.0,0.0003202760840649
595,3,119,4,1,0.8,0.16666666666666666,0.31999999999999984,5,9.0,168.27467515644668,0.2792452830188679,0.0752195534791735,5,0.3083713177463177,0.2,0.0007847449873203
596,3,119,7,3,0.7,0.38095238095238093,0.42000000000000004,10,9.0,1001.7061420008082,0.2723926380368098,0.1282286553542281,7,0.2994534713284703,0.4222222222222222,0.0014160845388227
597,3,119,1,1,0.5,0.0,0.5,2,9.0,18.940873746136894,0.252129471890971,0.0266123426882657,2,0.2704208672958639,0.0,0.0004466445385847
598,4,118,2,0,1.0,0.0,0.0,2,10.0,887.0,0.2207856787667827,0.0037434327728065,1,0.2387485699985658,0.0,0.0007242962126641
599,3,119,1,0,1.0,0.0,0.0,1,9.0,0.0,0.2357313512078577,0.0201152440439255,1,0.2535705348205307,0.0,0.0002855622997374
600,4,118,3,1,0.75,0.6666666666666666,0.375,4,8.0,25.90761774927388,0.2799495586380832,0.0712037897186162,4,0.304779332904332,0.5,0.0006624361131878
601,3,119,3,3,0.5,0.3333333333333333,0.6111111111111112,6,8.0,392.5565695753865,0.2677117877600241,0.0345219232069113,4,0.2894640175890152,0.1333333333333333,0.0009891258479082
602,4,118,1,0,1.0,0.0,0.0,1,8.0,0.0,0.254222731176639,0.0111763568259795,1,0.2692420098670068,0.0,0.0002937655414466
603,3,119,3,0,1.0,0.3333333333333333,0.0,3,9.0,12.77368966400652,0.2782826700094014,0.0739082946276742,3,0.3058750715000715,0.3333333333333333,0.000532473179115
604,3,119,1,0,1.0,0.0,0.0,1,9.0,0.0,0.2274590163934426,0.0090089745622215,1,0.2423736236236193,0.0,0.0002925511305732
605,3,119,9,9,0.5,0.19444444444444445,0.654320987654321,18,8.0,6040.369031209333,0.3202307969707897,0.1724783601588549,7,0.3563183719433754,0.0849673202614379,0.0026431979936003
606,3,119,2,0,1.0,1.0,0.0,2,9.0,0.0,0.2755197021408626,0.0538398928217556,2,0.3013330294580291,1.0,0.000433167993961
607,4,118,3,2,0.6,0.0,0.56,5,8.0,360.6559391773549,0.2720588235294117,0.0339909025564694,4,0.2914910446160431,0.0,0.0008293315862737
608,3,119,9,0,1.0,0.2777777777777778,0.0,9,8.0,799.0873285744885,0.2785445420326223,0.1033651047200037,6,0.3070959352209343,0.2777777777777778,0.0013524243233256
609,4,118,5,1,0.8333333333333334,0.2,0.2777777777777777,6,8.0,155.84589480622395,0.2678733031674208,0.0264431747431796,5,0.2890135671385646,0.1333333333333333,0.0009603076468187
610,3,119,8,0,1.0,0.21428571428571427,0.0,8,9.0,1673.4714694739455,0.2628774422735346,0.061524088476937,5,0.2892539861289831,0.2142857142857142,0.001426326354616
611,2,139,1,0,1.0,0.0,0.0,1,8.0,0.0,0.212287831699737,0.0024307958192653,1,0.2228925353925314,0.0,0.0003137172313754
612,3,119,4,4,0.5,0.5,0.65625,8,9.0,599.2254160608953,0.3010169491525423,0.1435509598302889,7,0.3366344022594044,0.2857142857142857,0.0011262443928923
613,4,118,3,1,0.75,0.0,0.375,4,9.0,173.70250111597775,0.2506350550381033,0.011922717250676,4,0.2715496746746715,0.0,0.0007428039976181
614,3,119,3,0,1.0,0.0,0.0,3,9.0,900.1458770589575,0.2534970025692263,0.0247859791423817,2,0.2727374696124661,0.0,0.0007552577755866
615,3,119,1,0,1.0,0.0,0.0,1,9.0,0.0,0.2357313512078577,0.0201152440439255,1,0.2535705348205307,0.0,0.0002855622997374
616,4,118,19,13,0.59375,0.08187134502923976,0.59375,32,7.0,18533.173956586783,0.340752110514198,0.2226912123943384,7,0.3814108751608761,0.0806451612903225,0.0047072614610713
617,6,66,1,0,1.0,0.0,0.0,1,11.0,0.0,0.1720930232558139,0.0001090921554514,1,0.1792855761605776,0.0,0.0005147274932772
618,3,119,9,2,0.8181818181818182,0.4444444444444444,0.2975206611570247,11,8.0,245.24083757171087,0.2959013662112629,0.2055335802645244,7,0.3305568961818972,0.3272727272727272,0.0014145480427889
619,3,119,3,0,1.0,0.3333333333333333,0.0,3,9.0,12.818708715302009,0.2601816583650747,0.0402188421078167,3,0.282465054340051,0.3333333333333333,0.0005254626969881
620,2,139,1,0,1.0,0.0,0.0,1,9.0,0.0,0.2579895409645555,0.0375684560822176,1,0.2780691405691372,0.0,0.0002742993123831
621,3,119,4,1,0.8,0.16666666666666666,0.31999999999999984,5,9.0,109.00090960235416,0.2857142857142857,0.094317772486086,3,0.3179246210496218,0.4,0.0008612964100596
622,0,173,0,1,0.0,0.0,0.0,1,10.0,0.0,0.220675944333996,0.0037340037997065,1,0.2379978192478151,0.0,0.0003192246332854
623,3,119,3,1,0.75,0.0,0.375,4,9.0,187.8654744873192,0.2529193961834235,0.035834938988101,3,0.2728795760045726,0.0,0.000753016446809
624,3,119,3,2,0.6,0.0,0.5599999999999999,5,8.0,270.98057707080125,0.2799495586380832,0.0420309508854976,3,0.3004812848562843,0.1,0.0008867619349347
625,3,119,5,1,0.8333333333333334,0.2,0.2777777777777777,6,9.0,6185.409749802763,0.2614840989399293,0.0430923576723256,4,0.2855002323752291,0.1333333333333333,0.0013060572287371
626,3,119,7,1,0.875,0.14285714285714285,0.21875,8,9.0,398.1482050611514,0.2633451957295373,0.033186011085574,5,0.2847682503932474,0.1428571428571428,0.0013567108226138
627,3,119,1,0,1.0,0.0,0.0,1,9.0,0.0,0.2426229508196721,0.0086562899234733,1,0.2570829758329726,0.0,0.000293546591918
628,3,119,3,1,0.75,0.0,0.375,4,9.0,148.25439407220094,0.2483916083916084,0.0325543530649683,3,0.2720832439582402,0.0,0.0007544730849586
629,3,119,3,1,0.75,0.3333333333333333,0.375,4,8.0,93.5792209785062,0.2677925211097708,0.0487337181009293,3,0.2892575611325586,0.1666666666666666,0.000709720466224
630,4,118,1,0,1.0,0.0,0.0,1,9.0,0.0,0.2245259165613148,0.0031742676347671,1,0.236166523666519,0.0,0.0003253670419985
631,3,119,1,0,1.0,0.0,0.0,1,9.0,0.0,0.2476296709425544,0.0209030118506696,1,0.263918829543826,0.0,0.0002777457373895
632,3,119,1,0,1.0,0.0,0.0,1,10.0,0.0,0.1992371550370204,0.001488243056666,1,0.2097494816244791,0.0,0.000372923361978
633,4,118,2,1,0.6666666666666666,0.0,0.4444444444444444,3,10.0,85.4368360144661,0.2334998685248488,0.0094902106189375,3,0.2552624052624013,0.0,0.0005956725950684
634,4,118,25,12,0.6756756756756757,0.1,0.45434623813002195,37,9.0,7821.103196658753,0.2953109411373462,0.1488986002556032,7,0.3474103567853592,0.087087087087087,0.0055549276863093
635,3,119,5,0,1.0,0.0,0.0,5,9.0,1809.8326307556504,0.2487394957983193,0.0296535495230459,3,0.2702814421564385,0.0,0.0012011438417129
636,3,119,4,5,0.4444444444444444,0.0,0.6419753086419753,9,9.0,1424.7541304573588,0.2616381850324101,0.0398375838025371,6,0.2935279029029009,0.0277777777777777,0.0015226488445918
637,4,118,2,1,0.6666666666666666,1.0,0.4444444444444444,3,10.0,14.009106352558405,0.2414355628058727,0.0096750817061012,3,0.2585911804661774,0.3333333333333333,0.0005916515963038
638,3,119,4,3,0.5714285714285714,0.5,0.48979591836734704,7,8.0,286.0847255087709,0.2797731568998109,0.0729464176073768,5,0.3060073466323458,0.2857142857142857,0.001079710455755
639,3,119,2,0,1.0,1.0,0.0,2,9.0,0.0,0.2204020848845867,0.0068531846354418,2,0.2345859252109202,1.0,0.000440608397659
640,6,66,2,0,1.0,0.0,0.0,2,12.0,887.0,0.1470442126179831,5.5167346508839375e-06,1,0.1529802529802513,0.0,0.001161718831336
641,2,139,2,0,1.0,1.0,0.0,2,9.0,0.0,0.2166382044401073,0.0056783929403064,2,0.2290160696410651,1.0,0.0004356237363475
642,0,173,3,0,1.0,0.3333333333333333,0.0,3,9.0,44.0679182826468,0.2271099744245524,0.0067528551196605,3,0.2462158587158541,0.3333333333333333,0.0006371024444452
643,0,173,2,0,1.0,0.0,0.0,2,9.0,13.63807582630188,0.2186115214180206,0.0031750933919015,2,0.2329382954382906,0.0,0.0004952960162912
644,3,119,5,2,0.7142857142857143,0.2,0.40816326530612246,7,9.0,170.5184116406764,0.2628774422735346,0.0315071853483317,5,0.2862804769054741,0.1428571428571428,0.0010820940174784
645,4,118,8,10,0.4444444444444444,0.14285714285714285,0.6358024691358024,18,8.0,3529.49558661418,0.2956058588548602,0.0971251693919942,7,0.3318519412269424,0.1437908496732026,0.0027423209585667
646,3,119,3,0,1.0,0.0,0.0,3,9.0,40.04909506562013,0.2573167197913648,0.028546162622185,3,0.276821017446014,0.0,0.0005463857520767
647,0,173,1,0,1.0,0.0,0.0,1,10.0,0.0,0.2043728423475259,0.0007412812844384,1,0.2147330366080335,0.0,0.0003880848098136
648,4,118,2,0,1.0,0.0,0.0,2,9.0,202.86498397880203,0.2187192118226601,0.0025435698368113,2,0.2313483125983078,0.0,0.0006021801852016
649,3,119,3,0,1.0,0.6666666666666666,0.0,3,8.0,23.96349286956469,0.2660275614140204,0.0566615145985068,3,0.2872493028742999,0.6666666666666666,0.0005307858763737
650,4,118,3,1,0.75,0.0,0.375,4,9.0,941.5472924971072,0.2430878729811114,0.0162311640272699,3,0.2667475511225471,0.0,0.0008832457268605
651,0,173,5,4,0.5555555555555556,0.0,0.6172839506172839,9,9.0,1727.434959670565,0.2764632627646326,0.0403934737254515,5,0.3016038359788354,0.0277777777777777,0.0014669166280574
652,3,119,5,0,1.0,0.5,0.0,5,9.0,20.651288975132605,0.2573913043478261,0.038568761539384,5,0.2791000822250788,0.5,0.0007783420627059
653,4,118,4,1,0.8,0.16666666666666666,0.31999999999999984,5,9.0,484.317936779895,0.2717258261933905,0.033204603672097,4,0.2976731195481189,0.2,0.0008995286662193
654,3,119,4,4,0.5,0.16666666666666666,0.65625,8,9.0,550.4749901644268,0.2707317073170732,0.0412859645541299,5,0.2956541362791355,0.0357142857142857,0.0012805225020716
655,3,119,1,0,1.0,0.0,0.0,1,10.0,0.0,0.2022779043280182,0.0012439509588102,1,0.2117912555412527,0.0,0.0003827186119697
656,0,173,3,3,0.5,0.0,0.6666666666666666,6,8.0,1075.2444188036714,0.2733990147783251,0.0268920316368429,3,0.2935824217074203,0.0,0.0011359571068673
657,4,118,1,0,1.0,0.0,0.0,1,9.0,0.0,0.2283363332476215,0.0055562086603627,1,0.2442692692692651,0.0,0.0003062657769659
658,0,173,12,3,0.8,0.10606060606060606,0.31999999999999984,15,9.0,3651.42089191944,0.2790697674418604,0.0566569877536564,6,0.3157099063349067,0.1047619047619047,0.0025159773552512
659,4,118,11,8,0.5789473684210527,0.10909090909090909,0.5706371191135734,19,9.0,3341.064731192316,0.282532612153993,0.0908097581090926,6,0.3208713177463184,0.0935672514619883,0.0029228847138981
660,3,119,2,0,1.0,0.0,0.0,2,9.0,4.089113159279064,0.2252092315495815,0.0092493190480702,2,0.240841287716283,0.0,0.0004518914783664
661,4,118,2,0,1.0,0.0,0.0,2,8.0,151.24992569292277,0.2547332185886403,0.0116717626593485,2,0.2705558236808206,0.0,0.0005059426027678
662,3,119,3,0,1.0,0.0,0.0,3,9.0,61.46935489952169,0.2562770562770562,0.025209600555062,3,0.2760220041470007,0.0,0.0005968759632858
663,3,119,1,0,1.0,0.0,0.0,1,10.0,0.0,0.2198564000990344,0.0033475790465947,1,0.2331715644215599,0.0,0.0003434709225973
664,4,118,7,2,0.7777777777777778,0.047619047619047616,0.37037037037037024,9,9.0,2049.486496097984,0.2756052141527002,0.0431082930579745,4,0.3046926390676389,0.0555555555555555,0.0016525744481982
665,4,118,16,4,0.8,0.09166666666666666,0.31999999999999984,20,9.0,6161.87570914326,0.2830729996812241,0.0744007950165665,7,0.3239225832975844,0.0947368421052631,0.0035410758682002
666,4,118,1,0,1.0,0.0,0.0,1,10.0,0.0,0.1928757602085143,0.0008502301570404,1,0.2035397004146986,0.0,0.0003548275445586
667,4,118,7,7,0.5,0.14285714285714285,0.5612244897959184,14,9.0,1389.845537931429,0.2774133083411434,0.0554858348241092,6,0.311355551980552,0.1098901098901098,0.0021543591035882
668,4,118,3,0,1.0,0.0,0.0,3,10.0,892.8404645865385,0.1979933110367893,0.0009121676078494,2,0.210937276562274,0.0,0.000990531651764
669,0,173,2,4,0.3333333333333333,0.0,0.4444444444444444,6,9.0,108.5556093184466,0.2635014836795252,0.0290808636453524,5,0.2892017017016989,0.1333333333333333,0.0009957491242647
670,4,118,4,1,0.8,0.0,0.31999999999999984,5,9.0,133.09539559916846,0.2345483359746434,0.0065289943047109,4,0.2535571285571246,0.0,0.0009507728550234
671,3,119,4,0,1.0,0.16666666666666666,0.0,4,9.0,956.3307706308104,0.2817258883248731,0.0667012021966937,3,0.3108005326755328,0.1666666666666666,0.0008223153586374
672,0,173,6,2,0.75,0.0,0.375,8,9.0,441.6729496935205,0.2541499713795077,0.0224364882811548,5,0.2827733983983946,0.0357142857142857,0.001345648008238
673,4,118,1,0,1.0,0.0,0.0,1,10.0,0.0,0.1955947136563876,0.0008146045769805,1,0.2073028385528363,0.0,0.0003564186258447
674,6,66,2,1,0.6666666666666666,0.0,0.4444444444444444,3,10.0,4419.0,0.2078165223496372,0.0021736836733531,1,0.2208431645931609,0.0,0.0012211714743189
675,3,119,1,0,1.0,0.0,0.0,1,10.0,0.0,0.2141306968893175,0.006435499596709,1,0.2262472293722251,0.0,0.0002890960946868
676,4,118,3,2,0.6,0.3333333333333333,0.48,5,9.0,572.2711002408398,0.2666666666666666,0.0274205549651721,4,0.2914432289432269,0.1,0.0008871009516366
677,4,118,7,4,0.6363636363636364,0.047619047619047616,0.5289256198347108,11,8.0,749.5851576866895,0.2809237583043341,0.0505263662026138,6,0.3094152187902182,0.1454545454545454,0.001673420653027
678,0,173,2,2,0.5,0.0,0.5,4,9.0,185.37661203157623,0.2371161548731642,0.0073581638508925,3,0.256293346918343,0.0,0.0007825327846032
679,0,173,1,0,1.0,0.0,0.0,1,11.0,0.0,0.2034830430797433,0.0025076269026706,1,0.2190190596440563,0.0,0.0003147453325894
680,4,118,8,1,0.8888888888888888,0.2857142857142857,0.19753086419753085,9,8.0,419.2464872200538,0.2833439693682195,0.0578121355758623,6,0.311723777348777,0.25,0.0013484796532746
681,3,119,1,1,0.5,0.0,0.5,2,9.0,24.05075936450703,0.2621015348288075,0.0219502196996244,2,0.2827814421564391,0.0,0.0004357489223754
682,4,118,3,1,0.75,0.0,0.375,4,9.0,891.8710004810006,0.2389023405972558,0.0169410110498131,3,0.2602428321178281,0.3333333333333333,0.0008757582855141
683,0,173,1,0,1.0,0.0,0.0,1,10.0,0.0,0.2331320556576529,0.0076384242420448,1,0.2532528063778025,0.0,0.0002963140180271
684,4,118,1,0,1.0,0.0,0.0,1,10.0,0.0,0.2190429205722742,0.0025294066826307,1,0.2311244279994233,0.0,0.0003226138094494
685,0,173,0,1,0.0,0.0,0.0,1,10.0,0.0,0.2304099636741048,0.0072075818570514,1,0.2488984520234482,0.0,0.0003015985854201
686,0,173,7,5,0.5833333333333334,0.14285714285714285,0.5694444444444444,12,9.0,4102.954678557894,0.2742433600988264,0.0414547393766469,6,0.3067773130273127,0.106060606060606,0.0020976165548607
687,0,173,2,0,1.0,0.0,0.0,2,10.0,871.4178612420329,0.2154294032023289,0.0020861617972017,2,0.2306207993707948,0.0,0.0006259154249721
688,4,118,0,1,0.0,0.0,0.0,1,9.0,0.0,0.2550991094513071,0.0131777194228859,1,0.274130380380377,0.0,0.0002948614848952
689,0,173,18,6,0.75,0.1437908496732026,0.39236111111111105,24,9.0,5194.476131692546,0.3039014373716632,0.1521971767480844,7,0.3531160624910652,0.1557971014492753,0.0036024030816071
690,4,118,8,6,0.5714285714285714,0.14285714285714285,0.5816326530612246,14,8.0,4344.362258032591,0.3230265551109494,0.1559476184492819,6,0.3576321857571893,0.1208791208791208,0.0022944850325643
691,0,173,11,2,0.8461538461538461,0.09090909090909091,0.2603550295857988,13,8.0,4059.773073999272,0.2781083620419668,0.055903973791209,6,0.3079137172887164,0.0897435897435897,0.0023733581400608
692,0,173,6,1,0.8571428571428571,0.06666666666666667,0.24489795918367352,7,10.0,407.8242469520336,0.2362330407023144,0.01539589693063,4,0.264497980122976,0.0476190476190476,0.0012546200321245
693,0,173,2,0,1.0,0.0,0.0,2,10.0,79.2505580506659,0.2193134107186959,0.0021763220299518,2,0.2322921135421086,0.0,0.0005155538540172
694,0,173,0,1,0.0,0.0,0.0,1,10.0,0.0,0.2304099636741048,0.0072075818570514,1,0.2488984520234482,0.0,0.0003015985854201
695,4,118,1,0,1.0,0.0,0.0,1,9.0,0.0,0.2264728385615914,0.0048407857364631,1,0.241028975403971,0.0,0.0003069571315684
696,0,173,20,17,0.5405405405405406,0.10526315789473684,0.577063550036523,37,8.0,15212.285328650094,0.3183936894944424,0.1794038222557669,7,0.3704700235950257,0.06006006006006,0.0054681649685295
697,4,118,1,0,1.0,0.0,0.0,1,10.0,0.0,0.2280431432973806,0.007472876318077,1,0.2487027205777165,0.0,0.0002963421124913
698,0,173,3,0,1.0,0.0,0.0,3,10.0,957.1701229607409,0.2034830430797433,0.001451308020262,2,0.2193581974831941,0.0,0.0009217691975309
699,0,173,1,0,1.0,0.0,0.0,1,11.0,0.0,0.1691106455913159,7.283779240526793e-05,1,0.1779123279123293,0.0,0.0004298968481873
700,4,118,1,0,1.0,0.0,0.0,1,10.0,0.0,0.1975967957276368,0.00078221415013,1,0.2089853246103222,0.0,0.0003526324610329
701,4,118,11,3,0.7857142857142857,0.2,0.3571428571428572,14,8.0,1519.5623949261756,0.2907662082514735,0.0829598036607807,7,0.3233041076791081,0.1318681318681318,0.0020757032614728
702,4,118,1,0,1.0,0.0,0.0,1,9.0,0.0,0.2283363332476215,0.0055562086603627,1,0.2442692692692651,0.0,0.0003062657769659
703,4,118,3,0,1.0,0.3333333333333333,0.0,3,9.0,20.532018655753795,0.2401947525020286,0.0117507761602724,2,0.2599827506077467,0.3333333333333333,0.0006450755592422
704,4,118,6,0,1.0,0.3333333333333333,0.0,6,8.0,1122.8040884128698,0.279333123623781,0.0497689854359152,5,0.3050796332046324,0.3333333333333333,0.0010785927645764
705,4,118,3,0,1.0,0.3333333333333333,0.0,3,9.0,3.4945436785673776,0.243688254665203,0.0172162596184317,3,0.267791899041895,0.3333333333333333,0.0005585215667579
706,0,173,15,5,0.75,0.1523809523809524,0.395,20,9.0,4773.578625575087,0.2992922143579373,0.1299910925704282,7,0.3452894859144887,0.1684210526315789,0.0031981078256611
707,4,118,2,1,0.6666666666666666,0.0,0.4444444444444444,3,9.0,424.62104853671445,0.2336842105263158,0.0118340991599784,2,0.2530838874588831,0.0,0.0006369488694735
708,4,118,11,11,0.5,0.05454545454545454,0.5,22,8.0,5407.692812084199,0.2958027981345769,0.1107086022894279,7,0.3347905941655955,0.1385281385281385,0.0035597777620453
709,4,118,11,3,0.7857142857142857,0.16363636363636364,0.3571428571428572,14,8.0,2638.241744911604,0.2882181110029211,0.0573996488754915,6,0.3202260296010299,0.0989010989010989,0.0022912224159244
710,0,173,1,0,1.0,0.0,0.0,1,10.0,0.0,0.2137184115523465,0.002033458718426,1,0.2287653725153682,0.0,0.0003361132136234
711,0,173,2,0,1.0,0.0,0.0,2,10.0,886.9999999999999,0.2183427587902631,0.0028506634199044,1,0.2348406442156395,0.0,0.000711891243165
712,0,173,1,0,1.0,0.0,0.0,1,11.0,0.0,0.1792490916431166,0.0001430682029572,1,0.1882172757172761,0.0,0.000471282687232
713,4,118,3,1,0.75,0.3333333333333333,0.375,4,9.0,115.8788705945804,0.2559815508792159,0.0223462245817894,4,0.2811257686257649,0.1666666666666666,0.0006889733290662
714,4,118,3,2,0.6,0.0,0.56,5,9.0,180.1206939118721,0.251131221719457,0.0177367938678261,4,0.2718875125125092,0.1,0.0009402913321652
715,0,173,2,0,1.0,0.0,0.0,2,9.0,10.381066809869154,0.2567958357432041,0.0165683840598748,2,0.2772084584584551,0.0,0.000446888528665
716,4,118,3,4,0.42857142857142855,0.0,0.6122448979591837,7,10.0,312.8736199511726,0.2414355628058727,0.0115996389169684,4,0.2652795652795616,0.0,0.0012353894274943
717,4,118,2,2,0.5,0.0,0.5,4,9.0,6.840432802028095,0.2638930163447251,0.0279159888010327,4,0.2889952452452424,0.6666666666666666,0.0006832716256258
718,4,118,2,0,1.0,0.0,0.0,2,10.0,7.229065013144472,0.1986577181208053,0.0010968256697054,2,0.2127337158587131,0.0,0.0005161366606727
719,4,118,1,2,0.3333333333333333,0.0,0.4444444444444444,3,9.0,13.61963540682588,0.245575221238938,0.0132480698247785,3,0.2689984627484591,0.3333333333333333,0.0005662137483374
720,4,118,1,0,1.0,0.0,0.0,1,9.0,0.0,0.2237903225806451,0.0028807556015386,1,0.2374293936793891,0.0,0.0003078388412823
721,0,173,1,1,0.5,0.0,0.5,2,10.0,13.32387070501312,0.2181818181818181,0.0042980305325351,2,0.2370209495209446,0.0,0.0004669985919521
722,4,118,6,0,1.0,0.06666666666666667,0.0,6,9.0,2480.158760326293,0.2461879678403105,0.0155857780989549,4,0.2698712104962069,0.0666666666666666,0.0012981427210312
723,4,118,6,0,1.0,0.0,0.0,6,9.0,614.1117287613508,0.237496656860123,0.0100203782851367,3,0.2605203417703378,0.0,0.0011783922736587
724,4,118,2,3,0.4,1.0,0.48,5,9.0,940.475227543745,0.244358833241607,0.0145044576609511,4,0.2699798012297971,0.1,0.0010329255008374
725,4,118,1,0,1.0,0.0,0.0,1,9.0,0.0,0.2604869463185685,0.0202846905683424,1,0.2800412019161987,0.0,0.000291598397473
726,0,173,1,1,0.5,0.0,0.5,2,8.0,37.22832594100008,0.2664266426642664,0.0177003090697411,2,0.2844527563277536,0.0,0.0004296851240369
727,4,118,1,0,1.0,0.0,0.0,1,11.0,0.0,0.16530156366344,4.577958223324168e-05,1,0.1725672506922518,0.0,0.0004493795435533
728,0,173,5,0,1.0,0.0,0.0,5,10.0,242.79946296548604,0.2320355369741311,0.0073604161989366,3,0.2552262083512043,0.0,0.0010081529308633
729,0,173,3,2,0.6,0.0,0.5599999999999999,5,8.0,2006.386698077924,0.2897226753670473,0.0535143156967288,3,0.3131689725439727,0.0,0.0010200927268415
730,4,118,1,0,1.0,0.0,0.0,1,10.0,0.0,0.220675944333996,0.0037340037997065,1,0.2379978192478151,0.0,0.0003192246332854
731,0,173,1,0,1.0,0.0,0.0,1,9.0,0.0,0.25049365303244,0.00989633065294,1,0.2663788788788757,0.0,0.0002975899291139
732,0,173,1,0,1.0,0.0,0.0,1,11.0,0.0,0.1889763779527559,0.0007878189954796,1,0.2013138544388531,0.0,0.0003488444314378
733,0,173,2,0,1.0,0.0,0.0,2,9.0,13.422527910685805,0.2350449973530968,0.0040354085785941,2,0.2468955562705525,0.0,0.0005030719292559
734,4,118,8,0,1.0,0.21428571428571427,0.0,8,8.0,630.5421139604939,0.2747524752475248,0.0418496713912458,6,0.3003874410124399,0.2142857142857142,0.0012944187788798
735,0,173,25,18,0.5813953488372093,0.14,0.5224445646295295,43,8.0,22742.36918597292,0.3423284502698535,0.2625687744734027,7,0.3941749785499777,0.1251384274640088,0.0063808244333646
736,0,173,2,0,1.0,0.0,0.0,2,11.0,62.3076830444218,0.201360544217687,0.0029990680165228,2,0.2212659493909461,0.0,0.0005498113025227
737,4,118,6,13,0.3157894736842105,0.4,0.554016620498615,19,9.0,3692.853209826591,0.2992922143579373,0.1436125534617184,7,0.3436378342628369,0.1461988304093567,0.0029700280636838
738,4,118,1,0,1.0,0.0,0.0,1,11.0,0.0,0.1808922387451619,0.0001878742316462,1,0.1905691811941813,0.0,0.0004765547992691
739,0,173,5,0,1.0,0.1,0.0,5,10.0,902.2419256474518,0.2329485834207764,0.0156974557972981,3,0.2574972293722254,0.1,0.0010595030738293
740,3,119,1,0,1.0,0.0,0.0,1,10.0,0.0,0.2172211350293542,0.0019787767354663,1,0.2285329972829927,0.0,0.0003294900248459
741,0,173,6,0,1.0,0.26666666666666666,0.0,6,9.0,1429.9348356193818,0.2595732242034493,0.0257215538607717,4,0.2836086086086053,0.2666666666666666,0.0012055957811303
742,0,173,4,0,1.0,0.0,0.0,4,10.0,985.032411442302,0.2183427587902631,0.0029701911034956,2,0.2370102245102197,0.0,0.000980154443047
743,4,118,1,0,1.0,0.0,0.0,1,10.0,0.0,0.2203473945409429,0.0045575317004916,1,0.2366102709852665,0.0,0.0002994895408244
744,4,118,3,1,0.75,0.0,0.375,4,9.0,393.0032418265864,0.2338072669826224,0.0071741296198935,3,0.2540236665236626,0.0,0.0007898706835237
745,4,118,2,0,1.0,0.0,0.0,2,9.0,9.54693467838554,0.2271099744245524,0.006416132871917,2,0.2454114829114788,0.0,0.0004487286318676
746,0,173,2,0,1.0,0.0,0.0,2,10.0,1.2416666666666665,0.2140790742526518,0.0033429906226413,2,0.228668847418843,0.0,0.0004885329202086
747,3,119,1,0,1.0,0.0,0.0,1,10.0,0.0,0.2074281709880868,0.0019993561796843,1,0.2221650221650184,0.0,0.0003125346330983
748,0,173,2,1,0.6666666666666666,0.0,0.4444444444444444,3,9.0,887.0,0.2582145972666473,0.0180977917957187,2,0.2791590697840664,0.3333333333333333,0.000747898415577
749,0,173,16,7,0.6956521739130435,0.20833333333333334,0.47637051039697553,23,8.0,11258.804385377229,0.3340857787810384,0.1971864271759529,7,0.3749932968682982,0.1897233201581027,0.0034868276061447
750,4,118,4,4,0.5,0.0,0.65625,8,8.0,3987.95089238254,0.3051546391752577,0.0724842510188408,4,0.3309805341055357,0.0714285714285714,0.0014399673121663
751,0,173,1,0,1.0,0.0,0.0,1,9.0,0.0,0.2176470588235294,0.002805691128819,1,0.2305734305734259,0.0,0.0003239100180447
752,0,173,5,3,0.625,0.6,0.46875,8,9.0,129.63005154198208,0.2671480144404332,0.0513370086519372,6,0.2962024524524512,0.3571428571428571,0.001216384708549
753,4,118,1,0,1.0,0.0,0.0,1,10.0,0.0,0.220675944333996,0.0037340037997065,1,0.2379978192478151,0.0,0.0003192246332854
754,0,173,1,1,0.5,0.0,0.5,2,10.0,11.563946232142388,0.2377510040160642,0.0124810246622555,2,0.2629562598312558,0.0,0.0004355630175881
755,4,118,1,0,1.0,0.0,0.0,1,9.0,0.0,0.2442244224422442,0.0078266502355941,1,0.2582520020019988,0.0,0.0003080369287211
756,0,173,6,2,0.75,0.26666666666666666,0.40625,8,9.0,761.4059943960993,0.2846153846153846,0.073016877716712,6,0.3176430895180903,0.25,0.001293887646574
757,4,118,2,2,0.5,0.0,0.5,4,9.0,71.65790886352015,0.2446955084045191,0.0154302901489207,4,0.2684729372229335,0.0,0.0007457468025256
758,0,173,1,0,1.0,0.0,0.0,1,10.0,0.0,0.2250950570342205,0.0050502765133442,1,0.2422757579007539,0.0,0.0003062544335556
759,0,173,1,0,1.0,0.0,0.0,1,10.0,0.0,0.2052704576976421,0.0009082863068393,1,0.2155181967681936,0.0,0.000380633459967
760,0,173,3,0,1.0,0.0,0.0,3,10.0,10.949522365176389,0.2050334795659201,0.0018831332608609,3,0.2224738130988095,0.0,0.0006763146495158
761,0,173,39,4,0.9069767441860465,0.10256410256410256,0.17306652244456477,43,9.0,10760.017749265024,0.3035897435897436,0.1989081553825807,7,0.3618060024310051,0.1085271317829457,0.0065393478908472
762,0,173,13,3,0.8125,0.23076923076923078,0.3203125,16,9.0,2718.0706745600187,0.2969899665551839,0.1326582496390197,7,0.3395837802087826,0.2916666666666667,0.0024086878605434
763,4,118,1,2,0.3333333333333333,0.0,0.4444444444444444,3,9.0,73.43756039659283,0.2593457943925233,0.0191125231186263,3,0.2809984091234058,0.3333333333333333,0.0005910424090272
764,0,173,8,1,0.8888888888888888,0.14285714285714285,0.19753086419753085,9,9.0,2771.2162044110487,0.2844330557335041,0.0686876423380634,5,0.3180560024310032,0.1666666666666666,0.0016928341471232
765,0,173,1,0,1.0,0.0,0.0,1,10.0,0.0,0.2130518234165067,0.0029995254516743,1,0.2283685471185428,0.0,0.0003247458513515
766,1,157,1,1,0.5,0.0,0.5,2,10.0,887.0,0.2138213339754394,0.0020385935357922,1,0.2295161232661189,0.0,0.00075073626016
767,0,173,4,0,1.0,0.5,0.0,4,9.0,21.48967899904357,0.2439560439560439,0.0221138120421457,4,0.2701500607750565,0.5,0.0006999738743619
768,0,173,17,4,0.8095238095238095,0.19117647058823528,0.308390022675737,21,9.0,2615.0681215886643,0.2780212899185973,0.0942380873899404,7,0.3192210067210071,0.1666666666666666,0.0032485062908858
769,3,119,3,2,0.6,0.3333333333333333,0.5599999999999999,5,8.0,71.4220121278874,0.2948207171314741,0.0809247082914322,5,0.3184993028743033,0.4,0.0007757922629268
770,0,173,6,4,0.6,0.13333333333333333,0.48,10,8.0,1618.78565377619,0.2728948985863552,0.0306560267100496,5,0.2992425461175448,0.0666666666666666,0.0017531941220107
771,4,118,3,1,0.75,0.0,0.375,4,10.0,906.7241098775428,0.2296353762606671,0.0058672709232837,3,0.2482214357214319,0.0,0.0009367607641136
772,0,173,6,2,0.75,0.26666666666666666,0.375,8,9.0,253.33232692824245,0.265788686022149,0.0470728139191112,6,0.2952264764764749,0.2142857142857142,0.0012797962250651
773,0,173,3,0,1.0,0.0,0.0,3,10.0,37.81526529844608,0.2334384858044164,0.0112213750699549,2,0.2575723044473004,0.0,0.0006728251897136
774,0,173,1,0,1.0,0.0,0.0,1,10.0,0.0,0.2130518234165067,0.0029995254516743,1,0.2283685471185428,0.0,0.0003247458513515
775,0,173,5,2,0.7142857142857143,0.2,0.40816326530612246,7,9.0,973.7105380346156,0.2616381850324101,0.0276550487404235,5,0.2867992992992962,0.1904761904761904,0.0012130185103914
776,0,173,9,2,0.8181818181818182,0.4444444444444444,0.2975206611570247,11,9.0,358.9818764447173,0.2742433600988264,0.0661059457106571,7,0.3072653010153007,0.4181818181818181,0.0016566914554595
777,0,173,3,0,1.0,0.3333333333333333,0.0,3,10.0,22.056541076181883,0.232156862745098,0.0087983839427139,3,0.2544191512941474,0.3333333333333333,0.0006171961632817
778,0,173,3,0,1.0,0.0,0.0,3,10.0,66.81508221256553,0.2063197026022304,0.0008196216741065,2,0.2184836622336588,0.0,0.0008182127265793
779,0,173,4,1,0.8,0.16666666666666666,0.31999999999999984,5,9.0,106.37129811975578,0.2660275614140204,0.0302061587572841,5,0.2917810667810647,0.2,0.0008662826734312
780,0,173,16,1,0.9411764705882353,0.15,0.11072664359861584,17,9.0,3103.024351878708,0.290385873119686,0.1006278000241571,6,0.3309313778063794,0.1691176470588235,0.0027505104933752
781,0,173,1,0,1.0,0.0,0.0,1,10.0,0.0,0.2130518234165067,0.0029995254516743,1,0.2283685471185428,0.0,0.0003247458513515
782,4,118,1,1,0.5,0.0,0.5,2,10.0,0.0,0.2341772151898734,0.0083472512950093,2,0.248685292435289,1.0,0.0004782021653935
783,0,173,6,3,0.6666666666666666,0.06666666666666667,0.4444444444444444,9,9.0,2573.3286748969567,0.2540045766590389,0.0211270169783157,4,0.2847454597454559,0.0277777777777777,0.001764872835061
784,0,173,9,1,0.9,0.16666666666666666,0.17999999999999994,10,9.0,3083.6701113670083,0.2859903381642512,0.0725719297850848,5,0.3208900865150875,0.1777777777777777,0.0018576091571833
785,0,173,6,2,0.75,0.2,0.40625,8,9.0,2026.6372625339416,0.2810126582278481,0.0388124325436163,5,0.3096006721006721,0.1428571428571428,0.0014239920379095
786,4,118,2,0,1.0,1.0,0.0,2,9.0,0.0,0.2339920948616601,0.0095732145195248,2,0.2543749106249064,1.0,0.000433874107747
787,0,173,2,0,1.0,0.0,0.0,2,10.0,1.8152236652236653,0.2289840123775141,0.0100584248575228,2,0.2497457278707238,0.0,0.0004454753386524
788,0,173,3,0,1.0,0.0,0.0,3,9.0,919.3514080153489,0.2567958357432041,0.0147701823167557,2,0.2779216716716682,0.0,0.0007741972973885
789,0,173,1,0,1.0,0.0,0.0,1,9.0,0.0,0.2176470588235294,0.002805691128819,1,0.2305734305734259,0.0,0.0003239100180447
790,0,173,4,2,0.6666666666666666,0.0,0.4444444444444444,6,9.0,522.666995612096,0.2598010532475132,0.0185352942537808,4,0.2830080080080048,0.0,0.0011068242739726
791,4,118,1,0,1.0,0.0,0.0,1,9.0,0.0,0.2283363332476215,0.0055562086603627,1,0.2442692692692651,0.0,0.0003062657769659
792,0,173,1,0,1.0,0.0,0.0,1,10.0,0.0,0.2380058965424819,0.0062268792885956,1,0.2537421349921316,0.0,0.0003174163077949
793,0,173,1,1,0.5,0.0,0.5,2,9.0,40.51227286894783,0.2525597269624573,0.008935849549312,2,0.2692692692692662,0.0,0.0004607484700177
794,0,173,4,0,1.0,0.0,0.0,4,9.0,219.6934580502272,0.2369263607257203,0.0090343850226129,3,0.2583833833833794,0.0,0.0007977285080457
795,0,173,1,0,1.0,0.0,0.0,1,10.0,0.0,0.2175937270276892,0.0047295916167664,1,0.2350046475046427,0.0,0.0003002160682799
796,6,66,1,0,1.0,0.0,0.0,1,10.0,0.0,0.1896625373771892,0.0001830346431591,1,0.1959763334763324,0.0,0.0004782187383229
797,6,66,1,1,0.5,0.0,0.5,2,9.0,887.0,0.2339920948616601,0.003647002975114,1,0.2456876519376482,0.0,0.0007282113633791
798,0,173,2,1,0.6666666666666666,0.0,0.4444444444444444,3,9.0,211.0472587256019,0.2777604003753519,0.0548712847131621,3,0.3052932396682396,0.3333333333333333,0.0005776938697168
799,0,173,3,1,0.75,0.3333333333333333,0.375,4,9.0,79.25722305264249,0.245575221238938,0.0193343438014249,4,0.2728903010152968,0.1666666666666666,0.0007244198232727
800,0,173,7,0,1.0,0.38095238095238093,0.0,7,9.0,171.61664998546388,0.2639714625445897,0.045361504497921,6,0.2922234734734711,0.3809523809523809,0.0011389580125643
801,0,173,5,5,0.5,0.7,0.5,10,9.0,293.0602710989333,0.2719754977029096,0.0569747677755134,7,0.3031174031174026,0.2888888888888889,0.0015181395898796
802,0,173,17,1,0.9444444444444444,0.051470588235294115,0.1049382716049383,18,9.0,3713.455794803418,0.2901012740934335,0.0997883875739685,6,0.3301806270556286,0.0849673202614379,0.0029482074020553
803,0,173,9,2,0.8181818181818182,0.2222222222222222,0.2975206611570247,11,9.0,1422.228861910024,0.2695810564663023,0.0540417862540659,6,0.3004334691834684,0.2363636363636364,0.0018682096100184
804,0,173,3,0,1.0,0.3333333333333333,0.0,3,9.0,55.45937458144911,0.2453038674033149,0.0108914681490059,3,0.2688295438295401,0.3333333333333333,0.0006153516212221
805,0,173,3,0,1.0,0.3333333333333333,0.0,3,9.0,344.0320288443356,0.253207869974337,0.0129933714097102,2,0.2721408908908876,0.3333333333333333,0.0006797577305663
806,0,173,18,1,0.9473684210526315,0.10457516339869281,0.09972299168975085,19,9.0,4528.823379912072,0.2706491923194148,0.0597661626092977,6,0.3063644001143994,0.1111111111111111,0.0034874375374439
807,4,118,1,0,1.0,0.0,0.0,1,11.0,0.0,0.1685649202733485,5.334918908990792e-05,1,0.1770141082641096,0.0,0.0004873248215942
808,4,118,1,1,0.5,0.0,0.5,2,10.0,887.0,0.2026934489842501,0.0010629935840155,1,0.2176502395252363,0.0,0.0007496374416644
809,4,118,1,0,1.0,0.0,0.0,1,9.0,0.0,0.2238467355684396,0.0031124103010702,1,0.2359265515515471,0.0,0.0003174289863486
810,3,119,1,0,1.0,0.0,0.0,1,9.0,0.0,0.2748375116063138,0.0491063019943393,1,0.2999253718003715,0.0,0.0002867476042512
811,4,118,1,0,1.0,0.0,0.0,1,9.0,0.0,0.2442244224422442,0.0078266502355941,1,0.2582520020019988,0.0,0.0003080369287211
812,4,118,1,1,0.5,0.0,0.5,2,9.0,19.250785665189685,0.2252092315495815,0.0037020605792618,2,0.240590590590586,0.0,0.0004738268849207
813,0,173,1,0,1.0,0.0,0.0,1,10.0,0.0,0.2130518234165067,0.0029995254516743,1,0.2283685471185428,0.0,0.0003247458513515
814,0,173,2,0,1.0,0.0,0.0,2,10.0,5.002873414078846,0.2292204439855446,0.0072209855451683,2,0.2479814636064597,0.0,0.0004873242552301
815,0,173,9,0,1.0,0.2777777777777778,0.0,9,9.0,881.6372481280924,0.2712278558338424,0.0492516778716373,5,0.3011466823966818,0.2777777777777778,0.0014706863526398
816,0,173,4,0,1.0,0.0,0.0,4,9.0,46.06528516740904,0.2516293567582884,0.024498254730509,4,0.2776508651508612,0.0,0.0007146406578867
817,0,173,7,0,1.0,0.09523809523809523,0.0,7,9.0,298.0058499321889,0.249789029535865,0.0280366651296135,5,0.2795840483340443,0.0952380952380952,0.0011984523777774
818,0,173,9,3,0.75,0.05555555555555555,0.41666666666666674,12,9.0,4637.679151496172,0.2717258261933905,0.0405170839130269,6,0.3055600243100242,0.0454545454545454,0.0023630725374572
819,0,173,7,1,0.875,0.0,0.21875,8,9.0,1968.0266547598144,0.2833439693682195,0.0675596914621129,5,0.3161603567853574,0.1071428571428571,0.0014308427648942
820,0,173,1,0,1.0,0.0,0.0,1,10.0,0.0,0.2123893805309734,0.0027122322438984,1,0.2262101387101345,0.0,0.0003130905605701
821,0,173,12,1,0.9230769230769231,0.19696969696969696,0.14201183431952646,13,9.0,1911.8565664708103,0.2904808635917566,0.103476709867924,6,0.328360056485058,0.2435897435897435,0.0020731610432957
822,0,173,5,1,0.8333333333333334,0.2,0.2777777777777777,6,9.0,116.49764534907716,0.2828926409684613,0.074237545186385,5,0.3141896360646365,0.4,0.0009744710824157
823,0,173,2,0,1.0,0.0,0.0,2,11.0,887.0,0.1949934123847167,0.0016799675004022,1,0.2111165142415118,0.0,0.000763843978707
824,0,173,4,0,1.0,0.0,0.0,4,9.0,210.05200413364332,0.2594973699590882,0.0174590692527954,3,0.2801068926068893,0.0,0.0007892578499601
825,0,173,3,2,0.6,0.0,0.5599999999999999,5,9.0,494.112713365822,0.2811016144349477,0.0634428186478873,4,0.3109426390676393,0.3,0.0008705649591002
826,0,173,2,1,0.6666666666666666,0.0,0.4444444444444444,3,10.0,143.89500173046378,0.2383252818035426,0.0173580990324436,2,0.2645328364078324,0.0,0.0006384912557458
827,0,173,2,0,1.0,0.0,0.0,2,10.0,0.6666666666666666,0.2256097560975609,0.004854369251402,2,0.2427074395824356,0.0,0.0004741340496069
828,0,173,12,0,1.0,0.12121212121212122,0.0,12,9.0,1441.629701127678,0.25,0.0309888699670434,6,0.2822492134992095,0.1212121212121212,0.0021100761056746
829,4,118,1,0,1.0,0.0,0.0,1,11.0,0.0,0.186790071518721,0.000294464755606,1,0.1963785620035611,0.0,0.000367790571261
830,0,173,2,0,1.0,0.0,0.0,2,10.0,1.1,0.206993006993007,0.0019430125448678,2,0.2196102352352317,0.0,0.0005321196682071
831,0,173,8,0,1.0,0.17857142857142858,0.0,8,9.0,176.07380862335611,0.251772044230224,0.0398437047269076,6,0.2840510153010114,0.1785714285714285,0.0012609287337468
832,0,173,2,0,1.0,0.0,0.0,2,10.0,1.6407598148977454,0.2339920948616601,0.0149908885531479,2,0.2586421242671202,0.0,0.0004372159932213
833,0,173,2,2,0.5,0.0,0.625,4,8.0,709.6027203045576,0.30546955624355,0.1024863129595153,4,0.3326134169884187,0.1666666666666666,0.0006801407317117
834,0,173,1,0,1.0,0.0,0.0,1,10.0,0.0,0.2061281337047353,0.0012909052897766,1,0.2175081331331297,0.0,0.000339521644547
835,0,173,0,1,0.0,0.0,0.0,1,10.0,0.0,0.1964167219641672,0.0007279451786316,1,0.208968343343341,0.0,0.0003443262440292
836,0,173,4,1,0.8,0.5,0.31999999999999984,5,9.0,58.14962539118724,0.2895337463319204,0.0796820240719644,5,0.3226731195481209,0.6,0.0008074629081337
837,0,173,3,0,1.0,0.0,0.0,3,9.0,260.8179252473426,0.2330708661417322,0.0052219072678954,2,0.2513263263263223,0.0,0.0007074741268158
838,0,173,17,0,1.0,0.11764705882352941,0.0,17,10.0,2105.089929973258,0.2553925798101812,0.0499649826757776,6,0.2903412340912308,0.1176470588235294,0.0029203284740516
839,0,173,9,1,0.9,0.1111111111111111,0.17999999999999994,10,9.0,646.2893180792043,0.2837967401725791,0.0756038139363942,6,0.317248945373946,0.1555555555555555,0.0015554911770203
840,0,173,13,0,1.0,0.16666666666666666,0.0,13,10.0,834.03110707017,0.2394822006472491,0.0355250910813981,6,0.2749521843271799,0.1666666666666666,0.0022653468035889
841,0,173,3,1,0.75,0.3333333333333333,0.375,4,9.0,71.12274467141106,0.2573167197913648,0.0195491016476006,4,0.2781281281281248,0.1666666666666666,0.0007159249401227
842,0,173,8,1,0.8888888888888888,0.35714285714285715,0.19753086419753085,9,9.0,651.7558840900367,0.288780487804878,0.0909523289153423,6,0.3239869333619346,0.4166666666666667,0.0013998872127876
843,1,157,1,0,1.0,0.0,0.0,1,11.0,0.0,0.1761904761904762,0.0001023122939346,1,0.1848456004706013,0.0,0.0004877918194548
844,0,173,8,0,1.0,0.14285714285714285,0.0,8,10.0,2717.709427601669,0.2420278004905968,0.03338938488221,5,0.274198752323748,0.1428571428571428,0.0016541822113733
845,0,173,3,0,1.0,0.0,0.0,3,9.0,75.5839059306833,0.2486698403808457,0.0197744220507497,3,0.2754549192049153,0.0,0.0006037306167087
846,0,173,4,0,1.0,0.0,0.0,4,10.0,902.2739225646294,0.2301114278310443,0.006745837926411,3,0.2519604425854386,0.0,0.0009296818658459
847,0,173,1,0,1.0,0.0,0.0,1,10.0,0.0,0.2137184115523465,0.002033458718426,1,0.2287653725153682,0.0,0.0003361132136234
848,0,173,1,0,1.0,0.0,0.0,1,10.0,0.0,0.2000450551926109,0.0015552597009183,1,0.2149274274274245,0.0,0.0003181926330388
849,0,173,3,0,1.0,0.0,0.0,3,10.0,899.68389643774,0.2401947525020286,0.0080300274988139,2,0.2587909337909304,0.0,0.0008021357319172
850,0,173,4,0,1.0,0.3333333333333333,0.0,4,10.0,478.033782575062,0.2449655172413793,0.0099358098099367,3,0.2659042971542938,0.3333333333333333,0.000827416721393
851,0,173,5,0,1.0,0.1,0.0,5,9.0,988.0241998507896,0.2479061976549413,0.0210012344674601,3,0.274835549835546,0.1,0.0010392609838022
852,0,173,15,1,0.9375,0.19047619047619047,0.1171875,16,9.0,2837.159382142947,0.2897226753670473,0.0957613888671101,6,0.3288855820105835,0.2166666666666666,0.0025747268623763
853,0,173,3,0,1.0,1.0,0.0,3,10.0,0.0,0.2285126093669583,0.0118783564963767,3,0.2492389711139671,1.0,0.0005837392672492
854,0,173,4,1,0.8,0.3333333333333333,0.31999999999999984,5,9.0,303.0206658456773,0.2833439693682195,0.0645446603842375,4,0.3144899363649369,0.3,0.000855640007489
855,0,173,23,1,0.9583333333333334,0.11857707509881422,0.07986111111111094,24,10.0,4528.266909400696,0.2513444664590999,0.0582185889080146,6,0.2945963820963794,0.108695652173913,0.0041636476598677
856,0,173,1,0,1.0,0.0,0.0,1,10.0,0.0,0.1987021705079436,0.0010540033783585,1,0.2117930430430404,0.0,0.0003454032761332
857,0,173,5,0,1.0,0.4,0.0,5,10.0,52.6861538791996,0.2444260941370768,0.0170815019284784,5,0.2678750178750144,0.4,0.0009169108606092
858,0,173,8,0,1.0,0.07142857142857142,0.0,8,10.0,140.31037303461423,0.2313705054715998,0.0164839075766579,5,0.2572532353782313,0.0714285714285714,0.0014524260882785
859,0,173,2,0,1.0,1.0,0.0,2,10.0,0.0,0.232156862745098,0.0090315791464322,2,0.253874856999853,1.0,0.0004506649151797
860,0,173,2,0,1.0,0.0,0.0,2,11.0,2.651791264291264,0.2039503904455673,0.003122105694364,2,0.2203891797641764,0.0,0.0004933626696036
861,0,173,2,0,1.0,0.0,0.0,2,10.0,41.74610282436641,0.2261268143621085,0.0054430887291098,2,0.2437584906334867,0.0,0.0004955031585757
862,0,173,2,0,1.0,0.0,0.0,2,10.0,3.7068181818181816,0.2418959411604467,0.011420135996967,2,0.2601985914485882,0.0,0.0004529691452409
863,0,173,8,0,1.0,0.14285714285714285,0.0,8,10.0,484.3361115528913,0.2371161548731642,0.0191070795503288,5,0.2623891748891711,0.1428571428571428,0.001450954361432
864,0,173,2,0,1.0,0.0,0.0,2,10.0,6.579575979575979,0.2286891578676281,0.0067910704897459,2,0.2490137458887419,0.0,0.000456068643449
865,0,173,2,0,1.0,1.0,0.0,2,10.0,0.0,0.2275756022552537,0.0077278989016584,2,0.2477562383812344,1.0,0.0004529737947373
866,0,173,1,0,1.0,0.0,0.0,1,10.0,0.0,0.221501621351958,0.0034472738823032,1,0.2363823645073601,0.0,0.0003286076894485
867,3,119,1,0,1.0,0.0,0.0,1,9.0,0.0,0.2748375116063138,0.0491063019943393,1,0.2999253718003715,0.0,0.0002867476042512
868,0,173,2,1,0.6666666666666666,0.0,0.4444444444444444,3,9.0,536.8620579681465,0.2769806612601372,0.0516093271771189,3,0.3040732696982695,0.0,0.0006168247360889
869,0,173,2,0,1.0,0.0,0.0,2,11.0,5.4637889343771695,0.2014062145611249,0.0014575954356608,2,0.215584374959372,0.0,0.000498718863085
870,2,139,1,0,1.0,0.0,0.0,1,10.0,0.0,0.2310093652445369,0.0074570826391189,1,0.2443121693121656,0.0,0.0003183526389257
871,0,173,4,0,1.0,0.16666666666666666,0.0,4,10.0,264.87661473380143,0.2428884026258205,0.0122436165240129,3,0.2629012941512907,0.1666666666666666,0.0008405521741859
872,0,173,3,0,1.0,0.3333333333333333,0.0,3,10.0,7.587132312132313,0.2248101265822784,0.0079167803576137,3,0.2434581903331862,0.3333333333333333,0.0006408247396881
873,0,173,4,0,1.0,0.6666666666666666,0.0,4,10.0,14.90858721664772,0.2396114409066378,0.0158114428503249,4,0.2650543400543361,0.6666666666666666,0.0007509206643407
874,0,173,1,0,1.0,0.0,0.0,1,10.0,0.0,0.2224448897795591,0.0036422172842266,1,0.2377712533962491,0.0,0.0003266256872474
875,0,173,1,0,1.0,0.0,0.0,1,11.0,0.0,0.2009049773755656,0.0029218563074181,1,0.2197832166582135,0.0,0.0003161914301738
876,0,173,1,0,1.0,0.0,0.0,1,10.0,0.0,0.2304099636741048,0.0065239522437616,1,0.2495392714142676,0.0,0.0003046484914775
877,0,173,2,0,1.0,0.0,0.0,2,10.0,34.57601350062634,0.2095327984898537,0.0015384592116468,2,0.2231012262262223,0.0,0.0005496938172922
878,0,173,1,0,1.0,0.0,0.0,1,11.0,0.0,0.1949078138718173,0.0016757359916957,1,0.2103657634907611,0.0,0.0003444857688453
879,0,173,1,0,1.0,0.0,0.0,1,10.0,0.0,0.2078165223496372,0.0017812871029344,1,0.2205888924638888,0.0,0.0003235369825745
880,0,173,1,0,1.0,0.0,0.0,1,11.0,0.0,0.1871049304677623,0.0003385580012124,1,0.1983108514358504,0.0,0.0003662863053791
881,0,173,3,0,1.0,0.3333333333333333,0.0,3,11.0,27.20994317267137,0.2014976174268209,0.0049779544854743,2,0.2225046881296848,0.3333333333333333,0.0006748991020336
882,0,173,1,0,1.0,0.0,0.0,1,11.0,0.0,0.2009049773755656,0.0029218563074181,1,0.2197832166582135,0.0,0.0003161914301738
883,0,173,2,0,1.0,0.0,0.0,2,11.0,1.0,0.1775289884046381,0.0001124642392674,2,0.1868677118677125,0.0,0.0007261302198805
884,0,173,2,0,1.0,0.0,0.0,2,11.0,14.582138757966773,0.1793577055140375,0.0001547113409272,2,0.189981986856987,0.0,0.0006856170714836
885,0,173,1,0,1.0,0.0,0.0,1,10.0,0.0,0.2380058965424819,0.0062268792885956,1,0.2537421349921316,0.0,0.0003174163077949
886,0,173,1,0,1.0,0.0,0.0,1,11.0,0.0,0.193717277486911,0.0004030085052941,1,0.203231843856842,0.0,0.0003960006995967
887,0,173,1,0,1.0,0.0,0.0,1,12.0,0.0,0.1632052931446425,8.43136827837528e-05,1,0.1724725130975143,0.0,0.0004933625998373
888,6,66,1,0,1.0,0.0,0.0,1,13.0,0.0,0.1282125324862835,2.76872150950942e-07,1,0.1320982633482641,0.0,0.0006624594122045
