node,community_id,community_size,internal_degree,external_degree,internal_ratio,embeddedness,participation_coef,degree,eccentricity,betweenness_centrality,closeness_centrality,eigenvector_centrality,coreness_centrality,harmonic_centrality,clustering_coefficient,pagerank
0,7,171,3,0,1.0,0.0,0.0,3,27.0,30684.96426767196,0.0660878406400085,1.002685456250472e-16,2,0.0743987612464307,0.0,0.0002123680167598
1,0,203,4,0,1.0,0.0,0.0,4,40.0,63484.209380122185,0.0457585357268567,1.9806655311645158e-17,2,0.0565783561862117,0.0,0.0002951346096018
2,0,203,1,0,1.0,0.0,0.0,1,43.0,0.0,0.0398409587638011,3.4023442927690263e-19,1,0.0468250042967586,0.0,9.985259622641396e-05
3,20,122,1,0,1.0,0.0,0.0,1,40.0,0.0,0.0396943375304336,1.958292568711433e-18,1,0.0424643105392642,0.0,0.0001233759435835
4,19,124,1,0,1.0,0.0,0.0,1,37.0,0.0,0.0522093871209799,0.0,1,0.059295246488793,0.0,9.349222397621742e-05
5,11,144,2,0,1.0,0.0,0.0,2,39.0,2108.213600973801,0.0470426907657293,0.0,2,0.0533276858382175,0.0,0.000176659752176
6,11,144,1,0,1.0,0.0,0.0,1,35.0,0.0,0.0550362637729921,1.1710551085610678e-19,1,0.0624135904151385,0.0,0.0001081101055686
7,11,144,1,0,1.0,0.0,0.0,1,35.0,0.0,0.0550362637729921,3.5363236149139253e-19,1,0.0624135904151385,0.0,0.0001081101055686
8,11,144,3,0,1.0,0.0,0.0,3,34.0,9877.0,0.0582409809007309,1.0783735827036458e-17,1,0.067693793688913,0.0,0.0002744183946674
9,11,144,6,0,1.0,0.0,0.0,6,33.0,42086.27577299889,0.0618388934092758,0.0,2,0.0741160400076807,0.0,0.0004254563867373
10,11,144,2,0,1.0,0.0,0.0,2,34.0,12.766666666666664,0.0582698341550874,0.0,2,0.0678725988019286,0.0,0.0001477128393865
11,11,144,2,0,1.0,0.0,0.0,2,35.0,1169.6616855366908,0.0561925561925561,0.0,2,0.0671903293192319,0.0,0.0001485522181714
12,11,144,1,0,1.0,0.0,0.0,1,39.0,0.0,0.0458030838270609,0.0,1,0.0515338583949986,0.0,0.0001023808550202
13,11,144,4,1,0.8,0.0,0.31999999999999984,5,38.0,21949.86620598348,0.0480012437569232,3.2832317295354096e-17,2,0.0554200119190426,0.0,0.0004236625172983
14,19,124,4,1,0.8,0.0,0.31999999999999984,5,39.0,15289.036510946593,0.0469617461403909,3.2393379782244626e-17,2,0.0538561385537023,0.0,0.0004343753624899
15,11,144,1,0,1.0,0.0,0.0,1,39.0,0.0,0.0458030838270609,0.0,1,0.0515338583949986,0.0,0.0001023808550202
16,19,124,1,0,1.0,0.0,0.0,1,40.0,0.0,0.0448556718816681,0.0,1,0.0501949528162321,0.0,0.0001042020387028
17,19,124,1,0,1.0,0.0,0.0,1,40.0,0.0,0.0448556718816681,0.0,1,0.0501949528162321,0.0,0.0001042020387028
18,19,124,2,0,1.0,0.0,0.0,2,37.0,1918.4164184007252,0.0518091242789722,1.5926465429454446e-17,2,0.0591121113408629,0.0,0.0001713536005676
19,19,124,3,0,1.0,0.0,0.0,3,36.0,29072.56199157429,0.054130460985525,3.9906946574822586e-17,2,0.062346106044307,0.0,0.0002468390821752
20,19,124,2,0,1.0,0.0,0.0,2,35.0,33687.24294395586,0.057140213292618,0.0,2,0.0664266338950923,0.0,0.0001611418234382
21,11,144,2,0,1.0,0.0,0.0,2,40.0,7974.062160714437,0.0465366028279935,1.487184662817719e-17,2,0.0522318219122917,0.0,0.0001795795879483
22,13,136,1,0,1.0,0.0,0.0,1,34.0,0.0,0.0567992365446747,0.0,1,0.0661338481997392,0.0,9.57116933814874e-05
23,29,100,1,0,1.0,0.0,0.0,1,36.0,0.0,0.0521267503086452,0.0,1,0.0610537818949657,0.0,8.966033722551595e-05
24,29,100,2,0,1.0,0.0,0.0,2,35.0,6562.253686972606,0.0544244667724308,0.0,2,0.0639325520859107,0.0,0.000166080333942
25,11,144,2,0,1.0,0.0,0.0,2,37.0,1610.2112623854273,0.0517477975760242,4.861432876992191e-19,2,0.0591803206829996,0.0,0.0001638482376746
26,11,144,4,0,1.0,0.3333333333333333,0.0,4,35.0,6422.52612140163,0.0581231174698795,0.0,2,0.0691739699735688,0.3333333333333333,0.0002702908533279
27,11,144,2,0,1.0,0.0,0.0,2,41.0,1920.437839285054,0.0443431115579332,3.3331901125925886e-17,2,0.0488901027043912,0.0,0.000190637600412
28,11,144,1,0,1.0,0.0,0.0,1,34.0,0.0,0.0585495359890012,0.0,1,0.0690369259277941,0.0,8.976365021766819e-05
29,19,124,3,0,1.0,0.0,0.0,3,38.0,14153.23507810948,0.0489627625306017,1.200929945897991e-17,2,0.0555599995138712,0.0,0.0002702658594252
30,11,144,2,0,1.0,1.0,0.0,2,35.0,0.0,0.0585231782587577,0.0,2,0.0686350574856785,1.0,0.0001455459739392
31,11,144,2,0,1.0,0.0,0.0,2,38.0,2084.467748917756,0.0516493282450729,1.388820019018728e-17,2,0.0594001254106713,0.0,0.000165443792825
32,11,144,2,0,1.0,0.0,0.0,2,37.0,707.7686274509804,0.0530943014982481,0.0,2,0.0615558363826456,0.0,0.00015928804606
33,11,144,1,0,1.0,0.0,0.0,1,35.0,0.0,0.0592240924567208,0.0,1,0.0676113495841348,0.0,0.0001012042080964
34,11,144,3,0,1.0,0.0,0.0,3,34.0,14201.730287670876,0.0629515884444331,8.749376872667257e-18,2,0.0738508693735711,0.0,0.0002500446388832
35,11,144,4,1,0.8,0.16666666666666666,0.31999999999999984,5,33.0,283877.0067654663,0.0671633674135305,0.0,2,0.081393508880231,0.1,0.0003433371307571
36,11,144,6,0,1.0,0.0,0.0,6,34.0,214288.99907314623,0.0636565125508994,0.0,2,0.0769473594713757,0.0,0.00045461598148
37,11,144,1,0,1.0,0.0,0.0,1,35.0,0.0,0.0598475945870637,0.0,1,0.0697325952663545,0.0,9.47621577892451e-05
38,11,144,1,0,1.0,0.0,0.0,1,35.0,0.0,0.0598475945870637,0.0,1,0.0697325952663545,0.0,9.47621577892451e-05
39,11,144,1,0,1.0,0.0,0.0,1,35.0,0.0,0.0598475945870637,0.0,1,0.0697325952663545,0.0,9.47621577892451e-05
40,11,144,2,0,1.0,0.0,0.0,2,36.0,1868.869780219779,0.0568770580514426,3.210440932666783e-17,2,0.0656915118075191,0.0,0.000178733476827
41,11,144,5,0,1.0,0.1,0.0,5,35.0,80608.64326146252,0.0555536812748107,3.6258378696910564e-18,2,0.0660554138149418,0.1,0.0003503241995146
42,11,144,3,0,1.0,0.0,0.0,3,34.0,81316.43403704264,0.0586712273450675,0.0,2,0.0704070762453123,0.0,0.0002134598344661
43,11,144,2,0,1.0,0.0,0.0,2,35.0,9154.812094990884,0.055950075317409,0.0,2,0.0660349484877377,0.0,0.0001567293572745
44,11,144,1,0,1.0,0.0,0.0,1,36.0,0.0,0.0574084834398605,0.0,1,0.0672479521872535,0.0,9.556787824735932e-05
45,11,144,1,0,1.0,0.0,0.0,1,36.0,0.0,0.0574084834398605,0.0,1,0.0672479521872535,0.0,9.556787824735932e-05
46,19,124,1,1,0.5,0.0,0.5,2,36.0,28632.918051168483,0.0584110768212077,0.0,2,0.0704110278685342,0.0,0.000153945516486
47,11,144,4,1,0.8,0.0,0.31999999999999984,5,35.0,85867.79002264343,0.0609041930194424,1.729515878138064e-17,2,0.0739174202628629,0.0,0.0003835861833398
48,11,144,3,0,1.0,0.0,0.0,3,35.0,7554.194921249873,0.0561172327615585,2.4042649514563847e-17,2,0.0647342262908711,0.0,0.0002331002471342
49,13,136,1,0,1.0,0.0,0.0,1,33.0,0.0,0.0599951420937575,0.0,1,0.0712424977328068,0.0,8.942782773827507e-05
50,11,144,3,0,1.0,0.0,0.0,3,33.0,6078.3322683891765,0.0618543792650097,0.0,2,0.0738163251027027,0.0,0.0002014645559499
51,11,144,3,0,1.0,0.0,0.0,3,39.0,19473.610633760483,0.0488041019156103,2.643630947436988e-17,2,0.0557055984905016,0.0,0.0002447126608459
52,19,124,3,0,1.0,0.0,0.0,3,38.0,400.6445304976752,0.0501222617924289,0.0,2,0.0572174111561766,0.0,0.0002124083045349
53,29,100,2,0,1.0,0.0,0.0,2,36.0,2240.8386776794,0.0517868562023671,2.76642963093868e-17,2,0.0598015744754055,0.0,0.000171585473657
54,19,124,2,0,1.0,0.0,0.0,2,39.0,6404.685746777094,0.0482242917667271,3.066801547445927e-17,2,0.0542001840607297,0.0,0.0001881790914272
55,19,124,2,0,1.0,0.0,0.0,2,37.0,733.5278347383644,0.0522104907151991,0.0,2,0.0594301992553248,0.0,0.0001641586712965
56,19,124,5,0,1.0,0.3,0.0,5,37.0,12719.495599393176,0.0532344795629169,0.0,2,0.0617079413576195,0.3,0.0003233323604312
57,11,144,1,1,0.5,0.0,0.5,2,34.0,13800.120802615114,0.0589611381648047,0.0,2,0.0717748397233992,0.0,0.0001496401759352
58,11,144,4,0,1.0,0.16666666666666666,0.0,4,36.0,8645.580936085686,0.0535559410234171,7.273718273751687e-18,2,0.0623552148866521,0.1666666666666666,0.0002918321901969
59,11,144,2,0,1.0,0.0,0.0,2,37.0,2513.9060636989407,0.052720888784538,0.0,2,0.0607779044878829,0.0,0.0001593272554996
60,11,144,2,0,1.0,0.0,0.0,2,37.0,4190.162691792935,0.0538143948059304,0.0,2,0.0622621481295704,0.0,0.0001575404423609
61,11,144,3,0,1.0,0.0,0.0,3,34.0,4944.833333333332,0.0582409809007309,0.0,2,0.067693793688913,0.0,0.0002393707843687
62,11,144,2,0,1.0,0.0,0.0,2,37.0,4684.590968753261,0.0536524969046636,0.0,2,0.0617460718789439,0.0,0.0001601399707242
63,18,130,1,0,1.0,0.0,0.0,1,34.0,0.0,0.0635353431422985,0.0,1,0.073688887545748,0.0,9.557653771337916e-05
64,18,130,1,0,1.0,0.0,0.0,1,34.0,0.0,0.0635353431422985,0.0,1,0.073688887545748,0.0,9.557653771337916e-05
65,18,130,1,0,1.0,0.0,0.0,1,34.0,0.0,0.0635353431422985,0.0,1,0.073688887545748,0.0,9.557653771337916e-05
66,18,130,1,0,1.0,0.0,0.0,1,33.0,0.0,0.0668760491687875,0.0,1,0.0787943682547756,0.0,8.686767125395732e-05
67,18,130,1,0,1.0,0.0,0.0,1,32.0,0.0,0.0676656713146864,0.0,1,0.0788567641990683,0.0,9.290491934236464e-05
68,18,130,6,0,1.0,0.0,0.0,6,33.0,730346.1320099392,0.0678450276736297,0.0,2,0.081513061379626,0.0,0.0004603645456504
69,18,130,5,2,0.7142857142857143,0.0,0.44897959183673464,7,32.0,2246182.132117021,0.0716679481785605,0.0,2,0.0881674013764908,0.0,0.0004653718932006
70,18,130,3,0,1.0,0.0,0.0,3,31.0,1803808.688983457,0.0725755505604771,0.0,2,0.0875598933661163,0.0,0.0002207530315157
71,11,144,2,0,1.0,0.0,0.0,2,39.0,340.2349206349201,0.0473533866298575,0.0,2,0.0532407458812423,0.0,0.0001694796277897
72,29,100,3,0,1.0,0.3333333333333333,0.0,3,35.0,9779.693095960552,0.0561013003236613,0.0,2,0.0659635802824339,0.3333333333333333,0.0002165520489506
73,29,100,3,0,1.0,0.0,0.0,3,36.0,5635.697785716031,0.0534233094334317,8.720182030479259e-18,2,0.0627888801386737,0.0,0.0002221306460678
74,11,144,1,0,1.0,0.0,0.0,1,34.0,0.0,0.0585495359890012,0.0,1,0.0690369259277941,0.0,8.976365021766819e-05
75,11,144,2,0,1.0,0.0,0.0,2,34.0,10690.640664395643,0.0582677722602941,0.0,2,0.0679133329216101,0.0,0.000156676285222
76,11,144,4,0,1.0,0.16666666666666666,0.0,4,37.0,18147.693034139804,0.0522911793037016,1.806422269828025e-17,2,0.0606617945518508,0.1666666666666666,0.0002904574437721
77,11,144,3,0,1.0,0.0,0.0,3,36.0,24259.34584952184,0.0551511633099629,0.0,2,0.0650351744623043,0.0,0.0002150336173161
78,19,124,2,0,1.0,0.0,0.0,2,37.0,15948.447904062345,0.0532195684259289,3.358984107054648e-17,2,0.0607591510566024,0.0,0.0001807781570225
79,19,124,2,0,1.0,0.0,0.0,2,36.0,20831.281237396477,0.0561740257672757,0.0,2,0.0652564678849914,0.0,0.0001667641892538
80,19,124,4,0,1.0,0.0,0.0,4,35.0,59204.69019586716,0.059488686311581,0.0,2,0.0710292586748549,0.0,0.0002803540961868
81,13,136,1,1,0.5,0.0,0.5,2,34.0,301.9158008658011,0.0579472140762463,0.0,2,0.0693618014998006,0.0,0.0001566856495985
82,11,144,1,1,0.5,0.0,0.5,2,34.0,1335.844941354468,0.0587395957193816,0.0,2,0.0702027905400145,0.0,0.0001563550512969
83,11,144,3,0,1.0,0.0,0.0,3,37.0,36068.58452324336,0.0501237874913754,0.0,2,0.057971152629178,0.0,0.0002482328131277
84,29,100,2,0,1.0,1.0,0.0,2,35.0,0.0,0.0546756538389171,0.0,2,0.064879805379705,1.0,0.0001524586177837
85,11,144,1,1,0.5,0.0,0.5,2,33.0,9091.971326188435,0.0601639284365903,0.0,2,0.0721944014394193,0.0,0.000158930673429
86,11,144,3,0,1.0,0.3333333333333333,0.0,3,38.0,5264.568253968248,0.0496991891184933,9.532155694253388e-18,2,0.0566339783530222,0.3333333333333333,0.0002310678845187
87,19,124,2,0,1.0,0.0,0.0,2,37.0,4939.0,0.0522104907151991,0.0,1,0.0594301992553248,0.0,0.0001867658974463
88,19,124,8,0,1.0,0.0,0.0,8,36.0,42842.13463799221,0.0550847457627118,5.006797754815807e-17,2,0.0645601645798554,0.0,0.000594202323733
89,19,124,1,0,1.0,0.0,0.0,1,38.0,0.0,0.0496203141950259,1.4120107000695277e-17,1,0.0553632593253357,0.0,0.0001097337334942
90,19,124,1,0,1.0,0.0,0.0,1,37.0,0.0,0.0522093871209799,0.0,1,0.059295246488793,0.0,9.349222397621742e-05
91,29,100,3,0,1.0,0.0,0.0,3,36.0,9193.287656827406,0.0530059980471474,0.0,2,0.0634069046637016,0.0,0.0002109631781181
92,11,144,3,0,1.0,0.0,0.0,3,35.0,25326.529892381062,0.0580670945294684,0.0,2,0.06934008146833,0.0,0.0002085645068248
93,11,144,1,0,1.0,0.0,0.0,1,35.0,0.0,0.0559323377226254,0.0,1,0.0655839009972166,0.0,8.689267558855891e-05
94,11,144,7,0,1.0,0.047619047619047616,0.0,7,34.0,51885.96742185388,0.0592454006859993,2.4543300193570785e-17,2,0.0721279257168164,0.0476190476190476,0.0004655778112503
95,11,144,2,1,0.6666666666666666,0.0,0.4444444444444444,3,33.0,147577.06695391264,0.0627174161440215,0.0,2,0.0767099341305428,0.0,0.0002089638387096
96,19,124,2,0,1.0,0.0,0.0,2,39.0,50.37142857142854,0.048534627590069,1.1090349634543005e-17,2,0.0544499214409486,0.0,0.0001601486048574
97,11,144,2,0,1.0,0.0,0.0,2,35.0,4700.0346832754,0.0594157054712964,1.833229969261175e-17,2,0.0684231151352722,0.0,0.0001771659357479
98,11,144,8,1,0.8888888888888888,0.0,0.19753086419753085,9,33.0,139579.5404445742,0.0621899942090288,2.77106876256134e-17,2,0.0765463340725901,0.0,0.0006289985979328
99,13,136,2,0,1.0,0.0,0.0,2,33.0,6938.188156888675,0.0601382937280872,4.230675830985408e-17,2,0.0717143150517902,0.0,0.0001656183628256
100,13,136,1,1,0.5,0.0,0.5,2,34.0,5475.951241186048,0.0588789168186314,0.0,2,0.0707556250199744,0.0,0.0001601514544184
101,11,144,3,0,1.0,0.0,0.0,3,36.0,20699.348160173176,0.055631883600982,0.0,2,0.0648310404717226,0.0,0.0002372646391
102,11,144,1,0,1.0,0.0,0.0,1,35.0,0.0,0.05850446481442,0.0,1,0.0681935691494537,0.0,8.585635588497169e-05
103,11,144,2,1,0.6666666666666666,0.0,0.4444444444444444,3,37.0,25383.96857373328,0.0537219292045022,0.0,2,0.0624129151571237,0.0,0.0002259209101214
104,11,144,3,0,1.0,0.0,0.0,3,37.0,4738.63500527271,0.0521922873745377,1.469031878299505e-17,2,0.0604105680895257,0.0,0.0002365626288977
105,18,130,2,1,0.6666666666666666,0.0,0.4444444444444444,3,34.0,153421.09861061545,0.0640767883779752,0.0,2,0.0771198507661191,0.0,0.000210944410145
106,11,144,2,0,1.0,0.0,0.0,2,36.0,856.1822871572841,0.0552937621025061,1.5494263468684358e-17,2,0.0634415014410152,0.0,0.0001621873358987
107,19,124,2,0,1.0,0.0,0.0,2,36.0,1562.8595238095236,0.0530247735176677,5.485474095408018e-18,2,0.0599938656942838,0.0,0.0001662739936949
108,18,130,3,1,0.75,0.3333333333333333,0.375,4,30.0,2164351.965357969,0.0742165199362999,0.0,2,0.0907478835512413,0.1666666666666666,0.000258429076804
109,19,124,2,0,1.0,0.0,0.0,2,38.0,11101.031237396784,0.0505696766202258,3.4969719344244704e-17,2,0.0570860396232031,0.0,0.0001871650576707
110,11,144,2,0,1.0,1.0,0.0,2,38.0,0.0,0.0496961892881574,0.0,2,0.0564450444798779,1.0,0.0001575496678279
111,19,124,4,0,1.0,0.0,0.0,4,38.0,5749.612882441284,0.0509593563028677,1.8187938432945936e-18,2,0.0581964840805579,0.0,0.0002825269731234
112,29,100,3,0,1.0,0.3333333333333333,0.0,3,34.0,28914.012287677117,0.0592966030488536,0.0,2,0.070723771822538,0.3333333333333333,0.0002147823209485
113,29,100,3,0,1.0,0.0,0.0,3,33.0,401015.5236744309,0.0629933308680072,0.0,2,0.0771561259279491,0.0,0.0002141148192347
114,11,144,1,0,1.0,0.0,0.0,1,34.0,0.0,0.0582155862215256,1.6682549932570198e-17,1,0.0669995099025241,0.0,0.0001046115183982
115,11,144,2,0,1.0,0.0,0.0,2,33.0,4939.0,0.0618133586926599,0.0,1,0.0731940234277694,0.0,0.0001747136266322
116,18,130,4,1,0.8,0.16666666666666666,0.31999999999999984,5,31.0,74330.97878428869,0.0698598560377865,0.0,2,0.085328457196083,0.1,0.0003436062759289
117,18,130,1,0,1.0,0.0,0.0,1,32.0,0.0,0.0652990006873579,0.0,1,0.0768040665747338,0.0,8.877129398750843e-05
118,18,130,1,0,1.0,0.0,0.0,1,32.0,0.0,0.0652990006873579,0.0,1,0.0768040665747338,0.0,8.877129398750843e-05
119,19,124,4,0,1.0,0.16666666666666666,0.0,4,38.0,3093.336075583866,0.0506064579577118,0.0,2,0.0579542986695998,0.1666666666666666,0.0002668301198697
120,11,144,2,0,1.0,0.0,0.0,2,40.0,2750.841949708266,0.0465681884597618,1.1764495150204298e-17,2,0.0525734303713087,0.0,0.0001747738756607
121,11,144,1,0,1.0,0.0,0.0,1,37.0,0.0,0.0526854656371315,1.9049740883617146e-17,1,0.0595846144220319,0.0,0.0001074419745776
122,11,144,2,0,1.0,0.0,0.0,2,36.0,4939.0,0.055614973262032,0.0,1,0.0643206298297329,0.0,0.0001813735235248
123,11,144,5,0,1.0,0.1,0.0,5,35.0,35973.146536616834,0.0588880411977875,0.0,2,0.0702150105739086,0.1,0.0003511154003192
124,11,144,4,0,1.0,0.0,0.0,4,37.0,38945.37084222488,0.0540185893931109,0.0,2,0.0635714467964252,0.0,0.0002796053170179
125,11,144,3,0,1.0,0.0,0.0,3,34.0,2471.453353924197,0.0586552047589081,0.0,2,0.0700751215940258,0.0,0.0002176219149985
126,29,100,1,0,1.0,0.0,0.0,1,33.0,0.0,0.0624233923449208,0.0,1,0.074396220516222,0.0,9.149760217723052e-05
127,29,100,1,0,1.0,0.0,0.0,1,33.0,0.0,0.0624233923449208,0.0,1,0.074396220516222,0.0,9.149760217723052e-05
128,29,100,1,0,1.0,0.0,0.0,1,33.0,0.0,0.0624233923449208,0.0,1,0.074396220516222,0.0,9.149760217723052e-05
129,29,100,6,2,0.75,0.0,0.40625,8,32.0,571883.7798449467,0.0665786139788134,7.968000502041282e-17,2,0.0828307899935435,0.0,0.0005754294126836
130,19,124,2,0,1.0,0.0,0.0,2,37.0,18668.00701173178,0.0513844681603528,0.0,2,0.058416342354292,0.0,0.0001768712938663
131,11,144,3,0,1.0,0.6666666666666666,0.0,3,35.0,1483.5261214018765,0.0581224336121798,0.0,2,0.0690727553986701,0.6666666666666666,0.0001972222451375
132,29,100,1,0,1.0,0.0,0.0,1,35.0,0.0,0.0544190709100322,0.0,1,0.063701686460308,0.0,9.315650763777638e-05
133,13,136,1,0,1.0,0.0,0.0,1,34.0,0.0,0.0571131279264697,0.0,1,0.0675472057367269,0.0,9.023475279731956e-05
134,11,144,2,0,1.0,0.0,0.0,2,36.0,3112.12077367077,0.0525057129191688,1.5968607302763932e-17,2,0.0599998629887245,0.0,0.0001800428896709
135,11,144,2,0,1.0,0.0,0.0,2,34.0,17682.048551448508,0.0585620295181079,0.0,2,0.0693569567741406,0.0,0.0001655397361234
136,11,144,2,0,1.0,0.0,0.0,2,38.0,1834.491422406288,0.0512448132780083,2.5511093505294122e-17,2,0.0586096071377945,0.0,0.0001681780474781
137,11,144,3,0,1.0,0.0,0.0,3,38.0,9557.265079365068,0.0495163634541171,1.4401952577187645e-17,2,0.0560382466968886,0.0,0.0002440691301658
138,11,144,5,1,0.8333333333333334,0.1,0.2777777777777777,6,33.0,111583.64510402716,0.0637090533917977,0.0,2,0.0776354903361704,0.0666666666666666,0.0003873845558923
139,11,144,5,0,1.0,0.2,0.0,5,34.0,13330.454934701922,0.0608374384236453,0.0,2,0.0727226692309166,0.2,0.0003111339012767
140,11,144,7,0,1.0,0.09523809523809523,0.0,7,34.0,78378.19518401462,0.0621391464043572,0.0,2,0.0752267724624408,0.0952380952380952,0.0004570434136915
141,11,144,3,0,1.0,0.3333333333333333,0.0,3,34.0,54051.57577336839,0.0633308975295822,0.0,2,0.0755621559985904,0.3333333333333333,0.0002068388695248
142,11,144,2,0,1.0,1.0,0.0,2,34.0,0.0,0.0630150266602035,0.0,2,0.0741284893020007,1.0,0.0001473298856735
143,11,144,4,0,1.0,0.0,0.0,4,34.0,22375.2320607304,0.0602137955412537,0.0,2,0.0720334321134261,0.0,0.0003088580904514
144,19,124,2,0,1.0,0.0,0.0,2,38.0,4672.53732492996,0.050895304032474,1.213761721397956e-17,2,0.0573832268249924,0.0,0.000161949279913
145,11,144,3,0,1.0,0.0,0.0,3,38.0,16764.57117261691,0.0511254851228978,7.244397865494833e-18,2,0.0587122953257412,0.0,0.0002326067791277
146,11,144,2,0,1.0,0.0,0.0,2,37.0,5164.063493354221,0.0536851485578908,0.0,2,0.0619076455729064,0.0,0.000160433692675
147,19,124,2,0,1.0,0.0,0.0,2,40.0,3864.116943050237,0.0462694116104377,0.0,2,0.0523178965281029,0.0,0.0001841781525592
148,19,124,3,0,1.0,0.0,0.0,3,39.0,443.10156395891977,0.0487987987987987,0.0,2,0.0554505324516328,0.0,0.000215159766405
149,19,124,2,0,1.0,1.0,0.0,2,37.0,0.0,0.0532138355972552,0.0,2,0.0612112692263319,1.0,0.0001412088413413
150,11,144,3,0,1.0,0.0,0.0,3,34.0,28020.6761868578,0.0600017004530492,0.0,2,0.0712957227057951,0.0,0.0002120528893168
151,11,144,2,0,1.0,0.0,0.0,2,34.0,6589.390203879341,0.0589358148413266,0.0,2,0.0699600239856644,0.0,0.0001635361075077
152,19,124,2,0,1.0,1.0,0.0,2,37.0,0.0,0.0532138355972552,0.0,2,0.0612112692263319,1.0,0.0001412088413412
153,11,144,7,0,1.0,0.047619047619047616,0.0,7,36.0,83131.85012962416,0.0567255356773763,0.0,2,0.0674733017465771,0.0476190476190476,0.0004825865504955
154,11,144,7,0,1.0,0.047619047619047616,0.0,7,36.0,33897.373089651104,0.0566676225982219,0.0,2,0.0670056963650042,0.0476190476190476,0.0004897375551273
155,11,144,2,0,1.0,0.0,0.0,2,37.0,1990.825502440519,0.0539548701369623,0.0,2,0.062468375302024,0.0,0.0001575237783489
156,11,144,2,0,1.0,0.0,0.0,2,37.0,2325.875502440518,0.0539985134012504,0.0,2,0.0627702860543398,0.0,0.0001564640239304
157,11,144,3,1,0.75,0.3333333333333333,0.375,4,35.0,153026.09159284676,0.0599754756152342,0.0,2,0.0715753650696509,0.1666666666666666,0.0002778225347837
158,11,144,1,0,1.0,0.0,0.0,1,37.0,0.0,0.0536810649280086,0.0,1,0.0616849735081289,0.0,8.895802249687738e-05
159,11,144,1,0,1.0,0.0,0.0,1,37.0,0.0,0.0536291986017326,0.0,1,0.061365553274741,0.0,8.98263587735865e-05
160,19,124,1,0,1.0,0.0,0.0,1,39.0,0.0,0.0466777534205155,0.0,1,0.0519179933454407,0.0,0.0001069335539166
161,11,144,2,0,1.0,0.0,0.0,2,40.0,6833.937839285424,0.0463897679572538,3.6468889165744285e-17,2,0.0516164880948562,0.0,0.0001858626230358
162,11,144,2,0,1.0,0.0,0.0,2,37.0,4939.0,0.0515205873764131,1.5601366797130065e-17,1,0.0588205272751819,0.0,0.0001972593374298
163,11,144,4,0,1.0,0.0,0.0,4,36.0,15096.577770974756,0.0543173496651896,5.1054173765688723e-17,2,0.063506556185891,0.0,0.0003286432079347
164,11,144,1,0,1.0,0.0,0.0,1,37.0,0.0,0.0515195127547295,0.0,1,0.0586855745086501,0.0,0.0001001949087657
165,11,144,1,0,1.0,0.0,0.0,1,38.0,0.0,0.0489967566924213,1.6359460365955413e-17,1,0.0548930767393229,0.0,0.0001141934454872
166,11,144,2,0,1.0,0.0,0.0,2,42.0,24.5,0.042587675437084,3.2211008031269804e-17,2,0.046841005529368,0.0,0.000191265314217
167,11,144,2,0,1.0,1.0,0.0,2,36.0,0.0,0.0526377478715809,0.0,2,0.0608899679454233,1.0,0.0001519276814137
168,11,144,2,0,1.0,0.0,0.0,2,36.0,24221.098412698437,0.0549273380255067,0.0,2,0.0637679361684549,0.0,0.000158236236683
169,11,144,3,0,1.0,0.0,0.0,3,36.0,33268.642863296205,0.0549493331553597,0.0,2,0.064094364126462,0.0,0.0002265868440563
170,11,144,4,0,1.0,0.0,0.0,4,35.0,88003.96647236972,0.0581101269247509,2.2046868835589016e-18,2,0.069192232788152,0.0,0.0002836662130823
171,11,144,3,0,1.0,0.0,0.0,3,34.0,132352.13756019995,0.0615975460734681,0.0,2,0.074526284635239,0.0,0.0002150533694949
172,19,124,2,0,1.0,0.0,0.0,2,37.0,3559.751711023476,0.052264624043843,0.0,2,0.0598736767180333,0.0,0.0001536745769277
173,11,144,2,0,1.0,0.0,0.0,2,37.0,126.14166666666662,0.0538231897321914,0.0,2,0.0623997517540162,0.0,0.0001492424886399
174,11,144,4,0,1.0,0.0,0.0,4,36.0,15206.435494318936,0.0549597258688976,2.5254425581187286e-17,2,0.0646890381477997,0.0,0.0002916810032101
175,19,124,2,0,1.0,1.0,0.0,2,38.0,0.0,0.0505691589550405,0.0,2,0.0574264858391554,1.0,0.000142026128825
176,11,144,2,0,1.0,0.0,0.0,2,41.0,3042.0621607153184,0.0444704505558806,3.1597834200360333e-17,2,0.0493254582709182,0.0,0.0001879673104998
177,19,124,3,0,1.0,0.0,0.0,3,34.0,42795.196325807054,0.058556476180316,2.4274408631075585e-17,2,0.0682345048355769,0.0,0.0002446095086835
178,19,124,3,0,1.0,0.0,0.0,3,35.0,35069.95987483049,0.055991929908078,0.0,2,0.0647579485652689,0.0,0.0002334646987568
179,19,124,3,0,1.0,0.0,0.0,3,33.0,128624.41409666052,0.0621641687744598,0.0,2,0.0738677661226721,0.0,0.0002237235315196
180,19,124,1,0,1.0,0.0,0.0,1,35.0,0.0,0.0553179100132135,2.5706128112817762e-20,1,0.0628854271176279,0.0,9.966425453989688e-05
181,11,144,2,0,1.0,0.0,0.0,2,35.0,2261.318382271402,0.056852184320766,0.0,2,0.0668936084244696,0.0,0.0001509201654845
182,19,124,1,0,1.0,0.0,0.0,1,36.0,0.0,0.0574779512717287,0.0,1,0.0673141362412454,0.0,8.87358653182259e-05
183,19,124,1,0,1.0,0.0,0.0,1,36.0,0.0,0.0574779512717287,0.0,1,0.0673141362412454,0.0,8.87358653182259e-05
184,19,124,6,1,0.8571428571428571,0.0,0.24489795918367352,7,35.0,157781.61284982035,0.0609823842383991,2.663028721229631e-17,2,0.0742782270563232,0.0,0.0004807570207888
185,11,144,2,0,1.0,0.0,0.0,2,38.0,243.1277777777777,0.0497216993950862,0.0,2,0.0567757225737138,0.0,0.0001570474878725
186,11,144,2,0,1.0,0.0,0.0,2,35.0,4326.146030441058,0.0585086223232897,0.0,2,0.0684061197567409,0.0,0.0001547859736419
187,11,144,4,0,1.0,0.0,0.0,4,37.0,18941.270641073905,0.052124000253234,3.542137424491708e-17,2,0.0600829991464544,0.0,0.0003057273129014
188,11,144,2,0,1.0,0.0,0.0,2,33.0,4912.890476190476,0.0618149056509334,0.0,2,0.0732446307152188,0.0,0.0001536155582315
189,11,144,2,0,1.0,0.0,0.0,2,37.0,1021.127088919852,0.0531159950109672,0.0,2,0.0617162315430407,0.0,0.0001588376504321
190,19,124,1,1,0.5,0.0,0.5,2,38.0,1529.5281052281152,0.0511175496688741,1.1445336990516229e-17,2,0.0584892426976515,0.0,0.000167194431855
191,11,144,3,0,1.0,0.0,0.0,3,35.0,19205.638710079267,0.0567587752053771,0.0,2,0.0665777156465323,0.0,0.0002212027523117
192,19,124,3,0,1.0,0.0,0.0,3,37.0,20010.92305113821,0.0536158112376135,6.439407986390474e-18,2,0.0615631862760177,0.0,0.0002242161027145
193,19,124,1,1,0.5,0.0,0.5,2,36.0,24876.123051138064,0.0566156667239699,0.0,2,0.0658424955307506,0.0,0.00015292341149
194,11,144,3,0,1.0,0.0,0.0,3,38.0,25299.44396709625,0.0512799219382564,0.0,2,0.059319869098057,0.0,0.0002250148649384
195,19,124,2,0,1.0,0.0,0.0,2,37.0,3889.1058289215134,0.0522629652356065,0.0,2,0.0598062003347674,0.0,0.0001609887874845
196,11,144,2,0,1.0,0.0,0.0,2,39.0,11765.937839284225,0.0486426341857282,1.5687983565404165e-17,2,0.0548313990360718,0.0,0.0001752550959557
197,19,124,1,0,1.0,0.0,0.0,1,36.0,0.0,0.0540197707987052,0.0,1,0.0614200803156495,0.0,9.488458759346836e-05
198,19,124,6,0,1.0,0.13333333333333333,0.0,6,36.0,47195.62226755105,0.056197670185657,0.0,2,0.0664936371484767,0.1333333333333333,0.0003944760916836
199,19,124,4,0,1.0,0.0,0.0,4,34.0,95295.7585484072,0.0605251228267927,0.0,2,0.0719153757648277,0.0,0.000286333441925
200,19,124,2,0,1.0,0.0,0.0,2,36.0,32477.49133977357,0.0575120787007392,0.0,2,0.0681096346025326,0.0,0.0001446199783066
201,19,124,3,0,1.0,0.0,0.0,3,35.0,24437.547594442465,0.0571038851448982,0.0,2,0.0666457933905675,0.0,0.0002277400959314
202,11,144,2,0,1.0,0.0,0.0,2,35.0,2141.6684302777453,0.0576147045788528,1.994241864116856e-18,2,0.0672134841219474,0.0,0.000171952298952
203,11,144,1,0,1.0,0.0,0.0,1,36.0,0.0,0.054931002657593,0.0,1,0.0634129269392467,0.0,8.779503341176386e-05
204,19,124,2,0,1.0,0.0,0.0,2,38.0,260.1270701802141,0.0501181937159495,0.0,2,0.0569475056231132,0.0,0.0001588154435492
205,11,144,6,1,0.8571428571428571,0.0,0.24489795918367352,7,32.0,279234.0648054812,0.0658833571171363,0.0,2,0.0813308247452492,0.0,0.0004565285439992
206,19,124,1,1,0.5,0.0,0.5,2,32.0,130941.54126948808,0.0657439446366782,0.0,2,0.0788839852800394,0.0,0.0001487374601666
207,18,130,2,3,0.4,1.0,0.72,5,31.0,809072.4507831939,0.0701395692237793,0.0,2,0.0867692484673405,0.1,0.000323475877391
208,11,144,2,0,1.0,0.0,0.0,2,34.0,54.5095238095238,0.0584103861706907,0.0,2,0.0685953909670284,0.0,0.0001522907577834
209,11,144,1,0,1.0,0.0,0.0,1,35.0,0.0,0.0550362637729921,1.752413196645611e-18,1,0.0624135904151385,0.0,9.817994931734854e-05
210,11,144,4,0,1.0,0.0,0.0,4,37.0,14814.0,0.0527040146803085,8.13315454754628e-17,1,0.0602586552934417,0.0,0.0003819845832703
211,11,144,1,0,1.0,0.0,0.0,1,38.0,0.0,0.0500658761528326,0.0,1,0.0560308725407747,0.0,0.0001115299510244
212,11,144,1,0,1.0,0.0,0.0,1,38.0,0.0,0.0500658761528326,0.0,1,0.0560308725407747,0.0,0.0001115299510244
213,11,144,1,0,1.0,0.0,0.0,1,38.0,0.0,0.0500658761528326,0.0,1,0.0560308725407747,0.0,0.0001115299510244
214,29,100,2,0,1.0,0.0,0.0,2,36.0,4957.62950917295,0.0531394210599916,1.2860726507239806e-17,2,0.0613013890535102,0.0,0.0001592283918274
215,29,100,3,0,1.0,0.3333333333333333,0.0,3,35.0,9621.12395361751,0.0560179620347901,1.2211545508018275e-17,2,0.0655469759690684,0.3333333333333333,0.0002202416984109
216,11,144,2,0,1.0,0.0,0.0,2,39.0,2540.4198412698443,0.0473701874670374,2.7306392173311985e-17,2,0.0534422595112481,0.0,0.0001819961667244
217,11,144,1,0,1.0,0.0,0.0,1,37.0,0.0,0.0500298761406102,0.0,1,0.056844276458988,0.0,9.979528294802454e-05
218,11,144,3,0,1.0,0.0,0.0,3,36.0,45190.37896769127,0.0526641223001641,0.0,2,0.0613813406078488,0.0,0.0002450719618888
219,11,144,1,0,1.0,0.0,0.0,1,40.0,0.0,0.0451075641915336,0.0,1,0.0497442284788058,0.0,0.0001040103938427
220,11,144,1,0,1.0,0.0,0.0,1,39.0,0.0,0.0455786832004724,0.0,1,0.0508665403068624,0.0,0.0001067731293186
221,11,144,3,0,1.0,0.0,0.0,3,38.0,8312.264102564095,0.0477548455701097,3.802853349187951e-17,2,0.0543833083493681,0.0,0.0002696996549616
222,11,144,2,0,1.0,0.0,0.0,2,37.0,524.2123321123322,0.0510599592760648,1.5184828877438058e-17,2,0.0583466574067029,0.0,0.0001739025333774
223,11,144,2,0,1.0,0.0,0.0,2,38.0,30.83333333333333,0.0495228165851311,1.514500809782336e-17,2,0.055862418813571,0.0,0.0001704936399985
224,11,144,3,0,1.0,0.0,0.0,3,39.0,4953.833333333334,0.0472379203840232,3.9096420269004207e-17,2,0.0529836315360714,0.0,0.0002599488238702
225,11,144,2,0,1.0,0.0,0.0,2,39.0,650.1006105006132,0.0465063734442959,1.3662106456096045e-17,2,0.0524884440836858,0.0,0.0001841215001765
226,11,144,2,0,1.0,0.0,0.0,2,38.0,47.16666666666666,0.0495327477640075,9.206498220578489e-18,2,0.0559220083468447,0.0,0.0001689951619935
227,11,144,2,0,1.0,0.0,0.0,2,37.0,4954.166666666667,0.0520937687838108,1.2666191856583368e-17,2,0.059526971166337,0.0,0.0001670176298948
228,11,144,2,0,1.0,0.0,0.0,2,38.0,7171.184310134295,0.0495889338379224,0.0,2,0.0562727995933847,0.0,0.0001726736519289
229,11,144,3,0,1.0,0.0,0.0,3,37.0,19349.765079365097,0.0520866282870458,2.6420948024624773e-17,2,0.0596661302528646,0.0,0.0002385844917306
230,11,144,2,0,1.0,0.0,0.0,2,38.0,72.16666666666669,0.0495476520029688,0.0,2,0.0560543613739345,0.0,0.0001671482249183
231,29,100,2,0,1.0,0.0,0.0,2,37.0,615.5849907071253,0.050894255336685,1.594278032926887e-17,2,0.0590081883021696,0.0,0.0001662190697697
232,11,144,2,0,1.0,0.0,0.0,2,36.0,17659.560539784285,0.0545753836295944,0.0,2,0.0638228139665997,0.0,0.0001493294708631
233,11,144,1,0,1.0,0.0,0.0,1,36.0,0.0,0.0537441387338577,1.7986967210133006e-17,1,0.060974773473644,0.0,0.0001113960389546
234,11,144,2,0,1.0,0.0,0.0,2,35.0,4939.0,0.0567959713950654,1.750990218883245e-17,1,0.0659253807457158,0.0,0.0001906772044119
235,29,100,1,0,1.0,0.0,0.0,1,33.0,0.0,0.0624233923449208,0.0,1,0.074396220516222,0.0,9.149760217723052e-05
236,11,144,3,0,1.0,0.0,0.0,3,35.0,12816.71521811522,0.0553439390544476,5.79399603193783e-17,2,0.0641441911234735,0.0,0.0002674450090798
237,11,144,1,0,1.0,0.0,0.0,1,36.0,0.0,0.0524421702990477,3.328135393133644e-18,1,0.0593834253328128,0.0,0.0001061343129855
238,23,107,2,1,0.6666666666666666,0.0,0.4444444444444444,3,34.0,105874.53434248712,0.0509993392798149,6.257366567769409e-05,2,0.0614356681882596,0.0,0.0002323012655447
239,17,131,3,0,1.0,0.0,0.0,3,36.0,41464.56263736262,0.0491948574444566,9.32420114340178e-06,2,0.0596234452729905,0.0,0.0002249670988335
240,17,131,4,0,1.0,0.16666666666666666,0.0,4,35.0,61136.62930402936,0.0517234158395108,6.719126407487388e-05,2,0.0644279771634911,0.1666666666666666,0.0002785122802301
241,17,131,2,0,1.0,0.0,0.0,2,36.0,73678.27301586985,0.0487631532189603,5.1866018803794094e-08,2,0.0578794666788216,0.0,0.0001574689135478
242,17,131,6,0,1.0,0.06666666666666667,0.0,6,35.0,90867.09141415,0.0512410924517929,3.8076623643421836e-07,2,0.0623330213559248,0.0666666666666666,0.0004163817066592
243,17,131,2,0,1.0,1.0,0.0,2,38.0,0.0,0.0446396298705992,4.904971782114176e-08,2,0.0521679217349606,1.0,0.0001491231266871
244,17,131,2,0,1.0,0.0,0.0,2,38.0,57.333333333333336,0.0446650572779631,6.466717970405448e-08,2,0.0524317368671965,0.0,0.0001637888902224
245,17,131,1,0,1.0,0.0,0.0,1,39.0,0.0,0.0427742661702311,4.7768619331074435e-09,1,0.0493007737492801,0.0,9.90130962429628e-05
246,17,131,5,0,1.0,0.1,0.0,5,37.0,20537.77785191429,0.0467568360576604,2.4413063327122484e-07,2,0.0567368629183833,0.1,0.0003337101024476
247,17,131,3,0,1.0,0.0,0.0,3,38.0,5254.2265873015895,0.0446852583875315,3.574550305058295e-08,2,0.0528973020038139,0.0,0.0002423113029295
248,17,131,1,0,1.0,0.0,0.0,1,38.0,0.0,0.0445277712678697,9.03776481328148e-09,1,0.0510648767189303,0.0,9.75933695890112e-05
249,17,131,6,0,1.0,0.4,0.0,6,36.0,20136.79080310017,0.0488789503888548,4.97041429343015e-07,3,0.0592274487125313,0.4,0.0003168546641368
250,17,131,2,0,1.0,0.0,0.0,2,37.0,4939.0,0.0466024546475099,6.763005785003634e-08,1,0.05469381487331,0.0,0.0001582003353163
251,23,107,5,0,1.0,0.3,0.0,5,36.0,22267.860760043965,0.0466442572799033,0.0001253382150857,2,0.0558471058787106,0.3,0.0003205100608144
252,23,107,6,0,1.0,0.06666666666666667,0.0,6,35.0,109853.86697206616,0.0489118596407849,0.000443254428482,2,0.0599073419437987,0.0666666666666666,0.000401513782256
253,23,107,2,1,0.6666666666666666,0.0,0.4444444444444444,3,36.0,457765.2467721981,0.0495774874049095,0.0028905347107854,2,0.0614964212622351,0.0,0.0001964188463641
254,17,131,3,0,1.0,0.0,0.0,3,35.0,24290.072929728376,0.0512703420790435,7.353122094266066e-07,2,0.0623466480800779,0.0,0.0001996233723111
255,17,131,3,0,1.0,0.0,0.0,3,34.0,108907.87594359278,0.0539873009628099,3.1545745173347555e-06,2,0.066734434447411,0.0,0.0001883673263171
256,17,131,1,0,1.0,0.0,0.0,1,40.0,0.0,0.0410414901217951,1.2669647089815492e-09,1,0.0467846415191449,0.0,0.0001038125094783
257,17,131,6,0,1.0,0.13333333333333333,0.0,6,38.0,10565.2775017209,0.0447099285003167,6.967806270062568e-08,2,0.0537646948448901,0.1333333333333333,0.0003828334977032
258,17,131,3,0,1.0,0.0,0.0,3,35.0,46014.0450753651,0.0513892789896909,3.0856829545508918e-06,2,0.0631912741018299,0.0,0.0001886942798282
259,17,131,2,0,1.0,0.0,0.0,2,39.0,4939.0,0.0427976123437324,9.480761816956548e-09,1,0.049888051968137,0.0,0.0001728336056441
260,17,131,5,0,1.0,0.1,0.0,5,39.0,21374.97142857276,0.0426163322348556,4.890732472953176e-10,2,0.0493640867727277,0.1,0.0003783053400452
261,17,131,4,0,1.0,0.0,0.0,4,39.0,10074.893650793922,0.0427003198202091,2.385764612507714e-09,2,0.049725928742338,0.0,0.0002907000668216
262,17,131,3,0,1.0,0.0,0.0,3,38.0,14906.560317463063,0.0445844351585274,1.655372252780104e-08,2,0.0520764365715834,0.0,0.0002191065840846
263,23,107,2,0,1.0,0.0,0.0,2,40.0,3841.440785698343,0.0395004077977323,0.0063473061675688,2,0.0461238027248189,0.0,0.0001456290358368
264,17,131,2,0,1.0,1.0,0.0,2,40.0,0.0,0.0408747528070364,7.463284487681966e-11,2,0.0462329696065992,1.0,0.000165101773434
265,17,131,1,0,1.0,0.0,0.0,1,42.0,0.0,0.037896222651815,1.2259689246911172e-11,1,0.042103844363346,0.0,0.0001075982228789
266,17,131,2,0,1.0,0.0,0.0,2,41.0,2.5,0.0393512617894468,5.486999921196371e-11,2,0.0444083018591274,0.0,0.0001672987912623
267,17,131,2,0,1.0,0.0,0.0,2,40.0,3360.980952381464,0.0409533678756476,3.2615499996868775e-10,2,0.0466722250918556,0.0,0.0001632339775656
268,17,131,1,0,1.0,0.0,0.0,1,38.0,0.0,0.0446408400430142,2.8958791808274613e-08,1,0.0517980284703306,0.0,0.0001037429389371
269,17,131,3,0,1.0,0.0,0.0,3,37.0,59147.0,0.0467263199712453,2.167001255343418e-07,2,0.0557374894847992,0.0,0.0002590048653797
270,17,131,1,0,1.0,0.0,0.0,1,38.0,0.0,0.0446376130623751,3.189013436228865e-08,1,0.0519357124238041,0.0,0.0001048658026754
271,17,131,1,0,1.0,0.0,0.0,1,38.0,0.0,0.0446376130623751,3.189013436066924e-08,1,0.0519357124238041,0.0,0.0001048658026754
272,17,131,2,0,1.0,0.0,0.0,2,38.0,4939.0,0.0446384197637958,3.246999658889725e-08,1,0.0520706651903357,0.0,0.0002045718914959
273,17,131,1,0,1.0,0.0,0.0,1,38.0,0.0,0.0446376130623751,3.1890134360320873e-08,1,0.0519357124238041,0.0,0.0001048658026754
274,17,131,7,0,1.0,0.0,0.0,7,37.0,34548.0,0.0467227844509599,2.3863551287490705e-07,2,0.0561956059297579,0.0,0.0006135917990245
275,17,131,1,0,1.0,0.0,0.0,1,38.0,0.0,0.0446376130623751,3.189013436142919e-08,1,0.0519357124238041,0.0,0.0001048658026754
276,17,131,2,0,1.0,0.0,0.0,2,38.0,4939.0,0.0444484434047147,1.0000583817778514e-09,1,0.0510460573889654,0.0,0.0001945769050834
277,17,131,2,0,1.0,0.0,0.0,2,37.0,1287.3886537797791,0.0466817232548689,1.970320528543401e-07,2,0.0550344425317517,0.0,0.0001587804359174
278,17,131,3,0,1.0,0.3333333333333333,0.0,3,37.0,4893.571428571429,0.0467285299431501,2.594244042220328e-07,2,0.05583235806651,0.3333333333333333,0.0002105675212007
279,17,131,5,0,1.0,0.7,0.0,5,36.0,24.20137629828033,0.0487597840356124,2.825056453193781e-07,4,0.0581977302865586,0.7,0.000239458249012
280,17,131,6,0,1.0,0.4666666666666667,0.0,6,36.0,10379.168369875631,0.0488784667596742,5.223714172263995e-07,3,0.0591937105208984,0.4666666666666667,0.0002936191252952
281,17,131,2,0,1.0,1.0,0.0,2,40.0,0.0,0.0408747528070364,7.463284381270818e-11,2,0.0462329696065992,1.0,0.0001651017734339
282,17,131,5,0,1.0,0.6,0.0,5,35.0,19015.526257469337,0.0512309957895173,4.858153565273895e-07,4,0.0621942127960635,0.6,0.0002455754380008
283,17,131,1,0,1.0,0.0,0.0,1,35.0,0.0,0.0512166547437612,3.002863450055545e-07,1,0.0613765436231305,0.0,7.9111380946764e-05
284,17,131,8,0,1.0,0.03571428571428571,0.0,8,34.0,179378.23578983685,0.0539808116790873,2.247058133451081e-06,2,0.0674985314615081,0.0357142857142857,0.0004588532128674
285,17,131,4,1,0.8,0.16666666666666666,0.31999999999999984,5,33.0,937351.768801254,0.0569938621994554,1.2071617956346969e-05,2,0.0722515225294798,0.1,0.0002875220786209
286,17,131,1,0,1.0,0.0,0.0,1,39.0,0.0,0.0425572239595447,1.336431422579907e-10,1,0.0479708132109323,0.0,0.00011305341174
287,17,131,2,0,1.0,0.0,0.0,2,38.0,25227.725396828693,0.0444620452540816,1.0475563346272546e-09,2,0.0514392606769057,0.0,0.0001627934129121
288,6,172,1,0,1.0,0.0,0.0,1,36.0,0.0,0.0465585327464821,1.1049985784686982e-06,1,0.0546376467593316,0.0,9.910392069026988e-05
289,23,107,2,0,1.0,1.0,0.0,2,36.0,0.0,0.0466358907549538,7.598406299517311e-05,2,0.0554178275546951,1.0,0.0001417260565709
290,6,172,3,0,1.0,0.0,0.0,3,35.0,9709.729394223885,0.0488316001739749,8.268761080981013e-06,2,0.0590289485198593,0.0,0.0002426318598024
291,17,131,1,0,1.0,0.0,0.0,1,38.0,0.0,0.0446335799925911,2.9560141938828062e-08,1,0.0517062927207001,0.0,0.0001034748385837
292,17,131,3,0,1.0,0.0,0.0,3,37.0,9869.0,0.0467183658029128,2.212000594299701e-07,2,0.0556051875761814,0.0,0.0002580586288384
293,17,131,1,0,1.0,0.0,0.0,1,37.0,0.0,0.0467241102083668,2.1442556746294923e-07,1,0.0554173783094246,0.0,8.676505521991391e-05
294,17,131,1,0,1.0,0.0,0.0,1,43.0,0.0,0.0365133451102422,1.641914551497166e-12,1,0.0401432243227397,0.0,0.0001185536254052
295,17,131,5,0,1.0,0.6,0.0,5,36.0,23.225108225108222,0.0487501603623696,2.619877947150076e-07,4,0.0580500052046231,0.6,0.0002477362948817
296,17,131,3,0,1.0,0.0,0.0,3,35.0,4885.790643051515,0.0512214342001576,3.483174372760969e-07,2,0.061781401922726,0.0,0.0001809930226513
297,17,131,3,0,1.0,0.3333333333333333,0.0,3,41.0,9876.0,0.0393885996316288,9.029792286868464e-11,2,0.0445258009935134,0.3333333333333333,0.0002696109727832
298,17,131,6,0,1.0,0.06666666666666667,0.0,6,36.0,59561.83340479134,0.0490137714807318,1.604557527841574e-06,2,0.0604214088234953,0.0666666666666666,0.0003981658456963
299,17,131,5,0,1.0,0.0,0.0,5,35.0,200166.44852756645,0.0515001772273305,1.0798912868206864e-05,2,0.0646285390411191,0.0,0.000309237590493
300,17,131,2,0,1.0,0.0,0.0,2,42.0,4939.0,0.0378968040873314,1.2286437400321653e-11,1,0.0422219280340613,0.0,0.0002075185842958
301,17,131,1,0,1.0,0.0,0.0,1,37.0,0.0,0.0464840552162825,2.9996242220123915e-08,1,0.0537464190624045,0.0,7.418434338764931e-05
302,17,131,5,0,1.0,0.6,0.0,5,36.0,4939.0,0.0487496792784258,2.244634202412718e-07,4,0.0580162670129902,0.6,0.0002578006841651
303,17,131,2,0,1.0,0.0,0.0,2,35.0,4939.0,0.0514261919633562,9.71517745551746e-06,1,0.0627315690520436,0.0,0.000169253900792
304,17,131,1,0,1.0,0.0,0.0,1,36.0,0.0,0.0488562301583377,2.861888220806433e-07,1,0.0580663729461933,0.0,7.546125539685906e-05
305,17,131,6,0,1.0,0.2,0.0,6,35.0,50176.74394918926,0.0513652338469856,2.141565645430669e-06,3,0.0634657656921111,0.2,0.0003183743175337
306,17,131,4,0,1.0,0.16666666666666666,0.0,4,34.0,77065.90323389832,0.0540919343888925,1.1853419591143278e-05,2,0.0676684234228982,0.1666666666666666,0.0002297515970805
307,17,131,1,0,1.0,0.0,0.0,1,36.0,0.0,0.048911375360152,1.2982909014975118e-06,1,0.0578536257293977,0.0,0.0001022911349162
308,17,131,4,0,1.0,0.16666666666666666,0.0,4,41.0,9877.0,0.0393885996316288,9.17400235759178e-11,2,0.0445932773767792,0.1666666666666666,0.000363482333174
309,17,131,3,0,1.0,0.0,0.0,3,39.0,14813.0,0.0429117442668519,3.550954181754642e-08,1,0.0497555347713713,0.0,0.000278748914917
310,17,131,3,0,1.0,0.3333333333333333,0.0,3,37.0,7017.610597958718,0.0466574736961408,7.03431384246907e-08,2,0.0554696230732079,0.3333333333333333,0.0002017869452457
311,17,131,4,0,1.0,0.0,0.0,4,36.0,41229.53455178121,0.0489079856642179,4.379914743197101e-07,2,0.0589905291992962,0.0,0.0002679691669893
312,17,131,3,0,1.0,1.0,0.0,3,37.0,0.0,0.0466055322842371,2.1899877876898318e-07,3,0.0549401036722306,1.0,0.0001566568821997
313,17,131,8,0,1.0,0.42857142857142855,0.0,8,36.0,2522.353762306537,0.0488712134702518,6.193662563249077e-07,4,0.0592399800408521,0.4285714285714285,0.0003747281720859
314,17,131,3,0,1.0,0.0,0.0,3,36.0,15989.152939493932,0.0489312387329384,1.3752863809836531e-06,2,0.0585425274709305,0.0,0.0002414872428504
315,17,131,3,0,1.0,0.0,0.0,3,35.0,53981.01705114978,0.0514422576278246,9.90717786593456e-06,2,0.0632354730427899,0.0,0.0002144251639982
316,17,131,7,0,1.0,0.09523809523809523,0.0,7,34.0,585832.8790199579,0.0542124381330728,7.140088066713072e-05,2,0.069108107782623,0.0952380952380952,0.0004278087802774
317,6,172,2,0,1.0,0.0,0.0,2,32.0,205961.90910469764,0.0562655185767329,2.2665220097100973e-06,2,0.0687612395121778,0.0,0.0001509222569797
318,6,172,2,1,0.6666666666666666,0.0,0.4444444444444444,3,33.0,201966.6300337689,0.0536158112376135,1.662547143830411e-05,2,0.0655645119296753,0.0,0.0002234524876793
319,23,107,4,0,1.0,0.16666666666666666,0.0,4,37.0,20283.05980895704,0.0446210821064041,0.0003292249688673,2,0.0527492753871663,0.1666666666666666,0.0002628031111386
320,23,107,2,0,1.0,0.0,0.0,2,38.0,15528.893142290464,0.0427846391020422,0.0021709093044885,2,0.0502360625768448,0.0,0.0001416753914652
321,23,107,3,0,1.0,0.0,0.0,3,39.0,10797.716219213506,0.041093383466152,0.0159158007868928,2,0.0485019972783357,0.0,0.0001957817762424
322,23,107,2,0,1.0,0.0,0.0,2,36.0,12479.126262027425,0.0466424956567716,0.0001032305357001,2,0.055509723962381,0.0,0.0001430850073494
323,17,131,1,0,1.0,0.0,0.0,1,42.0,0.0,0.037896222651815,1.2259685974073603e-11,1,0.042103844363346,0.0,0.0001075982228789
324,17,131,1,0,1.0,0.0,0.0,1,39.0,0.0,0.0427328246916143,8.361246162823941e-09,1,0.0488424601330719,0.0,0.0001064148115439
325,17,131,3,0,1.0,0.0,0.0,3,38.0,4946.0,0.0446400332541138,6.256763418537127e-08,2,0.0522562252443167,0.0,0.000268435003992
326,17,131,2,0,1.0,0.0,0.0,2,37.0,4939.0,0.0466499834741961,1.871286617289263e-07,1,0.0544506914874739,0.0,0.0001950436095053
327,17,131,3,0,1.0,0.0,0.0,3,36.0,9877.0,0.0491821231942494,9.31171096724066e-06,1,0.0592576268808563,0.0,0.000272317181988
328,17,131,1,0,1.0,0.0,0.0,1,37.0,0.0,0.0468770757814427,1.2443735259860195e-06,1,0.0549135978201098,0.0,0.0001075147619762
329,17,131,2,0,1.0,0.0,0.0,2,36.0,19147.068232877136,0.0487838598500933,1.0074635535943844e-07,2,0.0578542411171588,0.0,0.0001579794091949
330,17,131,3,0,1.0,0.0,0.0,3,37.0,14526.276566210296,0.0465475652042816,1.8577938877214365e-08,2,0.0546350755026809,0.0,0.0002508043292728
331,17,131,2,0,1.0,0.0,0.0,2,41.0,4939.0,0.0393870293887834,7.778547293328637e-11,1,0.0443065027478994,0.0,0.00020349130595
332,17,131,3,0,1.0,0.3333333333333333,0.0,3,38.0,29.9,0.0448296202187032,2.408507569431758e-07,2,0.0527846028825057,0.3333333333333333,0.0002212984475966
333,17,131,2,0,1.0,0.0,0.0,2,37.0,2733.2619963370003,0.0468979921203778,1.278228824048376e-06,2,0.0555452249648954,0.0,0.0001568001319015
334,17,131,4,0,1.0,0.16666666666666666,0.0,4,39.0,10007.023809523816,0.0426159645959678,4.838485932983222e-10,2,0.0492460031020125,0.1666666666666666,0.0003038837300941
335,17,131,4,0,1.0,0.16666666666666666,0.0,4,37.0,7443.809716599188,0.0467289719626168,2.6242209054315866e-07,2,0.0559167035455924,0.1666666666666666,0.0002951525543927
336,6,172,3,1,0.75,0.0,0.375,4,34.0,98296.23861640104,0.0513193434448369,5.956906845168158e-05,2,0.0635680491669446,0.0,0.0002970993387251
337,17,131,2,2,0.5,1.0,0.625,4,35.0,433434.8530370226,0.0520465679818785,0.0004127588851451,2,0.0656409155918926,0.1666666666666666,0.0002602759116111
338,6,172,2,0,1.0,0.0,0.0,2,35.0,4939.0,0.0488156763540421,8.105279171106045e-06,1,0.0584744372416643,0.0,0.0001867652909218
339,6,172,1,0,1.0,0.0,0.0,1,36.0,0.0,0.0465440566819929,1.0831516202448653e-06,1,0.0543352882990782,0.0,0.0001097334757213
340,17,131,4,0,1.0,0.16666666666666666,0.0,4,40.0,39468.0,0.0410009544756608,5.716777167148631e-10,2,0.0469591032472504,0.1666666666666666,0.000347375772134
341,17,131,2,0,1.0,0.0,0.0,2,39.0,44379.0,0.0427476159983385,4.0180702097458304e-09,2,0.0492515758711348,0.0,0.0001809505143631
342,17,131,4,0,1.0,0.16666666666666666,0.0,4,38.0,561.197619047619,0.0446719236055849,9.91145841122267e-08,2,0.0528889769954889,0.1666666666666666,0.0002823568158284
343,17,131,2,0,1.0,0.0,0.0,2,37.0,2952.086978154716,0.0467417941657914,2.276707771546104e-07,2,0.0559764683421993,0.0,0.0001467658785833
344,17,131,2,0,1.0,0.0,0.0,2,37.0,9891.36349206348,0.0466451381413706,6.074329531016017e-08,2,0.0550140041307465,0.0,0.0001493818738888
345,17,131,2,0,1.0,0.0,0.0,2,37.0,9891.36349206348,0.0466451381413706,6.074329530893008e-08,2,0.0550140041307465,0.0,0.0001493818738887
346,17,131,2,0,1.0,0.0,0.0,2,38.0,49300.0,0.0446489095362478,2.949574794033083e-08,2,0.052143603947485,0.0,0.0001806469075415
347,17,131,1,0,1.0,0.0,0.0,1,39.0,0.0,0.0425693259569481,1.4507897883001427e-10,1,0.0482545207314819,0.0,0.0001017734584756
348,17,131,1,0,1.0,0.0,0.0,1,39.0,0.0,0.0425693259569481,1.4507897495887112e-10,1,0.0482545207314819,0.0,0.0001017734584756
349,17,131,1,0,1.0,0.0,0.0,1,41.0,0.0,0.0392718022100326,1.128415448417857e-11,1,0.0438414846839779,0.0,9.792435079687272e-05
350,17,131,4,0,1.0,0.16666666666666666,0.0,4,40.0,6515.519047619982,0.04087678215323,8.444004510313388e-11,2,0.0465770991612551,0.1666666666666666,0.0003179582292578
351,17,131,4,0,1.0,0.0,0.0,4,37.0,68835.27301586595,0.0465146935585623,7.349844990557692e-09,2,0.0546901244797947,0.0,0.0003205801318815
352,17,131,4,0,1.0,0.0,0.0,4,38.0,24078.690476190397,0.0444616450808679,1.0856335739049403e-09,2,0.0516146992733969,0.0,0.0003360716771578
353,17,131,6,0,1.0,0.06666666666666667,0.0,6,38.0,29672.766666666663,0.0448328750215542,2.561427808608696e-07,2,0.0532231993737334,0.0666666666666666,0.0004626076815167
354,17,131,3,0,1.0,0.0,0.0,3,37.0,28973.033974358947,0.0469024448136719,1.3039828575751888e-06,2,0.0558758592428983,0.0,0.0002427704334596
355,17,131,5,0,1.0,0.2,0.0,5,37.0,23769.84268308399,0.0466918714555765,2.679269723524041e-07,2,0.055722701641064,0.2,0.0003456710367296
356,17,131,2,0,1.0,0.0,0.0,2,36.0,28233.93077832221,0.0489414189048614,1.3597534469501183e-06,2,0.0587006149974389,0.0,0.0001498760997897
357,17,131,2,0,1.0,0.0,0.0,2,38.0,4939.000000000001,0.0444784585603025,2.527811611723625e-09,1,0.0510997469517643,0.0,0.0001991764332282
358,17,131,1,0,1.0,0.0,0.0,1,40.0,0.0,0.0411464363354684,4.745329177659541e-09,1,0.0466676946218233,0.0,0.000109337086306
359,17,131,1,0,1.0,0.0,0.0,1,38.0,0.0,0.0446355964363807,2.9598318231895992e-08,1,0.0517448506539949,0.0,0.000101068972414
360,17,131,4,0,1.0,0.3333333333333333,0.0,4,37.0,12988.468674606238,0.0466499834741961,1.4945437283178845e-07,2,0.0557256535923966,0.3333333333333333,0.0002275822991669
361,17,131,3,0,1.0,0.0,0.0,3,37.0,7423.523616734144,0.0467205750224618,2.2148573459177887e-07,2,0.0556659163211207,0.0,0.0002495673364744
362,17,131,5,0,1.0,0.0,0.0,5,36.0,130362.1902834008,0.0490045334153382,1.563123622423199e-06,2,0.0601924710945576,0.0,0.0003746482617553
363,17,131,1,0,1.0,0.0,0.0,1,36.0,0.0,0.0487439070116235,5.088381989990719e-08,1,0.0573006157052338,0.0,8.934563552298849e-05
364,17,131,1,0,1.0,0.0,0.0,1,36.0,0.0,0.0487439070116235,5.088381989613616e-08,1,0.0573006157052338,0.0,8.934563552298849e-05
365,17,131,2,0,1.0,0.0,0.0,2,36.0,18.16666666666667,0.0487482360835627,9.74313340086542e-08,2,0.0575570259616441,0.0,0.0001406269919407
366,17,131,2,0,1.0,1.0,0.0,2,35.0,0.0,0.0512288706833972,3.511701649001027e-07,2,0.0617334454931906,1.0,0.00013809878939
367,23,107,2,0,1.0,1.0,0.0,2,37.0,0.0,0.0445663352759684,2.5319551110538237e-05,2,0.0519336992628864,1.0,0.0001417799416423
368,17,131,2,0,1.0,1.0,0.0,2,38.0,0.0,0.0446005362898493,1.87117787471895e-08,2,0.0521969958368794,1.0,0.000141765940407
369,17,131,2,0,1.0,1.0,0.0,2,40.0,0.0,0.0408757674549456,7.664158499279522e-11,2,0.0463409318198246,1.0,0.0001622362586044
370,23,107,3,0,1.0,0.6666666666666666,0.0,3,37.0,14.332462827028037,0.0445832280423089,6.412928549794863e-05,2,0.0522549743665499,0.6666666666666666,0.0002009470737329
371,17,131,2,0,1.0,1.0,0.0,2,38.0,0.0,0.0446699038783242,4.2554451904081635e-08,2,0.05251156931545,1.0,0.0001481714926681
372,17,131,1,0,1.0,0.0,0.0,1,39.0,0.0,0.0427313461239036,4.339138581250247e-09,1,0.0487648622923162,0.0,0.0001173012809653
373,17,131,1,0,1.0,0.0,0.0,1,38.0,0.0,0.0446432605847001,3.50688614712308e-08,1,0.0518760279562249,0.0,9.30781448880354e-05
374,17,131,1,0,1.0,0.0,0.0,1,39.0,0.0,0.04290950784358,3.4229723845940444e-08,1,0.0494350219508585,0.0,9.589431529448136e-05
375,17,131,1,0,1.0,0.0,0.0,1,39.0,0.0,0.0427627877182503,9.929975287220924e-09,1,0.0491989384500764,0.0,9.144077525202548e-05
376,23,107,1,0,1.0,0.0,0.0,1,36.0,0.0,0.0466314885261995,5.923444982570026e-05,1,0.0551664780270296,0.0,8.723934623255147e-05
377,17,131,1,0,1.0,0.0,0.0,1,39.0,0.0,0.0425847384572945,3.3780493950009717e-10,1,0.0480449116833101,0.0,0.0001150082112015
378,17,131,4,0,1.0,0.16666666666666666,0.0,4,38.0,4953.093073593073,0.0446727315476298,7.430651488648618e-08,2,0.0527983439443296,0.1666666666666666,0.0002874472855173
379,17,131,1,0,1.0,0.0,0.0,1,37.0,0.0,0.0468770757814427,1.2443735259873282e-06,1,0.0549135978201098,0.0,0.0001075147619762
380,17,131,1,0,1.0,0.0,0.0,1,42.0,0.0,0.0378947691410774,1.0394899539810932e-11,1,0.0419925083309573,0.0,0.0001168420321082
381,17,131,2,0,1.0,1.0,0.0,2,38.0,0.0,0.0446029524626427,2.92838343042664e-08,2,0.0523249599780013,1.0,0.0001329542111604
382,17,131,1,0,1.0,0.0,0.0,1,40.0,0.0,0.0408747528070364,6.535742535246176e-11,1,0.04617224086166,0.0,9.467013488727668e-05
383,7,171,6,0,1.0,0.06666666666666667,0.0,6,27.0,60127.03110021792,0.069440539780714,7.32981136477552e-17,2,0.0780444152636253,0.0666666666666666,0.0003775646113861
384,7,171,4,0,1.0,0.3333333333333333,0.0,4,26.0,588264.326832485,0.0745514087801638,4.1852773980478363e-16,2,0.0847250188966604,0.3333333333333333,0.0002376146003644
385,7,171,1,0,1.0,0.0,0.0,1,29.0,0.0,0.0598432446183478,0.0,1,0.0652914062175606,0.0,9.315905488725878e-05
386,7,171,6,0,1.0,0.0,0.0,6,28.0,15939.311445538102,0.0636515912897822,1.2442538476683796e-16,2,0.0711009940091465,0.0,0.0004432999609953
387,7,171,1,0,1.0,0.0,0.0,1,29.0,0.0,0.0598432446183478,0.0,1,0.0652914062175606,0.0,9.315905488725878e-05
388,7,171,1,0,1.0,0.0,0.0,1,31.0,0.0,0.0545747807065997,0.0,1,0.0593468610042966,0.0,9.255383327585312e-05
389,7,171,2,0,1.0,0.0,0.0,2,28.0,4555.130064869692,0.062937152030169,0.0,2,0.0703547695321579,0.0,0.0001546618533045
390,7,171,1,0,1.0,0.0,0.0,1,29.0,0.0,0.0611848053604825,3.7100854286911813e-16,1,0.0675068002263137,0.0,9.14945438795981e-05
391,7,171,5,0,1.0,0.0,0.0,5,28.0,51146.36029585798,0.0651715039577836,3.025044990364293e-15,2,0.0737022703055729,0.0,0.0003596253929413
392,7,171,5,0,1.0,0.1,0.0,5,27.0,802183.3799973298,0.0696746167190871,2.0712290603113093e-14,2,0.0800014064187276,0.1,0.0003313077684077
393,7,171,5,0,1.0,0.1,0.0,5,27.0,1605949.2991486627,0.074770315881881,1.7309208721448315e-16,2,0.0864057538295196,0.1,0.0002937372974879
394,7,171,3,0,1.0,0.0,0.0,3,29.0,15851.810302495427,0.0611969327205381,3.922944682378044e-16,2,0.0680331160157875,0.0,0.0002257205529221
395,7,171,5,0,1.0,0.0,0.0,5,26.0,452697.0405322533,0.0707128542799885,1.2368491294634485e-15,2,0.081156007089447,0.0,0.0003165518877532
396,7,171,7,1,0.875,0.047619047619047616,0.21875,8,27.0,1261813.4652704657,0.0732839828509546,1.5990928964301004e-16,2,0.084591578492556,0.0357142857142857,0.0005575900382575
397,7,171,1,0,1.0,0.0,0.0,1,28.0,0.0,0.0682810858627743,0.0,1,0.0762522794475632,0.0,8.96021686444469e-05
398,7,171,1,0,1.0,0.0,0.0,1,28.0,0.0,0.0682810858627743,0.0,1,0.0762522794475632,0.0,8.96021686444469e-05
399,7,171,1,0,1.0,0.0,0.0,1,28.0,0.0,0.0682810858627743,0.0,1,0.0762522794475632,0.0,8.96021686444469e-05
400,7,171,1,0,1.0,0.0,0.0,1,28.0,0.0,0.0682810858627743,0.0,1,0.0762522794475632,0.0,8.96021686444469e-05
401,7,171,1,0,1.0,0.0,0.0,1,29.0,0.0,0.063367454270248,1.6854473359015727e-14,1,0.0716856129206734,0.0,9.169114363229464e-05
402,7,171,5,2,0.7142857142857143,0.1,0.40816326530612246,7,28.0,750536.6897416152,0.0676536243991289,1.2656988032551e-13,2,0.0790346421872046,0.0476190476190476,0.0005050946069047
403,7,171,1,0,1.0,0.0,0.0,1,29.0,0.0,0.063367454270248,1.6849707936551694e-14,1,0.0716856129206734,0.0,9.169114363229464e-05
404,7,171,1,0,1.0,0.0,0.0,1,30.0,0.0,0.0576712040906862,3.4081006236418725e-17,1,0.0629285280689732,0.0,9.234015063897022e-05
405,7,171,5,0,1.0,0.1,0.0,5,29.0,16107.375698871378,0.0611999653117605,5.091874580166851e-16,2,0.0681940077556267,0.1,0.0003645995503494
406,7,171,2,0,1.0,0.0,0.0,2,28.0,20286.05723759553,0.0651508757121755,2.779421848931449e-15,2,0.0730848613986902,0.0,0.0001486624712681
407,7,171,1,0,1.0,0.0,0.0,1,30.0,0.0,0.0565269132186012,0.0,1,0.0612576445276354,0.0,9.680694796992452e-05
408,7,171,4,0,1.0,0.0,0.0,4,29.0,6240.860606060492,0.0599129200878076,4.742230894042981e-17,2,0.0662118942989793,0.0,0.0003126998630134
409,7,171,2,0,1.0,0.0,0.0,2,29.0,3794.44849976423,0.0612083064875848,4.1530965335611367e-16,2,0.0679978442699894,0.0,0.000155063558803
410,21,122,1,0,1.0,0.0,0.0,1,30.0,0.0,0.061275877894789,8.651650768977191e-14,1,0.0696726967995864,0.0,9.96500333779784e-05
411,21,122,2,1,0.6666666666666666,0.0,0.4444444444444444,3,29.0,494524.02420828026,0.0652748414376321,6.473887480329828e-13,2,0.0763268933192667,0.0,0.0002445593163473
412,7,171,2,0,1.0,0.0,0.0,2,31.0,5454.342976909035,0.0550013360648436,8.691166331699065e-17,2,0.0607166622600477,0.0,0.0001880041436498
413,7,171,7,0,1.0,0.0,0.0,7,28.0,27667.119484996885,0.0643128677810758,1.30789770898853e-16,2,0.0719122890118315,0.0,0.0004659926856634
414,7,171,2,0,1.0,0.0,0.0,2,27.0,18449.43693016533,0.0673042862203329,3.74391496717997e-16,2,0.0752986025340675,0.0,0.0001417045637782
415,7,171,1,0,1.0,0.0,0.0,1,29.0,0.0,0.0604273953835427,0.0,1,0.0659570237589429,0.0,8.694305319585897e-05
416,7,171,5,0,1.0,0.1,0.0,5,29.0,12434.626046183012,0.0593757136504044,3.3196214535214827e-17,2,0.0654323148018668,0.1,0.0003576722029918
417,7,171,1,0,1.0,0.0,0.0,1,30.0,0.0,0.056048469445642,0.0,1,0.0605799725658979,0.0,9.116250158818632e-05
418,7,171,1,0,1.0,0.0,0.0,1,28.0,0.0,0.0643933468898274,1.1944990577114187e-17,1,0.0707186590817486,0.0,9.473055588326726e-05
419,7,171,3,0,1.0,0.0,0.0,3,27.0,32386.782560490115,0.0678963138074163,1.517264391869751e-16,2,0.0762172874754658,0.0,0.0002141262158659
420,7,171,4,0,1.0,0.16666666666666666,0.0,4,26.0,1166559.332815743,0.0734648959743021,3.2450195241957893e-16,2,0.083822228340281,0.1666666666666666,0.0002618736965907
421,7,171,3,0,1.0,0.0,0.0,3,27.0,23029.22095231301,0.0688242751856444,9.895394503734384e-17,2,0.077285925367108,0.0,0.0002271964546012
422,21,122,2,1,0.6666666666666666,0.0,0.4444444444444444,3,28.0,147253.1878977824,0.064039408866995,3.0855785254158194e-14,2,0.073830843291647,0.0,0.0002430265623252
423,7,171,2,0,1.0,0.0,0.0,2,29.0,12194.29255694926,0.0612075481049201,3.4749781102021806e-16,2,0.0680528769566011,0.0,0.0001536901500757
424,7,171,3,0,1.0,0.0,0.0,3,27.0,30397.88603763676,0.0672923676288294,4.542053018190541e-16,2,0.0752130521195697,0.0,0.0002073974496966
425,7,171,4,0,1.0,0.0,0.0,4,26.0,825777.654101757,0.0721209997664097,3.248122079617125e-15,2,0.0822084029942843,0.0,0.00025770122627
426,7,171,5,1,0.8333333333333334,0.1,0.2777777777777777,6,25.0,2500301.024161442,0.0757796560769454,3.0722313751565948e-15,2,0.0866681992043805,0.0666666666666666,0.0003672961991163
427,7,171,2,0,1.0,0.0,0.0,2,24.0,1590839.5908000674,0.0758192003683524,1.7899107459557917e-14,2,0.0846792817190523,0.0,0.0001464542590057
428,7,171,2,0,1.0,0.0,0.0,2,30.0,1.5833333333333337,0.058566195212747,1.2775921807103949e-17,2,0.0634468926732241,0.0,0.0001546234281693
429,7,171,3,0,1.0,0.0,0.0,3,28.0,5871.474849438396,0.0649478707879202,0.0,2,0.0715839104550902,0.0,0.0002119097359491
430,7,171,5,0,1.0,0.1,0.0,5,30.0,13900.463496336886,0.0577244417438857,6.421933592489571e-17,2,0.0641003482640727,0.1,0.0003658565070369
431,7,171,5,0,1.0,0.0,0.0,5,30.0,10025.193189178966,0.0589442535318824,5.901330110380599e-16,2,0.0661093950011807,0.0,0.0003739353819032
432,7,171,2,0,1.0,0.0,0.0,2,29.0,5620.401805444613,0.0622542595019659,2.7203052478418658e-15,2,0.0696680344709987,0.0,0.0001544644891071
433,7,171,1,0,1.0,0.0,0.0,1,31.0,0.0,0.0556638534260313,4.54881235729534e-17,1,0.0610632342532742,0.0,9.392724200311688e-05
434,21,122,1,0,1.0,0.0,0.0,1,30.0,0.0,0.0602828657546951,2.718547826933304e-14,1,0.0676965478133531,0.0,9.82041789878312e-05
435,21,122,3,1,0.75,0.0,0.375,4,29.0,101684.76467714738,0.0641491793060461,2.0354543911050974e-13,2,0.0739881448614626,0.0,0.0003192750678035
436,7,171,3,0,1.0,0.3333333333333333,0.0,3,28.0,10528.168472112557,0.0663630623732183,1.9977550695385192e-14,2,0.0755711649250017,0.3333333333333333,0.0002136608721319
437,7,171,2,0,1.0,0.0,0.0,2,29.0,620.3406709303771,0.0592645912062863,5.555183117278587e-18,2,0.0654497761347444,0.0,0.0001625382356243
438,7,171,3,0,1.0,0.0,0.0,3,30.0,20829.757891871715,0.0604133545310015,2.992278653265571e-15,2,0.0687493236054477,0.0,0.0002413534669199
439,7,171,2,1,0.6666666666666666,0.0,0.4444444444444444,3,29.0,162531.07657928733,0.0642568191573771,2.136939252942454e-14,2,0.0744181288322284,0.0,0.0002289321519184
440,7,171,1,0,1.0,0.0,0.0,1,32.0,0.0,0.0517597259039616,3.053406899762108e-19,1,0.0557808849797167,0.0,0.0001011188780186
441,7,171,3,0,1.0,0.0,0.0,3,31.0,4999.869047619046,0.0545844290733906,1.4102744916048306e-17,2,0.0597902772371868,0.0,0.0002497434739024
442,7,171,3,0,1.0,0.0,0.0,3,30.0,8557.737104775146,0.0576900618941959,8.612902739001543e-17,2,0.063456920054855,0.0,0.0002514303328617
443,7,171,3,0,1.0,0.0,0.0,3,28.0,4718.827051841086,0.0630826203549993,5.824034329457348e-17,2,0.0697073169256352,0.0,0.0002066807269132
444,7,171,2,0,1.0,0.0,0.0,2,28.0,15874.925652460148,0.0630681237871514,3.2261954740997624e-17,2,0.0694835202544701,0.0,0.0001499251123355
445,7,171,2,0,1.0,0.0,0.0,2,28.0,9161.126159068872,0.0651947263537143,0.0,2,0.0721574204031221,0.0,0.0001466473748336
446,7,171,2,0,1.0,0.0,0.0,2,29.0,222.9483448515564,0.0614902038885707,0.0,2,0.0675603442282449,0.0,0.0001532001467393
447,7,171,3,0,1.0,0.6666666666666666,0.0,3,26.0,523578.6623989282,0.0745277895117977,4.400734840916192e-16,2,0.0842763009479423,0.6666666666666666,0.0001828202984379
448,7,171,1,0,1.0,0.0,0.0,1,31.0,0.0,0.0534377569122928,2.7343564870916837e-18,1,0.0570032714388574,0.0,0.0001085105653603
449,7,171,3,0,1.0,0.0,0.0,3,30.0,8498.722194821981,0.0564539169190332,5.977791158465856e-17,2,0.0610201481059284,0.0,0.0002758317821676
450,7,171,2,0,1.0,0.0,0.0,2,30.0,34.87460317460319,0.0570241255915964,0.0,2,0.0621152747996149,0.0,0.0001505124427773
451,7,171,3,0,1.0,0.0,0.0,3,28.0,14392.006362151596,0.062035362668274,2.4220755099680977e-17,2,0.0688546950946418,0.0,0.0002308063798392
452,7,171,2,0,1.0,0.0,0.0,2,29.0,1034.509273664452,0.0604288737476911,0.0,2,0.0660919765254746,0.0,0.0001526580101678
453,7,171,2,0,1.0,0.0,0.0,2,29.0,6319.844471844805,0.0584179842247791,1.6780407152313872e-17,2,0.0637782355548184,0.0,0.0001737141030292
454,7,171,3,0,1.0,0.3333333333333333,0.0,3,28.0,2427.4477327523828,0.064936772090333,0.0,2,0.0714410051148165,0.3333333333333333,0.0002037377108353
455,7,171,3,0,1.0,0.3333333333333333,0.0,3,28.0,6022.282080569586,0.0649529945434225,0.0,2,0.071666006721397,0.3333333333333333,0.0002009577785309
456,7,171,3,0,1.0,0.0,0.0,3,28.0,25748.046906311218,0.0636245379493322,2.2353531165722357e-17,2,0.0704839794447634,0.0,0.0002314653143456
457,7,171,3,0,1.0,0.3333333333333333,0.0,3,30.0,54.70476190476192,0.057691409352081,1.130605120167271e-16,2,0.0634640013676043,0.3333333333333333,0.0002223085225826
458,21,122,1,0,1.0,0.0,0.0,1,31.0,0.0,0.0568574190875189,3.718737443040161e-15,1,0.0627890265558085,0.0,0.0001128688894706
459,7,171,3,0,1.0,0.0,0.0,3,29.0,4236.370678573034,0.0622072230897093,0.0,2,0.0684782664776222,0.0,0.0002095960474181
460,7,171,2,0,1.0,1.0,0.0,2,30.0,0.0,0.0576813049519517,5.052982104974357e-17,2,0.0631728889712288,1.0,0.0001553275653705
461,21,122,2,0,1.0,0.0,0.0,2,30.0,4939.0,0.0602843370553419,2.771503836538401e-14,1,0.0678315005798847,0.0,0.0001941427350378
462,7,171,2,0,1.0,0.0,0.0,2,28.0,14002.699221496958,0.0656007648996069,0.0,2,0.0726658524908462,0.0,0.0001404313731421
463,7,171,2,0,1.0,0.0,0.0,2,30.0,1390.0944718447497,0.0551992312333787,2.968884803479724e-17,2,0.0596133483045694,0.0,0.0001834370235181
464,7,171,3,0,1.0,0.0,0.0,3,29.0,4096.0038102412245,0.0604532772039747,0.0,2,0.0666090544767632,0.0,0.000205446874931
465,7,171,2,0,1.0,0.0,0.0,2,29.0,13420.155528155408,0.0598251265531523,4.120682472311261e-18,2,0.0652549441416249,0.0,0.0001740924044249
466,7,171,1,0,1.0,0.0,0.0,1,31.0,0.0,0.0545440492883878,5.600573373834779e-18,1,0.0590071590957686,0.0,0.0001015968213903
467,7,171,2,0,1.0,0.0,0.0,2,31.0,14.316666666666668,0.0534603105892538,1.8947311693482208e-17,2,0.057333160847694,0.0,0.0001864713003555
468,7,171,3,0,1.0,0.0,0.0,3,29.0,3721.4654787487984,0.060441442764156,0.0,2,0.066447673460119,0.0,0.0002094703806682
469,7,171,3,0,1.0,0.3333333333333333,0.0,3,30.0,1046.887853920937,0.0578352748346309,0.0,2,0.0635476706000121,0.3333333333333333,0.0002115680556813
470,7,171,2,0,1.0,0.0,0.0,2,29.0,1.0,0.0609914192234088,0.0,2,0.0661936820776663,0.0,0.0001481250036685
471,7,171,1,0,1.0,0.0,0.0,1,32.0,0.0,0.0539313085438546,6.276176260380014e-17,1,0.0595037970307273,0.0,0.0001005658822793
472,7,171,3,0,1.0,0.0,0.0,3,31.0,6789.6713683331245,0.057005042753782,4.81920302763836e-16,2,0.0641744430949368,0.0,0.0002477917242345
473,7,171,2,0,1.0,0.0,0.0,2,31.0,8574.34598174734,0.0570247838483648,4.205240224615858e-16,2,0.0637689536788198,0.0,0.0001786434704246
474,29,100,2,0,1.0,0.0,0.0,2,34.0,192.90476190476187,0.0563463819691577,0.0,2,0.0655405187585557,0.0,0.000156195896261
475,29,100,2,0,1.0,0.0,0.0,2,36.0,1232.3529603729614,0.0522066283395333,0.0,2,0.0616128752981892,0.0,0.0001614911143191
476,29,100,1,0,1.0,0.0,0.0,1,37.0,0.0,0.0492095590066442,0.0,1,0.0568944920384167,0.0,9.42791674975508e-05
477,29,100,3,0,1.0,0.0,0.0,3,36.0,6076.954136007926,0.0517559299304333,0.0,2,0.0614772051089967,0.0,0.0002256033191222
478,29,100,3,0,1.0,0.0,0.0,3,35.0,23560.87997558014,0.0537973994293555,6.5316543997700316e-18,2,0.0628121355977312,0.0,0.0002114373598032
479,29,100,3,0,1.0,0.0,0.0,3,34.0,41765.22683667311,0.0565411468467437,0.0,2,0.0665294888560934,0.0,0.0002120630367789
480,29,100,3,0,1.0,0.0,0.0,3,35.0,10756.06100250456,0.0541316472895824,0.0,2,0.0641942225576338,0.0,0.0002103974941368
481,29,100,4,0,1.0,0.0,0.0,4,33.0,58022.10288285422,0.0595015838984377,0.0,2,0.0705915673533864,0.0,0.0002926349854886
482,29,100,4,0,1.0,0.16666666666666666,0.0,4,38.0,2634.0740452123896,0.0480273775496315,0.0,2,0.0562931147670306,0.1666666666666666,0.0002752700629748
483,29,100,2,0,1.0,0.0,0.0,2,36.0,27432.66815663984,0.054053462594785,0.0,2,0.065947267803641,0.0,0.0001458159665005
484,29,100,5,0,1.0,0.0,0.0,5,37.0,28844.383120190632,0.0517580989899836,0.0,2,0.0636856623985562,0.0,0.0003264422137113
485,29,100,6,0,1.0,0.06666666666666667,0.0,6,37.0,20815.60542550399,0.050442134498744,0.0,2,0.0605079563691894,0.0666666666666666,0.0003938233157099
486,29,100,2,0,1.0,0.0,0.0,2,38.0,2360.371950458603,0.0480213082404176,0.0,2,0.055939345729051,0.0,0.0001512279939502
487,29,100,1,0,1.0,0.0,0.0,1,35.0,0.0,0.0531760298819147,1.563494728865732e-17,1,0.0600921004586352,0.0,0.0001091022633508
488,4,176,2,0,1.0,0.0,0.0,2,32.0,2361.355952380952,0.0560758272319654,3.1411456976529466e-11,2,0.0688983092944951,0.0,0.0001374185148218
489,29,100,2,0,1.0,1.0,0.0,2,38.0,0.0,0.0480217750558957,0.0,2,0.055973083920684,1.0,0.0001446447518538
490,5,175,11,0,1.0,0.07272727272727272,0.0,11,28.0,544750.5038085582,0.0727444079577081,0.0,3,0.0908894272326798,0.0727272727272727,0.0006738828028022
491,29,100,2,0,1.0,0.0,0.0,2,34.0,4939.0,0.0561618917689859,1.6595175987106138e-17,1,0.0648251775320812,0.0,0.0001852800853441
492,29,100,3,0,1.0,0.0,0.0,3,36.0,4467.874855699851,0.0520120448946071,0.0,2,0.0616225262640881,0.0,0.0002079541114745
493,29,100,4,0,1.0,0.0,0.0,4,36.0,17979.67489683999,0.052771012263385,0.0,2,0.0643042647180057,0.0,0.0002636884684794
494,29,100,2,0,1.0,0.0,0.0,2,39.0,1.0,0.0458277285588385,0.0,2,0.0525218794727445,0.0,0.0001531250128904
495,29,100,2,0,1.0,0.0,0.0,2,38.0,555.3689612206551,0.0483555207517619,0.0,2,0.0567436402610783,0.0,0.0001472189399686
496,29,100,4,0,1.0,0.0,0.0,4,37.0,7123.539560066358,0.0508063189073556,0.0,2,0.0611409834193757,0.0,0.0002746627035619
497,29,100,2,0,1.0,0.0,0.0,2,37.0,5.5,0.049634772473801,0.0,2,0.05821252115226,0.0,0.0001450701950561
498,29,100,2,0,1.0,0.0,0.0,2,36.0,12533.323085248065,0.0514181628935727,0.0,2,0.0599158207523027,0.0,0.0001460571154159
499,29,100,2,0,1.0,0.0,0.0,2,37.0,1070.9461036896348,0.0510119785212722,0.0,2,0.0595872234443453,0.0,0.0001563961181131
500,35,67,1,0,1.0,0.0,0.0,1,31.0,0.0,0.0630431730879669,0.0,1,0.0735570279427821,0.0,9.016519568840236e-05
501,35,67,4,0,1.0,0.0,0.0,4,30.0,40727.05997529102,0.0672841187687278,2.533451425470606e-17,2,0.0812066194830493,0.0,0.0002814445581591
502,35,67,1,0,1.0,0.0,0.0,1,33.0,0.0,0.0549952129672923,0.0,1,0.0629007012007105,0.0,9.383357312518976e-05
503,35,67,1,0,1.0,0.0,0.0,1,33.0,0.0,0.0549952129672923,0.0,1,0.0629007012007105,0.0,9.383357312518976e-05
504,35,67,5,0,1.0,0.0,0.0,5,32.0,11036.728070540616,0.0581950121926796,8.642140783820668e-18,2,0.0685528969603515,0.0,0.0003733843885035
505,35,67,2,0,1.0,1.0,0.0,2,33.0,0.0,0.056368242086766,0.0,2,0.0653368591942396,1.0,0.0001348727624127
506,35,67,3,0,1.0,0.0,0.0,3,33.0,17991.33209459633,0.057005700570057,0.0,2,0.0661369145974566,0.0,0.0001966980608404
507,35,67,3,0,1.0,0.0,0.0,3,33.0,17991.33209459633,0.057005700570057,0.0,2,0.0661369145974566,0.0,0.0001966980608403
508,35,67,2,0,1.0,0.0,0.0,2,35.0,1.9,0.0511864055538286,0.0,2,0.0573662502093893,0.0,0.0001471126541469
509,35,67,3,0,1.0,0.0,0.0,3,35.0,9877.0,0.0511673192053528,5.591402835494759e-17,1,0.0572449679828438,0.0,0.0002810363745868
510,35,67,1,0,1.0,0.0,0.0,1,35.0,0.0,0.0511641395310299,0.0,1,0.0569716886306169,0.0,9.583557909062924e-05
511,35,67,6,0,1.0,0.26666666666666666,0.0,6,34.0,10994.962469685926,0.0537441387338577,0.0,3,0.0619516229928037,0.2666666666666666,0.0003890205597099
512,35,67,1,0,1.0,0.0,0.0,1,35.0,0.0,0.0510035516643264,0.0,1,0.0573173647796737,0.0,8.546947303848667e-05
513,35,67,1,0,1.0,0.0,0.0,1,35.0,0.0,0.0510035516643264,0.0,1,0.0573173647796737,0.0,8.546947303848667e-05
514,13,136,1,0,1.0,0.0,0.0,1,32.0,0.0,0.0632724943964137,0.0,1,0.0760034492851234,0.0,8.771988431260114e-05
515,30,96,1,0,1.0,0.0,0.0,1,33.0,0.0,0.0584996151341109,1.4658448985845424e-17,1,0.0643013742738055,0.0,0.0001151387893649
516,30,96,1,0,1.0,0.0,0.0,1,32.0,0.0,0.0621321124918247,0.0,1,0.0694142826275825,0.0,0.0001016157050053
517,30,96,1,0,1.0,0.0,0.0,1,32.0,0.0,0.0621321124918247,0.0,1,0.0694142826275825,0.0,0.0001016157050053
518,30,96,2,0,1.0,0.0,0.0,2,32.0,60056.0887919903,0.062344611734417,0.0,2,0.0700341431837295,0.0,0.0001744137099258
519,30,96,2,0,1.0,0.0,0.0,2,32.0,4939.0,0.0621336754458783,8.645392859364482e-19,1,0.0695492353941142,0.0,0.0001994836759655
520,30,96,5,0,1.0,0.0,0.0,5,31.0,83986.98785404208,0.0662473682093095,6.486890552404418e-17,2,0.0759831613508016,0.0,0.0004191616348577
521,13,136,4,1,0.8,0.16666666666666666,0.31999999999999984,5,31.0,139071.4808983851,0.0669994032441816,0.0,2,0.083179290489889,0.1,0.0003172518537767
522,35,67,1,3,0.25,0.0,0.75,4,30.0,199091.8662541724,0.070797982114194,0.0,2,0.0872951453140278,0.0,0.0002467283345569
523,35,67,4,0,1.0,0.0,0.0,4,32.0,31847.593465897804,0.0596805760262884,0.0,2,0.0705438117559576,0.0,0.0002920709139117
524,35,67,2,0,1.0,0.0,0.0,2,33.0,9870.0,0.0563238966103047,0.0,2,0.064847429033757,0.0,0.0001685088558318
525,35,67,2,0,1.0,0.0,0.0,2,33.0,9870.0,0.0563238966103047,0.0,2,0.064847429033757,0.0,0.0001685088558316
526,32,77,2,1,0.6666666666666666,0.0,0.4444444444444444,3,32.0,17503.432530750157,0.0597773475314617,0.0,2,0.0705306958562601,0.0,0.0002453688485603
527,32,77,1,0,1.0,0.0,0.0,1,33.0,0.0,0.0564062161020335,3.057336425958941e-19,1,0.0646983539722751,0.0,9.987940083833152e-05
528,35,67,3,0,1.0,0.0,0.0,3,34.0,4941.0,0.0533252733729854,3.6715301284347476e-17,2,0.0604247406413741,0.0,0.0002685372689857
529,35,67,1,0,1.0,0.0,0.0,1,35.0,0.0,0.0506261657340794,1.2692185817343957e-18,1,0.0562997461406919,0.0,0.0001064437866255
530,35,67,3,0,1.0,0.0,0.0,3,34.0,4941.0,0.0533252733729854,4.372388082245314e-17,2,0.0604247406413741,0.0,0.0002685372689857
531,35,67,1,0,1.0,0.0,0.0,1,35.0,0.0,0.0506261657340794,2.0303924850400574e-18,1,0.0562997461406919,0.0,0.0001064437866255
532,35,67,7,1,0.875,0.047619047619047616,0.21875,8,31.0,137754.92567415768,0.0634529176781883,0.0,2,0.0773540888298253,0.0357142857142857,0.0005176923607493
533,35,67,2,0,1.0,0.0,0.0,2,30.0,134653.6385688137,0.0673584313939377,0.0,2,0.0816134352742139,0.0,0.0001372670744392
534,35,67,3,0,1.0,0.6666666666666666,0.0,3,35.0,100.0561585686262,0.0514347590687601,0.0,3,0.0583559562207471,0.6666666666666666,0.0001927151676147
535,35,67,3,0,1.0,0.0,0.0,3,36.0,5400.48858636971,0.0489375402446877,4.37325185315038e-17,2,0.0549854424578963,0.0,0.0002580089975794
536,35,67,3,0,1.0,0.0,0.0,3,35.0,6832.103069835731,0.05068902182501,3.0389121103443415e-17,2,0.0571472128889684,0.0,0.0002544346876625
537,35,67,1,0,1.0,0.0,0.0,1,36.0,0.0,0.0482440720340638,1.148783813844527e-18,1,0.0534024695144257,0.0,0.0001024480552506
538,35,67,3,0,1.0,0.6666666666666666,0.0,3,34.0,1017.906311117117,0.0533777067035484,0.0,3,0.060955364987788,0.6666666666666666,0.0001915880069269
539,35,67,7,0,1.0,0.0,0.0,7,32.0,109106.61386402752,0.0604200046476926,0.0,2,0.0716390387300271,0.0,0.0004308640226651
540,35,67,2,0,1.0,0.0,0.0,2,31.0,56758.35792268974,0.0642359305107666,0.0,2,0.0768539662705683,0.0,0.00013711366893
541,35,67,2,0,1.0,0.0,0.0,2,31.0,56758.35792268974,0.0642359305107666,0.0,2,0.0768539662705683,0.0,0.0001371136689299
542,35,67,2,0,1.0,0.0,0.0,2,33.0,7453.109848006688,0.0570610113891006,0.0,2,0.066173367508137,0.0,0.0001356398557786
543,35,67,4,0,1.0,0.0,0.0,4,33.0,20940.051082251084,0.0569899171685009,0.0,2,0.0660385115385272,0.0,0.0002702353030891
544,35,67,4,0,1.0,0.0,0.0,4,33.0,20940.051082251084,0.0569899171685009,0.0,2,0.0660385115385272,0.0,0.000270235303089
545,35,67,3,0,1.0,0.0,0.0,3,34.0,14811.733333333332,0.0539236554562225,0.0,2,0.0613014396389369,0.0,0.000224835203692
546,35,67,6,0,1.0,0.0,0.0,6,34.0,24100.657453933483,0.0540138642874324,2.960566810880208e-17,2,0.062366167758321,0.0,0.0003927770645295
547,35,67,2,0,1.0,0.0,0.0,2,33.0,4500.911037233566,0.0563688852881773,0.0,2,0.0653591906639395,0.0,0.0001413474707327
548,35,67,7,0,1.0,0.09523809523809523,0.0,7,32.0,51238.05301900188,0.0597166481311348,0.0,2,0.0712683795857883,0.0952380952380952,0.0004364593245656
549,35,67,2,0,1.0,0.0,0.0,2,31.0,26313.824261005597,0.0631414803737362,0.0,2,0.0746409002108648,0.0,0.0001431638279569
550,35,67,4,0,1.0,0.3333333333333333,0.0,4,34.0,5716.273377137307,0.0542201734167489,0.0,3,0.062769459434276,0.3333333333333333,0.0002492349456328
551,35,67,5,0,1.0,0.3,0.0,5,33.0,22807.377033527824,0.0563836829730408,0.0,3,0.0659065526586698,0.3,0.0003030347239087
552,35,67,2,0,1.0,0.0,0.0,2,33.0,4500.911037233566,0.0563688852881773,0.0,2,0.0653591906639395,0.0,0.0001413474707326
553,35,67,2,0,1.0,0.0,0.0,2,35.0,248.31102312719696,0.0514535095668114,0.0,2,0.058617828851041,0.0,0.000143992255939
554,35,67,2,0,1.0,0.0,0.0,2,35.0,248.31102312719696,0.0514535095668114,0.0,2,0.058617828851041,0.0,0.0001439922559389
555,35,67,4,0,1.0,0.0,0.0,4,34.0,4369.057849803015,0.0533950150241034,4.981352609693357e-17,2,0.0612085620830903,0.0,0.0002728969947505
556,35,67,3,0,1.0,0.0,0.0,3,32.0,28802.12741535927,0.0596935569626371,0.0,2,0.0705290312148613,0.0,0.0002109513610164
557,35,67,3,0,1.0,0.0,0.0,3,34.0,12142.094122483046,0.0533903983745109,0.0,2,0.0611198788365123,0.0,0.0002255049328437
558,35,67,3,0,1.0,0.0,0.0,3,35.0,1323.8897167068278,0.0514508300872789,0.0,2,0.0587127777617794,0.0,0.000215096128346
559,35,67,2,0,1.0,0.0,0.0,2,35.0,8438.385516533941,0.0512506613825229,0.0,2,0.057858868252615,0.0,0.0001591041938686
560,35,67,1,0,1.0,0.0,0.0,1,35.0,0.0,0.0511641395310299,0.0,1,0.0569716886306169,0.0,9.583557909062924e-05
561,35,67,4,0,1.0,0.0,0.0,4,34.0,9877.733333333334,0.0539224782509032,2.325099337669375e-17,2,0.0613351778305699,0.0,0.0003081287153463
562,35,67,2,0,1.0,0.0,0.0,2,34.0,814.2683041106055,0.0533857825231806,0.0,2,0.0608567209417755,0.0,0.0001534151046725
563,35,67,3,0,1.0,0.0,0.0,3,33.0,21673.33871136838,0.0563650262998756,6.851951615039689e-18,2,0.0652965340223355,0.0,0.0002192222631591
564,35,67,4,1,0.8,0.0,0.31999999999999984,5,31.0,26589.521848167056,0.0617515437885947,0.0,2,0.0743321779760112,0.0,0.0003627909742167
565,35,67,3,0,1.0,0.0,0.0,3,34.0,2497.154761904761,0.053943675813796,0.0,2,0.0615175247234431,0.0,0.0002060372242364
566,35,67,3,0,1.0,0.0,0.0,3,34.0,2497.154761904761,0.053943675813796,0.0,2,0.0615175247234431,0.0,0.0002060372242365
567,35,67,1,0,1.0,0.0,0.0,1,33.0,0.0,0.0563309615033753,0.0,1,0.0646190390027354,0.0,9.162770714153738e-05
568,35,67,3,0,1.0,0.3333333333333333,0.0,3,32.0,4939.0,0.0596928356513648,0.0,2,0.0704834043271292,0.3333333333333333,0.0002162452237481
569,35,67,3,1,0.75,0.0,0.375,4,30.0,244347.18473094108,0.0685768226997612,0.0,2,0.0846829188831223,0.0,0.0002561705369332
570,35,67,4,1,0.8,0.0,0.31999999999999984,5,29.0,439790.3221755707,0.0720652380049307,0.0,2,0.089772192446025,0.0,0.0003053178472358
571,35,67,1,0,1.0,0.0,0.0,1,36.0,0.0,0.0486771444055771,2.7180866252341992e-18,1,0.0535535566611327,0.0,0.0001099851998791
572,35,67,1,0,1.0,0.0,0.0,1,36.0,0.0,0.0486771444055771,4.174054728659723e-18,1,0.0535535566611327,0.0,0.0001099851998791
573,35,67,2,0,1.0,0.0,0.0,2,31.0,118.0,0.063270873624755,0.0,2,0.0752553567971885,0.0,0.0001451700090179
574,35,67,1,0,1.0,0.0,0.0,1,37.0,0.0,0.0466548298137584,4.1761233153325353e-19,1,0.0514869660667121,0.0,0.0001034607763937
575,8,164,4,0,1.0,0.0,0.0,4,39.0,14814.000000000002,0.0457428584656697,3.553955612344471e-17,1,0.0541054758781229,0.0,0.0003798513637359
576,8,164,3,0,1.0,0.0,0.0,3,38.0,9830.777777777776,0.0462053613184428,0.0,2,0.0546728437311846,0.0,0.0002504099269558
577,8,164,1,0,1.0,0.0,0.0,1,39.0,0.0,0.0457123821333061,0.0,1,0.0528913829535026,0.0,0.0001050482254903
578,8,164,3,0,1.0,0.0,0.0,3,38.0,14788.666666666668,0.0479016368008688,0.0,2,0.0570330935283896,0.0,0.0002636117590966
579,8,164,2,0,1.0,0.0,0.0,2,38.0,9876.0,0.0462157358031621,0.0,1,0.054813178542572,0.0,0.0001841634637264
580,8,164,2,0,1.0,1.0,0.0,2,36.0,0.0,0.0508063189073556,0.0,2,0.0619257806240553,1.0,0.0001508515681687
581,8,164,2,0,1.0,0.0,0.0,2,38.0,4915.0,0.0461997437504091,1.6074476369599088e-17,2,0.0543655852002419,0.0,0.0001646366814481
582,8,164,5,0,1.0,0.0,0.0,5,37.0,51594.423015873006,0.0484403957599945,0.0,2,0.0591001540303541,0.0,0.0003697167996442
583,8,164,1,0,1.0,0.0,0.0,1,38.0,0.0,0.0462027684249906,0.0,1,0.0543523309106718,0.0,9.321008301911922e-05
584,8,164,6,0,1.0,0.13333333333333333,0.0,6,36.0,170247.430952381,0.0508879640693889,0.0,3,0.0638234735743816,0.1333333333333333,0.0003806251139217
585,8,164,3,0,1.0,0.0,0.0,3,37.0,35572.54126984129,0.0484356462825151,0.0,2,0.0587377094573832,0.0,0.0002174583772618
586,8,164,1,0,1.0,0.0,0.0,1,39.0,0.0,0.0441769582286291,0.0,1,0.0512596248745937,0.0,9.40515146035057e-05
587,8,164,6,0,1.0,0.0,0.0,6,38.0,13638.683333333338,0.0462183301523146,3.357589718442984e-17,2,0.055445287661523,0.0,0.0004495996766394
588,8,164,1,0,1.0,0.0,0.0,1,40.0,0.0,0.0437477860432164,0.0,1,0.0505752050140297,0.0,0.0001071321659526
589,8,164,4,0,1.0,0.0,0.0,4,36.0,53870.0,0.0528975885552747,0.0,2,0.0652688185524299,0.0,0.0003312801852721
590,8,164,1,0,1.0,0.0,0.0,1,37.0,0.0,0.0502405239659503,0.0,1,0.0597421920418104,0.0,0.0001007552664499
591,8,164,1,0,1.0,0.0,0.0,1,37.0,0.0,0.0502405239659503,0.0,1,0.0597421920418104,0.0,0.0001007552664499
592,8,164,3,0,1.0,0.0,0.0,3,40.0,4955.0,0.0437508856454584,0.0,2,0.0509463251219918,0.0,0.0002783231112965
593,8,164,1,0,1.0,0.0,0.0,1,41.0,0.0,0.0419173362975282,0.0,1,0.0475961401413982,0.0,0.0001092164419469
594,8,164,6,0,1.0,0.0,0.0,6,37.0,39347.0,0.0502855281507344,6.263735022709277e-17,2,0.0611910063853626,0.0,0.0005089247193888
595,8,164,1,0,1.0,0.0,0.0,1,38.0,0.0,0.0478784236949737,0.0,1,0.0562359082575203,0.0,0.0001024558956596
596,8,164,1,0,1.0,0.0,0.0,1,38.0,0.0,0.0478784236949737,0.0,1,0.0562359082575203,0.0,0.0001024558956596
597,8,164,9,0,1.0,0.0,0.0,9,39.0,44406.0,0.0457487891388299,1.5082199865875368e-16,2,0.0548814542856807,0.0,0.0008129005292443
598,8,164,1,0,1.0,0.0,0.0,1,40.0,0.0,0.0437477860432164,0.0,1,0.0505752050140297,0.0,0.0001071321659526
599,8,164,1,0,1.0,0.0,0.0,1,40.0,0.0,0.0437477860432164,0.0,1,0.0505752050140297,0.0,0.0001071321659526
600,8,164,1,0,1.0,0.0,0.0,1,40.0,0.0,0.0437477860432164,0.0,1,0.0505752050140297,0.0,0.0001071321659526
601,8,164,1,0,1.0,0.0,0.0,1,40.0,0.0,0.0437477860432164,0.0,1,0.0505752050140297,0.0,0.0001071321659526
602,8,164,1,0,1.0,0.0,0.0,1,40.0,0.0,0.0437477860432164,0.0,1,0.0505752050140297,0.0,0.0001071321659526
603,8,164,1,0,1.0,0.0,0.0,1,39.0,0.0,0.0457259221548572,0.0,1,0.0532249090765028,0.0,9.93628918321658e-05
604,8,164,5,0,1.0,0.0,0.0,5,38.0,24649.000000000004,0.0479165050050438,1.7337879095532826e-18,2,0.0576741191694147,0.0,0.0004059097926621
605,8,164,3,0,1.0,0.0,0.0,3,37.0,29446.166666666668,0.0502957676213359,0.0,2,0.0611538943745663,0.0,0.0002315190922963
606,8,164,1,0,1.0,0.0,0.0,1,39.0,0.0,0.0457259221548572,0.0,1,0.0532249090765028,0.0,9.93628918321658e-05
607,8,164,1,0,1.0,0.0,0.0,1,40.0,0.0,0.0437439121579739,0.0,1,0.0503134930417915,0.0,0.0001022230988497
608,8,164,1,0,1.0,0.0,0.0,1,40.0,0.0,0.0437520481095395,0.0,1,0.0505511063057204,0.0,0.0001009656748103
609,8,164,5,0,1.0,0.0,0.0,5,39.0,14991.5,0.0457534500324164,0.0,2,0.0546452869442502,0.0,0.0004153379278277
610,8,164,4,0,1.0,0.0,0.0,4,39.0,5123.166666666667,0.0457445527868063,0.0,2,0.0541965689955319,0.0,0.0003381876318597
611,8,164,1,0,1.0,0.0,0.0,1,40.0,0.0,0.0437520481095395,0.0,1,0.0505511063057204,0.0,0.0001009656748103
612,8,164,4,0,1.0,0.0,0.0,4,38.0,7607.416666666664,0.0462291430763903,0.0,2,0.055365922582158,0.0,0.0002981769908876
613,8,164,2,0,1.0,0.0,0.0,2,39.0,66.66666666666666,0.0441967201381371,0.0,2,0.0517963688323905,0.0,0.0001569285070711
614,8,164,5,0,1.0,0.0,0.0,5,38.0,20982.346031746023,0.0462187625721583,3.036337969457996e-17,2,0.0552521766789384,0.0,0.0003718098201645
615,8,164,1,0,1.0,0.0,0.0,1,37.0,0.0,0.0483720930232558,3.661035080176581e-18,1,0.0573498794511333,0.0,9.243420041544588e-05
616,8,164,3,0,1.0,0.3333333333333333,0.0,3,36.0,4939.0,0.0508303665136953,0.0,2,0.062500293830148,0.3333333333333333,0.0002190916705971
617,8,164,1,0,1.0,0.0,0.0,1,38.0,0.0,0.0461768554870069,0.0,1,0.0539111638905571,0.0,9.605992584888632e-05
618,8,164,3,0,1.0,0.0,0.0,3,37.0,11035.15,0.0484119128585568,0.0,2,0.0582997555983771,0.0,0.0002318883485975
619,8,164,2,0,1.0,0.0,0.0,2,39.0,23.0,0.0441785385310188,0.0,2,0.0513437950903429,0.0,0.0001662311439851
620,8,164,1,0,1.0,0.0,0.0,1,40.0,0.0,0.0437477860432164,0.0,1,0.0505752050140297,0.0,0.0001071321659526
621,8,164,1,0,1.0,0.0,0.0,1,38.0,0.0,0.0461837627613028,1.6257220626356377e-18,1,0.0539986422017197,0.0,9.9642394892376e-05
622,8,164,3,0,1.0,0.0,0.0,3,37.0,14744.266666666668,0.0484195050232786,0.0,2,0.0584221770365879,0.0,0.0002445323569863
623,8,164,1,0,1.0,0.0,0.0,1,38.0,0.0,0.0461902402079495,0.0,1,0.0542242061114943,0.0,9.071038873648094e-05
624,8,164,5,0,1.0,0.0,0.0,5,37.0,22086.65,0.0484266248407018,0.0,2,0.0589181284535917,0.0,0.0003550127156288
625,8,164,1,0,1.0,0.0,0.0,1,39.0,0.0,0.0441651095634448,0.0,1,0.0508806179166393,0.0,0.0001013077063837
626,8,164,2,0,1.0,0.0,0.0,2,39.0,1.0,0.0441690584122385,3.116168194584261e-17,2,0.0510575024356291,0.0,0.0001709770528886
627,8,164,1,0,1.0,0.0,0.0,1,39.0,0.0,0.0457233827898668,0.0,1,0.0531101992249507,0.0,0.0001025751476755
628,8,164,3,0,1.0,0.0,0.0,3,38.0,5106.333333333334,0.0479137165137436,0.0,2,0.0573940921788616,0.0,0.0002548832491623
629,8,164,1,0,1.0,0.0,0.0,1,41.0,0.0,0.0419152023214573,2.073753808311387e-18,1,0.0474949255664994,0.0,0.0001087151967685
630,8,164,3,0,1.0,0.0,0.0,3,40.0,4943.0,0.0437485609026018,2.5689442218574645e-17,2,0.0507438959721943,0.0,0.0002765540106668
631,8,164,1,0,1.0,0.0,0.0,1,38.0,0.0,0.046207522285308,0.0,1,0.0545888195682131,0.0,8.866755940348809e-05
632,8,164,6,0,1.0,0.06666666666666667,0.0,6,37.0,24916.297619047637,0.0484456212611552,0.0,2,0.0595673476554425,0.0666666666666666,0.0004115952869922
633,8,164,1,0,1.0,0.0,0.0,1,37.0,0.0,0.0483654627517402,1.1769083540381656e-18,1,0.0573040115763181,0.0,9.392462324443369e-05
634,8,164,3,0,1.0,0.0,0.0,3,36.0,14686.16666666667,0.0508230452674897,0.0,2,0.0624487225943662,0.0,0.0002243519864641
635,8,164,1,0,1.0,0.0,0.0,1,40.0,0.0,0.0423187958846256,0.0,1,0.0482913439095757,0.0,0.0001034425225266
636,8,164,3,0,1.0,0.0,0.0,3,39.0,5035.5,0.044188417983076,0.0,2,0.0516927443866608,0.0,0.0002579445721661
637,8,164,4,0,1.0,0.16666666666666666,0.0,4,39.0,39472.0,0.044180909196605,0.0,2,0.05175242885424,0.1666666666666666,0.0003290450995824
638,8,164,1,0,1.0,0.0,0.0,1,37.0,0.0,0.0484133362080793,0.0,1,0.0581505042649153,0.0,8.467410294109783e-05
639,8,164,7,0,1.0,0.19047619047619047,0.0,7,36.0,17865.01190476191,0.0508759101535546,0.0,3,0.0640313650980627,0.1904761904761904,0.000447307212977
640,8,164,3,0,1.0,0.0,0.0,3,39.0,4956.0,0.0441892085301273,1.0405896239147348e-17,2,0.0516093628559108,0.0,0.0002508998594489
641,8,164,1,0,1.0,0.0,0.0,1,40.0,0.0,0.0423195209498762,2.875199052859702e-19,1,0.0482539909116964,0.0,0.0001014465205901
642,8,164,1,0,1.0,0.0,0.0,1,38.0,0.0,0.0479034948217679,0.0,1,0.0567631879953263,0.0,9.559670505812744e-05
643,8,164,1,0,1.0,0.0,0.0,1,39.0,0.0,0.0441690584122385,1.2212625763311316e-18,1,0.0509477875890722,0.0,0.0001059590239071
644,8,164,3,0,1.0,0.0,0.0,3,38.0,14789.042857142864,0.0462096834543141,2.794623973486552e-17,2,0.0547599203972086,0.0,0.0002668263417445
645,8,164,3,0,1.0,0.0,0.0,3,38.0,14847.666666666664,0.0462153034399528,0.0,2,0.0548911780284662,0.0,0.0002537506623236
646,8,164,1,0,1.0,0.0,0.0,1,39.0,0.0,0.0441741929714745,0.0,1,0.0510211937151099,0.0,0.0001022542480712
647,8,164,1,0,1.0,0.0,0.0,1,40.0,0.0,0.0423195209498762,0.0,1,0.0482493464333677,0.0,0.0001068107585904
648,8,164,3,0,1.0,0.0,0.0,3,39.0,5013.542857142855,0.0441892085301273,2.669872824267848e-17,2,0.051602133243418,0.0,0.0002698324641561
649,8,164,1,0,1.0,0.0,0.0,1,37.0,0.0,0.048348895022217,1.6919841742553594e-17,1,0.0569700034791523,0.0,0.0001048862386569
650,8,164,2,0,1.0,0.0,0.0,2,36.0,4939.0,0.0508047513755335,0.0,1,0.0618414351449729,0.0,0.0001753600272408
651,8,164,1,0,1.0,0.0,0.0,1,37.0,0.0,0.0484109640053702,0.0,1,0.0579483964312287,0.0,8.593642427744447e-05
652,8,164,4,0,1.0,0.3333333333333333,0.0,4,35.0,75060.86190476318,0.0535425902040904,0.0,3,0.067909950287213,0.3333333333333333,0.0002445289474765
653,8,164,6,0,1.0,0.13333333333333333,0.0,6,36.0,29633.28333333333,0.0508732904926676,0.0,3,0.0636017654579364,0.1333333333333333,0.0003923166861025
654,8,164,1,0,1.0,0.0,0.0,1,39.0,0.0,0.0441651095634448,0.0,1,0.0510197623978891,0.0,9.582124752313982e-05
655,8,164,4,0,1.0,0.0,0.0,4,38.0,6206.316666666668,0.0462053613184428,0.0,2,0.0549739169269945,0.0,0.0003080612726755
656,8,164,1,0,1.0,0.0,0.0,1,38.0,0.0,0.0479034948217679,0.0,1,0.0567631879953263,0.0,9.559670505812744e-05
657,8,164,6,0,1.0,0.0,0.0,6,38.0,108327.5,0.0479323125885389,0.0,2,0.0586120408968093,0.0,0.000467630822675
658,8,164,7,0,1.0,0.0,0.0,7,37.0,152038.1666666667,0.0503131842949534,0.0,2,0.062122180474432,0.0,0.0005372580539408
659,8,164,1,0,1.0,0.0,0.0,1,40.0,0.0,0.0437423627959693,0.0,1,0.0502681874701701,0.0,0.0001110766418734
660,8,164,1,0,1.0,0.0,0.0,1,40.0,0.0,0.0437423627959693,0.0,1,0.0502681874701701,0.0,0.0001110766418734
661,8,164,1,0,1.0,0.0,0.0,1,41.0,0.0,0.0419226721884653,0.0,1,0.0476385538680225,0.0,0.000105583709001
662,8,164,3,0,1.0,0.0,0.0,3,40.0,4961.666666666667,0.0437566985836647,0.0,2,0.0509728337011319,0.0,0.0002655017008993
663,8,164,1,0,1.0,0.0,0.0,1,40.0,0.0,0.0423068358940102,1.803330732016639e-17,1,0.0480005017108389,0.0,0.0001198043040687
664,8,164,2,0,1.0,0.0,0.0,2,39.0,4939.0,0.0441753780392928,4.906217224391415e-17,1,0.0511462806165126,0.0,0.0002104613576217
665,8,164,1,0,1.0,0.0,0.0,1,37.0,0.0,0.0502497228127638,3.2570799543392105e-19,1,0.0597662907501196,0.0,9.727594956523857e-05
666,8,164,3,0,1.0,0.0,0.0,3,36.0,39159.0,0.0529077862268394,0.0,2,0.065214355471651,0.0,0.0002361801970081
667,8,164,4,0,1.0,0.3333333333333333,0.0,4,35.0,124905.15238093192,0.0535495550183737,0.0,3,0.0680550245112347,0.3333333333333333,0.0002451366473009
668,8,164,5,0,1.0,0.1,0.0,5,36.0,62409.607142857145,0.0508586253757772,0.0,2,0.0631231651109146,0.1,0.0003305052766026
669,8,164,2,0,1.0,0.0,0.0,2,39.0,15.000000000000002,0.0441832801166295,0.0,2,0.0516105020675763,0.0,0.0001595145350469
670,8,164,1,0,1.0,0.0,0.0,1,40.0,0.0,0.042316258351893,2.8014498189788795e-19,1,0.0482497334732284,0.0,0.0001039826955234
671,8,164,3,0,1.0,0.3333333333333333,0.0,3,38.0,54116.33333333333,0.0462131417452477,0.0,2,0.0548914190155493,0.3333333333333333,0.0002370431607001
672,8,164,4,0,1.0,0.0,0.0,4,37.0,68876.33333333333,0.0484384958572339,6.4503116336753855e-18,2,0.0588047038664829,0.0,0.0003178885841388
673,8,164,1,0,1.0,0.0,0.0,1,38.0,0.0,0.0462010399910216,0.0,1,0.0542234028212173,0.0,9.790955120908176e-05
674,8,164,1,0,1.0,0.0,0.0,1,38.0,0.0,0.0462010399910216,0.0,1,0.0542234028212173,0.0,9.790955120908176e-05
675,8,164,2,0,1.0,0.0,0.0,2,38.0,1325.4714285714283,0.0462222222222222,0.0,2,0.0549784956815733,0.0,0.0001641286257853
676,8,164,2,0,1.0,0.0,0.0,2,39.0,77.80476190476193,0.0442073989225565,0.0,2,0.0518497073067817,0.0,0.0001633205624661
677,8,164,2,0,1.0,1.0,0.0,2,36.0,0.0,0.0508063189073556,0.0,2,0.0619257806240553,1.0,0.0001508515681686
678,8,164,1,0,1.0,0.0,0.0,1,38.0,0.0,0.0462019041918407,0.0,1,0.0543304814151381,0.0,9.586456399229784e-05
679,8,164,3,0,1.0,0.0,0.0,3,37.0,11251.883333333337,0.0484394457899846,0.0,2,0.0589663258702101,0.0,0.0002311988361625
680,8,164,8,0,1.0,0.14285714285714285,0.0,8,35.0,174600.95000001483,0.0535600056378953,0.0,3,0.0687061716097506,0.1428571428571428,0.0005100852799247
681,8,164,7,0,1.0,0.047619047619047616,0.0,7,36.0,98375.89047619044,0.0508947796791774,0.0,3,0.0643777438654944,0.0476190476190476,0.000458396582541
682,8,164,1,0,1.0,0.0,0.0,1,36.0,0.0,0.0508376898695097,0.0,1,0.0619842601562191,0.0,8.455478807158804e-05
683,8,164,1,0,1.0,0.0,0.0,1,36.0,0.0,0.0508376898695097,0.0,1,0.0619842601562191,0.0,8.455478807158804e-05
684,8,164,1,0,1.0,0.0,0.0,1,38.0,0.0,0.0462105479785223,0.0,1,0.0545324285907695,0.0,8.7859783150905e-05
685,8,164,4,0,1.0,0.3333333333333333,0.0,4,37.0,4976.666666666667,0.0484489471671096,0.0,3,0.0593475674356622,0.3333333333333333,0.0002705955579827
686,8,164,1,0,1.0,0.0,0.0,1,38.0,0.0,0.0462006079027355,0.0,1,0.054262523057706,0.0,0.0001003086399124
687,8,164,3,0,1.0,0.0,0.0,3,37.0,24624.042857142864,0.04843802090483,0.0,2,0.0588313731036784,0.0,0.0002468838099985
688,8,164,1,0,1.0,0.0,0.0,1,39.0,0.0,0.0441741929714745,0.0,1,0.0511908632268847,0.0,9.8467373229045e-05
689,8,164,4,0,1.0,0.0,0.0,4,38.0,14880.566666666668,0.0462153034399528,0.0,2,0.0552500881242183,0.0,0.0003205136289387
690,8,164,1,0,1.0,0.0,0.0,1,40.0,0.0,0.0437330689282742,1.3198065072652578e-19,1,0.0500344299995706,0.0,0.0001051481005178
691,8,164,3,0,1.0,0.0,0.0,3,39.0,9837.0,0.0457326951739971,0.0,2,0.0536803746635477,0.0,0.0002639642591938
692,8,164,5,1,0.8333333333333334,0.1,0.2777777777777777,6,35.0,463161.1886417844,0.055831195397882,0.0,2,0.071372989604179,0.0666666666666666,0.0004061670822182
693,8,164,1,0,1.0,0.0,0.0,1,36.0,0.0,0.0508376898695097,0.0,1,0.0619842601562191,0.0,8.455478807158804e-05
694,8,164,3,0,1.0,0.3333333333333333,0.0,3,35.0,4938.999999999999,0.0545832228409794,0.0,2,0.0684009254132731,0.3333333333333333,0.0002162596634199
695,8,164,1,0,1.0,0.0,0.0,1,36.0,0.0,0.051758641283279,9.00293622506764e-19,1,0.0623077033166983,0.0,9.163179838189364e-05
696,8,164,3,0,1.0,0.0,0.0,3,39.0,14793.000000000002,0.0457437056105488,0.0,2,0.05407173768649,0.0,0.0002644575934116
697,8,164,1,0,1.0,0.0,0.0,1,40.0,0.0,0.0437431374632522,0.0,1,0.0502715612893334,0.0,0.0001052878785462
698,8,164,2,0,1.0,0.0,0.0,2,41.0,4939.0,0.0405972896789198,3.191768809432615e-17,1,0.0458014310410839,0.0,0.0002149812587102
699,8,164,1,0,1.0,0.0,0.0,1,42.0,0.0,0.0390137574829018,1.8775427504389386e-17,1,0.0433315208578294,0.0,0.0001217252620314
700,8,164,2,0,1.0,0.0,0.0,2,38.0,210.77142857142863,0.0462352005241237,0.0,2,0.0552470356211658,0.0,0.0001580799973007
701,8,164,1,0,1.0,0.0,0.0,1,38.0,0.0,0.0462140063988624,0.0,1,0.0546276184885909,0.0,9.471738673719172e-05
702,8,164,6,0,1.0,0.0,0.0,6,37.0,40822.72619047618,0.0484527487617085,6.842094906212138e-18,2,0.0595919283379179,0.0,0.0004542999505243
703,8,164,1,0,1.0,0.0,0.0,1,39.0,0.0,0.0441769582286291,0.0,1,0.0512596248745937,0.0,9.40515146035057e-05
704,8,164,3,0,1.0,0.0,0.0,3,39.0,5027.666666666666,0.0441856512911333,1.2834979770052313e-17,2,0.0516246253711733,0.0,0.0002598510650961
705,8,164,1,0,1.0,0.0,0.0,1,38.0,0.0,0.0478784236949737,0.0,1,0.0562359082575203,0.0,0.0001024558956596
706,8,164,2,0,1.0,0.0,0.0,2,41.0,4939.0,0.0405972896789198,3.108681479823067e-17,1,0.0458014310410839,0.0,0.0002149812587102
707,8,164,1,0,1.0,0.0,0.0,1,42.0,0.0,0.0390137574829018,1.8357215460191688e-17,1,0.0433315208578294,0.0,0.0001217252620314
708,8,164,2,0,1.0,0.0,0.0,2,37.0,118.81666666666668,0.0484408707589723,0.0,2,0.0588684851144747,0.0,0.000146372830902
709,8,164,3,0,1.0,0.0,0.0,3,40.0,14813.0,0.0423140835660322,2.0709423357269666e-17,1,0.0485963532277428,0.0,0.0002864349137787
710,8,164,1,0,1.0,0.0,0.0,1,41.0,0.0,0.0405966224267576,0.0,1,0.0456664782745522,0.0,0.0001115147859835
711,8,164,1,0,1.0,0.0,0.0,1,39.0,0.0,0.0457199974085831,0.0,1,0.053022479926705,0.0,0.0001038980708944
712,8,164,3,0,1.0,0.0,0.0,3,38.0,19668.166666666668,0.0479099990301619,0.0,2,0.0572388964973503,0.0,0.0002595523899347
713,8,164,4,0,1.0,0.16666666666666666,0.0,4,39.0,5024.0,0.0441832801166295,0.0,2,0.051747127138412,0.1666666666666666,0.0003257012980228
714,8,164,1,0,1.0,0.0,0.0,1,40.0,0.0,0.0423140835660322,0.0,1,0.0482852389034707,0.0,9.956975290944468e-05
715,8,164,1,0,1.0,0.0,0.0,1,38.0,0.0,0.046123824729466,1.721373852731696e-17,1,0.0532786020079947,0.0,0.0001107389936556
716,8,164,2,0,1.0,0.0,0.0,2,37.0,4939.0,0.0483536275008809,0.0,1,0.0573006377571548,0.0,0.0001891312154732
717,8,164,1,0,1.0,0.0,0.0,1,38.0,0.0,0.0461850581052907,3.3816925910621605e-19,1,0.0540215359746135,0.0,9.40505463010714e-05
718,8,164,3,0,1.0,0.3333333333333333,0.0,3,37.0,4939.0,0.0484209288192742,0.0,2,0.0584578431248855,0.3333333333333333,0.0002247964207817
719,8,164,1,0,1.0,0.0,0.0,1,37.0,0.0,0.0483526809310338,0.0,1,0.0571656849906232,0.0,9.500307086588284e-05
720,8,164,6,0,1.0,0.13333333333333333,0.0,6,36.0,19749.5,0.0508089316753576,0.0,2,0.0623643771152838,0.1333333333333333,0.0004563165443739
721,8,164,1,0,1.0,0.0,0.0,1,40.0,0.0,0.0437334560939118,0.0,1,0.0500725059586992,0.0,0.0001060005516959
722,8,164,4,0,1.0,0.0,0.0,4,39.0,9896.666666666668,0.045733118554315,3.691603618996137e-17,2,0.0537917106959365,0.0,0.0003559638805476
723,8,164,1,0,1.0,0.0,0.0,1,40.0,0.0,0.0437334560939118,0.0,1,0.0500725059586992,0.0,0.0001060005516959
724,8,164,1,0,1.0,0.0,0.0,1,36.0,0.0,0.0508037064080545,0.0,1,0.0617064823784411,0.0,8.620672438248277e-05
725,8,164,10,0,1.0,0.08888888888888889,0.0,10,35.0,117188.37142857144,0.0535222865067498,0.0,3,0.0684316069930806,0.0888888888888888,0.0006570411447398
726,8,164,6,1,0.8571428571428571,0.2,0.24489795918367352,7,34.0,673137.9273641747,0.0564913604812057,0.0,3,0.0738579273591557,0.1428571428571428,0.0004156688205616
727,8,164,1,0,1.0,0.0,0.0,1,37.0,0.0,0.0483526809310338,0.0,1,0.0571656849906232,0.0,9.500307086588284e-05
728,8,164,3,0,1.0,0.0,0.0,3,40.0,14813.0,0.0423140835660322,2.757569528101936e-17,1,0.0485963532277428,0.0,0.0002864349137787
729,8,164,1,0,1.0,0.0,0.0,1,41.0,0.0,0.0405966224267576,0.0,1,0.0456664782745522,0.0,0.0001115147859835
730,8,164,1,0,1.0,0.0,0.0,1,40.0,0.0,0.0437423627959693,0.0,1,0.0502681874701701,0.0,0.0001110766418734
731,8,164,1,0,1.0,0.0,0.0,1,40.0,0.0,0.0423064735755821,1.6850392903092437e-17,1,0.0480967358860204,0.0,0.0001130440089266
732,8,164,2,0,1.0,0.0,0.0,2,39.0,4939.0,0.0441749830096219,1.6874930008506894e-17,1,0.0513258159934165,0.0,0.0001945547808166
733,8,164,1,0,1.0,0.0,0.0,1,39.0,0.0,0.0441777483656916,0.0,1,0.0511226638823696,0.0,0.0001029195927368
734,8,164,3,0,1.0,0.0,0.0,3,38.0,5040.066666666668,0.0462191950000935,0.0,2,0.0550527197031657,0.0,0.0002560989376138
735,8,164,1,0,1.0,0.0,0.0,1,39.0,0.0,0.0441651095634448,0.0,1,0.0509060968236972,0.0,0.0001042581241299
736,8,164,3,0,1.0,0.0,0.0,3,38.0,4979.333333333333,0.0462053613184428,2.706235245713775e-17,2,0.0547049753422635,0.0,0.00026082316606
737,8,164,1,0,1.0,0.0,0.0,1,37.0,0.0,0.0502640388274437,0.0,1,0.0600034220398826,0.0,9.714211490166036e-05
738,8,164,3,0,1.0,0.0,0.0,3,36.0,161327.0,0.0529236570889845,0.0,2,0.0656090923137563,0.0,0.000235707839372
739,20,122,3,0,1.0,0.0,0.0,3,32.0,11997.368298002872,0.0548815713460427,3.0105981835756573e-14,2,0.0624327703788016,0.0,0.000202762134557
740,20,122,5,0,1.0,0.2,0.0,5,31.0,73348.75066797476,0.0573278713256199,1.114592672397322e-13,2,0.0664129214537655,0.2,0.0003185651623057
741,20,122,1,0,1.0,0.0,0.0,1,30.0,0.0,0.058667743429569,4.554481760256601e-13,1,0.0663270172738586,0.0,8.93988112416118e-05
742,20,122,4,0,1.0,0.16666666666666666,0.0,4,31.0,20814.47688631009,0.0569807142198025,3.0419043366783746e-13,2,0.0656032351180804,0.1666666666666666,0.000248043873353
743,20,122,6,0,1.0,0.0,0.0,6,30.0,83578.07959283501,0.0603594687389269,1.6534301119092878e-12,2,0.0705465989193629,0.0,0.0003839396470018
744,20,122,5,1,0.8333333333333334,0.0,0.2777777777777777,6,29.0,402557.9738146048,0.0623233750504642,3.4084432367431764e-12,2,0.0727356109201671,0.0,0.0004167570646732
745,20,122,1,0,1.0,0.0,0.0,1,31.0,0.0,0.056924246963656,2.2091736316512526e-13,1,0.0644322861839734,0.0,8.474967707150983e-05
746,20,122,1,0,1.0,0.0,0.0,1,30.0,0.0,0.058667743429569,4.554444433421159e-13,1,0.0663270172738586,0.0,8.93988112416118e-05
747,20,122,1,0,1.0,0.0,0.0,1,33.0,0.0,0.0538519398689675,1.7648039778103956e-13,1,0.0613964529403518,0.0,8.885622246696772e-05
748,20,122,5,0,1.0,0.1,0.0,5,32.0,14158.579975145783,0.0547586849047819,2.3117986871156535e-14,2,0.0625632560642919,0.1,0.0003626104050448
749,20,122,3,0,1.0,0.0,0.0,3,33.0,7377.480037736898,0.0530378673194404,4.6379561595339655e-15,2,0.0598074111439587,0.0,0.0002228983801271
750,20,122,5,0,1.0,0.2,0.0,5,32.0,306978.0708603874,0.0567731258547573,5.138425947228543e-14,2,0.0660132044836219,0.2,0.0003279481121572
751,20,122,1,0,1.0,0.0,0.0,1,33.0,0.0,0.0519163872920454,3.0593774183838004e-15,1,0.0578248313482299,0.0,9.200199593718144e-05
752,20,122,2,0,1.0,0.0,0.0,2,34.0,4134.693743041306,0.0513609615104697,6.5935274533542795e-16,2,0.0578525854766761,0.0,0.0001627043608848
753,20,122,2,0,1.0,0.0,0.0,2,33.0,263071.1388592392,0.054858411993337,6.9528441021162105e-15,2,0.063255341980358,0.0,0.0001494055733832
754,20,122,3,0,1.0,0.0,0.0,3,32.0,46097.432995923344,0.0568567646889566,1.177167238305286e-12,2,0.0659598524742964,0.0,0.0002093826525795
755,20,122,1,0,1.0,0.0,0.0,1,33.0,0.0,0.054617017512825,3.1544886874579694e-14,1,0.0618167671404502,0.0,8.551048675406908e-05
756,20,122,2,0,1.0,0.0,0.0,2,33.0,835.2856504606324,0.054644204285256,6.46849121245162e-14,2,0.0623166546798117,0.0,0.000143933673659
757,20,122,6,0,1.0,0.06666666666666667,0.0,6,32.0,282465.7470008144,0.0577716965465623,2.363236652199633e-13,2,0.0675051193085753,0.0666666666666666,0.0003893100682906
758,20,122,5,0,1.0,0.0,0.0,5,33.0,42145.585789173325,0.0561874431301182,2.8986594050076573e-13,2,0.0648655242040184,0.0,0.0003538410061355
759,20,122,4,0,1.0,0.3333333333333333,0.0,4,32.0,645.5479463190165,0.0539448539448539,1.1866638732503777e-13,2,0.0613151894139412,0.3333333333333333,0.0002449337021593
760,20,122,3,0,1.0,0.0,0.0,3,31.0,5346.386532260826,0.0569564064427611,2.441640038161811e-13,2,0.0651041654742738,0.0,0.0001917178113295
761,20,122,1,0,1.0,0.0,0.0,1,33.0,0.0,0.0527355217507339,3.728592229037957e-14,1,0.0592824141541845,0.0,8.384158012107791e-05
762,20,122,6,0,1.0,0.2,0.0,6,32.0,19513.47829435333,0.0556707536963577,2.7927661201657524e-13,2,0.0644826519883078,0.2,0.0003775295508812
763,20,122,4,0,1.0,0.0,0.0,4,31.0,13996.590384694622,0.056946557845714,1.0946802069297237e-13,2,0.0650208893620537,0.0,0.0002592625357624
764,20,122,3,0,1.0,0.0,0.0,3,33.0,22872.00008178205,0.0538079470198675,1.667294284325091e-13,2,0.0612584785665475,0.0,0.0002257612336241
765,20,122,1,0,1.0,0.0,0.0,1,35.0,0.0,0.0494870972912325,1.0404140942244342e-14,1,0.0550532565940785,0.0,0.0001074046732452
766,20,122,2,0,1.0,0.0,0.0,2,34.0,4939.0,0.0520630236602202,7.770138869618665e-14,1,0.0591629440509503,0.0,0.0001812857556841
767,20,122,1,0,1.0,0.0,0.0,1,36.0,0.0,0.0474056445344362,2.0492997222211461e-16,1,0.0521078445186245,0.0,0.0001000909349781
768,20,122,1,0,1.0,0.0,0.0,1,36.0,0.0,0.0481209452746011,1.4920370136059694e-15,1,0.0530344290139841,0.0,9.896873846695382e-05
769,20,122,1,0,1.0,0.0,0.0,1,36.0,0.0,0.0481209452746011,1.492983691302692e-15,1,0.0530344290139841,0.0,9.896873846695382e-05
770,20,122,3,0,1.0,0.0,0.0,3,36.0,4972.059940451701,0.0474074642764603,2.8216573472845977e-16,2,0.0523777500516881,0.0,0.0002618028933666
771,20,122,5,0,1.0,0.0,0.0,5,35.0,18381.16985641805,0.0497642744892613,1.8031243402736744e-15,2,0.0559100948085462,0.0,0.0004101923994035
772,20,122,5,0,1.0,0.0,0.0,5,35.0,22273.85884070519,0.0505531165894043,1.1453643550036311e-14,2,0.0569435174932064,0.0,0.0004035912434553
773,20,122,1,0,1.0,0.0,0.0,1,36.0,0.0,0.0474056445344362,2.0342890724584744e-16,1,0.0521078445186245,0.0,0.0001000909349781
774,20,122,3,0,1.0,0.0,0.0,3,34.0,8384.219446565603,0.0511164917944578,4.762093038810999e-14,2,0.0576889912966008,0.0,0.0002322866800763
775,20,122,1,0,1.0,0.0,0.0,1,33.0,0.0,0.0519163872920454,3.0607487447031746e-15,1,0.0578248313482299,0.0,9.200199593718144e-05
776,20,122,3,0,1.0,0.0,0.0,3,33.0,42844.15611501333,0.0537570052777626,7.142298672686263e-15,2,0.061410659511695,0.0,0.0002228485068199
777,20,122,3,0,1.0,0.0,0.0,3,31.0,21773.92020403746,0.0586051036266356,2.399142939727178e-13,2,0.0671953707232841,0.0,0.0002058524417869
778,20,122,3,0,1.0,0.3333333333333333,0.0,3,33.0,188.82871152391004,0.053302258332524,6.053577928003898e-14,2,0.0605140780737682,0.3333333333333333,0.0001908097143791
779,20,122,3,0,1.0,0.0,0.0,3,32.0,1905.7090633102628,0.0553793033866574,2.2545972171334334e-13,2,0.0634203386670795,0.0,0.000203867405404
780,20,122,8,0,1.0,0.03571428571428571,0.0,8,32.0,71288.55699952318,0.0569163767080673,1.3211030480957444e-12,2,0.0672385080292675,0.0357142857142857,0.000550569368352
781,20,122,2,0,1.0,0.0,0.0,2,33.0,7327.273813769141,0.0538601598360208,1.8284044616065294e-13,2,0.0617150378642001,0.0,0.0001546707818219
782,20,122,2,0,1.0,0.0,0.0,2,34.0,43731.90388222999,0.052072902062888,7.772313608029208e-14,2,0.0593803143998997,0.0,0.0001624251998328
783,20,122,3,1,0.75,0.0,0.375,4,31.0,361205.3686085353,0.0602483108520135,8.07129909374455e-12,2,0.0712730286731738,0.0,0.0002608244060877
784,20,122,1,0,1.0,0.0,0.0,1,33.0,0.0,0.0538519398689675,1.7648187509126996e-13,1,0.0613964529403518,0.0,8.885622246696772e-05
785,20,122,2,0,1.0,0.0,0.0,2,35.0,2486.8096070596066,0.0485518000530728,1.9413882921684239e-16,2,0.0537725182265386,0.0,0.0001714272985531
786,20,122,3,0,1.0,0.0,0.0,3,34.0,18283.560682320775,0.0510267322232781,1.2035758739852197e-15,2,0.0575013862101734,0.0,0.0002360879471289
787,20,122,3,0,1.0,0.3333333333333333,0.0,3,33.0,1228.7475774225777,0.0548638953365688,2.479257946358673e-13,2,0.0631668925380419,0.3333333333333333,0.0002061994831941
788,20,122,1,0,1.0,0.0,0.0,1,34.0,0.0,0.0518036912751677,3.3186024266382075e-14,1,0.0582021853665397,0.0,8.894572518737467e-05
789,20,122,4,0,1.0,0.16666666666666666,0.0,4,33.0,5500.487231232777,0.0546333263290607,2.483653611782923e-13,2,0.0630746006627947,0.1666666666666666,0.0002757058734486
790,20,122,1,1,0.5,0.0,0.5,2,29.0,24353.325820361453,0.0617307091533895,4.467705294650473e-15,2,0.0686576894782324,0.0,0.0001567843016856
791,20,122,4,0,1.0,0.16666666666666666,0.0,4,32.0,282437.6021952712,0.0580145858533663,1.2195756272321433e-12,2,0.0680027579603212,0.1666666666666666,0.0002589924162988
792,20,122,1,0,1.0,0.0,0.0,1,34.0,0.0,0.0511540731689637,2.5191449892204718e-14,1,0.0570404187709623,0.0,9.78226372454439e-05
793,20,122,4,0,1.0,0.0,0.0,4,33.0,21985.831801705368,0.0539112973633665,1.8866252309953752e-13,2,0.0615097738440348,0.0,0.0003174795772512
794,20,122,2,0,1.0,0.0,0.0,2,32.0,26415.88180170553,0.0568862275449101,1.0882733638423836e-12,2,0.0653679518246147,0.0,0.0001549720193576
795,20,122,4,0,1.0,0.0,0.0,4,32.0,16915.10968750177,0.0569124423963133,1.1347614944049689e-12,2,0.0658171910694005,0.0,0.0002927640335493
796,20,122,1,0,1.0,0.0,0.0,1,33.0,0.0,0.0538484177939589,1.516257493075518e-13,1,0.0606706157805375,0.0,9.257058420880162e-05
797,20,122,1,0,1.0,0.0,0.0,1,37.0,0.0,0.0452621355665096,3.5819787360059025e-17,1,0.0492081610202035,0.0,0.0001045357135334
798,20,122,1,0,1.0,0.0,0.0,1,34.0,0.0,0.0511016861487534,2.4037545028236728e-14,1,0.0571041156459353,0.0,0.0001066491140947
799,20,122,2,0,1.0,0.0,0.0,2,33.0,4939.000000000001,0.0538531139963589,1.7972139774363096e-13,1,0.0615314057068836,0.0,0.0001795079694474
800,6,172,3,1,0.75,0.0,0.375,4,30.0,446946.3821739553,0.062759645801837,5.6680545263295295e-11,2,0.0750621289676668,0.0,0.000271092754164
801,6,172,1,0,1.0,0.0,0.0,1,31.0,0.0,0.0590541768278104,7.574515525857585e-12,1,0.068278330264267,0.0,8.796543733938712e-05
802,20,122,2,0,1.0,0.0,0.0,2,28.0,377444.7172619992,0.0636737429591534,4.63901059391419e-13,2,0.0720652054819517,0.0,0.0001558156865455
803,20,122,8,0,1.0,0.03571428571428571,0.0,8,33.0,80590.56008954134,0.0549206208031307,5.713711547339321e-13,2,0.0644379151501578,0.0357142857142857,0.0005612570009049
804,20,122,3,1,0.75,0.0,0.375,4,31.0,74935.19388788023,0.0602850727325978,7.955179637089462e-12,2,0.0708595110722083,0.0,0.0002689382687635
805,20,122,2,0,1.0,0.0,0.0,2,33.0,17.33333333333333,0.0519458669386639,3.675775244879869e-15,2,0.0582143248956185,0.0,0.0001551565369732
806,20,122,1,0,1.0,0.0,0.0,1,35.0,0.0,0.0494870972912325,1.0404363258470304e-14,1,0.0550532565940785,0.0,0.0001074046732452
807,20,122,2,0,1.0,0.0,0.0,2,34.0,4939.0,0.0520630236602202,7.770541188773763e-14,1,0.0591629440509503,0.0,0.0001812857556841
808,20,122,2,0,1.0,0.0,0.0,2,33.0,4597.323401565535,0.0538713195201744,1.5893164395952168e-13,2,0.0610468696436335,0.0,0.0001619035205856
809,20,122,2,0,1.0,0.0,0.0,2,34.0,1128.7281618708037,0.0512453448687227,5.4565112298388686e-14,2,0.0576390498176171,0.0,0.0001631363208866
810,20,122,1,0,1.0,0.0,0.0,1,34.0,0.0,0.0501049770267666,3.59771298268255e-14,1,0.0559079499440469,0.0,9.495582789953666e-05
811,20,122,4,0,1.0,0.16666666666666666,0.0,4,33.0,9833.438379337967,0.0527473466162683,2.693460370660489e-13,2,0.0602027560348696,0.1666666666666666,0.0003039887097411
812,20,122,1,1,0.5,0.0,0.5,2,32.0,16230.44693926888,0.05738114320893,9.260514763059885e-13,2,0.065660893198496,0.0,0.0001565612544684
813,20,122,1,1,0.5,0.0,0.5,2,32.0,16230.44693926888,0.05738114320893,9.260515606485729e-13,2,0.065660893198496,0.0,0.0001565612544682
814,20,122,3,0,1.0,0.0,0.0,3,32.0,2085.742683270701,0.0547769005588574,5.53475967313319e-14,2,0.0622604625378069,0.0,0.0001938343148797
815,20,122,4,0,1.0,0.0,0.0,4,30.0,83719.35116642194,0.0595618466583874,4.937856686488492e-13,2,0.0687576999612502,0.0,0.0002739315584445
816,20,122,1,0,1.0,0.0,0.0,1,31.0,0.0,0.056214297093698,6.597869528276686e-14,1,0.063100523627129,0.0,8.85686832490245e-05
817,20,122,2,0,1.0,0.0,0.0,2,35.0,3423.291668789211,0.0486359295468194,6.55367294050802e-15,2,0.0540415638710529,0.0,0.0001699475008523
818,20,122,2,0,1.0,0.0,0.0,2,36.0,21.67777777777778,0.0463910748830832,1.3329442782914473e-15,2,0.0510680405405332,0.0,0.0001735875633366
819,20,122,3,0,1.0,0.0,0.0,3,35.0,7078.148893426598,0.0485971746743792,3.3153810430907378e-15,2,0.0539226227846196,0.0,0.0002505940531582
820,20,122,2,0,1.0,0.0,0.0,2,34.0,11966.22111564948,0.0510662931453321,2.2713615197309837e-14,2,0.0571605840280467,0.0,0.0001653255583343
821,20,122,1,0,1.0,0.0,0.0,1,34.0,0.0,0.0520619262912727,7.628117521151673e-14,1,0.0590279912844185,0.0,8.999178342569195e-05
822,20,122,3,0,1.0,0.3333333333333333,0.0,3,33.0,1561.694046019578,0.0516752617759971,2.492828880566137e-13,2,0.0588716276026825,0.3333333333333333,0.0002257732854994
823,20,122,2,0,1.0,0.0,0.0,2,34.0,13080.336837935012,0.0532103964928532,4.020359307706448e-14,2,0.0601985353081384,0.0,0.0001591217095098
824,20,122,2,0,1.0,0.0,0.0,2,34.0,13080.336837935012,0.0532103964928532,4.0203301100593006e-14,2,0.0601985353081384,0.0,0.0001591217095098
825,13,136,2,0,1.0,0.0,0.0,2,34.0,3721.459714795016,0.0570280753601773,0.0,2,0.0662398638442175,0.0,0.0001553538217427
826,13,136,3,0,1.0,0.0,0.0,3,33.0,7473.58640199671,0.0596100009653441,0.0,2,0.0705689963062361,0.0,0.0002264561199061
827,13,136,4,0,1.0,0.16666666666666666,0.0,4,33.0,14866.654634254675,0.0603801258937847,1.982156367112365e-17,2,0.0706951525303015,0.1666666666666666,0.0002693711753932
828,13,136,3,0,1.0,0.0,0.0,3,32.0,22978.41668747906,0.0642017025147832,0.0,2,0.0767311079089424,0.0,0.0001939451393564
829,13,136,4,0,1.0,0.0,0.0,4,32.0,46351.29864237312,0.0633333333333333,0.0,2,0.0771146407252621,0.0,0.0002751647413655
830,13,136,1,0,1.0,0.0,0.0,1,33.0,0.0,0.0595159211112851,1.7934925088639354e-17,1,0.0693195586094305,0.0,9.944965633075952e-05
831,13,136,14,0,1.0,0.01098901098901099,0.0,14,33.0,76426.13483193185,0.05930870541342,2.1892541767555984e-16,2,0.0724602731936088,0.0109890109890109,0.0010563569475554
832,13,136,2,0,1.0,0.0,0.0,2,32.0,77147.28760832193,0.0629066968890473,0.0,2,0.0761346348238865,0.0,0.0001484269997517
833,13,136,6,0,1.0,0.06666666666666667,0.0,6,34.0,10672.737970641389,0.0563791785074354,0.0,2,0.067130517888234,0.0666666666666666,0.0003864924036468
834,13,136,2,0,1.0,0.0,0.0,2,33.0,13802.901054946646,0.0596229512153909,0.0,2,0.0707649188047901,0.0,0.0001435838251364
835,13,136,3,0,1.0,0.3333333333333333,0.0,3,34.0,5931.137375903008,0.0563091302861051,9.3846032550616e-18,2,0.0656003302396256,0.3333333333333333,0.000203510880414
836,13,136,2,0,1.0,0.0,0.0,2,33.0,10757.806423521251,0.0595920238368095,8.906597956581406e-19,2,0.0702545081628007,0.0,0.0001464921507369
837,13,136,5,0,1.0,0.0,0.0,5,32.0,199558.69616133007,0.0652369129998415,0.0,2,0.0792133043121516,0.0,0.000308310131551
838,30,96,1,1,0.5,0.0,0.5,2,34.0,193053.3478133745,0.062208789824959,1.0395986887039754e-17,2,0.0714827554674261,0.0,0.0001623063944724
839,30,96,2,0,1.0,0.0,0.0,2,34.0,193101.98905182656,0.062224461519083,3.2921185113996844e-17,2,0.0704118630197489,0.0,0.0001734099192603
840,30,96,2,0,1.0,0.0,0.0,2,33.0,194354.6579415488,0.0632230981877751,3.299784558975856e-17,2,0.0711980946122736,0.0,0.0001742858224236
841,29,100,1,0,1.0,0.0,0.0,1,31.0,0.0,0.0638870208473436,1.7013527924736493e-17,1,0.0730619171120296,0.0,0.0001096131068549
842,29,100,2,0,1.0,0.0,0.0,2,30.0,4939.0,0.0682461836015749,7.473133059033523e-18,1,0.0800978970165719,0.0,0.0001864820700598
843,13,136,4,0,1.0,0.0,0.0,4,33.0,14562.883982683985,0.0596013705902224,6.878543401062498e-17,2,0.0705441746366776,0.0,0.0002746779547442
844,13,136,3,0,1.0,0.0,0.0,3,35.0,1465.1756937506923,0.0555511824305329,0.0,2,0.0644806686913556,0.0,0.0002147048024345
845,13,136,3,0,1.0,0.3333333333333333,0.0,3,34.0,948.2857142857134,0.0570267587098561,1.796000611498537e-17,2,0.0659400379953026,0.3333333333333333,0.0002173296962849
846,13,136,9,0,1.0,0.027777777777777776,0.0,9,35.0,96865.72132856444,0.0555911909343596,1.907558222015211e-17,2,0.0659251452674113,0.0277777777777777,0.0006002019151736
847,13,136,3,0,1.0,0.0,0.0,3,36.0,34537.0,0.0526719836226382,0.0,1,0.0606714902840484,0.0,0.0002576224356786
848,13,136,6,0,1.0,0.0,0.0,6,37.0,24685.0,0.0500420393650536,1.3074405557826035e-16,1,0.0568233114892578,0.0,0.0005839758298052
849,13,136,4,0,1.0,0.0,0.0,4,34.0,14814.000000000002,0.0563611678399069,6.135698215415203e-17,1,0.0663661068606652,0.0,0.0003626440871342
850,13,136,2,0,1.0,0.0,0.0,2,35.0,4939.0,0.0533955921614406,0.0,1,0.0619050806904415,0.0,0.0001723455734171
851,13,136,1,0,1.0,0.0,0.0,1,35.0,0.0,0.0533944378992423,0.0,1,0.0617701279239097,0.0,8.428124200254759e-05
852,13,136,5,0,1.0,0.0,0.0,5,34.0,79719.42790013168,0.0597007710342493,0.0,2,0.0700467775381472,0.0,0.0003166668726085
853,13,136,2,1,0.6666666666666666,0.0,0.4444444444444444,3,33.0,215399.1323491257,0.0633780229649111,0.0,2,0.0747509080762994,0.0,0.0002055845354374
854,13,136,9,0,1.0,0.05555555555555555,0.0,9,34.0,57000.42589829468,0.0564055720484128,0.0,2,0.0679363786940947,0.0555555555555555,0.0005709495697724
855,13,136,5,0,1.0,0.0,0.0,5,33.0,159714.43849774048,0.0597224237148798,0.0,2,0.072891147838914,0.0,0.0003433212722697
856,13,136,2,0,1.0,0.0,0.0,2,32.0,161429.71650584348,0.0633788360874474,0.0,2,0.0774539505382562,0.0,0.0001460845005983
857,13,136,3,0,1.0,0.0,0.0,3,36.0,7047.667897652981,0.0534371788631077,0.0,2,0.0612238875954942,0.0,0.0001882744318462
858,13,136,2,0,1.0,0.0,0.0,2,34.0,117.932412032412,0.0570149115922625,0.0,2,0.0657836373783757,0.0,0.0001390238349047
859,13,136,5,0,1.0,0.2,0.0,5,35.0,7293.098076042374,0.054081275179541,0.0,2,0.0638131833101992,0.2,0.0003022254780032
860,13,136,3,0,1.0,0.0,0.0,3,34.0,75670.07956500775,0.0571184108594355,0.0,2,0.0680299158974271,0.0,0.0001967869110589
861,13,136,2,0,1.0,0.0,0.0,2,34.0,41.11475468975468,0.0563463819691577,0.0,2,0.0660614991876366,0.0,0.0001426503073855
862,13,136,2,0,1.0,0.0,0.0,2,34.0,16.68376623376623,0.0563187596192213,0.0,2,0.0656723050484425,0.0,0.0001434803829792
863,13,136,2,0,1.0,0.0,0.0,2,34.0,41.11475468975468,0.0563463819691577,0.0,2,0.0660614991876366,0.0,0.0001426503073855
864,13,136,4,0,1.0,0.3333333333333333,0.0,4,35.0,36170.9767721288,0.0534308211473565,0.0,2,0.0628521599269944,0.3333333333333333,0.000261262205035
865,13,136,2,0,1.0,0.0,0.0,2,35.0,2499.770740860448,0.0563836829730408,0.0,2,0.0647919915121639,0.0,0.0001450246227794
866,13,136,1,0,1.0,0.0,0.0,1,35.0,0.0,0.0533707865168539,0.0,1,0.0613635827147329,0.0,8.511131759622931e-05
867,13,136,1,0,1.0,0.0,0.0,1,34.0,0.0,0.0559887569135914,0.0,1,0.0653607153939814,0.0,9.449418460975278e-05
868,13,136,1,0,1.0,0.0,0.0,1,34.0,0.0,0.0559887569135914,0.0,1,0.0653607153939814,0.0,9.449418460975278e-05
869,13,136,3,0,1.0,0.3333333333333333,0.0,3,34.0,4657.4189364510585,0.0563778916494527,0.0,2,0.0663498128846173,0.3333333333333333,0.0002125346986562
870,13,136,1,0,1.0,0.0,0.0,1,36.0,0.0,0.0526641223001641,0.0,1,0.060148548313738,0.0,8.70439635126507e-05
871,13,136,3,0,1.0,0.3333333333333333,0.0,3,33.0,29436.04152261279,0.0612933644349595,0.0,2,0.0724654754812136,0.3333333333333333,0.0001818096339473
872,13,136,2,0,1.0,0.0,0.0,2,33.0,17761.396490937634,0.0612728377758207,0.0,2,0.0720696140327205,0.0,0.0001314763366945
873,13,136,2,0,1.0,0.0,0.0,2,35.0,5484.140156387116,0.0563688852881773,0.0,2,0.0646441057721729,0.0,0.0001416545159322
874,13,136,4,0,1.0,0.0,0.0,4,35.0,2862.5918954366957,0.0547574709585882,0.0,2,0.0638194052478628,0.0,0.0002514157781679
875,13,136,4,0,1.0,0.0,0.0,4,36.0,2548.90887850394,0.0520701576861455,0.0,2,0.0605236305052808,0.0,0.0002411342824473
876,13,136,3,0,1.0,0.0,0.0,3,35.0,3878.240666004299,0.0540830514226908,0.0,2,0.0630944022025485,0.0,0.0001920826099452
877,13,136,2,0,1.0,1.0,0.0,2,34.0,0.0,0.0569813714747101,0.0,2,0.0652855974066514,1.0,0.0001491763491313
878,13,136,5,0,1.0,0.1,0.0,5,35.0,9230.289030235568,0.0547459411536543,0.0,2,0.0638075968807913,0.1,0.000290189433178
879,13,136,1,0,1.0,0.0,0.0,1,38.0,0.0,0.0476576367986416,0.0,1,0.0528379781809156,0.0,0.0001130881363019
880,13,136,2,0,1.0,1.0,0.0,2,36.0,0.0,0.053453947368421,0.0,2,0.0613000395137514,1.0,0.0001443401696315
881,13,136,3,0,1.0,0.0,0.0,3,36.0,168.52810245310238,0.0513369428538767,0.0,2,0.0594866980054578,0.0,0.0001874159937377
882,13,136,3,0,1.0,0.0,0.0,3,37.0,4254.341281346218,0.0507791620410345,0.0,2,0.0577733919265755,0.0,0.000194372130585
883,13,136,4,0,1.0,0.16666666666666666,0.0,4,36.0,6400.341264381637,0.0519786613916392,0.0,2,0.0601704442827538,0.1666666666666666,0.0002520871893574
884,13,136,2,0,1.0,0.0,0.0,2,36.0,2215.1331947856647,0.0526854656371315,0.0,2,0.060704264527349,0.0,0.0001406124912509
885,13,136,4,0,1.0,0.16666666666666666,0.0,4,34.0,6405.68602353078,0.0578413694588202,0.0,2,0.0677488986135704,0.1666666666666666,0.0002419963908431
886,13,136,1,0,1.0,0.0,0.0,1,38.0,0.0,0.0476576367986416,0.0,1,0.0528379781809156,0.0,0.0001130881363019
887,13,136,1,0,1.0,0.0,0.0,1,38.0,0.0,0.0476576367986416,0.0,1,0.0528379781809156,0.0,0.0001130881363019
888,13,136,1,0,1.0,0.0,0.0,1,38.0,0.0,0.0476576367986416,0.0,1,0.0528379781809156,0.0,0.0001130881363019
889,13,136,1,0,1.0,0.0,0.0,1,38.0,0.0,0.0476576367986416,0.0,1,0.0528379781809156,0.0,0.0001130881363019
890,13,136,2,0,1.0,1.0,0.0,2,35.0,0.0,0.055481305944586,0.0,2,0.0634420143632274,1.0,0.0001279884680813
891,13,136,3,0,1.0,0.3333333333333333,0.0,3,35.0,1894.7431950296996,0.0534198432008651,0.0,2,0.0625350209256448,0.3333333333333333,0.0001921355307446
892,13,136,3,0,1.0,0.3333333333333333,0.0,3,35.0,894.0256962448491,0.0540097304980047,0.0,2,0.0624041318353574,0.3333333333333333,0.0001934379242403
893,13,136,3,0,1.0,0.0,0.0,3,37.0,465.9372513678176,0.0508816743572841,0.0,2,0.058310728738997,0.0,0.0001903032259434
894,13,136,3,0,1.0,0.0,0.0,3,36.0,2351.154780223801,0.0527856730707584,0.0,2,0.061222285914711,0.0,0.0001953866170142
895,13,136,5,0,1.0,0.1,0.0,5,34.0,13149.91139997888,0.0560382966172833,0.0,2,0.0667039773951378,0.1,0.00032425768446
896,13,136,3,0,1.0,0.3333333333333333,0.0,3,35.0,168.49523809523797,0.0534892534242867,0.0,2,0.0622845202354014,0.3333333333333333,0.0001979508614229
897,13,136,2,0,1.0,0.0,0.0,2,35.0,193.5771631146674,0.0540593777699959,0.0,2,0.062595558940547,0.0,0.0001389078862983
898,13,136,1,0,1.0,0.0,0.0,1,36.0,0.0,0.0506895419471351,1.592590729502451e-17,1,0.0573134202113254,0.0,0.0001036050957818
899,13,136,2,0,1.0,0.0,0.0,2,35.0,1811.720920578177,0.0547368421052631,0.0,2,0.0627531207663927,0.0,0.000148039312208
900,13,136,3,0,1.0,0.3333333333333333,0.0,3,35.0,35863.81601971592,0.0564210333957695,0.0,2,0.0655491729272402,0.3333333333333333,0.0002022219039494
901,13,136,2,0,1.0,0.0,0.0,2,35.0,42.99657287157287,0.0547313841278986,0.0,2,0.0631123491460695,0.0,0.0001313985313901
902,13,136,6,0,1.0,0.13333333333333333,0.0,6,35.0,26135.433385368,0.0563907628734175,0.0,2,0.0655544746430682,0.1333333333333333,0.0003453519088255
903,13,136,2,0,1.0,0.0,0.0,2,34.0,187.19523809523807,0.0563637400878544,0.0,2,0.0659926700274746,0.0,0.0001560709318904
904,13,136,1,0,1.0,0.0,0.0,1,34.0,0.0,0.0559887569135914,0.0,1,0.0653607153939814,0.0,9.449418460975278e-05
905,13,136,1,0,1.0,0.0,0.0,1,34.0,0.0,0.0559887569135914,0.0,1,0.0653607153939814,0.0,9.449418460975278e-05
906,13,136,1,0,1.0,0.0,0.0,1,34.0,0.0,0.0559887569135914,0.0,1,0.0653607153939814,0.0,9.449418460975278e-05
907,13,136,1,0,1.0,0.0,0.0,1,35.0,0.0,0.0533546463904609,0.0,1,0.0609881248392751,0.0,0.0001074200955956
908,13,136,1,0,1.0,0.0,0.0,1,35.0,0.0,0.0533546463904609,0.0,1,0.0609881248392751,0.0,0.0001074200955956
909,13,136,1,0,1.0,0.0,0.0,1,35.0,0.0,0.0533546463904609,0.0,1,0.0609881248392751,0.0,0.0001074200955956
910,13,136,1,0,1.0,0.0,0.0,1,34.0,0.0,0.0559887569135914,0.0,1,0.0653607153939814,0.0,9.449418460975278e-05
911,13,136,1,0,1.0,0.0,0.0,1,37.0,0.0,0.0500369706361988,0.0,1,0.0561485476565993,0.0,0.0001033512505218
912,13,136,3,0,1.0,0.0,0.0,3,36.0,29613.0,0.0526708604328819,0.0,1,0.060620882996599,0.0,0.0002559294648049
913,13,136,1,0,1.0,0.0,0.0,1,38.0,0.0,0.0476539589442815,2.1304985641572704e-18,1,0.0526692872227509,0.0,0.0001148009777257
914,13,136,1,0,1.0,0.0,0.0,1,38.0,0.0,0.0476539589442815,3.5651976944753165e-18,1,0.0526692872227509,0.0,0.0001148009777257
915,13,136,1,0,1.0,0.0,0.0,1,38.0,0.0,0.0476539589442815,2.7089886455503342e-18,1,0.0526692872227509,0.0,0.0001148009777257
916,13,136,1,0,1.0,0.0,0.0,1,38.0,0.0,0.0476539589442815,3.6822245719181915e-18,1,0.0526692872227509,0.0,0.0001148009777257
917,13,136,3,0,1.0,0.0,0.0,3,37.0,9877.0,0.0500379842998227,5.939306014921737e-17,1,0.0563914626363563,0.0,0.0002980332375747
918,13,136,3,0,1.0,0.0,0.0,3,37.0,9877.0,0.0500379842998227,5.693048415560469e-17,1,0.0563914626363563,0.0,0.0002980332375747
919,13,136,1,0,1.0,0.0,0.0,1,34.0,0.0,0.0559887569135914,0.0,1,0.0653607153939814,0.0,9.449418460975278e-05
920,13,136,1,0,1.0,0.0,0.0,1,34.0,0.0,0.0559887569135914,0.0,1,0.0653607153939814,0.0,9.449418460975278e-05
921,13,136,3,0,1.0,0.0,0.0,3,36.0,29613.0,0.0507275397143238,0.0,1,0.0583050820582511,0.0,0.0002542380142362
922,13,136,1,0,1.0,0.0,0.0,1,38.0,0.0,0.0460575999701651,3.7427144607477504e-18,1,0.0509684544763844,0.0,0.0001145390113728
923,13,136,1,0,1.0,0.0,0.0,1,38.0,0.0,0.0460575999701651,3.416466343149723e-18,1,0.0509684544763844,0.0,0.0001145390113728
924,13,136,1,0,1.0,0.0,0.0,1,38.0,0.0,0.0460575999701651,3.65991570431239e-18,1,0.0509684544763844,0.0,0.0001145390113728
925,13,136,1,0,1.0,0.0,0.0,1,38.0,0.0,0.0460575999701651,4.715562121690623e-18,1,0.0509684544763844,0.0,0.0001145390113728
926,13,136,3,0,1.0,0.0,0.0,3,37.0,9877.0,0.0482808498993334,6.064978860731186e-17,1,0.0544432254462481,0.0,0.000297108650447
927,13,136,3,0,1.0,0.0,0.0,3,37.0,9877.0,0.0482808498993334,6.223021204941685e-17,1,0.0544432254462481,0.0,0.000297108650447
928,13,136,6,0,1.0,0.2,0.0,6,34.0,16123.61704040564,0.0578434012856691,0.0,2,0.0680894133619797,0.2,0.0003361020102348
929,13,136,5,0,1.0,0.3,0.0,5,34.0,14647.278414652272,0.0578312124653188,0.0,2,0.0677708284381318,0.3,0.0002865022779497
930,13,136,3,0,1.0,0.0,0.0,3,36.0,3264.7892455591978,0.0535257660468946,0.0,2,0.0613645232107338,0.0,0.0002028103076794
931,13,136,2,0,1.0,0.0,0.0,2,36.0,3945.000044166861,0.0534129120849416,0.0,2,0.0607327559201521,0.0,0.0001343551844954
932,13,136,1,0,1.0,0.0,0.0,1,34.0,0.0,0.0559887569135914,0.0,1,0.0653607153939814,0.0,9.449418460975278e-05
933,19,124,2,0,1.0,0.0,0.0,2,39.0,4939.0,0.0485241392858896,2.7420209857238403e-17,1,0.0550878916824636,0.0,0.0001912014114218
934,19,124,3,0,1.0,0.3333333333333333,0.0,3,39.0,2116.571762247235,0.0482064093055935,7.753397409827539e-18,2,0.0545369565725932,0.3333333333333333,0.000217812029015
935,19,124,2,0,1.0,1.0,0.0,2,39.0,0.0,0.0481847798521293,0.0,2,0.0541230210928684,1.0,0.0001489541078767
936,19,124,2,0,1.0,0.0,0.0,2,40.0,184.9333333333332,0.0463371165931901,0.0,2,0.0524783963685289,0.0,0.0001582725494391
937,18,130,4,0,1.0,0.16666666666666666,0.0,4,35.0,7586.453575299864,0.0592418482497271,0.0,2,0.0693625038504706,0.1666666666666666,0.0002564672274462
938,18,130,1,0,1.0,0.0,0.0,1,36.0,0.0,0.0559291714783868,0.0,1,0.0635695067152025,0.0,8.485751291189642e-05
939,18,130,4,0,1.0,0.0,0.0,4,36.0,359.0966438789981,0.0564997598188347,0.0,2,0.065342009521165,0.0,0.0002730116237454
940,18,130,4,0,1.0,0.0,0.0,4,36.0,7434.980942669472,0.0566526755200807,3.690887456383982e-18,2,0.0654444634669714,0.0,0.0002802820183906
941,19,124,4,0,1.0,0.0,0.0,4,39.0,17899.70680918143,0.0485427352946956,7.44259650242551e-18,2,0.0558005635135563,0.0,0.0003115337135934
942,19,124,3,0,1.0,0.0,0.0,3,38.0,21098.07126173397,0.0509682944192812,0.0,2,0.0585920275117593,0.0,0.0002362949917169
943,19,124,4,0,1.0,0.16666666666666666,0.0,4,37.0,7254.282079707639,0.0532884588416771,0.0,2,0.0623006673771854,0.1666666666666666,0.0002536947256241
944,19,124,4,0,1.0,0.3333333333333333,0.0,4,36.0,30946.08386478005,0.0561567842851946,0.0,2,0.0654540526685747,0.3333333333333333,0.0002466886051725
945,19,124,3,0,1.0,0.0,0.0,3,35.0,218492.65806528725,0.0594478808154227,0.0,2,0.070215046494511,0.0,0.0001915222854552
946,19,124,2,0,1.0,0.0,0.0,2,39.0,4939.0,0.0484979383467504,3.0753425884866905e-17,1,0.0545815778208867,0.0,0.0001927404583175
947,19,124,1,0,1.0,0.0,0.0,1,40.0,0.0,0.0462551147482654,1.7732688748514338e-17,1,0.0511716475617799,0.0,0.0001122729218645
948,19,124,5,0,1.0,0.0,0.0,5,41.0,4020.715476190824,0.0442691997490814,0.0,2,0.0501942262955799,0.0,0.0003226878738417
949,19,124,4,0,1.0,0.0,0.0,4,40.0,4476.286904761194,0.0463071457362742,0.0,2,0.0528249796098488,0.0,0.0002564860692963
950,19,124,4,0,1.0,0.0,0.0,4,40.0,2289.217857142501,0.0463054094841727,0.0,2,0.0528401617960836,0.0,0.0002536834781453
951,19,124,5,0,1.0,0.0,0.0,5,39.0,11830.752380954438,0.048539396500054,0.0,2,0.0560142460298702,0.0,0.000310352222484
952,18,130,5,0,1.0,0.0,0.0,5,35.0,22392.172026150227,0.0601287778278174,0.0,2,0.0707796098702124,0.0,0.000289824141503
953,18,130,5,0,1.0,0.0,0.0,5,34.0,51250.43986990325,0.0639291861322842,0.0,2,0.0767269272254224,0.0,0.0003189418574914
954,18,130,2,1,0.6666666666666666,1.0,0.4444444444444444,3,35.0,35380.33809596833,0.059277391794761,0.0,2,0.0694177556162486,0.3333333333333333,0.0001909727450968
955,18,130,1,0,1.0,0.0,0.0,1,36.0,0.0,0.0566845287955111,1.6454997128507205e-17,1,0.0641986054647349,0.0,0.0001038027754084
956,18,130,4,0,1.0,0.0,0.0,4,35.0,13812.048493746412,0.0592503748125937,0.0,2,0.0692329988525445,0.0,0.0002747091733098
957,18,130,1,0,1.0,0.0,0.0,1,36.0,0.0,0.055936771066875,0.0,1,0.0634972471034692,0.0,8.873392640791947e-05
958,19,124,3,0,1.0,0.3333333333333333,0.0,3,38.0,13904.126190473846,0.0509819705460437,0.0,2,0.0588990450556192,0.3333333333333333,0.000196969085322
959,19,124,3,0,1.0,0.0,0.0,3,37.0,44662.38792839739,0.0536886493066121,0.0,2,0.0628070976077883,0.0,0.0002040746672251
960,19,124,2,0,1.0,0.0,0.0,2,38.0,204.9832223332223,0.0512442816983226,0.0,2,0.0587434513414605,0.0,0.0001566008792924
961,18,130,2,0,1.0,0.0,0.0,2,36.0,736.4414618061621,0.0568652730454001,0.0,2,0.0655904996703946,0.0,0.0001514612043512
962,19,124,2,0,1.0,0.0,0.0,2,40.0,20.35,0.0463019373705373,0.0,2,0.0523608384878132,0.0,0.0001392538484378
963,18,130,3,0,1.0,0.0,0.0,3,34.0,25791.89574592077,0.0638209911632473,0.0,2,0.0753602164508169,0.0,0.0002120415799461
964,19,124,2,0,1.0,0.0,0.0,2,40.0,2227.919047618692,0.0462993336269998,0.0,2,0.0523003507299571,0.0,0.0001481365769697
965,19,124,4,0,1.0,0.16666666666666666,0.0,4,37.0,4719.9375108948025,0.053675815459504,0.0,2,0.0625343805587553,0.1666666666666666,0.000273352991831
966,19,124,2,0,1.0,0.0,0.0,2,37.0,3250.5340255062133,0.0544899017196307,0.0,2,0.0639550636311211,0.0,0.0001417603969108
967,19,124,2,0,1.0,0.0,0.0,2,38.0,20.369047619047617,0.0509740795773485,0.0,2,0.0587255343557926,0.0,0.000140257852294
968,19,124,3,0,1.0,0.3333333333333333,0.0,3,37.0,4894.369047619048,0.0536740658648152,0.0,2,0.0624663418722955,0.3333333333333333,0.0001947018278448
969,19,124,4,0,1.0,0.16666666666666666,0.0,4,38.0,11917.49795272324,0.0506163099275592,0.0,2,0.0580024130226624,0.1666666666666666,0.000267682223888
970,19,124,3,0,1.0,0.0,0.0,3,40.0,46.26666666666666,0.0463023713562658,0.0,2,0.0525365180713874,0.0,0.0002057327964674
971,19,124,4,0,1.0,0.0,0.0,4,39.0,4955.758333333333,0.0485374888236045,0.0,2,0.0559096576358082,0.0,0.0002554974097718
972,19,124,1,0,1.0,0.0,0.0,1,37.0,0.0,0.0531474249319519,0.0,1,0.0601537631680338,0.0,8.89573398645183e-05
973,19,124,3,1,0.75,0.3333333333333333,0.375,4,36.0,30855.97182612732,0.0561299852289512,0.0,2,0.0652823895363853,0.1666666666666666,0.0002757605307527
974,18,130,3,0,1.0,0.0,0.0,3,36.0,9.916666666666666,0.0561293474679301,0.0,3,0.0642414687224044,0.0,0.0001745082564637
975,18,130,3,0,1.0,0.0,0.0,3,36.0,74.13015873015871,0.0567405212317517,0.0,2,0.0653857078360481,0.0,0.0001930468698911
976,19,124,2,0,1.0,0.0,0.0,2,41.0,986.5761904762776,0.0442569050626674,0.0,2,0.0493743882388999,0.0,0.0001513252761736
977,19,124,2,0,1.0,1.0,0.0,2,41.0,0.0,0.044256112091594,0.0,2,0.0493187202227056,1.0,0.0001439867488931
978,19,124,2,0,1.0,0.0,0.0,2,38.0,16685.585714288616,0.0509935483870967,0.0,2,0.0592547419902637,0.0,0.0001381237101181
979,18,130,3,0,1.0,0.0,0.0,3,34.0,20996.295742738075,0.0635574139594725,0.0,2,0.0742537612685164,0.0,0.0002361304439937
980,18,130,2,0,1.0,0.0,0.0,2,35.0,3992.0880952380935,0.0597636071087237,1.194354754350001e-17,2,0.0682027443660945,0.0,0.0001738932918149
981,18,130,3,0,1.0,0.0,0.0,3,36.0,6442.82953990464,0.0568613457952531,2.2866899855901477e-17,2,0.0656092966628758,0.0,0.0002405884698056
982,18,130,1,0,1.0,0.0,0.0,1,37.0,0.0,0.0538026727076685,9.475099061256581e-19,1,0.0606497723899196,0.0,9.852496019117044e-05
983,18,130,2,0,1.0,0.0,0.0,2,35.0,4939.0,0.0600900133803673,1.3792489154290765e-18,1,0.0697130813694733,0.0,0.0001728107019502
984,18,130,3,0,1.0,0.0,0.0,3,35.0,6958.484842118668,0.0592446901646618,0.0,2,0.0689698409578077,0.0,0.000212988552636
985,18,130,1,0,1.0,0.0,0.0,1,36.0,0.0,0.0559317044450986,0.0,1,0.0633757896135906,0.0,9.070498365976216e-05
986,18,130,3,0,1.0,0.3333333333333333,0.0,3,37.0,138.43611111111107,0.0537248504622077,0.0,2,0.0611245559846425,0.3333333333333333,0.0002027655411771
987,19,124,3,0,1.0,0.0,0.0,3,37.0,7315.93413396372,0.0532953576938429,4.007627091640262e-17,2,0.0617192626948517,0.0,0.0002405475580546
988,19,124,1,0,1.0,0.0,0.0,1,38.0,0.0,0.0505992010652463,3.590767864781937e-18,1,0.0572398006170451,0.0,9.851336852837554e-05
989,19,124,3,0,1.0,0.0,0.0,3,36.0,13739.585464062726,0.056249501838926,0.0,2,0.0663384414669652,0.0,0.0002114032730352
990,19,124,1,0,1.0,0.0,0.0,1,41.0,0.0,0.0442493729845933,1.904516536750492e-18,1,0.0488937043928316,0.0,0.0001113504509801
991,18,130,3,0,1.0,0.0,0.0,3,35.0,4881.135714285713,0.0600418104915163,1.0935878200007548e-17,2,0.0695833938055752,0.0,0.000206908078481
992,19,124,4,0,1.0,0.16666666666666666,0.0,4,40.0,13124.929761906938,0.0462993336269998,4.171520481537928e-18,2,0.0524789221585284,0.1666666666666666,0.0002645530470472
993,19,124,4,0,1.0,0.16666666666666666,0.0,4,39.0,22962.55476190199,0.0485360581646689,0.0,2,0.0557457864193055,0.1666666666666666,0.0002559639135668
994,19,124,3,0,1.0,0.0,0.0,3,40.0,9877.0,0.0462975979606564,3.738758417497275e-17,1,0.0521431468227532,0.0,0.0002858549078844
995,19,124,3,0,1.0,0.3333333333333333,0.0,3,37.0,7948.122053101001,0.0531926348659416,0.0,2,0.06094306889155,0.3333333333333333,0.000193104646447
996,19,124,2,0,1.0,0.0,0.0,2,40.0,13.133333333333336,0.0462919579436625,1.4576174299023977e-17,2,0.0520135761010772,0.0,0.0001580556016602
997,19,124,5,0,1.0,0.1,0.0,5,36.0,69388.22998960518,0.0575831400296075,0.0,2,0.0693222012756247,0.1,0.0003136156415723
998,19,124,2,0,1.0,0.0,0.0,2,41.0,9.10833333333333,0.044259284146396,0.0,2,0.0494806635425436,0.0,0.0001439932252685
999,19,124,1,0,1.0,0.0,0.0,1,41.0,0.0,0.0442493729845933,1.989757425345063e-18,1,0.0488937043928316,0.0,0.0001113504509801
1000,19,124,2,0,1.0,0.0,0.0,2,39.0,7.466666666666667,0.0485341507506091,0.0,2,0.0555722757194791,0.0,0.0001378522122268
1001,19,124,2,0,1.0,0.0,0.0,2,39.0,4915.200000000001,0.0485208030487565,3.111558496594296e-17,2,0.0550223431958625,0.0,0.0001633092131331
1002,19,124,2,0,1.0,0.0,0.0,2,38.0,9839.066666666668,0.0509867063000578,0.0,2,0.059028696106323,0.0,0.0001547702478775
1003,19,124,2,0,1.0,0.0,0.0,2,38.0,1956.638428913911,0.0506002376367435,0.0,2,0.0577062398975417,0.0,0.0001469810506748
1004,19,124,2,0,1.0,0.0,0.0,2,38.0,170.9583333333333,0.0506251281000205,0.0,2,0.0578702717721,0.0,0.0001413929548518
1005,19,124,11,0,1.0,0.0,0.0,11,37.0,167913.30999945095,0.0537225134306283,0.0,2,0.064733548350029,0.0,0.0007118372439769
1006,19,124,6,0,1.0,0.13333333333333333,0.0,6,36.0,231941.0841431831,0.0567079540367109,0.0,2,0.0680738281576251,0.1333333333333333,0.0003597055410679
1007,19,124,1,0,1.0,0.0,0.0,1,38.0,0.0,0.0509840752169919,0.0,1,0.0588262669565252,0.0,8.536383229596423e-05
1008,19,124,1,0,1.0,0.0,0.0,1,38.0,0.0,0.0509840752169919,0.0,1,0.0588262669565252,0.0,8.536383229596423e-05
1009,19,124,1,0,1.0,0.0,0.0,1,38.0,0.0,0.0509840752169919,0.0,1,0.0588262669565252,0.0,8.536383229596423e-05
1010,18,130,5,0,1.0,0.0,0.0,5,36.0,3967.3044705294647,0.056768558951965,0.0,2,0.0660258352524914,0.0,0.0003079708855734
1011,18,130,3,0,1.0,0.0,0.0,3,35.0,6287.817561896447,0.0601134123488038,0.0,2,0.0703024554456895,0.0,0.0001955573489699
1012,18,130,3,0,1.0,0.3333333333333333,0.0,3,36.0,6312.169555444559,0.0566630726526117,1.0956868507267304e-17,2,0.0645648423542512,0.3333333333333333,0.0002117918859681
1013,18,130,2,0,1.0,0.0,0.0,2,35.0,11175.68622211122,0.0600097181729834,0.0,2,0.0691295347990847,0.0,0.0001504443757552
1014,19,124,3,0,1.0,0.0,0.0,3,38.0,21314.464118876826,0.0509972333484742,0.0,2,0.0594504235017348,0.0,0.0002328253462888
1015,18,130,3,0,1.0,0.0,0.0,3,36.0,3573.5464563219016,0.0562187752500825,0.0,2,0.0647106318130251,0.0,0.0002237506564861
1016,18,130,3,0,1.0,0.0,0.0,3,37.0,5081.542658730259,0.0537956418996177,9.287184177634025e-18,2,0.061199881123535,0.0,0.0002359411657643
1017,18,130,1,0,1.0,0.0,0.0,1,38.0,0.0,0.0510499338624338,0.0,1,0.0568859026192666,0.0,9.7208224046122e-05
1018,18,130,2,0,1.0,0.0,0.0,2,36.0,0.3333333333333333,0.0559051197320175,0.0,2,0.0634540081786513,0.0,0.0001269418131055
1019,18,130,4,0,1.0,0.16666666666666666,0.0,4,35.0,4131.324951035728,0.0592127343337968,0.0,3,0.0689153924823067,0.1666666666666666,0.0002283758289841
1020,19,124,1,0,1.0,0.0,0.0,1,38.0,0.0,0.0505774428700139,0.0,1,0.0570583059601337,0.0,8.795033665966008e-05
1021,19,124,5,0,1.0,0.1,0.0,5,37.0,16472.434874042872,0.0532712195227157,0.0,2,0.0617671219752186,0.1,0.0003387771151771
1022,18,130,4,0,1.0,0.16666666666666666,0.0,4,35.0,5525.533285104719,0.0592113148747453,0.0,3,0.0688479160990408,0.1666666666666666,0.0002261351640794
1023,18,130,4,0,1.0,0.0,0.0,4,35.0,3592.1543822899,0.0594600450163093,0.0,3,0.0696665068601303,0.0,0.0002235072428158
1024,18,130,4,0,1.0,0.0,0.0,4,35.0,3592.1543822899,0.0594600450163093,0.0,3,0.0696665068601303,0.0,0.0002235072428155
1025,19,124,2,0,1.0,0.0,0.0,2,39.0,7138.585714287135,0.0485336739205187,0.0,2,0.0555149207937032,0.0,0.0001480503796166
1026,19,124,8,0,1.0,0.0,0.0,8,38.0,39440.01633298882,0.05100039231071,0.0,2,0.0601285611535571,0.0,0.0005151445395303
1027,19,124,1,0,1.0,0.0,0.0,1,39.0,0.0,0.0485260459131049,0.0,1,0.0551977817923537,0.0,8.509233440467439e-05
1028,19,124,4,0,1.0,0.3333333333333333,0.0,4,37.0,2543.593406532132,0.0532138355972552,0.0,2,0.0614060050781704,0.3333333333333333,0.0002514946738456
1029,18,130,1,0,1.0,0.0,0.0,1,34.0,0.0,0.0638053291657517,0.0,1,0.0748339006613432,0.0,8.947876468060859e-05
1030,18,130,10,0,1.0,0.0,0.0,10,33.0,473673.4394086041,0.068152971690304,2.8525350277933456e-17,2,0.0834277994151897,0.0,0.0006955357364827
1031,18,130,4,0,1.0,0.16666666666666666,0.0,4,35.0,3032.9353802326214,0.0591871944790568,0.0,3,0.0684416118769472,0.1666666666666666,0.0002313385938237
1032,18,130,2,0,1.0,0.0,0.0,2,34.0,7911.635380231259,0.0628634691981726,0.0,2,0.0735958359454608,0.0,0.000130858203152
1033,18,130,2,0,1.0,0.0,0.0,2,34.0,301771.6372696788,0.065081351689612,0.0,2,0.0774495865655802,0.0,0.0001544107908678
1034,19,124,4,0,1.0,0.0,0.0,4,40.0,7586.146428570483,0.0463019373705373,1.662194882566943e-17,2,0.0525989337259082,0.0,0.0002701998856065
1035,19,124,2,0,1.0,0.0,0.0,2,39.0,12458.304761903808,0.0485331970997976,0.0,2,0.0554286474179561,0.0,0.0001421730736667
1036,18,130,2,0,1.0,0.0,0.0,2,35.0,7316.83383797497,0.0598236775818639,0.0,2,0.0688257690022769,0.0,0.0001568217817858
1037,19,124,2,0,1.0,0.0,0.0,2,38.0,4910.666666666666,0.0509893376546969,0.0,2,0.0591130415854053,0.0,0.0001396570318723
1038,18,130,1,0,1.0,0.0,0.0,1,34.0,0.0,0.0638053291657517,0.0,1,0.0748339006613432,0.0,8.947876468060859e-05
1039,18,130,1,0,1.0,0.0,0.0,1,34.0,0.0,0.0638053291657517,0.0,1,0.0748339006613432,0.0,8.947876468060859e-05
1040,18,130,1,0,1.0,0.0,0.0,1,34.0,0.0,0.0638053291657517,0.0,1,0.0748339006613432,0.0,8.947876468060859e-05
1041,18,130,3,0,1.0,0.0,0.0,3,37.0,4963.038888888889,0.0537009055233664,2.647190936912348e-17,2,0.0608069277064879,0.0,0.0002262558374625
1042,18,130,1,0,1.0,0.0,0.0,1,38.0,0.0,0.0509646136387083,9.415179013013199e-19,1,0.0565816557743682,0.0,9.446404769394952e-05
1043,19,124,2,0,1.0,0.0,0.0,2,39.0,4682.619047619256,0.0485355812970986,0.0,2,0.055616135368602,0.0,0.00013959562413
1044,18,130,3,0,1.0,0.3333333333333333,0.0,3,37.0,10.305555555555555,0.0536664856056491,0.0,2,0.0606014112256678,0.3333333333333333,0.000211921985385
1045,19,124,2,0,1.0,0.0,0.0,2,39.0,15.583333333333334,0.0485327202884454,0.0,2,0.0554556379712625,0.0,0.0001475592809414
1046,18,130,4,0,1.0,0.3333333333333333,0.0,4,36.0,5.033333333333333,0.0559127127852227,0.0,3,0.0638468171240919,0.3333333333333333,0.0002230200505757
1047,19,124,3,0,1.0,0.3333333333333333,0.0,3,41.0,32.76666666666666,0.0442636464642844,0.0,2,0.0497168308839741,0.3333333333333333,0.0002026270564095
1048,19,124,2,0,1.0,0.0,0.0,2,42.0,8.833333333333332,0.0423950636355054,0.0,2,0.0471030920621612,0.0,0.0001495284080063
1049,19,124,4,0,1.0,0.16666666666666666,0.0,4,38.0,31380.40833333713,0.0509993392798149,0.0,2,0.0596191144598996,0.1666666666666666,0.0002559876277448
1050,18,130,10,0,1.0,0.022222222222222223,0.0,10,34.0,124954.20158081983,0.0629315396570613,0.0,3,0.0756716986792182,0.0222222222222222,0.0005590131694113
1051,18,130,2,0,1.0,0.0,0.0,2,35.0,4923.6197248828,0.0592191227418214,0.0,2,0.068793453018262,0.0,0.0001374342753874
1052,18,130,4,1,0.8,0.0,0.31999999999999984,5,33.0,387806.3426076298,0.0670712666150733,0.0,2,0.0812765279079869,0.0,0.0003020030875587
1053,19,124,1,0,1.0,0.0,0.0,1,40.0,0.0,0.0462789477628719,1.568431578893597e-17,1,0.0515091901361647,0.0,0.0001116188269338
1054,18,130,2,0,1.0,0.0,0.0,2,36.0,5.222222222222221,0.0566734736020925,8.55552906841521e-20,2,0.0645918329075576,0.0,0.0001436787957848
1055,18,130,3,0,1.0,0.0,0.0,3,35.0,16881.174248463703,0.0602453718383375,1.0599198428976577e-17,2,0.0706664318876013,0.0,0.0002226635549148
1056,18,130,3,0,1.0,0.0,0.0,3,36.0,9893.415873015874,0.0567411729572029,0.0,2,0.065419446027681,0.0,0.0001960892022967
1057,19,124,3,0,1.0,0.6666666666666666,0.0,3,37.0,1208.7528142652116,0.0544935082126349,0.0,2,0.0642310741702896,0.6666666666666666,0.0001897966890206
1058,19,124,1,1,0.5,0.0,0.5,2,34.0,222899.4691763984,0.0629909211465877,0.0,2,0.0745115312488079,0.0,0.0001359633995102
1059,18,130,4,0,1.0,0.16666666666666666,0.0,4,36.0,80.43982943097492,0.0561306230044654,0.0,3,0.0643764214889362,0.1666666666666666,0.0002207942883901
1060,4,176,5,0,1.0,0.0,0.0,5,36.0,24983.81441035667,0.049396542242043,7.769080512498725e-13,2,0.0594837107903907,0.0,0.0003583239063874
1061,4,176,2,0,1.0,0.0,0.0,2,35.0,14907.296094067193,0.0519409513395298,2.7374941186348866e-12,2,0.0635394884672454,0.0,0.000148441781694
1062,4,176,2,0,1.0,0.0,0.0,2,35.0,14907.296094067193,0.0519409513395298,2.7374909678612496e-12,2,0.0635394884672454,0.0,0.0001484417816939
1063,6,172,5,0,1.0,0.0,0.0,5,31.0,71750.09531283205,0.0588697952665824,6.912189556332142e-09,2,0.0724608117963845,0.0,0.000383072639632
1064,6,172,1,0,1.0,0.0,0.0,1,32.0,0.0,0.0557354484221452,6.246033695483794e-09,1,0.0660995741387057,0.0,9.566275878465096e-05
1065,6,172,3,0,1.0,0.0,0.0,3,30.0,225102.35926107108,0.0625197747263177,4.7927529050442734e-08,2,0.0792893543878174,0.0,0.0002019232939749
1066,6,172,3,0,1.0,0.0,0.0,3,33.0,11651.075247960944,0.05284270203776,1.246414792394178e-10,2,0.0621303096919904,0.0,0.0002431118227471
1067,3,188,3,0,1.0,0.0,0.0,3,33.0,24628.942512736103,0.0517331657765211,6.111696333285301e-15,2,0.0608138388386743,0.0,0.000225203020116
1068,3,188,2,0,1.0,0.0,0.0,2,32.0,14725.462923034727,0.0545241826891238,2.160573808116976e-14,2,0.0651664075194195,0.0,0.0001493401281843
1069,3,188,7,0,1.0,0.047619047619047616,0.0,7,32.0,122220.9519416688,0.0589871876007498,1.6225472436793442e-11,2,0.0735304797304082,0.0476190476190476,0.0004653000602463
1070,3,188,2,1,0.6666666666666666,0.0,0.4444444444444444,3,31.0,182671.5288117798,0.0623524808461761,1.0692461719111823e-10,2,0.0778171287770617,0.0,0.0001979199273067
1071,1,197,3,0,1.0,0.0,0.0,3,29.0,24403.021062271066,0.0617438256174382,1.4625942543677477e-15,2,0.0678887123895329,0.0,0.0002741245132514
1072,1,197,6,1,0.8571428571428571,0.0,0.24489795918367352,7,30.0,324335.0701955295,0.0649307974395709,1.169734701607099e-12,2,0.0792598283919265,0.0,0.0004475145003461
1073,1,197,3,0,1.0,0.0,0.0,3,29.0,252567.06489344183,0.0691353878019425,6.683079859179046e-12,2,0.0837412116641767,0.0,0.0001894732462439
1074,14,135,3,0,1.0,0.3333333333333333,0.0,3,29.0,13324.699255972691,0.0654044750430292,1.4334932332700048e-10,2,0.0830870973240122,0.3333333333333333,0.0001939942002553
1075,14,135,3,0,1.0,0.0,0.0,3,31.0,4495.428793183885,0.0579227540276247,4.99522115048829e-12,2,0.0692412261756327,0.0,0.0002244277225211
1076,14,135,2,0,1.0,0.0,0.0,2,30.0,8415.782589306167,0.0614015462251721,1.9824083045064807e-11,2,0.0748939983282034,0.0,0.0001489111051995
1077,21,122,1,0,1.0,0.0,0.0,1,31.0,0.0,0.0564203890037347,1.9139546725012953e-14,1,0.066201259835405,0.0,9.65331518891002e-05
1078,1,197,5,0,1.0,0.1,0.0,5,29.0,83437.85101018457,0.0692885996409335,1.5376649792366918e-10,2,0.0864774575956488,0.1,0.0003083262945131
1079,1,197,1,0,1.0,0.0,0.0,1,30.0,0.0,0.0647996327146323,2.054862585191369e-11,1,0.0776066785336168,0.0,8.277369714678972e-05
1080,14,135,2,0,1.0,0.0,0.0,2,30.0,27285.94204885756,0.0617260811435568,2.1667444002446838e-11,2,0.0767478496051315,0.0,0.0001552873475151
1081,3,188,3,0,1.0,0.0,0.0,3,35.0,22645.37700727266,0.0501859113720868,4.8191919020155134e-14,2,0.0582454670261875,0.0,0.0002527022083936
1082,21,122,4,0,1.0,0.0,0.0,4,31.0,34882.291327713865,0.0564390823507906,2.0358989334080145e-14,2,0.0668864664416641,0.0,0.0003336216314027
1083,28,100,3,0,1.0,0.0,0.0,3,37.0,9877.0,0.046952819070068,1.317553397799613e-10,1,0.0560093857417954,0.0,0.000266896522962
1084,21,122,1,1,0.5,0.0,0.5,2,31.0,18440.32610788704,0.0577075837577683,5.300867078059201e-13,2,0.0703391992118768,0.0,0.0001569615234381
1085,6,172,6,0,1.0,0.0,0.0,6,31.0,38864.15934359479,0.0589449568651783,5.330366606849132e-10,2,0.0734757859374793,0.0,0.0003702707208265
1086,6,172,3,1,0.75,0.3333333333333333,0.375,4,30.0,78374.90729168947,0.06253560351921,2.7318674068449183e-09,2,0.0793832643704353,0.1666666666666666,0.0002376333057843
1087,6,172,6,0,1.0,0.0,0.0,6,31.0,14433.791833637835,0.0587689452520878,8.667888545836252e-10,2,0.0730397494852266,0.0,0.0003667238350018
1088,6,172,4,0,1.0,0.16666666666666666,0.0,4,30.0,19947.00829897459,0.0623328117902387,2.771259467505001e-09,2,0.0787379187884223,0.1666666666666666,0.0002376035291453
1089,28,100,3,0,1.0,0.3333333333333333,0.0,3,37.0,1640.419308363223,0.0470118005329272,1.6461977559046908e-10,2,0.0568293237884541,0.3333333333333333,0.0002066737339952
1090,6,172,8,0,1.0,0.03571428571428571,0.0,8,30.0,94530.2155211654,0.0622158411103134,2.7581026450226183e-09,2,0.0793965441404585,0.0357142857142857,0.0005219566847895
1091,6,172,10,0,1.0,0.044444444444444446,0.0,10,29.0,1039509.8181684568,0.0662633633351665,1.6702872802621564e-08,2,0.0875123255009347,0.0444444444444444,0.0005787085462779
1092,6,172,2,0,1.0,0.0,0.0,2,28.0,108426.244862971,0.0643388338260767,2.2761424582081727e-09,2,0.079835975711104,0.0,0.0001368581790524
1093,28,100,4,0,1.0,0.16666666666666666,0.0,4,35.0,23373.816294465854,0.0511328937698605,4.930609721385954e-09,2,0.0616345996663439,0.1666666666666666,0.000265395553818
1094,28,100,3,0,1.0,0.0,0.0,3,34.0,84699.97921219187,0.0538578110179562,3.297468181916305e-08,2,0.0660782254966672,0.0,0.000200351574064
1095,28,100,6,0,1.0,0.06666666666666667,0.0,6,36.0,20860.71251877208,0.0488272562837911,1.616638227907242e-09,2,0.0591141586764136,0.0666666666666666,0.0004110145332231
1096,21,122,3,0,1.0,0.0,0.0,3,30.0,15042.339097977245,0.0576907356152705,6.057638768030889e-11,2,0.0686963599357108,0.0,0.0002262144524288
1097,21,122,3,1,0.75,0.0,0.375,4,29.0,57487.71760611509,0.0612143742255266,4.3553591163262685e-10,2,0.0752720268068056,0.0,0.000259478040207
1098,14,135,6,2,0.75,0.0,0.375,8,31.0,98447.11685525552,0.0583924349881796,3.8241181075516495e-12,2,0.0731061326366916,0.0,0.000568737614579
1099,14,135,2,0,1.0,0.0,0.0,2,30.0,98327.82653888845,0.0618203206146992,2.178403314969644e-11,2,0.0777550879807911,0.0,0.0001445921671551
1100,4,176,6,0,1.0,0.0,0.0,6,33.0,18452.035034267847,0.0532959326788218,1.022199798384492e-11,2,0.0664311200570616,0.0,0.0003482642557931
1101,4,176,3,0,1.0,0.0,0.0,3,33.0,6939.717891903468,0.0534181102532494,2.1365981942702653e-11,2,0.0659219827220741,0.0,0.000182711940536
1102,1,197,5,0,1.0,0.0,0.0,5,29.0,95177.89160845708,0.0654903156527157,1.8604111398632307e-13,2,0.0782529082708623,0.0,0.0003281674116158
1103,1,197,3,0,1.0,0.0,0.0,3,30.0,8653.207913147347,0.0631116334926029,3.004283663261417e-13,2,0.0766177533293609,0.0,0.0001992792984874
1104,28,100,6,0,1.0,0.0,0.0,6,36.0,19757.519065044205,0.049236043973568,1.0208667793040087e-11,2,0.0609549294995952,0.0,0.0003991694210736
1105,3,188,5,0,1.0,0.0,0.0,5,30.0,95522.42713053148,0.0636975526729762,1.0476725193959353e-12,2,0.0775894470777842,0.0,0.0003804576310491
1106,3,188,6,4,0.6,0.0,0.5800000000000001,10,29.0,410988.0263625934,0.0679813395351397,7.2687623140023906e-12,2,0.0860242863444399,0.0,0.0006365989031539
1107,3,188,3,1,0.75,0.0,0.375,4,28.0,391834.737807963,0.0718576810624463,3.8390368258243385e-11,2,0.0882447272930616,0.0,0.0002476463860863
1108,6,172,3,0,1.0,0.3333333333333333,0.0,3,31.0,4939.0,0.0585773066296704,4.3442776838614344e-10,2,0.0714822066790825,0.3333333333333333,0.0002331631087115
1109,4,176,3,0,1.0,0.0,0.0,3,35.0,5185.997514669487,0.0513566898846033,2.3029348056432484e-12,2,0.0621749845678866,0.0,0.0002061151080558
1110,1,197,1,0,1.0,0.0,0.0,1,30.0,0.0,0.0626633178577771,7.916964201475529e-13,1,0.0715537874759483,0.0,0.0001034080763506
1111,1,197,2,0,1.0,0.0,0.0,2,29.0,4939.0,0.0668516137763042,5.924164632780375e-12,1,0.0782843674127193,0.0,0.000171881998285
1112,21,122,2,0,1.0,0.0,0.0,2,30.0,14811.0,0.0585703615000652,2.7581154739495247e-14,1,0.0672552643373451,0.0,0.0001923107831532
1113,3,188,1,0,1.0,0.0,0.0,1,33.0,0.0,0.0556538197221815,1.118916313882762e-13,1,0.0665388801113868,0.0,8.819512638118418e-05
1114,6,172,2,0,1.0,0.0,0.0,2,34.0,28.0,0.0467510836030511,2.0789885284212073e-14,2,0.0520480148456851,0.0,0.0001946852699722
1115,3,188,3,0,1.0,0.0,0.0,3,35.0,4550.346813998855,0.0478812080797115,1.5563750913238152e-16,2,0.0547813161788799,0.0,0.0002489503958644
1116,3,188,4,1,0.8,0.0,0.31999999999999984,5,32.0,42613.90702726532,0.0589330024813895,8.375227641604013e-13,2,0.0731903781531807,0.0,0.0003402170547153
1117,28,100,5,1,0.8333333333333334,0.0,0.2777777777777777,6,33.0,65731.83474096529,0.0536997380235452,3.4492095819472435e-10,2,0.068693498797448,0.0,0.0003490405268351
1118,6,172,2,0,1.0,0.0,0.0,2,32.0,8424.024999999476,0.0559222070027281,4.56014966356885e-08,2,0.0672417783166031,0.0,0.0001627927492832
1119,6,172,6,0,1.0,0.0,0.0,6,31.0,301315.82732952666,0.0592297731523667,3.350290986927168e-07,2,0.0738954821675575,0.0,0.0004041352357011
1120,6,172,2,0,1.0,0.0,0.0,2,34.0,142.60833333333335,0.0503244603363792,8.625765754716684e-10,2,0.0581331424579224,0.0,0.0001820088228718
1121,1,197,1,0,1.0,0.0,0.0,1,29.0,0.0,0.0619156242949891,1.4295759286941218e-15,1,0.0681372031323376,0.0,9.961156768319882e-05
1122,1,197,3,0,1.0,0.0,0.0,3,28.0,23506.51361726724,0.0660013093377156,1.0726135537419534e-14,2,0.0740689017145942,0.0,0.0002444235550715
1123,1,197,3,0,1.0,0.0,0.0,3,27.0,348417.2910580641,0.0744121590070345,1.526547172718794e-11,2,0.0888615820033436,0.0,0.0001834502185869
1124,20,122,4,0,1.0,0.16666666666666666,0.0,4,32.0,12472.228045165908,0.0534152222570634,1.5416596815092292e-12,2,0.0617721178171696,0.1666666666666666,0.0002893389234026
1125,7,171,1,1,0.5,0.0,0.5,2,23.0,1591940.1276686944,0.0772068017004251,1.3105480567141314e-13,2,0.0861565082421271,0.0,0.0001507350675717
1126,6,172,2,0,1.0,0.0,0.0,2,30.0,7403.662698412699,0.0574492086197071,5.502172741412366e-11,2,0.0678731379516212,0.0,0.0001641462508769
1127,6,172,2,0,1.0,0.0,0.0,2,31.0,2493.829365079365,0.0543436410239486,7.619523618179418e-12,2,0.0629157468322149,0.0,0.0001745410863188
1128,6,172,3,0,1.0,0.0,0.0,3,29.0,18240.486742789588,0.0609342428241911,4.041107741796726e-10,2,0.0742200239838486,0.0,0.000210381395689
1129,1,197,2,0,1.0,0.0,0.0,2,31.0,1825.645351139377,0.0583042205646303,6.480381074879015e-15,2,0.0673786894296178,0.0,0.0001646463907965
1130,3,188,2,0,1.0,0.0,0.0,2,37.0,1273.2626787036631,0.0457437056105488,9.25619247137877e-16,2,0.0519407131800055,0.0,0.0001855509946172
1131,1,197,3,1,0.75,0.3333333333333333,0.375,4,26.0,1511554.706021003,0.0798719461915309,3.723532545686938e-12,2,0.0941610471356979,0.1666666666666666,0.0002438325629634
1132,3,188,3,0,1.0,0.0,0.0,3,33.0,26192.8478911697,0.0544574647514689,1.7069494872079262e-14,2,0.0641486069717197,0.0,0.0002197186022869
1133,3,188,3,0,1.0,0.0,0.0,3,31.0,47331.77235488886,0.0606790153785682,5.478404638921049e-13,2,0.073592165456424,0.0,0.0001844148276758
1134,14,135,2,1,0.6666666666666666,0.0,0.4444444444444444,3,31.0,6933.055721076307,0.0590739500621831,4.657169851150178e-11,2,0.0746393062844108,0.0,0.0002066556986517
1135,3,188,3,0,1.0,0.0,0.0,3,32.0,35684.90683648277,0.057514087458669,1.1500813749964378e-13,2,0.0686895757532677,0.0,0.0002216290513902
1136,3,188,4,0,1.0,0.0,0.0,4,30.0,10034.278238265028,0.0636597938144329,1.7507361107229293e-12,2,0.0770016868847609,0.0,0.0003124256285082
1137,3,188,2,0,1.0,0.0,0.0,2,29.0,6310.079187879294,0.0670466883821932,5.364265324620977e-12,2,0.0793852638172589,0.0,0.0001493735301809
1138,3,188,1,0,1.0,0.0,0.0,1,31.0,0.0,0.0598504949175541,2.339538962369586e-13,1,0.0699520734229169,0.0,9.67486731375398e-05
1139,3,188,1,0,1.0,0.0,0.0,1,31.0,0.0,0.0598504949175541,2.339507267824313e-13,1,0.0699520734229169,0.0,9.67486731375398e-05
1140,4,176,8,0,1.0,0.03571428571428571,0.0,8,32.0,136064.9383129961,0.0565016984822317,1.8336957895709925e-11,2,0.0732277208321376,0.0357142857142857,0.0005175714090589
1141,14,135,1,0,1.0,0.0,0.0,1,34.0,0.0,0.0500963391136801,9.558826760427678e-14,1,0.0578260473192316,0.0,0.0001032102082202
1142,14,135,3,0,1.0,0.0,0.0,3,33.0,6140.1097384641225,0.0527377736973022,7.153252935429023e-13,2,0.0624681616506964,0.0,0.0002571246393198
1143,1,197,3,1,0.75,0.0,0.375,4,30.0,96915.81409986434,0.06391016352722,1.0511059266184944e-12,2,0.0789425198934077,0.0,0.0002617080163126
1144,6,172,1,0,1.0,0.0,0.0,1,35.0,0.0,0.0490045334153382,1.7814034010831929e-13,1,0.0556239165553554,0.0,0.0001193525649835
1145,3,188,3,0,1.0,0.0,0.0,3,31.0,47821.37484947896,0.0599107402736004,1.4574402685955477e-13,2,0.0708968281733398,0.0,0.0002482794914109
1146,28,100,1,0,1.0,0.0,0.0,1,31.0,0.0,0.0625482723255548,4.612702345206904e-09,1,0.0759198585595546,0.0,8.354578780060894e-05
1147,28,100,4,1,0.8,0.0,0.31999999999999984,5,31.0,254379.86592283144,0.0640352582798626,5.5471645363071395e-09,2,0.0833874933031078,0.0,0.0003251187329193
1148,28,100,5,0,1.0,0.0,0.0,5,30.0,1129298.6559804964,0.0667206915180983,3.4517088606123826e-08,2,0.08453435969236,0.0,0.0003128680042413
1149,1,197,2,0,1.0,0.0,0.0,2,29.0,10135.978937728943,0.0621813833469696,1.6747325159777257e-15,2,0.0689656294888657,0.0,0.0001781198402967
1150,1,197,3,0,1.0,0.0,0.0,3,28.0,25778.33523619904,0.0662927078021417,1.2195203524601844e-14,2,0.0747885179917837,0.0,0.0002400244783623
1151,4,176,5,0,1.0,0.4,0.0,5,33.0,2229.978074875225,0.0532959326788218,1.4841917500367028e-11,2,0.0663419548363173,0.4,0.0002709263267694
1152,4,176,3,0,1.0,0.3333333333333333,0.0,3,31.0,18019.75956216769,0.0591893219587591,1.0473893584564788e-10,2,0.0753844776672341,0.3333333333333333,0.0001691476436718
1153,7,171,2,0,1.0,0.0,0.0,2,30.0,11472.690923014574,0.0588859353208329,4.067826964772909e-15,2,0.0663090107929897,0.0,0.0001835983688326
1154,3,188,2,0,1.0,0.0,0.0,2,34.0,27331.000816796484,0.0528014707454199,3.472041509759548e-13,2,0.0621082425271329,0.0,0.000164323787695
1155,20,122,2,1,0.6666666666666666,0.0,0.4444444444444444,3,33.0,12795.540476190476,0.0508136353350202,1.6292101445687793e-13,2,0.0575938251458831,0.0,0.0002574458426269
1156,6,172,3,1,0.75,0.3333333333333333,0.375,4,32.0,24736.82106095661,0.0534846204649047,1.1712943067713845e-12,2,0.0614123647845266,0.1666666666666666,0.0003107774910836
1157,21,122,3,0,1.0,0.0,0.0,3,29.0,11063.270860979874,0.0629259282848226,2.910015445088728e-13,2,0.075307467373634,0.0,0.0002200324891022
1158,14,135,5,0,1.0,0.0,0.0,5,30.0,100201.38752791929,0.0622111400758119,1.1866915316222078e-10,2,0.0793817843115385,0.0,0.0003348213102589
1159,14,135,5,2,0.7142857142857143,0.2,0.44897959183673464,7,29.0,729596.7174721357,0.0662562534368755,8.218604355022652e-10,2,0.0883650970279252,0.0952380952380952,0.0003978640121512
1160,6,172,3,0,1.0,0.0,0.0,3,32.0,21185.97500000216,0.0556049571706757,9.742357252190031e-10,2,0.0664036895775258,0.0,0.0002548731502252
1161,6,172,3,0,1.0,0.3333333333333333,0.0,3,32.0,3202.729456070246,0.0524611055062921,1.1047668645466334e-12,2,0.0600677412361433,0.3333333333333333,0.0002391905682082
1162,1,197,3,1,0.75,0.0,0.375,4,30.0,20004.901653774123,0.0590626494500239,5.113172901227407e-16,2,0.0659566371123058,0.0,0.000323983386722
1163,1,197,3,0,1.0,0.0,0.0,3,29.0,24148.511606704844,0.0624162939377858,3.237222709963413e-15,2,0.0701584406402978,0.0,0.0002248807422253
1164,4,176,3,1,0.75,0.3333333333333333,0.375,4,34.0,9047.37749901115,0.0509225853004844,2.0272799116146105e-11,2,0.0619707722149374,0.1666666666666666,0.0002574240289781
1165,6,172,5,0,1.0,0.0,0.0,5,31.0,64922.53643858669,0.0635541432412613,1.0569643161107591e-09,2,0.0820881593261398,0.0,0.0003407052187798
1166,6,172,5,5,0.5,0.1,0.62,10,30.0,1302608.6656350177,0.0677863768593226,4.716627225788974e-09,2,0.0916111290409036,0.0222222222222222,0.0005849429796318
1167,28,100,2,2,0.5,0.0,0.625,4,29.0,2087553.4907246788,0.0706855352211427,5.651201259078794e-09,2,0.0909931500001196,0.0,0.0002312043387327
1168,6,172,1,0,1.0,0.0,0.0,1,31.0,0.0,0.0634839041315941,6.303079345073673e-10,1,0.0805424681751861,0.0,8.007838034828293e-05
1169,4,176,2,0,1.0,0.0,0.0,2,31.0,4963.997768109774,0.0612811988289584,7.550443035114925e-10,2,0.0782539400196932,0.0,0.0001238496896146
1170,4,176,9,1,0.9,0.08333333333333333,0.17999999999999994,10,30.0,532440.4186548645,0.0628650691643018,5.48863615907669e-10,2,0.0840994818185353,0.0666666666666666,0.0005185783326595
1171,4,176,2,0,1.0,0.0,0.0,2,31.0,4963.997768109774,0.0612811988289584,7.550443057150526e-10,2,0.0782539400196932,0.0,0.0001238496896146
1172,4,176,1,0,1.0,0.0,0.0,1,35.0,0.0,0.0483209922432091,5.4664007233088223e-14,1,0.0564914090946573,0.0,0.0001112538308613
1173,4,176,6,0,1.0,0.13333333333333333,0.0,6,32.0,13252.506004495925,0.0563740314279519,5.995775867056621e-11,2,0.0722298456169209,0.1333333333333333,0.0003286552364118
1174,37,57,2,0,1.0,0.0,0.0,2,33.0,4493.275389593042,0.0548127600554785,3.513044515985516e-17,2,0.0623332994584176,0.0,0.0001708889298741
1175,4,176,3,0,1.0,0.3333333333333333,0.0,3,31.0,6825.472619047622,0.0591638022922979,1.1277941783380023e-10,2,0.0749808243030543,0.3333333333333333,0.0001720524902252
1176,6,172,3,0,1.0,0.0,0.0,3,31.0,5155.325388337153,0.0590245417831624,4.673939072735082e-08,2,0.0723986428620138,0.0,0.0002304865824885
1177,28,100,4,0,1.0,0.0,0.0,4,33.0,135391.3776710944,0.0567424764530209,2.3701199401654947e-07,2,0.0700797559245159,0.0,0.0002812695323557
1178,28,100,2,1,0.6666666666666666,0.0,0.4444444444444444,3,32.0,1063084.2985279683,0.0600469192526954,1.6766038812002464e-06,2,0.0757263725035764,0.0,0.0001915395240154
1179,3,188,1,0,1.0,0.0,0.0,1,31.0,0.0,0.0598838689343338,1.399816170438809e-13,1,0.0702815954528439,0.0,9.503602435790628e-05
1180,3,188,1,0,1.0,0.0,0.0,1,30.0,0.0,0.0636548720459758,9.712679021656085e-13,1,0.0765968285851658,0.0,8.446913384765501e-05
1181,21,122,2,0,1.0,0.0,0.0,2,37.0,1612.7345130618723,0.0423180708442198,6.293980340290166e-17,2,0.0469720167735455,0.0,0.0001991363629038
1182,1,197,2,0,1.0,0.0,0.0,2,31.0,3653.969200244207,0.0588943597324717,5.867602044700288e-15,2,0.0664449848857083,0.0,0.0001731365479572
1183,4,176,2,0,1.0,0.0,0.0,2,33.0,8.859523809523806,0.053137134682199,1.4102810158685342e-11,2,0.0638752936297768,0.0,0.0001379407182715
1184,37,57,2,0,1.0,0.0,0.0,2,32.0,7854.35034312629,0.0576335254450848,8.458578154251102e-19,2,0.0664925053839696,0.0,0.0001535156797287
1185,1,197,1,0,1.0,0.0,0.0,1,31.0,0.0,0.0599762037734016,1.3513774970455352e-13,1,0.070620284541533,0.0,8.787788504624012e-05
1186,6,172,3,0,1.0,0.0,0.0,3,33.0,5050.194116873693,0.0543484240057208,1.2397444479531536e-11,2,0.0645794150335948,0.0,0.0002343562825045
1187,1,197,2,0,1.0,0.0,0.0,2,32.0,1880.3793732795184,0.0577217438042601,2.2180517142630392e-14,2,0.0670554914762521,0.0,0.0001663830778665
1188,28,100,1,0,1.0,0.0,0.0,1,35.0,0.0,0.0484955578461689,7.076565550374048e-12,1,0.0574925986789999,0.0,9.396377077093012e-05
1189,28,100,3,0,1.0,0.0,0.0,3,34.0,5396.892786099291,0.0509667168767926,5.2954269988762795e-11,2,0.0624769765369317,0.0,0.0002244901542047
1190,1,197,3,0,1.0,0.0,0.0,3,30.0,13468.519200244193,0.0625403537201382,4.296988731723092e-14,2,0.0718364384048834,0.0,0.000246896246637
1191,1,197,5,0,1.0,0.0,0.0,5,29.0,204679.7411028185,0.0666945685779475,3.098449328498829e-13,2,0.0786514012654695,0.0,0.0003393508681937
1192,1,197,3,0,1.0,0.0,0.0,3,28.0,282482.6409672976,0.0711385040753434,1.0208611584250203e-12,2,0.0835810443709711,0.0,0.0001965380891315
1193,14,135,2,0,1.0,0.0,0.0,2,32.0,18832.004919489085,0.0551899808957758,5.304342142458937e-13,2,0.0666816377338706,0.0,0.000156349958769
1194,14,135,2,0,1.0,0.0,0.0,2,32.0,4157.712051733134,0.0574184924739931,9.913096896973631e-11,2,0.0693093121701124,0.0,0.0001603191253799
1195,14,135,3,1,0.75,0.0,0.375,4,31.0,35520.943786492426,0.0609071966661323,7.27999529674325e-10,2,0.0761961181744218,0.0,0.0002785052616575
1196,3,188,2,0,1.0,1.0,0.0,2,33.0,0.0,0.055709049901325,2.509000588722997e-12,2,0.0668547821511972,1.0,0.0001492255502515
1197,3,188,3,0,1.0,0.3333333333333333,0.0,3,33.0,32230.04843584415,0.0557191035315083,2.549959096181567e-12,2,0.0670837929065238,0.3333333333333333,0.000220117417308
1198,21,122,2,0,1.0,0.0,0.0,2,28.0,27787.005228480208,0.0634586234360147,4.724521537548121e-12,2,0.0764359637675236,0.0,0.0001469960674236
1199,21,122,3,0,1.0,0.0,0.0,3,31.0,7190.914823012217,0.055005623044461,5.041828915546035e-14,2,0.0641255328119949,0.0,0.0002291518943174
1200,21,122,2,0,1.0,0.0,0.0,2,32.0,351.8769952269952,0.0521460088247091,8.80777890099493e-15,2,0.0595324514725564,0.0,0.0001681233559024
1201,4,176,4,0,1.0,0.3333333333333333,0.0,4,31.0,7398.263095238098,0.0594042737406654,2.2095047259473726e-10,2,0.0762550811711478,0.3333333333333333,0.000227931682244
1202,21,122,1,1,0.5,0.0,0.5,2,30.0,4656.46406338241,0.0580882612325529,6.276375942772896e-12,2,0.0674228246882322,0.0,0.0001623724204133
1203,21,122,2,0,1.0,0.0,0.0,2,31.0,1082.3191321130491,0.055299332825863,1.0172347321370385e-12,2,0.0634343941297971,0.0,0.0001646316390684
1204,6,172,2,1,0.6666666666666666,0.0,0.4444444444444444,3,29.0,20300.131978521356,0.0616452031546371,4.5949096389572615e-11,2,0.0732914154851676,0.0,0.0002189849884575
1205,21,122,3,0,1.0,0.0,0.0,3,32.0,27435.084845062906,0.0528449631475914,1.7116033399545349e-12,2,0.0617136985920005,0.0,0.0002345561003184
1206,6,172,5,1,0.8333333333333334,0.0,0.2777777777777777,6,33.0,46678.46724206767,0.056824063955829,1.14100183515287e-10,2,0.0696195094746596,0.0,0.0004897042196712
1207,28,100,1,1,0.5,0.0,0.5,2,32.0,51213.82200397246,0.0602042557340288,7.565448814749438e-10,2,0.0752067882382454,0.0,0.0001550031761291
1208,1,197,3,0,1.0,0.3333333333333333,0.0,3,31.0,23996.65306875305,0.0612880413880376,1.8488374527113378e-13,2,0.0731461479031905,0.3333333333333333,0.0002027567805218
1209,4,176,3,0,1.0,0.0,0.0,3,32.0,12948.516009258468,0.0563283922462941,1.4085452169161504e-10,2,0.0706898915609864,0.0,0.0001830396827338
1210,4,176,4,0,1.0,0.0,0.0,4,34.0,5870.156544991984,0.0509288851316521,1.1521286140374318e-12,2,0.0616185065683895,0.0,0.0002786774984234
1211,4,176,1,0,1.0,0.0,0.0,1,35.0,0.0,0.04846130453123,1.5394572072170497e-13,1,0.0568749010981452,0.0,8.957719549454765e-05
1212,14,135,2,0,1.0,0.0,0.0,2,32.0,703.4042207792205,0.055558054793288,2.2592151847146048e-12,2,0.0666547431857853,0.0,0.0001678765293689
1213,14,135,2,0,1.0,0.0,0.0,2,32.0,391.27593795093816,0.0551776519340102,7.45267578788919e-13,2,0.0657089020799607,0.0,0.0001649471011695
1214,20,122,2,0,1.0,0.0,0.0,2,34.0,3612.043422367133,0.0511662592700004,2.8626730587292854e-14,2,0.0573857532610339,0.0,0.0001729679987436
1215,21,122,1,0,1.0,0.0,0.0,1,29.0,0.0,0.0620291310899045,6.189418284581006e-13,1,0.0716163408668102,0.0,9.852387142330415e-05
1216,21,122,3,0,1.0,0.0,0.0,3,28.0,495343.1928520175,0.0661303061538667,4.631582922388187e-12,2,0.0787839391253647,0.0,0.0002405846270955
1217,14,135,2,0,1.0,0.0,0.0,2,32.0,155.21363636363606,0.0549823588990172,1.0291525354247749e-12,2,0.0649577127609574,0.0,0.0001568572971838
1218,4,176,4,0,1.0,0.0,0.0,4,35.0,51650.6075396825,0.0516142513843903,7.32885208827225e-13,2,0.0631307132192856,0.0,0.0002920987487811
1219,1,197,5,0,1.0,0.0,0.0,5,31.0,96152.28988549368,0.0589196474362797,9.297374675714847e-15,2,0.0674548887245588,0.0,0.0003643604387254
1220,6,172,2,0,1.0,0.0,0.0,2,32.0,2745.15118254363,0.0555112314728455,1.1974434102767895e-10,2,0.0664443812999809,0.0,0.0001421621134221
1221,6,172,2,0,1.0,0.0,0.0,2,31.0,29485.487727623284,0.0564719869222767,7.187403827879638e-12,2,0.0654787826967834,0.0,0.0001618926617073
1222,6,172,2,0,1.0,0.0,0.0,2,34.0,4939.0,0.0515291859640338,1.332948172793809e-12,1,0.0596304997983524,0.0,0.000209398442127
1223,6,172,2,0,1.0,0.0,0.0,2,32.0,82.675,0.057444532303828,1.7458962703267383e-10,2,0.0700422914465684,0.0,0.0001388860571495
1224,21,122,12,0,1.0,0.0,0.0,12,30.0,123801.15512613194,0.0597932653901086,1.4448222388864885e-13,2,0.0733115113047428,0.0,0.0009342342326051
1225,21,122,2,0,1.0,0.0,0.0,2,29.0,109482.8870144522,0.0624147167332086,2.1426708573314101e-13,2,0.0748338546490138,0.0,0.0001552763624638
1226,1,197,3,0,1.0,0.0,0.0,3,30.0,30654.212300067746,0.0616444339069343,2.619796831224073e-14,2,0.0721728675581973,0.0,0.0002243836080837
1227,6,172,1,1,0.5,0.0,0.5,2,31.0,19454.08027260226,0.0596265495057272,6.6399617776709465e-12,2,0.068877965002331,0.0,0.0001554118972843
1228,6,172,1,1,0.5,0.0,0.5,2,31.0,19454.08027260226,0.0596265495057272,6.639961548963046e-12,2,0.068877965002331,0.0,0.0001554118972843
1229,6,172,3,0,1.0,0.0,0.0,3,32.0,24967.87912923681,0.057444532303828,7.197153437521739e-11,2,0.0700352955185198,0.0,0.0002231061151017
1230,6,172,3,1,0.75,0.0,0.375,4,30.0,275073.7926702379,0.0622221102616099,2.1983335242034647e-11,2,0.0732458291653898,0.0,0.000261634284893
1231,6,172,4,0,1.0,0.0,0.0,4,30.0,118929.06286617588,0.0624249699879951,4.876111949969416e-11,2,0.0739620700542029,0.0,0.0002753653508504
1232,1,197,2,0,1.0,0.0,0.0,2,30.0,496.7698412698434,0.0614404935139236,7.750568640184171e-15,2,0.0693411918930161,0.0,0.0001541654311766
1233,28,100,1,0,1.0,0.0,0.0,1,36.0,0.0,0.0490878015819388,5.914964585259503e-12,1,0.058123629921452,0.0,9.517354108115238e-05
1234,28,100,3,0,1.0,0.0,0.0,3,35.0,6794.838487724826,0.0516212629445019,4.426195603912769e-11,2,0.0631560823754551,0.0,0.0002287599317703
1235,14,135,4,0,1.0,0.0,0.0,4,32.0,20628.66307340088,0.0565800022906883,4.960752979546498e-13,2,0.0676079633700433,0.0,0.0003113509113468
1236,14,135,2,0,1.0,0.0,0.0,2,31.0,25262.544025782627,0.0599354541263255,3.0336394586017333e-12,2,0.0730848505705051,0.0,0.0001566395746448
1237,14,135,3,0,1.0,0.0,0.0,3,30.0,64941.85567503997,0.0637361786677332,2.220487552106007e-11,2,0.0806656983644628,0.0,0.0002121856902495
1238,1,197,2,0,1.0,0.0,0.0,2,30.0,2540.337698412699,0.0610238165826662,2.150929196768079e-15,2,0.0679509857491174,0.0,0.0001473667541919
1239,1,197,4,0,1.0,0.16666666666666666,0.0,4,29.0,11208.194754922111,0.0649743522293831,1.5592438478807014e-14,2,0.073525672257027,0.1666666666666666,0.0002754857710825
1240,6,172,1,0,1.0,0.0,0.0,1,32.0,0.0,0.0553364996863518,5.805490249065879e-11,1,0.0652945921347384,0.0,9.642110788115936e-05
1241,1,197,2,0,1.0,0.0,0.0,2,31.0,1127.8279950373628,0.0557782419691751,6.75908417871087e-17,2,0.0613858944721807,0.0,0.0001680616045697
1242,3,188,5,0,1.0,0.0,0.0,5,32.0,36211.03197110047,0.0573285366136706,1.469747241308087e-13,2,0.0688662119825352,0.0,0.0003074835420802
1243,1,197,6,0,1.0,0.06666666666666667,0.0,6,26.0,3412093.918983211,0.0793268458746828,2.2874146926731457e-11,2,0.0952361495362262,0.0666666666666666,0.0003556016783066
1244,1,197,3,3,0.5,0.3333333333333333,0.6111111111111112,6,28.0,2503705.216400129,0.0737996354835818,8.908833924115429e-10,2,0.0933529243058189,0.0666666666666666,0.0003394930505414
1245,14,135,2,0,1.0,0.0,0.0,2,32.0,1078.639984559641,0.0555518071205271,4.154278694043724e-12,2,0.0664645333534536,0.0,0.000160103206464
1246,1,197,2,0,1.0,0.0,0.0,2,30.0,1712.3318323797366,0.0625474803747784,4.242965206912092e-14,2,0.0717780318991084,0.0,0.0001535681829224
1247,4,176,2,0,1.0,0.0,0.0,2,36.0,4934.0,0.0490843873890881,1.0000341187234325e-13,2,0.0582776171304066,0.0,0.0001665178157097
1248,7,171,2,0,1.0,0.0,0.0,2,30.0,4676.7526427334205,0.0545368233956348,4.995845046321261e-17,2,0.0597410395836078,0.0,0.0001922880979758
1249,21,122,1,1,0.5,0.0,0.5,2,30.0,14899.932847250246,0.0638804117312367,1.016335561375476e-12,2,0.0780169210882542,0.0,0.0001510398803661
1250,6,172,2,0,1.0,0.0,0.0,2,30.0,11278.802183343008,0.0574619053158078,4.9675914558321197e-11,2,0.0680697030823969,0.0,0.0001671203532233
1251,6,172,3,0,1.0,0.0,0.0,3,33.0,31.383333333333347,0.0527822890845371,2.9264440854278676e-11,2,0.0623425156369762,0.0,0.0002112400342969
1252,21,122,3,1,0.75,0.0,0.375,4,29.0,75797.66066245626,0.0628314869694618,9.609325337061324e-12,2,0.0747129748438108,0.0,0.0002722694791058
1253,6,172,2,1,0.6666666666666666,0.0,0.4444444444444444,3,28.0,35716.1078348432,0.0632230981877751,7.944426494419053e-12,2,0.0744985494469216,0.0,0.0002199132605747
1254,6,172,2,0,1.0,0.0,0.0,2,33.0,9876.0,0.0543269072153611,9.79608472315748e-12,1,0.0642797074312555,0.0,0.0001825659642624
1255,14,135,3,0,1.0,0.0,0.0,3,35.0,1757.9077137712757,0.0474794560046133,2.971992815428697e-15,2,0.0546777987512161,0.0,0.0002508303862049
1256,21,122,3,0,1.0,0.0,0.0,3,29.0,21495.29509872328,0.0625451046427712,3.371115764265896e-13,2,0.0752342956946977,0.0,0.0002349555759475
1257,6,172,6,0,1.0,0.0,0.0,6,29.0,583474.4041468388,0.0636228990920213,3.865144335946656e-10,2,0.078107083884886,0.0,0.0003878218836199
1258,6,172,2,0,1.0,0.0,0.0,2,30.0,1536.617775525131,0.0600454595179346,9.57006281997744e-11,2,0.0715142519872223,0.0,0.0001426093861318
1259,6,172,1,0,1.0,0.0,0.0,1,34.0,0.0,0.0483280831164765,4.1384217798694764e-14,1,0.0535807268232575,0.0,0.0001012594601214
1260,6,172,3,0,1.0,0.3333333333333333,0.0,3,33.0,4939.000000000001,0.0507817720165708,3.09700849219643e-13,2,0.0573420102980335,0.3333333333333333,0.0002502396460301
1261,21,122,1,0,1.0,0.0,0.0,1,33.0,0.0,0.0510742126920452,1.376104985105385e-15,1,0.0576473958473653,0.0,0.000116117991526
1262,21,122,1,0,1.0,0.0,0.0,1,31.0,0.0,0.0564203890037347,1.914032842056569e-14,1,0.066201259835405,0.0,9.65331518891002e-05
1263,21,122,2,0,1.0,0.0,0.0,2,32.0,4939.0,0.0538226033143392,1.0212318741844482e-14,1,0.0620572691780267,0.0,0.0002017876810505
1264,21,122,1,0,1.0,0.0,0.0,1,32.0,0.0,0.0534088697645252,2.640193859997917e-15,1,0.0611166192863863,0.0,0.0001117570514793
1265,28,100,1,0,1.0,0.0,0.0,1,34.0,0.0,0.0536962358286503,3.167317494850209e-08,1,0.064047288597308,0.0,9.012800270519984e-05
1266,1,197,1,0,1.0,0.0,0.0,1,28.0,0.0,0.0713295598937276,1.8974178528654947e-11,1,0.0847152226097118,0.0,8.028305035824286e-05
1267,1,197,5,1,0.8333333333333334,0.0,0.2777777777777777,6,27.0,3028740.061585705,0.0768070650061414,1.419849090435598e-10,2,0.0952239237326673,0.0,0.0003524105172612
1268,3,188,5,0,1.0,0.0,0.0,5,31.0,179424.73100957237,0.0614252141800231,2.748917907459266e-12,2,0.0762633020960023,0.0,0.0003270357802925
1269,3,188,3,0,1.0,0.0,0.0,3,30.0,316677.53574181296,0.0650436477109639,1.8275018994207303e-11,2,0.0805562212810932,0.0,0.0001919573798316
1270,6,172,1,0,1.0,0.0,0.0,1,35.0,0.0,0.0476567172818306,2.328476076581983e-12,1,0.0534997101096096,0.0,0.0001248025649084
1271,6,172,2,0,1.0,0.0,0.0,2,34.0,4939.0,0.0500410255371306,1.7424013416572108e-11,1,0.0571329346921948,0.0,0.0002222219713621
1272,4,176,6,0,1.0,0.06666666666666667,0.0,6,35.0,35193.857299674084,0.0516142513843903,8.550433098153335e-13,2,0.0632544199219397,0.0666666666666666,0.0003909424056139
1273,4,176,2,0,1.0,0.0,0.0,2,34.0,39960.62396633998,0.0543933054393305,5.066009207107029e-12,2,0.0679352313407805,0.0,0.0001369512806672
1274,4,176,2,0,1.0,0.0,0.0,2,35.0,71.33333333333333,0.0516110159221028,8.033920790045388e-13,2,0.0627710801622839,0.0,0.0001437491794779
1275,1,197,3,0,1.0,0.0,0.0,3,27.0,56174.26527671835,0.070489861731425,7.537215327505543e-14,2,0.0800009464175935,0.0,0.0002318092417557
1276,4,176,6,0,1.0,0.13333333333333333,0.0,6,34.0,11791.891189316011,0.0508617671890122,2.1657802106749985e-11,2,0.0631195030311182,0.1333333333333333,0.0003346068320062
1277,4,176,2,1,0.6666666666666666,0.0,0.4444444444444444,3,34.0,1806.9780165740656,0.050745778033447,5.85621063865036e-12,2,0.0613670910256682,0.0,0.0001982393745206
1278,4,176,5,0,1.0,0.2,0.0,5,33.0,6334.173409718245,0.0534591535273301,6.061496949478635e-11,2,0.066871941445313,0.2,0.0002652991210972
1279,4,176,2,1,0.6666666666666666,0.0,0.4444444444444444,3,32.0,39518.8802825681,0.0564113690605337,2.3087995952989246e-10,2,0.0718533771981556,0.0,0.0001712333457742
1280,1,197,3,1,0.75,0.0,0.375,4,30.0,145367.5126532719,0.0633609522099376,1.0706850285628467e-12,2,0.0765160760870224,0.0,0.0002656817040494
1281,1,197,2,0,1.0,0.0,0.0,2,29.0,130327.33774391754,0.0673795624420317,6.533448766465386e-12,2,0.0811591826559542,0.0,0.0001359037699631
1282,1,197,2,0,1.0,0.0,0.0,2,29.0,14811.0,0.0608029933781355,1.938680527769741e-15,1,0.0675938684517371,0.0,0.000185490761383
1283,1,197,3,0,1.0,0.0,0.0,3,28.0,22125.116910080756,0.0647334006001598,1.4149867754585787e-14,2,0.0732741545136509,0.0,0.0002410095317385
1284,14,135,4,0,1.0,0.0,0.0,4,32.0,45170.9831045297,0.0554358560014363,2.380038379327124e-12,2,0.0669882302677542,0.0,0.0003162107181055
1285,21,122,2,0,1.0,0.0,0.0,2,31.0,5246.410274024528,0.0545482652768269,8.248085177250157e-12,2,0.0633294206461199,0.0,0.000170304418504
1286,3,188,3,0,1.0,0.0,0.0,3,33.0,17873.907093530754,0.0544412607449856,3.76828681825655e-13,2,0.0666239919882494,0.0,0.0002150231253403
1287,6,172,1,0,1.0,0.0,0.0,1,30.0,0.0,0.0574478724517682,4.8769039077471556e-11,1,0.0677462984168869,0.0,9.52294619918467e-05
1288,6,172,2,0,1.0,0.0,0.0,2,30.0,19712.000000000004,0.0574538856970063,4.967256076880077e-11,2,0.0679824657583175,0.0,0.0001744612440662
1289,6,172,5,0,1.0,0.0,0.0,5,29.0,90755.6872443551,0.0609485268716379,3.649414551125175e-10,2,0.0746053623297133,0.0,0.0003815954994841
1290,21,122,2,0,1.0,0.0,0.0,2,33.0,20226.481699058517,0.0502052928980852,2.3298312545505013e-13,2,0.0574384356174061,0.0,0.0001766995546091
1291,3,188,3,0,1.0,0.0,0.0,3,33.0,15508.581361847211,0.0549609487995371,7.469741238153394e-14,2,0.0652974984586764,0.0,0.0002069215247017
1292,6,172,2,0,1.0,0.0,0.0,2,30.0,34397.98772762334,0.0598323724625744,5.2612444658107934e-11,2,0.0708802685109582,0.0,0.0001541040418179
1293,6,172,1,0,1.0,0.0,0.0,1,31.0,0.0,0.061113654076924,2.759152611934262e-12,1,0.0713096679369441,0.0,9.851319822277668e-05
1294,6,172,2,1,0.6666666666666666,0.0,0.4444444444444444,3,30.0,37613.39987447432,0.0650907845152449,2.064689536375076e-11,2,0.078292800199424,0.0,0.000240546956976
1295,28,100,1,0,1.0,0.0,0.0,1,38.0,0.0,0.0448475274849978,1.7607167909280948e-11,1,0.0520652511194538,0.0,0.0001059789085854
1296,21,122,4,0,1.0,0.0,0.0,4,31.0,27501.583521428893,0.0584622303222523,2.280327771343609e-13,2,0.0671752790533462,0.0,0.0002887025722824
1297,21,122,3,0,1.0,0.0,0.0,3,30.0,90899.751295928,0.0619925458355817,1.3417666914526833e-12,2,0.072183436469273,0.0,0.0002174107399077
1298,1,197,6,0,1.0,0.2,0.0,6,30.0,22531.930185670582,0.0610072368908538,2.306092409378966e-15,2,0.0685555521229144,0.2,0.0003912684744358
1299,1,197,4,0,1.0,0.16666666666666666,0.0,4,29.0,42293.848188569245,0.0649512865350986,1.3279925974735252e-14,2,0.0737530477829856,0.1666666666666666,0.0002655186111233
1300,3,188,3,1,0.75,0.0,0.375,4,33.0,67861.72601329695,0.0564558524376585,2.6442131795453893e-12,2,0.0705334232436959,0.0,0.0002690217414033
1301,4,176,1,1,0.5,0.0,0.5,2,33.0,23506.73114245348,0.0551554736783341,2.803744836143157e-12,2,0.0694246725859855,0.0,0.0001425173093403
1302,1,197,2,0,1.0,0.0,0.0,2,31.0,1991.9077838827836,0.0576819784685084,3.9126003477000535e-16,2,0.0640730152513986,0.0,0.0001586123119551
1303,6,172,1,0,1.0,0.0,0.0,1,30.0,0.0,0.0599260023048462,5.19880553045818e-13,1,0.068654425374518,0.0,0.0001000102495351
1304,6,172,3,0,1.0,0.0,0.0,3,29.0,32947.02584850124,0.0637452255600289,3.890313224757522e-12,2,0.0749819901958069,0.0,0.0002458306674903
1305,1,197,1,0,1.0,0.0,0.0,1,30.0,0.0,0.064637688744668,1.9758263768836462e-11,1,0.0768705919144331,0.0,8.715871603112622e-05
1306,1,197,4,1,0.8,0.16666666666666666,0.31999999999999984,5,29.0,63382.250344343294,0.0691034733587925,1.4785225792543898e-10,2,0.0854397093564838,0.1,0.0003341205232445
1307,1,197,4,0,1.0,0.0,0.0,4,26.0,118536.88169997232,0.0757204169221336,5.412707556050798e-13,2,0.0872504144031932,0.0,0.0003020740637012
1308,1,197,4,1,0.8,0.16666666666666666,0.31999999999999984,5,25.0,2885345.164626312,0.0818233014211415,3.82632098208708e-12,2,0.0962623760542836,0.1,0.0003120519528803
1309,4,176,9,2,0.8181818181818182,0.027777777777777776,0.31404958677685935,11,31.0,214701.44392626052,0.0596784130857605,9.603301255863726e-10,2,0.0788034051039415,0.0181818181818181,0.0005997358209182
1310,4,176,2,0,1.0,0.0,0.0,2,32.0,12916.062667282018,0.0582815209825273,4.54160407716527e-09,2,0.073881442289309,0.0,0.0001298198591021
1311,28,100,6,0,1.0,0.13333333333333333,0.0,6,37.0,23074.687545784203,0.0469800572510009,2.5777799607420215e-10,2,0.0567606351671339,0.1333333333333333,0.0004102505041698
1312,28,100,2,0,1.0,0.0,0.0,2,36.0,13751.434676432968,0.0492340811465361,6.770514521268871e-10,2,0.059572617413325,0.0,0.0001423040646761
1313,1,197,6,1,0.8571428571428571,0.0,0.24489795918367352,7,28.0,719938.2753323131,0.0720747009045812,4.7819902238140895e-11,2,0.0892759379852032,0.0,0.0004042556063671
1314,1,197,3,0,1.0,0.0,0.0,3,31.0,43518.96829334777,0.0610140184030136,1.623159039785611e-13,2,0.0721775832621739,0.0,0.0002261963169014
1315,1,197,2,0,1.0,0.0,0.0,2,32.0,24675.0,0.0575127482711248,2.2104157343807034e-14,1,0.0663151083775696,0.0,0.000176545761532
1316,4,176,3,0,1.0,0.0,0.0,3,32.0,14856.25952380946,0.0563271077056395,1.4087918704849128e-10,2,0.0706865177418231,0.0,0.0001825400297563
1317,1,197,2,1,0.6666666666666666,0.0,0.4444444444444444,3,29.0,32104.50006501568,0.0647851859623354,1.01889106204143e-12,2,0.0783947965414953,0.0,0.0002185067694931
1318,4,176,1,0,1.0,0.0,0.0,1,35.0,0.0,0.0483219375727519,1.0081224336362355e-13,1,0.0565082781904738,0.0,9.968185516355208e-05
1319,4,176,3,0,1.0,0.0,0.0,3,34.0,4940.5,0.0507749866381614,7.544070484005845e-13,2,0.0610562817211822,0.0,0.0002446716285317
1320,14,135,2,0,1.0,0.0,0.0,2,33.0,38.45,0.0543627780039836,3.408450624744352e-12,2,0.0643473109633517,0.0,0.0001673427073159
1321,14,135,4,0,1.0,0.16666666666666666,0.0,4,32.0,6886.743523525231,0.0554993820918997,3.664212544179473e-12,2,0.0670801008353333,0.1666666666666666,0.0002714088063871
1322,14,135,2,0,1.0,1.0,0.0,2,30.0,0.0,0.0621610398761812,1.4303463667972772e-10,2,0.0785134348247679,1.0,0.0001322494163
1323,3,188,6,1,0.8571428571428571,0.0,0.24489795918367352,7,30.0,163225.54524404462,0.0645245559038662,3.858920888885911e-12,2,0.0808669622081699,0.0,0.000401579117602
1324,3,188,2,0,1.0,0.0,0.0,2,30.0,33493.31842155237,0.0651311192268646,1.824369264049525e-11,2,0.0802126252185103,0.0,0.0001288900842786
1325,21,122,3,0,1.0,0.0,0.0,3,29.0,16046.03252172155,0.0622134905042567,2.0355518921038847e-13,2,0.0733750634963968,0.0,0.0002288890157648
1326,21,122,9,1,0.9,0.0,0.17999999999999994,10,28.0,296522.4168912206,0.0663256400961319,1.460999507730521e-12,2,0.0811976182386966,0.0,0.0006910965949987
1327,1,197,2,1,0.6666666666666666,0.0,0.4444444444444444,3,29.0,158483.0654969117,0.0673363957308179,8.864032296861074e-12,2,0.0810897707099051,0.0,0.0002037404414632
1328,21,122,1,0,1.0,0.0,0.0,1,29.0,0.0,0.062200956937799,1.9512392753335485e-13,1,0.0729420900371075,0.0,8.91014376544619e-05
1329,1,197,4,0,1.0,0.16666666666666666,0.0,4,28.0,67084.98500698233,0.0693576693576693,9.213852105476117e-14,2,0.0795558530658878,0.1666666666666666,0.0002615291971489
1330,1,197,3,0,1.0,0.0,0.0,3,27.0,338488.49619775946,0.0744615106341286,6.463165892430473e-13,2,0.0867626272921691,0.0,0.0001934333930239
1331,6,172,2,0,1.0,0.0,0.0,2,32.0,14811.0,0.0556012020664738,9.40825481962825e-10,1,0.0661911389702383,0.0,0.0001812621399275
1332,4,176,3,0,1.0,0.3333333333333333,0.0,3,33.0,4940.0,0.0534857786295081,2.945620715418606e-12,2,0.0662718564596047,0.3333333333333333,0.0002206979735327
1333,14,135,5,0,1.0,0.0,0.0,5,30.0,46106.97554667641,0.0617816631023399,2.3087602386629695e-11,2,0.0778157436993415,0.0,0.0003436747736683
1334,14,135,11,0,1.0,0.0,0.0,11,29.0,327976.283686076,0.0657631992332064,1.5918842785549906e-10,2,0.0862432866138043,0.0,0.0006963073574035
1335,4,176,3,0,1.0,0.6666666666666666,0.0,3,34.0,2.333333333333333,0.0506064579577118,5.335496517205362e-12,2,0.0609127768686001,0.6666666666666666,0.0001763380656366
1336,6,172,1,0,1.0,0.0,0.0,1,35.0,0.0,0.0475896882586412,4.519191305322129e-13,1,0.0535819392495093,0.0,0.000111049175858
1337,6,172,3,0,1.0,0.0,0.0,3,34.0,5001.333333333334,0.0499671268902038,3.381779259034305e-12,2,0.0573610163880286,0.0,0.0002847915839243
1338,1,197,2,1,0.6666666666666666,0.0,0.4444444444444444,3,30.0,41979.005673439686,0.0634578082649299,5.507546845772798e-13,2,0.0767797844883825,0.0,0.0001948995508861
1339,28,100,3,0,1.0,0.0,0.0,3,32.0,67023.31955674352,0.0597744542858525,3.295141611871108e-08,2,0.0743132304274789,0.0,0.0001986328112474
1340,28,100,3,1,0.75,0.0,0.375,4,31.0,1115261.550839665,0.0633942893808148,2.3748295110490214e-07,2,0.0805516191774129,0.0,0.0002472130256221
1341,28,100,2,0,1.0,0.0,0.0,2,33.0,6708.483672601712,0.0564790890174467,4.488494213391822e-09,2,0.0685955725382431,0.0,0.0001494391418064
1342,21,122,5,0,1.0,0.0,0.0,5,31.0,21625.57702528373,0.0568574190875189,8.767906143042536e-12,2,0.0670456018073585,0.0,0.0003723969201834
1343,21,122,3,0,1.0,0.0,0.0,3,30.0,58169.071858769545,0.0602262752365161,6.065876433319402e-11,2,0.0722606166241953,0.0,0.0002066620513646
1344,4,176,1,0,1.0,0.0,0.0,1,34.0,0.0,0.0507718555365989,3.944074691278792e-13,1,0.0607593856348121,0.0,9.638238323624928e-05
1345,4,176,4,0,1.0,0.16666666666666666,0.0,4,33.0,19747.0,0.0534869368442707,2.951445171650068e-12,2,0.0664068092261365,0.1666666666666666,0.0003107019113255
1346,14,135,3,0,1.0,0.0,0.0,3,31.0,6574.253207903987,0.0582183305245542,3.317556559393356e-12,2,0.0708158908272195,0.0,0.0002232047615582
1347,28,100,3,0,1.0,0.0,0.0,3,35.0,28760.405670508524,0.0519289393461578,6.921020272086014e-10,2,0.064754332457578,0.0,0.0001971449821996
1348,21,122,5,0,1.0,0.0,0.0,5,30.0,43744.50405292024,0.0579853041293987,3.4848908747550214e-13,2,0.0685431360957907,0.0,0.0003478208648491
1349,21,122,3,0,1.0,0.0,0.0,3,29.0,35341.2934358082,0.0614290333010022,1.962044813851234e-12,2,0.0733303409583984,0.0,0.0002098183670689
1350,21,122,2,0,1.0,0.0,0.0,2,32.0,3136.9276396464315,0.0556632262135484,2.0892940888138266e-13,2,0.0632587951703585,0.0,0.0001569726570027
1351,6,172,2,0,1.0,0.0,0.0,2,32.0,154.72219336219337,0.0556889535211426,1.2363141879856763e-10,2,0.067016283303509,0.0,0.0001479372172895
1352,4,176,4,0,1.0,0.16666666666666666,0.0,4,34.0,7275.486254797981,0.0509609333897273,2.100649456771817e-11,2,0.0625963673800068,0.1666666666666666,0.0002431716642989
1353,6,172,6,1,0.8571428571428571,0.0,0.24489795918367352,7,28.0,680428.3258986861,0.0648617420761009,2.533011669820008e-09,2,0.0822586008253391,0.0,0.0004501045880932
1354,6,172,1,0,1.0,0.0,0.0,1,29.0,0.0,0.0609117026917054,3.3849979606250356e-10,1,0.0735994822448859,0.0,8.501378420516403e-05
1355,1,197,2,0,1.0,0.0,0.0,2,32.0,75.55238095238097,0.0546073576229218,7.022698460458534e-17,2,0.0599329661137307,0.0,0.0001620162536751
1356,4,176,8,0,1.0,0.17857142857142858,0.0,8,33.0,25110.323199101967,0.0532988077898257,2.1498159646096737e-11,2,0.0666928320293001,0.1785714285714285,0.0004345003883732
1357,4,176,3,0,1.0,0.0,0.0,3,32.0,14047.695510941076,0.0561472102565268,3.6087106417064185e-11,2,0.0702395630699593,0.0,0.0001712975134895
1358,21,122,2,0,1.0,0.0,0.0,2,36.0,9438.373856496357,0.0454520361408093,1.1156959413617137e-15,2,0.0512384505643614,0.0,0.0001958876935095
1359,6,172,4,0,1.0,0.0,0.0,4,34.0,16934.273591279012,0.0537821713190785,1.6502309023143883e-11,2,0.0642897760555301,0.0,0.0003364304260859
1360,4,176,5,0,1.0,0.1,0.0,5,34.0,59002.51151290784,0.0544112787751955,5.445941667650968e-12,2,0.0686485531067338,0.1,0.0003227544841001
1361,4,176,7,1,0.875,0.0,0.21875,8,33.0,218801.1095659348,0.0575060532687651,3.7054980390278666e-11,2,0.0751363470866926,0.0,0.0004819721988299
1362,4,176,2,0,1.0,0.0,0.0,2,33.0,23016.170798872936,0.057333859474014,1.0726598525515134e-10,2,0.072572205517408,0.0,0.0001382408275454
1363,4,176,3,0,1.0,0.0,0.0,3,35.0,1779.8744579502895,0.0516720186605022,1.2173003699287508e-12,2,0.0635960446714592,0.0,0.0002042277778308
1364,21,122,3,0,1.0,0.0,0.0,3,32.0,2199.0385102891614,0.0549958252156971,1.3355506075241106e-12,2,0.0635014717154101,0.0,0.000230347529341
1365,3,188,4,1,0.8,0.0,0.31999999999999984,5,29.0,155528.47105758032,0.0693878697643059,1.326600527172515e-10,2,0.0872411091487738,0.0,0.0002927569331365
1366,14,135,2,0,1.0,0.0,0.0,2,33.0,1342.8631600195229,0.0523604604328747,1.5029620542937714e-13,2,0.061927405825677,0.0,0.0001679895519521
1367,6,172,4,0,1.0,0.0,0.0,4,32.0,5191.032325622781,0.0557052807252962,1.0221373162965484e-10,2,0.067521552887726,0.0,0.0002605884183851
1368,14,135,3,0,1.0,0.0,0.0,3,31.0,13116.36402208746,0.0582849591769314,3.066463314958212e-12,2,0.0707261031969462,0.0,0.0002342985333347
1369,14,135,3,0,1.0,0.0,0.0,3,30.0,39637.71926578131,0.0618745224764839,2.209237923637101e-11,2,0.0776886221703981,0.0,0.0002137731601283
1370,4,176,2,0,1.0,0.0,0.0,2,33.0,18060.1414100745,0.0569150652103783,1.0425470376232843e-10,2,0.0702974347434357,0.0,0.0001479552794422
1371,4,176,6,1,0.8571428571428571,0.0,0.24489795918367352,7,32.0,136384.10034530578,0.0603167238495256,7.656228309894841e-10,2,0.0774905750325444,0.0,0.0004667192710369
1372,3,188,3,0,1.0,0.3333333333333333,0.0,3,30.0,97631.24563538667,0.064482443545229,3.882454259036301e-12,2,0.0787333417800153,0.3333333333333333,0.0001812061050774
1373,3,188,3,1,0.75,0.0,0.375,4,29.0,402669.6374218664,0.0686864754383281,2.7079448920250687e-11,2,0.0854165648248598,0.0,0.0002349447405432
1374,3,188,3,0,1.0,0.3333333333333333,0.0,3,31.0,7787.195326997708,0.0611144101346001,1.1451291813380486e-12,2,0.0752730809759022,0.3333333333333333,0.0001803001995191
1375,1,197,1,0,1.0,0.0,0.0,1,30.0,0.0,0.0607857854778574,8.90502782858137e-15,1,0.0681125365493368,0.0,0.0001091464130863
1376,1,197,2,0,1.0,0.0,0.0,2,29.0,4939.0,0.0647189833617188,6.651152911611761e-14,1,0.0741039575252517,0.0,0.0001853839670747
1377,1,197,3,0,1.0,0.0,0.0,3,27.0,30884.711868613773,0.0674338288491202,9.167315559116533e-14,2,0.0773362351146935,0.0,0.0002252145724772
1378,20,122,3,2,0.6,0.0,0.56,5,30.0,37277.58687826584,0.0577689941880181,6.983251553931675e-11,2,0.0697515780937806,0.0,0.0003376694888164
1379,21,122,1,2,0.3333333333333333,0.0,0.6666666666666667,3,29.0,49388.80372693932,0.061248527679623,4.060348298599762e-10,2,0.0753844711876018,0.0,0.0001975566808478
1380,14,135,3,0,1.0,0.0,0.0,3,29.0,27546.301746619345,0.0646250049057443,3.5076355441731035e-11,2,0.0799966347925603,0.0,0.000198950873147
1381,1,197,2,0,1.0,0.0,0.0,2,27.0,14811.0,0.0667585610421903,6.185143167449888e-14,1,0.0745029041968484,0.0,0.0001808425782609
1382,1,197,3,0,1.0,0.0,0.0,3,26.0,49165.83682166988,0.0715268225584594,4.543269068286768e-13,2,0.0814273562032207,0.0,0.0002287357041111
1383,1,197,3,0,1.0,0.0,0.0,3,25.0,401060.8572270275,0.0767617123766607,3.24611203744715e-12,2,0.0884870659518869,0.0,0.000203677361419
1384,4,176,2,0,1.0,0.0,0.0,2,37.0,4.0,0.0467922669621967,1.548143780180344e-14,2,0.0544786944726287,0.0,0.0001743261282687
1385,4,176,2,0,1.0,0.0,0.0,2,36.0,19736.0,0.0490858505564387,1.0002177841785829e-13,2,0.0583383458753458,0.0,0.0001656270407079
1386,28,100,4,0,1.0,0.16666666666666666,0.0,4,35.0,32297.103381373632,0.0510620703912346,4.849042983417802e-09,2,0.0611678773423337,0.1666666666666666,0.0002763990666245
1387,28,100,2,0,1.0,0.0,0.0,2,34.0,37037.66018151831,0.0537230976694615,3.2321178374762944e-08,2,0.0646711238264067,0.0,0.0001488628043628
1388,6,172,2,0,1.0,0.0,0.0,2,33.0,27.316025641025654,0.0527676301565938,1.5487019479910925e-11,2,0.0619971979991481,0.0,0.000149320461516
1389,6,172,3,0,1.0,0.0,0.0,3,33.0,695.3084717448492,0.0545157588063918,2.4099409733129344e-11,2,0.0652863265759425,0.0,0.0002111663249102
1390,14,135,3,0,1.0,0.0,0.0,3,31.0,32034.80680985145,0.058711671024483,1.5773097918029832e-11,2,0.0722539165051161,0.0,0.0002136952584688
1391,14,135,3,0,1.0,0.0,0.0,3,30.0,38228.73735031694,0.0623210163119583,1.1119599752757057e-10,2,0.0790472133494371,0.0,0.0002030803047342
1392,21,122,1,0,1.0,0.0,0.0,1,32.0,0.0,0.0539808116790873,1.0479347877190531e-14,1,0.0606639874711099,0.0,9.628372836237524e-05
1393,1,197,2,0,1.0,0.0,0.0,2,29.0,4939.0,0.0589006796232264,1.192945321181197e-15,1,0.0640329989088112,0.0,0.0002220565507325
1394,14,135,1,0,1.0,0.0,0.0,1,31.0,0.0,0.0581231174698795,3.51987303187788e-12,1,0.0695328632385247,0.0,9.467040496674842e-05
1395,14,135,1,0,1.0,0.0,0.0,1,31.0,0.0,0.058121749770572,2.8945596455989976e-12,1,0.0694822559510753,0.0,0.0001035269514085
1396,14,135,2,0,1.0,0.0,0.0,2,30.0,4938.999999999999,0.0617075760414714,2.16599349711002e-11,1,0.0765467057197771,0.0,0.0001721617043034
1397,1,197,2,0,1.0,0.0,0.0,2,28.0,9876.0,0.0625847237530563,8.451055199062077e-15,1,0.0688410314317314,0.0,0.0002015903569017
1398,1,197,2,0,1.0,0.0,0.0,2,32.0,520.7785714285701,0.0556895813135526,8.694747343197733e-16,2,0.0622057577394561,0.0,0.0001713514925423
1399,6,172,2,0,1.0,0.0,0.0,2,32.0,490.3976460396264,0.0535797568303343,1.367638394321794e-11,2,0.0627167707465365,0.0,0.0001496169306581
1400,6,172,4,1,0.8,0.0,0.31999999999999984,5,31.0,15196.319986803715,0.0566111251174623,8.685417749916394e-11,2,0.0684095465799261,0.0,0.0003282206319669
1401,6,172,3,0,1.0,0.0,0.0,3,30.0,13672.481312093256,0.0597910942738528,4.359484053371023e-10,2,0.0730767938457846,0.0,0.0001962545465689
1402,6,172,2,1,0.6666666666666666,0.0,0.4444444444444444,3,30.0,132070.95781736166,0.0623753125078916,5.565276223811829e-11,2,0.0742292960805382,0.0,0.0001980463282442
1403,4,176,5,1,0.8333333333333334,0.0,0.2777777777777777,6,31.0,145295.6544199026,0.0634626996056063,5.1011724559057586e-09,2,0.0815391425594049,0.0,0.0003487927359469
1404,1,197,1,0,1.0,0.0,0.0,1,30.0,0.0,0.0556249929624249,1.7018336511015042e-16,1,0.0597920886440768,0.0,0.0001247322611408
1405,7,171,1,1,0.5,0.0,0.5,2,29.0,16310.332589681224,0.0624920936116382,2.9629550165586216e-14,2,0.071575611498569,0.0,0.0001701493957404
1406,1,197,3,1,0.75,0.0,0.375,4,28.0,40928.31812613565,0.0666154240327952,2.1768507551728385e-13,2,0.0783405694316976,0.0,0.0002906440560327
1407,1,197,2,0,1.0,0.0,0.0,2,30.0,90884.20436333456,0.0625609462659726,4.2583933642410896e-14,2,0.0720834501650531,0.0,0.0001499891492558
1408,14,135,3,0,1.0,0.0,0.0,3,34.0,7823.797937690336,0.0483224102513939,2.0484939119410327e-16,2,0.0545490821678694,0.0,0.0002567282635848
1409,21,122,2,0,1.0,0.0,0.0,2,34.0,15320.5491593759,0.0478228039265039,3.1743957921406936e-14,2,0.0539328136250014,0.0,0.0001879618018181
1410,3,188,4,0,1.0,0.0,0.0,4,32.0,64868.191357448406,0.0582849591769314,7.035057479088383e-13,2,0.0720453594713095,0.0,0.0002636568927402
1411,14,135,1,0,1.0,0.0,0.0,1,33.0,0.0,0.0525280450847998,3.809060494983884e-13,1,0.0612179507135663,0.0,9.485131579286086e-05
1412,14,135,3,0,1.0,0.3333333333333333,0.0,3,32.0,4939.0,0.0554395888043453,2.850339231089779e-12,2,0.0664641013377548,0.3333333333333333,0.0002276226660469
1413,14,135,2,1,0.6666666666666666,0.0,0.4444444444444444,3,31.0,25966.699180551168,0.0636581531403829,6.571245411887313e-10,2,0.0819639172838817,0.0,0.0002060100678652
1414,14,135,1,0,1.0,0.0,0.0,1,31.0,0.0,0.0587766368817447,3.320505220678417e-11,1,0.0720435866643997,0.0,8.393735768177037e-05
1415,14,135,4,0,1.0,0.16666666666666666,0.0,4,31.0,32465.96112835258,0.0588662877298347,3.5412505192346746e-11,2,0.0731099983229166,0.1666666666666666,0.0002674658198038
1416,14,135,7,0,1.0,0.047619047619047616,0.0,7,30.0,72370.49812077108,0.0624462759771451,2.4847550573373085e-10,2,0.0804035859465265,0.0476190476190476,0.0004412398990768
1417,1,197,2,0,1.0,0.0,0.0,2,32.0,32041.6,0.0556506849315068,1.2278583689531866e-15,2,0.0624542811458744,0.0,0.0001618509722099
1418,3,188,4,0,1.0,0.0,0.0,4,32.0,36945.13712143056,0.0545326091756082,2.3145753209353762e-14,2,0.0656589851172605,0.0,0.000290018558409
1419,3,188,7,1,0.875,0.0,0.21875,8,31.0,107597.9062781888,0.0576483218970265,1.5613336089581382e-13,2,0.0715280055830644,0.0,0.000519288270481
1420,6,172,2,0,1.0,0.0,0.0,2,32.0,1574.6570123784031,0.05566761699778,7.514325690828393e-11,2,0.0667644518016774,0.0,0.0001426645889139
1421,1,197,1,0,1.0,0.0,0.0,1,29.0,0.0,0.064717287638212,6.529056601518362e-14,1,0.07396900475872,0.0,9.26095159514034e-05
1422,1,197,5,0,1.0,0.0,0.0,5,28.0,123014.69224895432,0.0691944588405025,4.888061236735321e-13,2,0.0815887264241383,0.0,0.0003661840521872
1423,1,197,2,0,1.0,0.0,0.0,2,27.0,124688.73759249954,0.0736983440250634,3.122049411367008e-12,2,0.0863559353782649,0.0,0.000142986420378
1424,21,122,3,0,1.0,0.0,0.0,3,27.0,149884.05727593316,0.0648583357403565,2.050317385602897e-13,2,0.0761700135772923,0.0,0.0002240147132629
1425,14,135,3,0,1.0,0.0,0.0,3,32.0,714.3979384177817,0.0555336968129953,2.706038844604569e-12,2,0.0668439789949605,0.0,0.0002220395837292
1426,21,122,3,0,1.0,0.0,0.0,3,31.0,12149.387629160692,0.0570603522956973,7.84212552005601e-14,2,0.0656342419675539,0.0,0.0002326782398218
1427,21,122,2,0,1.0,0.0,0.0,2,32.0,626.9304906204893,0.0539973329252563,1.2304246447402598e-12,2,0.0627800851506653,0.0,0.0001567221775513
1428,6,172,2,0,1.0,0.0,0.0,2,31.0,18001.661632149706,0.0588382424754939,6.516339012162797e-09,2,0.0715469084482706,0.0,0.0001592304597004
1429,6,172,3,0,1.0,0.0,0.0,3,30.0,171544.42558037737,0.0625031631155422,4.787462947783009e-08,2,0.0789743842702156,0.0,0.00020447389061
1430,21,122,3,0,1.0,0.0,0.0,3,32.0,11365.29178328274,0.0577082578881581,4.054613631539275e-13,2,0.0678639693379535,0.0,0.000262582026173
1431,21,122,1,1,0.5,0.0,0.5,2,31.0,15456.094031327057,0.0610637955969789,2.9047559051075284e-12,2,0.0723428752340953,0.0,0.00016576856533
1432,21,122,3,0,1.0,0.0,0.0,3,31.0,11460.896372480567,0.0568822973999953,7.468840878378572e-14,2,0.0674286452285268,0.0,0.0002566911570844
1433,1,197,2,1,0.6666666666666666,0.0,0.4444444444444444,3,30.0,27291.01527409569,0.0649120271211384,2.1331022521821982e-11,2,0.0786497821349186,0.0,0.0002153368147109
1434,1,197,2,0,1.0,0.0,0.0,2,31.0,30799.907185507465,0.0601207282640443,1.437188991026747e-13,2,0.0719819205438575,0.0,0.0001449755584514
1435,4,176,4,1,0.8,0.16666666666666666,0.31999999999999984,5,33.0,31120.585018769783,0.0536233771872693,1.2396637027890162e-10,2,0.0672173068607298,0.1,0.0002869951631016
1436,28,100,2,2,0.5,0.0,0.5,4,32.0,86043.45334593875,0.0566065842395352,8.064770370159977e-10,2,0.0729018048284209,0.0,0.000227168216256
1437,6,172,2,0,1.0,0.0,0.0,2,33.0,3519.1507727502853,0.049048323520359,1.7825465461397166e-13,2,0.0553010406113471,0.0,0.0001877142234355
1438,14,135,2,1,0.6666666666666666,0.0,0.4444444444444444,3,30.0,93682.20928976132,0.0648481188794665,6.636668976430943e-10,2,0.0843802003209416,0.0,0.0001981865926923
1439,14,135,5,0,1.0,0.0,0.0,5,32.0,33824.75169627611,0.0555499330926919,4.129040131918773e-12,2,0.0674244489074144,0.0,0.0003699199783802
1440,14,135,3,0,1.0,0.0,0.0,3,32.0,12209.574202504584,0.0574833019153343,1.3093127345788138e-11,2,0.069999308476888,0.0,0.0002286679178312
1441,1,197,3,0,1.0,0.3333333333333333,0.0,3,31.0,11213.294596855869,0.0601529394574058,1.662429331862845e-13,2,0.0721806152364793,0.3333333333333333,0.0002052336206486
1442,1,197,6,1,0.8571428571428571,0.0,0.24489795918367352,7,30.0,80819.836604875,0.0638020328825861,1.0117479576005289e-12,2,0.0781102340096214,0.0,0.000473691300902
1443,1,197,2,0,1.0,0.0,0.0,2,29.0,70264.8303066948,0.0674338288491202,6.525511696447696e-12,2,0.0813025946870179,0.0,0.0001369660658192
1444,4,176,4,0,1.0,0.0,0.0,4,34.0,39943.44999046208,0.0547702200787183,1.970824784140022e-11,2,0.0692650432402534,0.0,0.000269028190723
1445,4,176,2,0,1.0,0.0,0.0,2,33.0,28821.2540035275,0.0569590333106573,1.0494789728822611e-10,2,0.0707884057607223,0.0,0.0001441997719482
1446,28,100,6,0,1.0,0.06666666666666667,0.0,6,36.0,43946.61680836083,0.049263539994216,9.507174298718775e-10,2,0.0607832561897533,0.0666666666666666,0.0003979351855559
1447,28,100,5,0,1.0,0.0,0.0,5,35.0,73138.24020837789,0.0517684045061566,4.8086332937725385e-09,2,0.0646800880003902,0.0,0.0003166295068972
1448,28,100,2,0,1.0,0.0,0.0,2,34.0,2808.18994965803,0.0540109115161322,6.362163132406843e-10,2,0.0661387241770942,0.0,0.0001477685134277
1449,21,122,3,0,1.0,0.0,0.0,3,31.0,20694.98225649201,0.0550681663638289,4.3970812980419743e-13,2,0.0643714477407122,0.0,0.0002225522613201
1450,4,176,3,0,1.0,0.0,0.0,3,34.0,61378.27420634918,0.05440288974054,5.157094634969351e-12,2,0.0682015220675975,0.0,0.0002047321585992
1451,3,188,6,0,1.0,0.06666666666666667,0.0,6,31.0,97798.6245858586,0.0609966908677828,8.282393762257969e-13,2,0.0751522248302485,0.0666666666666666,0.0003517910407197
1452,28,100,2,1,0.6666666666666666,0.0,0.4444444444444444,3,31.0,28443.10807775321,0.0631116334926029,4.999126309581044e-09,2,0.0790645945028734,0.0,0.0001925717047395
1453,3,188,3,0,1.0,0.0,0.0,3,32.0,15174.916155598306,0.0567750833237558,1.3525818268398765e-13,2,0.0697235659846807,0.0,0.000207770070859
1454,3,188,3,0,1.0,0.0,0.0,3,32.0,15174.916155598306,0.0567750833237558,1.3526318577348056e-13,2,0.0697235659846807,0.0,0.000207770070859
1455,3,188,4,0,1.0,0.0,0.0,4,33.0,16170.36597111596,0.0520668648158688,8.395150916544769e-15,2,0.0618632307363014,0.0,0.000293196842792
1456,3,188,2,0,1.0,0.0,0.0,2,33.0,4360.970886361158,0.0537406307452976,1.9186047079082356e-14,2,0.0641408079449415,0.0,0.0001515307429161
1457,3,188,2,0,1.0,0.0,0.0,2,33.0,4360.970886361158,0.0537406307452976,1.9186881947453594e-14,2,0.0641408079449415,0.0,0.0001515307429161
1458,4,176,3,0,1.0,0.0,0.0,3,33.0,14806.0,0.0534851995409367,2.598478056058072e-12,2,0.0662549873637882,0.0,0.0002366567013958
1459,1,197,5,0,1.0,0.0,0.0,5,28.0,167155.26136426785,0.0716378085211288,4.353908956643854e-11,2,0.0868141015759989,0.0,0.0003154523900437
1460,28,100,10,0,1.0,0.0,0.0,10,35.0,96647.7453265199,0.051673640167364,4.463045222945536e-11,2,0.06506376168445,0.0,0.0006521482081863
1461,28,100,7,0,1.0,0.0,0.0,7,34.0,155664.62444278612,0.054426865276982,2.7234534027921003e-10,2,0.0694499412123673,0.0,0.0004438712441926
1462,28,100,3,0,1.0,0.0,0.0,3,33.0,51884.0853474243,0.0568960552836164,4.605692783899542e-09,2,0.0711890822178139,0.0,0.0001843418151367
1463,28,100,3,1,0.75,0.0,0.375,4,33.0,65442.149715097694,0.0551413135687815,7.067422935158745e-10,2,0.0696538858004098,0.0,0.0002326166850952
1464,4,176,1,0,1.0,0.0,0.0,1,36.0,0.0,0.0463153947121695,8.088079587507258e-13,1,0.0543458976167206,0.0,8.886755697970127e-05
1465,4,176,1,0,1.0,0.0,0.0,1,36.0,0.0,0.0463153947121695,8.088101769045459e-13,1,0.0543458976167206,0.0,8.886755697970127e-05
1466,4,176,5,0,1.0,0.1,0.0,5,35.0,10276.40595238096,0.0485642099468153,6.052577970460805e-12,2,0.0589030960763386,0.1,0.0003441725288243
1467,4,176,5,0,1.0,0.0,0.0,5,32.0,2645.4400432900434,0.0561165952902954,7.412066156159135e-11,2,0.0699398554676202,0.0,0.0002892918964286
1468,4,176,5,0,1.0,0.1,0.0,5,32.0,60072.2252018536,0.0562354146508053,3.6884931968042526e-11,2,0.070915442521142,0.1,0.0002985132560751
1469,1,197,2,0,1.0,0.0,0.0,2,31.0,6128.973148656816,0.0610479485912011,1.592518426858447e-13,2,0.0719674503900977,0.0,0.0001554120816433
1470,21,122,2,0,1.0,0.0,0.0,2,35.0,10435.277730805035,0.0456637888003549,4.349745936638547e-15,2,0.05095683120122,0.0,0.0001941323859521
1471,4,176,4,0,1.0,0.0,0.0,4,34.0,1905.330615288365,0.0510351667424273,1.560178221354015e-12,2,0.0628232959310743,0.0,0.0002617125390058
1472,3,188,5,0,1.0,0.0,0.0,5,32.0,40554.56240577131,0.0581593849703905,8.126788989192954e-13,2,0.0718098493673783,0.0,0.0003125045342363
1473,4,176,3,0,1.0,0.3333333333333333,0.0,3,33.0,5035.966541157825,0.0530908778264981,4.900765268150425e-12,2,0.0650550831108614,0.3333333333333333,0.0001866041242762
1474,14,135,3,1,0.75,0.0,0.375,4,33.0,29227.80004697326,0.0525694097115067,4.2913685263036157e-13,2,0.0623380979976821,0.0,0.0003342018348632
1475,14,135,1,0,1.0,0.0,0.0,1,34.0,0.0,0.0499443938934384,5.732861748539058e-14,1,0.057618768938917,0.0,0.000101376116988
1476,1,197,2,1,0.6666666666666666,0.0,0.4444444444444444,3,24.0,1598246.2049238211,0.0791857016911116,9.626363710475337e-13,2,0.0900603227013672,0.0,0.0002051780485225
1477,6,172,1,0,1.0,0.0,0.0,1,33.0,0.0,0.0527901857274145,1.1906372610743167e-11,1,0.0620593075045775,0.0,8.894029351207246e-05
1478,6,172,5,1,0.8333333333333334,0.0,0.2777777777777777,6,32.0,27403.02831104836,0.0557316756732363,8.909634581260596e-11,2,0.0679379038556965,0.0,0.0004135204689353
1479,3,188,1,0,1.0,0.0,0.0,1,34.0,0.0,0.0495580903080827,1.3371399149043081e-15,1,0.0570392701506871,0.0,0.0001104319471977
1480,3,188,2,0,1.0,0.0,0.0,2,33.0,4939.0,0.0521416056236938,9.900663789634156e-15,1,0.061478435427174,0.0,0.0001884087532194
1481,35,67,1,0,1.0,0.0,0.0,1,32.0,0.0,0.0581607544415272,0.0,1,0.0675994717306105,0.0,9.203269269642938e-05
1482,35,67,1,0,1.0,0.0,0.0,1,32.0,0.0,0.0581607544415272,0.0,1,0.0675994717306105,0.0,9.203269269642938e-05
1483,1,197,2,0,1.0,1.0,0.0,2,29.0,0.0,0.064864297062724,1.436427196146201e-14,2,0.0727947752862514,1.0,0.0001444739078286
1484,4,176,6,0,1.0,0.13333333333333333,0.0,6,31.0,109088.59925339844,0.0594593293372812,1.98816642841281e-10,2,0.0768998783442851,0.1333333333333333,0.0003259479729002
1485,4,176,2,0,1.0,0.0,0.0,2,32.0,34051.61528317301,0.0598555711723937,7.08265708954131e-10,2,0.075030853579908,0.0,0.0001259464941661
1486,4,176,3,0,1.0,0.0,0.0,3,31.0,107897.4265817874,0.0594121325828642,8.381034607755077e-11,2,0.0769142535593582,0.0,0.0001759888393929
1487,4,176,3,0,1.0,0.3333333333333333,0.0,3,32.0,14823.27861463026,0.056354738247071,2.5499155076712216e-11,2,0.0720738527703752,0.3333333333333333,0.0001752715322238
1488,6,172,4,0,1.0,0.0,0.0,4,29.0,121508.3968586034,0.06334713976123,3.2961868431370404e-10,2,0.0766789724333466,0.0,0.0002696928260679
1489,4,176,8,0,1.0,0.14285714285714285,0.0,8,33.0,15062.590737700835,0.0534527905819212,5.831507143930065e-11,2,0.0672294179768788,0.1428571428571428,0.0004090276400784
1490,14,135,2,0,1.0,0.0,0.0,2,32.0,5716.210027187502,0.0552035491188664,5.310533880169542e-13,2,0.0665841182942459,0.0,0.0001621821582081
1491,3,188,4,0,1.0,0.0,0.0,4,32.0,33154.1825417866,0.0565534452954173,2.3328394813912832e-14,2,0.0657450025767884,0.0,0.0003250327691966
1492,3,188,4,0,1.0,0.0,0.0,4,35.0,12997.24869978876,0.0493077944244263,5.316737878659198e-16,2,0.0569228357288053,0.0,0.0003202931654432
1493,3,188,2,0,1.0,0.0,0.0,2,34.0,16114.973480687462,0.0516849935655321,2.330931486678378e-15,2,0.0597911298960052,0.0,0.0001606741287175
1494,1,197,3,0,1.0,0.0,0.0,3,32.0,7408.015663403798,0.0567940124854853,4.012792617908759e-14,2,0.0668839450646812,0.0,0.0002446038544495
1495,4,176,3,0,1.0,0.0,0.0,3,34.0,13294.065201561069,0.0539354303370418,1.4520963360477256e-11,2,0.0654828034424077,0.0,0.0002150258753738
1496,6,172,3,0,1.0,0.3333333333333333,0.0,3,31.0,19744.0,0.0585793904897426,4.3468786964453614e-10,2,0.0715665521581648,0.3333333333333333,0.0002307848547322
1497,3,188,2,0,1.0,0.0,0.0,2,33.0,7363.762137164253,0.0559342376412509,2.276810989600156e-12,2,0.0685373421687778,0.0,0.0001399847195009
1498,3,188,2,0,1.0,0.0,0.0,2,33.0,7273.889664674819,0.0560300339129152,2.2622458447821738e-12,2,0.0686959854888881,0.0,0.000142886038388
1499,3,188,5,0,1.0,0.0,0.0,5,31.0,89153.15282326349,0.0615514964240324,2.820269029024157e-12,2,0.0758669336358029,0.0,0.0003172459802797
1500,3,188,2,0,1.0,0.0,0.0,2,30.0,63904.34582629242,0.0649974343118034,1.8104906032458967e-11,2,0.0791830991889846,0.0,0.0001340587223602
1501,6,172,2,0,1.0,0.0,0.0,2,31.0,6367.13551667634,0.0543561981470478,6.786106854743513e-12,2,0.0630710228427541,0.0,0.0001691550381917
1502,14,135,3,0,1.0,0.0,0.0,3,30.0,24132.06867739793,0.0617214538276047,2.650967502329297e-11,2,0.0770392833176179,0.0,0.0001982731745543
1503,28,100,1,0,1.0,0.0,0.0,1,38.0,0.0,0.0448475274849978,1.760716675938018e-11,1,0.0520652511194538,0.0,0.0001059789085854
1504,6,172,2,0,1.0,0.0,0.0,2,30.0,9293.0,0.0623131551395738,8.478127476253531e-09,2,0.0780523408919327,0.0,0.0001448529852181
1505,14,135,4,0,1.0,0.16666666666666666,0.0,4,31.0,26698.90851696814,0.0586398869935781,1.7284096959782515e-11,2,0.0723332343981992,0.1666666666666666,0.0002774891726413
1506,14,135,7,2,0.7777777777777778,0.047619047619047616,0.37037037037037035,9,28.0,874999.4978053969,0.0690696568887894,2.310062038240757e-10,2,0.0897713109817832,0.0277777777777777,0.0005509767689745
1507,28,100,1,2,0.3333333333333333,0.0,0.6666666666666667,3,29.0,403041.53321067576,0.0695686462279429,4.390615087599666e-10,2,0.0878465108321105,0.0,0.0001803333195905
1508,21,122,2,0,1.0,0.0,0.0,2,32.0,4635.339725975841,0.0538026727076685,1.2137922472753253e-12,2,0.0618255223405697,0.0,0.0001694036199071
1509,21,122,1,0,1.0,0.0,0.0,1,33.0,0.0,0.0507291024851098,3.79204740643949e-16,1,0.0573370378826455,0.0,0.0001061535754246
1510,21,122,2,1,0.6666666666666666,0.0,0.4444444444444444,3,32.0,21827.65870062383,0.053439491134886,2.871607588892427e-15,2,0.0618491396899593,0.0,0.000267512994159
1511,21,122,3,0,1.0,0.0,0.0,3,30.0,7788.065013833502,0.0567444318090446,9.93334114479596e-14,2,0.0672945666324671,0.0,0.0002301653163084
1512,21,122,4,1,0.8,0.0,0.31999999999999984,5,27.0,580328.6275644853,0.0675296980301559,3.339192062727869e-11,2,0.0839186193000418,0.0,0.0003364076647523
1513,21,122,3,0,1.0,0.0,0.0,3,28.0,11632.537190427523,0.0634366211652305,4.633042906515761e-12,2,0.0764050961631062,0.0,0.0002391387060821
1514,14,135,1,0,1.0,0.0,0.0,1,29.0,0.0,0.0646081008618773,3.087052976972105e-11,1,0.0794500760881069,0.0,8.23949219271695e-05
1515,14,135,3,0,1.0,0.0,0.0,3,30.0,5065.43268398267,0.0617091177095174,2.6339295578592598e-11,2,0.0766816584863088,0.0,0.0002269841572489
1516,14,135,4,0,1.0,0.0,0.0,4,33.0,14788.490163056813,0.0527253903706787,5.935941957062799e-13,2,0.0629208476882554,0.0,0.0003233125065133
1517,37,57,1,1,0.5,0.0,0.5,2,31.0,5888.796045917073,0.0562597515004498,6.366412934421261e-17,2,0.0625972099087976,0.0,0.0001744912356678
1518,37,57,2,0,1.0,0.0,0.0,2,32.0,3747.112340821634,0.0549786874116612,3.998748830820845e-17,2,0.061607367797755,0.0,0.0001771447974349
1519,14,135,1,0,1.0,0.0,0.0,1,33.0,0.0,0.0543054074554508,1.348718889106954e-11,1,0.0637543615578182,0.0,0.0001022285197593
1520,14,135,2,0,1.0,0.0,0.0,2,33.0,8127.698630944501,0.0543233227399188,1.3742632999630264e-11,2,0.0640805777392977,0.0,0.0001817059283281
1521,14,135,3,0,1.0,0.0,0.0,3,32.0,17966.531964276397,0.0574231645510763,1.009253502963024e-10,2,0.0694574388971864,0.0,0.0002536598565166
1522,14,135,3,0,1.0,0.3333333333333333,0.0,3,32.0,135.9460317460328,0.055646923648816,5.984514854431547e-12,2,0.067197056565734,0.3333333333333333,0.0002028917157839
1523,1,197,4,0,1.0,0.0,0.0,4,31.0,52583.72623255894,0.0597404796168869,1.5416064618993644e-13,2,0.0708207265309425,0.0,0.0002951994860613
1524,6,172,5,0,1.0,0.0,0.0,5,31.0,56506.392185867495,0.0608629228987507,4.3967478837534364e-10,2,0.0761060020497396,0.0,0.0003327958045775
1525,6,172,3,0,1.0,0.3333333333333333,0.0,3,30.0,61244.88385253424,0.0647444298820445,2.921157755744475e-09,2,0.0836776953411746,0.3333333333333333,0.0001858438935598
1526,14,135,3,0,1.0,0.0,0.0,3,33.0,12984.471024615084,0.0528902260147107,8.861273522334554e-13,2,0.063536617995321,0.0,0.0002338718134873
1527,14,135,2,0,1.0,0.0,0.0,2,33.0,1693.289774114778,0.0565055762081784,1.2412382070166388e-11,2,0.0678471986695671,0.0,0.0001698711455313
1528,14,135,6,0,1.0,0.0,0.0,6,33.0,31577.230301676704,0.0523244113503723,1.46200124856911e-13,2,0.0623310664924959,0.0,0.0004628001892266
1529,14,135,2,0,1.0,0.0,0.0,2,32.0,17590.00871552171,0.0550571189746447,4.1383414995939554e-13,2,0.0653614228610239,0.0,0.0001670451391289
1530,4,176,9,0,1.0,0.05555555555555555,0.0,9,32.0,82272.08250354219,0.0560389323108686,2.1014358994033733e-11,2,0.0714502465830935,0.0555555555555555,0.000509396042028
1531,4,176,4,1,0.8,0.16666666666666666,0.31999999999999984,5,31.0,105778.3239101274,0.0592973148159262,9.379936518488711e-11,2,0.077064391320832,0.1,0.0002773192187866
1532,1,197,3,0,1.0,0.3333333333333333,0.0,3,31.0,64.64126984126978,0.0575878389405702,6.179433273706574e-16,2,0.0638229964892341,0.3333333333333333,0.0002063569438494
1533,4,176,1,0,1.0,0.0,0.0,1,33.0,0.0,0.0530657843853392,2.808188007835428e-12,1,0.0644346290035652,0.0,7.846785327112043e-05
1534,3,188,1,0,1.0,0.0,0.0,1,33.0,0.0,0.054386718190926,1.5370809066048602e-14,1,0.0630578191046152,0.0,9.315312497346156e-05
1535,3,188,3,0,1.0,0.0,0.0,3,32.0,22194.305901585485,0.0550080730471577,7.248689143444221e-14,2,0.0668988220387667,0.0,0.0002265295447827
1536,4,176,3,0,1.0,0.0,0.0,3,33.0,5903.528997593982,0.0531217067767813,3.2018797763891545e-12,2,0.0650155227499447,0.0,0.0001950440306155
1537,1,197,2,0,1.0,0.0,0.0,2,31.0,7250.764823341148,0.0600264894224576,1.4049528068231886e-13,2,0.0712248408039841,0.0,0.0001571823104736
1538,4,176,1,0,1.0,0.0,0.0,1,33.0,0.0,0.0568862275449101,1.0231418823722455e-10,1,0.069809435900174,0.0,8.703128141976531e-05
1539,4,176,1,0,1.0,0.0,0.0,1,33.0,0.0,0.0568862275449101,1.0231419156844876e-10,1,0.069809435900174,0.0,8.703128141976531e-05
1540,4,176,2,1,0.6666666666666666,0.0,0.4444444444444444,3,32.0,72837.9576861138,0.0602666861862411,3.3024727030976434e-08,2,0.0764974502787028,0.0,0.0001874767394017
1541,28,100,3,1,0.75,0.0,0.375,4,30.0,105887.22924629424,0.0666244082700581,2.16363096121215e-09,2,0.0847401375151298,0.0,0.0002345578768796
1542,4,176,3,0,1.0,0.0,0.0,3,37.0,4006.88581273456,0.0471054915086153,1.2393849711512301e-13,2,0.0558278690243511,0.0,0.0002253817401079
1543,3,188,2,0,1.0,0.0,0.0,2,35.0,4822.058861974913,0.0487568965347072,8.880845666155903e-17,2,0.055141327819564,0.0,0.0001737861667629
1544,1,197,2,0,1.0,0.0,0.0,2,33.0,226.96507936507948,0.0538196714167429,3.2962373175950066e-15,2,0.0624751674827696,0.0,0.0001593298808455
1545,36,66,2,0,1.0,0.0,0.0,2,34.0,76.61666666666669,0.0506916225423798,5.915465726323223e-16,2,0.0573475436415495,0.0,0.0001686475438708
1546,1,197,2,0,1.0,0.0,0.0,2,31.0,4939.0,0.0549621717846016,7.418341916021555e-17,1,0.059141345901148,0.0,0.0002228084621955
1547,1,197,6,1,0.8571428571428571,0.0,0.24489795918367352,7,32.0,36695.517663307386,0.0567300956602625,2.1381937204914163e-14,2,0.0672402874402543,0.0,0.0005123471863968
1548,1,197,2,0,1.0,0.0,0.0,2,31.0,39633.66376720148,0.0600243013365735,1.3792166527873624e-13,2,0.0714267076505878,0.0,0.0001500914719657
1549,3,188,2,0,1.0,0.0,0.0,2,35.0,9197.060279140836,0.0497031894556796,1.818502451793485e-15,2,0.0576041146490139,0.0,0.0001660965507962
1550,1,197,2,0,1.0,0.0,0.0,2,32.0,4939.0,0.0568469505178365,2.0854544861521533e-14,1,0.0668055580806635,0.0,0.0001805471973629
1551,3,188,2,0,1.0,0.0,0.0,2,34.0,8221.432058933598,0.0521113537348228,1.5360901272920657e-14,2,0.0603921960678815,0.0,0.0001641276747783
1552,14,135,1,1,0.5,0.0,0.5,2,31.0,19517.317392656325,0.0586754085898897,3.064226729762636e-12,2,0.0725026685152769,0.0,0.0001487641884175
1553,1,197,2,0,1.0,0.0,0.0,2,30.0,9876.0,0.0581566462215838,2.1229709506391807e-16,1,0.0631767897998863,0.0,0.0002027204356005
1554,36,66,8,1,0.8888888888888888,0.0,0.19753086419753085,9,31.0,207045.58482064964,0.0610532300124825,1.837936554294037e-13,2,0.0736979707694037,0.0,0.0006536999805073
1555,1,197,2,0,1.0,0.0,0.0,2,32.0,6297.847718947719,0.0542678237943535,2.6111999242886075e-15,2,0.061271712604258,0.0,0.0001891915034312
1556,28,100,2,0,1.0,0.0,0.0,2,37.0,1723.3955572683683,0.0471788211024945,2.336322394340913e-11,2,0.0571363384744695,0.0,0.0001454647863635
1557,4,176,2,0,1.0,0.0,0.0,2,36.0,23.5,0.045941522208169,2.358036413213253e-14,2,0.0526518034977765,0.0,0.0001777240266077
1558,4,176,2,0,1.0,1.0,0.0,2,34.0,0.0,0.0506028292513034,3.58589475132797e-12,2,0.0607305906337821,1.0,0.0001264863452744
1559,14,135,2,0,1.0,0.0,0.0,2,31.0,22400.808715524185,0.0581600696978972,2.950885178421894e-12,2,0.0700500215188406,0.0,0.0001673495339032
1560,3,188,2,0,1.0,0.0,0.0,2,36.0,7108.451233328221,0.0478079938062518,6.577314098601801e-15,2,0.0546595671947812,0.0,0.0001780221624426
1561,1,197,2,0,1.0,0.0,0.0,2,31.0,11223.847718947713,0.0573724797918795,1.8914650586758664e-14,2,0.0658080129394709,0.0,0.0001830403897765
1562,1,197,3,0,1.0,0.3333333333333333,0.0,3,31.0,3903.693433534074,0.0575321725965177,3.4058578109478683e-16,2,0.0636175586522173,0.3333333333333333,0.0002125829811297
1563,1,197,3,0,1.0,0.3333333333333333,0.0,3,33.0,7409.4000000000015,0.0527293298892043,2.0395930639431995e-16,2,0.0585981192184505,0.3333333333333333,0.0002351008477641
1564,4,176,2,0,1.0,0.0,0.0,2,36.0,47.150000000000006,0.0491029272898961,1.3501476437116362e-13,2,0.0585610982691507,0.0,0.0001531136803292
1565,3,188,2,0,1.0,0.0,0.0,2,36.0,567.6486051530165,0.0471491018764197,7.629758758710551e-17,2,0.0538790217640279,0.0,0.0001731029310951
1566,3,188,3,0,1.0,0.0,0.0,3,33.0,9877.0,0.0557046525788773,2.2486057015217122e-12,1,0.0669222585344631,0.0,0.0002671407100633
1567,3,188,1,0,1.0,0.0,0.0,1,34.0,0.0,0.052765939265763,3.004932244617035e-13,1,0.0615781731812737,0.0,0.0001060480949308
1568,3,188,1,0,1.0,0.0,0.0,1,34.0,0.0,0.052765939265763,3.004936342321834e-13,1,0.0615781731812737,0.0,0.0001060480949308
1569,4,176,2,0,1.0,0.0,0.0,2,36.0,36.400000000000006,0.049098047010883,1.32272635035185e-13,2,0.0585124188783661,0.0,0.0001508150486813
1570,14,135,2,0,1.0,0.0,0.0,2,35.0,1162.6943310313316,0.0484993667592801,1.6415652428621694e-15,2,0.055452063098291,0.0,0.0001776013136402
1571,21,122,2,0,1.0,0.0,0.0,2,31.0,2092.255946830941,0.0555149744338933,4.178702343863492e-15,2,0.0633752821002438,0.0,0.0001782465377661
1572,36,66,2,0,1.0,0.0,0.0,2,33.0,24.61666666666667,0.0544784843071086,6.979268952016545e-15,2,0.0627299886756388,0.0,0.0001587693747969
1573,1,197,3,0,1.0,0.0,0.0,3,30.0,20200.858635337954,0.0615131742790257,2.6009974237161937e-14,2,0.0716994166950702,0.0,0.0002128183507702
1574,1,197,3,0,1.0,0.0,0.0,3,31.0,7224.754509379511,0.0580500358406091,4.7180650693360346e-15,2,0.0667778044901689,0.0,0.0002115874589546
1575,36,66,3,0,1.0,0.0,0.0,3,33.0,9556.753734382282,0.0533684801866816,3.737791875845254e-15,2,0.0613608477496998,0.0,0.0002348829923237
1576,20,122,2,0,1.0,0.0,0.0,2,32.0,33.7952380952381,0.052457205963556,1.4795333070551084e-12,2,0.0603642300230132,0.0,0.0001576099043518
1577,14,135,2,0,1.0,0.0,0.0,2,32.0,118.5833333333334,0.0551394671339755,4.872949404834878e-13,2,0.065486281695397,0.0,0.0001638481094089
1578,36,66,2,0,1.0,0.0,0.0,2,36.0,9876.0,0.0468295272492866,2.674132936001844e-17,1,0.0517247859536375,0.0,0.0001993816305549
1579,21,122,3,0,1.0,0.0,0.0,3,29.0,24679.0,0.062208789824959,2.0246636721208827e-13,1,0.0733064625067431,0.0,0.0002590182395331
1580,21,122,2,0,1.0,0.0,0.0,2,29.0,9157.16440959147,0.0624778671523245,2.170830190065582e-13,2,0.074341232954469,0.0,0.0001543243799226
1581,21,122,2,0,1.0,0.0,0.0,2,31.0,9876.0,0.055332780752257,3.781350322453074e-15,1,0.0623764104669943,0.0,0.0002083860114651
1582,21,122,2,0,1.0,0.0,0.0,2,32.0,4939.0,0.052433264342196,5.585278650987374e-16,1,0.0582438309535204,0.0,0.0002265781212833
1583,3,188,3,0,1.0,0.3333333333333333,0.0,3,34.0,4854.999999999998,0.0513636316375016,1.968267684539988e-15,2,0.0584726613451591,0.3333333333333333,0.0002296468388336
1584,4,176,6,1,0.8571428571428571,0.3333333333333333,0.24489795918367352,7,34.0,26809.91256217017,0.0509746055659316,5.384593423049855e-11,2,0.063097759262978,0.2380952380952381,0.0003844230079358
1585,3,188,2,0,1.0,0.0,0.0,2,34.0,6512.584398935174,0.0511344816164292,4.942792832886314e-16,2,0.0586128235342753,0.0,0.0001689325559653
1586,4,176,3,0,1.0,0.3333333333333333,0.0,3,36.0,4930.549999999999,0.0490931677018633,1.364372865905925e-13,2,0.0585891330998171,0.3333333333333333,0.0002037379494605
1587,14,135,1,1,0.5,0.0,0.5,2,35.0,120.67673992673993,0.0493018892404115,5.601635788648258e-13,2,0.0568643712775828,0.0,0.0001868762837688
1588,14,135,2,0,1.0,0.0,0.0,2,34.0,3247.955773801643,0.0515431647920535,1.911386905613961e-12,2,0.0597494114257629,0.0,0.0001870056672208
1589,4,176,4,0,1.0,0.0,0.0,4,34.0,3252.396961638189,0.0507275397143238,5.601603135416995e-12,2,0.0610066108625562,0.0,0.0002459829565638
1590,1,197,2,0,1.0,0.0,0.0,2,35.0,2469.0000000000005,0.0477004335525235,1.823990866365184e-17,2,0.0517876588222661,0.0,0.0001798573099456
1591,1,197,2,0,1.0,0.0,0.0,2,32.0,867.200069570242,0.0568967105869344,2.3703862971065953e-14,2,0.0674269688336531,0.0,0.0001485244072032
1592,1,197,2,0,1.0,0.0,0.0,2,31.0,4939.0,0.0542154129809697,8.283350031347792e-17,1,0.0588406573259451,0.0,0.0002238891904627
1593,20,122,2,0,1.0,0.0,0.0,2,31.0,3452.917177944444,0.0546260767640131,9.529791421816498e-12,2,0.0640142527650221,0.0,0.0001547462495277
1594,21,122,2,0,1.0,0.0,0.0,2,31.0,6135.190079013113,0.0566838783706253,3.2408129222698595e-14,2,0.0675065532570071,0.0,0.0001617466581763
1595,1,197,1,0,1.0,0.0,0.0,1,33.0,0.0,0.0536851485578908,2.7838779308623616e-15,1,0.0616327420831579,0.0,9.25718139991704e-05
1596,36,66,2,0,1.0,0.0,0.0,2,34.0,3636.362973773266,0.051656889502358,5.153942056569014e-16,2,0.0584297501961027,0.0,0.0001679127886646
1597,3,188,1,0,1.0,0.0,0.0,1,35.0,0.0,0.0471693609219986,1.5595626486424508e-16,1,0.0536164037228217,0.0,0.0001027667676514
1598,3,188,3,0,1.0,0.0,0.0,3,34.0,11248.615971116224,0.0495039583124561,1.1920380742221838e-15,2,0.0575663919133747,0.0,0.0002555595549596
1599,4,176,3,0,1.0,0.3333333333333333,0.0,3,35.0,153.82261904761907,0.0485117498600622,9.26779056502614e-12,2,0.0582107401866148,0.3333333333333333,0.0001794447465762
1600,3,188,3,1,0.75,0.0,0.375,4,32.0,13074.71413255319,0.0573232147415813,1.5842747577272868e-13,2,0.0686095343371937,0.0,0.0002453119002846
1601,1,197,2,1,0.6666666666666666,0.0,0.4444444444444444,3,33.0,8673.446878399373,0.0542976478346889,2.3492860321941363e-14,2,0.0639314627237047,0.0,0.0002085354886431
1602,3,188,3,0,1.0,0.0,0.0,3,34.0,2024.4117775976672,0.0518069509407051,4.621703596491333e-15,2,0.0608088686446346,0.0,0.0001996793960015
1603,3,188,2,0,1.0,0.0,0.0,2,36.0,65.08333333333334,0.0459316975202462,5.219580642512698e-17,2,0.0519944523881222,0.0,0.0001764394188574
1604,3,188,3,0,1.0,0.0,0.0,3,36.0,6055.389152590528,0.0485513228761253,7.429129877212093e-15,2,0.057398971016314,0.0,0.000241099852395
1605,3,188,4,0,1.0,0.16666666666666666,0.0,4,34.0,7608.8201612693265,0.0521636290680239,1.0388922697414887e-14,2,0.0616780006446819,0.1666666666666666,0.0002742539887459
1606,36,66,1,0,1.0,0.0,0.0,1,38.0,0.0,0.0428206128375157,1.871225502843639e-17,1,0.0462639180185133,0.0,0.0001241076800113
1607,3,188,2,0,1.0,0.0,0.0,2,36.0,249.4206283590113,0.0468833042289879,2.0782013672233677e-15,2,0.0540570283259072,0.0,0.0001755049451467
1608,3,188,2,0,1.0,0.0,0.0,2,36.0,4939.0,0.0448080690806182,6.423687524123802e-17,1,0.05014349751752,0.0,0.0002154589728497
1609,3,188,4,0,1.0,0.0,0.0,4,32.0,6480.405849825038,0.0572454951040037,9.426400050980557e-14,2,0.0679194636116982,0.0,0.0002495116229493
1610,14,135,1,0,1.0,0.0,0.0,1,32.0,0.0,0.0557795015977326,6.223633094061458e-12,1,0.0676134229815944,0.0,8.891067503090193e-05
1611,3,188,2,0,1.0,0.0,0.0,2,34.0,9162.94499599914,0.0509814444054572,4.516604235329647e-16,2,0.0577201668009421,0.0,0.000171510574561
1612,3,188,2,1,0.6666666666666666,0.0,0.4444444444444444,3,38.0,2400.785117333561,0.0444696499140313,4.260745648619083e-16,2,0.0513838813523392,0.0,0.0002575015367608
1613,4,176,1,1,0.5,0.0,0.5,2,37.0,1764.182473730248,0.0443260024944592,9.35448707634558e-16,2,0.0513285744162766,0.0,0.0001789157197971
1614,4,176,3,0,1.0,0.0,0.0,3,33.0,2408.502760895686,0.0531720233354142,5.034395278633806e-12,2,0.0642693639656487,0.0,0.0001928265830504
1615,1,197,2,0,1.0,0.0,0.0,2,30.0,4698.4377289377335,0.0581723975506358,2.1030892624309967e-16,2,0.0632661887050747,0.0,0.0001899113601159
1616,4,176,2,0,1.0,0.0,0.0,2,38.0,20.1,0.0449761462544156,1.6332502437948954e-14,2,0.0519981827471863,0.0,0.000176294882661
1617,4,176,2,0,1.0,1.0,0.0,2,34.0,0.0,0.0507687248211789,3.9424911826832644e-13,2,0.0607458903581589,1.0,0.0001632143063708
1618,14,135,2,0,1.0,0.0,0.0,2,34.0,5936.81099769838,0.0508900609856601,9.270963080768992e-15,2,0.0585708108069783,0.0,0.0001792340638492
1619,4,176,2,0,1.0,0.0,0.0,2,33.0,31835.47569626801,0.0534944664630844,2.4958375582096672e-12,2,0.0662275148363157,0.0,0.0001564054002021
1620,4,176,3,0,1.0,0.3333333333333333,0.0,3,33.0,9876.0,0.0534828833120412,2.555795944813576e-12,2,0.0661537727888894,0.3333333333333333,0.0002240823497073
1621,3,188,2,0,1.0,0.0,0.0,2,32.0,15.666666666666666,0.0565385583812118,2.2218300104045814e-14,2,0.065307852008059,0.0,0.0001706398180148
1622,1,197,5,0,1.0,0.0,0.0,5,31.0,55076.24497495185,0.0602710979344338,1.5325802682296606e-13,2,0.0733205101778746,0.0,0.0003480106012846
1623,1,197,4,1,0.8,0.0,0.31999999999999984,5,32.0,24404.79106494676,0.056911131079929,2.265945922022357e-14,2,0.0681344338832232,0.0,0.000334501875247
1624,6,172,2,0,1.0,0.0,0.0,2,32.0,74.41880341880344,0.0555386915803793,1.2949293144826275e-10,2,0.0667201508520663,0.0,0.0001376858092781
1625,6,172,2,0,1.0,0.0,0.0,2,32.0,5938.644430406218,0.0556112168049442,9.40850401040929e-10,2,0.0662633547661383,0.0,0.0001700411257681
1626,4,176,2,0,1.0,0.0,0.0,2,36.0,2454.695238095238,0.0490848751018461,1.1931732256767633e-13,2,0.0583050896578791,0.0,0.0001452682062805
1627,3,188,2,0,1.0,0.0,0.0,2,37.0,3037.760304485933,0.0461544211077061,1.030355916716061e-15,2,0.0531792470422955,0.0,0.0001765627116451
1628,6,172,2,0,1.0,0.0,0.0,2,33.0,5370.975882427325,0.0526820944865095,1.2807551220477562e-10,2,0.0613670548009503,0.0,0.0001849446129806
1629,21,122,2,0,1.0,0.0,0.0,2,31.0,7210.387629160612,0.0570590341545676,7.699291239036315e-14,2,0.0654992892010222,0.0,0.0001508370707137
1630,6,172,2,0,1.0,0.0,0.0,2,31.0,19299.02411757268,0.0585800851427148,3.7541433382107115e-10,2,0.0714214779341432,0.0,0.0001616846828769
1631,14,135,2,0,1.0,0.0,0.0,2,31.0,3793.031257631268,0.0581991258349925,3.1504338009367672e-12,2,0.0704857385233832,0.0,0.0001584183851019
1632,6,172,2,0,1.0,0.0,0.0,2,32.0,4237.533247992269,0.0573971440854218,6.197658681677651e-11,2,0.0693950877730493,0.0,0.0001467639725823
1633,3,188,3,0,1.0,0.0,0.0,3,35.0,9283.02827042932,0.0497818266100994,1.2429989628320709e-15,2,0.0581967534839421,0.0,0.0002405982651643
1634,6,172,2,0,1.0,0.0,0.0,2,33.0,9876.0,0.0526753534793457,1.280560097742229e-10,1,0.0612615024585558,0.0,0.0002018389743776
1635,1,197,2,0,1.0,0.0,0.0,2,33.0,13448.152281052287,0.0535025776545509,2.6638726006130088e-15,2,0.0606807076922095,0.0,0.0001885364191855
1636,14,135,2,0,1.0,0.0,0.0,2,34.0,14811.0,0.0497016892537703,9.661207966328506e-15,1,0.0571726123683811,0.0,0.0002026946485654
1637,14,135,1,0,1.0,0.0,0.0,1,36.0,0.0,0.0452103562832328,1.809510879011958e-16,1,0.0504177993966628,0.0,0.000122252486206
1638,1,197,2,0,1.0,0.0,0.0,2,33.0,1887.206909756912,0.0540925266903914,6.0307681439911545e-15,2,0.0637636880315628,0.0,0.0001515761919045
1639,6,172,2,0,1.0,0.0,0.0,2,34.0,4939.0,0.0500440671441451,1.80427702932732e-11,1,0.057188361721306,0.0,0.0002177483040194
1640,1,197,2,0,1.0,0.0,0.0,2,34.0,3.0,0.050084149481923,5.769798425533833e-17,2,0.0547907596759982,0.0,0.0001839047296481
1641,1,197,1,0,1.0,0.0,0.0,1,31.0,0.0,0.0557694261619571,4.544503918242935e-17,1,0.061111490513566,0.0,9.920469675801016e-05
1642,1,197,2,0,1.0,0.0,0.0,2,33.0,4948.333333333334,0.0527282042524122,1.6804962862943992e-16,2,0.0584867831860618,0.0,0.0001704796619131
1643,3,188,2,0,1.0,0.0,0.0,2,34.0,1105.7906215292423,0.0521592228909302,7.853928019083978e-15,2,0.0613434375469607,0.0,0.0001508618893524
1644,4,176,4,0,1.0,0.0,0.0,4,37.0,5326.363530329331,0.0455681723842116,3.311804661612477e-14,2,0.0533213431860519,0.0,0.0003156422920362
1645,36,66,2,0,1.0,0.0,0.0,2,37.0,4939.0,0.0447358411968195,5.0302602882128985e-17,1,0.0488768499508472,0.0,0.000220586948075
1646,6,172,2,0,1.0,0.0,0.0,2,31.0,175237.8498197713,0.0636622549840844,6.424427029509781e-10,2,0.0818783595667451,0.0,0.0001400392786701
1647,21,122,2,0,1.0,0.0,0.0,2,31.0,4939.0,0.0564216778025241,1.9515586292845825e-14,1,0.0663362126019367,0.0,0.0001915266456465
1648,3,188,2,0,1.0,0.0,0.0,2,35.0,6579.696761160098,0.0508188626450497,5.190520951061213e-14,2,0.0604478563221119,0.0,0.0001593395693312
1649,4,176,4,0,1.0,0.0,0.0,4,33.0,5665.176292541405,0.053378860242474,9.856524669904088e-12,2,0.0659356989239883,0.0,0.0002574388415066
1650,6,172,2,0,1.0,0.0,0.0,2,33.0,1040.8005019836016,0.0563933378234911,2.6533989312919207e-11,2,0.0674642013812053,0.0,0.0001712052235225
1651,1,197,2,0,1.0,0.0,0.0,2,33.0,1190.6129786850845,0.0523560209424083,2.3687353049631233e-16,2,0.0592556800752335,0.0,0.000166085985955
1652,3,188,2,0,1.0,0.0,0.0,2,35.0,5209.623553968768,0.0495650516219009,2.1231764506961865e-15,2,0.0566670816169675,0.0,0.0001722218936185
1653,36,66,5,0,1.0,0.0,0.0,5,32.0,127283.19437586752,0.057584482497348,2.6445744145201632e-14,2,0.0680954406184272,0.0,0.0003592792783018
1654,4,176,3,0,1.0,0.0,0.0,3,34.0,21.694444444444443,0.0505613952488664,1.5521540712008422e-12,2,0.0600355003023196,0.0,0.0001996886836286
1655,4,176,1,0,1.0,0.0,0.0,1,37.0,0.0,0.0468091154593262,1.9254710650350664e-14,1,0.054611398026385,0.0,9.494968992731474e-05
1656,4,176,1,0,1.0,0.0,0.0,1,37.0,0.0,0.0468091154593262,1.925540004748748e-14,1,0.054611398026385,0.0,9.494968992731474e-05
1657,21,122,1,0,1.0,0.0,0.0,1,30.0,0.0,0.058566195212747,2.7067819253201376e-14,1,0.0670427137300577,0.0,0.0001037467282806
1658,36,66,2,0,1.0,0.0,0.0,2,32.0,10659.553425719463,0.0562982210218013,2.1103718760574533e-14,2,0.0650332838844181,0.0,0.0001625924221424
1659,1,197,2,0,1.0,0.0,0.0,2,31.0,42.41666666666666,0.0551216246373577,6.275362522260956e-17,2,0.0596585883931167,0.0,0.0001926694610552
1660,21,122,2,0,1.0,0.0,0.0,2,30.0,5950.197296805364,0.0562578294043958,1.064766148555971e-13,2,0.0646477301924663,0.0,0.0001637050856616
1661,3,188,3,0,1.0,0.0,0.0,3,34.0,3157.488634285188,0.0519027506356511,5.274152542947401e-15,2,0.0613232757961878,0.0,0.000200369010767
1662,3,188,3,1,0.75,0.0,0.375,4,33.0,10011.707673505,0.0540357248334627,4.150631170205858e-15,2,0.064094247564909,0.0,0.0002689068310867
1663,6,172,2,0,1.0,0.0,0.0,2,34.0,482.3092157606589,0.0500643539772784,1.7567340730026808e-11,2,0.0574454146099376,0.0,0.0001896506363748
1664,3,188,2,0,1.0,0.0,0.0,2,36.0,7917.776971152458,0.0483597811083591,7.212310369316927e-15,2,0.0564396519778626,0.0,0.0001723428607457
1665,36,66,2,0,1.0,0.0,0.0,2,34.0,54.45,0.0506885017135586,5.969075067179138e-16,2,0.0572530767049773,0.0,0.000172664443382
1666,3,188,1,1,0.5,0.0,0.5,2,31.0,23300.152281052266,0.0598933074684772,1.425930672754585e-13,2,0.0705461992700793,0.0,0.0001732938661564
1667,1,197,1,1,0.5,0.0,0.5,2,32.0,18374.15228105227,0.0565178591858682,1.944072131211548e-14,2,0.0651161285268618,0.0,0.0001841360983498
1668,36,66,2,0,1.0,0.0,0.0,2,33.0,1.0,0.0544154742628025,3.9053640196260855e-15,2,0.0618900509480487,0.0,0.0001765403031988
1669,36,66,2,0,1.0,0.0,0.0,2,33.0,4529.952889394403,0.0544520623443045,3.971318130549073e-15,2,0.0624054543480678,0.0,0.0001607681018995
1670,36,66,3,0,1.0,0.0,0.0,3,32.0,13414.710804341728,0.0575811264453562,2.8574400617734894e-14,2,0.0676815781650914,0.0,0.0002210153938809
1671,1,197,2,0,1.0,0.0,0.0,2,35.0,4939.0,0.0490580652849638,1.0342724807679351e-16,1,0.054081882058699,0.0,0.0002269181167904
1672,1,197,1,0,1.0,0.0,0.0,1,34.0,0.0,0.051585146819264,4.108993192559242e-16,1,0.0574004213378258,0.0,0.0001124568050766
1673,4,176,2,0,1.0,1.0,0.0,2,37.0,0.0,0.0468184316773129,3.620416107478636e-14,2,0.0549718343736636,1.0,0.0001575212027149
1674,3,188,2,0,1.0,0.0,0.0,2,35.0,5078.452302240879,0.0491229465812815,1.4077181184713568e-14,2,0.0573911238525496,0.0,0.0001682622359577
1675,4,176,1,0,1.0,0.0,0.0,1,36.0,0.0,0.0459551983329612,5.3224967037393655e-14,1,0.0526321558713444,0.0,0.0001126311531949
1676,14,135,2,0,1.0,0.0,0.0,2,32.0,9876.0,0.0550976477542689,4.985835272898441e-13,1,0.0656027312602271,0.0,0.0001843205145654
1677,14,135,3,0,1.0,0.0,0.0,3,31.0,15553.4880952381,0.0583069732307256,3.6628922563414526e-12,2,0.0717942910819352,0.0,0.0002275475288424
1678,14,135,2,0,1.0,0.0,0.0,2,33.0,291.1853696261114,0.0543669660151435,1.380259128166646e-11,2,0.0643073055773617,0.0,0.0001665377181132
1679,4,176,2,0,1.0,0.0,0.0,2,33.0,7875.589818781039,0.053337364227256,1.9571713746046903e-11,2,0.0647801005376811,0.0,0.0001344908487906
1680,3,188,2,0,1.0,0.0,0.0,2,35.0,5754.79406025877,0.0495914228923645,1.4014668936938272e-15,2,0.0570282078653583,0.0,0.0001602432153673
1681,6,172,2,0,1.0,0.0,0.0,2,35.0,4939.0,0.0510293677110126,2.1131654462986573e-12,1,0.0592292666323989,0.0,0.0002151143061362
1682,4,176,2,0,1.0,0.0,0.0,2,36.0,5657.71816070534,0.0490887771528509,1.0335910393261032e-13,2,0.0582545553968186,0.0,0.0001691722295698
1683,21,122,1,0,1.0,0.0,0.0,1,33.0,0.0,0.050703589280399,3.7385435133203513e-16,1,0.0570101206478335,0.0,0.0001205202060181
1684,14,135,2,0,1.0,0.0,0.0,2,31.0,48464.64243438064,0.0586071894649424,1.6176399265000846e-11,2,0.0720306371978287,0.0,0.000154472627421
1685,36,66,6,0,1.0,0.0,0.0,6,32.0,35173.08973308642,0.0563688852881773,2.699700470060312e-14,2,0.0664455339150891,0.0,0.0004277110023648
1686,3,188,2,0,1.0,0.0,0.0,2,35.0,1429.449304450307,0.0471891866074413,1.7497624126122655e-16,2,0.0539941035084165,0.0,0.0001777535206658
1687,4,176,5,0,1.0,0.1,0.0,5,36.0,12416.240873015871,0.0491048796731642,1.2707972662002302e-13,2,0.0590804254332143,0.1,0.00036806772228
1688,4,176,1,0,1.0,0.0,0.0,1,37.0,0.0,0.0468068978586318,1.6952254484582087e-14,1,0.054613245594022,0.0,9.2929739867165e-05
1689,1,197,5,0,1.0,0.1,0.0,5,32.0,38790.03932334191,0.0556594632354598,1.3461266123894806e-15,2,0.0629308732672033,0.1,0.0003718147505824
1690,3,188,3,0,1.0,0.0,0.0,3,32.0,19560.36212121212,0.0572037332962782,8.810505592056958e-14,2,0.0674857233753265,0.0,0.0002046705480783
1691,3,188,3,0,1.0,0.3333333333333333,0.0,3,33.0,14636.612121212123,0.0541180079314651,1.2301371938044928e-14,2,0.062517296873809,0.3333333333333333,0.0002205252942373
1692,1,197,2,0,1.0,0.0,0.0,2,32.0,8635.777126285637,0.0571151089118068,2.8342480265490072e-14,2,0.0682009751652323,0.0,0.0001536909882498
1693,36,66,2,0,1.0,0.0,0.0,2,33.0,4893.560714285713,0.0532942077611038,2.9109931084845957e-15,2,0.0603539424867215,0.0,0.0001805572949151
1694,14,135,2,0,1.0,0.0,0.0,2,33.0,14.333333333333332,0.0523144373020999,8.938040819685029e-14,2,0.0616816063035615,0.0,0.0001641566945989
1695,14,135,2,0,1.0,0.0,0.0,2,34.0,4939.0,0.049724201795708,1.9868203446402556e-14,1,0.0575713656618709,0.0,0.0001905692058514
1696,1,197,2,0,1.0,0.0,0.0,2,30.0,5211.978937728934,0.0585523118681032,2.5913542768913275e-16,2,0.0641787870495336,0.0,0.000187658065132
1697,1,197,1,0,1.0,0.0,0.0,1,33.0,0.0,0.0533759764886387,2.90374814641504e-15,1,0.0604140122471978,0.0,9.987501320135612e-05
1698,3,188,2,0,1.0,0.0,0.0,2,33.0,11097.505030955905,0.0548565844558204,5.51620536792317e-14,2,0.0650370038683524,0.0,0.0001623708616853
1699,3,188,3,0,1.0,0.0,0.0,3,33.0,12953.073673903817,0.0548742557540211,5.6575157945180476e-14,2,0.0655240387632819,0.0,0.0002115302066125
1700,4,176,2,0,1.0,1.0,0.0,2,34.0,0.0,0.0507687248211789,3.942463597647338e-13,2,0.0607458903581589,1.0,0.0001632143063707
1701,1,197,2,0,1.0,0.0,0.0,2,30.0,9876.0,0.057321219294276,2.972723289132673e-16,1,0.0628896207473596,0.0,0.000204344706614
1702,4,176,3,0,1.0,0.0,0.0,3,37.0,73.96666666666667,0.0468117768575462,2.608541861223756e-14,2,0.054958244162705,0.0,0.0002127207093616
1703,1,197,3,0,1.0,0.0,0.0,3,34.0,9905.333333333334,0.0508125900020571,4.554441237211365e-16,2,0.0570900621241894,0.0,0.000282071824614
1704,1,197,2,0,1.0,0.0,0.0,2,36.0,0.5,0.0472139921628596,7.772813031601748e-17,2,0.0525617092435487,0.0,0.0001728458630806
1705,6,172,2,0,1.0,0.0,0.0,2,33.0,298.9785714285715,0.0566260502756794,3.474393928720978e-11,2,0.0685311997004083,0.0,0.0001675071732706
1706,4,176,2,0,1.0,0.0,0.0,2,35.0,4939.0,0.0481683356572442,3.98192637972987e-13,1,0.0563794886451082,0.0,0.0001935833555656
1707,21,122,2,0,1.0,0.0,0.0,2,30.0,4936.0,0.0563438113052602,9.424305258152499e-14,2,0.0651321572027029,0.0,0.000168937191084
1708,1,197,2,0,1.0,0.0,0.0,2,33.0,4145.344853357548,0.0537406307452976,2.9333121835043232e-15,2,0.0622551712734009,0.0,0.0001563866080527
1709,1,197,4,0,1.0,0.0,0.0,4,31.0,20216.682195690235,0.0580985087265371,3.814865165306119e-15,2,0.0669240828069937,0.0,0.0003212339056042
1710,3,188,2,0,1.0,0.0,0.0,2,36.0,4511.746230158731,0.0470238831827744,7.622894666664968e-17,2,0.0533895920287639,0.0,0.0001767663397684
1711,1,197,2,0,1.0,0.0,0.0,2,34.0,2472.6000000000004,0.0500887198986058,4.022197401315912e-17,2,0.0549284509321103,0.0,0.0001757823646898
1712,4,176,2,0,1.0,0.0,0.0,2,36.0,26.666666666666668,0.0459428039990699,1.6145727793382885e-14,2,0.0526542133686075,0.0,0.000181234120995
1713,21,122,2,1,0.6666666666666666,0.0,0.4444444444444444,3,32.0,10848.548412698412,0.0552850987633596,5.327595889024542e-13,2,0.0672046114425732,0.0,0.0002448133716861
1714,1,197,2,0,1.0,0.0,0.0,2,33.0,6800.439323344076,0.0527405889009886,1.6851609360268475e-16,2,0.0585879977609606,0.0,0.0001702907366669
1715,3,188,2,0,1.0,0.0,0.0,2,36.0,770.4533037417533,0.0480998607635609,1.1881403805460272e-15,2,0.0561146709803755,0.0,0.0001696909767319
1716,1,197,3,0,1.0,0.0,0.0,3,34.0,14811.500000000004,0.050088212033338,4.9588646223476326e-17,2,0.0550262916878457,0.0,0.0002527884110803
1717,28,100,2,0,1.0,0.0,0.0,2,35.0,2212.7462901472018,0.0482836812886074,1.4126722350932806e-12,2,0.0577279638536363,0.0,0.0001529874885084
1718,3,188,1,0,1.0,0.0,0.0,1,33.0,0.0,0.0535025776545509,2.6694153713584456e-15,1,0.0603921635777544,0.0,0.0001145322306782
1719,6,172,2,0,1.0,0.0,0.0,2,34.0,116.77857142857142,0.053604757150918,4.8620224848441255e-12,2,0.0634093966729461,0.0,0.0001758130298112
1720,36,66,1,0,1.0,0.0,0.0,1,32.0,0.0,0.0575408843125378,2.447189712379756e-14,1,0.0667451899918616,0.0,9.20965585719214e-05
1721,3,188,2,1,0.6666666666666666,0.0,0.4444444444444444,3,33.0,14065.894338013375,0.0538578110179562,3.4860899349652426e-15,2,0.0629835948139526,0.0,0.0002255009030353
1722,3,188,2,0,1.0,0.0,0.0,2,34.0,578.1408975828098,0.0513225424397947,1.0061179746115714e-15,2,0.0596845721705058,0.0,0.0001513928512121
1723,14,135,2,0,1.0,0.0,0.0,2,33.0,213.65992063492055,0.0536373507057546,1.2324681833249726e-13,2,0.0627466946514878,0.0,0.000167976800169
1724,1,197,2,0,1.0,0.0,0.0,2,35.0,2469.0,0.0495521250238231,1.7277452376461446e-16,2,0.0559905692996861,0.0,0.0001676325129424
1725,3,188,4,0,1.0,0.0,0.0,4,33.0,9297.062812522548,0.054384323223427,4.51519470101074e-14,2,0.0646137477126704,0.0,0.0002453971765593
1726,3,188,3,0,1.0,0.0,0.0,3,33.0,21750.24619488946,0.0542404145987966,2.049973167008377e-14,2,0.063597781279193,0.0,0.0002060202592621
1727,21,122,2,0,1.0,0.0,0.0,2,31.0,9876.0,0.0564229666601944,1.9510719752933447e-14,1,0.0663868198893861,0.0,0.0001866951308277
1728,21,122,2,0,1.0,0.0,0.0,2,32.0,370.3892954219192,0.0534302432482126,3.2916483515675684e-15,2,0.0616272709154589,0.0,0.0001770076023031
1729,6,172,2,0,1.0,0.0,0.0,2,32.0,14371.024117572675,0.0553457992090256,5.114236749461393e-11,2,0.065551966339481,0.0,0.0001785142542083
1730,7,171,2,0,1.0,0.0,0.0,2,31.0,7405.496418293271,0.0557184750733137,5.834208008350166e-16,2,0.0620523128073078,0.0,0.0001904156436786
1731,14,135,2,0,1.0,0.0,0.0,2,32.0,4920.416666666666,0.0551813500441227,5.229141831623803e-13,2,0.0664305291932884,0.0,0.0001605531938331
1732,3,188,3,0,1.0,0.0,0.0,3,34.0,7081.02592593292,0.0522989296717024,1.3947462817434003e-14,2,0.0619150151087447,0.0,0.0002208316911878
1733,36,66,1,1,0.5,0.0,0.5,2,33.0,5627.307142857143,0.0537394615175414,2.8574255938786066e-15,2,0.0621439054586938,0.0,0.0001674320833542
1734,3,188,4,0,1.0,0.0,0.0,4,36.0,3816.057390265238,0.0474170202146244,3.643212645970212e-16,2,0.0548521879211996,0.0,0.00029704475641
1735,21,122,2,0,1.0,0.0,0.0,2,37.0,4617.123856495906,0.0435196278807527,1.7867982580011678e-16,2,0.0486720536213816,0.0,0.0001982434510552
1736,21,122,2,0,1.0,0.0,0.0,2,29.0,4552.357719232367,0.0616013866546955,6.580365572158721e-13,2,0.0733839999028129,0.0,0.0001604567323818
1737,14,135,1,0,1.0,0.0,0.0,1,36.0,0.0,0.0452103562832328,1.8194548047393087e-16,1,0.0504177993966628,0.0,0.000122252486206
1738,14,135,3,0,1.0,0.0,0.0,3,35.0,9877.0,0.0473506632926922,1.4065503877325872e-15,1,0.0537102330517197,0.0,0.00032433267927
1739,1,197,2,0,1.0,0.0,0.0,2,34.0,2351.2510678110466,0.0501813232022591,6.267831096058251e-17,2,0.0552709304669019,0.0,0.000180527063502
1740,36,66,2,0,1.0,0.0,0.0,2,32.0,3616.146307106598,0.057554962659179,2.5419062777853568e-14,2,0.0670955852106778,0.0,0.0001595735428604
1741,36,66,3,0,1.0,0.3333333333333333,0.0,3,35.0,24675.0,0.0491249005568814,6.440424790774624e-17,2,0.0549854302648785,0.3333333333333333,0.0002570790030861
1742,36,66,3,0,1.0,0.0,0.0,3,33.0,51758.75,0.0544628682307285,3.662974300346011e-15,2,0.0628647633701302,0.0,0.0002396291993363
1743,36,66,2,0,1.0,0.0,0.0,2,34.0,29604.0,0.051656889502358,4.935113004224466e-16,2,0.058480919786746,0.0,0.0001710922177659
1744,1,197,2,0,1.0,0.0,0.0,2,33.0,806.9119763497472,0.0537377077712992,2.9182224507024466e-15,2,0.0621428415203829,0.0,0.0001641318048607
1745,3,188,2,0,1.0,0.0,0.0,2,35.0,1843.6520517066615,0.0488113352963263,1.0213320417173972e-16,2,0.0554772827178206,0.0,0.0001757233090802
1746,21,122,1,0,1.0,0.0,0.0,1,31.0,0.0,0.0564203890037347,1.91365593255418e-14,1,0.066201259835405,0.0,9.65331518891002e-05
1747,4,176,4,0,1.0,0.0,0.0,4,34.0,23876.7760336587,0.0505789964062292,7.100630975196259e-13,2,0.0602916695716469,0.0,0.0003289192857427
1748,4,176,2,0,1.0,0.0,0.0,2,33.0,28715.092700325364,0.0532539913543115,5.0239764886977415e-12,2,0.0647673002960748,0.0,0.0001510008288325
1749,21,122,3,0,1.0,0.0,0.0,3,30.0,1835.844411072696,0.059229063005815,5.94238042795143e-14,2,0.0692412245460796,0.0,0.0002214244947722
1750,21,122,1,0,1.0,0.0,0.0,1,32.0,0.0,0.0534244649442503,2.7172770959126004e-15,1,0.0613862838323666,0.0,0.0001012528237526
1751,4,176,1,0,1.0,0.0,0.0,1,38.0,0.0,0.0435825951935631,4.404686014963401e-15,1,0.0498057753315552,0.0,9.743221413723992e-05
1752,4,176,3,0,1.0,0.0,0.0,3,33.0,2556.413905770981,0.0532384955275353,5.4059770351607416e-12,2,0.0647111503057143,0.0,0.0001943938577205
1753,28,100,2,0,1.0,0.0,0.0,2,36.0,400.685926067397,0.0475878545006165,1.757644247192416e-12,2,0.0571761681653359,0.0,0.0001501853028518
1754,36,66,3,0,1.0,0.0,0.0,3,34.0,4190.289112122338,0.0516747212284775,1.0860579696268113e-15,2,0.0586800678047201,0.0,0.0002392547525424
1755,3,188,3,0,1.0,0.0,0.0,3,34.0,5112.88787878788,0.0515055467511885,3.725810032812712e-15,2,0.0595018715933804,0.0,0.0002162711760769
1756,3,188,2,0,1.0,0.0,0.0,2,35.0,189.5545454545455,0.0489889824373506,5.551115367225819e-16,2,0.0555834067208841,0.0,0.0001613310311555
1757,4,176,3,0,1.0,0.0,0.0,3,35.0,22219.555854998245,0.0483730403532994,4.778204128418434e-14,2,0.0573729901204691,0.0,0.0002483230919562
1758,3,188,2,0,1.0,0.0,0.0,2,37.0,544.6239871230247,0.0456144562738344,4.864236655631933e-17,2,0.0526157186906555,0.0,0.0001600494294051
1759,3,188,2,0,1.0,0.0,0.0,2,36.0,830.9223149278919,0.0474666820404908,3.207816456386303e-16,2,0.0543255282937825,0.0,0.0001701217234558
1760,3,188,4,0,1.0,0.16666666666666666,0.0,4,33.0,23566.0735674277,0.0535809191188433,3.340533753375572e-15,2,0.061407952418323,0.1666666666666666,0.0003166740075636
1761,14,135,2,0,1.0,0.0,0.0,2,32.0,60.79285714285714,0.0550295198841483,9.924772206809457e-13,2,0.0652829290426515,0.0,0.0001513395410776
1762,14,135,2,0,1.0,0.0,0.0,2,34.0,5476.560899594583,0.049735716083564,1.986922683319988e-14,2,0.0578135576803786,0.0,0.0001669901966446
1763,21,122,2,0,1.0,0.0,0.0,2,30.0,4939.0,0.0588655862726406,4.591263437183432e-14,1,0.0685903791213458,0.0,0.0001921463273825
1764,21,122,1,0,1.0,0.0,0.0,1,33.0,0.0,0.0498214898037396,8.665290477678373e-17,1,0.0545820259232757,0.0,0.0001266539286249
1765,21,122,2,0,1.0,0.0,0.0,2,35.0,14319.6286184019,0.047589229805886,7.980278622270875e-15,2,0.0542740629442884,0.0,0.0001912376464269
1766,1,197,2,0,1.0,0.0,0.0,2,33.0,4925.666666666668,0.0527152628826925,2.0125158976206656e-16,2,0.058212138240364,0.0,0.0001803142949036
1767,1,197,2,0,1.0,0.0,0.0,2,32.0,9859.666666666668,0.0556450431981256,1.2476698092081945e-15,2,0.0623227021985059,0.0,0.0001689330769968
1768,36,66,1,0,1.0,0.0,0.0,1,34.0,0.0,0.0516083200133722,4.806782371996995e-16,1,0.0575958545595749,0.0,0.0001152627495502
1769,36,66,2,0,1.0,0.0,0.0,2,34.0,871.54422121105,0.0506469273513912,4.4020925692032646e-16,2,0.0569186495486878,0.0,0.0001726623762496
1770,14,135,2,0,1.0,0.0,0.0,2,31.0,5297.9782828282905,0.0585828639193596,1.616028641598852e-11,2,0.0716797673074851,0.0,0.0001586253748053
1771,36,66,2,0,1.0,0.0,0.0,2,33.0,5766.336759052055,0.0533270003022583,2.900452731781133e-15,2,0.0606357075053288,0.0,0.000168801782555
1772,36,66,2,0,1.0,0.0,0.0,2,34.0,675.1464285714287,0.0509477939811472,5.865401472105941e-16,2,0.0581312090147945,0.0,0.0001755881123346
1773,3,188,2,0,1.0,0.0,0.0,2,37.0,107.9683261183262,0.0463075798196441,1.275849599667222e-15,2,0.0536462955085229,0.0,0.0001732594536121
1774,20,122,2,0,1.0,0.0,0.0,2,34.0,1550.0838985575765,0.0500263296471827,2.5608718980199892e-14,2,0.055922931199886,0.0,0.0001768126152898
1775,4,176,2,0,1.0,1.0,0.0,2,35.0,0.0,0.0516099375248124,8.450688419044641e-13,2,0.0627324418999614,1.0,0.0001438855469365
1776,3,188,5,1,0.8333333333333334,0.0,0.2777777777777777,6,32.0,95540.20543304404,0.0580254889293475,4.0548673872850034e-13,2,0.0711662908341437,0.0,0.0004148943808222
1777,6,172,2,0,1.0,0.0,0.0,2,32.0,9611.056349206354,0.0597686686347577,1.4390450860015408e-10,2,0.0738308332097761,0.0,0.0001622414514606
1778,21,122,2,0,1.0,0.0,0.0,2,32.0,4939.0,0.0534111795869823,2.719307405901545e-15,1,0.0612785626062243,0.0,0.0002121458327967
1779,3,188,2,0,1.0,0.0,0.0,2,35.0,3567.2304799394446,0.0496672095875811,2.142232946002344e-15,2,0.0570417760240518,0.0,0.0001732866837113
1780,1,197,2,0,1.0,0.0,0.0,2,35.0,4939.0,0.0483569407872196,8.788317822424826e-17,1,0.053556472763245,0.0,0.0002130459027858
1781,3,188,2,0,1.0,0.0,0.0,2,37.0,2773.641617617225,0.0457568403697597,9.44552469987227e-16,2,0.0520731376595645,0.0,0.0001789764148665
1782,3,188,4,0,1.0,0.0,0.0,4,36.0,5331.962647164321,0.0474511800359245,3.5849941104608756e-16,2,0.0549768203190198,0.0,0.0003132667839454
1783,6,172,2,0,1.0,0.0,0.0,2,34.0,481.74462301757,0.0469934646740422,3.32763555319142e-13,2,0.0526894870747197,0.0,0.0001895432843475
1784,21,122,1,0,1.0,0.0,0.0,1,29.0,0.0,0.0601859184444254,4.120248724192026e-15,1,0.0676655992399966,0.0,9.921575307171126e-05
1785,1,197,2,0,1.0,0.0,0.0,2,35.0,564.9450778008203,0.0491547179573926,9.833685143686012e-17,2,0.0546736824205964,0.0,0.0001830477019741
1786,36,66,4,1,0.8,0.0,0.31999999999999984,5,31.0,86128.75208411664,0.0596387869422445,1.5514466043067466e-13,2,0.0708214582817933,0.0,0.0003558437498648
1787,1,197,2,0,1.0,0.0,0.0,2,34.0,2482.4,0.0500958310938941,4.034067934935486e-17,2,0.0549904576388538,0.0,0.0001728428010092
1788,6,172,2,0,1.0,0.0,0.0,2,32.0,354.80332263555243,0.055337119557303,5.3761300345414175e-11,2,0.0654295449012701,0.0,0.0001703643632439
1789,1,197,2,0,1.0,0.0,0.0,2,34.0,9876.0,0.0515873015873015,4.338530224400203e-16,1,0.057585981391807,0.0,0.0002088970047125
1790,36,66,2,0,1.0,0.0,0.0,2,33.0,4583.086222727732,0.0544574647514689,3.65552207183805e-15,2,0.0626097990362183,0.0,0.0001592245509444
1791,36,66,1,0,1.0,0.0,0.0,1,37.0,0.0,0.0447334106056215,0.0,1,0.0487928330905145,0.0,0.0001074480715225
1792,36,66,1,0,1.0,0.0,0.0,1,37.0,0.0,0.0447334106056215,0.0,1,0.0487928330905145,0.0,0.0001074480715225
1793,36,66,4,0,1.0,0.16666666666666666,0.0,4,36.0,9877.0,0.0468277516043718,6.504911332334081e-17,2,0.0519133985106711,0.1666666666666666,0.0003627757385552
1794,1,197,3,0,1.0,0.3333333333333333,0.0,3,32.0,20635.22388187188,0.0580186740266604,4.7825928773460085e-14,2,0.0683324011718319,0.3333333333333333,0.0002114399333693
1795,1,197,5,0,1.0,0.0,0.0,5,34.0,16088.491237724262,0.0521339018109671,1.4329657360306344e-15,2,0.0602513871998723,0.0,0.0003753811414921
1796,1,197,2,0,1.0,0.0,0.0,2,33.0,15752.716739015204,0.0548754748839172,6.5414512064125316e-15,2,0.0635095877425108,0.0,0.0001540810022545
1797,1,197,2,0,1.0,0.0,0.0,2,32.0,4993.247931436974,0.0549206208031307,5.367590522580743e-16,2,0.0620917574605379,0.0,0.0001692069760513
1798,14,135,2,0,1.0,0.0,0.0,2,35.0,520.138768344703,0.0470091163428049,4.1705434821682124e-16,2,0.0534011919649044,0.0,0.0001741665111866
1799,21,122,2,0,1.0,0.0,0.0,2,31.0,4939.0,0.0564216778025241,1.95225176896938e-14,1,0.0663362126019367,0.0,0.0001915266456465
1800,3,188,3,0,1.0,0.0,0.0,3,34.0,10506.17199920972,0.0516531085970011,1.0317147192806674e-13,2,0.0617932146826994,0.0,0.0002234626136144
1801,6,172,2,0,1.0,0.0,0.0,2,31.0,14782.000000000004,0.0543382611756423,6.7610226590837155e-12,2,0.0628416834686778,0.0,0.000186427722528
1802,3,188,2,0,1.0,0.0,0.0,2,35.0,1484.0351071472758,0.0491938776526354,4.042313373086961e-16,2,0.056589631806268,0.0,0.0001516118366752
1803,3,188,2,0,1.0,0.0,0.0,2,34.0,10563.667869783489,0.0521185010128291,1.01848305537505e-14,2,0.0605723951423115,0.0,0.0001570893589427
1804,1,197,2,0,1.0,0.0,0.0,2,34.0,14.333333333333334,0.0500902435562045,5.784410708882391e-17,2,0.054891411947703,0.0,0.0001809715934931
1805,1,197,2,0,1.0,1.0,0.0,2,30.0,0.0,0.0609989504229178,2.0264884863842527e-15,2,0.0679988719609712,1.0,0.0001422106324882
1806,4,176,1,0,1.0,0.0,0.0,1,37.0,0.0,0.0441363043439415,8.850344859017395e-16,1,0.0504029966172969,0.0,0.0001059569510482
1807,3,188,4,0,1.0,0.0,0.0,4,34.0,39712.60557091583,0.0534701476382214,3.8114569936292163e-13,2,0.0651324434213721,0.0,0.000285504552501
1808,36,66,2,0,1.0,0.0,0.0,2,33.0,3.0,0.0544166730923871,3.946860307421643e-15,2,0.0619406582354982,0.0,0.0001768316387317
1809,6,172,2,0,1.0,0.0,0.0,2,32.0,10298.975882427329,0.0556043312847527,9.40828087212851e-10,2,0.0662316248001978,0.0,0.0001740820363336
1810,14,135,1,1,0.5,0.0,0.5,2,30.0,53109.48536479454,0.0649350649350649,3.938639132837681e-12,2,0.0808719566508562,0.0,0.0001445884127516
1811,14,135,2,0,1.0,0.0,0.0,2,31.0,16958.45194420731,0.0609380011348777,9.043907460199123e-11,2,0.075976178695367,0.0,0.0001513003383946
1812,1,197,2,0,1.0,0.0,0.0,2,27.0,4939.0,0.0703934337460991,7.366497219950584e-14,1,0.0791284877920987,0.0,0.0001884202874891
1813,3,188,2,0,1.0,0.0,0.0,2,36.0,2452.2960436486023,0.0474447998002324,1.8327707684811727e-16,2,0.0545742583028294,0.0,0.0001705225183543
1814,14,135,1,1,0.5,0.0,0.5,2,32.0,677.2375253717365,0.0563528096552668,1.3518551668885947e-10,2,0.0707275658749765,0.0,0.000137147004265
1815,36,66,1,1,0.5,0.0,0.5,2,33.0,4987.439285714286,0.0533800138312586,2.9804210623902985e-15,2,0.0606366843119751,0.0,0.0001786009922651
1816,1,197,3,0,1.0,0.0,0.0,3,33.0,19747.0,0.0543903110377098,3.126665347819953e-15,1,0.0616795085664536,0.0,0.0002897596870486
1817,4,176,3,0,1.0,0.3333333333333333,0.0,3,33.0,9737.300000000008,0.0533344849551407,1.9756413980674307e-11,2,0.0647767267185178,0.3333333333333333,0.0001999727920895
1818,14,135,2,0,1.0,0.0,0.0,2,29.0,3845.457142857144,0.0646114809631557,3.4390400547445786e-11,2,0.079635636142088,0.0,0.0001467070998143
1819,1,197,2,0,1.0,0.0,0.0,2,30.0,16149.84771894771,0.0608539259405257,1.3870987492188394e-13,2,0.071330367622026,0.0,0.0001700606440909
1820,3,188,3,0,1.0,0.3333333333333333,0.0,3,35.0,330.2525061016559,0.0497372183403475,2.3139613949874894e-15,2,0.0583521117887345,0.3333333333333333,0.0002081431313378
1821,21,122,2,0,1.0,0.0,0.0,2,29.0,75416.15814866622,0.0625324371194572,2.015274628969019e-13,2,0.0745797718857026,0.0,0.0001531079116729
1822,21,122,2,0,1.0,0.0,0.0,2,30.0,29.333333333333336,0.0587535680304471,3.5148550600611976e-14,2,0.0679006346850251,0.0,0.000157947055065
1823,3,188,2,0,1.0,0.0,0.0,2,35.0,4913.802682980746,0.0500177188275198,2.1225555534615488e-15,2,0.0587045001497026,0.0,0.0001632636248577
1824,14,135,2,0,1.0,0.0,0.0,2,33.0,19744.0,0.0522972686851577,7.087400304551226e-14,1,0.0613059074410202,0.0,0.0001892756761397
1825,6,172,2,0,1.0,0.0,0.0,2,33.0,3501.775000000543,0.0529679190255618,6.209241575899541e-09,2,0.0621572797073973,0.0,0.0001768988952454
1826,1,197,2,0,1.0,0.0,0.0,2,31.0,289.9789377289378,0.0553247247762932,6.740108413197908e-17,2,0.0601196606024673,0.0,0.0001919974257091
1827,21,122,3,0,1.0,0.3333333333333333,0.0,3,29.0,10820.84967775773,0.0595719023213747,7.812315687212738e-13,2,0.0699003572118466,0.3333333333333333,0.0002135579993498
1828,3,188,2,0,1.0,0.0,0.0,2,33.0,4939.0,0.0517142109395446,3.1728848127710616e-15,1,0.060394849932843,0.0,0.0001844096497207
1829,21,122,2,0,1.0,0.0,0.0,2,31.0,1.0,0.0533413957305287,1.460006007655105e-14,2,0.0605009155074808,0.0,0.0001781785846013
1830,3,188,2,0,1.0,0.0,0.0,2,37.0,639.0565279100025,0.0453673006456115,1.593863605632675e-16,2,0.051301913681232,0.0,0.0001843430941934
1831,1,197,3,0,1.0,0.0,0.0,3,31.0,30107.184878767213,0.0597180919223423,7.69108314044993e-14,2,0.0705356807439914,0.0,0.000211728300939
1832,1,197,2,0,1.0,0.0,0.0,2,33.0,295.0923007496464,0.0538748445917944,3.713906753840237e-15,2,0.0627090269094428,0.0,0.0001570778043443
1833,36,66,2,0,1.0,0.0,0.0,2,35.0,74.50000000000001,0.0491517834933585,2.175643542186861e-16,2,0.0550237253031736,0.0,0.0001715285835393
1834,4,176,2,0,1.0,0.0,0.0,2,37.0,736.951494037911,0.0467975862297628,1.6023644436359638e-14,2,0.0544764525624921,0.0,0.0001771817497776
1835,14,135,1,0,1.0,0.0,0.0,1,33.0,0.0,0.0525246940489734,3.180378546769966e-13,1,0.061498347891737,0.0,9.755300467701932e-05
1836,4,176,1,0,1.0,0.0,0.0,1,35.0,0.0,0.0483186290811635,4.7267677638573284e-14,1,0.056407063615575,0.0,0.0001123411110994
1837,6,172,2,0,1.0,0.0,0.0,2,34.0,18.0,0.0467466596010447,1.959049512831156e-14,2,0.0519858401782473,0.0,0.0001962705558293
1838,1,197,3,0,1.0,0.0,0.0,3,32.0,3755.87267352138,0.0564558524376585,1.4153790118385811e-14,2,0.0660311025333144,0.0,0.0002078150031069
1839,36,66,3,0,1.0,0.0,0.0,3,32.0,14811.0,0.0575455763294309,2.5489537227592674e-14,2,0.0670994410040073,0.0,0.0002521545275036
1840,36,66,2,0,1.0,0.0,0.0,2,33.0,4939.0,0.054416073670992,3.5068044459622944e-15,1,0.0619069200438652,0.0,0.0001997753469899
1841,1,197,2,0,1.0,0.0,0.0,2,33.0,1391.181052281052,0.051492125040391,4.149040253198294e-16,2,0.0575047006847597,0.0,0.0001906849663451
1842,28,100,4,0,1.0,0.0,0.0,4,36.0,12841.116035107932,0.0493723514831694,9.805703029669884e-11,2,0.0598307977346623,0.0,0.0002779345311387
1843,21,122,2,0,1.0,0.0,0.0,2,33.0,4939.0,0.0523904466974929,7.2529100317763e-14,1,0.0617524482781307,0.0,0.0001965189960728
1844,14,135,3,0,1.0,0.3333333333333333,0.0,3,32.0,7486.608658437833,0.0556851870639027,5.705905098124052e-12,2,0.0673198358332502,0.3333333333333333,0.0002047857551957
1845,1,197,1,0,1.0,0.0,0.0,1,31.0,0.0,0.0588599752168525,5.7403307821662016e-15,1,0.0660410175080569,0.0,0.0001003121636267
1846,4,176,2,0,1.0,0.0,0.0,2,35.0,4936.083333333334,0.0481406408357371,1.6010578470038836e-13,2,0.0560130065389261,0.0,0.0001655089367184
1847,4,176,3,0,1.0,0.0,0.0,3,36.0,9973.425042272158,0.0461738342041556,6.665666307335363e-15,2,0.0539117362244451,0.0,0.0002668190257719
1848,3,188,2,0,1.0,0.0,0.0,2,36.0,461.3198495767047,0.0477442301001275,4.599034597916804e-16,2,0.0552478471375522,0.0,0.0001721745761201
1849,6,172,2,0,1.0,0.0,0.0,2,33.0,4699.056349206349,0.0564171672643384,1.9880494911380097e-11,2,0.0677429431073155,0.0,0.0001740313816201
1850,3,188,3,0,1.0,0.0,0.0,3,33.0,6098.179589199649,0.0544838919586628,3.311568447554748e-14,2,0.0643805146277166,0.0,0.0001902148054206
1851,1,197,1,0,1.0,0.0,0.0,1,28.0,0.0,0.0657649502103413,9.859270163178968e-15,1,0.0725523494971309,0.0,0.0001104368492624
1852,6,172,2,0,1.0,0.0,0.0,2,32.0,3452.580282477706,0.0537102473498233,2.826325763173277e-11,2,0.0631719606350502,0.0,0.0001550374176256
1853,6,172,2,0,1.0,0.0,0.0,2,32.0,4883.923015873016,0.0597766241938021,1.4589079330088466e-10,2,0.0739571104413165,0.0,0.0001594686629121
1854,1,197,2,0,1.0,0.0,0.0,2,36.0,0.5,0.0455299539170506,3.379221586938035e-17,2,0.0490261767327087,0.0,0.0001832369405332
1855,4,176,3,0,1.0,0.6666666666666666,0.0,3,35.0,2.217857142857143,0.0485074626865671,9.904277880865392e-12,2,0.0580589183242667,0.6666666666666666,0.0001769477807611
1856,4,176,2,0,1.0,1.0,0.0,2,35.0,0.0,0.0485031762707537,8.66576703123968e-12,2,0.0578482956136442,1.0,0.0001261051025644
1857,1,197,2,0,1.0,1.0,0.0,2,33.0,0.0,0.0527276414520381,1.745519776359876e-16,2,0.0584462973561022,1.0,0.0001601786415449
1858,36,66,2,0,1.0,0.0,0.0,2,34.0,37.5,0.0506272034106747,4.786348470292959e-16,2,0.0566651915244808,0.0,0.0001858210564822
1859,6,172,2,0,1.0,0.0,0.0,2,29.0,1533.126632797028,0.0609132048483951,3.516828359676773e-10,2,0.0737344350114176,0.0,0.0001479983401455
1860,21,122,1,0,1.0,0.0,0.0,1,32.0,0.0,0.0537991570739357,1.1716634895640005e-12,1,0.0616129717332823,0.0,9.366570351073524e-05
1861,3,188,2,0,1.0,0.0,0.0,2,32.0,51.0,0.0572130084313907,8.666695974362388e-14,2,0.0674302087145487,0.0,0.0001396387748693
1862,36,66,2,0,1.0,0.0,0.0,2,34.0,424.189122760364,0.0516693163751987,5.853761842714181e-16,2,0.0584675171974325,0.0,0.0001705051484872
1863,6,172,2,0,1.0,0.0,0.0,2,32.0,42.51746031746031,0.0515706068419788,1.995340094419492e-12,2,0.0590252737483939,0.0,0.0001751075355684
1864,6,172,1,1,0.5,0.0,0.5,2,32.0,170762.73383853026,0.0601895850086507,9.08048623461309e-11,2,0.0764082793803397,0.0,0.00014108446664
1865,28,100,1,1,0.5,0.0,0.5,2,35.0,1875.1922176258597,0.0485327202884454,2.944047295270713e-12,2,0.0581391597202975,0.0,0.0001488895869494
1866,6,172,1,0,1.0,0.0,0.0,1,34.0,0.0,0.0537692927269956,1.5247762038269136e-11,1,0.0636422437632607,0.0,9.973299153299296e-05
1867,6,172,1,1,0.5,0.0,0.5,2,35.0,1844.3042994587795,0.0510541546093427,2.2801443129050068e-12,2,0.0596214183403402,0.0,0.0001812721132245
1868,14,135,2,0,1.0,1.0,0.0,2,32.0,0.0,0.0549566687803846,7.240760954330845e-13,2,0.0646596049982746,1.0,0.0001479866634127
1869,1,197,2,1,0.6666666666666666,0.0,0.4444444444444444,3,33.0,19297.515773509054,0.0550951897661242,5.90434471179583e-14,2,0.0665268694346346,0.0,0.000226485737477
1870,1,197,2,0,1.0,0.0,0.0,2,32.0,1294.346240601591,0.0550921175893295,8.992837957564719e-16,2,0.0626731014096484,0.0,0.0001683764490862
1871,3,188,3,0,1.0,0.0,0.0,3,35.0,414.7389416139415,0.0497753058057755,4.552104249782238e-15,2,0.0584508007740631,0.0,0.0002193868413289
1872,3,188,2,0,1.0,0.0,0.0,2,34.0,2310.1906919410617,0.0522044215242845,1.5948976504658314e-14,2,0.0614568430348602,0.0,0.0001494833253043
1873,3,188,2,0,1.0,0.0,0.0,2,34.0,2267.083152258521,0.0521779542861971,1.5677319907561988e-14,2,0.0612235675384267,0.0,0.0001527719935584
1874,14,135,2,0,1.0,0.0,0.0,2,32.0,10920.026405130864,0.0556281248592405,4.827940601326851e-12,2,0.0669996903916472,0.0,0.0001600466949285
1875,6,172,1,0,1.0,0.0,0.0,1,36.0,0.0,0.0485522772394,2.8240319607545013e-13,1,0.0552710977807596,0.0,0.0001217818071874
1876,21,122,2,0,1.0,0.0,0.0,2,33.0,828.7116161616162,0.0510615425960763,3.151642183843749e-13,2,0.0576920757800313,0.0,0.0001782068621097
1877,3,188,2,0,1.0,0.0,0.0,2,30.0,25924.71844562258,0.0637748515362768,1.3481316342885492e-12,2,0.0776552949725795,0.0,0.000138400950495
1878,36,66,2,0,1.0,0.0,0.0,2,33.0,5185.183730158728,0.0534215762609222,3.650611951778848e-15,2,0.0614462352591763,0.0,0.0001655755668234
1879,3,188,2,0,1.0,0.0,0.0,2,34.0,9996.504653240328,0.0520772936674432,1.5356975141617303e-14,2,0.060255725756816,0.0,0.0001636751389888
1880,21,122,1,0,1.0,0.0,0.0,1,31.0,0.0,0.0555936933793988,6.150206140489712e-15,1,0.0632358891310103,0.0,0.0001120204162171
1881,21,122,2,0,1.0,0.0,0.0,2,30.0,6668.86665140904,0.0585891171307936,2.7781533607293052e-14,2,0.0673899615115159,0.0,0.0001709648934302
1882,4,176,2,0,1.0,0.0,0.0,2,34.0,26934.118553410877,0.0507974375057841,3.399357473140465e-13,2,0.0611838442171658,0.0,0.000167188731553
1883,4,176,3,0,1.0,0.0,0.0,3,34.0,9869.083333333332,0.0505681236564643,1.1744214870495258e-12,2,0.0601531019988688,0.0,0.0002104164646961
1884,14,135,1,0,1.0,0.0,0.0,1,33.0,0.0,0.052627093365151,5.517522211998625e-13,1,0.0617699394422048,0.0,9.324462340423136e-05
1885,21,122,3,0,1.0,0.0,0.0,3,29.0,2610.9689554367737,0.0591786860894149,1.1834197016418057e-13,2,0.0690230782638258,0.0,0.0002173984613336
1886,3,188,1,0,1.0,0.0,0.0,1,33.0,0.0,0.0548437951018051,5.4142994526102603e-14,1,0.064734163433933,0.0,8.913493102937484e-05
1887,4,176,2,0,1.0,0.0,0.0,2,33.0,4913.902443706806,0.0531703064288712,4.043264710292977e-12,2,0.0640660511965465,0.0,0.0001459480019248
1888,1,197,1,0,1.0,0.0,0.0,1,32.0,0.0,0.0520992628059777,2.222548016721481e-17,1,0.0555207694449713,0.0,0.0001250518235126
1889,1,197,2,0,1.0,0.0,0.0,2,35.0,2469.0000000000005,0.0477004335525235,1.9390889318376494e-17,2,0.0517876588222661,0.0,0.0001798573099454
1890,36,66,2,0,1.0,0.0,0.0,2,32.0,4935.0,0.0575428950832275,2.5002554839848e-14,2,0.0669138809500262,0.0,0.0001671261874312
1891,21,122,2,0,1.0,0.0,0.0,2,31.0,2163.816324754747,0.0539578167837209,2.0006625293970692e-14,2,0.0630655863489271,0.0,0.0001604981034234
1892,21,122,2,0,1.0,0.0,0.0,2,31.0,1355.2409586990268,0.053439491134886,1.5432281064714368e-14,2,0.060850549265146,0.0,0.0001713853147443
1893,14,135,3,0,1.0,0.0,0.0,3,30.0,11750.72480689394,0.0607140662446998,4.962631641076781e-12,2,0.0727812730364769,0.0,0.0002131007709275
1894,4,176,2,0,1.0,0.0,0.0,2,38.0,9876.0,0.0447038595538663,2.1615728962874912e-15,1,0.0512520255276376,0.0,0.0001964869570301
1895,4,176,3,0,1.0,0.0,0.0,3,37.0,14812.0,0.0467935966657194,1.5764569084898386e-14,2,0.054630516334977,0.0,0.0002583452806324
1896,1,197,2,0,1.0,0.0,0.0,2,35.0,15.5,0.0477128728171843,3.879839295176216e-17,2,0.0519565834648748,0.0,0.0001785239225017
1897,4,176,5,0,1.0,0.1,0.0,5,36.0,12448.825793650798,0.0491073203705912,1.4433807730851106e-13,2,0.0590621104148993,0.1,0.0003799497814574
1898,3,188,2,0,1.0,1.0,0.0,2,34.0,0.0,0.0508570546147114,5.103900897647126e-16,2,0.0571298540051935,1.0,0.0001698286151074
1899,36,66,3,0,1.0,0.0,0.0,3,34.0,1379.503692893667,0.0506682256889955,5.215899940841772e-16,2,0.0572542642264077,0.0,0.0002447356802291
1900,6,172,2,0,1.0,0.0,0.0,2,35.0,1927.551786775324,0.0478274339710324,2.3116736588218066e-12,2,0.0544266802781941,0.0,0.0001868388524892
1901,6,172,2,0,1.0,0.0,0.0,2,34.0,6479.452240576274,0.050203762233356,1.6965428285978395e-11,2,0.0578872326327879,0.0,0.0001786464224989
1902,14,135,2,0,1.0,0.0,0.0,2,33.0,10794.310997697254,0.0535727841580722,6.75188295448723e-14,2,0.062545764508756,0.0,0.0001726947728766
1903,14,135,2,0,1.0,0.0,0.0,2,32.0,1951.1044982797,0.0550859742634759,4.275611189593464e-13,2,0.0650671961700359,0.0,0.0001692111524479
1904,4,176,2,0,1.0,0.0,0.0,2,35.0,4948.0,0.0481481481481481,9.703549364364997e-14,2,0.0560680319228989,0.0,0.0001772780767227
1905,14,135,2,0,1.0,0.0,0.0,2,31.0,943.3545372111448,0.0585766120425925,1.6525899105021123e-11,2,0.0716759918431834,0.0,0.0001508657045378
1906,14,135,2,0,1.0,0.0,0.0,2,33.0,4939.0,0.0522220812719353,6.788688335240753e-14,1,0.0606854718711916,0.0,0.0002105658532875
1907,36,66,2,0,1.0,0.0,0.0,2,32.0,9820.560714285712,0.0562873159837746,2.11055296698796e-14,2,0.0649406718181218,0.0,0.0001675885148955
1908,4,176,2,0,1.0,0.0,0.0,2,35.0,21.616666666666717,0.0483768300445576,1.009401021716759e-12,2,0.0574246472859444,0.0,0.000149794921604
1909,4,176,2,0,1.0,0.0,0.0,2,36.0,2957.6079072685006,0.0461604589882075,1.0783583699700824e-14,2,0.0538625779490722,0.0,0.0001677904235247
1910,1,197,2,0,1.0,0.0,0.0,2,34.0,3220.827343323114,0.0507176444015523,4.695294805849221e-16,2,0.0570086424545924,0.0,0.0001787422891912
1911,6,172,1,0,1.0,0.0,0.0,1,35.0,0.0,0.047659475938718,2.411163470356752e-12,1,0.0535365811333228,0.0,0.0001229012562877
1912,1,197,2,0,1.0,0.0,0.0,2,32.0,10030.58552215876,0.0575361930607158,2.2901079890172182e-14,2,0.0666951450076061,0.0,0.0001563884581183
1913,7,171,2,0,1.0,0.0,0.0,2,30.0,5177.012780150709,0.0547550432276657,1.0707699664642743e-16,2,0.0601233383904891,0.0,0.0001930073172827
1914,14,135,2,0,1.0,0.0,0.0,2,32.0,24675.0,0.0551776519340102,5.204318773085005e-13,1,0.0663702824225153,0.0,0.000171228760988
1915,36,66,2,0,1.0,0.0,0.0,2,33.0,4570.377543906215,0.0533650210651398,3.65120005443916e-15,2,0.0611482971424123,0.0,0.0001643330075185
1916,21,122,1,0,1.0,0.0,0.0,1,32.0,0.0,0.0534088697645252,2.641026814660008e-15,1,0.0611166192863863,0.0,0.0001117570514793
1917,14,135,3,0,1.0,0.3333333333333333,0.0,3,31.0,1293.325000000081,0.0574418604651162,1.3090982820390961e-12,2,0.067938105591148,0.3333333333333333,0.0002113710756825
1918,3,188,2,0,1.0,1.0,0.0,2,34.0,0.0,0.0513481487641103,1.8993914597796546e-15,2,0.0582162656940265,1.0,0.0001579069981161
1919,4,176,2,0,1.0,0.0,0.0,2,35.0,328.92753095169417,0.0515334863342374,2.1031868327451322e-12,2,0.062153448567665,0.0,0.0001491467621541
1920,14,135,2,0,1.0,0.0,0.0,2,31.0,2549.2808704711188,0.0589280814972981,5.127064014753677e-11,2,0.0732940832438436,0.0,0.0001422248344944
1921,1,197,3,0,1.0,0.0,0.0,3,33.0,27130.6,0.0527253903706787,1.9814334312123799e-16,2,0.0585644613558452,0.0,0.0002454757784014
1922,3,188,3,0,1.0,0.0,0.0,3,33.0,881.9237860229798,0.054638764765739,4.13360176742978e-14,2,0.06521272872425,0.0,0.0001838625315641
1923,21,122,1,1,0.5,0.0,0.5,2,30.0,71432.13950032822,0.0593414777709707,4.7745832362925965e-14,2,0.0708687467573871,0.0,0.0001506034682792
1924,21,122,2,0,1.0,0.0,0.0,2,28.0,3880.7029589691288,0.0615583994816134,4.322703876119121e-14,2,0.0712393417318322,0.0,0.0001554252932152
1925,14,135,1,0,1.0,0.0,0.0,1,34.0,0.0,0.0500851650579933,7.930710167991099e-14,1,0.0580754959329145,0.0,9.906213471366214e-05
1926,14,135,2,0,1.0,0.0,0.0,2,34.0,6315.473311640438,0.0502369475461183,1.2215318878665689e-13,2,0.0588305560470482,0.0,0.0001727821470252
1927,3,188,2,0,1.0,0.0,0.0,2,35.0,40.24660894660892,0.0490799984103644,1.293308357846522e-15,2,0.0560291566425509,0.0,0.000151446077852
1928,4,176,4,0,1.0,0.16666666666666666,0.0,4,36.0,8255.088252056912,0.0490946313927371,1.4035824711947952e-13,2,0.0586880984619403,0.1666666666666666,0.0002716486930196
1929,4,176,3,0,1.0,0.0,0.0,3,35.0,16800.96343492878,0.0516191053385022,7.573269821661181e-13,2,0.0629958407817815,0.0,0.0002241591488286
1930,1,197,5,1,0.8333333333333334,0.0,0.2777777777777777,6,32.0,28016.389633810064,0.056843679880329,2.4760719094672838e-14,2,0.0677506434159308,0.0,0.0004165014910974
1931,1,197,1,0,1.0,0.0,0.0,1,33.0,0.0,0.0537897842964317,2.804144698162493e-15,1,0.0616356432177587,0.0,0.0001070907859587
1932,6,172,2,0,1.0,0.0,0.0,2,33.0,4958.0,0.0490390724269377,1.3580865879896462e-13,2,0.0552305920540564,0.0,0.0001903813098005
1933,6,172,5,0,1.0,0.0,0.0,5,31.0,35469.02156894679,0.0543597869624543,7.311919762913553e-12,2,0.0635797465751622,0.0,0.0004151138047257
1934,6,172,2,0,1.0,0.0,0.0,2,30.0,40290.42077529604,0.0574645790196124,4.9746125593641626e-11,2,0.0682251397509915,0.0,0.0001657988087952
1935,6,172,2,0,1.0,0.0,0.0,2,32.0,8366.255695931664,0.0515652237450548,1.0009216331267994e-12,2,0.0589851895635728,0.0,0.0001807061188429
1936,4,176,2,0,1.0,0.0,0.0,2,39.0,4939.0,0.0427920514197605,3.411038817363673e-16,1,0.0483525261257056,0.0,0.0002186609422072
1937,4,176,1,0,1.0,0.0,0.0,1,40.0,0.0,0.0410363761723195,5.549976301263005e-17,1,0.0457083346794198,0.0,0.0001232891275175
1938,4,176,2,0,1.0,0.0,0.0,2,36.0,1327.6119408903237,0.0491029272898961,1.1776899046656953e-13,2,0.0585128059182268,0.0,0.0001577281456114
1939,14,135,1,0,1.0,0.0,0.0,1,36.0,0.0,0.0457250756685209,3.734030697761861e-15,1,0.0518924104536344,0.0,0.0001065184665372
1940,14,135,3,0,1.0,0.0,0.0,3,35.0,5023.569531155117,0.0479155754718811,2.797854904691792e-14,2,0.0555279682378223,0.0,0.0002688008451448
1941,14,135,1,0,1.0,0.0,0.0,1,34.0,0.0,0.0496307831416084,9.08448144166878e-15,1,0.0564965623130151,0.0,0.0001198487147267
1942,3,188,2,0,1.0,0.0,0.0,2,36.0,5972.58529775131,0.0478218780251694,6.569102828211312e-15,2,0.0546681183040408,0.0,0.0001808163588365
1943,14,135,2,0,1.0,0.0,0.0,2,32.0,96.09148629148632,0.0549572801708793,6.493705579131684e-13,2,0.0646933431899075,0.0,0.0001545828503155
1944,6,172,2,0,1.0,0.0,0.0,2,32.0,9888.0,0.0515625326179988,9.952487318070937e-13,2,0.0589635007260945,0.0,0.0001818396305479
1945,3,188,5,0,1.0,0.0,0.0,5,32.0,27481.059134144278,0.057439188874936,9.048960629792514e-14,2,0.0693226338517933,0.0,0.0002986510204951
1946,36,66,2,0,1.0,0.0,0.0,2,34.0,62.79285714285715,0.0506697848072701,5.79772170956806e-16,2,0.0571572514775731,0.0,0.0001700168637586
1947,1,197,1,0,1.0,0.0,0.0,1,36.0,0.0,0.0461268394711287,2.540185169435061e-17,1,0.0504227533320532,0.0,0.0001209027357634
1948,3,188,2,0,1.0,0.0,0.0,2,31.0,4914.500000000001,0.059896212231437,1.4296260777617137e-13,2,0.0705457099932742,0.0,0.000167557947014
1949,6,172,2,0,1.0,0.0,0.0,2,32.0,9548.830678922595,0.057378477263488,6.041278092873204e-11,2,0.0692230229957214,0.0,0.0001533344605673
1950,4,176,4,0,1.0,0.16666666666666666,0.0,4,35.0,22239.392460317467,0.0516239602056598,8.780130215564164e-13,2,0.0632784383012212,0.1666666666666666,0.0002760426238123
1951,4,176,4,0,1.0,0.5,0.0,4,35.0,1.5,0.0485041287421328,1.1000879674345707e-11,2,0.0580507247634416,0.5,0.0002309032414451
1952,4,176,2,0,1.0,0.0,0.0,2,34.0,4939.0,0.050771333723882,3.536020042664936e-13,1,0.0608336096564046,0.0,0.0001929009035762
1953,28,100,7,0,1.0,0.047619047619047616,0.0,7,34.0,56326.827970733706,0.0522850913401494,1.0709561927779489e-10,2,0.064533539952577,0.0476190476190476,0.0004287685661085
1954,4,176,4,0,1.0,0.0,0.0,4,33.0,14885.985470085468,0.0532551395521824,7.076005378210425e-12,2,0.0651066101090689,0.0,0.0002500634312938
1955,3,188,2,0,1.0,0.0,0.0,2,32.0,4939.0,0.0565262664057762,1.9863092381273984e-14,1,0.0651494504680784,0.0,0.0001980564790558
1956,6,172,2,0,1.0,0.0,0.0,2,33.0,1579.8333333335618,0.0526798472924264,2.454630198471751e-10,2,0.0613829599484344,0.0,0.0001799260360306
1957,36,66,1,0,1.0,0.0,0.0,1,32.0,0.0,0.0575408843125378,2.447064855158045e-14,1,0.0667451899918616,0.0,9.20965585719214e-05
1958,36,66,2,0,1.0,0.0,0.0,2,34.0,567.7836005080084,0.051662291755995,5.503350405139788e-16,2,0.0585236548294811,0.0,0.0001645528159406
1959,6,172,2,0,1.0,0.0,0.0,2,31.0,4251.002820652217,0.0585752229178524,3.75764315914479e-10,2,0.0713540015508773,0.0,0.0001582209792171
1960,36,66,2,0,1.0,0.0,0.0,2,35.0,9.25,0.0491424933349249,1.4666715411267838e-16,2,0.0549399567325629,0.0,0.0001710629383267
1961,3,188,3,0,1.0,0.0,0.0,3,35.0,4583.143321240596,0.0498994939342821,1.575029502073241e-15,2,0.0584723908780899,0.0,0.0002376290857205
1962,3,188,4,0,1.0,0.0,0.0,4,33.0,42833.01082051845,0.0551825828576535,6.026739078308593e-14,2,0.0670353743191813,0.0,0.0002826505694578
1963,3,188,2,0,1.0,0.0,0.0,2,32.0,6623.752001134253,0.0545928741932632,2.8826465007582046e-14,2,0.0658393895081912,0.0,0.0001455958518278
1964,3,188,3,0,1.0,0.0,0.0,3,34.0,22604.159808825683,0.0523493631180721,8.498564402948825e-15,2,0.0622321364152385,0.0,0.0002279780221169
1965,21,122,3,0,1.0,0.0,0.0,3,30.0,9875.0,0.0563450966078883,9.600864075112049e-14,2,0.0652671099692346,0.0,0.0002569104328741
1966,21,122,1,0,1.0,0.0,0.0,1,31.0,0.0,0.0533402438102642,1.2826599169551336e-14,1,0.060365962740949,0.0,0.0001031495163938
1967,14,135,1,0,1.0,0.0,0.0,1,35.0,0.0,0.0473692790088889,2.671552581636509e-15,1,0.0536985050136758,0.0,0.0001113501395664
1968,14,135,2,0,1.0,0.0,0.0,2,35.0,1465.0289258924863,0.0473838185218934,2.739330181445195e-15,2,0.0540766940760756,0.0,0.00017994756931
1969,3,188,3,0,1.0,0.0,0.0,3,34.0,19849.650406235454,0.0492149517813023,8.633722110507268e-16,2,0.0569775174539387,0.0,0.0002461633937512
1970,3,188,2,0,1.0,0.0,0.0,2,35.0,9876.0,0.0469086800049377,1.3518524300898166e-16,1,0.0532740177000203,0.0,0.0001916745854368
1971,20,122,2,0,1.0,0.0,0.0,2,34.0,4939.0,0.0483578875238608,2.2196319257837208e-14,1,0.0538845308512251,0.0,0.0002021224404562
1972,1,197,2,0,1.0,0.0,0.0,2,34.0,3709.211439948954,0.0515792221352127,3.2202182906540584e-15,2,0.0596351379503326,0.0,0.0001580413298967
1973,6,172,2,0,1.0,0.0,0.0,2,33.0,4939.0,0.0524416135881104,8.199542889268239e-12,1,0.0607286730604181,0.0,0.0002114576425665
1974,21,122,1,0,1.0,0.0,0.0,1,33.0,0.0,0.0545603145501535,5.4178028633401946e-14,1,0.0625444818849883,0.0,0.0001047564678285
1975,14,135,2,0,1.0,0.0,0.0,2,32.0,1437.276587301589,0.0550902744477032,4.2626608228747323e-13,2,0.065101978639029,0.0,0.0001681329515962
1976,1,197,2,0,1.0,0.0,0.0,2,35.0,2469.0,0.0495521250238231,1.7498041053703115e-16,2,0.0559905692996861,0.0,0.0001676325129423
1977,3,188,3,0,1.0,0.0,0.0,3,34.0,7235.776403449992,0.0514776374473761,2.9999710691708783e-15,2,0.0593476930273775,0.0,0.0002192223416728
1978,1,197,3,0,1.0,0.0,0.0,3,33.0,8117.827343322594,0.0534013642210859,3.355289128502751e-15,2,0.0608888225246397,0.0,0.0002491369015506
1979,1,197,2,0,1.0,0.0,0.0,2,32.0,12952.694009989384,0.0563856136786476,2.102884969227894e-14,2,0.0651454398941092,0.0,0.0001636769066402
1980,14,135,1,1,0.5,0.0,0.5,2,33.0,12003.325367290792,0.0507489059193359,4.0044422232145143e-16,2,0.0577632637036081,0.0,0.0001788932501069
1981,21,122,1,0,1.0,0.0,0.0,1,34.0,0.0,0.0497828299624109,9.707265628836366e-15,1,0.0572852729871145,0.0,0.0001138788004105
1982,3,188,2,0,1.0,0.0,0.0,2,34.0,6200.338364289331,0.0520235475004475,7.545520256014591e-15,2,0.0604098251860734,0.0,0.0001723198368374
1983,14,135,2,0,1.0,0.0,0.0,2,35.0,436.4624756760162,0.0469394348264001,4.0095438251149374e-16,2,0.0530915911164531,0.0,0.0001795756187187
1984,3,188,1,0,1.0,0.0,0.0,1,33.0,0.0,0.0535269259941488,3.097407560670356e-15,1,0.0606939378268971,0.0,9.942769053386371e-05
1985,36,66,3,0,1.0,0.0,0.0,3,35.0,17283.249999999996,0.0491278318117628,1.1539979944352835e-16,2,0.0550253537916442,0.0,0.0002656727666242
1986,3,188,2,0,1.0,0.0,0.0,2,35.0,1421.9402984662424,0.0495138819284354,1.0731849633471959e-15,2,0.0569172446924014,0.0,0.0001716564553921
1987,21,122,1,1,0.5,0.0,0.5,2,30.0,7796.170719952943,0.0612227193297723,1.641751108663303e-13,2,0.073032597214825,0.0,0.0001534657465133
1988,1,197,1,0,1.0,0.0,0.0,1,33.0,0.0,0.0537423846823324,5.358361349066569e-15,1,0.0616189047059602,0.0,9.966265250690605e-05
1989,6,172,1,0,1.0,0.0,0.0,1,34.0,0.0,0.0537692927269956,1.5247758242245397e-11,1,0.0636422437632607,0.0,9.973299153299296e-05
1990,14,135,2,0,1.0,0.0,0.0,2,33.0,62.01103896103895,0.0522253938048419,1.3292771427775133e-13,2,0.0606019757451853,0.0,0.0001705137433494
1991,20,122,1,0,1.0,0.0,0.0,1,35.0,0.0,0.0461277008982762,2.9776697405686312e-15,1,0.0506503117830323,0.0,0.0001162602642734
1992,6,172,2,0,1.0,0.0,0.0,2,30.0,804.9126984126984,0.0598193310890993,9.864921176108355e-11,2,0.0706696458003356,0.0,0.0001481989551542
1993,3,188,4,0,1.0,0.0,0.0,4,33.0,27951.818855032856,0.0549224526099282,1.1284656728356509e-13,2,0.0649983211402683,0.0,0.0002829299158655
1994,3,188,3,0,1.0,0.0,0.0,3,32.0,32354.368514746617,0.0580275337123525,4.018989208062265e-13,2,0.0696733936564569,0.0,0.0002030404161807
1995,3,188,3,0,1.0,0.0,0.0,3,32.0,21140.854089354143,0.0580752862617855,4.1152762450912506e-13,2,0.0701457283393177,0.0,0.0001966848530019
1996,6,172,2,0,1.0,0.0,0.0,2,32.0,9852.000000000002,0.0515431647920535,9.203242424769736e-13,2,0.0586038676690928,0.0,0.0001927610981655
1997,6,172,2,0,1.0,0.0,0.0,2,33.0,9456.024117572671,0.052457205963556,7.286361054260057e-12,2,0.06090130014094,0.0,0.0001869177338966
1998,3,188,1,0,1.0,0.0,0.0,1,37.0,0.0,0.0428867840989,1.8622200651105012e-17,1,0.0473197472548425,0.0,0.0001219282905406
1999,14,135,6,0,1.0,0.06666666666666667,0.0,6,31.0,18969.433251715025,0.0581504849797532,4.109590643308707e-12,2,0.0706664664773904,0.0666666666666666,0.000407576222752
2000,4,176,3,0,1.0,0.3333333333333333,0.0,3,35.0,153.82261904761907,0.0485117498600622,9.267794911811932e-12,2,0.0582107401866148,0.3333333333333333,0.000179444746576
2001,3,188,3,0,1.0,0.0,0.0,3,34.0,6476.081569017896,0.0517033858391333,2.8442791190439762e-15,2,0.0603490909815046,0.0,0.0002051703489124
2002,4,176,2,0,1.0,0.0,0.0,2,37.0,4221.64850596212,0.0470745187726319,1.0597896925889709e-13,2,0.0552539984504801,0.0,0.0001661986162963
2003,4,176,3,0,1.0,0.0,0.0,3,37.0,34.88333333333334,0.0468091154593262,3.819142827909842e-14,2,0.0548655444647421,0.0,0.0002100934296677
2004,6,172,2,0,1.0,0.0,0.0,2,33.0,1067.5110970728574,0.0527214514407684,1.2824248260091087e-10,2,0.0615966205568321,0.0,0.0001754365881207
2005,6,172,1,0,1.0,0.0,0.0,1,33.0,0.0,0.0524405002016942,8.053078723615007e-12,1,0.0605937202938863,0.0,0.0001092640761718
2006,3,188,1,0,1.0,0.0,0.0,1,34.0,0.0,0.0491718426501035,4.379219993476738e-16,1,0.0561164655503773,0.0,0.0001087323282108
2007,4,176,2,0,1.0,0.0,0.0,2,34.0,9876.0,0.0506043843474697,2.9260966852301505e-12,1,0.0608149361128645,0.0,0.0001587968194596
2008,4,176,1,0,1.0,0.0,0.0,1,35.0,0.0,0.0481443941992827,9.486862055691487e-14,1,0.055838612219795,0.0,0.0001002535752998
2009,6,172,1,0,1.0,0.0,0.0,1,34.0,0.0,0.0498290279304814,1.0957621881863889e-12,1,0.0565539451667303,0.0,0.0001202277251702
2010,6,172,3,0,1.0,0.0,0.0,3,32.0,14813.0,0.0553420790249039,6.026163104090506e-11,1,0.065658964604374,0.0,0.0002784912320905
2011,3,188,2,0,1.0,0.0,0.0,2,37.0,225.2365800865801,0.0453668840113876,5.96227119381168e-17,2,0.051900983805273,0.0,0.0001693994889684
2012,4,176,3,0,1.0,0.6666666666666666,0.0,3,35.0,2.217857142857143,0.0485074626865671,9.90427247092872e-12,2,0.0580589183242667,0.6666666666666666,0.0001769477807609
2013,1,197,1,0,1.0,0.0,0.0,1,36.0,0.0,0.0467643606346321,2.594515272090445e-17,1,0.0509221113452949,0.0,0.0001267984267153
2014,1,197,2,0,1.0,0.0,0.0,2,33.0,3074.2589126559865,0.0538548752834467,3.0937445451036414e-15,2,0.0626504521829725,0.0,0.0001574316357323
2015,6,172,2,0,1.0,0.0,0.0,2,32.0,5622.997179348222,0.0597599922578147,1.4479364916285158e-10,2,0.0737385351569517,0.0,0.000161040334269
2016,14,135,2,0,1.0,0.0,0.0,2,31.0,1984.0720335221436,0.058223819906889,3.446920330701264e-12,2,0.0706791831803905,0.0,0.000151694153993
2017,6,172,3,0,1.0,0.0,0.0,3,31.0,7586.675152661154,0.0585981519044399,3.9210381270633436e-10,2,0.0716810210226336,0.0,0.0002298493109165
2018,6,172,1,0,1.0,0.0,0.0,1,32.0,0.0,0.0553551018578696,5.239892569082099e-11,1,0.0654282500872222,0.0,9.54821985058949e-05
2019,21,122,4,0,1.0,0.0,0.0,4,29.0,31074.999812718776,0.0597051003142373,6.906397283311737e-13,2,0.0709734884216172,0.0,0.0002957791319951
2020,21,122,5,0,1.0,0.2,0.0,5,28.0,62299.49720327219,0.0633382055029874,4.878667885188096e-12,2,0.07665641030106,0.2,0.0003271635476652
2021,20,122,2,0,1.0,0.0,0.0,2,31.0,13778.610215866389,0.0546671830907984,9.538059373538679e-12,2,0.064298204279624,0.0,0.0001492465614012
2022,21,122,1,0,1.0,0.0,0.0,1,29.0,0.0,0.0596531903588851,6.191376659028621e-13,1,0.0695668192922765,0.0,9.811419380285856e-05
2023,36,66,2,0,1.0,0.0,0.0,2,34.0,81.93928571428569,0.0506921427178787,4.896665203582177e-16,2,0.0568258377424354,0.0,0.0001852375977972
2024,36,66,1,0,1.0,0.0,0.0,1,37.0,0.0,0.0447330055327664,0.0,1,0.0487590948988816,0.0,0.0001072749660925
2025,36,66,3,0,1.0,0.3333333333333333,0.0,3,36.0,4939.0,0.0468273077141827,2.361601337241476e-17,2,0.0518121839357724,0.3333333333333333,0.0002714708435754
2026,14,135,2,0,1.0,0.0,0.0,2,32.0,3054.549397824791,0.054961560285266,5.669062731137715e-13,2,0.0647656393148352,0.0,0.0001605665328929
2027,14,135,2,0,1.0,0.0,0.0,2,34.0,3642.096219515312,0.050088212033338,8.303746980697937e-14,2,0.058311663274345,0.0,0.0001752223741713
2028,1,197,2,0,1.0,0.0,0.0,2,28.0,29312.021062271047,0.0657929785307122,1.0218539285348971e-14,2,0.0730576994103756,0.0,0.0001809359364525
2029,3,188,2,0,1.0,0.0,0.0,2,34.0,8931.911301770117,0.0523216403999322,8.245929923780723e-15,2,0.0618439281322933,0.0,0.0001577497140434
2030,14,135,2,0,1.0,0.0,0.0,2,31.0,1285.3250000000762,0.0572461584814703,7.499797250107203e-13,2,0.0668418974807695,0.0,0.0001564344902265
2031,1,197,3,1,0.75,0.0,0.375,4,32.0,24685.43928571429,0.0563849700954207,2.1874807651196834e-14,2,0.06544579012867,0.0,0.0003271378170439
2032,36,66,3,0,1.0,0.0,0.0,3,33.0,10617.834697401668,0.0533114619643223,2.98565663807464e-15,2,0.060674915373484,0.0,0.0002449570629383
2033,36,66,2,0,1.0,0.0,0.0,2,34.0,11.583333333333332,0.050638101583722,4.84813317121314e-16,2,0.0568680838301059,0.0,0.0001720198953428
2034,21,122,2,0,1.0,0.0,0.0,2,31.0,2.0,0.0533419717093186,1.4792565052111096e-14,2,0.0605346536991138,0.0,0.0001788754148494
2035,4,176,2,0,1.0,0.0,0.0,2,37.0,3388.125365881784,0.0470861848752311,1.0818908779690597e-13,2,0.0554076678804654,0.0,0.0001583472782229
2036,28,100,1,0,1.0,0.0,0.0,1,38.0,0.0,0.0448723771459714,3.4448202585255716e-11,1,0.0524483625448086,0.0,8.847704850365533e-05
2037,6,172,2,0,1.0,0.0,0.0,2,34.0,9876.0,0.0537716338304125,1.553016594160456e-11,1,0.0638278038172418,0.0,0.0001911565716409
2038,36,66,4,0,1.0,0.0,0.0,4,33.0,41102.06324095013,0.0544640691495226,3.766828490997851e-15,2,0.0629944144208339,0.0,0.0003051897072762
2039,36,66,3,0,1.0,0.0,0.0,3,33.0,10646.811578854476,0.0544592657920846,3.696548591745179e-15,2,0.0627649947177299,0.0,0.0002356395281307
2040,36,66,2,0,1.0,0.0,0.0,2,34.0,444.6891227603644,0.0516720186605022,5.85114919104499e-16,2,0.0585181244848819,0.0,0.000168797966195
2041,36,66,2,0,1.0,0.0,0.0,2,32.0,15503.16803073479,0.0562898814949863,2.110115709936812e-14,2,0.0650148958397142,0.0,0.0001602561657223
2042,21,122,1,1,0.5,0.0,0.5,2,34.0,19229.55004697317,0.0499544948933158,5.840353386114005e-14,2,0.0578871409178151,0.0,0.0001826521167194
2043,3,188,2,0,1.0,1.0,0.0,2,35.0,0.0,0.0496153305345198,1.6776816675819504e-15,2,0.0574505827291624,1.0,0.0001476110869002
2044,6,172,2,0,1.0,0.0,0.0,2,35.0,4938.999999999999,0.0510388577214352,2.245406068075282e-12,1,0.0594446287556558,0.0,0.0001998499970887
2045,6,172,1,0,1.0,0.0,0.0,1,36.0,0.0,0.0485608681975463,3.000764697228376e-13,1,0.055401873437851,0.0,0.0001152944758422
2046,21,122,3,0,1.0,0.6666666666666666,0.0,3,29.0,78.68761238761249,0.0596279889434741,8.609490917132566e-13,2,0.0701171832333285,0.6666666666666666,0.0002047316744504
2047,21,122,3,0,1.0,0.3333333333333333,0.0,3,29.0,2635.983205076019,0.0597144825752172,7.828058298189289e-13,2,0.070514767542856,0.3333333333333333,0.0002055795686547
2048,1,197,1,0,1.0,0.0,0.0,1,32.0,0.0,0.0514277980782243,2.1819940709507385e-17,1,0.0552146892333795,0.0,0.0001255111330261
2049,6,172,2,0,1.0,0.0,0.0,2,33.0,4930.000000000001,0.0490254455956492,1.256324499535955e-13,2,0.0550342679103639,0.0,0.0001956966800273
2050,6,172,2,0,1.0,0.0,0.0,2,33.0,344.003914141414,0.0528037283280244,1.3563102014737116e-11,2,0.0623907450728574,0.0,0.0001553412402215
2051,3,188,2,0,1.0,0.0,0.0,2,35.0,1197.0425113494164,0.0490273918221516,4.245167978224045e-16,2,0.0559423867534472,0.0,0.0001555932346239
2052,36,66,2,0,1.0,0.0,0.0,2,34.0,884.0579365079362,0.0510948150140148,4.933560108704987e-16,2,0.0584614616886111,0.0,0.0001761418102473
2053,1,197,2,0,1.0,0.0,0.0,2,31.0,3594.4243506493503,0.0580091358517596,4.002748400587056e-15,2,0.0663727425592973,0.0,0.0001569926674799
2054,3,188,3,0,1.0,0.0,0.0,3,33.0,131.92976190476188,0.0544778835231972,2.4274945663726834e-14,2,0.0644128091438168,0.0,0.0001857740234166
2055,28,100,2,0,1.0,0.0,0.0,2,37.0,5.999999999999999,0.0468450698882925,9.728819145202664e-13,2,0.0551893939875164,0.0,0.0001556260177066
2056,28,100,2,0,1.0,0.0,0.0,2,35.0,7454.703028312361,0.0496936897061634,1.4633463532676883e-11,2,0.0593142920661249,0.0,0.0001416767988436
2057,1,197,2,0,1.0,0.0,0.0,2,28.0,4939.0,0.0657815891447061,1.0246710137245132e-14,1,0.0728620178989046,0.0,0.0002020693814204
2058,1,197,1,0,1.0,0.0,0.0,1,35.0,0.0,0.0496442497085661,1.095781371028268e-15,1,0.0570531037792011,0.0,0.0001023903635212
2059,1,197,1,0,1.0,0.0,0.0,1,29.0,0.0,0.0617222249987505,1.382240109344429e-15,1,0.0673243206409307,0.0,0.0001162377141832
2060,1,197,3,0,1.0,0.0,0.0,3,27.0,44096.02106227106,0.0704104903078677,7.50800422933155e-14,2,0.0794706894500897,0.0,0.000257326225712
2061,28,100,2,0,1.0,0.0,0.0,2,37.0,224.1919413919414,0.0469309620847227,1.5226639781482286e-12,2,0.0561389694378665,0.0,0.0001476039690474
2062,4,176,2,0,1.0,0.0,0.0,2,34.0,4555.210714285712,0.0506023109071539,1.5008983662468542e-12,2,0.0607308316208652,0.0,0.0001433585049985
2063,28,100,2,0,1.0,0.0,0.0,2,32.0,77477.60098153932,0.0603218795027718,7.597283237915582e-10,2,0.0758587386270379,0.0,0.0001482075788178
2064,28,100,2,0,1.0,0.0,0.0,2,32.0,77477.60098153932,0.0603218795027718,7.597283248476463e-10,2,0.0758587386270379,0.0,0.0001482075788178
2065,3,188,2,0,1.0,0.0,0.0,2,32.0,23.744047619047617,0.0572156590224693,8.74460272377237e-14,2,0.0674780848150563,0.0,0.000135863121935
2066,28,100,3,0,1.0,0.0,0.0,3,36.0,1.5,0.0473574722230211,6.393076125434577e-12,2,0.0554424767876019,0.0,0.0002049395509794
2067,3,188,3,0,1.0,0.0,0.0,3,34.0,1539.2882544044412,0.0517207081758504,2.206780747485113e-15,2,0.0609013243258686,0.0,0.0002137768367034
2068,4,176,1,0,1.0,0.0,0.0,1,34.0,0.0,0.0506744627378571,1.3171702670678609e-12,1,0.0603802899031823,0.0,8.506398089973345e-05
2069,6,172,2,0,1.0,0.0,0.0,2,32.0,13117.744965483447,0.0555993247045582,8.874696010979188e-10,2,0.0660094347095866,0.0,0.0001669128555639
2070,28,100,2,0,1.0,0.0,0.0,2,37.0,188.802380952382,0.0470691363671011,1.3754843787354104e-11,2,0.0557686380766427,0.0,0.0001487363471621
2071,28,100,3,0,1.0,0.0,0.0,3,37.0,9877.0,0.0465563388245938,2.240420616042044e-10,1,0.0547010026647604,0.0,0.0002704712642859
2072,28,100,2,0,1.0,0.0,0.0,2,36.0,2420.326190476177,0.0491376051882945,6.2752257934661465e-12,2,0.059255045375622,0.0,0.000146474838519
2073,28,100,3,0,1.0,0.0,0.0,3,37.0,7.5,0.0468415163755665,2.328217526679127e-12,2,0.055261208138278,0.0,0.0002141788720362
2074,28,100,2,0,1.0,0.0,0.0,2,36.0,4727.326190476189,0.0491390715301747,6.615080474024449e-12,2,0.0593393908547044,0.0,0.0001451078569908
2075,6,172,2,0,1.0,0.0,0.0,2,34.0,151.22619047618946,0.0517640648413022,1.879446716503371e-11,2,0.0604750447806391,0.0,0.0001713197237405
2076,4,176,2,0,1.0,0.0,0.0,2,33.0,3527.215307076093,0.0531205643253473,2.9621339715076026e-12,2,0.0648805699834129,0.0,0.0001376868216859
2077,28,100,2,0,1.0,0.0,0.0,2,37.0,1627.879120879334,0.0469532653429774,1.3484330567436676e-10,2,0.0559419093585295,0.0,0.0001487666412593
2078,36,66,2,0,1.0,0.0,0.0,2,34.0,22181.25,0.0516579698626985,4.956453197474458e-16,2,0.0585182727846254,0.0,0.0001704849904191
2079,28,100,2,0,1.0,0.0,0.0,2,37.0,109.41428571428624,0.0470893267370146,1.4153667887116402e-11,2,0.0559979094800034,0.0,0.0001536297976824
2080,3,188,3,0,1.0,0.0,0.0,3,34.0,3956.584440894175,0.051595922459893,6.707509802629648e-15,2,0.0599847130266286,0.0,0.0002081465434071
2081,28,100,2,0,1.0,0.0,0.0,2,36.0,4898.7227411477415,0.0491380939591974,6.094123854257674e-12,2,0.059255045375622,0.0,0.0001519318823007
2082,28,100,3,0,1.0,0.0,0.0,3,36.0,2648.383980693104,0.0473924555815649,2.7935197174366472e-12,2,0.0560042030730124,0.0,0.0002031311082876
2083,28,100,3,0,1.0,0.0,0.0,3,37.0,527.2240219923841,0.0452712609970674,7.292974428300227e-13,2,0.0527398743100603,0.0,0.0002113093923493
2084,28,100,3,0,1.0,0.0,0.0,3,36.0,2565.181599740723,0.0473556563168035,2.4078339314897878e-12,2,0.0555660301348394,0.0,0.0002091311199109
2085,28,100,3,0,1.0,0.0,0.0,3,36.0,12.076190476190476,0.047362466683285,2.6550663598150564e-12,2,0.0556058660299385,0.0,0.0002071385605552
2086,21,122,1,1,0.5,0.0,0.5,2,32.0,13377.41992571218,0.053676398683081,1.213509810929459e-11,2,0.0635174383221243,0.0,0.0001553978552689
2087,3,188,2,0,1.0,0.0,0.0,2,35.0,78.72121212121218,0.0489230007427581,3.484033143599603e-16,2,0.0551955494106941,0.0,0.0001639905196568
2088,3,188,2,0,1.0,1.0,0.0,2,34.0,0.0,0.0508570546147114,5.100970453542962e-16,2,0.0571298540051935,1.0,0.0001698286151073
2089,3,188,3,0,1.0,0.0,0.0,3,33.0,1878.2268211959508,0.0547041105598866,3.0658416392234725e-14,2,0.0655202470606145,0.0,0.0001907303670465
2090,28,100,2,0,1.0,0.0,0.0,2,37.0,1.0,0.0468370752427184,9.393603217646778e-13,2,0.0549778073285612,0.0,0.0001694309416394
2091,28,100,2,0,1.0,0.0,0.0,2,37.0,258.22713365066306,0.0465567775924302,2.469276360048128e-10,2,0.0546503953773109,0.0,0.0001560878740663
2092,6,172,2,0,1.0,0.0,0.0,2,33.0,9876.0,0.0526787237672752,1.3260346666954608e-10,1,0.0613559693951281,0.0,0.0001951153155183
2093,36,66,1,0,1.0,0.0,0.0,1,33.0,0.0,0.0544118780909581,3.356752204699101e-15,1,0.0616775003407612,0.0,0.0001088051107203
2094,28,100,2,0,1.0,0.0,0.0,2,38.0,316.5929653679651,0.0448027861165779,2.559214310971989e-13,2,0.0523300223780351,0.0,0.0001509259622277
2095,28,100,2,0,1.0,0.0,0.0,2,36.0,2364.3196791778405,0.0491380939591974,7.855542784736194e-12,2,0.0592719144714385,0.0,0.0001510834887903
2096,28,100,4,0,1.0,0.16666666666666666,0.0,4,36.0,9620.939533016,0.0486522154485557,1.451773926492475e-09,2,0.057431931889777,0.1666666666666666,0.0002746689984199
2097,3,188,4,0,1.0,0.0,0.0,4,31.0,37834.1948004374,0.0606544293695131,5.602781034890669e-13,2,0.073544919629826,0.0,0.0002469819999001
2098,3,188,4,0,1.0,0.0,0.0,4,31.0,43991.374777436846,0.0606745437126925,5.60467333017681e-13,2,0.0738005265959592,0.0,0.0002413673372593
2099,1,197,3,0,1.0,0.0,0.0,3,32.0,410.7498852025168,0.0560116105038777,5.51211648811253e-15,2,0.0654093544277744,0.0,0.0002060542434555
2100,1,197,1,0,1.0,0.0,0.0,1,32.0,0.0,0.0549090221970278,4.881735050550186e-16,1,0.0617461819833833,0.0,9.862043202047582e-05
2101,28,100,4,0,1.0,0.0,0.0,4,37.0,180.4309523809515,0.0469644249234689,4.871464947745692e-12,2,0.055791496901566,0.0,0.000279138975132
2102,1,197,3,0,1.0,0.0,0.0,3,33.0,12203.618279730435,0.0534475856621982,1.5482801113740974e-15,2,0.0612125538219345,0.0,0.0002397488233743
2103,4,176,2,0,1.0,0.0,0.0,2,33.0,4913.902443706806,0.0531703064288712,4.043265442648856e-12,2,0.0640660511965465,0.0,0.0001459480019247
2104,20,122,1,1,0.5,0.0,0.5,2,31.0,224.0231601731602,0.0546206408527011,1.0603229660125315e-11,2,0.063969911141733,0.0,0.0001560998041195
2105,28,100,2,0,1.0,0.0,0.0,2,36.0,9470.406641788162,0.0491415156277977,6.122567049885697e-12,2,0.0593731290463373,0.0,0.0001464875654245
2106,1,197,3,0,1.0,0.0,0.0,3,34.0,11059.079012242171,0.0522369909801309,8.237379330349464e-15,2,0.0615857775843414,0.0,0.0002542310697942
2107,28,100,4,0,1.0,0.0,0.0,4,37.0,4797.465249846982,0.0468824143494353,1.1859650233077052e-12,2,0.0558451082423024,0.0,0.0002856317207022
2108,28,100,2,0,1.0,0.0,0.0,2,36.0,2420.326190476177,0.0491376051882945,6.275224303468e-12,2,0.059255045375622,0.0,0.0001464748385188
2109,21,122,1,1,0.5,0.0,0.5,2,31.0,162.70198412698406,0.0545747807065997,9.512125269261088e-12,2,0.0635973179534911,0.0,0.0001607947386851
2110,3,188,2,0,1.0,0.0,0.0,2,34.0,14049.48257351299,0.0522602007891925,1.3309142586552099e-14,2,0.0613710561437327,0.0,0.0001627508991253
2111,3,188,2,0,1.0,0.0,0.0,2,36.0,1562.269868549489,0.0484176067588626,7.233348537130674e-15,2,0.0567307520159262,0.0,0.0001694223734076
2112,21,122,2,0,1.0,0.0,0.0,2,36.0,5637.086333967209,0.043712558954438,6.229880753521195e-16,2,0.0484296577180771,0.0,0.000197389160235
2113,3,188,3,0,1.0,0.0,0.0,3,33.0,30431.98035536806,0.0551111706103506,9.766065138247345e-14,2,0.0662706391667945,0.0,0.0002181234280849
2114,3,188,3,0,1.0,0.0,0.0,3,33.0,10972.816293233753,0.0544454608576813,1.6071726724715715e-14,2,0.0645031583503247,0.0,0.0001898868083957
2115,1,197,2,0,1.0,0.0,0.0,2,32.0,167.86857484620657,0.0559665560175377,3.626930923259997e-15,2,0.0647947643395,0.0,0.0001471733259085
2116,6,172,1,0,1.0,0.0,0.0,1,32.0,0.0,0.0515576892970829,9.770875184838268e-13,1,0.0587273333846638,0.0,0.0001009275738829
2117,3,188,2,0,1.0,0.0,0.0,2,35.0,259.9343073593074,0.0497492396624302,2.0669224988121786e-15,2,0.0579005484221681,0.0,0.0001602554472034
2118,3,188,3,0,1.0,0.0,0.0,3,32.0,16335.273110306674,0.0575502691115822,1.1870517650763077e-13,2,0.0691145966388147,0.0,0.0001847157950242
2119,3,188,4,0,1.0,0.0,0.0,4,32.0,12793.060485605289,0.0575522805382419,1.238515822581783e-13,2,0.0692574216500607,0.0,0.0002388198432951
2120,4,176,3,0,1.0,0.6666666666666666,0.0,3,34.0,242.34676186644472,0.0508518194451593,1.8766055080455675e-11,2,0.0624363046505508,0.6666666666666666,0.0001650839306888
2121,28,100,2,0,1.0,0.0,0.0,2,36.0,439.21642524142527,0.0476893818722426,3.705449130690701e-12,2,0.0575267901042198,0.0,0.0001411198562833
2122,28,100,2,0,1.0,0.0,0.0,2,37.0,188.802380952382,0.0470691363671011,1.3754841374547742e-11,2,0.0557686380766427,0.0,0.0001487363471619
2123,28,100,2,0,1.0,0.0,0.0,2,36.0,4937.0,0.0491366276756584,6.089644216194159e-12,2,0.0592213071839891,0.0,0.0001577989749722
2124,28,100,2,0,1.0,0.0,0.0,2,33.0,72832.75629289393,0.0570649662692911,1.3792147375498674e-10,2,0.0710438453726788,0.0,0.0001472450991575
2125,28,100,2,0,1.0,0.0,0.0,2,33.0,72832.75629289393,0.0570649662692911,1.3792147376254903e-10,2,0.0710438453726788,0.0,0.0001472450991575
2126,14,135,2,0,1.0,0.0,0.0,2,34.0,6323.969402082904,0.0497292073526747,1.986144656486766e-14,2,0.0576858345263397,0.0,0.0001723993041766
2127,1,197,2,0,1.0,0.0,0.0,2,34.0,121.99285714285716,0.0511371282465347,6.314172096076283e-16,2,0.058590961217819,0.0,0.0001651955055551
2128,3,188,3,0,1.0,0.0,0.0,3,33.0,14267.19486035058,0.0549964374777342,1.1279878695791555e-13,2,0.0658975605968239,0.0,0.0002126617462442
2129,3,188,3,0,1.0,0.0,0.0,3,33.0,9092.21928081498,0.055026455026455,1.1482452930103798e-13,2,0.0662471525253631,0.0,0.0002010546818172
2130,3,188,3,0,1.0,0.0,0.0,3,35.0,983.1777696726508,0.0498441110292708,4.589287710926658e-15,2,0.0587294691937833,0.0,0.0002137526861987
2131,4,176,2,0,1.0,0.0,0.0,2,34.0,219.80952380952377,0.0504261726126677,8.168084631098757e-13,2,0.0600757387645648,0.0,0.0001460677540102
2132,4,176,1,0,1.0,0.0,0.0,1,35.0,0.0,0.0481017341941012,1.6187732446796233e-13,1,0.0556590244852835,0.0,9.31965854653854e-05
2133,1,197,3,0,1.0,0.0,0.0,3,35.0,918.9895517027776,0.049338327091136,6.523409361918484e-16,2,0.0569828723552314,0.0,0.0002421107565944
2134,28,100,2,0,1.0,0.0,0.0,2,37.0,1.0,0.0468370752427184,9.393620425058799e-13,2,0.0549778073285612,0.0,0.0001694309416395
2135,28,100,2,0,1.0,1.0,0.0,2,36.0,0.0,0.0486483824905214,8.529118916725751e-10,2,0.0570608117818148,1.0,0.00014512194443
2136,28,100,1,1,0.5,0.0,0.5,2,34.0,5100.748285859084,0.050335741433244,3.626101373641908e-13,2,0.0596900885861067,0.0,0.0001554829649649
2137,28,100,4,0,1.0,0.16666666666666666,0.0,4,35.0,10036.770888144853,0.049742727391729,1.7519807180156926e-11,2,0.0602020811775981,0.1666666666666666,0.0002551182488712
2138,4,176,3,0,1.0,0.0,0.0,3,32.0,9766.554688403376,0.056357952860109,1.4603194305394027e-10,2,0.071268983521657,0.0,0.0001693402587561
2139,4,176,4,0,1.0,0.0,0.0,4,32.0,21938.21419278656,0.0563630970038564,1.4380461621128042e-10,2,0.0714931015089327,0.0,0.0002204633150036
2140,28,100,3,0,1.0,0.3333333333333333,0.0,3,35.0,1676.8863469865664,0.0497091911690716,1.7507286995802198e-11,2,0.0595820287154404,0.3333333333333333,0.0001947018155314
2141,21,122,2,0,1.0,0.0,0.0,2,32.0,1136.7885568524937,0.0517656921303573,1.1443788410356437e-12,2,0.059162020517487,0.0,0.0001784755213403
2142,36,66,2,0,1.0,0.0,0.0,2,32.0,4939.0,0.0575422248107163,2.4949226255177568e-14,1,0.0668801427583933,0.0,0.0001845809026841
2143,28,100,2,0,1.0,0.0,0.0,2,35.0,4883.675,0.0496916902216008,1.466650479394016e-11,2,0.0592738062361653,0.0,0.0001411122403594
2144,28,100,2,0,1.0,0.0,0.0,2,36.0,4937.0,0.0491366276756584,6.089644606731331e-12,2,0.0592213071839891,0.0,0.000157798974972
2145,4,176,4,0,1.0,0.0,0.0,4,34.0,5112.962030270746,0.050531914893617,1.2115192246607865e-12,2,0.0600546661606734,0.0,0.0002957099218155
2146,1,197,3,0,1.0,0.0,0.0,3,34.0,5932.741163003662,0.0509383378016085,3.1641906923066887e-16,2,0.0580124826292486,0.0,0.0002538172571964
2147,1,197,1,0,1.0,0.0,0.0,1,35.0,0.0,0.0484698633228348,3.787127423042303e-17,1,0.0541148083476834,0.0,0.0001022731166185
2148,3,188,2,0,1.0,0.0,0.0,2,33.0,41.871689421689446,0.0543239201196445,2.4644407542882654e-14,2,0.0635848300491366,0.0,0.0001341501204402
2149,4,176,2,0,1.0,1.0,0.0,2,34.0,0.0,0.050639658848614,3.1492424056180308e-12,2,0.0598773965096568,1.0,0.0001437979471932
2150,4,176,3,0,1.0,0.3333333333333333,0.0,3,34.0,65.89999999999999,0.0506796614516542,3.809571690422999e-12,2,0.0603885666260904,0.3333333333333333,0.0002004026906652
2151,3,188,5,0,1.0,0.0,0.0,5,33.0,6904.58349036898,0.0545013239187996,2.7420915012372164e-14,2,0.0649407315138448,0.0,0.0002978018174932
2152,36,66,1,0,1.0,0.0,0.0,1,35.0,0.0,0.0491209927611168,7.016660960132695e-17,1,0.0545800096620896,0.0,0.0001058375294745
2153,3,188,2,0,1.0,0.0,0.0,2,34.0,2419.5220255513136,0.0521608751201072,1.568285710094732e-14,2,0.061195033319609,0.0,0.000151175649605
2154,1,197,2,0,1.0,0.0,0.0,2,35.0,1302.9956789089129,0.0496881915107624,1.1776488230267194e-15,2,0.0576750549274675,0.0,0.0001709884112229
2155,1,197,2,0,1.0,0.0,0.0,2,32.0,16906.416692428837,0.056375318109715,1.0479128634645195e-14,2,0.0651006536524605,0.0,0.0001582767456348
2156,14,135,2,1,0.6666666666666666,0.0,0.4444444444444444,3,33.0,9652.342658153537,0.0528783370084134,1.3006331326547072e-12,2,0.0632719271609398,0.0,0.0002121354891857
2157,4,176,5,0,1.0,0.0,0.0,5,32.0,33972.81589357587,0.0561376394918066,2.9044804065861893e-11,2,0.069907885076338,0.0,0.0003103024497616
2158,1,197,3,0,1.0,0.6666666666666666,0.0,3,31.0,5.0,0.0575053838542576,3.924763571320197e-16,2,0.0635398091412694,0.6666666666666666,0.0002044875730352
2159,28,100,4,0,1.0,0.16666666666666666,0.0,4,36.0,9877.0,0.0486675533224964,8.96047370241436e-10,2,0.0576532237558057,0.1666666666666666,0.0003114349489562
2160,36,66,2,0,1.0,0.0,0.0,2,35.0,2493.0,0.049126854687935,8.91590478609351e-17,2,0.0548479872984882,0.0,0.0001839587551052
2161,36,66,2,0,1.0,0.0,0.0,2,36.0,33.25,0.0468375193181063,3.6992553616393187e-17,2,0.051843351598519,0.0,0.0001838146485428
2162,36,66,3,0,1.0,0.0,0.0,3,34.0,12349.75,0.0516579698626985,5.512896615551876e-16,2,0.0585481551829289,0.0,0.0002663975378646
2163,3,188,3,0,1.0,0.0,0.0,3,35.0,18830.14124807229,0.0507953482154792,5.287064103787531e-14,2,0.0605020149390236,0.0,0.0002362781690011
2164,21,122,2,0,1.0,0.0,0.0,2,37.0,2136.898624806569,0.0420797982895499,1.1577437175669584e-16,2,0.0465739007426276,0.0,0.0001988815744135
2165,28,100,1,0,1.0,0.0,0.0,1,38.0,0.0,0.044485668230569,2.993993514123469e-11,1,0.050997219135785,0.0,0.0001069917519605
2166,28,100,1,0,1.0,0.0,0.0,1,38.0,0.0,0.044485668230569,2.9939933818142755e-11,1,0.050997219135785,0.0,0.0001069917519605
2167,4,176,2,0,1.0,0.0,0.0,2,37.0,80.63333333333334,0.0468197628683265,2.0430259548282072e-14,2,0.0550099760565422,0.0,0.0001532006075194
2168,28,100,1,0,1.0,0.0,0.0,1,38.0,0.0,0.044354657687991,3.0887699673341936e-11,1,0.0503618537007647,0.0,9.786081519320042e-05
2169,28,100,1,0,1.0,0.0,0.0,1,37.0,0.0,0.0464093795798729,1.1974356816611044e-10,1,0.0535046676883268,0.0,9.65381537327958e-05
2170,28,100,1,0,1.0,0.0,0.0,1,37.0,0.0,0.0464093795798729,1.197435686106986e-10,1,0.0535046676883268,0.0,9.65381537327958e-05
2171,28,100,1,0,1.0,0.0,0.0,1,39.0,0.0,0.0429479321526998,5.854120900483214e-12,1,0.0493112191142344,0.0,9.75998133092618e-05
2172,28,100,1,0,1.0,0.0,0.0,1,39.0,0.0,0.0429479321526998,5.854120948218597e-12,1,0.0493112191142344,0.0,9.75998133092618e-05
2173,4,176,2,0,1.0,0.0,0.0,2,33.0,2253.989165680452,0.0531508559009285,3.0166663419955483e-12,2,0.0652391587630545,0.0,0.0001340817678097
2174,1,197,1,0,1.0,0.0,0.0,1,34.0,0.0,0.0506864213744844,4.569275239327644e-16,1,0.0566163177302838,0.0,0.0001036087433221
2175,1,197,3,0,1.0,0.0,0.0,3,33.0,4974.799999999999,0.0533921295245506,3.4367333994438297e-15,2,0.0608678639510495,0.0,0.0002585312337977
2176,4,176,2,0,1.0,0.0,0.0,2,34.0,43.55835374893423,0.0506505623852928,1.7938840245477769e-12,2,0.0609311423610368,0.0,0.0001349581386578
2177,4,176,2,0,1.0,0.0,0.0,2,37.0,1112.256015484308,0.0468144385584185,2.086273517775057e-14,2,0.0547642422581767,0.0,0.0001615405515104
2178,4,176,2,0,1.0,0.0,0.0,2,36.0,345.1463348565369,0.046128562357599,1.5775380765246902e-14,2,0.0534524604186486,0.0,0.0001728399462687
2179,4,176,2,0,1.0,0.0,0.0,2,34.0,6.699999999999999,0.0507979598552155,9.158893278778037e-12,2,0.0618001425670198,0.0,0.0001231548500751
2180,4,176,3,0,1.0,0.0,0.0,3,34.0,9877.0,0.0507739428947314,4.0907519915956245e-13,1,0.0610292911678758,0.0,0.0002855138957005
2181,4,176,1,0,1.0,0.0,0.0,1,35.0,0.0,0.0483209922432091,5.4661567037586085e-14,1,0.0564914090946573,0.0,0.0001112538308613
2182,3,188,2,0,1.0,0.0,0.0,2,32.0,4939.0,0.0578725398313027,3.740442228045684e-13,1,0.0691188909780401,0.0,0.0001749648575294
2183,4,176,2,0,1.0,0.0,0.0,2,35.0,4239.399843181824,0.0481655177793161,9.698888590292224e-14,2,0.0562271760850795,0.0,0.0001737105524641
2184,4,176,2,0,1.0,1.0,0.0,2,34.0,0.0,0.0509021216086719,1.9275409934984467e-11,2,0.061510647544286,1.0,0.0001338500109645
2185,4,176,2,0,1.0,0.0,0.0,2,32.0,4939.0,0.0563194016918621,1.3066747243334195e-10,1,0.0703288929105143,0.0,0.0001604789708379
2186,28,100,2,0,1.0,0.0,0.0,2,35.0,1630.056826507045,0.0496886912964322,1.5166028531747463e-11,2,0.0591677719196047,0.0,0.0001404891876462
2187,28,100,2,0,1.0,0.0,0.0,2,35.0,1630.056826507045,0.0496886912964322,1.516603246241996e-11,2,0.0591677719196047,0.0,0.0001404891876462
2188,4,176,2,0,1.0,0.0,0.0,2,33.0,2469.7542009152903,0.0532901833872707,5.137585044334543e-12,2,0.0651803521564952,0.0,0.000136719395151
2189,4,176,2,0,1.0,0.0,0.0,2,35.0,63.672647058823536,0.0485155613171876,5.516350022374726e-12,2,0.0579482417763433,0.0,0.0001367348119008
2190,28,100,3,0,1.0,0.0,0.0,3,37.0,4940.5,0.0464128678266751,2.3113426027113348e-10,2,0.053852171062146,0.0,0.0002382444286362
2191,28,100,3,0,1.0,0.3333333333333333,0.0,3,38.0,4.333333333333333,0.0448744152245991,5.832217291302712e-11,2,0.0527520062695047,0.3333333333333333,0.0002189444572685
2192,28,100,4,0,1.0,0.16666666666666666,0.0,4,38.0,9877.0,0.0448748228625413,4.38068114085624e-11,2,0.0528532208444034,0.1666666666666666,0.000316430994022
2193,14,135,2,0,1.0,0.0,0.0,2,32.0,6592.173107448125,0.0598533955291694,8.947381192872136e-11,2,0.0738560110234154,0.0,0.0001609229831588
2194,21,122,2,0,1.0,0.0,0.0,2,31.0,6906.396581359817,0.0570491500369549,9.03400530887393e-14,2,0.0681120534840935,0.0,0.0001658969405335
2195,28,100,2,0,1.0,0.0,0.0,2,34.0,13661.390875838477,0.0512676816422263,6.886968421823466e-10,2,0.0638375526870496,0.0,0.0001336326512203
2196,1,197,2,0,1.0,0.0,0.0,2,32.0,211.55594657137573,0.0559025891725511,3.805048807976069e-15,2,0.0645212532480544,0.0,0.0001560844886638
2197,3,188,1,0,1.0,0.0,0.0,1,33.0,0.0,0.0547071396139492,5.000212306642279e-14,1,0.0635338966516815,0.0,0.0001047182915295
2198,4,176,1,0,1.0,0.0,0.0,1,33.0,0.0,0.0533172158483805,1.7461819494956596e-11,1,0.064155943992472,0.0,9.856178968567562e-05
2199,14,135,2,0,1.0,0.0,0.0,2,31.0,13078.230225184214,0.0572720422004521,5.845537050061708e-13,2,0.0668283729935608,0.0,0.0001821687750226
2200,14,135,2,0,1.0,0.0,0.0,2,32.0,8389.582844932842,0.0542964542436965,9.40897969328433e-14,2,0.0625886119316549,0.0,0.000182924800145
2201,14,135,2,0,1.0,0.0,0.0,2,33.0,4181.906984828034,0.0520082118229194,1.193170845897687e-13,2,0.0599748267453956,0.0,0.0001768113968961
2202,14,135,2,0,1.0,0.0,0.0,2,29.0,22868.84698342583,0.0646173969914977,3.1442492122619155e-11,2,0.0796958829128611,0.0,0.0001564624298086
2203,14,135,1,1,0.5,0.0,0.5,2,34.0,790.2550007010493,0.0502124372344534,7.985591886128592e-13,2,0.0588851840015696,0.0,0.0001616708935411
2204,14,135,2,0,1.0,0.0,0.0,2,30.0,17951.999364378207,0.0607125738935932,4.279982649824753e-12,2,0.0724458190168123,0.0,0.0001742764891328
2205,7,171,2,0,1.0,0.0,0.0,2,29.0,0.5,0.0577480594781632,7.185263366554679e-17,2,0.0627592100652116,0.0,0.0001679020835261
2206,30,96,1,0,1.0,0.0,0.0,1,31.0,0.0,0.0623147272153894,0.0,1,0.0694985927823766,0.0,8.430450283159004e-05
2207,20,122,1,1,0.5,0.0,0.5,2,27.0,379558.4578389269,0.0653984140222672,6.318468674636103e-14,2,0.0733911143783551,0.0,0.0001562750007152
2208,30,96,2,0,1.0,0.0,0.0,2,33.0,26.416666666666668,0.0554887843013917,1.4036497653877074e-17,2,0.0606164201215402,0.0,0.0001576808083785
2209,34,71,2,0,1.0,0.0,0.0,2,33.0,4734.022022961543,0.055633136627776,2.948777649477078e-17,2,0.0643900057100534,0.0,0.0001721964158627
2210,7,171,2,0,1.0,0.0,0.0,2,28.0,2469.0,0.0612850000620293,1.7617809038888154e-16,2,0.0676212311697971,0.0,0.0001618163017019
2211,7,171,2,0,1.0,0.0,0.0,2,28.0,2469.0,0.0612850000620293,1.7467445450432886e-16,2,0.0676212311697971,0.0,0.0001618163017017
2212,7,171,4,0,1.0,0.0,0.0,4,27.0,26076.498108264088,0.065283467688648,1.1633024235897892e-15,2,0.0737760081992905,0.0,0.0002828220664645
2213,7,171,2,1,0.6666666666666666,0.0,0.4444444444444444,3,26.0,389724.7989162659,0.0678263973748163,8.748221403734866e-15,2,0.0768274324210305,0.0,0.0002106886124252
2214,15,135,2,0,1.0,0.0,0.0,2,34.0,4246.896514922974,0.0577973815680172,0.0,2,0.0660474396365445,0.0,0.0001566192486657
2215,12,141,2,0,1.0,0.0,0.0,2,30.0,23628.95480628759,0.0622440622440622,0.0,2,0.0698501384393414,0.0,0.0001632230212634
2216,12,141,2,0,1.0,0.0,0.0,2,31.0,132282.21126427094,0.0606432604959489,0.0,2,0.0701741159404826,0.0,0.0001547217227475
2217,12,141,2,0,1.0,0.0,0.0,2,32.0,21.933333333333376,0.0557631308627481,3.213689939331639e-17,2,0.0610401411128136,0.0,0.0001840264810402
2218,12,141,2,0,1.0,0.0,0.0,2,30.0,11588.65443510738,0.0619645522622078,1.541778400374693e-17,2,0.068767327152166,0.0,0.0001717409805638
2219,30,96,4,0,1.0,0.5,0.0,4,33.0,80.90238095238095,0.0564558524376585,0.0,2,0.0624438299546553,0.5,0.0002592601595168
2220,7,171,1,0,1.0,0.0,0.0,1,30.0,0.0,0.0644647727421017,4.020965456084876e-18,1,0.0711592852131166,0.0,8.848074993026115e-05
2221,7,171,9,0,1.0,0.1111111111111111,0.0,9,29.0,57216.44654263727,0.068941455585793,0.0,2,0.0791483467023016,0.1111111111111111,0.0005510911192923
2222,7,171,5,1,0.8333333333333334,0.3,0.2777777777777777,6,29.0,86011.00927960646,0.0689510782329541,0.0,2,0.0791787110747712,0.2,0.0003638282162318
2223,7,171,4,2,0.6666666666666666,0.3333333333333333,0.4444444444444444,6,28.0,1619802.8482653368,0.0739675979995807,0.0,2,0.0861078430858436,0.2,0.0003390290879334
2224,7,171,3,0,1.0,0.3333333333333333,0.0,3,29.0,25698.664754125104,0.0649649531173972,0.0,2,0.073136030237557,0.3333333333333333,0.0002066909258544
2225,12,141,2,0,1.0,0.0,0.0,2,30.0,2522.9220578183526,0.0586705305288661,1.2046786887213564e-17,2,0.0648260793810353,0.0,0.0001717081281461
2226,30,96,1,0,1.0,0.0,0.0,1,37.0,0.0,0.0485212796259736,1.8110379104289105e-17,1,0.0519015404067689,0.0,0.0001274965315673
2227,12,141,2,0,1.0,0.0,0.0,2,31.0,1349.8639672849415,0.0572926331415847,3.093857913591972e-17,2,0.0628336794142389,0.0,0.000178198700971
2228,30,96,2,0,1.0,0.0,0.0,2,36.0,4939.0,0.0509951275910479,5.2449891729026696e-17,1,0.0551022505775123,0.0,0.000228560716442
2229,7,171,3,0,1.0,0.3333333333333333,0.0,3,29.0,4939.0,0.0689058751325113,0.0,2,0.07799642844512,0.3333333333333333,0.0002051383159436
2230,12,141,2,0,1.0,0.0,0.0,2,31.0,3478.257772782786,0.0582794582605823,1.618938030118981e-17,2,0.064249515096848,0.0,0.0001748234594516
2231,12,141,3,1,0.75,0.0,0.375,4,28.0,1194540.058430627,0.0698499780835089,0.0,2,0.080099209345621,0.0,0.0002876958388421
2232,7,171,2,0,1.0,1.0,0.0,2,30.0,0.0,0.0645110739657333,0.0,2,0.0720029809910226,1.0,0.0001366261366594
2233,34,71,3,0,1.0,0.0,0.0,3,32.0,224420.58730666887,0.0547447277724215,0.0,2,0.0647726448209859,0.0,0.0002258552656608
2234,30,96,2,0,1.0,0.0,0.0,2,35.0,9876.0,0.0537336161418393,3.3492844068261916e-17,1,0.058626991393354,0.0,0.0002113657353651
2235,30,96,7,1,0.875,0.19047619047619047,0.21875,8,29.0,1874477.0175215383,0.073569928663976,0.0,2,0.0864741662171336,0.1785714285714285,0.0004599762979887
2236,15,135,1,0,1.0,0.0,0.0,1,33.0,0.0,0.0587270263201692,0.0,1,0.0648667071315378,0.0,9.74114737437698e-05
2237,15,135,1,0,1.0,0.0,0.0,1,33.0,0.0,0.0587270263201692,0.0,1,0.0648667071315378,0.0,9.74114737437698e-05
2238,15,135,4,1,0.8,0.0,0.31999999999999984,5,32.0,43252.6163718533,0.0623902802510766,2.929317815840414e-17,2,0.0705797601761544,0.0,0.0003944308627304
2239,7,171,2,0,1.0,0.0,0.0,2,30.0,4939.0,0.056547619047619,1.81866563037602e-17,1,0.0616798227719402,0.0,0.0001865260513172
2240,7,171,2,0,1.0,0.0,0.0,2,31.0,3387.426858371552,0.0547702200787183,1.7246637242565017e-18,2,0.0594081737070514,0.0,0.0001683291443188
2241,12,141,3,0,1.0,0.0,0.0,3,33.0,46816.81703654085,0.0557398506081736,0.0,2,0.0656458688864629,0.0,0.0002235874526517
2242,12,141,3,1,0.75,0.0,0.375,4,32.0,85867.21660024169,0.0589709920019099,0.0,2,0.0709325135261193,0.0,0.0002820502272836
2243,7,171,2,0,1.0,0.0,0.0,2,33.0,3.333333333333333,0.0515970002715631,0.0,2,0.0554214821801107,0.0,0.0001608859106539
2244,30,96,3,0,1.0,0.3333333333333333,0.0,3,33.0,778.4260938940287,0.0564545620771621,0.0,2,0.0622920080923071,0.3333333333333333,0.0002055257900905
2245,15,135,2,0,1.0,0.0,0.0,2,35.0,9876.0,0.0525654940517993,3.3463426761657487e-17,1,0.0569045882454058,0.0,0.0002112546945292
2246,30,96,3,0,1.0,0.3333333333333333,0.0,3,32.0,23.96111111111111,0.0603594687389269,0.0,2,0.0671313955163371,0.3333333333333333,0.0002010006980531
2247,7,171,2,0,1.0,0.0,0.0,2,32.0,4932.666666666667,0.05030549898167,1.487513804449496e-17,2,0.0538914398437549,0.0,0.0001745514626378
2248,12,141,4,0,1.0,0.0,0.0,4,32.0,71817.61869868568,0.0586872586872586,0.0,2,0.0700814671604231,0.0,0.0003035051915482
2249,12,141,8,1,0.8888888888888888,0.03571428571428571,0.19753086419753085,9,31.0,1066248.445509515,0.0622833007627813,0.0,2,0.0766954137953318,0.0277777777777777,0.0006192056591944
2250,12,141,1,0,1.0,0.0,0.0,1,33.0,0.0,0.0554346118455012,0.0,1,0.0640389412900689,0.0,9.48530802835459e-05
2251,12,141,1,0,1.0,0.0,0.0,1,32.0,0.0,0.0586322311106891,0.0,1,0.0690690000953248,0.0,8.883876155904103e-05
2252,12,141,1,0,1.0,0.0,0.0,1,32.0,0.0,0.0586322311106891,0.0,1,0.0690690000953248,0.0,8.883876155904103e-05
2253,12,141,2,0,1.0,0.0,0.0,2,32.0,4512.112231559292,0.0586398869935781,0.0,2,0.0693355318092249,0.0,0.0001612434408934
2254,7,171,2,0,1.0,0.0,0.0,2,29.0,4930.333333333334,0.059214863649985,1.8115822381475402e-17,2,0.065090646959826,0.0,0.000164069025813
2255,30,96,2,0,1.0,0.0,0.0,2,32.0,2121.5073591662167,0.0603683200742994,0.0,2,0.0670312982451872,0.0,0.0001482924851365
2256,7,171,2,0,1.0,0.0,0.0,2,33.0,3.5,0.0479007078444681,1.5251338565789578e-17,2,0.0510263607615431,0.0,0.000176639627494
2257,7,171,2,0,1.0,0.0,0.0,2,28.0,14793.0,0.0629203179131852,0.0,2,0.0702603025955857,0.0,0.0001495745513418
2258,30,96,1,0,1.0,0.0,0.0,1,31.0,0.0,0.0655615867496582,0.0,1,0.073433973108953,0.0,9.149920353540295e-05
2259,30,96,1,0,1.0,0.0,0.0,1,31.0,0.0,0.0655615867496582,0.0,1,0.073433973108953,0.0,9.149920353540295e-05
2260,30,96,1,0,1.0,0.0,0.0,1,31.0,0.0,0.0655615867496582,0.0,1,0.073433973108953,0.0,9.149920353540295e-05
2261,7,171,1,0,1.0,0.0,0.0,1,30.0,0.0,0.0644959135180301,0.0,1,0.0716689728938567,0.0,8.240572167942279e-05
2262,30,96,6,0,1.0,0.06666666666666667,0.0,6,30.0,73391.08294688545,0.0701604885669649,0.0,2,0.0810019930131022,0.0666666666666666,0.0004315833632174
2263,12,141,3,0,1.0,0.0,0.0,3,30.0,18989.50298628205,0.0618241890268322,9.007707503376629e-18,2,0.0690154850170731,0.0,0.0002425792392682
2264,7,171,2,0,1.0,0.0,0.0,2,28.0,5883.288912865317,0.0629555997349237,0.0,2,0.0704492291660913,0.0,0.0001528630817699
2265,12,141,2,0,1.0,0.0,0.0,2,32.0,7649.4080013396,0.058625968693258,1.6706107985130785e-17,2,0.065273849349674,0.0,0.0001759165001618
2266,20,122,2,0,1.0,0.0,0.0,2,34.0,13678.799200343878,0.0517841418927418,1.2550483513538166e-16,2,0.0589002418287451,0.0,0.000169121433239
2267,30,96,5,0,1.0,0.1,0.0,5,32.0,9883.5,0.0586754085898897,5.931464990156327e-17,2,0.0649099127319329,0.1,0.0003841128692561
2268,30,96,4,0,1.0,0.0,0.0,4,31.0,18147.146272056325,0.062325733967525,0.0,2,0.0701058802317694,0.0,0.0002971744703372
2269,30,96,1,0,1.0,0.0,0.0,1,33.0,0.0,0.0554240387743882,0.0,1,0.060089479972964,0.0,9.565741485311938e-05
2270,30,96,1,0,1.0,0.0,0.0,1,33.0,0.0,0.0554240387743882,0.0,1,0.060089479972964,0.0,9.565741485311938e-05
2271,30,96,1,0,1.0,0.0,0.0,1,32.0,0.0,0.0586698337292161,0.0,1,0.0643701016658064,0.0,9.350780202624636e-05
2272,20,122,2,0,1.0,0.0,0.0,2,33.0,14627.763538071908,0.0524232487557437,4.890384599751715e-17,2,0.0586840566356598,0.0,0.0001775695033474
2273,7,171,1,0,1.0,0.0,0.0,1,31.0,0.0,0.0529406721536351,1.716284185939693e-17,1,0.0566724009923471,0.0,0.0001127953206707
2274,7,171,3,0,1.0,0.0,0.0,3,29.0,9885.0,0.0592070569058919,0.0,2,0.0652482525121683,0.0,0.0002390660552805
2275,7,171,2,0,1.0,0.0,0.0,2,30.0,4939.0,0.0558994262953617,3.01475513717192e-17,1,0.0606220594720002,0.0,0.0001939696319791
2276,30,96,3,0,1.0,0.0,0.0,3,33.0,4954.845238095237,0.0579941536258085,7.809549489549201e-18,2,0.0641624232681606,0.0,0.0002280682094676
2277,30,96,1,0,1.0,0.0,0.0,1,34.0,0.0,0.0548158011540168,0.0,1,0.0595768701189826,0.0,9.49775530954134e-05
2278,7,171,2,0,1.0,0.0,0.0,2,30.0,10355.241720838185,0.0579336226105312,1.4188283520131316e-17,2,0.0634618254783249,0.0,0.0001646727681061
2279,34,71,1,1,0.5,0.0,0.5,2,34.0,219880.86458360744,0.0525118523715373,1.1930580168656566e-16,2,0.0609849732118412,0.0,0.0001632382963421
2280,7,171,1,0,1.0,0.0,0.0,1,29.0,0.0,0.0624723363895036,7.76149921612748e-18,1,0.0686423982665442,0.0,9.27798262228237e-05
2281,7,171,3,0,1.0,0.0,0.0,3,28.0,36946.0,0.0629307379711843,0.0,2,0.0705196046969931,0.0,0.0002220463427122
2282,7,171,11,0,1.0,0.01818181818181818,0.0,11,27.0,184317.61173022343,0.0671359843439971,3.4177669374218747e-16,2,0.0773207407620664,0.0181818181818181,0.0007146748669773
2283,7,171,4,0,1.0,0.3333333333333333,0.0,4,27.0,179499.71818632982,0.071063799180033,0.0,2,0.0811490865016362,0.3333333333333333,0.0002628968043976
2284,7,171,3,0,1.0,0.3333333333333333,0.0,3,28.0,4939.0,0.0666342937304413,0.0,2,0.0749699082686785,0.3333333333333333,0.0002203115263879
2285,7,171,4,0,1.0,0.16666666666666666,0.0,4,29.0,11773.713095238085,0.0599347269572813,1.5249876956208225e-17,2,0.0666190840756268,0.1666666666666666,0.0002963802126195
2286,7,171,2,0,1.0,0.0,0.0,2,29.0,2638.382960484369,0.0603056789882318,3.981754941495912e-18,2,0.0667339090124128,0.0,0.0001583058320134
2287,20,122,1,1,0.5,0.0,0.5,2,31.0,19878.63994499828,0.0554663552766019,0.0,2,0.0627251844954771,0.0,0.0001680771160713
2288,12,141,2,0,1.0,0.0,0.0,2,31.0,4512.483333333343,0.0590478239562042,3.2179542645378704e-17,2,0.0653718785857756,0.0,0.0001815256188229
2289,30,96,2,0,1.0,1.0,0.0,2,31.0,0.0,0.0623155132830436,0.0,2,0.0695998073572754,1.0,0.0001466165266635
2290,30,96,4,0,1.0,0.16666666666666666,0.0,4,32.0,7803.393434484758,0.0615139402542742,0.0,2,0.0687516224220371,0.1666666666666666,0.0002780266742702
2291,15,135,2,0,1.0,0.0,0.0,2,33.0,19744.0,0.0587326120556414,0.0,1,0.0650961268346417,0.0,0.0001812010367071
2292,30,96,2,0,1.0,0.0,0.0,2,33.0,66.48809523809524,0.0579825817507453,0.0,2,0.0639609580666954,0.0,0.0001524632015449
2293,7,171,2,0,1.0,0.0,0.0,2,31.0,7402.333333333334,0.0529628081009509,3.283643033668424e-17,2,0.0570905135815122,0.0,0.0001802988122971
2294,30,96,2,0,1.0,0.0,0.0,2,31.0,8868.305790353628,0.0623524808461761,0.0,2,0.0701523031071396,0.0,0.0001373649383843
2295,7,171,2,0,1.0,1.0,0.0,2,30.0,0.0,0.0645110739657333,0.0,2,0.0720029809910226,1.0,0.0001366261366592
2296,30,96,1,0,1.0,0.0,0.0,1,31.0,0.0,0.0669104699986455,0.0,1,0.0752846849265533,0.0,8.857436789543918e-05
2297,30,96,1,0,1.0,0.0,0.0,1,31.0,0.0,0.0669104699986455,0.0,1,0.0752846849265533,0.0,8.857436789543918e-05
2298,30,96,6,0,1.0,0.13333333333333333,0.0,6,30.0,930944.2691754056,0.0717074799320666,0.0,2,0.0832481028140637,0.1333333333333333,0.0004109374645824
2299,7,171,2,0,1.0,1.0,0.0,2,30.0,0.0,0.0558975287408346,3.870501453277885e-18,2,0.0605714521845508,1.0,0.0001640863917515
2300,7,171,2,0,1.0,1.0,0.0,2,30.0,0.0,0.0558975287408346,0.0,2,0.0605714521845508,1.0,0.0001640863917514
2301,7,171,1,0,1.0,0.0,0.0,1,29.0,0.0,0.0591992522199719,0.0,1,0.064792786925124,0.0,9.263751351180406e-05
2302,7,171,2,0,1.0,0.0,0.0,2,28.0,1339.9464379012984,0.0629147085418815,0.0,2,0.0700983592757476,0.0,0.0001466017261606
2303,7,171,3,0,1.0,0.0,0.0,3,33.0,14.833333333333332,0.0479034948217679,4.138281091432399e-17,2,0.0512017993580343,0.0,0.0002544601016238
2304,7,171,2,1,0.6666666666666666,0.0,0.4444444444444444,3,28.0,28613.518362159317,0.0640510333739595,5.408650632072082e-16,2,0.0718583461209582,0.0,0.000213235054377
2305,34,71,2,0,1.0,0.0,0.0,2,32.0,10644.056987569542,0.0545380275781362,1.4391547980311453e-17,2,0.0630793754395382,0.0,0.0001619837803331
2306,12,141,2,0,1.0,0.0,0.0,2,31.0,8942.930928412472,0.0591737239917108,1.0357794589308364e-17,2,0.0656219270623535,0.0,0.0001738535241077
2307,7,171,2,0,1.0,0.0,0.0,2,29.0,1016.277349544936,0.0613672219530677,0.0,2,0.0674943911399809,0.0,0.0001575651902516
2308,30,96,3,0,1.0,0.3333333333333333,0.0,3,32.0,4067.920394610248,0.0603528319405756,0.0,2,0.0670419893085098,0.3333333333333333,0.000206464970938
2309,30,96,3,0,1.0,0.3333333333333333,0.0,3,30.0,28780.70561606133,0.0685720631307172,0.0,2,0.0785035071973195,0.3333333333333333,0.0001798359873571
2310,34,71,1,1,0.5,0.0,0.5,2,31.0,13400.977343855797,0.056366955727978,0.0,2,0.0659502489617969,0.0,0.0001591370070188
2311,12,141,2,0,1.0,0.0,0.0,2,32.0,3230.5206349206387,0.0577278145231028,1.1061206069512666e-17,2,0.0662383500878059,0.0,0.000170363951375
2312,30,96,4,0,1.0,0.0,0.0,4,30.0,1388851.3270846887,0.0707564060329146,0.0,2,0.0830378781708713,0.0,0.0002689426836005
2313,7,171,1,0,1.0,0.0,0.0,1,31.0,0.0,0.053521706627374,1.6992108128529264e-17,1,0.05753826861792,0.0,0.0001096317988893
2314,12,141,2,1,0.6666666666666666,0.0,0.4444444444444444,3,29.0,13550.733834476912,0.0617299377702246,0.0,2,0.069005183197667,0.0,0.0002362722498508
2315,15,135,2,0,1.0,0.0,0.0,2,34.0,14811.0,0.055478813606909,2.9860414719152685e-17,1,0.0606742597933758,0.0,0.000197151912855
2316,12,141,2,0,1.0,0.0,0.0,2,30.0,9442.483333333315,0.0627452972780734,1.3243919433073102e-17,2,0.0705757956067183,0.0,0.0001716614995325
2317,12,141,3,0,1.0,0.0,0.0,3,29.0,1118198.779503534,0.0669385764034743,0.0,2,0.077071053395316,0.0,0.0002264290039524
2318,30,96,2,0,1.0,0.0,0.0,2,32.0,1018.969711781986,0.0603941513032422,0.0,2,0.0674829080389023,0.0,0.0001365560600327
2319,7,171,2,0,1.0,0.0,0.0,2,29.0,13236.093525038565,0.0614833161163453,0.0,2,0.0683497173847778,0.0,0.0001623951059839
2320,7,171,2,0,1.0,0.0,0.0,2,29.0,15279.575054171495,0.0614840813481691,0.0,2,0.0683665864805943,0.0,0.0001597417182092
2321,7,171,8,1,0.8888888888888888,0.03571428571428571,0.19753086419753085,9,28.0,76582.75274580705,0.0655016043915245,7.163631602276243e-17,2,0.0749476783517906,0.0277777777777777,0.0006289153907798
2322,7,171,1,0,1.0,0.0,0.0,1,29.0,0.0,0.0614756648456263,0.0,1,0.0681000547666941,0.0,8.975579176433629e-05
2323,7,171,1,0,1.0,0.0,0.0,1,29.0,0.0,0.0614756648456263,0.0,1,0.0681000547666941,0.0,8.975579176433629e-05
2324,7,171,1,0,1.0,0.0,0.0,1,29.0,0.0,0.0614756648456263,0.0,1,0.0681000547666941,0.0,8.975579176433629e-05
2325,7,171,4,0,1.0,0.0,0.0,4,32.0,221.735173219214,0.0519365826990201,5.1631228261117426e-17,2,0.0561965193940777,0.0,0.0003074428377388
2326,30,96,1,0,1.0,0.0,0.0,1,32.0,0.0,0.0603255626518824,1.3470499468982573e-18,1,0.066305773769663,0.0,9.021458834226605e-05
2327,30,96,7,0,1.0,0.047619047619047616,0.0,7,31.0,22696.760404279965,0.0642183945401365,5.871180714068769e-17,2,0.0728922547665108,0.0476190476190476,0.0004376020962385
2328,30,96,4,0,1.0,0.3333333333333333,0.0,4,30.0,37235.250880472,0.0685787267123858,0.0,2,0.0787025625279538,0.3333333333333333,0.0002403751579403
2329,30,96,3,0,1.0,0.3333333333333333,0.0,3,31.0,4939.0,0.0641975308641975,0.0,2,0.0721297716356068,0.3333333333333333,0.000211257745633
2330,7,171,2,0,1.0,0.0,0.0,2,30.0,2137.9773809523795,0.0610653052647193,0.0,2,0.067597465971736,0.0,0.0001515438479165
2331,7,171,2,0,1.0,1.0,0.0,2,29.0,0.0,0.059896212231437,0.0,2,0.0660587840517643,1.0,0.0001493385665864
2332,30,96,6,0,1.0,0.13333333333333333,0.0,6,32.0,12998.454243084576,0.0598244020587344,4.192628615658617e-18,2,0.0673071452010704,0.1333333333333333,0.0003745442509615
2333,30,96,2,0,1.0,1.0,0.0,2,32.0,0.0,0.0586705305288661,0.0,2,0.0645118020706646,1.0,0.0001569437732159
2334,20,122,2,0,1.0,0.0,0.0,2,32.0,16976.727174435535,0.0537271876971265,3.3661472757441115e-17,2,0.0601216405836158,0.0,0.0001772580403325
2335,7,171,3,0,1.0,0.0,0.0,3,32.0,4741.431493447419,0.0543974981555504,7.414597430438852e-18,2,0.058968549501517,0.0,0.0002301038137232
2336,7,171,4,0,1.0,0.0,0.0,4,29.0,22199.166666666668,0.0592219624767727,4.757125707307742e-17,2,0.0654820099827677,0.0,0.0003140418991884
2337,12,141,2,0,1.0,0.0,0.0,2,30.0,4676.332083634424,0.0615062813601105,0.0,2,0.0683061529110892,0.0,0.0001687976181977
2338,7,171,1,0,1.0,0.0,0.0,1,30.0,0.0,0.0559114471331235,0.0,1,0.060617320059366,0.0,9.709213065709908e-05
2339,30,96,2,0,1.0,0.0,0.0,2,32.0,9.0,0.0603675823638674,0.0,2,0.0671482646121535,0.0,0.0001447960077655
2340,30,96,2,0,1.0,0.0,0.0,2,33.0,4939.0,0.060190318375105,9.800807739553393e-19,1,0.0673339620323946,0.0,0.0001932934688144
2341,30,96,2,0,1.0,1.0,0.0,2,31.0,0.0,0.0623155132830436,0.0,2,0.0695998073572754,1.0,0.0001466165266634
2342,30,96,2,0,1.0,0.0,0.0,2,33.0,13603.980985988128,0.0603808639108221,0.0,2,0.067725522290934,0.0,0.000172696395164
2343,30,96,2,0,1.0,0.0,0.0,2,31.0,923263.6428569602,0.0708731456773119,0.0,2,0.0818243144426206,0.0,0.0001531571358393
2344,30,96,1,1,0.5,0.0,0.5,2,32.0,923008.0318222411,0.0706461116036953,0.0,2,0.0832557168509678,0.0,0.0001519594539856
2345,12,141,2,0,1.0,0.0,0.0,2,32.0,447.9500000000001,0.0562969378568416,1.4838173424881668e-17,2,0.062268341787922,0.0,0.0001800467434374
2346,12,141,3,0,1.0,0.0,0.0,3,31.0,9891.675070028032,0.0596495888525302,4.0148652821194953e-17,2,0.0670251337135261,0.0,0.0002522726891145
2347,12,141,2,0,1.0,0.0,0.0,2,29.0,15640.40443510738,0.0652990006873579,0.0,2,0.0730537424529769,0.0,0.000164483509573
2348,7,171,2,0,1.0,0.0,0.0,2,32.0,2475.333333333333,0.05030549898167,1.886995115677266e-17,2,0.0538914398437549,0.0,0.0001790822510992
2349,7,171,3,0,1.0,0.0,0.0,3,31.0,15854.664754122983,0.057517435700397,2.3282058839594512e-17,2,0.062879042157421,0.0,0.0002292168135108
2350,7,171,2,0,1.0,0.0,0.0,2,30.0,20774.331420790902,0.0610140184030136,0.0,2,0.0673619918192578,0.0,0.0001538654198997
2351,30,96,2,0,1.0,0.0,0.0,2,32.0,196219.58649827383,0.0647071151629466,0.0,2,0.0735431017041862,0.0,0.000165243246255
2352,30,96,2,0,1.0,0.0,0.0,2,32.0,20.88253968253968,0.0603690578027618,0.0,2,0.067240803652061,0.0,0.0001359502125598
2353,30,96,2,0,1.0,0.0,0.0,2,31.0,106.4579365079365,0.0623288794680596,0.0,2,0.0699810489227275,0.0,0.0001367590909114
2354,7,171,3,0,1.0,0.0,0.0,3,29.0,775.3019629134748,0.0602071907373552,1.0059067480041612e-16,2,0.0664598237481167,0.0,0.0002153598458702
2355,12,141,4,0,1.0,0.0,0.0,4,32.0,41395.18119934183,0.058175137783221,0.0,2,0.0683906229043806,0.0,0.0002928398093661
2356,7,171,2,0,1.0,0.0,0.0,2,31.0,0.5,0.0605926798155235,1.5535352434192336e-17,2,0.0662861653687917,0.0,0.0001512248354997
2357,12,141,4,0,1.0,0.0,0.0,4,29.0,58125.17488031885,0.0654885792690201,5.401947428455178e-18,2,0.0740751267505877,0.0,0.0003013331490636
2358,7,171,2,0,1.0,0.0,0.0,2,32.0,7.333333333333333,0.05193385267186,0.0,2,0.0559333614993409,0.0,0.0001621141408867
2359,12,141,2,0,1.0,0.0,0.0,2,30.0,2905.239527835466,0.0584034805636999,1.4158353245613605e-17,2,0.0643058134678737,0.0,0.0001730364791166
2360,30,96,2,0,1.0,0.0,0.0,2,34.0,14811.0,0.0567816091954023,3.1343941883954336e-17,1,0.0626640755227794,0.0,0.0001973393030535
2361,34,71,2,0,1.0,0.0,0.0,2,33.0,221298.33641336768,0.0534817252728217,2.881742024251885e-17,2,0.0621824306134082,0.0,0.0001637268282955
2362,30,96,2,0,1.0,0.0,0.0,2,33.0,19744.0,0.0601947189491513,0.0,1,0.0674284289689667,0.0,0.0001815309139853
2363,30,96,5,0,1.0,0.0,0.0,5,32.0,85004.92993787231,0.0640427297241236,3.157342558044594e-17,2,0.0733681252235182,0.0,0.0003959028418116
2364,30,96,4,0,1.0,0.0,0.0,4,31.0,272351.6960936265,0.0677622013113494,0.0,2,0.0785787666944238,0.0,0.0002861813865668
2365,30,96,2,0,1.0,0.0,0.0,2,33.0,41605.68150295407,0.0619801011254281,0.0,2,0.0702696564900301,0.0,0.0001694935045928
2366,7,171,2,0,1.0,0.0,0.0,2,30.0,8310.42685837115,0.0579322638146167,2.930642965507835e-17,2,0.0634112181908755,0.0,0.0001709160334582
2367,7,171,2,0,1.0,0.0,0.0,2,30.0,12330.833333333334,0.0559171430188465,4.6254358572144646e-18,2,0.0608568612199598,0.0,0.0001737191258834
2368,30,96,4,1,0.8,0.16666666666666666,0.31999999999999984,5,31.0,74449.184956433,0.0655276701862365,0.0,2,0.0745858711930077,0.1,0.0003312310835477
2369,30,96,3,0,1.0,0.3333333333333333,0.0,3,30.0,77194.34961954564,0.0699310598660834,0.0,2,0.0803414140773388,0.3333333333333333,0.0001937561337596
2370,12,141,3,0,1.0,0.0,0.0,3,30.0,1119130.0658639665,0.0643455381449207,0.0,2,0.0758782925745009,0.0,0.0002187503781796
2371,7,171,3,0,1.0,0.0,0.0,3,31.0,5435.575054171646,0.0547720418662409,2.5132254138904416e-17,2,0.0595599955693996,0.0,0.0002344387439563
2372,7,171,4,0,1.0,0.0,0.0,4,28.0,21077.94643790336,0.0629235237173281,0.0,2,0.0705133390328327,0.0,0.0002930789949751
2373,30,96,3,0,1.0,0.6666666666666666,0.0,3,33.0,70.40238095238095,0.0564539169190332,0.0,2,0.0622920080923071,0.6666666666666666,0.0001995745217311
2374,7,171,3,0,1.0,0.0,0.0,3,29.0,27116.333333333336,0.0592226724530654,0.0,2,0.0654077859611753,0.0,0.0002273350662877
2375,7,171,2,0,1.0,0.0,0.0,2,28.0,32012.5,0.0629291346607049,0.0,2,0.070334044643012,0.0,0.0001499947052789
2376,7,171,3,0,1.0,0.3333333333333333,0.0,3,30.0,2469.5,0.0644984397644631,0.0,2,0.0719051402352872,0.3333333333333333,0.000206573614568
2377,30,96,2,0,1.0,1.0,0.0,2,32.0,0.0,0.061505515575587,0.0,2,0.0684108666865445,1.0,0.000145748179565
2378,7,171,3,0,1.0,0.0,0.0,3,30.0,22200.166666666668,0.0559215739545835,1.3141479342862715e-17,2,0.0610862809230637,0.0,0.0002346888913661
2379,7,171,2,0,1.0,0.0,0.0,2,30.0,8.833333333333334,0.0559152442613301,1.495782999817559e-17,2,0.0607961324750206,0.0,0.0001665827489371
2380,30,96,2,0,1.0,0.0,0.0,2,32.0,20.88253968253968,0.0603690578027618,0.0,2,0.067240803652061,0.0,0.0001359502125598
2381,30,96,3,0,1.0,0.3333333333333333,0.0,3,31.0,12327.2,0.0623210163119583,0.0,2,0.0698697128903388,0.3333333333333333,0.0002163047942216
2382,30,96,13,0,1.0,0.01282051282051282,0.0,13,30.0,121616.86291739592,0.066455015066724,1.7556735639435188e-16,2,0.0769498610772251,0.0128205128205128,0.0008250606879719
2383,30,96,4,1,0.8,0.3333333333333333,0.31999999999999984,5,29.0,144330.48528709286,0.0711108552016007,0.0,2,0.0825138829780478,0.3,0.0002832393560966
2384,30,96,2,0,1.0,0.0,0.0,2,31.0,262.7303030303029,0.0623761001048019,0.0,2,0.0701903060398794,0.0,0.0001416153600659
2385,30,96,2,0,1.0,0.0,0.0,2,31.0,262.7303030303029,0.0623761001048019,0.0,2,0.0701903060398794,0.0,0.0001416153600658
2386,7,171,3,0,1.0,0.0,0.0,3,31.0,17268.666666666668,0.0529667831792936,2.2216398985745296e-17,2,0.0573368023804325,0.0,0.0002439578607296
2387,12,141,3,1,0.75,0.0,0.375,4,31.0,153625.29930616828,0.0577629148055471,0.0,2,0.0668039156526993,0.0,0.0002935728087078
2388,30,96,7,0,1.0,0.047619047619047616,0.0,7,31.0,24036.42863193421,0.0642192293692475,4.643919557441226e-17,2,0.072934668493135,0.0476190476190476,0.0004319789606583
2389,30,96,3,0,1.0,0.0,0.0,3,32.0,13078.868423489255,0.0615568653350114,0.0,2,0.0692514296323706,0.0,0.0002043472728513
2390,30,96,2,0,1.0,0.0,0.0,2,32.0,4185.323906105968,0.0586809845101206,3.331796204052634e-17,2,0.0645163004962156,0.0,0.0001625653508391
2391,7,171,1,0,1.0,0.0,0.0,1,29.0,0.0,0.0584152210673194,2.9865290174984263e-18,1,0.063661264132179,0.0,9.301580263528368e-05
2392,7,171,5,0,1.0,0.2,0.0,5,28.0,21652.716940802457,0.0636770259993039,0.0,2,0.0716696599546443,0.2,0.0003294090842657
2393,7,171,4,0,1.0,0.16666666666666666,0.0,4,27.0,51770.63838255929,0.0661232247788084,3.3457321057807125e-17,2,0.0751128132762722,0.1666666666666666,0.0002622267325631
2394,7,171,3,0,1.0,0.3333333333333333,0.0,3,28.0,4939.0,0.0620384789270106,9.264771474867928e-18,2,0.069031119547382,0.3333333333333333,0.0002211443843143
2395,30,96,2,0,1.0,0.0,0.0,2,31.0,9095.907239439304,0.0623186577519868,0.0,2,0.0697010219321742,0.0,0.0001533947769382
2396,15,135,3,0,1.0,0.0,0.0,3,33.0,11964.652567903337,0.060126582278481,0.0,2,0.0682673000258027,0.0,0.0002299531958216
2397,30,96,5,0,1.0,0.1,0.0,5,32.0,12876.2297873174,0.0587046939988116,5.1021638195256866e-17,2,0.065172179704726,0.1,0.0003591945600092
2398,30,96,2,0,1.0,0.0,0.0,2,31.0,17652.42502541262,0.0623233750504642,0.0,2,0.0698528437945224,0.0,0.0001453675780331
2399,30,96,1,0,1.0,0.0,0.0,1,33.0,0.0,0.0554501678097183,0.0,1,0.0602726425144261,0.0,9.14213022811372e-05
2400,30,96,1,0,1.0,0.0,0.0,1,33.0,0.0,0.0554501678097183,0.0,1,0.0602726425144261,0.0,9.14213022811372e-05
2401,30,96,1,0,1.0,0.0,0.0,1,34.0,0.0,0.0567737783294258,1.5920101256994585e-17,1,0.0623960978863807,0.0,0.0001125079513256
2402,7,171,2,0,1.0,0.0,0.0,2,30.0,2468.5,0.06449759766033,0.0,2,0.0718039256603884,0.0,0.0001466762767666
2403,7,171,2,0,1.0,1.0,0.0,2,30.0,0.0,0.06449759766033,0.0,2,0.0718039256603884,1.0,0.0001409349124736
2404,12,141,2,0,1.0,0.0,0.0,2,31.0,1658.9194011930142,0.0591808129574832,3.077565268549021e-17,2,0.0652077754476602,0.0,0.0001750731692756
2405,7,171,5,0,1.0,0.2,0.0,5,29.0,19742.418026489555,0.0649760614510443,0.0,2,0.073256596805492,0.2,0.0003189436175293
2406,7,171,2,0,1.0,0.0,0.0,2,32.0,1756.974981514545,0.0543957011980267,0.0,2,0.0588167276391687,0.0,0.000160634593927
2407,7,171,4,0,1.0,0.16666666666666666,0.0,4,29.0,9879.0,0.0592056377190249,4.571255690058298e-17,2,0.0652482525121683,0.1666666666666666,0.0003011362267181
2408,7,171,2,0,1.0,0.0,0.0,2,32.0,2472.5,0.0503070358564925,0.0,2,0.0539521685886941,0.0,0.0001715766497461
2409,34,71,7,0,1.0,0.047619047619047616,0.0,7,31.0,303843.15294072847,0.056370814980487,0.0,2,0.0683764508841422,0.0476190476190476,0.0004699884816455
2410,34,71,1,0,1.0,0.0,0.0,1,32.0,0.0,0.0533632916725179,0.0,1,0.0622939200124442,0.0,8.742825699368472e-05
2411,12,141,2,0,1.0,0.0,0.0,2,31.0,20623.28813962089,0.0599827579926417,0.0,2,0.0682680288737223,0.0,0.0001619564706068
2412,34,71,1,1,0.5,0.0,0.5,2,32.0,9234.190063254591,0.0586364067989744,0.0,2,0.0692815507026122,0.0,0.0001620222383005
2413,20,122,2,0,1.0,0.0,0.0,2,35.0,3789.57663022894,0.0506989059709764,2.04282488950122e-16,2,0.0579913027669824,0.0,0.0001628037476924
2414,20,122,4,1,0.8,0.0,0.31999999999999984,5,34.0,280379.0696043395,0.053249973051633,1.0569637993927834e-15,2,0.0622115126690381,0.0,0.0003723303955114
2415,30,96,2,0,1.0,0.0,0.0,2,33.0,18.016666666666666,0.0569426193604905,1.3779578631997409e-17,2,0.0624815933064048,0.0,0.0001569457835218
2416,30,96,2,0,1.0,0.0,0.0,2,32.0,890.3629387232246,0.0586774994357932,5.6391619800187465e-18,2,0.0646366333797064,0.0,0.000160209760023
2417,20,122,2,0,1.0,0.0,0.0,2,30.0,21941.24313637884,0.0599689229872778,3.2674737677908667e-14,2,0.0671307466577948,0.0,0.0001553164138021
2418,30,96,2,1,0.6666666666666666,0.0,0.4444444444444444,3,30.0,3336.4055246291086,0.0645625040841665,0.0,2,0.0726317162908104,0.0,0.0002022736137683
2419,30,96,2,0,1.0,0.0,0.0,2,31.0,881.6296053898893,0.0623210163119583,0.0,2,0.069744881581297,0.0,0.0001458428061318
2420,30,96,2,0,1.0,0.0,0.0,2,32.0,23.161111111111108,0.0603535692905401,0.0,2,0.0669713800931638,0.0,0.0001404458222615
2421,15,135,2,0,1.0,0.0,0.0,2,36.0,4939.0,0.0499418692817065,4.9405310712135257e-17,1,0.0535941501314271,0.0,0.0002284868340854
2422,15,135,1,0,1.0,0.0,0.0,1,37.0,0.0,0.0475667764361507,1.7678711601077692e-17,1,0.0505685508924386,0.0,0.0001274651315658
2423,25,102,2,0,1.0,0.0,0.0,2,39.0,411.9023809523816,0.0466367713004484,0.0,2,0.0550948725885067,0.0,0.000172829177994
2424,24,105,1,0,1.0,0.0,0.0,1,31.0,0.0,0.061897005387796,4.935898933894998e-16,1,0.0712290810270253,0.0,9.434225025312874e-05
2425,24,105,3,0,1.0,0.0,0.0,3,30.0,5850.508812305515,0.0659801525290165,3.622303610385312e-15,2,0.0783141266261182,0.0,0.0002258259641418
2426,5,175,3,0,1.0,0.0,0.0,3,29.0,57777.38268469698,0.0682499550987137,0.0,3,0.0834900079351818,0.0,0.0001807704826795
2427,5,175,2,0,1.0,0.0,0.0,2,34.0,4.0,0.0510499338624338,1.3607039035512711e-18,2,0.058947006191962,0.0,0.0001691160594469
2428,9,153,3,0,1.0,0.3333333333333333,0.0,3,31.0,14811.0,0.0634056808409595,0.0,2,0.0782300942674377,0.3333333333333333,0.0002140257619521
2429,10,149,2,0,1.0,0.0,0.0,2,31.0,18164.99460475845,0.0650924998682338,0.0,2,0.0815323586606612,0.0,0.0001320803786433
2430,5,175,1,0,1.0,0.0,0.0,1,32.0,0.0,0.0569675723049956,0.0,1,0.0660895774040277,0.0,7.98383025318149e-05
2431,9,153,2,0,1.0,0.0,0.0,2,34.0,4939.0,0.0530965841914056,4.93316763449452e-17,1,0.0598293167561762,0.0,0.0002245958131794
2432,9,153,2,0,1.0,0.0,0.0,2,33.0,9876.0,0.0560720082632433,1.9780406959103054e-17,1,0.0643439333256826,0.0,0.000205406718991
2433,9,153,2,0,1.0,0.0,0.0,2,32.0,4939.0,0.0593907042727644,4.6213378241462566e-17,1,0.0695618236799507,0.0,0.0002004952446437
2434,9,153,11,1,0.9166666666666666,0.01818181818181818,0.1527777777777779,12,31.0,195924.08471521785,0.0630898711382996,7.508470309981368e-17,2,0.0819520762209271,0.0151515151515151,0.0007391944152358
2435,5,175,3,0,1.0,0.0,0.0,3,33.0,16518.28682121066,0.0555924421287178,0.0,2,0.0676397954496996,0.0,0.0002023517538431
2436,9,153,3,0,1.0,0.0,0.0,3,31.0,36776.21204550877,0.0636392914653784,0.0,2,0.0798820539811384,0.0,0.0001950082651057
2437,22,108,1,0,1.0,0.0,0.0,1,33.0,0.0,0.0580514001668684,0.0,1,0.0706678197445371,0.0,8.737252977116395e-05
2438,22,108,1,0,1.0,0.0,0.0,1,33.0,0.0,0.0580514001668684,0.0,1,0.0706678197445371,0.0,8.737252977116395e-05
2439,22,108,9,3,0.75,0.0,0.4027777777777778,12,32.0,47914.15631243314,0.0616282841388258,1.6740021469819607e-16,2,0.0793149868852919,0.0,0.0008049078027042
2440,13,136,2,1,0.6666666666666666,0.0,0.4444444444444444,3,32.0,39359.36344465733,0.0634561779855874,0.0,2,0.0772883230371023,0.0,0.000227504523643
2441,24,105,1,0,1.0,0.0,0.0,1,34.0,0.0,0.0557103064066852,0.0,1,0.0653378663997792,0.0,9.599638746643992e-05
2442,24,105,1,0,1.0,0.0,0.0,1,34.0,0.0,0.0557103064066852,0.0,1,0.0653378663997792,0.0,9.599638746643992e-05
2443,24,105,5,0,1.0,0.0,0.0,5,33.0,47804.47616695706,0.058996345570497,0.0,2,0.0717982091399285,0.0,0.0003861068258049
2444,39,45,5,0,1.0,0.1,0.0,5,31.0,9928.0,0.0619699934768427,9.973784393762615e-17,2,0.0715762365650218,0.1,0.0003783564336713
2445,39,45,3,0,1.0,0.0,0.0,3,30.0,54149.0,0.0660401320802641,1.8931828690216435e-16,2,0.0777142544024118,0.0,0.0002298300034832
2446,24,105,3,0,1.0,0.0,0.0,3,31.0,12265.681942928137,0.0631479374656457,1.6509989949755681e-18,2,0.0752248543999595,0.0,0.0002342599890497
2447,37,57,5,0,1.0,0.2,0.0,5,31.0,32179.644066070232,0.0611038270291665,2.492148633722476e-17,2,0.0724484332102182,0.2,0.0002972332791331
2448,10,149,2,0,1.0,0.0,0.0,2,32.0,153.80562770562742,0.0594908355210867,0.0,2,0.0734119728381067,0.0,0.0001345751359411
2449,10,149,2,1,0.6666666666666666,0.0,0.4444444444444444,3,33.0,8253.306100968179,0.0581060258536528,0.0,2,0.0719814403344735,0.0,0.0002067583154655
2450,9,153,5,0,1.0,0.2,0.0,5,33.0,8382.622817593527,0.0569485272926393,0.0,2,0.0689261789632149,0.2,0.0003305291926807
2451,9,153,1,0,1.0,0.0,0.0,1,34.0,0.0,0.0538807207364425,0.0,1,0.0629361490276886,0.0,8.654818983533437e-05
2452,33,76,2,1,0.6666666666666666,0.0,0.4444444444444444,3,30.0,25190.19308518256,0.0652334671455736,0.0,2,0.0801399854005978,0.0,0.0002034649880113
2453,39,45,1,0,1.0,0.0,0.0,1,32.0,0.0,0.0594064168550675,0.0,1,0.0697131635681327,0.0,8.52967081641665e-05
2454,39,45,3,1,0.75,0.0,0.375,4,31.0,34820.42576408899,0.0631576255801168,0.0,2,0.0770328120175238,0.0,0.0002585340286332
2455,37,57,3,1,0.75,0.3333333333333333,0.375,4,32.0,53882.229367588334,0.0590704181563811,0.0,2,0.0692441757243236,0.1666666666666666,0.0002565924307752
2456,10,149,3,0,1.0,0.3333333333333333,0.0,3,30.0,73418.56270092585,0.0668751438357091,5.566401679638849e-16,2,0.0821405313804549,0.3333333333333333,0.0001939520127847
2457,37,57,5,1,0.8333333333333334,0.1,0.2777777777777777,6,30.0,147817.17834048808,0.0650128314798973,5.484922382093478e-16,2,0.0788655487567088,0.0666666666666666,0.0003575747208377
2458,10,149,6,3,0.6666666666666666,0.2,0.49382716049382713,9,29.0,477800.1039976085,0.0694444444444444,4.099946777308482e-15,2,0.086875746915583,0.1111111111111111,0.0005342952184888
2459,24,105,4,2,0.6666666666666666,0.0,0.4444444444444444,6,29.0,155364.55978227512,0.0704145048178345,1.3619147714432696e-14,2,0.0858351422100397,0.0666666666666666,0.0003843387746666
2460,9,153,1,0,1.0,0.0,0.0,1,32.0,0.0,0.0593935604876523,1.0032384128686726e-17,1,0.0694822979425302,0.0,0.0001001661577745
2461,9,153,3,0,1.0,0.0,0.0,3,31.0,29609.0,0.0631430945229117,0.0,1,0.076573972611316,0.0,0.0002463809318645
2462,33,76,1,0,1.0,0.0,0.0,1,31.0,0.0,0.0614397293666981,8.71550649404804e-18,1,0.0710676547338085,0.0,0.0001021330817835
2463,33,76,3,0,1.0,0.0,0.0,3,30.0,14273.526326910493,0.0654608096468561,8.808090645832149e-17,2,0.0780966540544351,0.0,0.0002533230166022
2464,5,175,4,0,1.0,0.16666666666666666,0.0,4,28.0,9877.0,0.0724255219329111,2.0569572250506158e-16,2,0.0866110520990428,0.1666666666666666,0.0002922626352089
2465,9,153,5,0,1.0,0.3,0.0,5,33.0,35685.89736949751,0.0567737783294258,0.0,3,0.0681202956876962,0.3,0.0003179934589502
2466,9,153,1,0,1.0,0.0,0.0,1,33.0,0.0,0.0567633405340809,0.0,1,0.0674016722059153,0.0,8.274130234400038e-05
2467,9,153,1,0,1.0,0.0,0.0,1,33.0,0.0,0.0567633405340809,0.0,1,0.0674016722059153,0.0,8.274130234400038e-05
2468,5,175,3,0,1.0,0.3333333333333333,0.0,3,30.0,4939.0,0.0647563117741132,0.0,2,0.0780811851295429,0.3333333333333333,0.0002091622728216
2469,22,108,3,0,1.0,0.0,0.0,3,32.0,5411.764928978049,0.0592390066074276,0.0,2,0.0733026296652599,0.0,0.0001918955974898
2470,9,153,1,0,1.0,0.0,0.0,1,33.0,0.0,0.0560313049396018,1.0565856999807565e-17,1,0.0664359949659888,0.0,9.532930005084194e-05
2471,9,153,3,0,1.0,0.0,0.0,3,32.0,19716.0,0.0593564511090284,0.0,2,0.0731175410740972,0.0,0.0002293096693102
2472,24,105,3,0,1.0,0.3333333333333333,0.0,3,33.0,4939.0,0.0573225495770431,0.0,2,0.0698256069482312,0.3333333333333333,0.0002334304593315
2473,24,105,3,0,1.0,0.0,0.0,3,32.0,28869.20603553315,0.0596971637804981,2.1704986144684828e-17,2,0.0689967338601228,0.0,0.0002191609975009
2474,24,105,7,0,1.0,0.047619047619047616,0.0,7,30.0,170140.68572361808,0.0676925606698,1.868256662373341e-15,2,0.081613960873459,0.0476190476190476,0.0004727961878384
2475,24,105,5,0,1.0,0.1,0.0,5,29.0,256514.02922931925,0.0719057946754778,1.2610020024393352e-14,2,0.0866873790335758,0.1,0.0003216986709174
2476,24,105,3,0,1.0,0.0,0.0,3,31.0,21456.212540409484,0.0634406945086556,2.2428571799243673e-16,2,0.0743271061469132,0.0,0.0002179457631833
2477,24,105,3,0,1.0,0.0,0.0,3,31.0,21456.212540409484,0.0634406945086556,2.264461470890761e-16,2,0.0743271061469132,0.0,0.0002179457631833
2478,5,175,2,0,1.0,1.0,0.0,2,33.0,0.0,0.0537447234431437,0.0,2,0.0631090618815419,1.0,0.0001369760244231
2479,24,105,3,0,1.0,0.0,0.0,3,32.0,9877.0,0.0596114396041993,1.284567875523644e-16,1,0.0679465959775704,0.0,0.0003046899830362
2480,24,105,3,0,1.0,0.0,0.0,3,31.0,19747.0,0.0633861551292744,5.321622537740703e-16,1,0.0738223805058142,0.0,0.000268107393267
2481,24,105,1,0,1.0,0.0,0.0,1,33.0,0.0,0.0562584700884875,1.178205056242791e-17,1,0.0628439621280042,0.0,0.0001166870556065
2482,24,105,1,0,1.0,0.0,0.0,1,32.0,0.0,0.0596085623959263,6.832693571170374e-17,1,0.0676766904445071,0.0,0.0001063219885052
2483,24,105,3,0,1.0,0.3333333333333333,0.0,3,31.0,14811.0,0.0637913223140495,1.99370410865831e-16,2,0.0756501217843802,0.3333333333333333,0.0002261307838273
2484,10,149,4,0,1.0,0.0,0.0,4,33.0,59325.5,0.0575858250276854,0.0,2,0.0689994689769965,0.0,0.0002929548383316
2485,5,175,8,0,1.0,0.03571428571428571,0.0,8,29.0,83833.91375154085,0.0666846652267818,0.0,3,0.0829011341719613,0.0357142857142857,0.0004602805370024
2486,5,175,3,1,0.75,0.3333333333333333,0.375,4,27.0,57076.33757212642,0.0754774637127578,5.862635459600775e-16,2,0.0916358944908556,0.3333333333333333,0.0002525650383696
2487,10,149,3,0,1.0,0.3333333333333333,0.0,3,30.0,9876.0,0.0668488998349075,5.716572856620198e-16,2,0.0818445992424176,0.3333333333333333,0.0002088134785205
2488,9,153,5,0,1.0,0.2,0.0,5,32.0,34416.6125470423,0.0612037564734742,0.0,2,0.0749245051134708,0.2,0.0003266478341482
2489,9,153,6,1,0.8571428571428571,0.06666666666666667,0.24489795918367352,7,31.0,158230.99507689636,0.0650633511577061,0.0,2,0.0826767868434037,0.0476190476190476,0.0004482346550104
2490,5,175,6,0,1.0,0.0,0.0,6,32.0,52502.85555606847,0.056837139734223,0.0,2,0.0695098006477435,0.0,0.000401402101259
2491,5,175,1,0,1.0,0.0,0.0,1,34.0,0.0,0.0514079963369201,1.8707671775068804e-17,1,0.057671962812295,0.0,0.0001161647069366
2492,24,105,3,0,1.0,0.0,0.0,3,33.0,11519.27785120958,0.056889503080555,0.0,2,0.0680599954508315,0.0,0.000227892186411
2493,24,105,8,0,1.0,0.03571428571428571,0.0,8,32.0,46420.97893632069,0.0602850727325978,3.3042704981561924e-18,2,0.0744286638800402,0.0357142857142857,0.0005750288358854
2494,5,175,3,0,1.0,0.0,0.0,3,31.0,18200.641623362328,0.0615131742790257,0.0,3,0.0757807385285804,0.0,0.0001681652316838
2495,5,175,4,0,1.0,0.0,0.0,4,33.0,14813.999999999996,0.0537845135441163,4.322506344108993e-17,1,0.0636068608661833,0.0,0.0003593713589325
2496,5,175,3,0,1.0,0.0,0.0,3,30.0,19128.58461334793,0.0626641127446627,0.0,3,0.0759628361085163,0.0,0.0001793158884308
2497,5,175,4,0,1.0,0.0,0.0,4,32.0,23560.664839652247,0.0569912321181356,0.0,2,0.0668578442249259,0.0,0.0003105780073235
2498,5,175,4,0,1.0,0.0,0.0,4,33.0,12512.627281508498,0.0538138085797076,0.0,2,0.064212702393078,0.0,0.0002769410827637
2499,22,108,3,0,1.0,0.3333333333333333,0.0,3,30.0,4939.0,0.0657072171530419,3.7510453406304254e-19,2,0.080083327412566,0.3333333333333333,0.000201872478156
2500,22,108,6,0,1.0,0.2,0.0,6,34.0,14814.0,0.0530253426789605,1.940468921928211e-17,3,0.0631002374112665,0.2,0.0004179291507707
2501,24,105,3,0,1.0,0.0,0.0,3,31.0,72480.29901854949,0.0627811808962204,0.0,2,0.074103519548327,0.0,0.0002233885193505
2502,24,105,7,0,1.0,0.0,0.0,7,30.0,136311.9307962106,0.0669385764034743,3.962204355138408e-16,2,0.0809004051801323,0.0,0.0005057822860579
2503,24,105,2,1,0.6666666666666666,0.0,0.4444444444444444,3,29.0,185706.9570148164,0.0710995970063327,1.929488269541062e-15,2,0.0860973193312387,0.0,0.000203809981322
2504,39,45,3,0,1.0,0.3333333333333333,0.0,3,30.0,4939.0,0.066022479718803,2.192616540514489e-16,2,0.0774737492934857,0.3333333333333333,0.0002317123784208
2505,10,149,5,0,1.0,0.1,0.0,5,32.0,86493.73721129958,0.061046439781518,0.0,2,0.074770031166247,0.1,0.0003309246829975
2506,9,153,3,0,1.0,0.0,0.0,3,34.0,9877.0,0.0533413957305287,4.255033024057075e-17,1,0.0631642238749271,0.0,0.0002865452188417
2507,24,105,1,0,1.0,0.0,0.0,1,31.0,0.0,0.0612136156924945,2.4830285931498074e-16,1,0.0688531140127671,0.0,0.0001084139426593
2508,24,105,3,0,1.0,0.0,0.0,3,30.0,9877.0,0.0652041920751828,1.853613899479551e-15,1,0.0751030462311689,0.0,0.0002754907608698
2509,24,105,4,0,1.0,0.0,0.0,4,33.0,17644.218958556892,0.0572242751398751,1.5244888024754765e-18,2,0.06746353869841,0.0,0.0003350004518961
2510,24,105,1,0,1.0,0.0,0.0,1,34.0,0.0,0.0541274954528521,0.0,1,0.0619721614517843,0.0,0.0001015458231075
2511,24,105,1,0,1.0,0.0,0.0,1,34.0,0.0,0.0541274954528521,0.0,1,0.0619721614517843,0.0,0.0001015458231075
2512,24,105,1,0,1.0,0.0,0.0,1,37.0,0.0,0.0477506911284242,1.47459159691781e-17,1,0.0532484866205906,0.0,0.0001151603486021
2513,5,175,3,0,1.0,0.0,0.0,3,32.0,7284.83472880929,0.0563959130087333,0.0,2,0.0676600091284671,0.0,0.0001849842872032
2514,5,175,2,0,1.0,1.0,0.0,2,32.0,0.0,0.0572946265990883,0.0,2,0.0672889221349427,1.0,0.0001329819424147
2515,5,175,5,0,1.0,0.2,0.0,5,32.0,24110.80151940672,0.0577163486815202,0.0,2,0.0691728143960462,0.2,0.0003126096463704
2516,24,105,3,0,1.0,0.0,0.0,3,30.0,9877.0,0.0652041920751828,1.8517783664811903e-15,1,0.0751030462311689,0.0,0.0002754907608698
2517,24,105,1,0,1.0,0.0,0.0,1,31.0,0.0,0.0612136156924945,2.483225484198853e-16,1,0.0688531140127671,0.0,0.0001084139426593
2518,24,105,1,0,1.0,0.0,0.0,1,31.0,0.0,0.0612136156924945,2.483433073888885e-16,1,0.0688531140127671,0.0,0.0001084139426593
2519,24,105,7,0,1.0,0.047619047619047616,0.0,7,29.0,44093.85831420042,0.0697474127098422,1.3343782250299534e-14,2,0.0828030957899203,0.0476190476190476,0.0005009433163355
2520,5,175,3,0,1.0,1.0,0.0,3,31.0,0.0,0.0603764360791982,0.0,3,0.0718829622276572,1.0,0.0001732297340588
2521,24,105,4,1,0.8,0.0,0.31999999999999984,5,32.0,77344.95931171866,0.0625577772993782,0.0,2,0.0778130593303755,0.0,0.0003561200852862
2522,10,149,7,1,0.875,0.047619047619047616,0.21875,8,31.0,339298.4517069985,0.0649658074697527,7.143551147185907e-17,2,0.0825034927896901,0.0357142857142857,0.0005147668136595
2523,33,76,1,0,1.0,0.0,0.0,1,30.0,0.0,0.0684267390641881,2.783632139389361e-16,1,0.0809689481307299,0.0,8.770478681627605e-05
2524,9,153,3,0,1.0,0.0,0.0,3,31.0,38434.58267769124,0.0636433908786395,0.0,2,0.0800170067476701,0.0,0.0001846271372776
2525,10,149,2,0,1.0,1.0,0.0,2,30.0,0.0,0.0668452815891315,5.50418949293922e-16,2,0.0816590391884366,1.0,0.0001320795778084
2526,24,105,1,0,1.0,0.0,0.0,1,37.0,0.0,0.0477516142752194,0.0,1,0.0532990939080401,0.0,0.0001062494426628
2527,5,175,4,2,0.6666666666666666,0.16666666666666666,0.5,6,29.0,129482.33087315976,0.0687715781267401,3.7270626316764187e-17,2,0.0837642069093145,0.0666666666666666,0.0003908690989959
2528,33,76,4,2,0.6666666666666666,0.16666666666666666,0.4444444444444444,6,27.0,3260935.501058816,0.0787728026533996,3.869182730440081e-15,3,0.0974704180349552,0.1333333333333333,0.0003516146576664
2529,22,108,5,0,1.0,0.3,0.0,5,31.0,43846.404642640045,0.0628978864272982,0.0,3,0.0806747199356741,0.3,0.0002799733468234
2530,22,108,8,0,1.0,0.21428571428571427,0.0,8,33.0,47088.81068347724,0.0559881223578479,0.0,3,0.0687728608168801,0.2142857142857142,0.0004491583461753
2531,22,108,4,0,1.0,0.16666666666666666,0.0,4,34.0,14842.496031746045,0.053025911852472,0.0,2,0.0629652846447346,0.1666666666666666,0.0002555150658854
2532,33,76,2,0,1.0,0.0,0.0,2,28.0,1054768.905264857,0.0780312124849939,7.072541360368302e-14,2,0.0918391673448604,0.0,0.0001376304560465
2533,5,175,10,0,1.0,0.2,0.0,10,30.0,174659.85458084635,0.0640186613101794,0.0,3,0.0787643513276073,0.2,0.000545647755959
2534,5,175,6,0,1.0,0.13333333333333333,0.0,6,31.0,41056.7935796525,0.0607753158717074,0.0,2,0.0740222122634304,0.1333333333333333,0.0003891383458514
2535,9,153,1,0,1.0,0.0,0.0,1,34.0,0.0,0.0534273539399969,4.563765484917581e-18,1,0.0633288332196985,0.0,9.624412921266556e-05
2536,9,153,2,1,0.6666666666666666,0.0,0.4444444444444444,3,33.0,27831.822958561886,0.0564423065936953,4.243703245936285e-17,2,0.0693063072897415,0.0,0.0002325384781166
2537,5,175,3,0,1.0,0.3333333333333333,0.0,3,30.0,5863.631940837538,0.0639043762855257,0.0,2,0.0757286241218397,0.3333333333333333,0.0001985522349407
2538,22,108,6,3,0.6666666666666666,0.13333333333333333,0.4444444444444444,9,29.0,305358.2842554921,0.070280267463366,3.184757905725762e-16,3,0.0896014811906502,0.0833333333333333,0.0004929753086048
2539,33,76,2,1,0.6666666666666666,0.0,0.4444444444444444,3,28.0,231842.6645234649,0.0742310177463222,2.0178418078463002e-15,3,0.0908198710782877,0.0,0.00018121046957
2540,9,153,1,0,1.0,0.0,0.0,1,35.0,0.0,0.0516433888099021,1.6031124866303852e-18,1,0.0582753658408159,0.0,0.0001163227739055
2541,9,153,2,0,1.0,0.0,0.0,2,33.0,19744.0,0.0575864963163293,4.591934482496563e-19,1,0.0677971826968339,0.0,0.0001873073186702
2542,5,175,13,0,1.0,0.10256410256410256,0.0,13,29.0,274125.4785764244,0.0680253373726246,0.0,3,0.0845842595000808,0.1025641025641025,0.0007258619255217
2543,5,175,5,1,0.8333333333333334,0.2,0.2777777777777777,6,27.0,3436528.366715567,0.0780262825372757,5.613916600817837e-16,3,0.0969741762527589,0.2,0.0003603209962678
2544,22,108,7,0,1.0,0.14285714285714285,0.0,7,30.0,51961.98648981156,0.0657553209897906,1.083160072866882e-16,2,0.0812251242122576,0.1428571428571428,0.0004161570583898
2545,10,149,8,1,0.8888888888888888,0.0,0.19753086419753085,9,31.0,63380.08959285614,0.0632230981877751,1.6456683150947302e-16,2,0.0817143084780986,0.0,0.0005343036979159
2546,5,175,1,0,1.0,0.0,0.0,1,30.0,0.0,0.0638903259182617,0.0,1,0.0752697847156319,0.0,8.484184308088903e-05
2547,5,175,1,0,1.0,0.0,0.0,1,30.0,0.0,0.0638903259182617,0.0,1,0.0752697847156319,0.0,8.484184308088903e-05
2548,5,175,9,0,1.0,0.05555555555555555,0.0,9,29.0,62453.8421792142,0.0682499550987137,1.3836112137064085e-17,2,0.0840500619162882,0.0555555555555555,0.0005768853458959
2549,33,76,5,0,1.0,0.0,0.0,5,28.0,178861.26528715563,0.0734059467732588,8.948717490472153e-16,3,0.0893014659153178,0.0,0.0003262197219319
2550,33,76,5,2,0.7142857142857143,0.0,0.44897959183673464,7,30.0,84423.16541725185,0.067543547813722,2.577289902483644e-17,3,0.0849034113796195,0.0476190476190476,0.0004185936800888
2551,33,76,4,1,0.8,0.0,0.31999999999999984,5,29.0,155638.68103246082,0.0694581142262591,1.514841355420272e-17,3,0.0864431703899418,0.1,0.0002871762723399
2552,24,105,3,0,1.0,0.0,0.0,3,31.0,4992.733333333334,0.0650804942955761,2.2169808590105431e-16,2,0.0769548063117813,0.0,0.0002305028841446
2553,22,108,19,0,1.0,0.06432748538011696,0.0,19,32.0,55402.80641419463,0.059214863649985,4.897669362232257e-16,3,0.0762278454750912,0.0643274853801169,0.0010009825834507
2554,22,108,7,3,0.7,0.0,0.4600000000000001,10,30.0,279601.54026058404,0.0669086574926861,0.0,3,0.0889562017430816,0.0,0.0005564817827954
2555,24,105,1,0,1.0,0.0,0.0,1,33.0,0.0,0.0562584700884875,1.3297322093954855e-17,1,0.0628439621280042,0.0,0.0001166870556065
2556,29,100,2,1,0.6666666666666666,1.0,0.4444444444444444,3,31.0,6230.5156783118255,0.0637164489043092,0.0,3,0.0770855140236614,0.3333333333333333,0.0001922747646618
2557,33,76,1,2,0.3333333333333333,0.0,0.6666666666666667,3,27.0,1412145.2238510111,0.0791146842619432,5.169894504863786e-13,2,0.0932522370742939,0.0,0.0001949734286259
2558,24,105,3,1,0.75,0.3333333333333333,0.375,4,28.0,374160.6983275762,0.0745851765736113,7.429070356396157e-14,2,0.0893392178933612,0.1666666666666666,0.0002555662969266
2559,24,105,7,0,1.0,0.047619047619047616,0.0,7,31.0,101896.85710748904,0.0642777213938116,2.524396355454585e-16,2,0.0786395188229868,0.0476190476190476,0.0004962854603665
2560,39,45,3,0,1.0,0.0,0.0,3,30.0,58562.15097606372,0.0662162886708487,1.6132958392323504e-16,2,0.078528588516341,0.0,0.0001902807442352
2561,5,175,7,2,0.7777777777777778,0.09523809523809523,0.345679012345679,9,30.0,118845.6648525595,0.0653940854094411,0.0,3,0.0827400753691088,0.0555555555555555,0.0005003278199518
2562,13,136,5,2,0.7142857142857143,0.1,0.44897959183673464,7,33.0,85344.40950235727,0.0605718769924959,0.0,2,0.0747611756635785,0.0476190476190476,0.0004931008000284
2563,22,108,4,0,1.0,0.0,0.0,4,31.0,26802.749542485995,0.0622260291227893,6.036307534052704e-17,2,0.0750609219028476,0.0,0.000295113812537
2564,5,175,3,0,1.0,0.0,0.0,3,32.0,14813.0,0.05729794933655,1.6350806119673568e-17,1,0.0673481258863194,0.0,0.0002605097089556
2565,10,149,4,0,1.0,0.0,0.0,4,31.0,35086.59095701986,0.0610102507101395,1.517721074969698e-16,2,0.071374068977959,0.0,0.0003264209300886
2566,10,149,1,0,1.0,0.0,0.0,1,30.0,0.0,0.0624581189232928,2.4631970153104923e-16,1,0.0710032888082286,0.0,0.0001011277250248
2567,10,149,3,0,1.0,0.0,0.0,3,29.0,22391.871838663745,0.0666181190495455,1.8183416723495066e-15,2,0.0779092519174265,0.0,0.0002497746986303
2568,10,149,1,0,1.0,0.0,0.0,1,31.0,0.0,0.0587787349483603,5.110252812525861e-17,1,0.0655456813676746,0.0,0.0001177471040513
2569,10,149,3,0,1.0,0.0,0.0,3,29.0,19748.0,0.0666055441699924,1.8177656794185e-15,1,0.0777868304792157,0.0,0.0002653327816557
2570,10,149,1,0,1.0,0.0,0.0,1,31.0,0.0,0.058782931530974,3.425708558994082e-17,1,0.0656348465884188,0.0,0.0001138271023272
2571,10,149,1,0,1.0,0.0,0.0,1,31.0,0.0,0.0587787349483603,5.15456756875716e-17,1,0.0655456813676746,0.0,0.0001177471040513
2572,10,149,3,0,1.0,0.0,0.0,3,29.0,19748.0,0.0666055441699924,1.8193527078906946e-15,1,0.0777868304792157,0.0,0.0002653327816557
2573,10,149,1,0,1.0,0.0,0.0,1,31.0,0.0,0.0587787349483603,5.0739857204949826e-17,1,0.0655456813676746,0.0,0.0001177471040513
2574,10,149,8,0,1.0,0.14285714285714285,0.0,8,31.0,63935.54119465006,0.0624044668460479,0.0,3,0.077912987356394,0.1428571428571428,0.0005154030225515
2575,10,149,10,3,0.7692307692307693,0.022222222222222223,0.37869822485207094,13,30.0,164975.97208740417,0.0665024298964769,2.485372978097671e-16,2,0.0860688138583109,0.0128205128205128,0.0008201106321293
2576,9,153,6,0,1.0,0.2,0.0,6,33.0,16609.3554041845,0.0580098170459616,0.0,2,0.0700308123192515,0.2,0.0003883252538918
2577,24,105,5,0,1.0,0.0,0.0,5,33.0,20965.9900644332,0.0573272060530102,2.254331061665151e-17,2,0.0700539020449472,0.0,0.0003879255253935
2578,9,153,3,0,1.0,0.0,0.0,3,31.0,14813.0,0.0631382523229508,0.0,1,0.0764795056747438,0.0,0.0002537774732433
2579,22,108,4,0,1.0,0.5,0.0,4,34.0,4939.0,0.0530242043685933,0.0,3,0.0628978082614688,0.5,0.0002660689412108
2580,22,108,1,0,1.0,0.0,0.0,1,35.0,0.0,0.0503547255973252,0.0,1,0.0579760927995592,0.0,8.689787708690715e-05
2581,10,149,1,0,1.0,0.0,0.0,1,31.0,0.0,0.0623564161470298,0.0,1,0.0761267910965135,0.0,8.398084533421786e-05
2582,9,153,1,0,1.0,0.0,0.0,1,33.0,0.0,0.0575811264453562,2.5003294705616065e-18,1,0.0675340248020972,0.0,0.0001013427718443
2583,9,153,3,0,1.0,0.0,0.0,3,32.0,29609.0,0.061098536850828,0.0,1,0.0741967612713811,0.0,0.0002505336874048
2584,22,108,2,1,0.6666666666666666,0.0,0.4444444444444444,3,30.0,89631.04615435745,0.0663274211522711,0.0,3,0.0834657784237125,0.0,0.0001728946991268
2585,9,153,13,0,1.0,0.14102564102564102,0.0,13,31.0,314216.2396018713,0.0637674424608553,0.0,3,0.081132447117546,0.141025641025641,0.0006953652583469
2586,9,153,8,2,0.8,0.07142857142857142,0.31999999999999984,10,30.0,464689.69768700446,0.067386915479893,9.575959503538548e-17,2,0.0858529490146695,0.0444444444444444,0.0006033670513692
2587,24,105,1,0,1.0,0.0,0.0,1,33.0,0.0,0.0562366950126931,0.0,1,0.0676500359886542,0.0,9.031131687872832e-05
2588,24,105,4,1,0.8,0.16666666666666666,0.31999999999999984,5,32.0,41918.74885614488,0.0595869921837305,0.0,2,0.075053520533986,0.1,0.0003526652341125
2589,24,105,1,0,1.0,0.0,0.0,1,37.0,0.0,0.0477516142752194,0.0,1,0.0532990939080401,0.0,0.0001062494426628
2590,9,153,3,0,1.0,0.0,0.0,3,32.0,19747.0,0.0593992737416732,5.249866876165924e-17,1,0.0698298013163494,0.0,0.0002809244869769
2591,24,105,3,0,1.0,0.0,0.0,3,30.0,30973.795971904645,0.0676675250671196,3.536049773570879e-15,2,0.0810841286607545,0.0,0.0002154587556389
2592,10,149,2,0,1.0,0.0,0.0,2,31.0,41.261904761904745,0.0625696625797953,0.0,2,0.0773923680095974,0.0,0.0001344428612484
2593,10,149,6,1,0.8571428571428571,0.0,0.24489795918367352,7,28.0,330110.7351959344,0.0713491341334835,1.3184812050322924e-14,2,0.0863563284264686,0.0476190476190476,0.0004957383581512
2594,33,76,1,2,0.3333333333333333,0.0,0.6666666666666667,3,26.0,2346002.324442476,0.0809437981320662,5.313695263396869e-13,2,0.0955119448205913,0.0,0.0002018042922106
2595,5,175,9,0,1.0,0.16666666666666666,0.0,9,31.0,65034.36148806697,0.0604081832300035,0.0,3,0.0730069259832,0.1666666666666666,0.0005239066812585
2596,22,108,8,0,1.0,0.07142857142857142,0.0,8,31.0,106749.56488178777,0.0629187151336067,0.0,3,0.0813441820525046,0.0714285714285714,0.0004547614402892
2597,10,149,2,1,0.6666666666666666,0.0,0.4444444444444444,3,31.0,2882.7207164284746,0.0624155053255335,0.0,2,0.0772187035700049,0.0,0.0001897231515785
2598,24,105,1,0,1.0,0.0,0.0,1,31.0,0.0,0.061897005387796,4.943854925387221e-16,1,0.0712290810270253,0.0,9.4342250253076e-05
2599,24,105,3,0,1.0,0.0,0.0,3,30.0,5850.508812305513,0.0659801525290165,3.619650479131121e-15,2,0.0783141266261182,0.0,0.0002258259641417
2600,5,175,2,0,1.0,0.0,0.0,2,30.0,4939.0,0.0643488908283291,7.479616721514329e-18,1,0.075469003114527,0.0,0.000174615800321
2601,10,149,5,0,1.0,0.1,0.0,5,31.0,69496.78422166192,0.0630214579134029,0.0,2,0.0806023811566571,0.1,0.0003103499087959
2602,24,105,1,0,1.0,0.0,0.0,1,30.0,0.0,0.0652007496766359,1.7277941705436165e-15,1,0.0748331406981055,0.0,9.118705834892292e-05
2603,9,153,3,0,1.0,0.0,0.0,3,30.0,8565.634018260707,0.066313175380898,5.947246424023121e-17,2,0.0821565471249635,0.0,0.0002080908306956
2604,39,45,6,2,0.75,0.13333333333333333,0.40625,8,29.0,574410.3042614456,0.0706835124268482,1.5357593424822308e-15,2,0.0862060308610706,0.0714285714285714,0.0005104762612868
2605,33,76,4,0,1.0,0.16666666666666666,0.0,4,27.0,2272683.1237627864,0.0803578690524603,7.60309424406641e-14,2,0.0966672204292082,0.1666666666666666,0.0002523776700154
2606,33,76,7,0,1.0,0.09523809523809523,0.0,7,27.0,2477882.327241845,0.0796260477111541,1.483020452108249e-14,3,0.0987184852139669,0.0952380952380952,0.0004021797344859
2607,33,76,6,2,0.75,0.0,0.375,8,28.0,577840.2403222205,0.0747963540562638,2.444687859175299e-15,3,0.0946296967247101,0.0,0.0004886299680583
2608,9,153,5,5,0.5,0.0,0.62,10,29.0,475717.3248862122,0.0707574195026927,7.801456835900275e-16,3,0.0916780654239118,0.0,0.0006025795980507
2609,39,45,3,0,1.0,0.3333333333333333,0.0,3,30.0,9876.0,0.0660233621127475,2.061318416963093e-16,2,0.0775074874851186,0.3333333333333333,0.000231202909737
2610,9,153,1,0,1.0,0.0,0.0,1,35.0,0.0,0.0504009631277164,1.198060742157219e-18,1,0.0574083769169896,0.0,0.0001079188509065
2611,33,76,5,1,0.8333333333333334,0.0,0.2777777777777777,6,29.0,164401.76181378838,0.0734517879711545,2.3614772092659677e-15,2,0.0906773253047354,0.0,0.0004047992452001
2612,33,76,4,0,1.0,0.16666666666666666,0.0,4,28.0,1191726.5947504474,0.0780275149658037,1.2192391164163882e-14,2,0.0948843924419784,0.1666666666666666,0.0002448459177549
2613,24,105,1,0,1.0,0.0,0.0,1,31.0,0.0,0.0612136156924945,2.479962004549299e-16,1,0.0688531140127671,0.0,0.0001084139426593
2614,10,149,3,0,1.0,0.3333333333333333,0.0,3,31.0,9876.0,0.064652915925034,3.2172160567737776e-17,2,0.079608134099797,0.3333333333333333,0.000214029571246
2615,24,105,1,0,1.0,0.0,0.0,1,35.0,0.0,0.0527834170317341,0.0,1,0.060745397849748,0.0,9.889723644579946e-05
2616,24,105,4,0,1.0,0.0,0.0,4,34.0,39823.41084160928,0.0557241317074821,0.0,2,0.0660767327965405,0.0,0.0003225365146644
2617,10,149,10,2,0.8333333333333334,0.08888888888888889,0.29166666666666663,12,30.0,601132.098464945,0.0690117627336481,1.3030697005570529e-15,2,0.0884860301627735,0.0606060606060606,0.0007236725032861
2618,33,76,3,0,1.0,0.3333333333333333,0.0,3,28.0,362045.2492358194,0.0771838820055309,1.2350029623872308e-14,2,0.0931452286391649,0.3333333333333333,0.0001933637170074
2619,9,153,3,0,1.0,0.0,0.0,3,32.0,15742.713705344016,0.0593614439010322,0.0,2,0.0732862320322619,0.0,0.0002064887046163
2620,22,108,3,0,1.0,0.0,0.0,3,31.0,27416.36758540073,0.0617083468658655,0.0,2,0.0741417869851716,0.0,0.0002169590539566
2621,29,100,3,1,0.75,0.3333333333333333,0.375,4,30.0,24278.18206499443,0.0659414002536207,0.0,3,0.0805350179449806,0.1666666666666666,0.0002631698692441
2622,9,153,3,1,0.75,0.0,0.375,4,33.0,45339.41218758037,0.0563438113052602,8.742307706195881e-18,2,0.0688296640499406,0.0,0.0003132175309084
2623,9,153,3,0,1.0,0.0,0.0,3,30.0,68517.5129854699,0.0665015346507996,0.0,2,0.0839066537434905,0.0,0.0002114985294789
2624,9,153,3,0,1.0,0.0,0.0,3,30.0,58754.36298546981,0.0664988490583816,0.0,2,0.0838391773602247,0.0,0.00019855245379
2625,24,105,1,0,1.0,0.0,0.0,1,33.0,0.0,0.0572096955378753,0.0,1,0.0668258868765481,0.0,9.383354324711908e-05
2626,24,105,1,0,1.0,0.0,0.0,1,33.0,0.0,0.0572096955378753,0.0,1,0.0668258868765481,0.0,9.383354324711908e-05
2627,24,105,6,0,1.0,0.0,0.0,6,32.0,55525.11195327546,0.0606805060803341,0.0,2,0.0736797769090914,0.0,0.0004480610553001
2628,5,175,2,0,1.0,0.0,0.0,2,32.0,9876.0,0.0563766048502139,1.8764116753420813e-17,1,0.0630717768235514,0.0,0.0002109515403383
2629,5,175,3,1,0.75,0.0,0.375,4,33.0,28251.631788258543,0.0559830464296642,0.0,2,0.0688636558737118,0.0,0.0002692524913677
2630,24,105,1,0,1.0,0.0,0.0,1,34.0,0.0,0.0535495550183737,2.0889644091307122e-17,1,0.0594771813791878,0.0,0.000119690450328
2631,33,76,2,1,0.6666666666666666,0.0,0.4444444444444444,3,31.0,6401.173205470525,0.0622840860377739,0.0,2,0.0757958943078605,0.0,0.0002425079908375
2632,10,149,2,0,1.0,0.0,0.0,2,31.0,4939.0,0.0626625229910572,1.4562223937138283e-16,1,0.0739022341762067,0.0,0.0001805503546166
2633,22,108,2,0,1.0,0.0,0.0,2,32.0,130.08025308025316,0.0595223751114538,0.0,2,0.0738471955101715,0.0,0.0001497377990571
2634,33,76,1,0,1.0,0.0,0.0,1,32.0,0.0,0.0586329270174355,6.8523939963151364e-18,1,0.0688335972357011,0.0,9.9068824483559e-05
2635,5,175,1,0,1.0,0.0,0.0,1,34.0,0.0,0.0528274446060398,1.3098302586045608e-18,1,0.0617549912368581,0.0,9.755747010350653e-05
2636,22,108,2,0,1.0,0.0,0.0,2,33.0,7531.372046991429,0.0559171430188465,4.6039028647645834e-18,2,0.0667254345589278,0.0,0.0001441253960362
2637,10,149,2,0,1.0,0.0,0.0,2,31.0,18164.99460475845,0.0650924998682338,0.0,2,0.0815323586606612,0.0,0.0001320803786432
2638,5,175,2,1,0.6666666666666666,0.0,0.4444444444444444,3,33.0,18275.97482829601,0.0557732040237995,9.164385390525386e-18,2,0.0672985210299097,0.0,0.0002371737989078
2639,22,108,2,0,1.0,0.0,0.0,2,33.0,188.257927434752,0.0580623170860709,0.0,2,0.0709782111075601,0.0,0.0001417429490598
2640,9,153,3,0,1.0,0.0,0.0,3,34.0,19747.0,0.0530754767660488,4.339019038088125e-17,1,0.0619160284693421,0.0,0.0002737433782128
2641,24,105,3,0,1.0,0.0,0.0,3,33.0,14691.70306579495,0.0590767758909351,0.0,2,0.0716964794481178,0.0,0.0002405933794678
2642,24,105,1,0,1.0,0.0,0.0,1,31.0,0.0,0.063401611992402,1.9924124369698286e-16,1,0.0736046268718023,0.0,8.776919274570222e-05
2643,24,105,4,0,1.0,0.0,0.0,4,32.0,23701.201950574512,0.0594135616866716,1.2725877771726852e-17,2,0.0697559698764588,0.0,0.0003120644731148
2644,24,105,4,0,1.0,0.0,0.0,4,33.0,9887.0,0.0561019374474754,6.021477455959435e-18,2,0.0647878061893722,0.0,0.0003372811337828
2645,24,105,6,0,1.0,0.0,0.0,6,32.0,70932.31601715574,0.0591092923636537,0.0,2,0.0691401145916505,0.0,0.0004609423855351
2646,24,105,3,0,1.0,0.0,0.0,3,34.0,7596.421408758005,0.0538542881749501,0.0,2,0.0631766501944476,0.0,0.0002474945117
2647,24,105,8,0,1.0,0.0,0.0,8,33.0,36381.55604395604,0.0558223628453584,9.22388932621268e-17,2,0.0643576714409473,0.0,0.0007098206203349
2648,24,105,5,0,1.0,0.0,0.0,5,33.0,17196.938687671656,0.0561165952902954,0.0,2,0.0652815083936007,0.0,0.0003950435914825
2649,24,105,4,0,1.0,0.0,0.0,4,34.0,10099.03826043238,0.0531457096135639,0.0,2,0.0607921608130513,0.0,0.0003515351304539
2650,33,76,2,0,1.0,0.0,0.0,2,31.0,2.0,0.0640518638573744,9.527829830740698e-17,2,0.0739958781849039,0.0,0.0001685573234027
2651,9,153,2,0,1.0,0.0,0.0,2,30.0,4939.0,0.0660843043088571,5.119116742956658e-17,1,0.0809444182049845,0.0,0.0001681126981316
2652,5,175,2,0,1.0,1.0,0.0,2,32.0,0.0,0.0563605248146035,0.0,2,0.0669852452958086,1.0,0.000120490005878
2653,33,76,2,0,1.0,0.0,0.0,2,30.0,4939.0,0.06510107798951,7.233108679754501e-17,1,0.0761731451521814,0.0,0.000194099195179
2654,33,76,3,0,1.0,0.0,0.0,3,29.0,23235.038098470923,0.0696294416959138,3.425964457422407e-16,2,0.0842146677117293,0.0,0.0002369104398341
2655,5,175,6,0,1.0,0.13333333333333333,0.0,6,30.0,37407.26511232619,0.0640801131130741,0.0,3,0.0775379804200624,0.1333333333333333,0.0003489507282967
2656,9,153,3,0,1.0,0.0,0.0,3,32.0,9877.0,0.0596287086884098,7.387215685603816e-17,1,0.0709301415968518,0.0,0.00027512767653
2657,22,108,5,0,1.0,0.4,0.0,5,32.0,3716.187414257288,0.0589590270567033,0.0,3,0.0722582691674582,0.4,0.000265583057959
2658,5,175,2,0,1.0,0.0,0.0,2,33.0,4939.0,0.0541945958992024,3.6364882360885837e-17,1,0.0620756798837876,0.0,0.0002034814940138
2659,5,175,2,0,1.0,0.0,0.0,2,32.0,9876.0,0.0572966201953188,0.0,1,0.0672131731197877,0.0,0.0001712926392656
2660,10,149,2,0,1.0,0.0,0.0,2,37.0,0.5,0.0467918237444825,2.6143445167343107e-17,2,0.0517840808659288,0.0,0.0001856585132449
2661,9,153,1,0,1.0,0.0,0.0,1,33.0,0.0,0.0560618268892495,1.832523218146217e-17,1,0.0640270353114161,0.0,0.0001155687060531
2662,9,153,12,0,1.0,0.16666666666666666,0.0,12,30.0,99125.7559866728,0.0660648612504179,0.0,3,0.082672382504159,0.1666666666666666,0.000621508470637
2663,9,153,1,0,1.0,0.0,0.0,1,32.0,0.0,0.0587745389649018,1.9242173522761e-17,1,0.0695008988583836,0.0,8.729081324990718e-05
2664,5,175,1,0,1.0,0.0,0.0,1,30.0,0.0,0.0635337088767137,0.0,1,0.0737260203378594,0.0,9.4342652823329e-05
2665,5,175,1,0,1.0,0.0,0.0,1,30.0,0.0,0.0635337088767137,0.0,1,0.0737260203378594,0.0,9.4342652823329e-05
2666,10,149,2,0,1.0,0.0,0.0,2,30.0,4939.0,0.0624486442070665,2.848620394058391e-16,1,0.0710560649794258,0.0,0.0002056208869923
2667,5,175,1,0,1.0,0.0,0.0,1,34.0,0.0,0.0514090663114515,1.813504170789149e-17,1,0.0576989533656013,0.0,0.0001168378620354
2668,9,153,3,0,1.0,0.3333333333333333,0.0,3,31.0,4939.0,0.0624439079268369,0.0,2,0.0768247339562885,0.3333333333333333,0.0002009385394246
2669,9,153,1,0,1.0,0.0,0.0,1,33.0,0.0,0.0562738508856866,7.466393117730937e-18,1,0.0650077218538437,0.0,0.0001083110687631
2670,5,175,5,0,1.0,0.3,0.0,5,32.0,15857.621278120414,0.057994834468185,0.0,3,0.070179776349693,0.3,0.0002819352121249
2671,37,57,6,0,1.0,0.2,0.0,6,32.0,41516.03297571437,0.0576301636743312,0.0,2,0.06746923277264,0.2,0.0003614487665744
2672,9,153,3,0,1.0,0.0,0.0,3,32.0,5673.089935655964,0.0600834357022099,3.3193749799855726e-17,2,0.0732287892315053,0.0,0.000215309062049
2673,9,153,1,0,1.0,0.0,0.0,1,33.0,0.0,0.056678675508846,6.542449067842803e-18,1,0.066681643560065,0.0,9.136246132682392e-05
2674,9,153,5,0,1.0,0.3,0.0,5,32.0,5763.577382266835,0.0600834357022099,0.0,3,0.073471117481011,0.3,0.0003061200062458
2675,33,76,1,0,1.0,0.0,0.0,1,33.0,0.0,0.0544850938048021,0.0,1,0.0617198287465043,0.0,8.145428731616252e-05
2676,10,149,1,0,1.0,0.0,0.0,1,31.0,0.0,0.0609936783879889,8.132589419042953e-17,1,0.0706588193153408,0.0,9.603995063498429e-05
2677,10,149,3,0,1.0,0.0,0.0,3,30.0,36756.12816133599,0.0649547026415789,5.405796350130222e-16,2,0.0778405503632894,0.0,0.0002318178478425
2678,9,153,2,0,1.0,1.0,0.0,2,34.0,0.0,0.0522778983014974,8.247482944909759e-19,2,0.0586763694420448,1.0,0.0001589231556276
2679,5,175,1,0,1.0,0.0,0.0,1,30.0,0.0,0.0635198210129739,5.3383358074009856e-18,1,0.0733951450727736,0.0,9.990428188135171e-05
2680,5,175,3,0,1.0,0.0,0.0,3,29.0,39463.0,0.0678273286467486,0.0,1,0.0810155621155953,0.0,0.0002454566640061
2681,39,45,1,0,1.0,0.0,0.0,1,32.0,0.0,0.0583544976670013,0.0,1,0.0656870377024023,0.0,9.467882080372592e-05
2682,22,108,1,0,1.0,0.0,0.0,1,33.0,0.0,0.0580514001668684,0.0,1,0.0706678197445371,0.0,8.737252977116395e-05
2683,22,108,1,0,1.0,0.0,0.0,1,33.0,0.0,0.0580514001668684,0.0,1,0.0706678197445371,0.0,8.737252977116395e-05
2684,9,153,2,0,1.0,1.0,0.0,2,31.0,0.0,0.0621500912121784,0.0,2,0.0748060362796961,1.0,0.0001250048501689
2685,39,45,3,0,1.0,0.0,0.0,3,31.0,44386.0,0.0619707708712287,8.344478218322627e-18,2,0.0714716481709597,0.0,0.0002261592521838
2686,39,45,3,0,1.0,0.0,0.0,3,32.0,39457.5,0.0583662184834235,1.3258482306380637e-17,2,0.0661733496360825,0.0,0.0002342185778581
2687,10,149,7,0,1.0,0.14285714285714285,0.0,7,33.0,20173.77539682539,0.0561631687851019,0.0,2,0.0694732409058594,0.1428571428571428,0.0004302657299479
2688,10,149,1,0,1.0,0.0,0.0,1,35.0,0.0,0.0516450085203809,0.0,1,0.0587250942881912,0.0,0.0001058793442653
2689,10,149,1,0,1.0,0.0,0.0,1,35.0,0.0,0.0516450085203809,5.7295273881278285e-19,1,0.0587250942881912,0.0,0.0001058793442653
2690,9,153,1,0,1.0,0.0,0.0,1,33.0,0.0,0.0551573211853241,0.0,1,0.0628023209546555,0.0,8.852339317570364e-05
2691,9,153,4,0,1.0,0.16666666666666666,0.0,4,32.0,24679.0,0.0583765642910319,2.7704163395515047e-18,2,0.068318851936664,0.1666666666666666,0.0002737184286875
2692,10,149,6,0,1.0,0.26666666666666666,0.0,6,32.0,14812.999999999996,0.0589984593519723,0.0,3,0.0720921610964918,0.2666666666666666,0.0003859961331487
2693,22,108,5,0,1.0,0.3,0.0,5,32.0,12927.215383465817,0.0587745389649018,1.9284342428101208e-17,2,0.0710177041768932,0.3,0.0002818243841378
2694,33,76,5,0,1.0,0.0,0.0,5,31.0,19750.0,0.061245490273869,1.1485227555814992e-16,1,0.0728645611387188,0.0,0.0004531388919908
2695,9,153,1,0,1.0,0.0,0.0,1,32.0,0.0,0.0586991135720905,7.205776465763118e-18,1,0.0686746477378036,0.0,0.0001079196592321
2696,37,57,2,0,1.0,1.0,0.0,2,31.0,0.0,0.0610079903177602,4.3674209025726605e-17,2,0.0710759679561738,1.0,0.0001377314097493
2697,39,45,7,0,1.0,0.19047619047619047,0.0,7,32.0,25209.247474745487,0.0594278565069893,0.0,3,0.0708298977111828,0.1904761904761904,0.0004156725400014
2698,9,153,2,0,1.0,0.0,0.0,2,32.0,4939.0,0.0593478939907253,0.0,1,0.0728495634376985,0.0,0.0001698979640075
2699,9,153,1,0,1.0,0.0,0.0,1,33.0,0.0,0.0560236796443517,2.373699038821998e-17,1,0.0663046570057035,0.0,0.0001025648617828
2700,10,149,2,0,1.0,0.0,0.0,2,32.0,4939.0,0.0590189003846981,4.8321404740139174e-17,1,0.0682925177331921,0.0,0.00018479084943
2701,9,153,2,0,1.0,0.0,0.0,2,32.0,30401.3282375736,0.0595295478646486,0.0,2,0.0739923899094725,0.0,0.0001486037336251
2702,9,153,3,0,1.0,0.0,0.0,3,32.0,51822.55867120246,0.0594772264830176,0.0,2,0.0738595256976609,0.0,0.0002306226781485
2703,37,57,4,1,0.8,0.3333333333333333,0.31999999999999984,5,30.0,51326.62748917748,0.0649640987875121,5.433213969448383e-16,2,0.0782160082387472,0.2,0.0003026071172761
2704,10,149,3,0,1.0,0.0,0.0,3,29.0,24679.0,0.0666073402906992,1.819187934844457e-15,1,0.077813821032522,0.0,0.00026322071918
2705,9,153,1,0,1.0,0.0,0.0,1,31.0,0.0,0.0619715482851193,0.0,1,0.073776575568701,0.0,7.43817437497348e-05
2706,5,175,2,0,1.0,1.0,0.0,2,33.0,0.0,0.0552307055890343,0.0,2,0.0655835303246645,1.0,0.0001257768010116
2707,39,45,1,0,1.0,0.0,0.0,1,32.0,0.0,0.0583544976670013,0.0,1,0.0656870377024023,0.0,9.467882080372592e-05
2708,39,45,1,0,1.0,0.0,0.0,1,31.0,0.0,0.0619497880665145,3.0197020059468855e-17,1,0.0707833890616478,0.0,9.54767280665324e-05
2709,10,149,2,1,0.6666666666666666,0.0,0.4444444444444444,3,31.0,68571.5627009243,0.0627182124039865,1.1548509939671907e-16,2,0.0747249640778839,0.0,0.000218373299916
2710,9,153,4,0,1.0,0.6666666666666666,0.0,4,32.0,2.5,0.0599500012135627,0.0,3,0.0726469309837476,0.6666666666666666,0.0002311046205608
2711,39,45,4,0,1.0,0.16666666666666666,0.0,4,32.0,9877.0,0.058338647582607,7.626532882326057e-17,2,0.0658309069910084,0.1666666666666666,0.0003467628927495
2712,5,175,1,0,1.0,0.0,0.0,1,29.0,0.0,0.0675352372619519,1.957996689799609e-17,1,0.0781725790752444,0.0,9.246403706149848e-05
2713,5,175,1,0,1.0,0.0,0.0,1,29.0,0.0,0.0675352372619519,1.6885962662655928e-17,1,0.0781725790752444,0.0,9.246403706149848e-05
2714,9,153,2,0,1.0,1.0,0.0,2,34.0,0.0,0.0522778983014974,4.667489328267222e-19,2,0.0586763694420448,1.0,0.0001589231556275
2715,22,108,4,0,1.0,0.3333333333333333,0.0,4,33.0,5887.660386817484,0.0554159562056896,1.670716807629235e-17,2,0.0660040783438967,0.3333333333333333,0.0002824927075938
2716,9,153,3,0,1.0,1.0,0.0,3,34.0,0.0,0.0537254347518733,0.0,3,0.0625152721088358,1.0,0.0001948087271563
2717,9,153,10,0,1.0,0.06666666666666667,0.0,10,32.0,244103.93397133943,0.0601785866559465,0.0,2,0.0748535798732032,0.0666666666666666,0.0006162714736988
2718,5,175,1,0,1.0,0.0,0.0,1,31.0,0.0,0.0608187134502924,6.806646335376095e-18,1,0.0708339527702838,0.0,8.962087104573294e-05
2719,9,153,2,0,1.0,1.0,0.0,2,33.0,0.0,0.0567698637063596,0.0,2,0.0676918206539583,1.0,0.0001389312650996
2720,9,153,2,0,1.0,1.0,0.0,2,32.0,0.0,0.0600549490627051,0.0,2,0.0731415650344367,1.0,0.0001282074923127
2721,22,108,2,0,1.0,0.0,0.0,2,33.0,616.896031746032,0.0560001813771056,0.0,2,0.0687288997734251,0.0,0.0001281172408947
2722,9,153,4,1,0.8,0.6666666666666666,0.31999999999999984,5,32.0,58330.90249809711,0.0617623524704941,0.0,3,0.0774190947015414,0.4,0.0002812947030507
2723,22,108,2,1,0.6666666666666666,0.0,0.4444444444444444,3,33.0,954.1485576488656,0.0561248835465472,0.0,2,0.0691832354175379,0.0,0.0001869819318676
2724,37,57,7,0,1.0,0.2857142857142857,0.0,7,34.0,8344.711354208066,0.0529843942725371,0.0,3,0.0614389869286811,0.2857142857142857,0.0004099096510325
2725,22,108,3,0,1.0,0.6666666666666666,0.0,3,35.0,2469.0,0.0503578054598462,0.0,2,0.0582493721517861,0.6666666666666666,0.0002050243609577
2726,22,108,3,0,1.0,0.6666666666666666,0.0,3,35.0,2469.0,0.0503578054598462,0.0,2,0.0582493721517861,0.6666666666666666,0.0002050243609576
2727,37,57,3,0,1.0,0.3333333333333333,0.0,3,34.0,4939.0,0.0517136695768691,0.0,2,0.0585497378078972,0.3333333333333333,0.0002318005842862
2728,5,175,5,0,1.0,0.3,0.0,5,30.0,7378.743884836753,0.0637065886024528,0.0,2,0.0759385665635635,0.3,0.0003069552837791
2729,5,175,3,0,1.0,0.0,0.0,3,34.0,4962.438095238093,0.0510694606692787,2.491566934984796e-17,2,0.0593304166411622,0.0,0.0002461739083857
2730,5,175,3,0,1.0,0.0,0.0,3,33.0,9851.5619047619,0.0537845135441163,1.734397169412956e-19,2,0.0635225153871009,0.0,0.0002435596176164
2731,5,175,1,0,1.0,0.0,0.0,1,35.0,0.0,0.0485885708665289,3.0881289528259823e-19,1,0.0551038781783772,0.0,0.0001001075011222
2732,5,175,1,0,1.0,0.0,0.0,1,34.0,0.0,0.0510399123849277,0.0,1,0.0586137210560451,0.0,9.936678540425842e-05
2733,33,76,2,1,0.6666666666666666,0.0,0.4444444444444444,3,29.0,72222.1306282689,0.0700629715776933,2.230532891264378e-16,2,0.0868273255217566,0.0,0.000212999700274
2734,10,149,1,0,1.0,0.0,0.0,1,35.0,0.0,0.0516714781808292,1.029878108325391e-18,1,0.0588821083267843,0.0,9.355496718808826e-05
2735,9,153,1,0,1.0,0.0,0.0,1,36.0,0.0,0.0491087849055103,1.5206156294716738e-17,1,0.054623503997063,0.0,0.0001249243146605
2736,10,149,5,0,1.0,0.2,0.0,5,33.0,22718.50432336363,0.057597910618303,0.0,2,0.0690798783337216,0.2,0.0003252775339466
2737,10,149,3,1,0.75,0.3333333333333333,0.375,4,34.0,8153.566228125486,0.0545097433407631,0.0,2,0.0642467583863768,0.1666666666666666,0.0002723302967982
2738,10,149,3,0,1.0,0.3333333333333333,0.0,3,34.0,4939.0,0.0544862957039651,0.0,2,0.0637153818681582,0.3333333333333333,0.0002230473180299
2739,5,175,2,0,1.0,0.0,0.0,2,31.0,91.20952380952382,0.059135472904222,0.0,2,0.0699643969795696,0.0,0.0001348913162646
2740,5,175,8,0,1.0,0.25,0.0,8,31.0,18361.010779901266,0.0612303077628627,0.0,3,0.0756668673651977,0.25,0.0004134036527675
2741,5,175,3,0,1.0,0.0,0.0,3,30.0,8820.70499142241,0.0625324371194572,0.0,2,0.0746617996505973,0.0,0.0002139139449829
2742,5,175,1,0,1.0,0.0,0.0,1,31.0,0.0,0.0588529629011889,6.7242468993071465e-18,1,0.0680555789733921,0.0,9.096717815809136e-05
2743,5,175,3,0,1.0,0.0,0.0,3,28.0,48831.31714255598,0.0705522786672189,5.424032915535952e-17,2,0.0847739009009969,0.0,0.0002090945305913
2744,5,175,1,0,1.0,0.0,0.0,1,29.0,0.0,0.0659035726673603,1.6069370647477948e-17,1,0.0765455245319394,0.0,8.960167741381712e-05
2745,37,57,2,0,1.0,1.0,0.0,2,31.0,0.0,0.0610238165826662,5.663246678160436e-17,2,0.0711707489062179,1.0,0.0001327180984262
2746,40,18,1,0,1.0,0.0,0.0,1,37.0,0.0,0.0467900509575858,1.7573491572279972e-17,1,0.0516122233711968,0.0,0.0001237490326736
2747,10,149,1,0,1.0,0.0,0.0,1,37.0,0.0,0.0468144385584185,1.5457610611021414e-17,1,0.0517460026598344,0.0,0.0001235749603217
2748,10,149,1,0,1.0,0.0,0.0,1,37.0,0.0,0.0467891646145103,1.739029450941023e-17,1,0.0516105701661023,0.0,0.000122830385806
2749,40,18,1,0,1.0,0.0,0.0,1,38.0,0.0,0.0447054777784816,1.8474598165603486e-17,1,0.048916402349838,0.0,0.0001235936061774
2750,10,149,1,0,1.0,0.0,0.0,1,37.0,0.0,0.0467891646145103,1.6877353890441072e-17,1,0.0516105701661023,0.0,0.000122830385806
2751,10,149,1,0,1.0,0.0,0.0,1,37.0,0.0,0.0467909373342426,1.566453681795278e-17,1,0.0516491280993971,0.0,0.0001165930351583
2752,10,149,1,0,1.0,0.0,0.0,1,37.0,0.0,0.0468144385584185,1.7733898840771936e-17,1,0.0517460026598344,0.0,0.0001235749603217
2753,10,149,1,0,1.0,0.0,0.0,1,36.0,0.0,0.0490814613160587,1.6156820324445763e-17,1,0.0547335519566037,0.0,0.0001189559836509
2754,40,18,1,0,1.0,0.0,0.0,1,37.0,0.0,0.0467935966657194,1.6775743174995826e-17,1,0.0516690963228066,0.0,0.0001206340668894
2755,37,57,1,0,1.0,0.0,0.0,1,35.0,0.0,0.0503188216839489,0.0,1,0.0566845470054032,0.0,8.013297041928547e-05
2756,37,57,2,0,1.0,1.0,0.0,2,35.0,0.0,0.0503198467994947,0.0,2,0.0568194997719349,1.0,0.0001314589515943
2757,9,153,2,0,1.0,1.0,0.0,2,33.0,0.0,0.0581710275311462,0.0,2,0.0698781092541305,1.0,0.0001257039489001
2758,10,149,2,0,1.0,1.0,0.0,2,34.0,0.0,0.0531777471581123,0.0,2,0.0631053454141577,1.0,0.0001436604869597
2759,5,175,2,0,1.0,0.0,0.0,2,33.0,4939.0,0.0541934068345126,5.1849800028476837e-17,1,0.0620250725963382,0.0,0.0002018975996636
2760,5,175,8,0,1.0,0.25,0.0,8,31.0,11718.567553568924,0.0596986066296873,0.0,3,0.0736904137021727,0.25,0.0003995742135098
2761,5,175,1,0,1.0,0.0,0.0,1,34.0,0.0,0.0510399123849277,0.0,1,0.0586373377901881,0.0,0.0001067246408527
2762,5,175,1,0,1.0,0.0,0.0,1,34.0,0.0,0.0510399123849277,0.0,1,0.0586373377901881,0.0,0.0001067246408527
2763,5,175,1,0,1.0,0.0,0.0,1,34.0,0.0,0.0510399123849277,0.0,1,0.0586373377901881,0.0,0.0001067246408527
2764,5,175,3,0,1.0,0.0,0.0,3,30.0,21487.19166406929,0.0626983119685239,0.0,3,0.0763874553489249,0.0,0.0001745869813777
2765,5,175,4,0,1.0,0.5,0.0,4,30.0,5349.127038414481,0.0640992370374215,0.0,3,0.0779698017476327,0.5,0.0002222347567924
2766,5,175,4,0,1.0,0.16666666666666666,0.0,4,31.0,5125.292857142856,0.060726754191867,0.0,3,0.0730471785252387,0.1666666666666666,0.000244488437042
2767,5,175,2,0,1.0,0.0,0.0,2,33.0,4939.0,0.0539201239944551,2.2979514622966932e-17,1,0.0615301688349688,0.0,0.0001912493881072
2768,5,175,1,0,1.0,0.0,0.0,1,34.0,0.0,0.0511620199676871,1.6275204689974737e-17,1,0.0571934010419544,0.0,0.0001116392170252
2769,5,175,3,0,1.0,0.0,0.0,3,33.0,6324.438963206588,0.0546073576229218,7.531017700061003e-19,2,0.0639532875080651,0.0,0.0002384331856081
2770,5,175,1,0,1.0,0.0,0.0,1,34.0,0.0,0.051780342337243,0.0,1,0.0590227954474232,0.0,9.791429633525248e-05
2771,37,57,3,0,1.0,0.3333333333333333,0.0,3,33.0,4939.0,0.0545037292025243,0.0,2,0.0624203068754598,0.3333333333333333,0.0002110495424977
2772,37,57,1,0,1.0,0.0,0.0,1,34.0,0.0,0.051687156683233,0.0,1,0.0578340544808774,0.0,9.01555974539548e-05
2773,37,57,1,0,1.0,0.0,0.0,1,35.0,0.0,0.049167438018174,1.7188495891232656e-17,1,0.0543581458770175,0.0,0.0001057551702555
2774,39,45,2,0,1.0,1.0,0.0,2,34.0,0.0,0.0522734727998053,0.0,2,0.0575845335998262,1.0,0.0001659611776718
2775,22,108,1,0,1.0,0.0,0.0,1,35.0,0.0,0.0503557521763062,0.0,1,0.0580435691828251,0.0,8.956485677213686e-05
2776,22,108,1,0,1.0,0.0,0.0,1,35.0,0.0,0.0503557521763062,0.0,1,0.0580435691828251,0.0,8.956485677213686e-05
2777,9,153,1,0,1.0,0.0,0.0,1,35.0,0.0,0.0506406970784213,8.429900362397276e-19,1,0.0583939685031709,0.0,0.0001115460390847
2778,39,45,2,0,1.0,0.0,0.0,2,33.0,19732.0,0.0551536262951053,0.0,2,0.0615764483608856,0.0,0.0001715704704565
2779,37,57,4,1,0.8,0.8333333333333334,0.31999999999999984,5,34.0,2011.0389387482048,0.0531857625804784,0.0,3,0.0621465441699373,0.5,0.0002851999762492
2780,37,57,5,0,1.0,0.2,0.0,5,32.0,24551.06363636364,0.057615376540978,0.0,2,0.0672819200853274,0.2,0.0003000733298025
2781,37,57,7,0,1.0,0.14285714285714285,0.0,7,33.0,24965.580303030303,0.0545302013422818,0.0,2,0.0633006377456692,0.1428571428571428,0.0004368542830715
2782,39,45,1,0,1.0,0.0,0.0,1,31.0,0.0,0.0619342544068604,3.5344333159192425e-17,1,0.0706356639797121,0.0,9.601006763215996e-05
2783,10,149,4,0,1.0,0.3333333333333333,0.0,4,33.0,7407.5,0.0575382035035408,1.724761856253304e-17,2,0.0681290236328676,0.3333333333333333,0.0002898043362186
2784,10,149,2,0,1.0,1.0,0.0,2,34.0,0.0,0.0544088816441615,0.0,2,0.0626861552468263,1.0,0.0001522667791637
2785,10,149,3,0,1.0,0.6666666666666666,0.0,3,33.0,2468.5,0.0575375333403216,0.0,2,0.0680278090579689,0.6666666666666666,0.00021291222578
2786,37,57,1,0,1.0,0.0,0.0,1,32.0,0.0,0.0575214541050989,0.0,1,0.0655779807498096,0.0,8.628819981244068e-05
2787,37,57,5,0,1.0,0.2,0.0,5,31.0,24472.14891774892,0.0610313557856242,1.007625643204502e-16,2,0.0716599526848954,0.2,0.0003289998396049
2788,10,149,1,0,1.0,0.0,0.0,1,31.0,0.0,0.0587787349483603,5.1661218554955405e-17,1,0.0655456813676746,0.0,0.0001177471040513
2789,22,108,1,1,0.5,0.0,0.5,2,30.0,25111.502405773685,0.0647113533056498,0.0,2,0.0768796469985589,0.0,0.0001472030813917
2790,22,108,1,1,0.5,0.0,0.5,2,30.0,27999.124408848777,0.0661205696541385,7.888402679523561e-18,2,0.081363253755399,0.0,0.0001442891780779
2791,22,108,3,0,1.0,0.3333333333333333,0.0,3,31.0,17468.81575214412,0.0617391956407628,0.0,2,0.0738701867721707,0.3333333333333333,0.0001903395544925
2792,22,108,4,0,1.0,0.16666666666666666,0.0,4,32.0,13394.977383611693,0.058315232788743,0.0,2,0.069245141458585,0.1666666666666666,0.0002329406132669
2793,37,57,3,0,1.0,0.3333333333333333,0.0,3,31.0,39.50000000000001,0.0610773852944449,3.27594992624516e-17,2,0.0718904750864705,0.3333333333333333,0.0001824609647271
2794,33,76,2,1,0.6666666666666666,0.0,0.4444444444444444,3,29.0,72222.1306282689,0.0700629715776933,2.259380609066543e-16,2,0.0868273255217566,0.0,0.0002129997002739
2795,5,175,4,0,1.0,0.16666666666666666,0.0,4,32.0,2330.9937874852785,0.0566007470381997,0.0,2,0.0684939659878557,0.1666666666666666,0.0002243624405319
2796,37,57,5,0,1.0,0.2,0.0,5,33.0,12496.467289438368,0.0545428448399598,0.0,2,0.0630490612744571,0.2,0.0003099755558567
2797,5,175,3,0,1.0,0.3333333333333333,0.0,3,31.0,4939.0,0.0598454195236595,0.0,2,0.0690472719484522,0.3333333333333333,0.0001994970151462
2798,5,175,8,0,1.0,0.2857142857142857,0.0,8,31.0,340.5182539682539,0.0599441815313675,0.0,3,0.070570434458457,0.2857142857142857,0.0004407529662032
2799,5,175,6,0,1.0,0.0,0.0,6,29.0,60417.746868933216,0.067843164183204,0.0,2,0.0817631040473474,0.0,0.0004516547699557
2800,5,175,10,0,1.0,0.17777777777777778,0.0,10,30.0,36417.03178956818,0.0636515912897822,2.0365936803650224e-17,3,0.0759944755668409,0.1777777777777777,0.0005701030734372
2801,22,108,4,0,1.0,0.5,0.0,4,33.0,4.5,0.0559089160008148,0.0,2,0.0680898795493847,0.5,0.0002268447133387
2802,9,153,1,0,1.0,0.0,0.0,1,35.0,0.0,0.0506406970784213,1.284077206454539e-18,1,0.0583939685031709,0.0,0.0001115460390847
2803,5,175,1,0,1.0,0.0,0.0,1,34.0,0.0,0.0506661470138767,1.7387881641144992e-17,1,0.0551979152081455,0.0,0.0001273794059678
2804,33,76,2,1,0.6666666666666666,0.0,0.4444444444444444,3,28.0,134365.0313169387,0.0732285798991995,5.097887911051659e-16,2,0.0881746176174172,0.0,0.0002125329338631
2805,33,76,1,0,1.0,0.0,0.0,1,29.0,0.0,0.0682329866434619,7.587269881016743e-17,1,0.0793710854109317,0.0,9.057589167418386e-05
2806,10,149,4,0,1.0,0.3333333333333333,0.0,4,32.0,36769.50432336354,0.0610449310464139,0.0,2,0.0744943419431894,0.3333333333333333,0.0002575512420288
2807,10,149,2,0,1.0,0.0,0.0,2,32.0,4939.0,0.0610049767217852,0.0,1,0.0737292079543711,0.0,0.0001735525542835
2808,39,45,1,0,1.0,0.0,0.0,1,35.0,0.0,0.0496806959320158,0.0,1,0.0541666150025859,0.0,0.0001052085400634
2809,22,108,2,0,1.0,1.0,0.0,2,32.0,0.0,0.0586956263441179,0.0,2,0.0710262132816313,1.0,0.0001203799954891
2810,5,175,7,0,1.0,0.14285714285714285,0.0,7,32.0,31709.27011670721,0.0567927066208339,0.0,2,0.0690695975759616,0.1428571428571428,0.0004033221593781
2811,22,108,2,0,1.0,1.0,0.0,2,34.0,0.0,0.054047548713909,0.0,2,0.0638579212311429,1.0,0.0001434139210591
2812,10,149,1,0,1.0,0.0,0.0,1,32.0,0.0,0.0587395957193816,0.0,1,0.070011084685531,0.0,8.511979822571707e-05
2813,9,153,7,0,1.0,0.14285714285714285,0.0,7,31.0,25829.863381322008,0.0624352266120674,4.795118281891467e-18,2,0.07679221022098,0.1428571428571428,0.0004168961705115
2814,37,57,5,0,1.0,0.2,0.0,5,32.0,10188.70108225108,0.0576126887865181,0.0,2,0.0672558036017211,0.2,0.0002923759777174
2815,5,175,5,0,1.0,0.1,0.0,5,30.0,34316.56246614419,0.0645220276112482,3.103881511339192e-17,2,0.0770831885242589,0.1,0.0003353197390139
2816,9,153,1,0,1.0,0.0,0.0,1,35.0,0.0,0.0504199965297978,1.850849552491421e-17,1,0.0558977578931975,0.0,0.0001258114476808
2817,10,149,2,0,1.0,0.0,0.0,2,32.0,4939.0,0.0575040450719964,3.5158782535107704e-17,1,0.0655558245434429,0.0,0.0001965200277746
2818,10,149,1,0,1.0,0.0,0.0,1,33.0,0.0,0.0543777381502762,1.7864335454280828e-17,1,0.0607686853301125,0.0,0.0001138792388838
2819,9,153,7,0,1.0,0.42857142857142855,0.0,7,30.0,27010.35879471426,0.0657133355503824,0.0,3,0.0799903273116222,0.4285714285714286,0.00034937938379
2820,5,175,5,0,1.0,0.4,0.0,5,31.0,358.14266296026904,0.0600929372551881,0.0,3,0.0710279276512742,0.4,0.0002719973924063
2821,5,175,3,0,1.0,0.3333333333333333,0.0,3,31.0,4939.0,0.0603388257136226,0.0,2,0.0717909904993575,0.3333333333333333,0.0002076891921177
2822,5,175,1,0,1.0,0.0,0.0,1,32.0,0.0,0.0569058864186153,8.164271327230665e-18,1,0.0655576107449956,0.0,8.920349817962272e-05
2823,5,175,3,0,1.0,0.3333333333333333,0.0,3,31.0,4939.0,0.0603388257136226,0.0,2,0.0717909904993575,0.3333333333333333,0.0002076891921177
2824,5,175,1,0,1.0,0.0,0.0,1,32.0,0.0,0.0569058864186153,7.030862612603097e-18,1,0.0655576107449956,0.0,8.920349817962272e-05
2825,5,175,6,0,1.0,0.26666666666666666,0.0,6,31.0,5987.472952839862,0.0603049428079641,0.0,3,0.0719295580721357,0.2666666666666666,0.0003455618674341
2826,5,175,2,0,1.0,0.0,0.0,2,31.0,14282.729512880758,0.0614794902429311,0.0,2,0.0750471738476472,0.0,0.0001257104714983
2827,9,153,2,0,1.0,0.0,0.0,2,35.0,4939.0,0.0516444686055993,3.218317512211587e-17,1,0.0584103186073477,0.0,0.0002225084413669
2828,9,153,3,0,1.0,0.0,0.0,3,34.0,14813.0,0.0544550635492796,5.913761240327721e-17,1,0.0627879716616041,0.0,0.000303404282915
2829,5,175,1,0,1.0,0.0,0.0,1,30.0,0.0,0.0635885025808693,2.020850421270336e-17,1,0.0739282523164072,0.0,8.846638611860819e-05
2830,5,175,1,0,1.0,0.0,0.0,1,30.0,0.0,0.0635885025808693,1.7866058449371468e-17,1,0.0739282523164072,0.0,8.846638611860819e-05
2831,5,175,1,0,1.0,0.0,0.0,1,30.0,0.0,0.0635885025808693,1.7342477907595758e-17,1,0.0739282523164072,0.0,8.846638611860819e-05
2832,5,175,3,0,1.0,0.3333333333333333,0.0,3,28.0,4939.0,0.0725563633693177,1.2298889206980274e-17,2,0.0878080057302066,0.3333333333333333,0.0002098102611677
2833,5,175,1,0,1.0,0.0,0.0,1,29.0,0.0,0.0676489921121823,2.201082572248193e-17,1,0.0789553927527949,0.0,8.980446774381427e-05
2834,5,175,3,0,1.0,0.3333333333333333,0.0,3,29.0,4939.0,0.0679056468906361,0.0,2,0.081869138363908,0.3333333333333333,0.0002050876201376
2835,5,175,3,0,1.0,0.3333333333333333,0.0,3,29.0,4939.0,0.0679056468906361,0.0,2,0.081869138363908,0.3333333333333333,0.0002050876201376
2836,5,175,3,0,1.0,0.3333333333333333,0.0,3,29.0,4939.0,0.0679056468906361,0.0,2,0.081869138363908,0.3333333333333333,0.0002050876201376
2837,9,153,7,0,1.0,0.38095238095238093,0.0,7,31.0,29740.099111123127,0.0619871006600245,0.0,3,0.0747246187535862,0.3809523809523809,0.0003585291973929
2838,37,57,6,0,1.0,0.4,0.0,6,33.0,28235.21516988345,0.0558463434210972,0.0,3,0.0651245702716267,0.4,0.0003388160364582
2839,37,57,6,0,1.0,0.3333333333333333,0.0,6,34.0,5938.700602797745,0.0530065668054422,0.0,3,0.0616225533622476,0.3333333333333333,0.0003379192806144
2840,5,175,6,0,1.0,0.26666666666666666,0.0,6,32.0,18226.83362272198,0.0582169583406988,0.0,3,0.0709581282404578,0.2666666666666666,0.0003278381667758
2841,5,175,3,0,1.0,0.3333333333333333,0.0,3,31.0,1448.6027200578576,0.0602372910290334,0.0,2,0.0706718464854765,0.3333333333333333,0.0001896833303284
2842,39,45,5,0,1.0,0.0,0.0,5,34.0,14815.5,0.0522773450728073,8.893265304715676e-17,2,0.0580231300910546,0.0,0.0004402959587285
2843,22,108,5,0,1.0,0.4,0.0,5,31.0,10954.224348142116,0.0621180494429494,0.0,3,0.0767029243649545,0.4,0.0002661233448443
2844,22,108,1,0,1.0,0.0,0.0,1,31.0,0.0,0.0616990982439487,0.0,1,0.072991547867216,0.0,8.089158416981267e-05
2845,22,108,2,0,1.0,1.0,0.0,2,33.0,0.0,0.0559215739545835,0.0,2,0.0680484297710928,1.0,0.0001281650204813
2846,10,149,8,1,0.8888888888888888,0.17857142857142858,0.19753086419753085,9,33.0,10516.1100129974,0.0563933378234911,0.0,3,0.0707833348829568,0.1388888888888889,0.000506154262436
2847,5,175,2,0,1.0,0.0,0.0,2,30.0,5961.930415157492,0.0639589833887903,0.0,2,0.076175170939844,0.0,0.0001320877068092
2848,5,175,1,0,1.0,0.0,0.0,1,30.0,0.0,0.0638903259182617,0.0,1,0.0752697847156319,0.0,8.484184308088903e-05
2849,33,76,2,0,1.0,0.0,0.0,2,31.0,4991.28645277617,0.0632992491222675,0.0,2,0.0765592439169092,0.0,0.0001265704037
2850,33,76,2,0,1.0,0.0,0.0,2,31.0,4991.28645277617,0.0632992491222675,0.0,2,0.0765592439169092,0.0,0.0001265704036999
2851,33,76,10,0,1.0,0.2222222222222222,0.0,10,31.0,27109.032923897543,0.061140127230872,0.0,3,0.0731822989564566,0.2222222222222222,0.0005339169886849
2852,33,76,8,0,1.0,0.21428571428571427,0.0,8,30.0,78609.59376111119,0.064980334898649,0.0,3,0.0786918282945458,0.2142857142857142,0.0004359931062005
2853,33,76,1,0,1.0,0.0,0.0,1,31.0,0.0,0.063270873624755,0.0,1,0.0758170037009848,0.0,8.118745966182345e-05
2854,33,76,1,0,1.0,0.0,0.0,1,31.0,0.0,0.063270873624755,0.0,1,0.0758170037009848,0.0,8.118745966182345e-05
2855,33,76,1,0,1.0,0.0,0.0,1,29.0,0.0,0.0683869538734149,9.678708184255272e-17,1,0.0800976979796491,0.0,8.5815579808035e-05
2856,33,76,1,0,1.0,0.0,0.0,1,29.0,0.0,0.0683869538734149,9.652376793128792e-17,1,0.0800976979796491,0.0,8.5815579808035e-05
2857,37,57,5,0,1.0,0.4,0.0,5,34.0,6598.660074363477,0.052959401365795,0.0,3,0.0608878247530247,0.4,0.0003019175363238
2858,10,149,3,0,1.0,0.0,0.0,3,32.0,8725.100733649826,0.059505884336943,0.0,2,0.0738843075209677,0.0,0.0002034180383715
2859,10,149,1,0,1.0,0.0,0.0,1,33.0,0.0,0.0561644458592932,8.96010988399994e-18,1,0.0670015172853511,0.0,8.799333795154295e-05
2860,10,149,3,0,1.0,0.0,0.0,3,32.0,8725.100733649826,0.059505884336943,0.0,2,0.0738843075209677,0.0,0.0002034180383715
2861,10,149,1,0,1.0,0.0,0.0,1,33.0,0.0,0.0561644458592932,9.145025232993816e-18,1,0.0670015172853511,0.0,8.799333795154295e-05
2862,10,149,3,0,1.0,0.0,0.0,3,32.0,8725.100733649826,0.059505884336943,0.0,2,0.0738843075209677,0.0,0.0002034180383715
2863,10,149,1,0,1.0,0.0,0.0,1,33.0,0.0,0.0561644458592932,7.720461394036349e-18,1,0.0670015172853511,0.0,8.799333795154295e-05
2864,5,175,5,0,1.0,0.2,0.0,5,33.0,15785.658366433989,0.0537476471804245,0.0,2,0.0634801819895044,0.2,0.0003390762570871
2865,5,175,3,0,1.0,1.0,0.0,3,31.0,0.0,0.0600812434628201,0.0,3,0.0704543783935143,1.0,0.0001737258586083
2866,9,153,2,0,1.0,1.0,0.0,2,30.0,0.0,0.0654070729672832,0.0,2,0.077791549062829,1.0,0.0001180100757331
2867,9,153,1,0,1.0,0.0,0.0,1,33.0,0.0,0.055726646135797,0.0,1,0.0649564550502137,0.0,8.856716742900379e-05
2868,40,18,1,0,1.0,0.0,0.0,1,35.0,0.0,0.0516034680873289,1.6702926641860802e-17,1,0.0582518686833864,0.0,0.0001171843761271
2869,10,149,1,0,1.0,0.0,0.0,1,36.0,0.0,0.0490824366349717,1.5303898767415748e-17,1,0.0547504210524202,0.0,0.000116778175569
2870,22,108,3,0,1.0,0.0,0.0,3,31.0,17548.442809404463,0.0627716079188797,0.0,2,0.0795914998494175,0.0,0.0001952726297529
2871,22,108,3,0,1.0,0.0,0.0,3,31.0,17548.442809404463,0.0627716079188797,0.0,2,0.0795914998494175,0.0,0.0001952726297529
2872,22,108,3,0,1.0,0.0,0.0,3,31.0,17548.442809404463,0.0627716079188797,0.0,2,0.0795914998494175,0.0,0.0001952726297529
2873,22,108,1,0,1.0,0.0,0.0,1,32.0,0.0,0.0590647679854609,3.547124658058644e-17,1,0.0714040070328317,0.0,8.568547217627111e-05
2874,22,108,5,0,1.0,0.3,0.0,5,32.0,6164.68079850016,0.0592617473818064,0.0,3,0.0743788779783504,0.3,0.0002865322811876
2875,22,108,1,0,1.0,0.0,0.0,1,33.0,0.0,0.0559469070647126,0.0,1,0.0670534179790164,0.0,7.90687148815062e-05
2876,22,108,1,0,1.0,0.0,0.0,1,32.0,0.0,0.0590647679854609,3.7628361456487873e-17,1,0.0714040070328317,0.0,8.568547217627111e-05
2877,22,108,1,0,1.0,0.0,0.0,1,32.0,0.0,0.0590647679854609,3.7435550826612816e-17,1,0.0714040070328317,0.0,8.568547217627111e-05
2878,5,175,7,0,1.0,0.3333333333333333,0.0,7,31.0,17574.322706761985,0.0613931523022432,0.0,3,0.0747581037118874,0.3333333333333333,0.0003695358589848
2879,39,45,3,0,1.0,1.0,0.0,3,33.0,0.0,0.0559551452681656,0.0,3,0.0642502356940295,1.0,0.0001813749022528
2880,9,153,7,1,0.875,0.3333333333333333,0.21875,8,32.0,33782.12618035465,0.0601961859501614,0.0,3,0.0747781892890949,0.25,0.000438412164272
2881,39,45,6,0,1.0,0.26666666666666666,0.0,6,32.0,26850.437481964524,0.0592681463707258,0.0,3,0.069915319149843,0.2666666666666666,0.0003405945668217
2882,39,45,2,1,0.6666666666666666,0.0,0.4444444444444444,3,31.0,42101.958627721775,0.0627556594425671,0.0,2,0.0746746331967945,0.0,0.0001791032940331
2883,5,175,9,0,1.0,0.2777777777777778,0.0,9,31.0,58932.12616618468,0.0617376524695061,0.0,3,0.0772621943131441,0.2777777777777778,0.0004493787006397
2884,22,108,3,0,1.0,0.0,0.0,3,33.0,4939.5,0.0553451791436061,6.04952901096137e-17,2,0.063467349582725,0.0,0.00026097520033
2885,22,108,2,1,0.6666666666666666,0.0,0.4444444444444444,3,31.0,39849.76282649929,0.0648873010035202,0.0,2,0.0810246499950579,0.0,0.0002166021845508
2886,10,149,3,0,1.0,0.0,0.0,3,31.0,18620.56530917002,0.0645768516823969,1.0858339817973971e-16,2,0.07876724983786,0.0,0.0002299390847668
2887,22,108,1,0,1.0,0.0,0.0,1,32.0,0.0,0.0609342428241911,3.485576509055798e-17,1,0.072828646527494,0.0,9.172884603567002e-05
2888,10,149,1,0,1.0,0.0,0.0,1,32.0,0.0,0.0606603877844223,3.3240859678559566e-17,1,0.0712972348442603,0.0,9.550763443022284e-05
2889,9,153,4,0,1.0,0.6666666666666666,0.0,4,32.0,751.7439845852045,0.0601815191569714,0.0,3,0.0740595658073135,0.6666666666666666,0.0002236499873032
2890,9,153,1,0,1.0,0.0,0.0,1,33.0,0.0,0.056678675508846,0.0,1,0.0667166129446132,0.0,8.239862814138226e-05
2891,9,153,2,0,1.0,1.0,0.0,2,33.0,0.0,0.0551591688160877,0.0,2,0.0629710119128201,1.0,0.000149545980582
2892,5,175,1,0,1.0,0.0,0.0,1,33.0,0.0,0.0541934068345126,2.593795070011123e-18,1,0.0619407271172558,0.0,0.0001041693112836
2893,10,149,4,0,1.0,0.16666666666666666,0.0,4,33.0,14813.0,0.054384921945527,7.013410606196297e-17,2,0.061254515289627,0.1666666666666666,0.0003456523321245
2894,10,149,2,0,1.0,0.0,0.0,2,32.0,19744.0,0.057508061605802,0.0,2,0.0657076464057911,0.0,0.0001731737952998
2895,10,149,2,0,1.0,0.0,0.0,2,30.0,4939.0,0.0624486442070665,2.8392069677863074e-16,1,0.0710560649794258,0.0,0.0002056208869923
2896,10,149,3,0,1.0,0.0,0.0,3,30.0,14813.0,0.0624533812058306,2.9864864875670254e-16,1,0.0712584941292234,0.0,0.0002945960302857
2897,10,149,2,0,1.0,0.0,0.0,2,31.0,4939.0,0.058784330525013,7.185134375451753e-17,1,0.0657697993549505,0.0,0.0002186013234361
2898,10,149,2,0,1.0,0.0,0.0,2,30.0,4939.0,0.0624486442070665,2.8119812848724193e-16,1,0.0710560649794258,0.0,0.0002056208869923
2899,10,149,2,0,1.0,0.0,0.0,2,30.0,4939.0,0.0624486442070665,2.8154897563805954e-16,1,0.0710560649794258,0.0,0.0002056208869923
2900,5,175,3,0,1.0,0.3333333333333333,0.0,3,31.0,4939.0,0.0614848465990416,0.0,2,0.0749627238846547,0.3333333333333333,0.0001921280678196
2901,5,175,1,0,1.0,0.0,0.0,1,32.0,0.0,0.0579241123774682,1.1363810341963567e-17,1,0.0680314825247171,0.0,8.479451296182196e-05
2902,9,153,1,0,1.0,0.0,0.0,1,32.0,0.0,0.0593892762683337,1.1305533017548385e-17,1,0.0694268709134189,0.0,0.0001022618444985
2903,9,153,2,0,1.0,1.0,0.0,2,32.0,0.0,0.0587731404368724,0.0,2,0.0695587415740019,1.0,0.0001391902738481
2904,10,149,1,0,1.0,0.0,0.0,1,31.0,0.0,0.0623564161470298,0.0,1,0.0761267910965135,0.0,8.398084533421786e-05
2905,10,149,1,0,1.0,0.0,0.0,1,31.0,0.0,0.0623564161470298,0.0,1,0.0761267910965135,0.0,8.398084533421786e-05
2906,10,149,1,0,1.0,0.0,0.0,1,32.0,0.0,0.0587395957193816,0.0,1,0.070011084685531,0.0,8.511979822571707e-05
2907,10,149,1,0,1.0,0.0,0.0,1,31.0,0.0,0.0623564161470298,0.0,1,0.0761267910965135,0.0,8.398084533421786e-05
2908,22,108,7,0,1.0,0.23809523809523808,0.0,7,31.0,52130.9044916665,0.0624336484505333,0.0,3,0.0784911960821097,0.2380952380952381,0.0003541077909131
2909,10,149,2,1,0.6666666666666666,0.0,0.4444444444444444,3,27.0,325210.92896771355,0.0755744576691246,7.408657478995053e-14,2,0.0889605045697317,0.0,0.0002285893350466
2910,10,149,1,0,1.0,0.0,0.0,1,28.0,0.0,0.0702652727402034,9.90551503382878e-15,1,0.0802400814123882,0.0,9.512520534282356e-05
2911,9,153,2,0,1.0,1.0,0.0,2,31.0,0.0,0.0634284760474044,0.0,2,0.0778861568283585,1.0,0.0001271106164147
2912,9,153,1,0,1.0,0.0,0.0,1,33.0,0.0,0.0560694625730662,3.5015614963272564e-18,1,0.0641583732717014,0.0,0.0001099534983897
2913,22,108,1,0,1.0,0.0,0.0,1,32.0,0.0,0.0581306409668043,6.1376477441379274e-18,1,0.0671062153824135,0.0,9.030631708307103e-05
2914,33,76,6,0,1.0,0.26666666666666666,0.0,6,32.0,9878.666666666668,0.0576241134751773,0.0,3,0.0671224000417486,0.2666666666666666,0.0003606780722581
2915,9,153,2,0,1.0,0.0,0.0,2,36.0,4939.0,0.047985856800101,5.0133573542838604e-17,1,0.0539563969592412,0.0,0.00022270828209
2916,22,108,5,0,1.0,0.4,0.0,5,33.0,438.6939109718901,0.0559830464296642,0.0,3,0.0683173952298357,0.4,0.0002733671115796
2917,22,108,3,1,0.75,1.0,0.375,4,32.0,348.2770562770563,0.0592816598864768,0.0,3,0.0737203625172033,0.5,0.0002284605810322
2918,22,108,9,0,1.0,0.19444444444444445,0.0,9,32.0,63238.00307711815,0.0592766805058916,0.0,3,0.0748863967753429,0.1944444444444444,0.0004806110035573
2919,40,18,1,0,1.0,0.0,0.0,1,38.0,0.0,0.0447054777784816,1.6620510879974136e-17,1,0.048916402349838,0.0,0.0001235936061774
2920,22,108,2,0,1.0,1.0,0.0,2,30.0,0.0,0.0657054692487763,0.0,2,0.0799483746460343,1.0,0.0001274503633157
2921,33,76,1,0,1.0,0.0,0.0,1,32.0,0.0,0.0577116287763732,0.0,1,0.0665740718517204,0.0,0.000107391838718
2922,22,108,3,0,1.0,0.3333333333333333,0.0,3,33.0,4939.0,0.0559070178019714,0.0,2,0.0679211885912201,0.3333333333333333,0.0001964628164228
2923,22,108,3,0,1.0,0.3333333333333333,0.0,3,31.0,4939.0,0.061717598260913,4.540400865002986e-19,2,0.0734518331959224,0.3333333333333333,0.0002115814941298
2924,33,76,3,0,1.0,0.3333333333333333,0.0,3,33.0,4939.0,0.0544899017196307,5.767711267180465e-18,2,0.0620200986520376,0.3333333333333333,0.0002368625297922
2925,33,76,1,0,1.0,0.0,0.0,1,34.0,0.0,0.0516747212284775,2.1589223732140037e-18,1,0.057632357798707,0.0,9.746927718739651e-05
2926,22,108,3,0,1.0,0.3333333333333333,0.0,3,33.0,4939.0,0.055965921964925,0.0,2,0.0676021455672176,0.3333333333333333,0.0001949850734892
2927,22,108,3,0,1.0,0.3333333333333333,0.0,3,32.0,4939.0,0.0592333241405772,0.0,2,0.0733060034844232,0.3333333333333333,0.0001974166792791
2928,22,108,3,0,1.0,0.3333333333333333,0.0,3,32.0,4939.0,0.0592333241405772,0.0,2,0.0733060034844232,0.3333333333333333,0.0001974166792791
2929,22,108,1,0,1.0,0.0,0.0,1,34.0,0.0,0.0530003111354297,1.1376436738899597e-17,1,0.0619280762391046,0.0,8.560399790153852e-05
2930,37,57,1,0,1.0,0.0,0.0,1,31.0,0.0,0.0610449310464139,4.701532963239101e-17,1,0.0712025518985472,0.0,8.101464586494567e-05
2931,40,18,1,0,1.0,0.0,0.0,1,33.0,0.0,0.0575194448325648,5.166666903557442e-18,1,0.0674705665928321,0.0,9.947360941416568e-05
2932,5,175,8,0,1.0,0.17857142857142858,0.0,8,31.0,10533.561749950868,0.0607237683154685,0.0,3,0.0736167916606413,0.1785714285714285,0.0004446669527385
2933,5,175,1,0,1.0,0.0,0.0,1,31.0,0.0,0.0604591961619425,1.8112254857526184e-17,1,0.0690443411223722,0.0,0.000104569942216
2934,22,108,2,0,1.0,0.0,0.0,2,32.0,12430.876015245296,0.0592020900494948,0.0,2,0.0726471447992487,0.0,0.0001399299234257
2935,5,175,2,0,1.0,1.0,0.0,2,32.0,0.0,0.0572501390691637,0.0,2,0.0668538613788972,1.0,0.0001313477010677
2936,10,149,10,0,1.0,0.13333333333333333,0.0,10,32.0,43691.264090982,0.0593757136504044,0.0,3,0.0747875950791136,0.1333333333333333,0.0005799964023842
2937,33,76,4,0,1.0,0.3333333333333333,0.0,4,32.0,24675.0,0.0576261300670749,0.0,2,0.0670380545626664,0.3333333333333333,0.000261515856557
2938,33,76,4,0,1.0,0.16666666666666666,0.0,4,33.0,9877.0,0.054490502768647,4.545956808245064e-17,2,0.0621213132269364,0.1666666666666666,0.0003203919886355
2939,9,153,4,0,1.0,0.0,0.0,4,34.0,15995.897369497969,0.0537347851152469,4.0202597101269386e-17,2,0.0628521720509991,0.0,0.0003278340636397
2940,39,45,1,0,1.0,0.0,0.0,1,35.0,0.0,0.0496806959320158,0.0,1,0.0541666150025859,0.0,0.0001052085400634
2941,10,149,3,0,1.0,0.0,0.0,3,30.0,13095.46279568397,0.0624754967054925,2.817553416967446e-16,2,0.0715565951510087,0.0,0.0002585686046362
2942,9,153,4,0,1.0,0.3333333333333333,0.0,4,33.0,9876.0,0.0551604006386993,3.263556642372721e-17,2,0.0631734410626177,0.3333333333333333,0.0002871651172064
2943,9,153,2,0,1.0,0.0,0.0,2,31.0,20.15000000000001,0.0622864419815662,4.2885159767218784e-17,2,0.07470580827931,0.0,0.0001539326522403
2944,9,153,6,0,1.0,0.4666666666666667,0.0,6,31.0,5072.265777789506,0.0619824341279799,0.0,3,0.0744884514121557,0.4666666666666667,0.0003155221785927
2945,9,153,1,0,1.0,0.0,0.0,1,32.0,0.0,0.0583655288932997,0.0,1,0.0677081906681085,0.0,7.50572023802442e-05
2946,5,175,1,0,1.0,0.0,0.0,1,30.0,0.0,0.0635337088767137,0.0,1,0.0737260203378594,0.0,9.4342652823329e-05
2947,5,175,1,0,1.0,0.0,0.0,1,30.0,0.0,0.0635337088767137,0.0,1,0.0737260203378594,0.0,9.4342652823329e-05
2948,5,175,2,0,1.0,0.0,0.0,2,33.0,4623.509378906281,0.0542922770884392,0.0,2,0.065613975977508,0.0,0.0001444396791736
2949,5,175,2,0,1.0,0.0,0.0,2,29.0,4939.0,0.0678142931664058,0.0,1,0.0806969771917473,0.0,0.0001694488957056
2950,5,175,1,0,1.0,0.0,0.0,1,30.0,0.0,0.0635083885067815,2.426387858858817e-17,1,0.073236816559182,0.0,0.0001023740077545
2951,5,175,1,0,1.0,0.0,0.0,1,31.0,0.0,0.0598991172761664,0.0,1,0.0691092494446402,0.0,7.973929664003974e-05
2952,5,175,7,0,1.0,0.23809523809523808,0.0,7,30.0,19088.70885686594,0.0637386457473162,0.0,3,0.0765948547198517,0.2380952380952381,0.0003967227512153
2953,33,76,2,1,0.6666666666666666,0.0,0.4444444444444444,3,28.0,566234.6128047147,0.0750565963200996,1.0526533304879422e-14,2,0.0894762672994105,0.0,0.0002160672813224
2954,33,76,1,0,1.0,0.0,0.0,1,29.0,0.0,0.0698174006444683,1.4146281858674857e-15,1,0.080532246589852,0.0,9.157729012095589e-05
2955,39,45,3,0,1.0,0.3333333333333333,0.0,3,30.0,24675.0,0.0660313047197679,1.7075747672270907e-16,2,0.0776795522624465,0.3333333333333333,0.000209533573327
2956,39,45,4,0,1.0,0.3333333333333333,0.0,4,30.0,19727.0,0.0660392492380086,1.737314617157188e-16,2,0.0778525809881068,0.3333333333333333,0.0002731963099227
2957,39,45,3,0,1.0,0.3333333333333333,0.0,3,31.0,19744.0,0.0619482343499197,3.1056903063454104e-17,2,0.0711214939392264,0.3333333333333333,0.0002360577445666
2958,5,175,2,0,1.0,1.0,0.0,2,30.0,0.0,0.0642492976797419,0.0,2,0.0772538364264042,1.0,0.0001337466501373
2959,9,153,8,1,0.8888888888888888,0.21428571428571427,0.19753086419753085,9,29.0,153940.1518699663,0.0699716713881019,3.97052243699074e-16,3,0.0867795637608521,0.1666666666666666,0.000478876332635
2960,33,76,2,1,0.6666666666666666,0.0,0.4444444444444444,3,28.0,206467.12446762284,0.0744267333594479,2.029194803111924e-15,2,0.0911069256361507,0.0,0.0002057757583503
2961,33,76,1,0,1.0,0.0,0.0,1,29.0,0.0,0.0692720822290466,2.947991806630473e-16,1,0.0815440752587491,0.0,8.866135861221151e-05
2962,39,45,1,0,1.0,0.0,0.0,1,32.0,0.0,0.0583248718978016,2.1338235000693054e-17,1,0.0652915778990479,0.0,0.0001113129664227
2963,39,45,2,0,1.0,0.0,0.0,2,31.0,4939.0,0.061936583959177,6.540988062958514e-17,1,0.0707874858420603,0.0,0.0001904817396311
2964,10,149,3,0,1.0,0.3333333333333333,0.0,3,31.0,4938.999999999999,0.0626299508088645,0.0,2,0.077854982880107,0.3333333333333333,0.0002141095361322
2965,9,153,2,0,1.0,0.0,0.0,2,35.0,9876.0,0.0504030200999897,1.8571133705083488e-17,1,0.0575939369709707,0.0,0.0002025698707948
2966,9,153,3,0,1.0,0.0,0.0,3,33.0,24678.5,0.0560446542022145,2.0377075109095e-17,2,0.0669926751279321,0.0,0.0002313950568524
2967,37,57,5,0,1.0,0.2,0.0,5,32.0,19979.878787878788,0.0576254578540932,0.0,2,0.0673626412085586,0.2,0.0002916075284245
2968,37,57,2,0,1.0,1.0,0.0,2,33.0,0.0,0.0545079389599355,0.0,2,0.0623452042902357,1.0,0.0001329780984274
2969,9,153,3,0,1.0,1.0,0.0,3,31.0,0.0,0.0619785458879618,0.0,3,0.0741173313041936,1.0,0.0001645359516341
2970,10,149,2,0,1.0,0.0,0.0,2,32.0,4939.0,0.0607289937918741,6.765870146240877e-17,1,0.071975693812193,0.0,0.0001828640813311
2971,22,108,5,0,1.0,0.3,0.0,5,33.0,9861.6408985712,0.0571336047372316,0.0,2,0.0701456998532576,0.3,0.0003119176095051
2972,10,149,3,0,1.0,1.0,0.0,3,32.0,0.0,0.058996345570497,0.0,3,0.0717885173717955,1.0,0.0001891022779576
2973,10,149,2,1,0.6666666666666666,0.0,0.4444444444444444,3,31.0,65603.02988026018,0.0650985043157409,8.540825917297181e-17,2,0.0810498845863232,0.0,0.0002044912692846
2974,33,76,2,1,0.6666666666666666,0.0,0.4444444444444444,3,29.0,358419.56871633907,0.0725776830970395,1.7794479869682e-15,2,0.0882591516096911,0.0,0.0002136674980005
2975,33,76,1,0,1.0,0.0,0.0,1,30.0,0.0,0.0676675250671196,2.5708803354002023e-16,1,0.0792702789201703,0.0,9.089735151306642e-05
2976,9,153,4,0,1.0,0.16666666666666666,0.0,4,32.0,5068.366086296456,0.0590146700434844,1.1692684715204544e-17,2,0.0711308401906352,0.1666666666666666,0.0002739244251736
2977,37,57,5,0,1.0,0.2,0.0,5,32.0,9922.346320346322,0.0575797841340886,0.0,2,0.0667629996220751,0.2,0.000324644370213
2978,22,108,5,0,1.0,0.1,0.0,5,32.0,19593.84737461806,0.0584235113239903,4.8956536837034885e-17,2,0.0702489934639856,0.1,0.0003607519536552
2979,9,153,3,0,1.0,0.0,0.0,3,31.0,9877.0,0.0623587775659879,8.96696184131154e-17,1,0.0753965553415146,0.0,0.0002737462311265
2980,9,153,2,0,1.0,0.0,0.0,2,31.0,131.0,0.0623564161470298,4.6523236279048976e-17,2,0.0752750978516361,0.0,0.0001520361328555
2981,39,45,3,0,1.0,0.3333333333333333,0.0,3,34.0,8.5,0.0522762386505534,0.0,2,0.0578207009412569,0.3333333333333333,0.000242606486623
2982,5,175,2,0,1.0,0.0,0.0,2,33.0,4939.0,0.0533696333268511,5.292573004324421e-17,1,0.058899423611659,0.0,0.000228285126796
2983,37,57,4,0,1.0,0.3333333333333333,0.0,4,33.0,9876.0,0.0544808875752696,0.0,2,0.0622494520892203,0.3333333333333333,0.0002626287482687
2984,5,175,3,0,1.0,0.0,0.0,3,30.0,29609.0,0.0635296235805501,3.5938203202356675e-17,1,0.0738101248298586,0.0,0.0002756718892681
2985,5,175,1,0,1.0,0.0,0.0,1,31.0,0.0,0.0597354228639144,5.466303936941245e-19,1,0.0676681978062207,0.0,0.0001084652623722
2986,5,175,6,0,1.0,0.2,0.0,6,32.0,33694.40291665105,0.058669136946117,0.0,3,0.0723972986006669,0.2,0.000337136751898
2987,5,175,2,0,1.0,0.0,0.0,2,34.0,4356.669014518491,0.0530219278944713,0.0,2,0.0631397810444938,0.0,0.0001502599027154
2988,5,175,1,0,1.0,0.0,0.0,1,32.0,0.0,0.0563740314279519,0.0,1,0.0628862167695702,0.0,0.00011393036145
2989,9,153,2,0,1.0,1.0,0.0,2,33.0,0.0,0.0577757505584599,0.0,2,0.0685747158316866,1.0,0.000140901103186
2990,5,175,3,0,1.0,0.0,0.0,3,31.0,19747.0,0.059741202080058,4.7720130078723145e-17,1,0.0680157011800396,0.0,0.0002949604742485
2991,33,76,2,1,0.6666666666666666,0.0,0.4444444444444444,3,31.0,6643.363748261059,0.0622825155075898,0.0,2,0.0758026419461871,0.0,0.0002436248660716
2992,9,153,1,0,1.0,0.0,0.0,1,34.0,0.0,0.0537336161418393,0.0,1,0.0623369682817182,0.0,8.82338628554223e-05
2993,9,153,3,0,1.0,0.3333333333333333,0.0,3,34.0,9876.0,0.0533413957305287,1.3171480791911309e-17,2,0.0631642238749271,0.3333333333333333,0.0002439852587917
2994,33,76,1,0,1.0,0.0,0.0,1,34.0,0.0,0.0516752617759971,0.0,1,0.0576660959903399,0.0,9.844152466461288e-05
2995,22,108,2,0,1.0,1.0,0.0,2,33.0,0.0,0.0559057524076819,0.0,2,0.0677862358246884,1.0,0.0001233435284499
2996,10,149,2,0,1.0,1.0,0.0,2,34.0,0.0,0.0515808378231633,0.0,2,0.0571165769516585,1.0,0.0001805379959234
2997,5,175,5,0,1.0,0.3,0.0,5,30.0,10559.172733618758,0.0637148053087072,0.0,3,0.076208472096627,0.3,0.0002904768797673
2998,9,153,3,0,1.0,1.0,0.0,3,33.0,0.0,0.0567822618650789,0.0,3,0.0677905525003337,1.0,0.000188114170199
2999,22,108,1,0,1.0,0.0,0.0,1,33.0,0.0,0.0559051197320175,0.0,1,0.0676850212497896,0.0,7.513902686557383e-05
3000,10,149,1,0,1.0,0.0,0.0,1,34.0,0.0,0.0515802992492664,0.0,1,0.0570153623767596,0.0,0.000103809347656
3001,37,57,4,0,1.0,0.16666666666666666,0.0,4,33.0,10023.181818181816,0.0545271918496197,0.0,2,0.0628379228851811,0.1666666666666666,0.0002689621194446
3002,37,57,2,0,1.0,0.0,0.0,2,34.0,4939.0,0.0517093390834676,1.6857578512858615e-17,1,0.0582016648282451,0.0,0.0001774045721788
3003,39,45,3,0,1.0,0.3333333333333333,0.0,3,33.0,9866.5,0.0551530105281961,5.303781581067706e-18,2,0.0616101865525185,0.3333333333333333,0.0002359921625261
3004,37,57,4,0,1.0,0.16666666666666666,0.0,4,31.0,65359.07085450256,0.0610947587128051,1.2351940467147853e-17,2,0.0723416978403249,0.1666666666666666,0.0002551174332634
3005,5,175,8,0,1.0,0.25,0.0,8,31.0,40106.02061743253,0.0606090349176747,0.0,3,0.0732388715497883,0.25,0.0004424599743107
3006,24,105,1,0,1.0,0.0,0.0,1,36.0,0.0,0.0489191250012378,1.7727735267767376e-17,1,0.0552909888240459,0.0,0.0001204304758581
3007,24,105,2,0,1.0,0.0,0.0,2,35.0,4939.0,0.0514347590687601,4.720567835235773e-17,1,0.0593104295749377,0.0,0.0002119347030083
3008,5,175,5,0,1.0,0.4,0.0,5,32.0,9876.0,0.0575261429536297,0.0,3,0.0681830482447837,0.4,0.0002936027412055
3009,37,57,4,0,1.0,0.16666666666666666,0.0,4,34.0,9877.0,0.0517142109395446,0.0,2,0.0586509523827961,0.1666666666666666,0.0003141927778395
3010,10,149,3,0,1.0,0.6666666666666666,0.0,3,33.0,19.0,0.0575609983454125,0.0,2,0.0682369858460929,0.6666666666666666,0.0002007170703963
3011,37,57,3,0,1.0,0.0,0.0,3,31.0,26776.281818181826,0.061081916537867,0.0,2,0.0720657676301841,0.0,0.0001816003917633
3012,37,57,4,0,1.0,0.16666666666666666,0.0,4,31.0,7376.395238095238,0.0610577576723892,7.109007080657008e-17,2,0.0718792436278706,0.1666666666666666,0.0002396078183988
3013,24,105,1,0,1.0,0.0,0.0,1,34.0,0.0,0.0538243626062322,0.0,1,0.0622556705892572,0.0,9.873400852539296e-05
3014,24,105,3,0,1.0,0.0,0.0,3,33.0,5065.787878787878,0.0568855724830437,0.0,2,0.0678646352554715,0.0,0.0002413262874558
3015,24,105,1,0,1.0,0.0,0.0,1,32.0,0.0,0.059368577918254,6.4240835676215034e-18,1,0.0686194747925955,0.0,9.704299599546034e-05
3016,24,105,3,0,1.0,0.0,0.0,3,31.0,30314.49198615171,0.0631148588220263,0.0,2,0.0753400959971877,0.0,0.0002353580079383
3017,5,175,7,0,1.0,0.0,0.0,7,31.0,68305.24924233303,0.0597195357833655,0.0,3,0.0737492145504472,0.0,0.0003961099176039
3018,10,149,3,0,1.0,1.0,0.0,3,34.0,0.0,0.0533846286850523,0.0,3,0.0641094992675024,1.0,0.0001765152676246
3019,33,76,1,0,1.0,0.0,0.0,1,30.0,0.0,0.0650976464697045,5.20804511461088e-17,1,0.0759875850982003,0.0,9.748285169929272e-05
3020,5,175,2,0,1.0,1.0,0.0,2,31.0,0.0,0.0602755103285869,0.0,2,0.0710077824793073,1.0,0.0001334026866656
3021,33,76,1,0,1.0,0.0,0.0,1,32.0,0.0,0.0577116287763732,0.0,1,0.0665740718517204,0.0,0.000107391838718
3022,33,76,1,0,1.0,0.0,0.0,1,32.0,0.0,0.0577116287763732,0.0,1,0.0665740718517204,0.0,0.000107391838718
3023,10,149,1,0,1.0,0.0,0.0,1,32.0,0.0,0.0555212138241078,2.1750449127229376e-17,1,0.0611151265754197,0.0,0.0001232637895399
3024,10,149,2,0,1.0,0.0,0.0,2,36.0,2469.0,0.0490873138110237,0.0,2,0.0550405695004633,0.0,0.0001827062190181
3025,5,175,1,0,1.0,0.0,0.0,1,33.0,0.0,0.0550148116800677,0.0,1,0.0644622381207317,0.0,7.680196737285958e-05
3026,37,57,2,0,1.0,1.0,0.0,2,33.0,0.0,0.0545145556070537,0.0,2,0.0623220835737951,1.0,0.0001342593135065
3027,10,149,2,0,1.0,0.0,0.0,2,33.0,4939.0,0.056005895357406,3.9560726829862144e-17,1,0.0664222641048835,0.0,0.0001845381555134
3028,5,175,2,0,1.0,1.0,0.0,2,34.0,0.0,0.0512224964227203,0.0,2,0.0593365349215755,1.0,0.0001506867120046
3029,33,76,1,0,1.0,0.0,0.0,1,32.0,0.0,0.0577116287763732,0.0,1,0.0665740718517204,0.0,0.000107391838718
3030,22,108,3,0,1.0,1.0,0.0,3,32.0,0.0,0.0582169583406988,0.0,3,0.0685345458239008,1.0,0.0001621322267688
3031,10,149,1,0,1.0,0.0,0.0,1,36.0,0.0,0.0491122024933887,1.8795568299675282e-18,1,0.0550081581421411,0.0,0.000114294773708
3032,10,149,1,0,1.0,0.0,0.0,1,36.0,0.0,0.0491122024933887,0.0,1,0.0550081581421411,0.0,0.000114294773708
3033,10,149,2,0,1.0,1.0,0.0,2,33.0,0.0,0.0560491053700489,0.0,2,0.0672898176040158,1.0,0.0001385355152734
3034,10,149,2,0,1.0,1.0,0.0,2,33.0,0.0,0.0560491053700489,0.0,2,0.0672898176040158,1.0,0.0001385355152733
3035,5,175,1,0,1.0,0.0,0.0,1,31.0,0.0,0.0599201872809092,0.0,1,0.069305252272222,0.0,7.853170401290075e-05
3036,5,175,2,0,1.0,1.0,0.0,2,33.0,0.0,0.0550405561993047,0.0,2,0.0651053932979312,1.0,0.0001324767006012
3037,5,175,1,0,1.0,0.0,0.0,1,32.0,0.0,0.0563065630200378,0.0,1,0.0661661302003779,0.0,7.536071517984751e-05
3038,33,76,3,0,1.0,1.0,0.0,3,32.0,0.0,0.0576214249055195,0.0,3,0.0667850181254196,1.0,0.0001735492256966
3039,37,57,1,0,1.0,0.0,0.0,1,34.0,0.0,0.0528613619826221,8.163074248272776e-19,1,0.0595023214798696,0.0,9.024575802585496e-05
3040,33,76,1,0,1.0,0.0,0.0,1,31.0,0.0,0.0611227280038603,2.6846886361500482e-17,1,0.069710486261255,0.0,0.0001128503850306
3041,5,175,6,0,1.0,0.4,0.0,6,31.0,7395.951584795285,0.059665438734223,0.0,3,0.0730243254045055,0.4,0.000317664621884
3042,5,175,3,0,1.0,1.0,0.0,3,32.0,0.0,0.0577291637451502,0.0,3,0.0689364134432154,1.0,0.0001665307170147
3043,9,153,2,0,1.0,1.0,0.0,2,34.0,0.0,0.055055278174037,0.0,2,0.0651496475399196,1.0,0.0001415609341365
3044,10,149,3,0,1.0,0.0,0.0,3,33.0,83763.0,0.057543565371354,1.3051341913396015e-17,2,0.0681874228360036,0.0,0.000246959304069
3045,10,149,2,0,1.0,0.0,0.0,2,32.0,88596.0,0.0610306017815005,0.0,2,0.0741027379331643,0.0,0.0001550240038504
3046,40,18,3,0,1.0,0.0,0.0,3,33.0,73901.0,0.0575395438768141,1.6829504247335078e-17,1,0.0680908673447113,0.0,0.0002623477923556
3047,40,18,2,1,0.6666666666666666,0.0,0.4444444444444444,3,32.0,83707.0,0.0610290938291432,0.0,1,0.0741769619547567,0.0,0.0002439366435337
3048,10,149,1,0,1.0,0.0,0.0,1,34.0,0.0,0.0530361590655329,1.9713423349784637e-17,1,0.0612446914482395,0.0,0.0001087869431728
3049,10,149,3,0,1.0,0.0,0.0,3,32.0,13418.302100840336,0.0593265119853965,0.0,2,0.07288114626477,0.0,0.0002178036237776
3050,10,149,2,0,1.0,1.0,0.0,2,34.0,0.0,0.0531777471581123,0.0,2,0.0631053454141577,1.0,0.0001436604869597
3051,22,108,1,0,1.0,0.0,0.0,1,34.0,0.0,0.0529474812433011,3.4441884273444726e-17,1,0.0620341791707315,0.0,8.602269173273214e-05
3052,10,149,1,0,1.0,0.0,0.0,1,32.0,0.0,0.0611204592695239,3.4680351294470334e-17,1,0.0729755829166042,0.0,8.829742004355816e-05
3053,9,153,1,0,1.0,0.0,0.0,1,34.0,0.0,0.0537336161418393,0.0,1,0.0623369682817182,0.0,8.82338628554223e-05
3054,9,153,1,0,1.0,0.0,0.0,1,32.0,0.0,0.0586991135720905,8.340916609186674e-18,1,0.0686746477378036,0.0,0.0001079196592321
3055,5,175,2,0,1.0,1.0,0.0,2,30.0,0.0,0.0638928049458721,0.0,2,0.07542160657798,1.0,0.0001410983096473
3056,5,175,1,0,1.0,0.0,0.0,1,32.0,0.0,0.0571461622997281,0.0,1,0.0663643232295749,0.0,7.736959935013274e-05
3057,22,108,1,0,1.0,0.0,0.0,1,34.0,0.0,0.0525068290764537,0.0,1,0.0606599527298402,0.0,9.038792744330786e-05
3058,22,108,1,0,1.0,0.0,0.0,1,34.0,0.0,0.0524432837563829,2.3994921586647867e-18,1,0.0589363084741759,0.0,0.0001043012005064
3059,22,108,2,0,1.0,1.0,0.0,2,32.0,0.0,0.0582149001861934,0.0,2,0.0683658548657363,1.0,0.0001185120045401
3060,9,153,2,0,1.0,0.0,0.0,2,30.0,97452.09946187637,0.0665561887824528,0.0,2,0.0836493043710245,0.0,0.0001360059867365
3061,22,108,2,0,1.0,1.0,0.0,2,36.0,0.0,0.0479444077798051,0.0,2,0.0543256438926404,1.0,0.0001465386982888
3062,5,175,1,0,1.0,0.0,0.0,1,31.0,0.0,0.059891855192648,0.0,1,0.0689656211431172,0.0,8.254062532207566e-05
3063,9,153,3,0,1.0,1.0,0.0,3,30.0,0.0,0.0653984140222672,3.2710142080103335e-17,3,0.0776802130304403,1.0,0.0001744279298604
3064,33,76,1,0,1.0,0.0,0.0,1,30.0,0.0,0.0654764271607883,6.260064854787467e-17,1,0.0777778989229269,0.0,9.070814215726992e-05
3065,22,108,3,0,1.0,1.0,0.0,3,33.0,0.0,0.0559038544236471,0.0,3,0.0666336988092974,1.0,0.0001809224568993
3066,10,149,1,0,1.0,0.0,0.0,1,32.0,0.0,0.0589393306687347,1.463814858912591e-17,1,0.0703165682682674,0.0,9.10225956504053e-05
3067,9,153,1,0,1.0,0.0,0.0,1,33.0,0.0,0.0561389154052456,7.571908128040927e-18,1,0.0669702026611277,0.0,9.570131922168248e-05
3068,5,175,1,0,1.0,0.0,0.0,1,30.0,0.0,0.0636934462796064,0.0,1,0.0752536812734151,0.0,7.781842990219343e-05
3069,40,18,3,0,1.0,0.0,0.0,3,36.0,19748.0,0.0490931677018633,3.1026435904392417e-17,1,0.0552968190988182,0.0,0.0002963455420689
3070,40,18,3,0,1.0,0.0,0.0,3,35.0,34541.0,0.051622881267373,1.5203936103505044e-17,1,0.0589767578293286,0.0,0.0002806466710362
3071,10,149,4,0,1.0,0.0,0.0,4,35.0,24681.5,0.051619644723093,3.893758836063634e-17,2,0.0589916333047304,0.0,0.0003456147002798
3072,40,18,3,0,1.0,0.0,0.0,3,35.0,14813.0,0.0516185659651835,4.2761171755401675e-17,1,0.0588215621478171,0.0,0.0002971700016489
3073,40,18,3,0,1.0,0.0,0.0,3,34.0,59168.0,0.0544238671793233,0.0,1,0.0632004216821454,0.0,0.0002684048255078
3074,10,149,3,0,1.0,0.0,0.0,3,35.0,19748.0,0.0516174872523614,2.866345898597047e-17,1,0.0588296899848923,0.0,0.0002922970409294
3075,10,149,3,0,1.0,0.0,0.0,3,34.0,34541.0,0.0544214689390016,9.240952413853668e-18,1,0.0631225828543066,0.0,0.0002717452814005
3076,10,149,1,0,1.0,0.0,0.0,1,34.0,0.0,0.0544082823944049,0.0,1,0.0625849406719276,0.0,9.194164852606042e-05
3077,22,108,2,0,1.0,1.0,0.0,2,33.0,0.0,0.0556795383332206,0.0,2,0.0657815659556462,1.0,0.0001234174922359
3078,22,108,1,0,1.0,0.0,0.0,1,31.0,0.0,0.0616567441744361,1.7714345386272838e-17,1,0.0724153477515422,0.0,8.755542922384226e-05
3079,9,153,2,0,1.0,1.0,0.0,2,32.0,0.0,0.058767546990245,0.0,2,0.0694423448128683,1.0,0.0001408371017371
3080,37,57,1,0,1.0,0.0,0.0,1,35.0,0.0,0.0502962797043311,0.0,1,0.0563995789370345,0.0,8.168420825465046e-05
3081,40,18,2,0,1.0,0.0,0.0,2,36.0,4939.0,0.049086338298274,3.1376553719948395e-17,1,0.0549729324591421,0.0,0.000219743071986
3082,10,149,2,0,1.0,0.0,0.0,2,36.0,4939.0,0.0491131790344388,3.2874777207294376e-17,1,0.0551431109086728,0.0,0.0002193334899815
3083,10,149,2,0,1.0,0.0,0.0,2,36.0,4939.0,0.0490853628242962,3.34293406185976e-17,1,0.0549730931171975,0.0,0.0002175815499447
3084,40,18,2,0,1.0,0.0,0.0,2,37.0,4939.0,0.0467971429112748,3.292304412645356e-17,1,0.0519086374834004,0.0,0.0002193773625832
3085,10,149,2,0,1.0,0.0,0.0,2,36.0,4939.0,0.0490853628242962,3.257037994534371e-17,1,0.0549730931171975,0.0,0.0002175815499447
3086,10,149,2,0,1.0,0.0,0.0,2,36.0,4939.0,0.0490873138110237,1.6234448711960512e-17,1,0.0550405695004633,0.0,0.0002029054307736
3087,10,149,2,0,1.0,0.0,0.0,2,36.0,4939.0,0.0491131790344388,3.4894955285093246e-17,1,0.0551431109086728,0.0,0.0002193334899815
3088,10,149,2,0,1.0,0.0,0.0,2,35.0,4939.0,0.0516142513843903,3.036603953263664e-17,1,0.0585935226434616,0.0,0.0002084653095797
3089,40,18,2,0,1.0,0.0,0.0,2,36.0,4939.0,0.049090240581928,2.863957558539411e-17,1,0.0550606517573877,0.0,0.0002124137407292
3090,10,149,3,0,1.0,0.0,0.0,3,34.0,24679.0,0.054456864431069,8.527633356853997e-18,1,0.0635082352136431,0.0,0.0002665451194791
3091,10,149,3,0,1.0,0.0,0.0,3,34.0,24679.0,0.054456864431069,1.1023979008882318e-17,1,0.0635082352136431,0.0,0.0002665451194791
3092,22,108,2,0,1.0,1.0,0.0,2,32.0,0.0,0.0582149001861934,0.0,2,0.0683658548657363,1.0,0.0001222419437523
3093,39,45,1,0,1.0,0.0,0.0,1,33.0,0.0,0.0560949298813376,0.0,1,0.0646362506574736,0.0,8.083274979406623e-05
3094,39,45,2,0,1.0,1.0,0.0,2,31.0,0.0,0.0619591120030101,0.0,2,0.0711039018821607,1.0,0.0001527330366622
3095,9,153,2,0,1.0,1.0,0.0,2,32.0,0.0,0.0599572774055733,0.0,2,0.0726334357070945,1.0,0.0001224057095022
3096,22,108,3,0,1.0,1.0,0.0,3,32.0,0.0,0.058993527430796,0.0,3,0.0725985738245644,1.0,0.0001633787986712
3097,10,149,2,0,1.0,1.0,0.0,2,32.0,0.0,0.0587409926514304,0.0,2,0.0701460374520627,1.0,0.0001503697262965
3098,10,149,2,0,1.0,1.0,0.0,2,34.0,0.0,0.0531777471581123,0.0,2,0.0631053454141577,1.0,0.0001436604869596
3099,10,149,2,0,1.0,1.0,0.0,2,34.0,0.0,0.0531777471581123,0.0,2,0.0631053454141577,1.0,0.0001436604869596
3100,5,175,1,0,1.0,0.0,0.0,1,32.0,0.0,0.0572508025542665,0.0,1,0.0664916577930095,0.0,8.231201995105141e-05
3101,10,149,3,0,1.0,0.0,0.0,3,35.0,14813.0,0.0516482482461551,4.5141373970412665e-17,1,0.0590456071087043,0.0,0.0002962466351593
3102,10,149,3,0,1.0,0.0,0.0,3,35.0,14813.0,0.0516482482461551,4.357437078270527e-17,1,0.0590456071087043,0.0,0.0002962466351593
3103,10,149,1,0,1.0,0.0,0.0,1,30.0,0.0,0.0624486442070665,2.4522567945102576e-16,1,0.0709379813087105,0.0,0.0001049374308472
3104,9,153,3,0,1.0,1.0,0.0,3,31.0,0.0,0.0619785458879618,0.0,3,0.0741173313041936,1.0,0.000164535951634
3105,37,57,3,0,1.0,0.0,0.0,3,33.0,11235.067068853525,0.0558110108119711,0.0,2,0.0643358195486654,0.0,0.0002113677562809
3106,5,175,1,0,1.0,0.0,0.0,1,31.0,0.0,0.0606120095212387,0.0,1,0.0700163038200436,0.0,8.736258271198276e-05
3107,5,175,1,0,1.0,0.0,0.0,1,33.0,0.0,0.0554184428988108,0.0,1,0.0655989034577756,0.0,7.811926693181582e-05
3108,33,76,1,0,1.0,0.0,0.0,1,30.0,0.0,0.0654764271607883,6.062397042404751e-17,1,0.0777778989229269,0.0,9.070814215722149e-05
3109,9,153,3,0,1.0,1.0,0.0,3,30.0,0.0,0.0653984140222672,2.51776003588546e-17,3,0.0776802130304403,1.0,0.0001744279298603
3110,37,57,1,0,1.0,0.0,0.0,1,34.0,0.0,0.0517223327400272,0.0,1,0.0581883616671686,0.0,8.305407157525486e-05
3111,39,45,3,0,1.0,1.0,0.0,3,33.0,0.0,0.0559551452681656,0.0,3,0.0642502356940295,1.0,0.0001813749022527
3112,5,175,3,0,1.0,1.0,0.0,3,30.0,0.0,0.0639068564036222,0.0,3,0.0768365877955929,1.0,0.0001714233749769
3113,22,108,3,0,1.0,1.0,0.0,3,34.0,0.0,0.0530236352317369,0.0,3,0.0627965936865699,1.0,0.0001938275810604
3114,9,153,1,0,1.0,0.0,0.0,1,31.0,0.0,0.0619886563268584,3.884123521539245e-17,1,0.0731762152914204,0.0,0.0001018061237855
3115,9,153,2,0,1.0,0.0,0.0,2,31.0,534.0916666666667,0.0626808100289296,0.0,2,0.0771625259151825,0.0,0.0001437457895993
3116,9,153,2,0,1.0,1.0,0.0,2,32.0,0.0,0.058767546990245,0.0,2,0.0694423448128683,1.0,0.000140837101737
3117,39,45,5,0,1.0,0.4,0.0,5,33.0,9876.0,0.0559564128994257,0.0,3,0.0644526648438271,0.4,0.0003022130739325
3118,9,153,2,0,1.0,1.0,0.0,2,35.0,0.0,0.0506412162092896,1.1928983957331685e-17,2,0.0584951830780697,1.0,0.0001730215369343
3119,9,153,2,0,1.0,1.0,0.0,2,35.0,0.0,0.0506412162092896,1.2428007226449529e-17,2,0.0584951830780697,1.0,0.0001730215369342
3120,5,175,1,0,1.0,0.0,0.0,1,34.0,0.0,0.0510067114093959,0.0,1,0.0584785565129857,0.0,8.800119078440933e-05
3121,9,153,2,0,1.0,1.0,0.0,2,30.0,0.0,0.0653975482538589,3.295078840858772e-17,2,0.0775789984555415,1.0,0.0001314529326485
3122,5,175,4,0,1.0,0.16666666666666666,0.0,4,34.0,5765.671764346764,0.0514663749544199,2.649804860773411e-17,2,0.0604887602968513,0.1666666666666666,0.0002949906880952
3123,22,108,2,0,1.0,0.0,0.0,2,30.0,22084.052781982045,0.0657177065318611,0.0,2,0.080344316423555,0.0,0.0001205023542185
3124,22,108,2,0,1.0,0.0,0.0,2,30.0,22084.052781982045,0.0657177065318611,0.0,2,0.080344316423555,0.0,0.0001205023542185
3125,37,57,1,0,1.0,0.0,0.0,1,32.0,0.0,0.0575777707845262,0.0,1,0.0660497531294767,0.0,8.457068164806553e-05
3126,33,76,3,0,1.0,1.0,0.0,3,31.0,0.0,0.0610268320403221,0.0,3,0.0715999850715112,1.0,0.0001703238678858
3127,22,108,3,0,1.0,0.6666666666666666,0.0,3,32.0,0.5,0.0582155862215256,0.0,2,0.068467069440635,0.6666666666666666,0.0001704648306347
3128,22,108,10,0,1.0,0.17777777777777778,0.0,10,31.0,41746.43216526328,0.0618118118118118,1.0760231646079933e-17,3,0.0757158265125472,0.1777777777777777,0.0005127687999176
3129,22,108,5,0,1.0,0.5,0.0,5,32.0,3.8333333333333335,0.0582183305245542,1.3034774268458476e-17,3,0.0687369749736982,0.5,0.0002621672321617
3130,33,76,3,0,1.0,1.0,0.0,3,31.0,0.0,0.0610268320403221,0.0,3,0.0715999850715112,1.0,0.0001703238678857
3131,9,153,3,0,1.0,1.0,0.0,3,31.0,0.0,0.061670599103654,0.0,3,0.0725560077886219,1.0,0.0001610175300951
3132,10,149,1,0,1.0,0.0,0.0,1,33.0,0.0,0.0572527931018497,2.247537506967928e-17,1,0.0659858670818173,0.0,0.0001080754616453
3133,39,45,3,0,1.0,1.0,0.0,3,33.0,0.0,0.056096203854059,0.0,3,0.0648386798072712,1.0,0.0001865371149092
3134,39,45,3,0,1.0,1.0,0.0,3,33.0,0.0,0.056096203854059,0.0,3,0.0648386798072712,1.0,0.0001865371149091
3135,40,18,2,0,1.0,0.0,0.0,2,34.0,4939.0,0.0544106794726349,3.282694012811498e-17,1,0.0627213393609578,0.0,0.0002042968212884
3136,10,149,2,0,1.0,0.0,0.0,2,35.0,4939.0,0.0516153299619676,3.068280791077543e-17,1,0.058620513196768,0.0,0.0002033410552694
3137,10,149,3,0,1.0,0.0,0.0,3,34.0,39468.0,0.0544226680327417,0.0,2,0.063173190141756,0.0,0.0002601931021981
3138,9,153,1,0,1.0,0.0,0.0,1,37.0,0.0,0.0457890736518176,1.7688473768394577e-17,1,0.0507159936303187,0.0,0.0001250092469678
3139,33,76,1,0,1.0,0.0,0.0,1,32.0,0.0,0.0575241333535172,0.0,1,0.065839043834304,0.0,8.093856482606841e-05
3140,33,76,1,0,1.0,0.0,0.0,1,34.0,0.0,0.0516752617759971,0.0,1,0.0576660959903399,0.0,9.844152466461288e-05
3141,22,108,2,0,1.0,1.0,0.0,2,33.0,0.0,0.0559070178019714,0.0,2,0.0678537122079543,1.0,0.0001187592490942
3142,5,175,1,0,1.0,0.0,0.0,1,31.0,0.0,0.0606120095212387,0.0,1,0.0700163038200436,0.0,8.736258271198276e-05
3143,37,57,2,0,1.0,1.0,0.0,2,33.0,0.0,0.0545013239187996,0.0,2,0.0622046571405792,1.0,0.0001387179193928
3144,39,45,2,0,1.0,1.0,0.0,2,34.0,0.0,0.0529923515087802,0.0,2,0.0596714665323877,1.0,0.0001421468689531
3145,10,149,2,0,1.0,1.0,0.0,2,33.0,0.0,0.0557128195874544,0.0,2,0.065590606723695,1.0,0.000147897413233
3146,22,108,2,0,1.0,0.0,0.0,2,32.0,4937.0,0.0585842534065438,0.0,2,0.0685438139196023,0.0,0.0001670128856705
3147,22,108,2,0,1.0,0.0,0.0,2,32.0,4937.0,0.0585842534065438,0.0,2,0.0685438139196023,0.0,0.0001670128856704
3148,9,153,3,0,1.0,1.0,0.0,3,30.0,0.0,0.0653984140222672,4.269270824083144e-17,3,0.0776802130304403,1.0,0.0001744279298602
3149,22,108,2,0,1.0,1.0,0.0,2,32.0,0.0,0.0586942315689419,0.0,2,0.0711139325798769,1.0,0.0001187243748584
3150,5,175,2,0,1.0,1.0,0.0,2,31.0,0.0,0.0598439695692203,0.0,2,0.0689123191819205,1.0,0.0001256469909807
3151,5,175,1,0,1.0,0.0,0.0,1,31.0,0.0,0.0598432446183478,0.0,1,0.0688111046070217,0.0,7.881698832176775e-05
3152,37,57,3,0,1.0,0.6666666666666666,0.0,3,34.0,916.5571295542808,0.0517906567139142,0.0,2,0.0589819332552752,0.6666666666666666,0.0001866494812217
3153,5,175,3,0,1.0,1.0,0.0,3,32.0,0.0,0.0583820835549252,0.0,3,0.0706033573861632,1.0,0.0001654328001068
3154,10,149,2,0,1.0,0.0,0.0,2,31.0,41.261904761904745,0.0625696625797953,0.0,2,0.0773923680095974,0.0,0.0001344428612484
3155,9,153,1,0,1.0,0.0,0.0,1,33.0,0.0,0.0562738508856866,8.830605520470763e-18,1,0.0650077218538437,0.0,0.0001083110687631
3156,33,76,5,0,1.0,0.3,0.0,5,31.0,21250.242503592784,0.0610343719884355,0.0,3,0.0720217124669228,0.3,0.0002975313985086
3157,5,175,2,0,1.0,1.0,0.0,2,32.0,0.0,0.0571686475101549,0.0,2,0.0668969046832089,1.0,0.0001268496748022
3158,9,153,2,0,1.0,1.0,0.0,2,32.0,0.0,0.0600549490627051,0.0,2,0.0731415650344367,1.0,0.0001282074923127
3159,22,108,3,0,1.0,1.0,0.0,3,33.0,0.0,0.0559038544236471,0.0,3,0.0666336988092974,1.0,0.0001809224568992
3160,5,175,1,0,1.0,0.0,0.0,1,31.0,0.0,0.0600556791519262,0.0,1,0.0696837017017849,0.0,8.615682293730414e-05
3161,9,153,2,0,1.0,1.0,0.0,2,30.0,0.0,0.0653975482538589,3.267080673027664e-17,2,0.0775789984555415,1.0,0.0001314529326484
3162,9,153,1,0,1.0,0.0,0.0,1,34.0,0.0,0.0537336161418393,0.0,1,0.0623369682817182,0.0,8.82338628554223e-05
3163,22,108,1,0,1.0,0.0,0.0,1,33.0,0.0,0.0559215739545835,1.2871325812541145e-17,1,0.066511679016225,0.0,8.629295287536284e-05
3164,22,108,1,0,1.0,0.0,0.0,1,33.0,0.0,0.0559215739545835,1.4006581376844403e-17,1,0.066511679016225,0.0,8.629295287536284e-05
3165,37,57,1,0,1.0,0.0,0.0,1,35.0,0.0,0.0491718426501035,0.0,1,0.0545554070054527,0.0,9.71241923704848e-05
3166,40,18,1,0,1.0,0.0,0.0,1,36.0,0.0,0.0490853628242962,0.0,1,0.0548379796926104,0.0,0.0001145563942134
3167,40,18,2,0,1.0,0.0,0.0,2,37.0,4939.0,0.0467971429112748,3.5643323889471185e-17,1,0.0519086374834004,0.0,0.0002193773625832
3168,10,149,1,0,1.0,0.0,0.0,1,33.0,0.0,0.0574980213231528,2.3049092295331425e-17,1,0.0672225105553026,0.0,0.00010411806265
3169,9,153,1,0,1.0,0.0,0.0,1,35.0,0.0,0.0509951275910479,0.0,1,0.0580886495601277,0.0,0.000100022965603
3170,10,149,1,0,1.0,0.0,0.0,1,31.0,0.0,0.058802523509106,3.634244883364895e-17,1,0.0658218525648984,0.0,0.0001036193317265
3171,22,108,2,0,1.0,1.0,0.0,2,33.0,0.0,0.0555243340451837,0.0,2,0.065045366707301,1.0,0.0001327257348811
3172,5,175,1,0,1.0,0.0,0.0,1,33.0,0.0,0.0539189469433196,0.0,1,0.0613952160684371,0.0,9.635605363586812e-05
3173,10,149,4,0,1.0,0.6666666666666666,0.0,4,33.0,1614.449932913678,0.0561006632143181,0.0,3,0.0681548809032894,0.6666666666666666,0.0002274866977217
3174,5,175,5,0,1.0,0.1,0.0,5,30.0,20628.18386726192,0.0638919785819602,0.0,2,0.0769683274010167,0.1,0.000328227034457
3175,5,175,1,0,1.0,0.0,0.0,1,32.0,0.0,0.0564668228839229,8.152192012154642e-18,1,0.0635695134548914,0.0,8.68823813710455e-05
3176,5,175,1,0,1.0,0.0,0.0,1,31.0,0.0,0.0602218700475435,0.0,1,0.0701309108129618,0.0,7.979291358832252e-05
3177,5,175,1,0,1.0,0.0,0.0,1,32.0,0.0,0.05687574836511,0.0,1,0.0655177237314244,0.0,7.931282496611475e-05
3178,5,175,2,0,1.0,1.0,0.0,2,31.0,0.0,0.0602527199102307,0.0,2,0.0706976321033674,1.0,0.0001287475114747
3179,5,175,2,0,1.0,1.0,0.0,2,31.0,0.0,0.0601969194774809,0.0,2,0.0712179091722275,1.0,0.0001262183617882
3180,10,149,2,0,1.0,1.0,0.0,2,33.0,0.0,0.0557128195874544,0.0,2,0.065590606723695,1.0,0.0001478974132329
3181,22,108,2,0,1.0,1.0,0.0,2,33.0,0.0,0.0559722631376192,0.0,2,0.0677303506954227,1.0,0.0001234723405855
3182,10,149,1,0,1.0,0.0,0.0,1,33.0,0.0,0.0574779512717287,4.813290643709691e-18,1,0.0671662482166516,0.0,9.749745985174728e-05
3183,33,76,1,0,1.0,0.0,0.0,1,30.0,0.0,0.0650993621843867,3.865995741940234e-17,1,0.0760381923856497,0.0,9.81763679029454e-05
3184,22,108,1,0,1.0,0.0,0.0,1,32.0,0.0,0.0590323004672394,1.5243631092518414e-17,1,0.0708827519721029,0.0,9.272349636569136e-05
3185,22,108,1,0,1.0,0.0,0.0,1,33.0,0.0,0.0559025891725511,0.0,1,0.0664312696594998,0.0,7.839973132313063e-05
3186,22,108,7,0,1.0,0.2857142857142857,0.0,7,32.0,19747.0,0.059212024595764,2.638437631843773e-17,3,0.0733713109839412,0.2857142857142857,0.0003956359172997
3187,22,108,3,0,1.0,0.0,0.0,3,31.0,8294.451109984842,0.0627349385349995,2.3052433244465585e-17,2,0.0786521321995236,0.0,0.0002201127151273
3188,33,76,4,0,1.0,0.0,0.0,4,29.0,28552.93102221378,0.0696314046092043,3.8229114581292e-16,2,0.0843496204782611,0.0,0.0003191441921098
3189,10,149,3,0,1.0,0.0,0.0,3,32.0,9648.221108926386,0.0609823842383991,6.838168462805682e-17,2,0.0736974049620419,0.0,0.0002369619980193
3190,39,45,2,0,1.0,1.0,0.0,2,33.0,0.0,0.0562398961724993,0.0,2,0.0654184565307727,1.0,0.0001290836467603
3191,22,108,1,0,1.0,0.0,0.0,1,33.0,0.0,0.0551992312333787,0.0,1,0.0641825109099809,0.0,9.168605920101576e-05
3192,22,108,1,0,1.0,0.0,0.0,1,33.0,0.0,0.0551992312333787,0.0,1,0.0641825109099809,0.0,9.168605920101576e-05
3193,10,149,1,0,1.0,0.0,0.0,1,35.0,0.0,0.0516925652697117,0.0,1,0.0591775584906558,0.0,8.822841514924206e-05
3194,5,175,1,0,1.0,0.0,0.0,1,31.0,0.0,0.0600556791519262,0.0,1,0.0696837017017849,0.0,8.615682293730414e-05
3195,39,45,1,0,1.0,0.0,0.0,1,35.0,0.0,0.0496806959320158,0.0,1,0.0541666150025859,0.0,0.0001052085400634
3196,33,76,1,0,1.0,0.0,0.0,1,32.0,0.0,0.0586315352204616,9.022857789231606e-18,1,0.0688321513132026,0.0,9.9385272466551e-05
3197,9,153,6,0,1.0,0.2,0.0,6,33.0,14814.0,0.0567842199641362,3.7701795355967917e-17,3,0.0680941962250299,0.2,0.0004085338995941
3198,5,175,2,0,1.0,1.0,0.0,2,31.0,0.0,0.0608749229821318,0.0,2,0.0714158675695798,1.0,0.00013223479416
3199,9,153,2,0,1.0,1.0,0.0,2,32.0,0.0,0.0599463637797759,0.0,2,0.0723601563548678,1.0,0.0001249341489175
3200,9,153,3,0,1.0,1.0,0.0,3,31.0,0.0,0.0619754356471665,0.0,3,0.0740802192933973,1.0,0.0001615053585104
3201,10,149,2,0,1.0,0.0,0.0,2,36.0,2469.0,0.0490873138110237,0.0,2,0.0550405695004633,0.0,0.0001827062190179
3202,22,108,3,0,1.0,1.0,0.0,3,33.0,0.0,0.0559038544236471,0.0,3,0.0666336988092974,1.0,0.0001809224568991
3203,37,57,1,0,1.0,0.0,0.0,1,33.0,0.0,0.0544454608576813,0.0,1,0.061442220634215,0.0,8.554777001581958e-05
3204,10,149,1,0,1.0,0.0,0.0,1,32.0,0.0,0.0589681762838112,3.3152840872073245e-17,1,0.0676689234911772,0.0,0.0001070921277916
3205,9,153,2,0,1.0,1.0,0.0,2,34.0,0.0,0.0548304031255549,0.0,2,0.0640376488420089,1.0,0.0001484712545755
3206,24,105,1,0,1.0,0.0,0.0,1,32.0,0.0,0.059397845325125,1.1961384790350289e-17,1,0.0685560567313224,0.0,9.673189064368336e-05
3207,5,175,2,0,1.0,1.0,0.0,2,30.0,0.0,0.0636959100520914,0.0,2,0.0754223722315797,1.0,0.0001300008281445
3208,24,105,1,0,1.0,0.0,0.0,1,34.0,0.0,0.055782021025531,7.602752033300463e-19,1,0.0654111961289794,0.0,9.852635126214276e-05
3209,5,175,2,0,1.0,1.0,0.0,2,33.0,0.0,0.0543980971677751,0.0,2,0.0625802826265718,1.0,0.0001396012053643
3210,39,45,1,0,1.0,0.0,0.0,1,33.0,0.0,0.055123469877367,0.0,1,0.0610144664831141,0.0,0.0001040453417888
3211,5,175,3,0,1.0,1.0,0.0,3,31.0,0.0,0.0599151000606428,0.0,3,0.0697146089973683,1.0,0.0001750280605411
3212,24,105,1,0,1.0,0.0,0.0,1,33.0,0.0,0.0560821933359822,0.0,1,0.0639814634093451,0.0,9.667192761648586e-05
3213,10,149,3,0,1.0,1.0,0.0,3,34.0,0.0,0.0533846286850523,0.0,3,0.0641094992675024,1.0,0.0001765152676245
3214,9,153,2,0,1.0,1.0,0.0,2,33.0,0.0,0.0576752440106477,0.0,2,0.0680548120808919,1.0,0.00014937105893
3215,9,153,3,0,1.0,1.0,0.0,3,32.0,0.0,0.0599492736914918,0.0,3,0.0725457164088489,1.0,0.0001769745499792
3216,24,105,1,0,1.0,0.0,0.0,1,34.0,0.0,0.0542154129809697,0.0,1,0.0637625399069981,0.0,9.649685722354418e-05
3217,24,105,2,0,1.0,0.0,0.0,2,32.0,1.0,0.0596589536737355,5.552616500125875e-17,2,0.0681397837926466,0.0,0.0001601904811271
3218,24,105,2,0,1.0,0.0,0.0,2,32.0,1.0,0.0596589536737355,5.815837639676187e-17,2,0.0681397837926466,0.0,0.0001601904811272
3219,24,105,2,0,1.0,0.0,0.0,2,32.0,9876.0,0.0599696509863429,5.714614675242833e-17,1,0.0691517226433877,0.0,0.0001837608390791
3220,39,45,1,0,1.0,0.0,0.0,1,33.0,0.0,0.055123469877367,0.0,1,0.0610144664831141,0.0,0.0001040453417888
3221,5,175,3,0,1.0,1.0,0.0,3,32.0,0.0,0.0575248032046206,0.0,3,0.0679806190949863,1.0,0.0001752110514161
3222,5,175,2,0,1.0,1.0,0.0,2,31.0,0.0,0.0598439695692203,0.0,2,0.0689123191819205,1.0,0.0001256469909807
3223,9,153,1,0,1.0,0.0,0.0,1,35.0,0.0,0.0509951275910479,0.0,1,0.0580886495601277,0.0,0.000100022965603
3224,24,105,1,0,1.0,0.0,0.0,1,33.0,0.0,0.0568580735011452,0.0,1,0.0672314818591607,0.0,9.14550408924318e-05
3225,24,105,1,0,1.0,0.0,0.0,1,33.0,0.0,0.0568580735011452,0.0,1,0.0672314818591607,0.0,9.14550408924318e-05
3226,24,105,1,0,1.0,0.0,0.0,1,31.0,0.0,0.0627397190683024,0.0,1,0.0730272712352366,0.0,9.177464752949352e-05
3227,24,105,1,0,1.0,0.0,0.0,1,31.0,0.0,0.0627397190683024,0.0,1,0.0730272712352366,0.0,9.177464752949352e-05
3228,37,57,2,0,1.0,1.0,0.0,2,33.0,0.0,0.05580848876487,0.0,2,0.0641333903988679,1.0,0.0001328830571175
3229,24,105,2,0,1.0,0.0,0.0,2,36.0,4939.0,0.0501446480231436,1.1040555444024113e-17,1,0.0569310869956423,0.0,0.0001995344035826
3230,9,153,3,0,1.0,1.0,0.0,3,33.0,0.0,0.0567822618650789,0.0,3,0.0677905525003337,1.0,0.0001881141701988
3231,5,175,1,0,1.0,0.0,0.0,1,33.0,0.0,0.0545675466696122,0.0,1,0.0631714450814853,0.0,8.350186696257726e-05
3232,37,57,2,0,1.0,1.0,0.0,2,34.0,0.0,0.0516671547504497,0.0,2,0.0577824568432473,1.0,0.0001498553671072
3233,24,105,1,0,1.0,0.0,0.0,1,33.0,0.0,0.0588754081948847,0.0,1,0.070138345723992,0.0,9.08986415782548e-05
3234,24,105,3,0,1.0,0.3333333333333333,0.0,3,36.0,4939.0,0.0501456660542263,6.103947491558213e-18,2,0.0570660397621739,0.3333333333333333,0.0002678513491174
3235,37,57,2,0,1.0,1.0,0.0,2,34.0,0.0,0.0516671547504497,0.0,2,0.0577824568432473,1.0,0.0001498553671071
3236,24,105,1,0,1.0,0.0,0.0,1,34.0,0.0,0.0531222780209263,0.0,1,0.0598291764290142,0.0,0.0001020304680084
3237,24,105,1,0,1.0,0.0,0.0,1,34.0,0.0,0.0531222780209263,0.0,1,0.0598291764290142,0.0,0.0001020304680084
3238,10,149,2,0,1.0,1.0,0.0,2,33.0,0.0,0.0575341827583797,0.0,2,0.0677403114678399,1.0,0.0001419577026229
3239,24,105,1,0,1.0,0.0,0.0,1,33.0,0.0,0.0558110108119711,0.0,1,0.0633117875003265,0.0,9.565839836374916e-05
3240,24,105,1,0,1.0,0.0,0.0,1,33.0,0.0,0.0558110108119711,0.0,1,0.0633117875003265,0.0,9.565839836374916e-05
3241,10,149,1,0,1.0,0.0,0.0,1,33.0,0.0,0.056048469445642,0.0,1,0.067188603029117,0.0,7.965792128226479e-05
3242,24,105,1,0,1.0,0.0,0.0,1,32.0,0.0,0.0603963664372256,0.0,1,0.0709234357468796,0.0,9.062146155267608e-05
3243,24,105,1,0,1.0,0.0,0.0,1,32.0,0.0,0.0603963664372256,0.0,1,0.0709234357468796,0.0,9.062146155267608e-05
3244,9,153,3,0,1.0,1.0,0.0,3,34.0,0.0,0.0537254347518733,0.0,3,0.0625152721088358,1.0,0.0001948087271562
3245,10,149,2,0,1.0,1.0,0.0,2,34.0,0.0,0.0515808378231633,0.0,2,0.0571165769516585,1.0,0.0001805379959233
3246,39,45,2,0,1.0,1.0,0.0,2,34.0,0.0,0.0529923515087802,0.0,2,0.0596714665323877,1.0,0.000142146868953
3247,24,105,2,0,1.0,0.0,0.0,2,34.0,9876.0,0.0542219587957017,0.0,1,0.0640311528729795,0.0,0.000186377815175
3248,24,105,1,0,1.0,0.0,0.0,1,34.0,0.0,0.0542195783165589,0.0,1,0.0638455928189984,0.0,9.630556639648732e-05
3249,5,175,1,0,1.0,0.0,0.0,1,35.0,0.0,0.0489477230391185,0.0,1,0.0560272134232475,0.0,9.304374829982777e-05
3250,37,57,2,0,1.0,1.0,0.0,2,35.0,0.0,0.0503393319338863,0.0,2,0.0569417049396866,1.0,0.000131114144846
3251,24,105,3,0,1.0,0.3333333333333333,0.0,3,36.0,4939.0,0.0501456660542263,7.902326099541168e-18,2,0.0570660397621739,0.3333333333333333,0.0002678513491172
3252,9,153,2,0,1.0,1.0,0.0,2,33.0,0.0,0.0576752440106477,0.0,2,0.0680548120808919,1.0,0.0001493710589299
3253,5,175,2,0,1.0,1.0,0.0,2,31.0,0.0,0.0598439695692203,0.0,2,0.0689123191819205,1.0,0.0001256469909807
3254,24,105,1,0,1.0,0.0,0.0,1,35.0,0.0,0.0511027434104357,0.0,1,0.0583526898644506,0.0,0.0001004816720612
3255,24,105,1,0,1.0,0.0,0.0,1,34.0,0.0,0.0528715456900057,0.0,1,0.0592520335227515,0.0,0.0001057766679901
3256,24,105,1,0,1.0,0.0,0.0,1,34.0,0.0,0.0528715456900057,0.0,1,0.0592520335227515,0.0,0.0001057766679901
3257,24,105,1,0,1.0,0.0,0.0,1,34.0,0.0,0.0528715456900057,0.0,1,0.0592520335227515,0.0,0.0001057766679901
3258,24,105,1,0,1.0,0.0,0.0,1,34.0,0.0,0.0528715456900057,0.0,1,0.0592520335227515,0.0,0.0001057766679901
3259,24,105,1,0,1.0,0.0,0.0,1,34.0,0.0,0.0528715456900057,0.0,1,0.0592520335227515,0.0,0.0001057766679901
3260,24,105,1,0,1.0,0.0,0.0,1,34.0,0.0,0.0528715456900057,0.0,1,0.0592520335227515,0.0,0.0001057766679901
3261,24,105,1,0,1.0,0.0,0.0,1,34.0,0.0,0.053135420027966,0.0,1,0.0600836587887597,0.0,9.75156376316132e-05
3262,10,149,1,0,1.0,0.0,0.0,1,33.0,0.0,0.0557121912710048,0.0,1,0.0654893921487962,0.0,8.504101260901052e-05
3263,39,45,2,0,1.0,1.0,0.0,2,32.0,0.0,0.0583372697213037,0.0,2,0.0656284778412109,1.0,0.0001709283694159
3264,37,57,1,0,1.0,0.0,0.0,1,35.0,0.0,0.0491718426501035,0.0,1,0.0545554070054527,0.0,9.71241923704848e-05
3265,5,175,2,0,1.0,1.0,0.0,2,31.0,0.0,0.0599223677826297,0.0,2,0.0694739432303867,1.0,0.0001307141022552
3266,24,105,4,0,1.0,0.16666666666666666,0.0,4,35.0,29612.0,0.0527901857274145,0.0,2,0.0613020780116914,0.1666666666666666,0.0003354817891349
3267,37,57,2,0,1.0,1.0,0.0,2,32.0,0.0,0.057543565371354,0.0,2,0.065982758720377,1.0,0.0001414777427485
3268,10,149,1,0,1.0,0.0,0.0,1,33.0,0.0,0.0557304182037657,2.138289360792594e-17,1,0.0630455089820392,0.0,0.0001088943380873
3269,5,175,2,0,1.0,1.0,0.0,2,33.0,0.0,0.0543980971677751,0.0,2,0.0625802826265718,1.0,0.0001396012053643
3270,39,45,3,0,1.0,1.0,0.0,3,33.0,0.0,0.056096203854059,0.0,3,0.0648386798072712,1.0,0.000186537114909
3271,22,108,1,0,1.0,0.0,0.0,1,35.0,0.0,0.0503557521763062,0.0,1,0.0580435691828251,0.0,8.956485677213686e-05
3272,24,105,2,0,1.0,0.0,0.0,2,33.0,4939.0,0.0565787062488546,5.3172738792685975e-17,1,0.0639375111737804,0.0,0.000210193466467
3273,24,105,1,0,1.0,0.0,0.0,1,35.0,0.0,0.0504642919165193,0.0,1,0.0563605753426187,0.0,0.000105059442301
3274,24,105,1,0,1.0,0.0,0.0,1,35.0,0.0,0.0504642919165193,0.0,1,0.0563605753426187,0.0,0.000105059442301
3275,33,76,2,0,1.0,1.0,0.0,2,31.0,0.0,0.0610200476796324,0.0,2,0.071333453357611,1.0,0.0001233944889556
3276,33,76,5,0,1.0,0.5,0.0,5,31.0,6235.337696623936,0.0610298477960071,0.0,3,0.0718698906045746,0.5,0.0002747764373081
3277,9,153,2,0,1.0,1.0,0.0,2,34.0,0.0,0.0548304031255549,0.0,2,0.0640376488420089,1.0,0.0001484712545754
3278,33,76,1,0,1.0,0.0,0.0,1,31.0,0.0,0.0610162792421135,0.0,1,0.0711310242078134,0.0,7.668249461341546e-05
3279,9,153,3,0,1.0,1.0,0.0,3,34.0,0.0,0.0537254347518733,0.0,3,0.0625152721088358,1.0,0.0001948087271561
3280,33,76,1,0,1.0,0.0,0.0,1,33.0,0.0,0.0544850938048021,0.0,1,0.0617198287465043,0.0,8.145428731616252e-05
3281,10,149,3,0,1.0,0.3333333333333333,0.0,3,32.0,4939.0,0.0587416911423713,0.0,2,0.0702472520269615,0.3333333333333333,0.0002302938637795
3282,10,149,1,0,1.0,0.0,0.0,1,33.0,0.0,0.0554831753448043,2.5944631937835815e-18,1,0.0643255025699564,0.0,9.560815515047456e-05
3283,33,76,2,0,1.0,0.0,0.0,2,30.0,9476.228707862869,0.0654608096468561,4.432653847000919e-17,2,0.0780123085753527,0.0,0.0001668869653069
3284,22,108,6,0,1.0,0.4,0.0,6,32.0,1852.1687029692976,0.0586970211855847,0.0,3,0.0715187908794721,0.4,0.0003079074510267
3285,22,108,1,0,1.0,0.0,0.0,1,34.0,0.0,0.052705139284533,0.0,1,0.0606758085714699,0.0,8.481558957771528e-05
3286,22,108,4,0,1.0,0.16666666666666666,0.0,4,33.0,5081.18111334947,0.0556368960468521,1.931057298551957e-17,2,0.0660007529764527,0.1666666666666666,0.0002562699411676
3287,37,57,1,0,1.0,0.0,0.0,1,35.0,0.0,0.0491713532075847,0.0,1,0.0545216688138198,0.0,9.60350592940238e-05
3288,33,76,3,0,1.0,0.0,0.0,3,30.0,7407.0,0.0684305305443967,3.4446327191988193e-16,2,0.0812388536637932,0.0,0.0002438807582174
3289,33,76,3,0,1.0,0.0,0.0,3,30.0,7407.0,0.0684305305443967,3.424992447026617e-16,2,0.0812388536637932,0.0,0.0002438807582172
3290,33,76,1,0,1.0,0.0,0.0,1,31.0,0.0,0.0640485420529243,4.8368860667867434e-17,1,0.0738103181309227,0.0,9.945777524119786e-05
3291,33,76,1,0,1.0,0.0,0.0,1,31.0,0.0,0.0640485420529243,4.741588868623432e-17,1,0.0738103181309227,0.0,9.94577752411291e-05
3292,24,105,1,0,1.0,0.0,0.0,1,32.0,0.0,0.0611045828437132,3.9280076467467953e-17,1,0.0701025640968008,0.0,9.566737758724433e-05
3293,0,203,3,0,1.0,0.0,0.0,3,39.0,108259.57824295912,0.049444500050045,0.0,2,0.0623504157548479,0.0,0.0002263810836582
3294,15,135,4,0,1.0,0.0,0.0,4,37.0,44185.64295994375,0.0509604076832614,3.427539728022872e-17,2,0.0615326059218868,0.0,0.0003178802703139
3295,15,135,3,0,1.0,0.0,0.0,3,36.0,99376.66337369532,0.0536728995317202,0.0,2,0.0663025683735714,0.0,0.0002197252773741
3296,27,102,5,0,1.0,0.0,0.0,5,40.0,44408.9833333333,0.0490405328938878,1.3835033057486416e-18,2,0.0605464742528012,0.0,0.0003660055637887
3297,27,102,4,0,1.0,0.16666666666666666,0.0,4,39.0,73783.65238095236,0.0515560750589659,0.0,2,0.0654800886774432,0.1666666666666666,0.000271971106806
3298,15,135,2,0,1.0,0.0,0.0,2,39.0,15555.446853146872,0.0470225403594273,0.0,2,0.0577632274085925,0.0,0.0001680651916587
3299,15,135,5,1,0.8333333333333334,0.0,0.2777777777777777,6,38.0,43197.50813989613,0.0493358633776091,0.0,2,0.0630095758713783,0.0666666666666666,0.0004394147742804
3300,15,135,1,0,1.0,0.0,0.0,1,39.0,0.0,0.0468388515947965,0.0,1,0.0526368312548896,0.0,0.0001061898180309
3301,15,135,3,0,1.0,0.0,0.0,3,37.0,55909.082294828506,0.0516595904879426,5.626811756584597e-18,2,0.0600990337559105,0.0,0.0002485084548841
3302,38,56,3,0,1.0,0.0,0.0,3,42.0,7179.6196886447015,0.0448650415955243,3.776229818354889e-17,2,0.0537561446009883,0.0,0.0002636019456672
3303,0,203,1,0,1.0,0.0,0.0,1,41.0,0.0,0.0431731382676559,0.0,1,0.0524211514658235,0.0,9.438763541279834e-05
3304,0,203,1,0,1.0,0.0,0.0,1,41.0,0.0,0.0431731382676559,0.0,1,0.0524211514658235,0.0,9.438763541279834e-05
3305,0,203,1,0,1.0,0.0,0.0,1,41.0,0.0,0.0431731382676559,0.0,1,0.0524211514658235,0.0,9.438763541279834e-05
3306,0,203,1,0,1.0,0.0,0.0,1,41.0,0.0,0.0437361664453297,0.0,1,0.0527686627804576,0.0,9.579252467475362e-05
3307,0,203,7,0,1.0,0.0,0.0,7,38.0,146318.0401338448,0.0492355532521378,5.2234681147659394e-17,2,0.0624419404122335,0.0,0.0004794399069838
3308,15,135,5,0,1.0,0.0,0.0,5,40.0,14209.145467381575,0.0461958554649509,3.133930785949432e-17,2,0.0555685661757206,0.0,0.0004067373621287
3309,27,102,4,0,1.0,0.0,0.0,4,40.0,35480.575158090054,0.0490756102164691,0.0,2,0.060919675612845,0.0,0.0003025728462174
3310,27,102,8,0,1.0,0.03571428571428571,0.0,8,39.0,87983.90858275276,0.0515765295468782,3.215621731175581e-18,2,0.0661738101606387,0.0357142857142857,0.0005534315283658
3311,0,203,2,0,1.0,0.0,0.0,2,38.0,20022.989124889365,0.0518129280597421,0.0,2,0.06583325673233,0.0,0.0001516235695538
3312,0,203,8,2,0.8,0.07142857142857142,0.31999999999999984,10,37.0,657824.6843653229,0.0546333263290607,0.0,2,0.073538446195001,0.0444444444444444,0.0006110641197659
3313,15,135,2,0,1.0,0.0,0.0,2,38.0,10176.40722437111,0.0489836390679226,0.0,2,0.0595090241850956,0.0,0.0001681800844758
3314,15,135,4,0,1.0,0.0,0.0,4,37.0,61297.6404341216,0.0514996403365199,0.0,2,0.0648352020020804,0.0,0.0002906370416581
3315,0,203,4,0,1.0,0.0,0.0,4,40.0,49476.47760029154,0.0449495455000409,0.0,2,0.055188246835082,0.0,0.0003092195445927
3316,0,203,6,0,1.0,0.0,0.0,6,38.0,106298.80126188518,0.0501477022404044,0.0,2,0.0643838676038684,0.0,0.0004807848167493
3317,0,203,7,0,1.0,0.0,0.0,7,37.0,165629.00717338076,0.0527237021857923,0.0,2,0.0696950554599113,0.0,0.0004963050177653
3318,15,135,1,1,0.5,0.0,0.5,2,36.0,22852.18468818713,0.057682652000794,1.3934857510522948e-17,2,0.0666914971104656,0.0,0.0001712006842794
3319,0,203,5,0,1.0,0.0,0.0,5,43.0,28084.69403721278,0.0417893276486312,0.0,2,0.0519627845875095,0.0,0.0003479969506694
3320,25,102,5,0,1.0,0.0,0.0,5,38.0,49323.0,0.0488398074090185,1.653687248516755e-17,2,0.0590712219252338,0.0,0.0004254466072367
3321,0,203,5,0,1.0,0.1,0.0,5,38.0,36819.46755182712,0.0518199937060736,0.0,2,0.0664048780934251,0.1,0.0003295337143447
3322,15,135,4,0,1.0,0.0,0.0,4,37.0,37682.25042268152,0.0524254741109424,4.933990844746535e-18,2,0.0630579621709765,0.0,0.0002976417657287
3323,15,135,3,0,1.0,0.0,0.0,3,36.0,123353.01781799788,0.0551314673452078,0.0,2,0.0676840526961864,0.0,0.0002127132727183
3324,27,102,2,0,1.0,0.0,0.0,2,40.0,52819.43952188656,0.0498727940879538,0.0,2,0.0603033500959655,0.0,0.0001515232497492
3325,27,102,2,0,1.0,0.0,0.0,2,41.0,14805.0,0.0467515260493067,0.0,2,0.0559054158122556,0.0,0.0001671629046236
3326,27,102,2,0,1.0,0.0,0.0,2,40.0,19700.52857142857,0.0490337181256017,0.0,2,0.0599965417291843,0.0,0.0001574516107971
3327,0,203,3,0,1.0,0.0,0.0,3,40.0,24499.780158730136,0.047054341096347,0.0,2,0.0571828211372927,0.0,0.0002511901592844
3328,0,203,4,0,1.0,0.0,0.0,4,39.0,35750.89944574191,0.0493422695446327,0.0,2,0.0615856379101099,0.0,0.0002873389024957
3329,0,203,7,2,0.7777777777777778,0.0,0.345679012345679,9,38.0,125970.74248309126,0.0502788747302853,0.0,2,0.0659414213299455,0.0277777777777777,0.0005875547802511
3330,15,135,3,1,0.75,0.0,0.375,4,38.0,62191.66478005283,0.0505992010652463,0.0,2,0.0628714729188716,0.0,0.0003057745160771
3331,15,135,5,1,0.8333333333333334,0.0,0.2777777777777777,6,37.0,111561.93509363076,0.0532207151398929,8.59343100130533e-18,2,0.0680082829281436,0.0,0.0004176490418897
3332,27,102,3,0,1.0,0.0,0.0,3,39.0,79610.897321538,0.0515512329510472,0.0,2,0.065143013471947,0.0,0.0002106929540969
3333,27,102,4,1,0.8,0.16666666666666666,0.31999999999999984,5,38.0,549487.6494059495,0.0543143636203711,0.0,2,0.0712487579717383,0.1,0.0003157229376749
3334,15,135,3,0,1.0,0.0,0.0,3,38.0,10673.563197074112,0.0485289061348789,1.085573999050236e-17,2,0.0574341339579669,0.0,0.0002462381459005
3335,0,203,1,0,1.0,0.0,0.0,1,37.0,0.0,0.0521322512901149,0.0,1,0.0651685237551688,0.0,8.64437368118289e-05
3336,0,203,4,1,0.8,0.16666666666666666,0.31999999999999984,5,36.0,495144.9746302183,0.0549988866622133,0.0,2,0.0725583197221751,0.1,0.0003299147631309
3337,38,56,5,0,1.0,0.0,0.0,5,41.0,42238.6874721248,0.0473229938020289,2.841092818338456e-17,2,0.0567544648185944,0.0,0.000394595302157
3338,27,102,1,0,1.0,0.0,0.0,1,44.0,0.0,0.0410251299682761,1.6582946594588938e-17,1,0.0464139901478826,0.0,0.0001233990522196
3339,25,102,1,0,1.0,0.0,0.0,1,37.0,0.0,0.0506277222649244,1.6796583842675612e-17,1,0.0587735286835997,0.0,0.0001086062017892
3340,27,102,1,0,1.0,0.0,0.0,1,40.0,0.0,0.049847631732962,0.0,1,0.059657665371333,0.0,9.147284155826162e-05
3341,27,102,3,0,1.0,0.0,0.0,3,40.0,8260.163492063186,0.0498576936275004,0.0,2,0.0601159424743472,0.0,0.0002235004594457
3342,27,102,5,0,1.0,0.0,0.0,5,39.0,74654.49553301545,0.0524622197678493,1.6150323732833075e-17,2,0.0651784228083911,0.0,0.0003594977322275
3343,0,203,8,0,1.0,0.0,0.0,8,41.0,25627.15665717743,0.0432805614207238,7.600411780498822e-17,2,0.0543191879540903,0.0,0.0005517206547961
3344,0,203,4,0,1.0,0.0,0.0,4,39.0,30578.165865201896,0.0471968509955287,0.0,2,0.0593014866602961,0.0,0.0002752764506112
3345,15,135,3,1,0.75,0.0,0.375,4,35.0,193601.93088205424,0.0575475874280655,0.0,2,0.0695642099244565,0.0,0.0002820669309197
3346,25,102,2,0,1.0,0.0,0.0,2,38.0,9854.0,0.0488320828761503,0.0,2,0.0584841773908209,0.0,0.0001712371779913
3347,38,56,6,0,1.0,0.0,0.0,6,39.0,171162.53644954754,0.0516758023348257,2.6505051911444057e-17,2,0.0625773054676604,0.0,0.0004607432864664
3348,38,56,2,0,1.0,0.0,0.0,2,38.0,174580.8531162142,0.0544118780909581,0.0,2,0.0660832691016419,0.0,0.0001566815684946
3349,38,56,3,0,1.0,0.0,0.0,3,40.0,51201.05311621903,0.0492399700971841,0.0,2,0.0588282067957706,0.0,0.0002325280875124
3350,0,203,5,0,1.0,0.0,0.0,5,39.0,28860.85669519688,0.0482393609749428,7.163972893472771e-17,2,0.0588531598560657,0.0,0.0003718353878734
3351,0,203,9,0,1.0,0.027777777777777776,0.0,9,37.0,89792.10407965249,0.0533270003022583,0.0,2,0.0697801941321145,0.0277777777777777,0.0005859352038961
3352,0,203,4,3,0.5714285714285714,0.0,0.48979591836734704,7,36.0,541612.4823152177,0.0543747454623504,0.0,2,0.0714512422988634,0.0,0.0004550949812502
3353,27,102,4,0,1.0,0.0,0.0,4,41.0,18726.205802881075,0.0458234775752516,0.0,2,0.0553481596110478,0.0,0.0002875348648529
3354,0,203,1,0,1.0,0.0,0.0,1,40.0,0.0,0.0449364612991549,0.0,1,0.0543009323951357,0.0,9.49718851757805e-05
3355,0,203,10,0,1.0,0.0,0.0,10,39.0,157798.82355279083,0.0470503076366268,1.1047727074165205e-16,2,0.0596128430742646,0.0,0.0007601606834847
3356,27,102,5,0,1.0,0.1,0.0,5,41.0,19953.14655899656,0.0468166568737087,0.0,2,0.0571200519408593,0.1,0.0003575082391521
3357,27,102,2,0,1.0,0.0,0.0,2,40.0,14648.20019958874,0.0490736601599364,0.0,2,0.0606261533456383,0.0,0.0001499367276241
3358,0,203,5,0,1.0,0.1,0.0,5,39.0,65639.5912547576,0.0493960483161347,3.606847697716013e-18,2,0.0620453407129305,0.1,0.0003811237145774
3359,0,203,4,0,1.0,0.16666666666666666,0.0,4,38.0,112419.00444468026,0.0519278476222511,0.0,2,0.0672652351228108,0.1666666666666666,0.0002733964133324
3360,25,102,5,0,1.0,0.0,0.0,5,37.0,75685.37900432911,0.0513353424088122,0.0,2,0.0635702445467929,0.0,0.0003775044331326
3361,25,102,2,1,0.6666666666666666,0.0,0.4444444444444444,3,36.0,47064.31258741266,0.0540741713735277,0.0,2,0.0684678956000485,0.0,0.0002081553671792
3362,25,102,1,1,0.5,0.0,0.5,2,35.0,507019.28810453374,0.0567940124854853,0.0,2,0.0719899749516408,0.0,0.000139546886736
3363,25,102,2,0,1.0,0.0,0.0,2,40.0,4939.0,0.0425517253260289,3.313369415199652e-17,1,0.0475135670040518,0.0,0.0002112964390204
3364,25,102,2,0,1.0,0.0,0.0,2,38.0,9876.0,0.0482766034379977,0.0,1,0.0559999883300902,0.0,0.0001897649793883
3365,0,203,3,0,1.0,0.0,0.0,3,37.0,246889.00172604097,0.0517646072596194,0.0,2,0.066761281748458,0.0,0.0002063182527918
3366,0,203,1,0,1.0,0.0,0.0,1,39.0,0.0,0.0477534606758951,0.0,1,0.0585797471238973,0.0,9.846940945240752e-05
3367,27,102,1,0,1.0,0.0,0.0,1,42.0,0.0,0.0453265068310899,2.3552327666794506e-18,1,0.0520575195529461,0.0,0.0001090146659268
3368,27,102,3,0,1.0,0.0,0.0,3,41.0,19987.518297176248,0.0474780870367522,5.899108460029325e-17,2,0.0557800211531934,0.0,0.0002776109606375
3369,27,102,2,0,1.0,0.0,0.0,2,40.0,24896.851630509696,0.0498345573400048,0.0,2,0.0596739721639555,0.0,0.0001725199508418
3370,27,102,2,0,1.0,0.0,0.0,2,42.0,10151.006392414303,0.0453394030617864,1.7352348011063744e-17,2,0.0523622951866692,0.0,0.0001912218550879
3371,27,102,3,1,0.75,0.0,0.375,4,41.0,14655.798369490543,0.0449413669817414,3.5720469960037785e-17,2,0.0538237226979311,0.0,0.0003210642728449
3372,18,130,1,0,1.0,0.0,0.0,1,38.0,0.0,0.0549841948265883,0.0,1,0.0642857729356125,0.0,9.486176795867418e-05
3373,0,203,1,0,1.0,0.0,0.0,1,43.0,0.0,0.0396227020436972,0.0,1,0.0456026348837126,0.0,0.0001012438545482
3374,0,203,1,0,1.0,0.0,0.0,1,43.0,0.0,0.0396227020436972,0.0,1,0.0456026348837126,0.0,0.0001012438545482
3375,0,203,1,0,1.0,0.0,0.0,1,43.0,0.0,0.0396227020436972,0.0,1,0.0456026348837126,0.0,0.0001012438545482
3376,0,203,1,0,1.0,0.0,0.0,1,41.0,0.0,0.0430126251632564,0.0,1,0.0507759313565039,0.0,0.0001029570034587
3377,0,203,1,0,1.0,0.0,0.0,1,45.0,0.0,0.0384636347356209,1.3633893477326185e-18,1,0.0439155016283328,0.0,0.0001173777335669
3378,31,89,3,0,1.0,0.0,0.0,3,38.0,9877.0,0.0479113930189026,5.999875286945437e-17,1,0.0567534098245485,0.0,0.0002910876985912
3379,31,89,1,0,1.0,0.0,0.0,1,39.0,0.0,0.0457212668678155,1.7427304726987737e-18,1,0.0528152623284621,0.0,0.0001128330750137
3380,31,89,1,0,1.0,0.0,0.0,1,39.0,0.0,0.0457212668678155,1.8103633438228088e-18,1,0.0528152623284621,0.0,0.0001128330750137
3381,18,130,1,0,1.0,0.0,0.0,1,39.0,0.0,0.0504875007665106,0.0,1,0.0566104823086715,0.0,0.0001042652177637
3382,0,203,1,0,1.0,0.0,0.0,1,42.0,0.0,0.0430092548254816,2.660332699859253e-18,1,0.0497458826395962,0.0,0.0001140669695288
3383,25,102,1,0,1.0,0.0,0.0,1,41.0,0.0,0.0426045709357481,1.54124486932431e-18,1,0.0482692644298156,0.0,0.000118766894169
3384,0,203,1,0,1.0,0.0,0.0,1,42.0,0.0,0.0413887864874828,6.3331532707222154e-18,1,0.0488709316419244,0.0,0.0001085890015593
3385,18,130,1,0,1.0,0.0,0.0,1,39.0,0.0,0.0504875007665106,0.0,1,0.0566104823086715,0.0,0.0001042652177637
3386,15,135,1,0,1.0,0.0,0.0,1,41.0,0.0,0.0428838057207344,0.0,1,0.0474104613596195,0.0,0.0001158834478001
3387,18,130,1,0,1.0,0.0,0.0,1,38.0,0.0,0.0549841948265883,0.0,1,0.0642857729356125,0.0,9.486176795867418e-05
3388,15,135,1,0,1.0,0.0,0.0,1,38.0,0.0,0.0484898455981232,0.0,1,0.0567656178137422,0.0,9.790778452129151e-05
3389,15,135,1,0,1.0,0.0,0.0,1,40.0,0.0,0.045965888472239,0.0,1,0.0539895731576236,0.0,0.0001013757387707
3390,15,135,1,0,1.0,0.0,0.0,1,42.0,0.0,0.0408896393600026,1.795282100231632e-17,1,0.0458720301690196,0.0,0.0001228786881445
3391,0,203,1,0,1.0,0.0,0.0,1,43.0,0.0,0.0396131701762545,1.826992814502737e-17,1,0.0451956077003694,0.0,0.0001167943161769
3392,0,203,1,0,1.0,0.0,0.0,1,38.0,0.0,0.0500836417093323,0.0,1,0.062736341153709,0.0,9.062383637966544e-05
3393,0,203,1,0,1.0,0.0,0.0,1,38.0,0.0,0.0500836417093323,0.0,1,0.062736341153709,0.0,9.062383637966544e-05
3394,25,102,1,0,1.0,0.0,0.0,1,40.0,0.0,0.0444940824671698,7.584116237741988e-19,1,0.0510655042560642,0.0,0.0001070614243588
3395,0,203,1,0,1.0,0.0,0.0,1,40.0,0.0,0.0470713788864855,0.0,1,0.0568389084148375,0.0,9.51492585577366e-05
3396,0,203,1,0,1.0,0.0,0.0,1,42.0,0.0,0.041294334985664,0.0,1,0.0483399725949967,0.0,0.0001022298675889
3397,0,203,1,0,1.0,0.0,0.0,1,42.0,0.0,0.041294334985664,0.0,1,0.0483399725949967,0.0,0.0001022298675889
3398,0,203,1,0,1.0,0.0,0.0,1,42.0,0.0,0.041294334985664,0.0,1,0.0483163558608537,0.0,0.0001017792176831
3399,0,203,2,0,1.0,1.0,0.0,2,43.0,0.0,0.0417021923197055,0.0,2,0.0498039974979362,1.0,0.0001583918813821
3400,38,56,3,0,1.0,0.0,0.0,3,42.0,4998.666666666667,0.0447707087185064,9.900548656971936e-18,2,0.0513896840575618,0.0,0.0002616074836403
3401,38,56,4,0,1.0,0.0,0.0,4,41.0,24594.75,0.0468588448441042,3.38526432619852e-17,2,0.0545858074708523,0.0,0.0003310709686758
3402,38,56,2,0,1.0,0.0,0.0,2,40.0,29407.749999999996,0.0491454266897471,0.0,2,0.0578704272436829,0.0,0.0001659827735059
3403,15,135,3,0,1.0,0.3333333333333333,0.0,3,36.0,9876.0,0.0544190709100322,1.1107148046454012e-17,2,0.0638991227702801,0.3333333333333333,0.0002325950923989
3404,38,56,2,0,1.0,0.0,0.0,2,42.0,34.333333333333336,0.0447930362243278,0.0,2,0.0512558733114029,0.0,0.0001820089347502
3405,38,56,1,0,1.0,0.0,0.0,1,44.0,0.0,0.041086547898265,1.7578011253966113e-17,1,0.0454927540670082,0.0,0.0001221673309756
3406,0,203,1,0,1.0,0.0,0.0,1,42.0,0.0,0.043181440721672,0.0,1,0.0513228739251486,0.0,0.0001009098514021
3407,0,203,1,0,1.0,0.0,0.0,1,42.0,0.0,0.043181440721672,0.0,1,0.0513228739251486,0.0,0.0001009098514021
3408,0,203,1,0,1.0,0.0,0.0,1,41.0,0.0,0.0450503852993479,0.0,1,0.0540657293417599,0.0,9.83237061636346e-05
3409,0,203,1,0,1.0,0.0,0.0,1,41.0,0.0,0.0450503852993479,0.0,1,0.0540657293417599,0.0,9.83237061636346e-05
3410,0,203,6,0,1.0,0.0,0.0,6,41.0,43739.31896441063,0.0451298167400559,2.7260066459078858e-17,2,0.0556661807347223,0.0,0.000498011465806
3411,0,203,7,0,1.0,0.0,0.0,7,40.0,99373.16020342932,0.0471752167768058,4.1525633541358e-17,2,0.0589613911952137,0.0,0.0005597157101038
3412,0,203,2,0,1.0,0.0,0.0,2,41.0,20805.293073899305,0.0432131703946044,0.0,2,0.0531862562440859,0.0,0.0001625169637613
3413,27,102,2,0,1.0,0.0,0.0,2,40.0,2170.4904761904763,0.0502758045146451,0.0,2,0.0616326546889165,0.0,0.0001565485062762
3414,0,203,2,0,1.0,0.0,0.0,2,42.0,342.7824218117601,0.041918403367049,2.4386010914260426e-17,2,0.0496575164271475,0.0,0.0001751702999276
3415,0,203,2,0,1.0,0.0,0.0,2,41.0,2338.1504750090216,0.043204855736013,0.0,2,0.0531022320811143,0.0,0.0001613467798501
3416,0,203,3,0,1.0,0.3333333333333333,0.0,3,43.0,4939.0,0.0396236554827428,0.0,2,0.0458388022251432,0.3333333333333333,0.0002662653397242
3417,0,203,2,0,1.0,1.0,0.0,2,43.0,0.0,0.0396233376646293,0.0,2,0.0457375876502444,1.0,0.0001766857008033
3418,0,203,3,0,1.0,0.0,0.0,3,42.0,16616.987745376708,0.0432703256661352,0.0,2,0.0529288410574311,0.0,0.0002217020036968
3419,0,203,1,0,1.0,0.0,0.0,1,40.0,0.0,0.0450618916872668,0.0,1,0.0543205959938078,0.0,9.55786547255274e-05
3420,0,203,2,0,1.0,0.0,0.0,2,39.0,2238.7496211872744,0.0470601684258659,0.0,2,0.0577331196921328,0.0,0.0001614092606169
3421,0,203,2,0,1.0,0.0,0.0,2,38.0,405.7748196248194,0.0500968471437698,0.0,2,0.0631226434479063,0.0,0.0001550509485078
3422,0,203,2,0,1.0,0.0,0.0,2,42.0,4939.0,0.0419493720331858,2.913873986137786e-17,1,0.0495370535170322,0.0,0.0001943954085278
3423,27,102,3,0,1.0,0.0,0.0,3,42.0,6990.195526695528,0.0438199655826991,0.0,2,0.0517170755013223,0.0,0.0002458044944436
3424,27,102,1,0,1.0,0.0,0.0,1,43.0,0.0,0.0412481317268271,0.0,1,0.0474412130287933,0.0,9.970092689960312e-05
3425,27,102,1,0,1.0,0.0,0.0,1,43.0,0.0,0.0419807432461142,0.0,1,0.0483184599074295,0.0,0.0001000028338385
3426,27,102,4,0,1.0,0.0,0.0,4,42.0,8288.974003250043,0.0430223646624399,5.0609902863670027e-17,2,0.0507746011657841,0.0,0.0003263185873884
3427,27,102,2,0,1.0,0.0,0.0,2,43.0,1889.7110679031389,0.0419757492331353,3.043804753824584e-17,2,0.0483395718364361,0.0,0.0001880186186017
3428,38,56,1,0,1.0,0.0,0.0,1,42.0,0.0,0.0445727691058377,0.0,1,0.0516833156208353,0.0,0.0001045965271251
3429,38,56,3,0,1.0,0.0,0.0,3,41.0,12777.636999493025,0.046651745662993,1.0682349770744429e-17,2,0.0555592500556278,0.0,0.0002620175295724
3430,0,203,1,0,1.0,0.0,0.0,1,44.0,0.0,0.0381137548992377,0.0,1,0.0431519856811193,0.0,0.0001058000733347
3431,0,203,7,0,1.0,0.047619047619047616,0.0,7,42.0,29632.0,0.041257088452191,9.790737554783448e-17,2,0.0489759858170423,0.0476190476190476,0.0005837639909187
3432,0,203,3,0,1.0,0.0,0.0,3,40.0,36840.100000000006,0.0449454558688393,0.0,2,0.0548508649187527,0.0,0.0002562309754559
3433,27,102,2,0,1.0,0.0,0.0,2,41.0,4935.0,0.0467506411651698,0.0,2,0.0558548085248062,0.0,0.0001674196862301
3434,27,102,2,0,1.0,0.0,0.0,2,42.0,71.78650793650793,0.045385223159326,0.0,2,0.0530254478235054,0.0,0.0001589309682432
3435,15,135,2,0,1.0,0.0,0.0,2,38.0,17014.996027701105,0.0509273100277316,0.0,2,0.0639032493741317,0.0,0.0001512855460328
3436,27,102,2,0,1.0,1.0,0.0,2,40.0,0.0,0.0470368677635588,0.0,2,0.0571051609432358,1.0,0.0001515144633346
3437,0,203,2,0,1.0,0.0,0.0,2,40.0,5295.021428571406,0.0449650928884155,0.0,2,0.0549096657670273,0.0,0.0001687179672345
3438,0,203,2,0,1.0,0.0,0.0,2,42.0,318.7015873015893,0.0419789595336426,2.8814250446271173e-17,2,0.0501854143449,0.0,0.0001799072751207
3439,27,102,1,0,1.0,0.0,0.0,1,43.0,0.0,0.0428105934553521,0.0,1,0.0494670709064856,0.0,0.0001083852828384
3440,15,135,1,0,1.0,0.0,0.0,1,39.0,0.0,0.0470167223443641,0.0,1,0.0574513901230713,0.0,9.260865343598264e-05
3441,15,135,1,0,1.0,0.0,0.0,1,39.0,0.0,0.0470167223443641,0.0,1,0.0574513901230713,0.0,9.260865343598264e-05
3442,0,203,2,0,1.0,0.0,0.0,2,42.0,4939.0,0.0413887864874828,4.745614344990749e-17,1,0.0489552771210068,0.0,0.0002101554491626
3443,0,203,1,0,1.0,0.0,0.0,1,42.0,0.0,0.0430092548254816,1.7994215920385936e-18,1,0.0497458826395962,0.0,0.0001140669695288
3444,0,203,1,0,1.0,0.0,0.0,1,43.0,0.0,0.0397441570457379,1.6278183755217042e-17,1,0.0459116283612599,0.0,0.0001196742929737
3445,15,135,4,0,1.0,0.0,0.0,4,40.0,14814.0,0.0448048178783921,6.586137133091402e-17,1,0.0504766760101592,0.0,0.0004024716269205
3446,15,135,3,0,1.0,0.0,0.0,3,38.0,34311.662862137724,0.0491400491400491,1.0558708964446029e-17,2,0.0564262030493004,0.0,0.0002676409092403
3447,15,135,1,0,1.0,0.0,0.0,1,41.0,0.0,0.0428838057207344,0.0,1,0.0474104613596195,0.0,0.0001158834478001
3448,15,135,1,0,1.0,0.0,0.0,1,41.0,0.0,0.0428838057207344,0.0,1,0.0474104613596195,0.0,0.0001158834478001
3449,15,135,2,0,1.0,0.0,0.0,2,39.0,9876.0,0.0465734569006967,4.396978903365693e-18,1,0.0519844723595642,0.0,0.0002007882870677
3450,38,56,1,0,1.0,0.0,0.0,1,43.0,0.0,0.0429389727676514,7.412474230766643e-19,1,0.0500651243200527,0.0,0.0001050454450186
3451,0,203,1,0,1.0,0.0,0.0,1,43.0,0.0,0.0397447965693965,1.5106714061920074e-17,1,0.0459386189145662,0.0,0.0001197785561523
3452,0,203,1,0,1.0,0.0,0.0,1,44.0,0.0,0.0394404879762399,0.0,1,0.0470230188071786,0.0,9.123459239796905e-05
3453,15,135,2,0,1.0,0.0,0.0,2,39.0,4939.0,0.0474548266553953,3.15889416924462e-17,1,0.0544749067164683,0.0,0.0001976900122509
3454,15,135,3,0,1.0,0.0,0.0,3,38.0,11678.72221914666,0.0498174704019684,1.5439793362309253e-17,2,0.0584311999515838,0.0,0.0002474533243349
3455,0,203,2,0,1.0,0.0,0.0,2,39.0,15117.489124889584,0.0492718930779972,1.3869482427346992e-17,2,0.0604946113028879,0.0,0.0001631173936333
3456,38,56,4,0,1.0,0.0,0.0,4,42.0,9984.583333333328,0.0448422352129552,6.353138249812138e-17,2,0.051765451053428,0.0,0.00035872830351
3457,38,56,1,0,1.0,0.0,0.0,1,43.0,0.0,0.0429180820656281,0.0,1,0.0484439595761716,0.0,0.0001065879915754
3458,38,56,1,0,1.0,0.0,0.0,1,43.0,0.0,0.0429180820656281,0.0,1,0.0484439595761716,0.0,0.0001065879915754
3459,27,102,1,0,1.0,0.0,0.0,1,42.0,0.0,0.0446929396012014,0.0,1,0.0522789116263193,0.0,0.0001040730288052
3460,27,102,1,0,1.0,0.0,0.0,1,40.0,0.0,0.0490473495566874,0.0,1,0.059984412046002,0.0,8.916032696844327e-05
3461,27,102,1,0,1.0,0.0,0.0,1,43.0,0.0,0.0427831569466336,1.0811818347442836e-18,1,0.0491806215259068,0.0,0.0001074110841381
3462,27,102,3,0,1.0,0.0,0.0,3,42.0,4941.0,0.0446949614121436,4.321417906507663e-17,2,0.0525825553510156,0.0,0.0002719512602069
3463,27,102,2,0,1.0,0.0,0.0,2,42.0,2.0,0.0446941526658162,1.543211696014149e-17,2,0.052447602584484,0.0,0.0001801854350217
3464,27,102,2,0,1.0,0.0,0.0,2,41.0,4935.0,0.0467820750786014,0.0,2,0.0561322824004583,0.0,0.000171233766785
3465,27,102,3,0,1.0,0.0,0.0,3,41.0,14809.0,0.0467834042029301,1.3518272044300246e-17,2,0.0563009733586229,0.0,0.0002601698884436
3466,0,203,2,0,1.0,0.0,0.0,2,39.0,36140.786943701954,0.0498154609442752,0.0,2,0.0639092337904381,0.0,0.0001439462497141
3467,0,203,6,0,1.0,0.0,0.0,6,40.0,43809.87232463626,0.0457360824360481,0.0,2,0.0576310251209656,0.0,0.0004618891594952
3468,0,203,14,0,1.0,0.0,0.0,14,40.0,106505.0948004358,0.0451207482371853,2.2562862104400182e-16,2,0.0578390179643909,0.0,0.0010546020196056
3469,0,203,2,0,1.0,0.0,0.0,2,39.0,47090.23325594526,0.0469885477304721,0.0,2,0.0584554131751708,0.0,0.0001526053384035
3470,0,203,2,0,1.0,0.0,0.0,2,39.0,47090.23325594526,0.0469885477304721,0.0,2,0.0584554131751708,0.0,0.0001526053384035
3471,0,203,2,0,1.0,0.0,0.0,2,39.0,7.369047619047619,0.0492768079800498,0.0,2,0.0606563939646707,0.0,0.0001498703195389
3472,0,203,2,0,1.0,0.0,0.0,2,39.0,7399.295277507045,0.0479188289957416,0.0,2,0.0604546571626559,0.0,0.0001443457576359
3473,15,135,2,0,1.0,0.0,0.0,2,37.0,17979.746867674738,0.0545591093832832,3.340784297308191e-17,2,0.0620664278853093,0.0,0.0001819927622272
3474,15,135,1,0,1.0,0.0,0.0,1,41.0,0.0,0.0441564245810055,0.0,1,0.0515165147565015,0.0,9.950357864146342e-05
3475,25,102,1,0,1.0,0.0,0.0,1,41.0,0.0,0.0408153148314922,1.6602850291984014e-17,1,0.0449266233745826,0.0,0.0001201592136632
3476,15,135,1,0,1.0,0.0,0.0,1,41.0,0.0,0.0426064082107896,1.668113520614589e-17,1,0.046384655402473,0.0,0.0001245054527435
3477,27,102,1,0,1.0,0.0,0.0,1,40.0,0.0,0.0490473495566874,0.0,1,0.059984412046002,0.0,8.916032696844327e-05
3478,27,102,1,0,1.0,0.0,0.0,1,40.0,0.0,0.0490473495566874,0.0,1,0.059984412046002,0.0,8.916032696844327e-05
3479,0,203,1,0,1.0,0.0,0.0,1,41.0,0.0,0.0431731382676559,0.0,1,0.0524211514658235,0.0,9.438763541279834e-05
3480,0,203,3,0,1.0,0.0,0.0,3,44.0,9877.0,0.0400019434142549,7.097444094360057e-17,1,0.0466317339977843,0.0,0.0003071276699556
3481,0,203,1,0,1.0,0.0,0.0,1,45.0,0.0,0.0384636347356209,2.092549520194368e-18,1,0.0439155016283328,0.0,0.0001173777335669
3482,0,203,1,0,1.0,0.0,0.0,1,40.0,0.0,0.0455807859456167,0.0,1,0.0544053152707621,0.0,0.0001091404304682
3483,0,203,2,0,1.0,0.0,0.0,2,39.0,10647.25818022562,0.0477700847097048,0.0,2,0.0589135069313412,0.0,0.0001772554512432
3484,27,102,3,1,0.75,0.0,0.375,4,38.0,117381.38410308235,0.0518749540581125,0.0,2,0.0673113911709912,0.0,0.0002646017357846
3485,27,102,4,0,1.0,0.16666666666666666,0.0,4,39.0,87147.91567627121,0.0493521284354176,0.0,2,0.0621146068044638,0.1666666666666666,0.0002749425596153
3486,27,102,5,0,1.0,0.0,0.0,5,40.0,61938.58349398403,0.0470547893012268,0.0,2,0.0580510352443726,0.0,0.0003601874966332
3487,27,102,2,0,1.0,0.0,0.0,2,41.0,14811.0,0.0449430024473011,0.0,1,0.0536850747961252,0.0,0.0001776709855423
3488,0,203,2,0,1.0,0.0,0.0,2,40.0,4067.1845135433095,0.0475196475465817,0.0,2,0.059540449771421,0.0,0.0001548714921618
3489,15,135,2,0,1.0,0.0,0.0,2,39.0,1672.900774225772,0.0468330789431272,0.0,2,0.0529739131660041,0.0,0.0001832516693543
3490,0,203,1,0,1.0,0.0,0.0,1,42.0,0.0,0.0431094666294331,0.0,1,0.0505495525546615,0.0,0.0001021813550541
3491,0,203,3,0,1.0,0.0,0.0,3,41.0,24661.28829937956,0.0450512069893208,0.0,2,0.0543847159107467,0.0,0.0002534933928514
3492,38,56,1,0,1.0,0.0,0.0,1,44.0,0.0,0.0411560346910381,1.7437816936994928e-17,1,0.0458586880126634,0.0,0.0001169242429578
3493,0,203,3,0,1.0,0.0,0.0,3,45.0,4940.5,0.03794891492222,2.210892101598269e-17,2,0.0446247792773666,0.0,0.0002462297785932
3494,0,203,3,0,1.0,0.0,0.0,3,45.0,4940.5,0.03794891492222,2.205986701104209e-17,2,0.0446247792773666,0.0,0.0002462297785929
3495,0,203,3,0,1.0,0.0,0.0,3,45.0,4940.5,0.03794891492222,2.1530807273568704e-17,2,0.0446247792773666,0.0,0.0002462297785931
3496,0,203,1,0,1.0,0.0,0.0,1,46.0,0.0,0.0365617182527347,9.04626614274399e-19,1,0.0419791783935444,0.0,0.0001001233310143
3497,0,203,7,0,1.0,0.0,0.0,7,43.0,51266.96156335894,0.0410595696225678,0.0,2,0.0510109920507914,0.0,0.0005013347732102
3498,0,203,4,0,1.0,0.0,0.0,4,39.0,11116.706443614275,0.0479355683858134,0.0,2,0.0609867566421239,0.0,0.00028410333198
3499,0,203,3,0,1.0,0.0,0.0,3,44.0,9870.0,0.0394430072498483,0.0,2,0.0473941389151407,0.0,0.0002307648002674
3500,0,203,3,0,1.0,0.0,0.0,3,44.0,9870.0,0.0394430072498483,0.0,2,0.0473941389151407,0.0,0.0002307648002673
3501,0,203,3,0,1.0,0.0,0.0,3,44.0,9870.0,0.0394430072498483,0.0,2,0.0473941389151407,0.0,0.0002307648002672
3502,0,203,2,0,1.0,0.0,0.0,2,41.0,3885.77757645318,0.0437404262477974,0.0,2,0.0530125417085471,0.0,0.000170239902144
3503,0,203,2,0,1.0,0.0,0.0,2,41.0,1954.365728350672,0.043742750126181,0.0,2,0.0530766442726496,0.0,0.0001667276932872
3504,0,203,2,0,1.0,0.0,0.0,2,40.0,3306.596109933172,0.0472483118771161,3.110753427751375e-17,2,0.0571931185416195,0.0,0.0001731723049412
3505,27,102,1,0,1.0,0.0,0.0,1,42.0,0.0,0.0446840458056696,5.54144886949161e-19,1,0.0522309844073394,0.0,9.984724329445803e-05
3506,27,102,3,0,1.0,0.0,0.0,3,41.0,5038.859523809525,0.0467736590446432,1.8352069449139332e-17,2,0.0562410552065995,0.0,0.0002452553513466
3507,27,102,1,0,1.0,0.0,0.0,1,44.0,0.0,0.0419084461637653,1.5606060744456578e-17,1,0.0478478053238999,0.0,0.0001107332882704
3508,27,102,1,0,1.0,0.0,0.0,1,45.0,0.0,0.0402303062878177,1.569342855322876e-17,1,0.0454629887636338,0.0,0.0001122998861658
3509,27,102,1,0,1.0,0.0,0.0,1,44.0,0.0,0.0419155579690469,0.0,1,0.0481374717977768,0.0,9.734900049156806e-05
3510,27,102,2,0,1.0,0.0,0.0,2,43.0,4939.0,0.0437412008464896,1.2121280626838418e-17,1,0.0509910676658724,0.0,0.0001891177910375
3511,27,102,5,0,1.0,0.0,0.0,5,43.0,21339.442663416383,0.0437489483425879,3.25430084370914e-17,2,0.0516354671260616,0.0,0.0003940633730118
3512,27,102,4,0,1.0,0.0,0.0,4,42.0,25142.343950756505,0.0457407407407407,0.0,2,0.0547624223053157,0.0,0.0003041706773084
3513,27,102,2,0,1.0,0.0,0.0,2,44.0,4939.0,0.0419162692823323,1.0749778377262865e-18,1,0.0482724245643085,0.0,0.0001928039037325
3514,0,203,4,0,1.0,0.0,0.0,4,41.0,9685.819987967776,0.0441296016722796,5.4748872798769705e-17,2,0.0524814135025762,0.0,0.0003091236817016
3515,0,203,2,0,1.0,0.0,0.0,2,40.0,1025.3203744140249,0.0465449337629788,0.0,2,0.0575215741703454,0.0,0.0001581482547865
3516,27,102,1,0,1.0,0.0,0.0,1,42.0,0.0,0.04300888037611,0.0,1,0.05006552953566,0.0,9.858438505910414e-05
3517,0,203,3,0,1.0,0.0,0.0,3,41.0,7603.4000000000015,0.0450590145392852,0.0,2,0.0545021569492405,0.0,0.0002663114454705
3518,0,203,1,0,1.0,0.0,0.0,1,43.0,0.0,0.0413950292446664,1.3317973538785968e-17,1,0.048098800740888,0.0,0.0001146691411749
3519,0,203,1,0,1.0,0.0,0.0,1,41.0,0.0,0.0450503852993479,0.0,1,0.0540657293417599,0.0,9.83237061636346e-05
3520,0,203,1,0,1.0,0.0,0.0,1,42.0,0.0,0.0431166156075166,0.0,1,0.0506269897373618,0.0,0.0001058131366295
3521,0,203,1,0,1.0,0.0,0.0,1,40.0,0.0,0.0455782626747243,1.4002016556997846e-17,1,0.0543108483341899,0.0,0.0001130453637524
3522,0,203,2,0,1.0,0.0,0.0,2,41.0,1016.3915135589068,0.0436959329170131,2.674135330895304e-17,2,0.0520154489452604,0.0,0.0001874991247125
3523,27,102,2,0,1.0,0.0,0.0,2,43.0,5263.744487652391,0.0433934751673371,3.528681192871487e-17,2,0.0495366766074209,0.0,0.0001934286803791
3524,0,203,1,0,1.0,0.0,0.0,1,43.0,0.0,0.0403505762617723,0.0,1,0.0475459386210431,0.0,0.0001003464794825
3525,0,203,3,0,1.0,0.0,0.0,3,42.0,21708.57823865796,0.0420468473376004,0.0,2,0.0511260274086372,0.0,0.0002470173614222
3526,0,203,2,0,1.0,0.0,0.0,2,41.0,748.0611111111087,0.0431950334455471,0.0,2,0.0529366228365576,0.0,0.0001681337174716
3527,0,203,2,0,1.0,0.0,0.0,2,41.0,3866.620389410452,0.0437574737588024,0.0,2,0.0531921501118397,0.0,0.000172253116601
3528,0,203,1,0,1.0,0.0,0.0,1,43.0,0.0,0.0402607986960065,1.6800818229649046e-17,1,0.0464841147049686,0.0,0.0001129762757038
3529,27,102,2,0,1.0,0.0,0.0,2,41.0,3314.719841270087,0.0475132488867087,1.0585705681875208e-17,2,0.0561100712200855,0.0,0.0001612290187592
3530,0,203,2,0,1.0,0.0,0.0,2,41.0,4939.0,0.0435964416831403,4.8181902663643806e-17,1,0.0510471504870837,0.0,0.0002238415346165
3531,0,203,1,0,1.0,0.0,0.0,1,42.0,0.0,0.041775545238518,1.7353915220971882e-17,1,0.0479395975938441,0.0,0.0001254908792915
3532,0,203,2,0,1.0,0.0,0.0,2,40.0,1109.104639322039,0.0464377367713552,3.370232856098324e-17,2,0.0564458050227139,0.0,0.0001713725424623
3533,15,135,1,0,1.0,0.0,0.0,1,41.0,0.0,0.0435541605684964,2.016243398821308e-18,1,0.047834118159623,0.0,0.0001203083176925
3534,38,56,1,0,1.0,0.0,0.0,1,43.0,0.0,0.0428525577078218,0.0,1,0.0481695932385823,0.0,0.0001044803474443
3535,25,102,1,0,1.0,0.0,0.0,1,41.0,0.0,0.0426038360700979,1.7323246595661082e-17,1,0.0482186571423662,0.0,0.0001208017951884
3536,0,203,3,0,1.0,0.0,0.0,3,39.0,19747.0,0.0477571539056457,0.0,1,0.0589272504977164,0.0,0.0002780548354895
3537,15,135,2,0,1.0,0.0,0.0,2,41.0,4939.0,0.0430010184451737,3.3912781745233426e-17,1,0.0504171178019498,0.0,0.0002060575472719
3538,15,135,3,0,1.0,0.0,0.0,3,40.0,10754.446853146868,0.0449319653641854,3.669374026016791e-17,2,0.0539795591740428,0.0,0.0002663171937275
3539,15,135,1,0,1.0,0.0,0.0,1,41.0,0.0,0.0439693460672357,3.0335063406900953e-19,1,0.0508416455796295,0.0,0.0001039142569704
3540,0,203,2,0,1.0,0.0,0.0,2,39.0,853.312964443226,0.047819563428682,0.0,2,0.0595255410960069,0.0,0.0001551073202523
3541,15,135,3,0,1.0,0.0,0.0,3,40.0,5518.86366966368,0.0450808078042726,6.569307592915992e-17,2,0.050818088833923,0.0,0.000287975705923
3542,25,102,3,0,1.0,0.0,0.0,3,39.0,24681.0,0.0465703834986236,0.0,1,0.0549532777910415,0.0,0.0002815363855082
3543,15,135,1,0,1.0,0.0,0.0,1,39.0,0.0,0.0522259459345166,8.196002042639241e-19,1,0.0600415669610264,0.0,0.0001030138787982
3544,15,135,2,0,1.0,0.0,0.0,2,38.0,13330.189999543318,0.0519196611558956,3.5071546951261496e-17,2,0.0586326473741229,0.0,0.0001855864572445
3545,15,135,4,0,1.0,0.0,0.0,4,38.0,25396.372852147902,0.0488460853916585,5.884079348060027e-17,2,0.0554596304336126,0.0,0.0003589780438784
3546,25,102,1,0,1.0,0.0,0.0,1,39.0,0.0,0.0465659936278114,0.0,1,0.0545315503956299,0.0,0.0001026841503098
3547,25,102,1,0,1.0,0.0,0.0,1,39.0,0.0,0.0465659936278114,0.0,1,0.0545315503956299,0.0,0.0001026841503098
3548,0,203,1,0,1.0,0.0,0.0,1,38.0,0.0,0.0490882893625478,4.80870885486429e-19,1,0.059494368977818,0.0,9.59674908350608e-05
3549,15,135,1,0,1.0,0.0,0.0,1,41.0,0.0,0.0435541605684964,4.897206861489358e-18,1,0.047834118159623,0.0,0.0001203083176925
3550,0,203,2,0,1.0,0.0,0.0,2,42.0,430.3299594385675,0.04259869272028,0.0,2,0.0508228231077593,0.0,0.0001669062790882
3551,0,203,2,0,1.0,0.0,0.0,2,42.0,1394.004845358539,0.0423616172876559,1.921702847659244e-18,2,0.0497443287857785,0.0,0.0001704943869103
3552,15,135,2,0,1.0,0.0,0.0,2,38.0,19580.611264701995,0.0485518000530728,0.0,2,0.0573998520336516,0.0,0.0001700646034435
3553,0,203,3,0,1.0,0.0,0.0,3,41.0,24595.1460399434,0.0437850102815003,0.0,2,0.0531613642889323,0.0,0.0002400259309412
3554,38,56,2,0,1.0,0.0,0.0,2,42.0,61.33333333333333,0.0447987231457046,0.0,2,0.0514142018249946,0.0,0.0001746517175724
3555,38,56,2,0,1.0,0.0,0.0,2,42.0,19744.0,0.0447654345600029,0.0,1,0.0511217064211631,0.0,0.0001887063811413
3556,15,135,2,0,1.0,0.0,0.0,2,39.0,9839.980513930514,0.0497492396624302,1.446611315849693e-17,2,0.0563624211292441,0.0,0.0001832501322785
3557,0,203,2,0,1.0,0.0,0.0,2,39.0,4939.0,0.0477543839297797,0.0,1,0.0587146998904289,0.0,0.0001945579686419
3558,15,135,1,1,0.5,0.0,0.5,2,39.0,0.0,0.0479560435293318,0.0,2,0.0603823856717431,1.0,0.0001480999382373
3559,25,102,1,0,1.0,0.0,0.0,1,40.0,0.0,0.0440273432974162,1.9053106250663418e-17,1,0.0492766256668357,0.0,0.0001213882943097
3560,27,102,2,0,1.0,0.0,0.0,2,41.0,8341.230455530333,0.0458213523791856,0.0,2,0.0550377682480248,0.0,0.0001562263704351
3561,0,203,2,0,1.0,0.0,0.0,2,38.0,10384.740368772904,0.0506417353508016,0.0,2,0.063238533179489,0.0,0.0001467560686723
3562,25,102,3,0,1.0,0.0,0.0,3,40.0,9877.0,0.0445000945852212,6.278115097267167e-17,1,0.0514636149173326,0.0,0.0003120305897276
3563,27,102,3,0,1.0,0.0,0.0,3,42.0,17394.763142675543,0.0457415878071816,0.0,2,0.0546814506453966,0.0,0.0002185005674636
3564,27,102,5,0,1.0,0.0,0.0,5,41.0,48061.49269648945,0.0475342795285061,1.4981477509822598e-17,2,0.0569557752236843,0.0,0.0003532376952411
3565,0,203,3,0,1.0,0.3333333333333333,0.0,3,43.0,1000.3021568621537,0.0417437743470141,0.0,2,0.0505627124671772,0.3333333333333333,0.0002248238950781
3566,38,56,1,0,1.0,0.0,0.0,1,45.0,0.0,0.0397979488749426,5.792830223164904e-18,1,0.0443190868331726,0.0,0.0001212953488778
3567,27,102,3,0,1.0,0.3333333333333333,0.0,3,40.0,10899.063134667816,0.0470426907657293,0.0,2,0.0573964339976666,0.3333333333333333,0.0002214033258945
3568,27,102,3,0,1.0,0.0,0.0,3,41.0,4969.971428571426,0.0467528534383221,0.0,2,0.0560336209404608,0.0,0.0002335300912418
3569,0,203,2,0,1.0,0.0,0.0,2,40.0,6263.058182018106,0.0449479095582548,0.0,2,0.0546164648159315,0.0,0.0001713133586613
3570,0,203,1,0,1.0,0.0,0.0,1,41.0,0.0,0.0430118761536586,0.0,1,0.0506963983164445,0.0,0.0001046772386844
3571,0,203,2,0,1.0,0.0,0.0,2,41.0,217.2333333333331,0.0431358166989748,1.3813359917220377e-17,2,0.0514718463287657,0.0,0.0001843643666873
3572,27,102,3,0,1.0,0.0,0.0,3,42.0,9877.0,0.0446666726945577,3.9693498905052505e-17,2,0.0523802379877671,0.0,0.0002632367001174
3573,0,203,2,0,1.0,0.0,0.0,2,42.0,2042.5517780696864,0.0420389754063484,0.0,2,0.0515806245929616,0.0,0.0001481380282654
3574,0,203,2,0,1.0,0.0,0.0,2,42.0,2042.5517780696864,0.0420389754063484,0.0,2,0.0515806245929616,0.0,0.0001481380282653
3575,27,102,1,0,1.0,0.0,0.0,1,44.0,0.0,0.0410050384733508,1.73409846907395e-17,1,0.0463223953953567,0.0,0.0001173519523457
3576,27,102,5,0,1.0,0.0,0.0,5,41.0,14798.195238095235,0.0467466596010447,9.080809153169825e-17,2,0.0560153059221457,0.0,0.0004076442560081
3577,27,102,2,0,1.0,0.0,0.0,2,42.0,11.583333333333334,0.0446682882280072,0.0,2,0.0523633688919507,0.0,0.0001658246097861
3578,27,102,1,0,1.0,0.0,0.0,1,42.0,0.0,0.0446594042399312,0.0,1,0.0520093588668877,0.0,9.965775060094968e-05
3579,25,102,2,0,1.0,0.0,0.0,2,39.0,4939.0,0.0460545942720763,4.1961246227411177e-17,1,0.0524238150162108,0.0,0.0002141883934829
3580,15,135,3,0,1.0,0.0,0.0,3,39.0,20453.08227682833,0.0481800803651542,0.0,2,0.0583301509032931,0.0,0.000250650041263
3581,15,135,2,0,1.0,0.0,0.0,2,39.0,9363.58073593073,0.0481720933407444,0.0,2,0.0580096380827803,0.0,0.0001688913416367
3582,0,203,2,0,1.0,0.0,0.0,2,38.0,258.7238095238098,0.0494029641778506,0.0,2,0.0621547151840996,0.0,0.0001514587756365
3583,0,203,3,0,1.0,0.0,0.0,3,42.0,5259.919291819283,0.0414937759336099,0.0,2,0.0503196270867232,0.0,0.0002452742440476
3584,0,203,2,0,1.0,0.0,0.0,2,42.0,169.5333333333334,0.0431264022628266,9.960597020472038e-18,2,0.0510041345224012,0.0,0.0001836389956983
3585,0,203,2,0,1.0,0.0,0.0,2,41.0,2530.883333333334,0.0450031884850141,0.0,2,0.0537075905170215,0.0,0.0001831196683971
3586,0,203,2,0,1.0,0.0,0.0,2,39.0,34052.85041655689,0.0479021012925809,0.0,2,0.0601981665772179,0.0,0.0001485656164213
3587,0,203,2,0,1.0,0.0,0.0,2,39.0,34052.85041655689,0.0479021012925809,0.0,2,0.0601981665772179,0.0,0.0001485656164213
3588,0,203,2,0,1.0,0.0,0.0,2,41.0,1513.3073883673414,0.0430497337713832,3.100875001897126e-17,2,0.0513140263024934,0.0,0.0001796269964369
3589,27,102,2,0,1.0,0.0,0.0,2,43.0,4939.0,0.0427579760070628,3.341645603102203e-17,1,0.0491550864447037,0.0,0.0002046911182733
3590,27,102,3,0,1.0,0.0,0.0,3,42.0,9877.0,0.0447249056159633,2.523915339665719e-17,1,0.0530010454304364,0.0,0.0002753896085607
3591,0,203,3,0,1.0,0.0,0.0,3,41.0,14813.0,0.0431754022566576,0.0,1,0.052741664286336,0.0,0.000276108615811
3592,0,203,2,0,1.0,0.0,0.0,2,41.0,2469.0,0.0431738929042745,0.0,2,0.052556104232355,0.0,0.0001679685039868
3593,0,203,2,0,1.0,0.0,0.0,2,38.0,110779.31928063056,0.0518509966097425,0.0,2,0.0663032399654712,0.0,0.000146439984296
3594,0,203,1,0,1.0,0.0,0.0,1,41.0,0.0,0.0449708235851031,0.0,1,0.0531675822796446,0.0,0.0001050730952252
3595,0,203,1,0,1.0,0.0,0.0,1,41.0,0.0,0.0449884341474964,0.0,1,0.0532947796436841,0.0,0.0001023056903583
3596,15,135,2,0,1.0,0.0,0.0,2,41.0,666.2396465806129,0.0442541297882251,0.0,2,0.0521624809136012,0.0,0.0001766370181162
3597,15,135,2,0,1.0,0.0,0.0,2,40.0,951.7024265069416,0.0446763676485217,2.856492624260742e-17,2,0.0522959917557756,0.0,0.000181490445823
3598,0,203,2,0,1.0,0.0,0.0,2,38.0,1329.553821178822,0.0506292788914852,0.0,2,0.0629573012535201,0.0,0.0001493914376959
3599,38,56,2,0,1.0,0.0,0.0,2,43.0,14811.0,0.0432373766990801,1.939905308371351e-17,1,0.0495799121788147,0.0,0.000198574652592
3600,27,102,2,0,1.0,0.0,0.0,2,43.0,584.9438445197801,0.0419868090025158,0.0,2,0.0486640353845839,0.0,0.0001721730002849
3601,0,203,3,0,1.0,0.0,0.0,3,40.0,9146.241819774385,0.0449446380318979,0.0,2,0.0547072366172297,0.0,0.0002623023938997
3602,38,56,1,0,1.0,0.0,0.0,1,45.0,0.0,0.0397979488749426,4.7341331269752194e-18,1,0.0443190868331726,0.0,0.0001212953488778
3603,38,56,2,0,1.0,0.0,0.0,2,44.0,4938.999999999999,0.0410903071791587,3.552605029128664e-17,1,0.0457320542405188,0.0,0.0002229706360382
3604,15,135,2,0,1.0,0.0,0.0,2,39.0,8698.544622044596,0.0467984728919372,1.8899188883639368e-17,2,0.0524086203841119,0.0,0.0001919779466601
3605,38,56,3,0,1.0,0.0,0.0,3,43.0,14812.999999999996,0.0428499557621914,5.961088829251854e-17,1,0.0483573221763111,0.0,0.0003044462600199
3606,38,56,1,0,1.0,0.0,0.0,1,44.0,0.0,0.0410896236223747,1.4466683493382517e-18,1,0.0455971014739871,0.0,0.0001166180007518
3607,25,102,3,0,1.0,0.0,0.0,3,39.0,4957.0,0.0465690664504755,0.0,2,0.0548858014077757,0.0,0.0002702856297784
3608,27,102,2,0,1.0,0.0,0.0,2,42.0,4704.8483694904335,0.0430144978013844,0.0,2,0.0503270005208151,0.0,0.0001784922979646
3609,38,56,3,0,1.0,0.0,0.0,3,41.0,29610.666666666668,0.0468592893323974,0.0,2,0.0545115834492598,0.0,0.000254429577845
3610,0,203,2,0,1.0,0.0,0.0,2,41.0,17378.900000000005,0.0430238634384253,0.0,2,0.0514439475508356,0.0,0.0001669530077742
3611,15,135,2,0,1.0,0.0,0.0,2,38.0,13171.637479187446,0.0488233956968205,3.178088264678081e-17,2,0.0548558774614392,0.0,0.0001882978891822
3612,0,203,3,0,1.0,0.0,0.0,3,37.0,8818.411661044256,0.0516218023741849,0.0,2,0.0650437325410304,0.0,0.0002315621073723
3613,0,203,2,0,1.0,0.0,0.0,2,41.0,2469.0,0.0431738929042745,0.0,2,0.052556104232355,0.0,0.0001679685039867
3614,0,203,2,0,1.0,0.0,0.0,2,41.0,9876.0,0.0431746475672746,0.0,1,0.0526067115198044,0.0,0.0001837037013069
3615,0,203,2,0,1.0,0.0,0.0,2,42.0,4939.0,0.041389480034184,3.5312062419010097e-17,1,0.0490058844084562,0.0,0.0002104007742888
3616,27,102,2,0,1.0,0.0,0.0,2,40.0,5005.180952380953,0.0490361517539854,0.0,2,0.0598996576191423,0.0,0.0001595435802885
3617,15,135,1,0,1.0,0.0,0.0,1,39.0,0.0,0.0465717006212702,0.0,1,0.051798912305583,0.0,0.0001066410614037
3618,15,135,2,0,1.0,0.0,0.0,2,37.0,29808.67047119553,0.051330541672295,0.0,2,0.0586695336814704,0.0,0.0001759010191207
3619,38,56,2,0,1.0,0.0,0.0,2,40.0,11179.122455322453,0.0469282871175202,8.206069068233089e-20,2,0.0559847016333195,0.0,0.0001780495366348
3620,0,203,2,0,1.0,0.0,0.0,2,39.0,47147.45974832388,0.0478177119128052,0.0,2,0.0598891906043933,0.0,0.0001639037070474
3621,0,203,2,1,0.6666666666666666,0.0,0.4444444444444444,3,40.0,10596.299298049656,0.0469925706077642,1.5086837013808546e-17,2,0.0566904221732339,0.0,0.0002411264099767
3622,15,135,2,0,1.0,0.0,0.0,2,36.0,60396.144840616034,0.0544442607593541,0.0,2,0.0641670200776512,0.0,0.0001607081787836
3623,27,102,2,0,1.0,0.0,0.0,2,44.0,2180.267460317461,0.0419002705705731,3.5449372879397134e-17,2,0.0478986535984324,0.0,0.0001924733291463
3624,27,102,1,0,1.0,0.0,0.0,1,43.0,0.0,0.0428105934553521,0.0,1,0.0494670709064856,0.0,0.0001083852828384
3625,0,203,3,0,1.0,0.0,0.0,3,41.0,7117.866263442235,0.0430726305693608,8.58752836187779e-18,2,0.0519298067209052,0.0,0.000252074084483
3626,0,203,2,0,1.0,0.0,0.0,2,42.0,16723.10182895657,0.0414920333616106,0.0,2,0.0505149030947789,0.0,0.0001603043019965
3627,0,203,3,0,1.0,0.0,0.0,3,39.0,6185.091178266187,0.0471878343267614,0.0,2,0.0590433894943044,0.0,0.0002301897446328
3628,38,56,2,0,1.0,0.0,0.0,2,42.0,19744.0,0.0451884376143432,0.0,1,0.0527472639137655,0.0,0.0001818336557978
3629,15,135,2,0,1.0,0.0,0.0,2,39.0,4492.566666666674,0.0463823634349238,1.3222468943344444e-17,2,0.0540828704034242,0.0,0.0001770825043536
3630,38,56,1,0,1.0,0.0,0.0,1,42.0,0.0,0.0447293602071675,0.0,1,0.0526063967817396,0.0,0.0001011594926876
3631,38,56,2,1,0.6666666666666666,0.0,0.4444444444444444,3,41.0,13150.851250644811,0.0468233130811446,0.0,2,0.0567829160672862,0.0,0.000249886819793
3632,0,203,2,0,1.0,1.0,0.0,2,38.0,0.0,0.0518102110164869,0.0,2,0.0658231352748401,1.0,0.0001383194086981
3633,27,102,2,0,1.0,1.0,0.0,2,41.0,0.0,0.046777202268789,0.0,2,0.0561465517568329,1.0,0.0001486853851784
3634,27,102,2,0,1.0,0.0,0.0,2,43.0,4939.0,0.0427798224723966,4.797940588613348e-17,1,0.0492520396489443,0.0,0.0002189195885649
3635,27,102,2,0,1.0,0.0,0.0,2,42.0,9876.0,0.0446905136695073,3.3940775788258405e-17,1,0.0524317463085062,0.0,0.0001968756872912
3636,0,203,1,0,1.0,0.0,0.0,1,42.0,0.0,0.0419714695961732,8.454693272215964e-19,1,0.0495472260929943,0.0,0.0001008464885436
3637,0,203,3,0,1.0,0.0,0.0,3,41.0,31164.11157199122,0.0438098616530684,1.0776321842188444e-17,2,0.0533152601007229,0.0,0.000248782099285
3638,0,203,2,0,1.0,0.0,0.0,2,40.0,8996.249064259602,0.0449978594135704,0.0,2,0.0554889841095033,0.0,0.0001535922047477
3639,0,203,2,0,1.0,0.0,0.0,2,42.0,422.09072039072,0.0414937759336099,0.0,2,0.0502352816076409,0.0,0.000160850187161
3640,38,56,1,0,1.0,0.0,0.0,1,42.0,0.0,0.0447435398117872,1.752961063061341e-17,1,0.0504622051037669,0.0,0.000120164196173
3641,38,56,2,0,1.0,0.0,0.0,2,41.0,4938.999999999999,0.0468388515947965,4.5470470684574656e-17,1,0.0538057322828819,0.0,0.0002113081625728
3642,15,135,1,0,1.0,0.0,0.0,1,36.0,0.0,0.054056420020572,0.0,1,0.0621816475559813,0.0,9.33399416910657e-05
3643,25,102,2,0,1.0,0.0,0.0,2,36.0,4939.0,0.0533270003022583,1.3108589335145769e-17,1,0.0635618862294318,0.0,0.0001841128816698
3644,27,102,1,0,1.0,0.0,0.0,1,42.0,0.0,0.0447249056159633,0.0,1,0.0526920999899123,0.0,9.728159371935206e-05
3645,27,102,3,0,1.0,0.0,0.0,3,41.0,5247.587035187033,0.0468184316773129,0.0,2,0.0569479871635314,0.0,0.0002362001175522
3646,15,135,1,0,1.0,0.0,0.0,1,40.0,0.0,0.0453053064069407,1.6552620306025888e-17,1,0.0510630098523941,0.0,0.0001143764822861
3647,0,203,2,0,1.0,0.0,0.0,2,40.0,10097.33450464004,0.0451318782718327,0.0,2,0.0557163858764398,0.0,0.0001474747924064
3648,0,203,2,0,1.0,0.0,0.0,2,40.0,10097.33450464004,0.0451318782718327,0.0,2,0.0557163858764398,0.0,0.0001474747924064
3649,15,135,3,0,1.0,0.0,0.0,3,36.0,57540.984140859175,0.0540824593286768,0.0,2,0.0628229141840906,0.0,0.0002444469095894
3650,38,56,2,0,1.0,0.0,0.0,2,43.0,4939.0,0.0429221839919368,3.311799775416245e-17,1,0.0486138554697517,0.0,0.0002036847432431
3651,38,56,3,0,1.0,0.0,0.0,3,42.0,10000.58333333333,0.0448458989605555,2.4814605351810137e-17,2,0.0517702707950899,0.0,0.0002609679164095
3652,0,203,2,0,1.0,0.0,0.0,2,37.0,147621.65354302828,0.0516439287021065,0.0,2,0.0654554991370075,0.0,0.0001438374635079
3653,15,135,1,0,1.0,0.0,0.0,1,41.0,0.0,0.0431365700314355,2.5049024508045817e-18,1,0.0478192485464081,0.0,0.0001119513437577
3654,15,135,3,0,1.0,0.0,0.0,3,40.0,4955.5,0.0459911369306967,1.0392893471777639e-17,2,0.054566103131183,0.0,0.0002596095172619
3655,27,102,2,0,1.0,0.0,0.0,2,42.0,4274.916810966817,0.0457369293299632,0.0,2,0.0543508163673937,0.0,0.0001515097940516
3656,0,203,4,0,1.0,0.0,0.0,4,41.0,11026.721349059637,0.0430726305693608,5.3027691973896014e-17,2,0.0520141521999875,0.0,0.0003382194847501
3657,27,102,2,0,1.0,0.0,0.0,2,42.0,3.0,0.0446658649716543,1.34050135328642e-17,2,0.0522452852212354,0.0,0.0001760953254273
3658,38,56,2,0,1.0,0.0,0.0,2,43.0,4938.999999999998,0.0428466108677739,4.9766097342057344e-17,1,0.0481332041890353,0.0,0.000216021420932
3659,0,203,2,0,1.0,0.0,0.0,2,42.0,516.1500000000002,0.0415415794209406,0.0,2,0.0508268199910641,0.0,0.0001575509280878
3660,38,56,1,0,1.0,0.0,0.0,1,45.0,0.0,0.0394688483725092,1.7180305639684368e-17,1,0.0433559549346623,0.0,0.0001251207473957
3661,38,56,4,0,1.0,0.0,0.0,4,40.0,49141.41666666667,0.0491493383742911,0.0,2,0.0581721430717145,0.0,0.0003282306748973
3662,0,203,2,0,1.0,0.0,0.0,2,42.0,0.5,0.0413880929640241,3.9846341529791857e-17,2,0.0489282865677004,0.0,0.0001731314554683
3663,38,56,3,0,1.0,0.0,0.0,3,41.0,29734.5,0.0469398808449178,0.0,2,0.0550378376002181,0.0,0.0002464118593532
3664,0,203,1,0,1.0,0.0,0.0,1,41.0,0.0,0.0449708235851031,0.0,1,0.0531675822796446,0.0,0.0001050730952252
3665,0,203,2,0,1.0,0.0,0.0,2,41.0,598.3373015873022,0.0430816458235222,3.544081366177955e-17,2,0.0519525617436602,0.0,0.0001735201930797
3666,0,203,2,0,1.0,0.0,0.0,2,42.0,4938.999999999999,0.0431821956485633,0.0,1,0.0514578266916802,0.0,0.0001983786214007
3667,15,135,2,0,1.0,0.0,0.0,2,40.0,1860.3928571428537,0.0453460620525059,1.7795448802432377e-17,2,0.0515924249677225,0.0,0.0001902781395736
3668,15,135,2,0,1.0,0.0,0.0,2,38.0,11592.936330336364,0.0498214898037396,0.0,2,0.058376977857888,0.0,0.0001719338981128
3669,15,135,2,0,1.0,0.0,0.0,2,37.0,18010.73033633041,0.0513156117880478,1.33695536011012e-17,2,0.0584352285129546,0.0,0.000179644787699
3670,0,203,2,0,1.0,0.0,0.0,2,39.0,3873.70330873305,0.0482733011511325,2.970435946334589e-17,2,0.0586832274492911,0.0,0.0001703891285188
3671,0,203,2,0,1.0,0.0,0.0,2,38.0,852.5927401416754,0.0507515127854772,0.0,2,0.0638078912842724,0.0,0.0001515932050078
3672,38,56,2,0,1.0,0.0,0.0,2,42.0,5266.709738366221,0.0456030869781954,0.0,2,0.0542432435512563,0.0,0.0001721266463853
3673,0,203,2,0,1.0,0.0,0.0,2,38.0,16818.595014265342,0.0506375825167083,0.0,2,0.0631640681708134,0.0,0.0001489085678304
3674,0,203,2,0,1.0,0.0,0.0,2,38.0,16818.595014265342,0.0506375825167083,0.0,2,0.0631640681708134,0.0,0.0001489085678303
3675,0,203,5,0,1.0,0.1,0.0,5,42.0,30219.01291075101,0.0434759650080087,1.271026448131966e-17,2,0.053135062267483,0.1,0.0003784326511592
3676,0,203,2,0,1.0,0.0,0.0,2,41.0,20310.31736844471,0.0451322906007893,0.0,2,0.055188062361867,0.0,0.0001611392738776
3677,0,203,2,0,1.0,0.0,0.0,2,42.0,14834.567325396269,0.0432653990663782,0.0,2,0.0527604714153774,0.0,0.0001600693330158
3678,38,56,2,0,1.0,0.0,0.0,2,40.0,9875.999999999998,0.0491390715301747,0.0,1,0.0576646242747222,0.0,0.0001854361617558
3679,27,102,3,0,1.0,0.0,0.0,3,42.0,9877.0,0.0430118761536586,7.871527283994298e-17,1,0.0503143158370778,0.0,0.0003038148848298
3680,27,102,1,0,1.0,0.0,0.0,1,43.0,0.0,0.041238490370729,5.3956525274060376e-18,1,0.0471933979783468,0.0,0.0001164391111146
3681,27,102,1,0,1.0,0.0,0.0,1,43.0,0.0,0.041238490370729,4.382442142708467e-18,1,0.0471933979783468,0.0,0.0001164391111146
3682,38,56,2,0,1.0,0.0,0.0,2,41.0,4859.749999999998,0.0468526228932917,0.0,2,0.0541929985254115,0.0,0.000177461042764
3683,27,102,4,0,1.0,0.3333333333333333,0.0,4,41.0,4922.653571428568,0.0467918237444825,0.0,2,0.056614869988309,0.3333333333333333,0.0002798651863954
3684,27,102,2,0,1.0,0.0,0.0,2,39.0,1582.5416079163904,0.0503732104254191,0.0,2,0.0626714855875609,0.0,0.000153119211101
3685,27,102,2,0,1.0,0.0,0.0,2,42.0,0.8333333333333333,0.04470143243659,0.0,2,0.0525695471042017,0.0,0.000156902268163
3686,38,56,2,0,1.0,0.0,0.0,2,42.0,9875.999999999996,0.0447634063683647,6.881825236673272e-18,1,0.0510609776762238,0.0,0.0001925199118193
3687,38,56,1,0,1.0,0.0,0.0,1,42.0,0.0,0.0447435398117872,1.7041992222273482e-17,1,0.0504622051037669,0.0,0.000120164196173
3688,0,203,1,0,1.0,0.0,0.0,1,40.0,0.0,0.0460198425636964,0.0,1,0.0543529280708241,0.0,9.35702430180701e-05
3689,0,203,2,0,1.0,0.0,0.0,2,38.0,1329.5538211788214,0.0506292788914852,0.0,2,0.0629573012535201,0.0,0.0001493914376959
3690,15,135,2,0,1.0,0.0,0.0,2,41.0,4939.0,0.0426325146279579,4.8941416631937075e-17,1,0.0486130743882972,0.0,0.0002176952025058
3691,15,135,2,0,1.0,0.0,0.0,2,40.0,9876.0,0.0445297781623804,1.5646927971400786e-17,1,0.051666547538275,0.0,0.0001950355070669
3692,15,135,3,0,1.0,0.0,0.0,3,39.0,18590.016914607728,0.0466028942850134,0.0,2,0.0553165504350949,0.0,0.0002546711256084
3693,15,135,2,0,1.0,0.0,0.0,2,39.0,5281.240557703964,0.0467077644567149,3.2108873525843835e-17,2,0.0554368766602973,0.0,0.0001789682024565
3694,0,203,2,0,1.0,0.0,0.0,2,42.0,4939.0,0.0412467541142384,2.722957239280053e-17,1,0.0480501134438017,0.0,0.0002033790331703
3695,0,203,3,0,1.0,0.0,0.0,3,41.0,27020.10000000001,0.0430201166942436,0.0,2,0.0514270784550192,0.0,0.0002602787200248
3696,0,203,2,0,1.0,0.0,0.0,2,39.0,8212.09610993307,0.0495799753103766,1.416744086222644e-17,2,0.0617476535240996,0.0,0.0001637575182076
3697,0,203,2,1,0.6666666666666666,0.0,0.4444444444444444,3,38.0,40788.553068987225,0.0521564694082246,0.0,2,0.0677849788483326,0.0,0.0002110625700988
3698,0,203,2,0,1.0,0.0,0.0,2,39.0,7.3690476190476195,0.0492768079800498,0.0,2,0.0606563939646707,0.0,0.0001498703195389
3699,0,203,2,0,1.0,0.0,0.0,2,43.0,14811.0,0.0416670181091271,0.0,1,0.0494831583056396,0.0,0.000181711284264
3700,0,203,2,0,1.0,0.0,0.0,2,40.0,7158.995014264551,0.0460734937511658,0.0,2,0.0550138758724601,0.0,0.0001592590253796
3701,0,203,2,0,1.0,0.0,0.0,2,40.0,7158.995014264551,0.0460734937511658,0.0,2,0.0550138758724601,0.0,0.0001592590253795
3702,0,203,2,0,1.0,0.0,0.0,2,38.0,8601.365213494904,0.0506552367670884,0.0,2,0.0631846250992651,0.0,0.0001581119315125
3703,0,203,2,0,1.0,0.0,0.0,2,40.0,9876.0,0.0455824682814302,1.7046746162737268e-17,1,0.0545908753247434,0.0,0.0002042730826803
3704,38,56,1,0,1.0,0.0,0.0,1,40.0,0.0,0.0460018437985976,4.1191712577512745e-19,1,0.054121873381017,0.0,0.0001038112365893
3705,38,56,2,1,0.6666666666666666,0.0,0.4444444444444444,3,39.0,18825.49815424213,0.0482195845697329,2.4675466146085705e-17,2,0.0584468521282939,0.0,0.0002592459159166
3706,15,135,3,0,1.0,0.0,0.0,3,40.0,9877.0,0.0455370887604509,7.009510198508668e-17,1,0.0507653036458355,0.0,0.000317470908046
3707,15,135,2,0,1.0,0.0,0.0,2,39.0,14811.0,0.0477073434542434,2.3257338681885953e-18,1,0.0537851908011783,0.0,0.0001943259785626
3708,15,135,3,0,1.0,0.0,0.0,3,38.0,21503.70681475425,0.0500937991177812,2.6374111689764363e-17,2,0.0574088305259603,0.0,0.0002612388030709
3709,25,102,3,0,1.0,0.0,0.0,3,39.0,4941.0,0.046565554686248,3.958012023981341e-17,2,0.0547204842687743,0.0,0.0002707171668681
3710,15,135,2,0,1.0,0.0,0.0,2,40.0,4939.0,0.0445020989856404,4.694356230795089e-17,1,0.0490515787432433,0.0,0.0002215228839153
3711,0,203,2,0,1.0,0.0,0.0,2,42.0,306.1587301587301,0.0431316738407271,2.4601565866984177e-17,2,0.0509968870333128,0.0,0.0001822225316865
3712,0,203,2,0,1.0,0.0,0.0,2,42.0,428.8309523809528,0.0431893687707641,0.0,2,0.0516318193656728,0.0,0.0001783544273688
3713,0,203,2,0,1.0,0.0,0.0,2,41.0,5017.661111111104,0.0449843374371676,1.5582582756154278e-17,2,0.0535835349729254,0.0,0.0001789733481769
3714,0,203,1,0,1.0,0.0,0.0,1,40.0,0.0,0.0449364612991549,0.0,1,0.0543009323951357,0.0,9.49718851757805e-05
3715,0,203,1,0,1.0,0.0,0.0,1,40.0,0.0,0.0449364612991549,0.0,1,0.0543009323951357,0.0,9.49718851757805e-05
3716,0,203,2,0,1.0,0.0,0.0,2,38.0,160551.6209276384,0.0492777910781262,0.0,2,0.0619996403596094,0.0,0.0001534287234666
3717,25,102,2,0,1.0,0.0,0.0,2,40.0,4939.0,0.0444992928756091,2.962854003737208e-17,1,0.0513286621508009,0.0,0.0002128083955504
3718,27,102,1,0,1.0,0.0,0.0,1,42.0,0.0,0.0446594042399312,0.0,1,0.0520093588668877,0.0,9.965775060094968e-05
3719,38,56,3,0,1.0,0.0,0.0,3,44.0,9877.0,0.0414471255495519,6.91442991434759e-17,1,0.0469295218702499,0.0,0.0003209545475235
3720,15,135,1,0,1.0,0.0,0.0,1,40.0,0.0,0.0448023797863271,0.0,1,0.0500718177105642,0.0,0.0001069688350301
3721,27,102,2,0,1.0,0.0,0.0,2,41.0,14811.0,0.0467789740821757,0.0,1,0.0562241495975886,0.0,0.0001728862001683
3722,27,102,6,1,0.8571428571428571,0.13333333333333333,0.24489795918367352,7,40.0,66040.24996333732,0.0490712228071918,0.0,2,0.0611942329268762,0.0952380952380952,0.0004846948728587
3723,27,102,2,0,1.0,0.0,0.0,2,42.0,23.779761904761905,0.044724095785614,0.0,2,0.0528660926639048,0.0,0.0001578180917045
3724,0,203,2,0,1.0,0.0,0.0,2,38.0,4328.386528456826,0.0501202276716414,0.0,2,0.0633686693518272,0.0,0.0001565444474868
3725,0,203,2,0,1.0,1.0,0.0,2,39.0,0.0,0.0493772864482338,0.0,2,0.0613883515033091,1.0,0.0001532459963907
3726,0,203,4,0,1.0,0.0,0.0,4,40.0,17202.01666666666,0.047087980173482,4.03564446387466e-17,2,0.0574651535147666,0.0,0.0003515993795093
3727,0,203,3,0,1.0,0.0,0.0,3,40.0,34004.81863571013,0.0471072882794396,0.0,2,0.0575930957479719,0.0,0.0002539322233369
3728,38,56,2,0,1.0,0.0,0.0,2,41.0,4938.999999999999,0.0468388515947965,4.756631359632461e-17,1,0.0538057322828819,0.0,0.0002113081625728
3729,38,56,2,0,1.0,0.0,0.0,2,40.0,9875.999999999998,0.0491390715301747,0.0,1,0.0576646242747222,0.0,0.0001854361617558
3730,25,102,1,0,1.0,0.0,0.0,1,38.0,0.0,0.0488291868062351,0.0,1,0.0582480100493904,0.0,9.453398071213804e-05
3731,27,102,2,0,1.0,0.0,0.0,2,42.0,11.583333333333334,0.0446682882280072,0.0,2,0.0523633688919507,0.0,0.000165824609786
3732,0,203,2,0,1.0,0.0,0.0,2,41.0,309.66017316017263,0.0451483773088276,1.8985194269273842e-17,2,0.0537232542455191,0.0,0.0001722756061728
3733,27,102,2,0,1.0,0.0,0.0,2,41.0,11146.445143220832,0.0449446380318979,0.0,2,0.053762672636881,0.0,0.0001609328013272
3734,0,203,1,0,1.0,0.0,0.0,1,46.0,0.0,0.0365617182527347,3.9454531943751852e-19,1,0.0419791783935444,0.0,0.0001001233310142
3735,0,203,1,0,1.0,0.0,0.0,1,46.0,0.0,0.0365617182527347,2.0383732759019865e-18,1,0.0419791783935444,0.0,0.0001001233310142
3736,25,102,1,0,1.0,0.0,0.0,1,40.0,0.0,0.044497288727954,0.0,1,0.0511565973734731,0.0,0.0001069391555167
3737,15,135,4,0,1.0,0.0,0.0,4,39.0,25660.61125541116,0.0469033354537945,2.580073868350981e-17,2,0.0535865938234047,0.0,0.0003605205080028
3738,27,102,2,0,1.0,0.0,0.0,2,44.0,2173.3031746031743,0.0419191147769122,0.0,2,0.0484040035116768,0.0,0.0001705225256125
3739,0,203,2,0,1.0,0.0,0.0,2,40.0,5787.658180225557,0.0456266740556017,2.886662089725188e-17,2,0.0549658804365905,0.0,0.0001853789218607
3740,0,203,3,0,1.0,0.0,0.0,3,41.0,9877.0,0.0449417758369723,6.17303879294468e-17,1,0.0532550257628371,0.0,0.0002954426204091
3741,15,135,2,0,1.0,0.0,0.0,2,40.0,435.0135198135197,0.0447046686515298,1.6365915712767617e-17,2,0.0525818191398702,0.0,0.0001810748296526
3742,0,203,2,0,1.0,0.0,0.0,2,40.0,2592.181969117834,0.0472239216885897,0.0,2,0.0580071157202198,0.0,0.000158630752144
3743,38,56,1,0,1.0,0.0,0.0,1,41.0,0.0,0.0468472911075496,0.0,1,0.0539148994315228,0.0,0.0001001072454952
3744,25,102,1,0,1.0,0.0,0.0,1,41.0,0.0,0.0426045709357481,1.6712383538798437e-18,1,0.0482692644298156,0.0,0.000118766894169
3745,15,135,2,0,1.0,0.0,0.0,2,39.0,6680.102997002989,0.0474694187398502,3.259611729640287e-17,2,0.054646494575303,0.0,0.0001842983430963
3746,15,135,1,0,1.0,0.0,0.0,1,42.0,0.0,0.0412285094308128,1.5394035285811754e-17,1,0.0473471316212297,0.0,0.0001179326846701
3747,15,135,2,0,1.0,1.0,0.0,2,37.0,0.0,0.0516115551376482,1.2793430975453978e-17,2,0.0592040150319438,1.0,0.0001674089911753
3748,15,135,2,0,1.0,1.0,0.0,2,37.0,0.0,0.0516115551376482,1.1244422451467193e-17,2,0.0592040150319438,1.0,0.0001674089911752
3749,2,196,2,0,1.0,0.0,0.0,2,38.0,118.46666666666664,0.0450680582417983,1.236917862674051e-17,2,0.052201635667558,0.0,0.0001669657513632
3750,2,196,3,0,1.0,0.0,0.0,3,35.0,5794.53990411141,0.0517895707965529,0.0,2,0.0619963913165022,0.0,0.0002089630731425
3751,2,196,2,0,1.0,0.0,0.0,2,35.0,5456.147046968556,0.0517532188616387,0.0,2,0.0613117346551244,0.0,0.0001476303916447
3752,2,196,3,0,1.0,0.0,0.0,3,35.0,3.0,0.0514631580043962,2.3118813466204566e-17,2,0.0591602789358534,0.0,0.0002199931841915
3753,2,196,3,0,1.0,0.0,0.0,3,35.0,8479.07528860042,0.0519360366706267,2.302334390332159e-17,2,0.0623901776920702,0.0,0.0002166839043869
3754,2,196,2,0,1.0,0.0,0.0,2,34.0,12925.9800505056,0.0546980534579356,0.0,2,0.0665433152810697,0.0,0.0001453460397831
3755,2,196,2,0,1.0,0.0,0.0,2,36.0,3584.515764790898,0.0494009880197603,0.0,2,0.058100446361676,0.0,0.0001598770838981
3756,2,196,1,0,1.0,0.0,0.0,1,39.0,0.0,0.0432271613580679,0.0,1,0.0491249593320137,0.0,9.305296654017276e-05
3757,2,196,4,0,1.0,0.16666666666666666,0.0,4,38.0,5183.617388167392,0.04517975873643,0.0,2,0.0526841030569533,0.1666666666666666,0.0002950340680497
3758,2,196,3,0,1.0,0.0,0.0,3,38.0,7056.799201778455,0.0451665401881634,0.0,2,0.0524436052506661,0.0,0.0002451453491001
3759,2,196,1,0,1.0,0.0,0.0,1,39.0,0.0,0.0432150605360767,0.0,1,0.0489930079500624,0.0,9.981607599130045e-05
3760,2,196,1,0,1.0,0.0,0.0,1,35.0,0.0,0.0518847612145655,1.4976338442604666e-18,1,0.0614480861578727,0.0,9.23248690274494e-05
3761,2,196,3,0,1.0,0.0,0.0,3,34.0,17405.07668016013,0.0547235023041474,0.0,2,0.0672261120164982,0.0,0.0002187057951101
3762,2,196,7,0,1.0,0.047619047619047616,0.0,7,36.0,18552.21132755985,0.0494573705498378,7.509266430313612e-17,2,0.0597623736157085,0.0476190476190476,0.0004926063257615
3763,2,196,5,0,1.0,0.0,0.0,5,32.0,225704.00571989745,0.0608659224760355,0.0,2,0.075904327555095,0.0,0.0003450458982912
3764,2,196,1,0,1.0,0.0,0.0,1,37.0,0.0,0.0471270618089541,0.0,1,0.0549245820445964,0.0,9.017470949347812e-05
3765,2,196,1,0,1.0,0.0,0.0,1,33.0,0.0,0.0573744788097699,0.0,1,0.0685904397175238,0.0,8.901602978909899e-05
3766,2,196,4,0,1.0,0.0,0.0,4,33.0,115772.69877866544,0.0577703453356878,0.0,2,0.0722313534596513,0.0,0.0002562100275737
3767,2,196,2,0,1.0,0.0,0.0,2,35.0,409.0619047619048,0.05188258152602,0.0,2,0.062181979457556,0.0,0.0001443121917591
3768,2,196,2,0,1.0,0.0,0.0,2,35.0,13014.549098124664,0.05185643954106,0.0,2,0.0617938295957217,0.0,0.0001562810282567
3769,29,100,2,1,0.6666666666666666,0.0,0.4444444444444444,3,35.0,324646.2900569614,0.0569026089961412,0.0,2,0.0707658922304953,0.0,0.000211632575612
3770,29,100,3,0,1.0,0.0,0.0,3,34.0,365413.7459732631,0.0598454195236595,1.1306133656399252e-17,2,0.0735729441302116,0.0,0.0002179843274896
3771,2,196,4,0,1.0,0.0,0.0,4,34.0,22926.925090189063,0.0546847325540205,0.0,2,0.0668486459153478,0.0,0.0002979922992523
3772,2,196,1,0,1.0,0.0,0.0,1,35.0,0.0,0.0518499081605877,0.0,1,0.0611376144658219,0.0,9.368159067070388e-05
3773,2,196,2,0,1.0,0.0,0.0,2,35.0,22.166666666666668,0.0514744190892987,0.0,2,0.059205263191364,0.0,0.0001540748484951
3774,2,196,3,0,1.0,0.0,0.0,3,35.0,9943.136196682004,0.0519753800831185,0.0,2,0.0633526801019417,0.0,0.0001997853520334
3775,2,196,6,0,1.0,0.13333333333333333,0.0,6,36.0,34055.477620418154,0.0494103761789975,0.0,2,0.0591926801512783,0.1333333333333333,0.0003864893066513
3776,2,196,2,0,1.0,0.0,0.0,2,35.0,19332.884445129548,0.0519414974712692,0.0,2,0.0627082003127247,0.0,0.0001402184874569
3777,2,196,2,0,1.0,0.0,0.0,2,35.0,19332.884445129548,0.0519414974712692,0.0,2,0.0627082003127247,0.0,0.0001402184874569
3778,2,196,3,0,1.0,0.0,0.0,3,37.0,2057.7124819625337,0.0471423527278626,3.102833104418208e-17,2,0.0551722414926607,0.0,0.0002404414726202
3779,2,196,6,0,1.0,0.0,0.0,6,34.0,103667.80959255008,0.0552813867347053,0.0,2,0.0702859334383831,0.0,0.0003742892002908
3780,2,196,2,0,1.0,0.0,0.0,2,34.0,5325.142857142857,0.0552208274181468,0.0,2,0.0687309241202157,0.0,0.0001505246830236
3781,2,196,5,2,0.7142857142857143,0.1,0.44897959183673464,7,33.0,631161.0454187082,0.0584352598831294,0.0,2,0.0765781866780041,0.0476190476190476,0.0004315103746224
3782,29,100,2,0,1.0,0.0,0.0,2,35.0,48456.84329266475,0.0568822973999953,2.701367593179099e-18,2,0.0697876436459714,0.0,0.000157641580871
3783,2,196,8,0,1.0,0.03571428571428571,0.0,8,33.0,111385.32074914905,0.0578203822699767,0.0,2,0.0732859932642906,0.0357142857142857,0.0005195394357588
3784,2,196,5,0,1.0,0.1,0.0,5,33.0,167203.9737659577,0.0578400149868864,0.0,2,0.0733088870371844,0.1,0.0003152590576112
3785,2,196,7,0,1.0,0.14285714285714285,0.0,7,32.0,925973.5861622136,0.0612568820991022,0.0,2,0.0794208621900509,0.1428571428571428,0.0004187931013813
3786,2,196,5,0,1.0,0.0,0.0,5,34.0,54577.50286372122,0.0546677880571909,6.913128760595009e-17,2,0.0666067021865619,0.0,0.0003806690099686
3787,2,196,3,0,1.0,0.0,0.0,3,33.0,62791.70762562609,0.0577919722972893,0.0,2,0.0722885550300108,0.0,0.0002016273395814
3788,2,196,4,0,1.0,0.16666666666666666,0.0,4,35.0,18046.62913838678,0.0519660852917043,0.0,2,0.0635496541804948,0.1666666666666666,0.0002648347744154
3789,2,196,3,0,1.0,0.0,0.0,3,33.0,102316.10570269522,0.0576220970244135,0.0,2,0.071270516051446,0.0,0.0001965950568786
3790,2,196,2,0,1.0,0.0,0.0,2,35.0,493.6428571428573,0.0523821137349295,3.235855658999813e-17,2,0.0635179778304283,0.0,0.000159455923758
3791,2,196,1,0,1.0,0.0,0.0,1,38.0,0.0,0.0451632367595834,0.0,1,0.0520961018768472,0.0,8.815059590691005e-05
3792,2,196,6,0,1.0,0.06666666666666667,0.0,6,37.0,24123.096788995583,0.0472989793378142,0.0,2,0.0563972153912549,0.0666666666666666,0.0004079461328986
3793,2,196,4,0,1.0,0.0,0.0,4,34.0,23108.0866264069,0.0545085404069382,0.0,2,0.0657556880410129,0.0,0.0002703796807124
3794,2,196,2,0,1.0,0.0,0.0,2,35.0,215.90238095238084,0.0517055504966454,0.0,2,0.0607754799741325,0.0,0.0001491991284589
3795,2,196,3,0,1.0,0.0,0.0,3,34.0,7345.186038961038,0.0542648431921788,0.0,2,0.0638659117129767,0.0,0.0002166537149222
3796,2,196,8,0,1.0,0.07142857142857142,0.0,8,35.0,49911.40155041157,0.0519447745028969,0.0,2,0.0635049036094284,0.0714285714285714,0.0005300034567443
3797,2,196,7,0,1.0,0.0,0.0,7,34.0,124730.13016660136,0.054759898904802,0.0,2,0.0683783515897905,0.0,0.0004538273649564
3798,2,196,5,0,1.0,0.1,0.0,5,33.0,14814.0,0.0580507179957225,0.0,2,0.0733999018455739,0.1,0.0003725028111284
3799,2,196,1,0,1.0,0.0,0.0,1,36.0,0.0,0.0493802479008396,0.0,1,0.0580149762762059,0.0,8.667109435866987e-05
3800,2,196,1,0,1.0,0.0,0.0,1,35.0,0.0,0.0519174785341194,0.0,1,0.0620170493584153,0.0,8.546583568144736e-05
3801,2,196,3,0,1.0,0.0,0.0,3,34.0,42249.76672735212,0.0552956188855806,0.0,2,0.0701466429043557,0.0,0.0001905202208078
3802,2,196,6,0,1.0,0.06666666666666667,0.0,6,33.0,56028.96287878786,0.0573471709502913,2.9657885583476546e-17,2,0.0691101758293652,0.0666666666666666,0.0004052050421451
3803,2,196,3,0,1.0,0.0,0.0,3,32.0,72255.83668831167,0.0608022450059694,0.0,2,0.0749651278658953,0.0,0.0001994416395783
3804,2,196,3,0,1.0,0.3333333333333333,0.0,3,34.0,2458.416666666666,0.0542398190542068,0.0,2,0.0634706928967051,0.3333333333333333,0.0002130470605313
3805,2,196,2,0,1.0,1.0,0.0,2,37.0,0.0,0.0475663184247267,0.0,2,0.0567597643232206,1.0,0.0001425804820297
3806,2,196,2,0,1.0,0.0,0.0,2,35.0,2443.172619047617,0.0518488197571292,0.0,2,0.0616566276164143,0.0,0.0001453722836355
3807,2,196,3,0,1.0,0.0,0.0,3,36.0,40.74999999999999,0.0493245334638003,1.3761580347838089e-17,2,0.0576770612672383,0.0,0.0002127045738825
3808,2,196,2,0,1.0,0.0,0.0,2,35.0,3.333333333333333,0.0516482482461551,1.3818321645601829e-17,2,0.0600101049982307,0.0,0.0001595092206584
3809,2,196,5,0,1.0,0.1,0.0,5,36.0,19415.47622230713,0.0493827160493827,1.251105964717024e-18,2,0.05858869349466,0.1,0.0003507968275592
3810,2,196,2,0,1.0,0.0,0.0,2,39.0,8436.256531351013,0.0434491978609625,1.1979467277299577e-17,2,0.0499654670596831,0.0,0.0001728663531549
3811,2,196,3,0,1.0,0.0,0.0,3,38.0,22379.580008188303,0.0454198578560723,8.336167233895115e-18,2,0.053334466080954,0.0,0.0002308275174254
3812,2,196,3,0,1.0,0.0,0.0,3,36.0,269.9634076707605,0.0495973976426176,7.6978797204675e-18,2,0.0590440715709081,0.0,0.0002088806209301
3813,2,196,2,0,1.0,0.0,0.0,2,35.0,4380.6595238095215,0.0518602502729486,0.0,2,0.0618198562006956,0.0,0.0001442888302988
3814,2,196,2,0,1.0,0.0,0.0,2,38.0,7253.846182287044,0.0454261227792695,0.0,2,0.0531999076569218,0.0,0.0001612718180496
3815,2,196,3,0,1.0,0.0,0.0,3,41.0,4948.092857142858,0.0400090708824672,5.793540858371749e-17,2,0.0451420552777647,0.0,0.0002738887024841
3816,2,196,2,0,1.0,0.0,0.0,2,35.0,14765.15635051219,0.0523926692686237,0.0,2,0.0638834749064517,0.0,0.0001525313088296
3817,2,196,3,0,1.0,0.0,0.0,3,36.0,9896.073017178667,0.0498019013438448,4.2348294428527983e-17,2,0.0593451458609381,0.0,0.0002440545119135
3818,2,196,1,0,1.0,0.0,0.0,1,39.0,0.0,0.0432286744373271,1.5444800308718382e-17,1,0.048790051325041,0.0,0.0001126908009906
3819,2,196,1,0,1.0,0.0,0.0,1,42.0,0.0,0.0384702245134762,4.886756152677037e-18,1,0.0426806490646821,0.0,0.0001079600261167
3820,2,196,1,0,1.0,0.0,0.0,1,36.0,0.0,0.0492817238627294,1.6202498164426338e-17,1,0.0566771861985379,0.0,0.0001107848290545
3821,2,196,2,0,1.0,0.0,0.0,2,40.0,3510.349388493972,0.0416424314459364,1.584871624244455e-17,2,0.0472042712302338,0.0,0.0001814282262075
3822,2,196,3,0,1.0,0.0,0.0,3,37.0,3102.9428338001894,0.0475095932832591,0.0,2,0.0566534232958269,0.0,0.0002038387684722
3823,2,196,4,0,1.0,0.0,0.0,4,36.0,13176.745539427906,0.04982953055337,1.918661659142936e-17,2,0.0600013536881986,0.0,0.0002685281446002
3824,2,196,2,0,1.0,0.0,0.0,2,35.0,15.5,0.0518607947089391,1.3781142634618525e-17,2,0.0614186054047078,0.0,0.0001558832710251
3825,2,196,3,0,1.0,0.0,0.0,3,35.0,3371.9131854255274,0.0518863961011679,0.0,2,0.0620701541483622,0.0,0.0002153150433948
3826,2,196,3,0,1.0,0.0,0.0,3,36.0,19222.09340451008,0.0499358112547636,0.0,2,0.061357950307954,0.0,0.0001998126572666
3827,2,196,3,0,1.0,0.0,0.0,3,35.0,14458.586363636365,0.0514631580043962,5.544561086079584e-17,2,0.0592059058235856,0.0,0.0002702917736262
3828,2,196,1,0,1.0,0.0,0.0,1,36.0,0.0,0.0489448132368968,2.000279973456545e-18,1,0.0551481183815158,0.0,0.0001069408962736
3829,2,196,4,0,1.0,0.5,0.0,4,35.0,4.0,0.0517494238424471,0.0,2,0.0615871149203834,0.5,0.000255146021935
3830,2,196,3,0,1.0,0.3333333333333333,0.0,3,35.0,4937.5,0.0517488817422821,0.0,2,0.0614859003454845,0.3333333333333333,0.0002009092400994
3831,2,196,3,0,1.0,0.0,0.0,3,39.0,11339.16965912506,0.0434836188229494,2.3456525906006608e-17,2,0.0504992489548008,0.0,0.0002389573367548
3832,2,196,2,0,1.0,0.0,0.0,2,36.0,1.5,0.0492046575096865,1.8143345940303715e-17,2,0.0569295502312662,0.0,0.0001550145940793
3833,2,196,2,0,1.0,0.0,0.0,2,36.0,1.0,0.0492041674136935,3.326145232847025e-17,2,0.0568958120396333,0.0,0.0001593696054235
3834,2,196,5,0,1.0,0.0,0.0,5,35.0,15848.095720490915,0.0521713416694829,0.0,2,0.0638211268409057,0.0,0.000336673116982
3835,2,196,1,0,1.0,0.0,0.0,1,36.0,0.0,0.0495849518704768,0.0,1,0.0584781389655018,0.0,8.759265696653027e-05
3836,2,196,3,0,1.0,0.0,0.0,3,34.0,25845.353723578817,0.0547241085176856,0.0,2,0.0672739077879782,0.0,0.0001981331927493
3837,2,196,2,0,1.0,1.0,0.0,2,35.0,0.0,0.0517472555099304,0.0,2,0.0613172093873198,1.0,0.0001350280376156
3838,2,196,10,0,1.0,0.0,0.0,10,34.0,96643.20344069508,0.0546744435713258,7.521425216452754e-17,2,0.0676561936307904,0.0,0.000644091301442
3839,2,196,2,0,1.0,0.0,0.0,2,35.0,9840.2545467746,0.0518455548209019,0.0,2,0.0616951855497091,0.0,0.0001535547286216
3840,2,196,2,0,1.0,0.0,0.0,2,35.0,2374.454208863025,0.051842834354798,0.0,2,0.0616007186131369,0.0,0.0001442677346036
3841,2,196,1,0,1.0,0.0,0.0,1,34.0,0.0,0.0546605293440736,0.0,1,0.0660162765303465,0.0,8.555929212894991e-05
3842,2,196,2,0,1.0,0.0,0.0,2,34.0,4901.130952380953,0.0546671830907984,0.0,2,0.0662606374326022,0.0,0.0001518096823144
3843,2,196,3,0,1.0,0.0,0.0,3,36.0,31.494047619047624,0.0493373415761982,1.113102634402638e-17,2,0.0577900038801809,0.0,0.0002088061655351
3844,2,196,3,0,1.0,0.0,0.0,3,35.0,4833.287542196378,0.0518509966097425,0.0,2,0.0618421876703956,0.0,0.000204534030537
3845,2,196,2,0,1.0,0.0,0.0,2,36.0,280.33333333333337,0.0493545937737281,0.0,2,0.0578977908300731,0.0,0.0001529882997634
3846,2,196,1,0,1.0,0.0,0.0,1,36.0,0.0,0.0492979532367998,0.0,1,0.0568870837009454,0.0,0.000102155953171
3847,2,196,3,0,1.0,0.0,0.0,3,35.0,4975.0,0.0518537179325691,1.50548254381764e-17,2,0.0614918654779679,0.0,0.0002534037391462
3848,2,196,3,0,1.0,0.6666666666666666,0.0,3,35.0,4.35,0.0517548454688318,0.0,2,0.0615666310183205,0.6666666666666666,0.0001923437698382
3849,2,196,2,0,1.0,0.0,0.0,2,40.0,6371.743468649125,0.0416740482035448,1.2704262748935933e-18,2,0.0475405993195984,0.0,0.0001756646048639
3850,2,196,2,0,1.0,0.0,0.0,2,36.0,4.949999999999999,0.0498451168938621,0.0,2,0.0597654273338511,0.0,0.0001434921852056
3851,2,196,3,0,1.0,0.0,0.0,3,35.0,18439.322100792804,0.052433264342196,0.0,2,0.0646802585321826,0.0,0.0001972924526086
3852,2,196,1,0,1.0,0.0,0.0,1,38.0,0.0,0.0447386772204059,2.6747100652854454e-18,1,0.0497723946035227,0.0,0.000109740115634
3853,2,196,3,0,1.0,0.0,0.0,3,37.0,4977.833333333334,0.0468335229427379,6.068974215625719e-17,2,0.0530371917133798,0.0,0.0002801713713687
3854,2,196,2,0,1.0,0.0,0.0,2,36.0,3450.335208337336,0.049382222399936,0.0,2,0.058200536330187,0.0,0.0001493530623554
3855,2,196,3,0,1.0,0.0,0.0,3,35.0,5938.073809523809,0.0524232487557437,0.0,2,0.0644981526263925,0.0,0.0002021078028335
3856,2,196,2,0,1.0,0.0,0.0,2,36.0,4615.919696969694,0.0489564545220304,4.0447286026674e-18,2,0.0554922479361715,0.0,0.0001863227848281
3857,2,196,2,0,1.0,0.0,0.0,2,35.0,24007.707391138305,0.0518733198924731,0.0,2,0.0617348680893917,0.0,0.0001547074194593
3858,2,196,1,0,1.0,0.0,0.0,1,36.0,0.0,0.0492861489958196,3.2433278606348885e-19,1,0.0567458652702534,0.0,0.0001032478153597
3859,2,196,3,0,1.0,0.0,0.0,3,35.0,4941.0,0.0518406581874658,4.2869232199288507e-17,2,0.0612689524261073,0.0,0.0002572573704005
3860,2,196,2,0,1.0,1.0,0.0,2,37.0,0.0,0.047080799801765,0.0,2,0.0546026525121407,1.0,0.000146421369599
3861,2,196,2,0,1.0,0.0,0.0,2,36.0,5307.746969696974,0.0491200159093168,1.3046876812461473e-17,2,0.0561767256828957,0.0,0.0001819926175254
3862,2,196,2,0,1.0,0.0,0.0,2,35.0,18034.43376623376,0.05185916143526,0.0,2,0.0618133495494522,0.0,0.0001477178053077
3863,2,196,7,0,1.0,0.047619047619047616,0.0,7,36.0,38295.54255952748,0.0499373256237111,0.0,2,0.0619123009280945,0.0476190476190476,0.000435859063643
3864,2,196,3,0,1.0,0.3333333333333333,0.0,3,37.0,27270.653817712137,0.0475699827631034,0.0,2,0.0569959316646511,0.3333333333333333,0.0002092818053216
3865,2,196,2,0,1.0,1.0,0.0,2,34.0,0.0,0.0544586654319762,0.0,2,0.06478941016684,1.0,0.0001437371283108
3866,2,196,3,0,1.0,0.3333333333333333,0.0,3,34.0,2559.898376623375,0.0544814884254408,0.0,2,0.0652489725342972,0.3333333333333333,0.000207233638939
3867,2,196,2,0,1.0,1.0,0.0,2,35.0,0.0,0.0517651496893043,0.0,2,0.0615609203547151,1.0,0.0001367595252705
3868,2,196,2,0,1.0,0.0,0.0,2,34.0,9836.0,0.0546641584596658,0.0,2,0.0662524438717771,0.0,0.0001584488804089
3869,29,100,1,0,1.0,0.0,0.0,1,35.0,0.0,0.0543048104828071,1.916028107909805e-18,1,0.0651581959205423,0.0,9.587935474901812e-05
3870,29,100,2,1,0.6666666666666666,0.0,0.4444444444444444,3,34.0,50790.91600883738,0.0574224970649432,0.0,2,0.0716155203195361,0.0,0.0002312510388333
3871,2,196,3,0,1.0,0.0,0.0,3,35.0,20411.084411339587,0.0524149053560818,0.0,2,0.0644456977713061,0.0,0.0001991405480425
3872,2,196,4,0,1.0,0.16666666666666666,0.0,4,35.0,6814.6142834291,0.0519082044384667,0.0,2,0.0626841089070543,0.1666666666666666,0.0002632941991339
3873,2,196,3,0,1.0,0.0,0.0,3,36.0,4951.5,0.0492365347047801,4.569885536440809e-17,2,0.0574617227371225,0.0,0.0002353413718866
3874,2,196,3,0,1.0,0.0,0.0,3,35.0,12386.140909090258,0.0517673195217286,0.0,2,0.0619276296687931,0.0,0.0002028726258609
3875,2,196,3,0,1.0,0.0,0.0,3,35.0,70.85000000000002,0.0516876974909494,3.925149275460763e-17,2,0.0604941800774478,0.0,0.0002266085120741
3876,2,196,2,0,1.0,1.0,0.0,2,36.0,0.0,0.0493807415108107,0.0,2,0.0581161908511047,1.0,0.0001440429454711
3877,2,196,3,0,1.0,0.6666666666666666,0.0,3,36.0,125.13354700854676,0.0496033738327141,0.0,2,0.0592316252453038,0.6666666666666666,0.0002024888862797
3878,2,196,2,0,1.0,0.0,0.0,2,34.0,2492.383333333335,0.0544448608019044,0.0,2,0.0647238493219269,0.0,0.000149226675699
3879,2,196,2,0,1.0,0.0,0.0,2,34.0,19491.739768109757,0.0546932087420562,0.0,2,0.0667097570264589,0.0,0.0001427937220157
3880,2,196,2,0,1.0,0.0,0.0,2,38.0,4939.0,0.0451814115990012,3.214055745304024e-17,1,0.0519907079455424,0.0,0.0001937237033204
3881,2,196,3,0,1.0,0.0,0.0,3,37.0,2579.9773809523795,0.047525590702686,0.0,2,0.0566315664976543,0.0,0.0002069150888393
3882,2,196,2,0,1.0,0.0,0.0,2,38.0,7.416666666666666,0.0453723008532564,0.0,2,0.0527397391704373,0.0,0.0001510658916002
3883,2,196,2,0,1.0,0.0,0.0,2,39.0,37.41666666666666,0.0434239904361737,1.495721966700792e-17,2,0.049961452855264,0.0,0.0001697672672955
3884,2,196,2,0,1.0,1.0,0.0,2,34.0,0.0,0.0544448608019044,0.0,2,0.064651312209916,1.0,0.0001473217278868
3885,2,196,3,0,1.0,0.3333333333333333,0.0,3,34.0,15150.913636363632,0.0544490614701246,0.0,2,0.0648349443672325,0.3333333333333333,0.0002198851668546
3886,2,196,1,0,1.0,0.0,0.0,1,35.0,0.0,0.0518346746692129,0.0,1,0.0609728618769801,0.0,9.507195877424524e-05
3887,2,196,3,0,1.0,0.0,0.0,3,36.0,6632.917094996598,0.0493861718718758,0.0,2,0.0584400774907808,0.0,0.0002136425862999
3888,2,196,3,0,1.0,0.0,0.0,3,37.0,2089.5539636833714,0.0470642035764983,2.264846982991823e-17,2,0.0544157319203618,0.0,0.0002212304752826
3889,2,196,1,0,1.0,0.0,0.0,1,37.0,0.0,0.0474397879614335,1.1730451800194052e-18,1,0.0550102127052481,0.0,9.95070054550676e-05
3890,2,196,3,0,1.0,0.0,0.0,3,37.0,3148.12979700044,0.0474972597734746,1.1131857687549246e-17,2,0.0560364890604716,0.0,0.0002269042021571
3891,2,196,2,0,1.0,0.0,0.0,2,35.0,6197.54785353535,0.0518477313993639,0.0,2,0.0613806120215726,0.0,0.0001557520387551
3892,2,196,2,0,1.0,0.0,0.0,2,34.0,2513.5833333333308,0.0544400608318088,0.0,2,0.0644967788215769,0.0,0.0001530294801003
3893,2,196,3,0,1.0,0.0,0.0,3,35.0,20369.943158475508,0.0524082325482707,0.0,2,0.0642278454481906,0.0,0.000201603238674
3894,2,196,2,0,1.0,0.0,0.0,2,34.0,4895.933333333325,0.0544430607139314,0.0,2,0.0646631205769876,0.0,0.0001528123493911
3895,2,196,13,0,1.0,0.07692307692307693,0.0,13,34.0,98902.2136392036,0.0545699578021783,6.747969682068517e-17,2,0.0676428432834319,0.0769230769230769,0.0007716078251477
3896,2,196,2,0,1.0,0.0,0.0,2,35.0,4939.0,0.0518357624788827,8.60146314684648e-18,1,0.0611078146435119,0.0,0.0001892390634706
3897,2,196,3,0,1.0,0.0,0.0,3,37.0,673.5957320457314,0.0475351943265687,1.3559656283920513e-17,2,0.0563681676158344,0.0,0.0002187489950754
3898,2,196,3,0,1.0,0.0,0.0,3,36.0,3305.0373247595858,0.049887903698168,0.0,2,0.0605564272695883,0.0,0.0002048396261363
3899,2,196,1,0,1.0,0.0,0.0,1,36.0,0.0,0.0492026971842909,4.740634948443432e-18,1,0.0567439901772852,0.0,9.038354037846273e-05
3900,2,196,3,0,1.0,0.3333333333333333,0.0,3,35.0,4939.0,0.0517483396534746,0.0,2,0.0614521621538516,0.3333333333333333,0.0002118540469373
3901,2,196,3,0,1.0,0.0,0.0,3,36.0,13287.880194805197,0.0493555799780197,7.747777362861084e-18,2,0.0579936306627551,0.0,0.0002209828856673
3902,2,196,3,0,1.0,0.3333333333333333,0.0,3,36.0,1389.1486471861465,0.0493476914470661,0.0,2,0.0579119236832748,0.3333333333333333,0.0002141649881684
3903,2,196,5,0,1.0,0.1,0.0,5,36.0,4013.0783369408346,0.0493945665976742,9.526375960778933e-18,2,0.0588396413771868,0.1,0.0003257827208143
3904,2,196,8,0,1.0,0.07142857142857142,0.0,8,33.0,81702.54582554607,0.0575737445077677,1.8702708768853002e-17,2,0.0710166763239222,0.0714285714285714,0.0005144725038298
3905,2,196,3,0,1.0,0.3333333333333333,0.0,3,32.0,85983.7572974075,0.0610162792421135,0.0,2,0.0766064251650875,0.3333333333333333,0.0001890882355647
3906,2,196,2,0,1.0,0.0,0.0,2,35.0,293.700432900433,0.0518738646029129,0.0,2,0.0620234902859088,0.0,0.0001438221854013
3907,2,196,2,0,1.0,0.0,0.0,2,35.0,8725.832589178402,0.0519436821130774,0.0,2,0.0625523619989915,0.0,0.0001394217084674
3908,2,196,3,0,1.0,0.0,0.0,3,37.0,13987.666420382162,0.0475805208814917,9.105653508553877e-18,2,0.057045640727518,0.0,0.0002230906313748
3909,2,196,2,0,1.0,0.0,0.0,2,38.0,61.941773504273385,0.0453456458082815,0.0,2,0.0523279725744604,0.0,0.0001573297190207
3910,2,196,2,0,1.0,0.0,0.0,2,38.0,2857.950798221443,0.0453706339949118,1.2984275391621956e-17,2,0.0527026271596411,0.0,0.000164591038363
3911,2,196,2,0,1.0,0.0,0.0,2,36.0,1548.8801587301573,0.04990856831109,0.0,2,0.0607855256565816,0.0,0.0001396279189172
3912,2,196,2,0,1.0,0.0,0.0,2,36.0,96.60238095238094,0.0498340546157027,0.0,2,0.0596890344285108,0.0,0.0001446843352766
3913,2,196,2,0,1.0,0.0,0.0,2,37.0,486.775324675324,0.0474931500264384,0.0,2,0.0560162534481307,0.0,0.0001454207992235
3914,2,196,2,0,1.0,0.0,0.0,2,35.0,10226.580303030292,0.0516455484464517,1.2531925842700909e-17,2,0.0600289019907119,0.0,0.0001700058868033
3915,2,196,2,0,1.0,0.0,0.0,2,36.0,7.499999999999999,0.0498159632935007,0.0,2,0.0594215387662783,0.0,0.0001439022999825
3916,2,196,5,0,1.0,0.1,0.0,5,36.0,24231.15204974701,0.0498738011105502,0.0,2,0.0608609546135895,0.1,0.0003211737652703
3917,2,196,3,0,1.0,0.0,0.0,3,37.0,10220.60079822116,0.0475095932832591,0.0,2,0.0562733793631514,0.0,0.0002191119624099
3918,2,196,6,0,1.0,0.0,0.0,6,35.0,44188.77466751285,0.0524873031726131,1.2475037132567758e-17,2,0.0658059895263344,0.0,0.0003763741730955
3919,2,196,2,0,1.0,0.0,0.0,2,35.0,4936.5,0.0517483396534746,0.0,2,0.0613846857705857,0.0,0.0001485415902594
3920,2,196,2,0,1.0,1.0,0.0,2,35.0,0.0,0.0517472555099304,0.0,2,0.0613172093873198,1.0,0.0001353069094086
3921,2,196,2,0,1.0,1.0,0.0,2,37.0,0.0,0.0471041440204435,0.0,2,0.0549336934909548,1.0,0.0001447463395401
3922,2,196,3,0,1.0,0.3333333333333333,0.0,3,37.0,90.98571428571424,0.0472921872157921,0.0,2,0.055810170856842,0.3333333333333333,0.0002047070873524
3923,2,196,3,0,1.0,0.0,0.0,3,36.0,5570.1383740585225,0.0493358633776091,3.744533137881949e-17,2,0.0577446983085595,0.0,0.0002415837914811
3924,2,196,1,0,1.0,0.0,0.0,1,37.0,0.0,0.0470167223443641,7.2926690049456065e-19,1,0.0536927897702942,0.0,9.880696799922382e-05
3925,2,196,3,0,1.0,0.0,0.0,3,37.0,10149.820670995674,0.0473180076628352,1.2008354453314777e-17,2,0.0557400947341343,0.0,0.0002385116308193
3926,2,196,1,0,1.0,0.0,0.0,1,37.0,0.0,0.0471270618089541,0.0,1,0.0549245820445964,0.0,9.017470949347812e-05
3927,2,196,3,0,1.0,0.3333333333333333,0.0,3,35.0,2799.8242424240416,0.0517651496893043,0.0,2,0.0618095459980778,0.3333333333333333,0.0001906899719469
3928,2,196,2,0,1.0,1.0,0.0,2,34.0,0.0,0.05423862800426,0.0,2,0.0633357401301734,1.0,0.0001481256085338
3929,2,196,1,0,1.0,0.0,0.0,1,37.0,0.0,0.0469265039754538,4.798605273120666e-19,1,0.0534358958544932,0.0,9.703828244746036e-05
3930,2,196,3,0,1.0,0.3333333333333333,0.0,3,37.0,7697.478603259259,0.0470704818530905,0.0,2,0.0546831545562054,0.3333333333333333,0.0002185534112797
3931,2,196,2,0,1.0,1.0,0.0,2,38.0,0.0,0.0449671393981321,0.0,2,0.0513693365002387,1.0,0.0001549764330693
3932,2,196,2,0,1.0,0.0,0.0,2,37.0,3256.756565656717,0.04713830416611,0.0,2,0.0552442163014776,0.0,0.0001611351538227
3933,2,196,2,0,1.0,0.0,0.0,2,36.0,2489.5667742316987,0.0498743046370988,0.0,2,0.0601351818483426,0.0,0.0001456567835394
3934,2,196,1,0,1.0,0.0,0.0,1,36.0,0.0,0.0493802479008396,0.0,1,0.0580149762762059,0.0,8.667109435866987e-05
3935,2,196,2,0,1.0,1.0,0.0,2,36.0,0.0,0.0494271849517234,0.0,2,0.0587372948932614,1.0,0.0001464520990566
3936,2,196,2,0,1.0,0.0,0.0,2,34.0,2456.916666666666,0.0542392235226948,0.0,2,0.0633694783218063,0.0,0.0001500936769042
3937,2,196,2,0,1.0,0.0,0.0,2,35.0,105.5,0.0521537162162162,0.0,2,0.0631055558621767,0.0,0.0001532346032786
3938,2,196,3,0,1.0,0.0,0.0,3,33.0,7852.1380952381,0.0575569744139441,0.0,2,0.0701482319028464,0.0,0.0002063488515287
3939,2,196,1,0,1.0,0.0,0.0,1,34.0,0.0,0.0548663327298777,0.0,1,0.0663686459608016,0.0,9.368370497139886e-05
3940,2,196,1,0,1.0,0.0,0.0,1,34.0,0.0,0.0548663327298777,0.0,1,0.0663686459608016,0.0,9.368370497139886e-05
3941,2,196,1,0,1.0,0.0,0.0,1,34.0,0.0,0.0548663327298777,0.0,1,0.0663686459608016,0.0,9.368370497139886e-05
3942,2,196,1,0,1.0,0.0,0.0,1,37.0,0.0,0.0470355241985394,9.701046204551441e-19,1,0.0537972860387582,0.0,0.0001015332676341
3943,2,196,3,0,1.0,0.0,0.0,3,36.0,8286.265764790689,0.0493565662217248,4.0749168221004703e-17,2,0.0578800235096742,0.0,0.0002512060254867
3944,2,196,2,0,1.0,0.0,0.0,2,34.0,19373.08636363638,0.0542457750886709,0.0,2,0.0635092508299999,0.0,0.0001643449439109
3945,2,196,1,0,1.0,0.0,0.0,1,37.0,0.0,0.0470592718196886,0.0,1,0.0541763587204624,0.0,8.999368776466014e-05
3946,2,196,1,0,1.0,0.0,0.0,1,33.0,0.0,0.0573744788097699,0.0,1,0.0685904397175238,0.0,8.901602978909899e-05
3947,26,102,1,0,1.0,0.0,0.0,1,30.0,0.0,0.055337119557303,3.624257018201535e-19,1,0.0594721844294123,0.0,0.0001016599461799
3948,26,102,3,0,1.0,0.0,0.0,3,34.0,3816.6291856370367,0.0484893696381947,9.504306095248198e-18,2,0.0539103923472938,0.0,0.0002249549305603
3949,32,77,2,0,1.0,0.0,0.0,2,38.0,18129.30123211997,0.0485031762707537,3.2009857614861256e-17,2,0.0524124967604727,0.0,0.0001924490117894
3950,32,77,2,0,1.0,0.0,0.0,2,37.0,21046.040542843693,0.0499363160342073,1.7752315990451072e-17,2,0.0542425726701016,0.0,0.0001865653772559
3951,32,77,2,0,1.0,0.0,0.0,2,35.0,54613.99814516954,0.0515695301326819,1.0883203412988962e-17,2,0.0565987878125185,0.0,0.0001762215135248
3952,26,102,1,0,1.0,0.0,0.0,1,31.0,0.0,0.0531234205460743,0.0,1,0.0578067620907093,0.0,0.0001010908356884
3953,26,102,2,0,1.0,1.0,0.0,2,33.0,0.0,0.0499459087829981,0.0,2,0.0555891585326774,1.0,0.0001455066754377
3954,26,102,4,0,1.0,0.16666666666666666,0.0,4,29.0,13543.589643684076,0.058880320385225,0.0,2,0.0651685796433529,0.1666666666666666,0.0002891872787828
3955,26,102,3,0,1.0,0.0,0.0,3,34.0,11243.913252074432,0.0474949764928709,1.2180664787189173e-17,2,0.0524779517910095,0.0,0.0002680128862599
3956,26,102,3,0,1.0,0.0,0.0,3,33.0,10636.51862989933,0.0503670473083197,0.0,2,0.0563916725172436,0.0,0.0002244078675249
3957,26,102,6,0,1.0,0.0,0.0,6,32.0,66965.62902860568,0.053025911852472,0.0,2,0.0605844600020902,0.0,0.0004227209806398
3958,26,102,3,0,1.0,0.0,0.0,3,35.0,6908.083609201252,0.0475265051663427,0.0,2,0.0523644218825114,0.0,0.0002403013762021
3959,26,102,5,0,1.0,0.0,0.0,5,34.0,32050.5031632583,0.0498934461827473,0.0,2,0.0559391945292546,0.0,0.000379510219138
3960,9,153,2,1,0.6666666666666666,0.0,0.4444444444444444,3,31.0,147543.0546594342,0.0560338471659804,0.0,2,0.0659254160079548,0.0,0.0002100230679224
3961,26,102,2,0,1.0,0.0,0.0,2,32.0,14249.028902114367,0.0519376747902517,0.0,2,0.0590377099784841,0.0,0.0001609226558676
3962,26,102,3,1,0.75,0.0,0.375,4,31.0,150585.50728458687,0.0547756858048921,5.6828155751512976e-18,2,0.0637140619560819,0.0,0.0002742542900801
3963,26,102,2,0,1.0,0.0,0.0,2,34.0,2980.38305746541,0.047957905773394,1.4439694851991035e-17,2,0.0528111339354575,0.0,0.0001657104420295
3964,26,102,1,0,1.0,0.0,0.0,1,34.0,0.0,0.049412353088272,0.0,1,0.0546073808522627,0.0,9.614659831069288e-05
3965,26,102,3,0,1.0,0.0,0.0,3,33.0,13726.587723238606,0.051980302201271,0.0,2,0.0587732285786911,0.0,0.0002321942514039
3966,26,102,5,0,1.0,0.1,0.0,5,28.0,303750.6142576991,0.062552232380277,0.0,2,0.0703429668514416,0.1,0.0003495123692941
3967,26,102,1,0,1.0,0.0,0.0,1,35.0,0.0,0.0460584588131089,0.0,1,0.050458105745606,0.0,0.000104526493094
3968,26,102,1,0,1.0,0.0,0.0,1,35.0,0.0,0.0460584588131089,0.0,1,0.050458105745606,0.0,0.000104526493094
3969,26,102,4,0,1.0,0.0,0.0,4,34.0,16042.091926021283,0.0482817936588607,3.925035491135285e-17,2,0.0540588561408393,0.0,0.0003490271341858
3970,26,102,2,0,1.0,0.0,0.0,2,34.0,2425.035533525712,0.0482766034379977,0.0,2,0.0537542484678108,0.0,0.0001630196853401
3971,26,102,4,0,1.0,0.0,0.0,4,33.0,52809.29412621331,0.0507181651112411,0.0,2,0.0576346787981085,0.0,0.0003060559266163
3972,26,102,3,0,1.0,0.0,0.0,3,35.0,70.83333333333334,0.0461087569303141,1.2897260614895233e-17,2,0.0509992954276266,0.0,0.0002386749665454
3973,26,102,3,0,1.0,0.0,0.0,3,29.0,8371.800357969809,0.058578001233221,4.0892135897408025e-17,2,0.0639143365907298,0.0,0.0002516531262365
3974,26,102,1,0,1.0,0.0,0.0,1,30.0,0.0,0.0553253443834695,5.210058606032078e-18,1,0.0593112050579066,0.0,0.0001171176646641
3975,32,77,3,0,1.0,0.0,0.0,3,36.0,66064.62352390413,0.0517050093152749,4.3212383869167916e-17,2,0.0567960478667911,0.0,0.0002626458358794
3976,26,102,1,0,1.0,0.0,0.0,1,34.0,0.0,0.0498848810437452,0.0,1,0.0551800852175133,0.0,9.321636564458936e-05
3977,26,102,1,0,1.0,0.0,0.0,1,34.0,0.0,0.0498848810437452,0.0,1,0.0551800852175133,0.0,9.321636564458936e-05
3978,26,102,2,0,1.0,0.0,0.0,2,34.0,5478.554629147828,0.0498944540395317,0.0,2,0.0555444576871491,0.0,0.0001569535959699
3979,26,102,7,1,0.875,0.0,0.21875,8,33.0,87885.91986315759,0.0525034807469523,6.05462456120262e-18,2,0.0599175378582805,0.0,0.0005916060100236
3980,32,77,1,1,0.5,0.0,0.5,2,34.0,54996.71481183622,0.0518026048111407,0.0,2,0.0574877302727393,0.0,0.0001681105088926
3981,26,102,2,0,1.0,0.0,0.0,2,34.0,792.6971495253601,0.0490936555891238,0.0,2,0.0547601548210626,0.0,0.0001432457713367
3982,30,96,2,1,0.6666666666666666,0.0,0.4444444444444444,3,33.0,66082.45376425558,0.0591305180503686,4.0904447068451315e-17,2,0.0659211048000997,0.0,0.0002569341350132
3983,26,102,3,0,1.0,0.3333333333333333,0.0,3,33.0,1762.2847655521646,0.0499514641643746,0.0,2,0.0558135175070364,0.3333333333333333,0.0002090076353117
3984,26,102,2,0,1.0,0.0,0.0,2,28.0,13076.300357969862,0.0622056564333744,0.0,2,0.0684487738225404,0.0,0.0001651340996374
3985,26,102,4,0,1.0,0.0,0.0,4,27.0,342994.9800918588,0.0663238591356416,5.94273189384619e-17,2,0.0743694923384443,0.0,0.000298701898624
3986,26,102,2,0,1.0,0.0,0.0,2,28.0,14811.0,0.0622040898559484,0.0,1,0.068421783269234,0.0,0.0001805918181217
3987,26,102,1,1,0.5,0.0,0.5,2,26.0,346687.9800918594,0.0707138665025265,3.589220876575427e-16,2,0.0794320907179158,0.0,0.0001458660087453
3988,26,102,2,0,1.0,0.0,0.0,2,33.0,1.0,0.0480474638914555,3.074183281225584e-17,2,0.0516378720851842,0.0,0.0001823766993612
3989,26,102,1,0,1.0,0.0,0.0,1,33.0,0.0,0.0503562654814935,0.0,1,0.0558552352702798,0.0,9.02436993368974e-05
3990,9,153,2,0,1.0,0.0,0.0,2,35.0,3.5,0.047396547919445,3.453167286570221e-17,2,0.0528010344485774,0.0,0.0001812504708465
3991,9,153,2,0,1.0,0.0,0.0,2,34.0,4929.5,0.0497477366793889,2.873661095651929e-17,2,0.0560936950665988,0.0,0.0001784132719434
3992,26,102,4,0,1.0,0.0,0.0,4,35.0,10101.095599615312,0.0464163565978877,5.2079763147647956e-17,2,0.0514207797176547,0.0,0.0003348743374261
3993,9,153,1,0,1.0,0.0,0.0,1,34.0,0.0,0.0497517448359904,0.0,1,0.0560763439966161,0.0,9.751840652091716e-05
3994,32,77,2,0,1.0,0.0,0.0,2,36.0,53962.63543272223,0.0523571307444463,1.480953133272359e-17,2,0.0573767685542257,0.0,0.0001837721887484
3995,26,102,3,0,1.0,0.0,0.0,3,30.0,2441.345954034842,0.055616225527172,0.0,2,0.0608686872387719,0.0,0.000228359832558
3996,26,102,2,0,1.0,0.0,0.0,2,36.0,1.0,0.0453706339949118,2.9546600565617617e-17,2,0.0492084669237038,0.0,0.0001761544017965
3997,26,102,2,0,1.0,0.0,0.0,2,35.0,4934.666666666667,0.0475242190731815,0.0,2,0.0521619927327136,0.0,0.0001697405850964
3998,32,77,2,0,1.0,0.0,0.0,2,39.0,15723.684206491247,0.0473252605763335,3.2089121627297773e-17,2,0.0511541216668565,0.0,0.0001948247044143
3999,26,102,2,0,1.0,0.0,0.0,2,35.0,16.133333333333333,0.0462382298433141,1.2863885296171765e-17,2,0.0505035857149386,0.0,0.000168870554866
4000,26,102,5,0,1.0,0.1,0.0,5,32.0,17570.237112002298,0.0525682908920647,0.0,2,0.0600001862675765,0.1,0.0003289977550184
4001,26,102,2,0,1.0,0.0,0.0,2,31.0,15836.786598534112,0.0539749136838424,0.0,2,0.0604341422103257,0.0,0.0001442416948879
4002,26,102,3,0,1.0,0.0,0.0,3,33.0,45051.80593988927,0.0521339018109671,0.0,2,0.0594491483208003,0.0,0.0002125621535397
4003,9,153,2,0,1.0,0.0,0.0,2,33.0,9863.0,0.0523488083758093,0.0,2,0.0600909090035047,0.0,0.0001671143405977
4004,26,102,2,0,1.0,0.0,0.0,2,32.0,34632.24357203195,0.0539949721281014,0.0,2,0.0615219106784947,0.0,0.0001425257402106
4005,26,102,2,0,1.0,0.0,0.0,2,34.0,2349.7022001923783,0.0482643400779654,0.0,2,0.0534967136050128,0.0,0.0001597001799842
4006,26,102,2,0,1.0,0.0,0.0,2,33.0,23.583333333333336,0.0480610199832662,1.6181334701902164e-17,2,0.0518029409344636,0.0,0.0001794372654991
4007,26,102,3,0,1.0,0.0,0.0,3,32.0,19095.43898478329,0.0504854368932038,2.1647057201139252e-17,2,0.0550823177276621,0.0,0.0002525962630273
4008,26,102,2,0,1.0,0.0,0.0,2,33.0,6981.805555555568,0.0503639663152743,0.0,2,0.0562398506548953,0.0,0.0001547604365902
4009,26,102,4,0,1.0,0.16666666666666666,0.0,4,35.0,2873.5588192001223,0.047558991441307,3.4283865361742645e-17,2,0.0530828540756761,0.1666666666666666,0.0002823966020264
4010,26,102,2,0,1.0,0.0,0.0,2,33.0,448.2573127793833,0.0525001328444657,0.0,2,0.0593880018659987,0.0,0.0001396706623246
4011,26,102,2,0,1.0,0.0,0.0,2,35.0,4939.0,0.0475237618809404,0.0,1,0.0521282545410806,0.0,0.0001889306573004
4012,26,102,3,0,1.0,0.0,0.0,3,34.0,15547.348869384958,0.0486632385680792,0.0,2,0.0544419714579927,0.0,0.0002269736331582
4013,26,102,1,0,1.0,0.0,0.0,1,36.0,0.0,0.0443578438855316,0.0,1,0.0482065315196865,0.0,0.0001015190237826
4014,26,102,2,0,1.0,0.0,0.0,2,33.0,116.56832056832052,0.0507061914928559,0.0,2,0.0571254730915341,0.0,0.000139312985404
4015,9,153,3,0,1.0,0.0,0.0,3,34.0,4952.0,0.0497557536385153,9.202747157057485e-18,2,0.056447464104578,0.0,0.0002443680862468
4016,26,102,2,0,1.0,0.0,0.0,2,36.0,3.333333333333333,0.0453718841271882,1.2278841021226193e-17,2,0.049269195668643,0.0,0.000173309237767
4017,26,102,1,0,1.0,0.0,0.0,1,36.0,0.0,0.0453681339370172,1.6150081513978006e-17,1,0.0489959163164164,0.0,0.0001106537564322
4018,26,102,2,0,1.0,1.0,0.0,2,35.0,0.0,0.046720133161837,0.0,2,0.0512686481836685,1.0,0.0001491362582296
4019,26,102,1,0,1.0,0.0,0.0,1,34.0,0.0,0.0498994939342821,0.0,1,0.0554226339800448,0.0,9.134982355264436e-05
4020,26,102,4,0,1.0,0.0,0.0,4,33.0,39306.19950016098,0.0525196682968318,0.0,2,0.0599493911251236,0.0,0.0002870192775202
4021,26,102,1,0,1.0,0.0,0.0,1,36.0,0.0,0.0443578438855316,0.0,1,0.0482065315196865,0.0,0.0001015190237826
4022,9,153,2,0,1.0,0.0,0.0,2,33.0,38553.31352813851,0.056866582249338,0.0,2,0.0682375087446804,0.0,0.0001436717752861
4023,9,153,2,0,1.0,0.0,0.0,2,32.0,134834.44225557346,0.0576261300670749,0.0,2,0.0689620477210395,0.0,0.0001422478382553
4024,9,153,2,0,1.0,0.0,0.0,2,35.0,1879.2659090909096,0.0510784374547635,0.0,2,0.0586726525749669,0.0,0.0001726538988551
4025,9,153,2,0,1.0,0.0,0.0,2,35.0,11.0,0.04740018614648,1.5315092181476358e-17,2,0.0529118885068,0.0,0.0001766273016259
4026,9,153,2,0,1.0,0.0,0.0,2,34.0,701.3685395930786,0.0497597630871198,0.0,2,0.0563934829979654,0.0,0.0001708963135343
4027,26,102,1,0,1.0,0.0,0.0,1,34.0,0.0,0.0498848810437452,0.0,1,0.0551800852175133,0.0,9.321636564458936e-05
4028,26,102,3,0,1.0,0.0,0.0,3,33.0,23936.788550607147,0.0507077529485429,0.0,2,0.0572758490313838,0.0,0.0002178260437066
4029,26,102,7,0,1.0,0.0,0.0,7,32.0,103466.82799353132,0.0534048280559129,0.0,2,0.0617949313315856,0.0,0.0004552968335369
4030,26,102,4,0,1.0,0.0,0.0,4,30.0,201627.7527271971,0.0569787425460501,0.0,2,0.0646629791543317,0.0,0.0002727239974366
4031,26,102,3,0,1.0,0.0,0.0,3,31.0,123512.52833733146,0.0545115478410558,0.0,2,0.0622593414288576,0.0,0.0002034835928643
4032,26,102,1,0,1.0,0.0,0.0,1,33.0,0.0,0.0506978653530377,0.0,1,0.05673941178442,0.0,8.564427115192075e-05
4033,9,153,4,0,1.0,0.0,0.0,4,33.0,18569.10263050216,0.0523560209424083,5.1383374910265585e-18,2,0.0605058887605897,0.0,0.0003160479032533
4034,9,153,5,0,1.0,0.0,0.0,5,32.0,48751.97117009506,0.0552368812407053,1.7275445254665477e-17,2,0.0651525187101675,0.0,0.0003584145467193
4035,30,96,2,0,1.0,0.0,0.0,2,34.0,10266.285629183623,0.0572236122694838,1.4184957253928425e-17,2,0.0634601560227758,0.0,0.0001765521999446
4036,26,102,5,0,1.0,0.1,0.0,5,32.0,55539.33396951106,0.0542576910826276,0.0,2,0.0619206407862132,0.1,0.0003169910381716
4037,26,102,3,0,1.0,0.3333333333333333,0.0,3,34.0,5613.2890632460085,0.049006477981806,0.0,2,0.0545987182386764,0.3333333333333333,0.0002074191290097
4038,26,102,5,0,1.0,0.1,0.0,5,33.0,15577.11644106602,0.0515248863114856,0.0,2,0.0584453835941184,0.1,0.0003156983191303
4039,26,102,2,0,1.0,0.0,0.0,2,31.0,53247.3095151376,0.0552381165367713,0.0,2,0.0621589272396133,0.0,0.0001422005530239
4040,26,102,3,0,1.0,0.0,0.0,3,30.0,43116.90807397867,0.0561032117385181,0.0,2,0.062253060216253,0.0,0.0002496445009727
4041,26,102,6,0,1.0,0.0,0.0,6,29.0,263943.1492436247,0.0594207082371054,9.540180252151424e-18,2,0.0671707974300844,0.0,0.0004445232730564
4042,26,102,1,0,1.0,0.0,0.0,1,30.0,0.0,0.0560885608856088,0.0,1,0.0617477103030084,0.0,9.333235742923204e-05
4043,26,102,1,0,1.0,0.0,0.0,1,30.0,0.0,0.0560885608856088,0.0,1,0.0617477103030084,0.0,9.333235742923204e-05
4044,26,102,1,0,1.0,0.0,0.0,1,34.0,0.0,0.0470583752476756,1.759855925662993e-18,1,0.0518549548159471,0.0,0.0001026436192255
4045,26,102,3,0,1.0,0.0,0.0,3,33.0,9363.528902114387,0.0493817287603586,5.927353582969861e-17,2,0.0554148154167852,0.0,0.0002551249134564
4046,26,102,2,0,1.0,0.0,0.0,2,34.0,1463.3006720111705,0.0478297493295121,0.0,2,0.0532196062542612,0.0,0.0001626528971561
4047,26,102,4,0,1.0,0.0,0.0,4,32.0,97885.63679752217,0.0532379217812072,0.0,2,0.0615757887716881,0.0,0.0002608186294398
4048,26,102,2,0,1.0,0.0,0.0,2,32.0,4914.416666666667,0.0504611990152915,1.5201312042311356e-17,2,0.0546539230229514,0.0,0.0001782532575165
4049,26,102,3,0,1.0,0.0,0.0,3,31.0,33299.90807397867,0.0531405643226729,1.1628358872109393e-17,2,0.0583559716530768,0.0,0.0002484174113239
4050,32,77,2,0,1.0,0.0,0.0,2,39.0,14973.450392477602,0.0469202640452106,3.11269869846493e-17,2,0.0508193329378026,0.0,0.0001945309348804
4051,32,77,2,0,1.0,0.0,0.0,2,37.0,18137.157015429457,0.0483910466767889,1.3678224429784805e-17,2,0.0528522602864666,0.0,0.0001845415186337
4052,32,77,3,0,1.0,0.0,0.0,3,36.0,20629.02218079824,0.0495655489334376,3.8982620824893924e-17,2,0.0547937247465687,0.0,0.0002569802933977
4053,32,77,2,0,1.0,0.0,0.0,2,38.0,16126.213035737794,0.0474644016987259,3.387325860524756e-17,2,0.0515207730324487,0.0,0.0001914640198231
4054,26,102,1,0,1.0,0.0,0.0,1,36.0,0.0,0.0433763291683862,1.5493878759653206e-17,1,0.0466058822279937,0.0,0.0001182523553432
4055,26,102,2,0,1.0,0.0,0.0,2,35.0,4939.0,0.0453427323126629,3.165776450763618e-17,1,0.0493481009400484,0.0,0.0002068097135616
4056,26,102,2,0,1.0,0.0,0.0,2,33.0,10547.768903524404,0.0486723483915463,0.0,2,0.0531729227232343,0.0,0.0001778641527109
4057,9,153,2,0,1.0,0.0,0.0,2,33.0,4928.5,0.0523482536453034,0.0,2,0.0600740399076882,0.0,0.0001630717765567
4058,9,153,2,0,1.0,0.0,0.0,2,34.0,2.5,0.0497512437810945,1.1996928917089732e-17,2,0.0561876800290047,0.0,0.0001689013565526
4059,26,102,2,0,1.0,0.0,0.0,2,31.0,7.0,0.0526877133105802,5.488856220421306e-18,2,0.0569011706185414,0.0,0.0001721137273296
4060,26,102,4,0,1.0,0.0,0.0,4,30.0,10982.756310350762,0.055614347150609,4.969575633956277e-17,2,0.0608686872387719,0.0,0.0003191950745503
4061,26,102,2,0,1.0,0.0,0.0,2,31.0,4.5,0.0526865894498837,2.7598965876644067e-17,2,0.0568336942352755,0.0,0.0001739448162545
4062,26,102,2,0,1.0,0.0,0.0,2,30.0,4934.5,0.0556105907780979,1.0058550949671445e-18,2,0.0605650435140756,0.0,0.0001657370707289
4063,26,102,2,0,1.0,0.0,0.0,2,29.0,15469.58250082696,0.0588768115942028,0.0,2,0.0649054217486163,0.0,0.0001576042832014
4064,26,102,2,0,1.0,1.0,0.0,2,29.0,0.0,0.0588754081948847,0.0,2,0.0648311977270239,1.0,0.0001512276266008
4065,26,102,3,0,1.0,0.0,0.0,3,31.0,682.9630952380945,0.0531319910514541,0.0,2,0.0583837654966601,0.0,0.0002302856104827
4066,26,102,2,0,1.0,0.0,0.0,2,30.0,2277.8608308525017,0.0560981149216443,0.0,2,0.0620918398576643,0.0,0.000158579947066
4067,32,77,1,1,0.5,0.0,0.5,2,34.0,60728.701647333175,0.0563283922462941,1.389962661043259e-17,2,0.0621000525353133,0.0,0.000182153873503
4068,32,77,2,0,1.0,0.0,0.0,2,35.0,57120.91371748095,0.0541447000668588,3.006407123453777e-17,2,0.0593341345848985,0.0,0.0001858768035364
4069,32,77,2,0,1.0,0.0,0.0,2,35.0,11623.800110366095,0.0511975458342401,0.0,2,0.0573094530875753,0.0,0.0001743434363516
4070,32,77,2,0,1.0,0.0,0.0,2,35.0,11623.800110366095,0.0511975458342401,0.0,2,0.0573094530875753,0.0,0.0001743434363515
4071,26,102,1,0,1.0,0.0,0.0,1,31.0,0.0,0.0526849037487335,0.0,1,0.0566987414687439,0.0,9.818718042153524e-05
4072,26,102,2,0,1.0,0.0,0.0,2,34.0,19744.0,0.048274244615565,0.0,1,0.0537171364570145,0.0,0.0001810824074833
4073,26,102,4,0,1.0,0.0,0.0,4,35.0,14814.0,0.0460541649186593,1.0919348723265231e-16,1,0.0507065634282742,0.0,0.0004032343341072
4074,26,102,1,0,1.0,0.0,0.0,1,36.0,0.0,0.0440269509108409,0.0,1,0.0476576259561357,0.0,0.0001160455230773
4075,26,102,1,0,1.0,0.0,0.0,1,36.0,0.0,0.0440269509108409,0.0,1,0.0476576259561357,0.0,0.0001160455230773
4076,26,102,1,0,1.0,0.0,0.0,1,36.0,0.0,0.0440269509108409,0.0,1,0.0476576259561357,0.0,0.0001160455230773
4077,26,102,1,0,1.0,0.0,0.0,1,30.0,0.0,0.0553253443834695,4.349285196584702e-18,1,0.0593112050579066,0.0,0.0001171176646641
4078,26,102,3,0,1.0,0.0,0.0,3,29.0,9877.0,0.0585648065820203,7.975697649972679e-17,1,0.0636478048768297,0.0,0.0003062097797103
4079,26,102,2,0,1.0,0.0,0.0,2,34.0,4802.682034639598,0.0499252132433197,0.0,2,0.0562665139010931,0.0,0.0001429628957375
4080,26,102,5,0,1.0,0.1,0.0,5,33.0,54402.11234486298,0.0525420123378004,0.0,2,0.060678246708875,0.1,0.0003093846513373
4081,16,133,1,0,1.0,0.0,0.0,1,33.0,0.0,0.0573132388941097,0.0,1,0.066693574705367,0.0,9.143349334152554e-05
4082,16,133,1,0,1.0,0.0,0.0,1,33.0,0.0,0.0573305325704736,0.0,1,0.0666251158363008,0.0,9.051664206127612e-05
4083,16,133,1,0,1.0,0.0,0.0,1,33.0,0.0,0.0573305325704736,0.0,1,0.0666251158363008,0.0,9.051664206127612e-05
4084,16,133,5,0,1.0,0.1,0.0,5,32.0,10738.676939563706,0.0608164672280494,0.0,3,0.0730792501912822,0.1,0.0003538730293039
4085,16,133,1,0,1.0,0.0,0.0,1,33.0,0.0,0.0573132388941097,0.0,1,0.066693574705367,0.0,9.143349334152554e-05
4086,16,133,5,0,1.0,0.1,0.0,5,32.0,13175.360966811064,0.0607970069165825,0.0,3,0.0732357064206129,0.1,0.0003592662721289
4087,16,133,4,0,1.0,0.16666666666666666,0.0,4,30.0,101840.09090909084,0.0674310674310674,0.0,2,0.0817104663338996,0.1666666666666666,0.0002765861674035
4088,16,133,2,0,1.0,0.0,0.0,2,32.0,14811.0,0.0594550356248796,4.338440537055857e-19,1,0.0684504195377091,0.0,0.0001819731872998
4089,16,133,3,0,1.0,0.3333333333333333,0.0,3,31.0,19744.0,0.0632077282323587,0.0,2,0.0747338679171048,0.3333333333333333,0.0002277692107041
4090,16,133,5,0,1.0,0.2,0.0,5,32.0,17356.577739180157,0.060436266653617,0.0,3,0.0731933161193874,0.2,0.0003206633718089
4091,16,133,1,0,1.0,0.0,0.0,1,34.0,0.0,0.0531903439067984,0.0,1,0.0593333707922515,0.0,0.0001070473034276
4092,16,133,4,0,1.0,0.0,0.0,4,33.0,9878.0,0.0561778586455904,7.741335396122271e-17,2,0.0640068647648942,0.0,0.0003608897710497
4093,32,77,2,0,1.0,0.0,0.0,2,32.0,7652.223118711353,0.0621493093123317,0.0,2,0.0727532778073261,0.0,0.0001652334001339
4094,32,77,2,0,1.0,0.0,0.0,2,31.0,39456.0,0.0629901179470832,0.0,1,0.0739946947911125,0.0,0.0001778326452816
4095,32,77,1,0,1.0,0.0,0.0,1,35.0,0.0,0.0508277515407805,0.0,1,0.0566996892336182,0.0,0.0001015323532222
4096,32,77,1,0,1.0,0.0,0.0,1,34.0,0.0,0.0534106021126379,0.0,1,0.0604109244342022,0.0,0.000100442643063
4097,29,100,5,0,1.0,0.1,0.0,5,33.0,24682.0,0.0568567646889566,6.039436423541788e-17,2,0.0660969520113988,0.1,0.0004260443930356
4098,32,77,4,0,1.0,0.0,0.0,4,33.0,14814.0,0.0562213345169403,5.076657436604845e-17,1,0.0645921967037582,0.0,0.0003810462791637
4099,16,133,3,1,0.75,0.0,0.375,4,31.0,32282.861566994943,0.0644143380579207,0.0,3,0.0787523487747138,0.0,0.0002543457470621
4100,29,100,4,0,1.0,0.0,0.0,4,32.0,14814.0,0.0603329302995884,7.164911700152835e-17,1,0.0717329029383265,0.0,0.000360749029392
4101,29,100,3,1,0.75,0.0,0.375,4,31.0,37295.78911605481,0.0642008681412938,0.0,2,0.0788002640734315,0.0,0.0002705714962714
4102,32,77,4,0,1.0,0.0,0.0,4,32.0,11935.31956801368,0.0607155586691739,0.0,2,0.0711379692374056,0.0,0.0003215731578651
4103,32,77,3,0,1.0,0.0,0.0,3,31.0,9877.0,0.0629804811504774,2.5167639883795646e-17,1,0.0738462467479276,0.0,0.0002857159071744
4104,32,77,1,0,1.0,0.0,0.0,1,32.0,0.0,0.0592496641719439,0.0,1,0.067655005623283,0.0,0.0001113110674456
4105,32,77,4,0,1.0,0.0,0.0,4,34.0,36601.2850692172,0.0535489745479772,5.5433701464506336e-18,2,0.0611048925184167,0.0,0.0003349370642008
4106,32,77,6,0,1.0,0.0,0.0,6,33.0,75218.50270990974,0.0564236111111111,7.120068947168279e-18,2,0.0657151231333116,0.0,0.0004947135245894
4107,32,77,2,0,1.0,0.0,0.0,2,34.0,9876.0,0.0534129120849416,0.0,1,0.0605964844881833,0.0,0.0001921460175669
4108,32,77,1,0,1.0,0.0,0.0,1,35.0,0.0,0.0507041097015231,1.415509407867708e-17,1,0.056374748718168,0.0,0.0001143582784835
4109,32,77,2,0,1.0,0.0,0.0,2,34.0,4939.0,0.0534117570738141,0.0,1,0.0605458772007339,0.0,0.0001976471797741
4110,16,133,5,0,1.0,0.0,0.0,5,32.0,45181.77594167205,0.061143910982387,0.0,3,0.0751051184975148,0.0,0.0003384700715352
4111,29,100,6,0,1.0,0.06666666666666667,0.0,6,32.0,102686.45182145076,0.0632020675008316,0.0,2,0.076770541771701,0.0666666666666666,0.000402811335103
4112,29,100,3,0,1.0,0.0,0.0,3,31.0,150080.06714654109,0.0670503284651718,0.0,2,0.0816609604343478,0.0,0.0002086452445678
4113,29,100,2,0,1.0,0.0,0.0,2,35.0,2547.72932332887,0.054430463430221,0.0,2,0.0635890212650338,0.0,0.0001690135931618
4114,29,100,4,0,1.0,0.0,0.0,4,34.0,14387.88697354433,0.05716203237639,4.5957039870823794e-17,2,0.0675804664811689,0.0,0.0003295136117488
4115,16,133,3,0,1.0,0.3333333333333333,0.0,3,31.0,4854.06183399932,0.0637995608937104,0.0,2,0.0772080552034496,0.3333333333333333,0.0001970892411475
4116,16,133,1,0,1.0,0.0,0.0,1,34.0,0.0,0.0531903439067984,0.0,1,0.0593333707922515,0.0,0.0001070473034276
4117,16,133,3,0,1.0,0.0,0.0,3,34.0,9877.0,0.0539713755052988,4.1101442913385416e-17,1,0.0617198401420959,0.0,0.0002908534676141
4118,16,133,4,0,1.0,0.16666666666666666,0.0,4,33.0,29613.0,0.0570471736243432,0.0,2,0.0667780312605608,0.1666666666666666,0.0003237262788948
4119,32,77,2,2,0.5,0.0,0.625,4,30.0,369024.4122662353,0.0707108299218459,0.0,2,0.0875560285845797,0.0,0.0002634557519718
4120,29,100,2,3,0.4,1.0,0.72,5,29.0,1916256.5080933175,0.075440579090437,0.0,2,0.0932519132033649,0.1,0.0003065893611604
4121,16,133,5,0,1.0,0.1,0.0,5,32.0,42703.84459707032,0.0593899902619651,0.0,2,0.0730974486142466,0.1,0.0003422397148304
4122,16,133,1,0,1.0,0.0,0.0,1,35.0,0.0,0.0512081601343436,1.5812630743883594e-18,1,0.057349961848534,0.0,0.0001127667095702
4123,16,133,1,0,1.0,0.0,0.0,1,35.0,0.0,0.0512081601343436,0.0,1,0.057349961848534,0.0,0.0001127667095702
4124,16,133,3,0,1.0,0.0,0.0,3,34.0,9877.0,0.0539713755052988,3.99728491855838e-17,1,0.0617198401420959,0.0,0.0002908534676141
4125,29,100,1,0,1.0,0.0,0.0,1,32.0,0.0,0.0599776601427808,0.0,1,0.0700217131232735,0.0,8.94511814688836e-05
4126,29,100,1,0,1.0,0.0,0.0,1,32.0,0.0,0.0599776601427808,0.0,1,0.0700217131232735,0.0,8.94511814688836e-05
4127,29,100,2,0,1.0,0.0,0.0,2,32.0,4938.999999999999,0.0599791165828901,0.0,1,0.0701566658898052,0.0,0.0001804394121119
4128,29,100,7,0,1.0,0.14285714285714285,0.0,7,31.0,21610.506215344703,0.0638036809815951,0.0,2,0.0772141561041075,0.1428571428571428,0.0004866478596764
4129,13,136,4,0,1.0,0.0,0.0,4,33.0,10525.971428571434,0.0602167314748223,6.0067571248575e-18,2,0.0725188968880164,0.0,0.0003229798103558
4130,16,133,1,0,1.0,0.0,0.0,1,33.0,0.0,0.0561108587005906,1.626820948735947e-17,1,0.0631670590465457,0.0,0.0001133654214147
4131,16,133,2,0,1.0,0.0,0.0,2,32.0,4939.0,0.0594457347083669,0.0,1,0.0684287307002308,0.0,0.0001953110454946
4132,16,133,2,0,1.0,0.0,0.0,2,32.0,1211.4918650793734,0.060436266653617,0.0,2,0.0713579070646938,0.0,0.0001546761761504
4133,16,133,2,0,1.0,0.0,0.0,2,32.0,957.631575369084,0.0603454594317265,0.0,2,0.0712180776840912,0.0,0.0001535926121215
4134,16,133,3,0,1.0,0.0,0.0,3,33.0,5301.900000000017,0.057304595967798,0.0,2,0.0675512467758277,0.0,0.0002482223503839
4135,16,133,1,0,1.0,0.0,0.0,1,34.0,0.0,0.0541993526797959,0.0,1,0.0621085524558204,0.0,0.0001006878930217
4136,29,100,2,0,1.0,1.0,0.0,2,33.0,0.0,0.0568534929220853,0.0,2,0.0657258319034367,1.0,0.0001679580875432
4137,16,133,4,0,1.0,0.0,0.0,4,33.0,34542.0,0.0573072550520869,0.0,1,0.0677368068298088,0.0,0.0003560827390387
4138,16,133,6,0,1.0,0.0,0.0,6,32.0,82850.41660561648,0.0607798024041241,0.0,3,0.074101824108593,0.0,0.0004319161267398
4139,32,77,2,0,1.0,0.0,0.0,2,32.0,14811.0,0.059392132345869,0.0,1,0.0688879297915189,0.0,0.0001813754617016
4140,16,133,1,0,1.0,0.0,0.0,1,34.0,0.0,0.0530891661561939,0.0,1,0.0614131283823087,0.0,0.0001073348104387
4141,16,133,1,0,1.0,0.0,0.0,1,34.0,0.0,0.0530891661561939,0.0,1,0.0614131283823087,0.0,0.0001073348104387
4142,16,133,1,0,1.0,0.0,0.0,1,34.0,0.0,0.0530891661561939,0.0,1,0.0614131283823087,0.0,0.0001073348104387
4143,16,133,4,0,1.0,0.0,0.0,4,33.0,14814.0,0.0560650081714181,5.2673858006524367e-17,1,0.0667760234543082,0.0,0.0003622427452195
4144,32,77,2,0,1.0,0.0,0.0,2,34.0,3247.1357414283743,0.0535681367180299,0.0,2,0.0613051943568121,0.0,0.0001772886950216
4145,32,77,2,0,1.0,0.0,0.0,2,33.0,7969.624522092159,0.0565573301276547,1.723353937153781e-17,2,0.0654153481578394,0.0,0.0001767254527968
4146,32,77,2,0,1.0,0.0,0.0,2,34.0,3333.895878513511,0.0537044083274446,2.8796885746429705e-17,2,0.0615162440917331,0.0,0.0001808142399024
4147,32,77,5,0,1.0,0.1,0.0,5,32.0,119459.376059391,0.0595654375768683,0.0,2,0.0702100551291616,0.1,0.0003929124735846
4148,29,100,2,1,0.6666666666666666,0.0,0.4444444444444444,3,33.0,21633.018647425823,0.0598911290811439,2.742484041451901e-17,2,0.0710438080958581,0.0,0.0002511226928114
4149,29,100,3,0,1.0,0.0,0.0,3,34.0,7670.207045264686,0.0569354002189823,1.3014490308516258e-17,2,0.0671350018481095,0.0,0.0002500598428439
4150,16,133,2,0,1.0,1.0,0.0,2,33.0,0.0,0.057514087458669,0.0,2,0.0694885204941472,1.0,0.0001483447000869
4151,32,77,7,0,1.0,0.0,0.0,7,31.0,187783.1429839692,0.0631366384213284,0.0,2,0.0757084086688114,0.0,0.0005276826041611
4152,32,77,5,0,1.0,0.0,0.0,5,30.0,263354.5382220624,0.0672090555359037,0.0,2,0.0814723040160561,0.0,0.0003889933261014
4153,16,133,2,0,1.0,0.0,0.0,2,33.0,4939.0,0.0570399279495646,0.0,1,0.0663394347693328,0.0,0.0001828617427414
4154,16,133,6,0,1.0,0.06666666666666667,0.0,6,32.0,49914.38888888872,0.0604880676878619,0.0,3,0.0728224694663841,0.0666666666666666,0.0004280485982037
4155,16,133,4,0,1.0,0.0,0.0,4,32.0,14814.0,0.0603240893382667,5.806034699014486e-17,1,0.0708935272025407,0.0,0.0003641206986122
4156,16,133,5,0,1.0,0.0,0.0,5,31.0,64633.42950987417,0.0641908573507627,0.0,3,0.0778099227234822,0.0,0.0003473005230541
4157,16,133,5,0,1.0,0.0,0.0,5,34.0,19750.0,0.0542064894165669,9.81420301666716e-17,1,0.0627259613627031,0.0,0.0004958383440661
4158,16,133,5,0,1.0,0.0,0.0,5,32.0,19288.33418803417,0.0601763874677191,4.038615580859781e-17,2,0.0711175102562153,0.0,0.0004181840957709
4159,16,133,2,0,1.0,1.0,0.0,2,33.0,0.0,0.0570432212099167,0.0,2,0.0664406493442316,1.0,0.0001597902794235
4160,16,133,4,0,1.0,0.3333333333333333,0.0,4,31.0,14339.94139484276,0.0640942470872148,0.0,3,0.0780111482185263,0.3333333333333333,0.0002647817929862
4161,16,133,2,0,1.0,0.0,0.0,2,32.0,4938.999999999998,0.0601705237515225,0.0,1,0.0706620446691707,0.0,0.0001799806470086
4162,16,133,6,0,1.0,0.06666666666666667,0.0,6,31.0,120874.3403966943,0.0640203206199862,0.0,3,0.0781386790998094,0.0666666666666666,0.0004150582459732
4163,32,77,3,1,0.75,0.0,0.375,4,29.0,393450.1676131521,0.0718597716197541,0.0,2,0.0887590469007309,0.0,0.0002685872906074
4164,29,100,4,3,0.5714285714285714,0.3333333333333333,0.6122448979591837,7,28.0,3518477.343582243,0.0768381266429204,0.0,3,0.0962544198326481,0.0952380952380952,0.0004113375800415
4165,32,77,3,0,1.0,0.0,0.0,3,31.0,9877.0,0.0629804811504774,2.9070905692462744e-17,1,0.0738462467479276,0.0,0.0002857159071744
4166,16,133,5,0,1.0,0.0,0.0,5,31.0,93758.0432900432,0.0632733048133821,0.0,2,0.0755861909202375,0.0,0.0003732685228229
4167,16,133,3,0,1.0,0.0,0.0,3,32.0,9877.0,0.0594471654291868,2.4603946972724705e-17,1,0.0685636834667624,0.0,0.0002904683408243
4168,16,133,1,0,1.0,0.0,0.0,1,33.0,0.0,0.0561121333969422,2.823047496150514e-19,1,0.0632176663339952,0.0,0.0001126575903131
4169,16,133,1,0,1.0,0.0,0.0,1,33.0,0.0,0.0561121333969422,4.477832741808003e-19,1,0.0632176663339952,0.0,0.0001126575903131
4170,32,77,1,0,1.0,0.0,0.0,1,34.0,0.0,0.0532287435215016,0.0,1,0.0596851180759243,0.0,0.0001038426885384
4171,32,77,3,0,1.0,0.3333333333333333,0.0,3,33.0,4939.0,0.0562206946783812,0.0,2,0.0644909821288594,0.3333333333333333,0.000259356922796
4172,16,133,7,1,0.875,0.14285714285714285,0.21875,8,30.0,220665.68521568665,0.0679691799669785,0.0,3,0.0843027826763644,0.1071428571428571,0.0004876361680233
4173,29,100,3,0,1.0,0.0,0.0,3,33.0,13062.912600820251,0.0596704836449727,0.0,2,0.0708700287705117,0.0,0.0002246567109358
4174,29,100,3,0,1.0,0.3333333333333333,0.0,3,29.0,120073.28197279957,0.0719906732730982,0.0,3,0.0883452222614639,0.3333333333333333,0.000184147517682
4175,32,77,3,0,1.0,0.0,0.0,3,33.0,9877.0,0.0560656444711784,6.86929902486294e-17,1,0.0637200733413955,0.0,0.0003068523170508
4176,32,77,1,0,1.0,0.0,0.0,1,34.0,0.0,0.0530897367006985,5.336772553762978e-18,1,0.0591658534489956,0.0,0.0001172997169106
4177,29,100,1,0,1.0,0.0,0.0,1,30.0,0.0,0.068244298009311,0.0,1,0.0799629442500403,0.0,9.331092923310856e-05
4178,29,100,1,0,1.0,0.0,0.0,1,30.0,0.0,0.068244298009311,0.0,1,0.0799629442500403,0.0,9.331092923310856e-05
4179,29,100,5,0,1.0,0.1,0.0,5,29.0,19749.0,0.0732416083501364,0.0,2,0.0890353097353941,0.1,0.0003703100126678
4180,16,133,4,0,1.0,0.16666666666666666,0.0,4,31.0,19747.0,0.0631964077831365,0.0,2,0.0747811013853909,0.1666666666666666,0.0003227775738568
4181,16,133,6,0,1.0,0.0,0.0,6,32.0,44405.0,0.0595216579312006,4.3993004691715385e-17,1,0.0695666037358767,0.0,0.0005438149550872
4182,16,133,3,0,1.0,0.0,0.0,3,32.0,9877.0,0.0594435887562572,4.463963412365737e-17,1,0.0684624688918637,0.0,0.0002904645290535
4183,16,133,1,0,1.0,0.0,0.0,1,33.0,0.0,0.056108946764649,6.213115605013567e-18,1,0.0631603114082191,0.0,0.0001126565103113
4184,32,77,2,0,1.0,0.0,0.0,2,35.0,4939.0,0.0507061914928559,4.657322125551166e-17,1,0.0565366920380061,0.0,0.0002157726458914
4185,32,77,1,0,1.0,0.0,0.0,1,36.0,0.0,0.048259625059836,1.8197827032232608e-17,1,0.0530027913756357,0.0,0.0001220616015834
4186,29,100,3,0,1.0,0.3333333333333333,0.0,3,31.0,4939.0,0.0635762271241409,0.0,2,0.0758491699583701,0.3333333333333333,0.0002202416820246
4187,16,133,8,0,1.0,0.10714285714285714,0.0,8,30.0,173769.23639220878,0.067442114460463,0.0,2,0.0825186319649394,0.1071428571428571,0.0005404485744692
4188,16,133,4,0,1.0,0.16666666666666666,0.0,4,31.0,16366.952380952373,0.0632247165126577,0.0,2,0.0752028287808025,0.1666666666666666,0.0002948222022814
4189,16,133,2,0,1.0,0.0,0.0,2,33.0,12.0,0.0561784975094957,0.0,2,0.0638719119983625,0.0,0.0001790291139115
4190,16,133,1,0,1.0,0.0,0.0,1,32.0,0.0,0.0598860467935507,0.0,1,0.0697308973949954,0.0,9.340044764453474e-05
4191,16,133,1,0,1.0,0.0,0.0,1,32.0,0.0,0.0598860467935507,0.0,1,0.0697308973949954,0.0,9.340044764453474e-05
4192,16,133,1,0,1.0,0.0,0.0,1,32.0,0.0,0.0598860467935507,0.0,1,0.0697308973949954,0.0,9.340044764453474e-05
4193,16,133,7,0,1.0,0.047619047619047616,0.0,7,31.0,45473.93809523807,0.0637000167631623,0.0,3,0.0770679978923397,0.0476190476190476,0.0005191712281818
4194,16,133,3,0,1.0,0.3333333333333333,0.0,3,30.0,62804.25864046544,0.0677566247874033,0.0,3,0.0821367480811801,0.3333333333333333,0.0001964087379379
4195,16,133,4,0,1.0,0.0,0.0,4,32.0,14814.0,0.0594485962188767,5.4567247927058776e-17,1,0.0686986362332941,0.0,0.0003849689852003
4196,16,133,5,0,1.0,0.1,0.0,5,31.0,44405.0,0.0632004503351926,0.0,2,0.0750172687268213,0.1,0.0004034835894852
4197,2,196,1,0,1.0,0.0,0.0,1,32.0,0.0,0.0607484105805531,0.0,1,0.073905587990566,0.0,8.357208400811026e-05
4198,2,196,1,0,1.0,0.0,0.0,1,32.0,0.0,0.0607484105805531,0.0,1,0.073905587990566,0.0,8.357208400811026e-05
4199,2,196,6,3,0.6666666666666666,0.06666666666666667,0.49382716049382713,9,31.0,1318905.1772338897,0.0646766169154228,0.0,2,0.0828296416908654,0.0277777777777777,0.0005634408380666
4200,29,100,1,0,1.0,0.0,0.0,1,34.0,0.0,0.053798571179648,0.0,1,0.0610016388054911,0.0,0.0001027857738956
4201,29,100,3,0,1.0,0.6666666666666666,0.0,3,32.0,986.652525252524,0.0615630023802699,0.0,2,0.0734765226761126,0.6666666666666666,0.0002023680900284
4202,16,133,3,1,0.75,0.3333333333333333,0.375,4,32.0,33701.43205154989,0.0609184629803186,0.0,2,0.0756011804098427,0.1666666666666666,0.0002814386893471
4203,16,133,6,0,1.0,0.0,0.0,6,31.0,24685.0,0.0631899407754198,6.127298465025032e-17,1,0.0747811013853909,0.0,0.000544846123238
4204,32,77,4,0,1.0,0.16666666666666666,0.0,4,33.0,9877.0,0.0562213345169403,1.7689364863140538e-17,2,0.0645921967037582,0.1666666666666666,0.0003479401879968
4205,16,133,1,0,1.0,0.0,0.0,1,30.0,0.0,0.0672749557401607,0.0,1,0.079760140456449,0.0,8.555630616633788e-05
4206,16,133,2,3,0.4,1.0,0.6399999999999999,5,30.0,1326794.5667120374,0.0683330336270455,0.0,3,0.0854452551428571,0.1,0.0003038559256964
4207,29,100,3,1,0.75,0.3333333333333333,0.375,4,29.0,1410831.7439296576,0.0723947418555915,0.0,3,0.0897409863039887,0.1666666666666666,0.0002442197024281
4208,16,133,2,0,1.0,0.0,0.0,2,32.0,14796.0,0.0595137700889092,0.0,2,0.0689593162864842,0.0,0.0001705029523075
4209,32,77,6,0,1.0,0.0,0.0,6,32.0,24685.0,0.0593949886981195,6.690512541861439e-17,1,0.0693265262827468,0.0,0.0005615659148702
4210,16,133,5,0,1.0,0.0,0.0,5,33.0,19750.0,0.0561836089438846,6.424929789129658e-17,1,0.0643105084895906,0.0,0.0004990915903337
4211,16,133,3,1,0.75,0.3333333333333333,0.375,4,31.0,26374.582333546816,0.0635533256143059,0.0,2,0.0766232457930583,0.1666666666666666,0.0002705741655438
4212,32,77,2,0,1.0,0.0,0.0,2,32.0,3054.480431986316,0.0593907042727644,0.0,2,0.0688373225040695,0.0,0.0001674603181511
4213,29,100,2,0,1.0,0.0,0.0,2,30.0,106796.56080214091,0.0681125649758021,0.0,2,0.082795009725285,0.0,0.000141371066473
4214,16,133,3,0,1.0,0.0,0.0,3,32.0,19743.0,0.0595166381532975,0.0,2,0.0691280072446487,0.0,0.0002540534487665
4215,32,77,2,0,1.0,0.0,0.0,2,31.0,76.16666666666667,0.0630359330338913,0.0,2,0.074120461437064,0.0,0.0001606016879478
4216,32,77,2,0,1.0,0.0,0.0,2,30.0,4819.047619047617,0.0671077119530517,0.0,2,0.0800362171885938,0.0,0.0001556887437115
4217,16,133,3,0,1.0,0.6666666666666666,0.0,3,31.0,9400.941394842775,0.0640934155043788,0.0,3,0.0779099336436275,0.6666666666666666,0.0001927926386648
4218,16,133,6,1,0.8571428571428571,0.13333333333333333,0.24489795918367352,7,29.0,558809.1256905714,0.0721262647647136,0.0,3,0.0893919465832627,0.0952380952380952,0.0004545724160083
4219,5,175,1,2,0.3333333333333333,0.0,0.6666666666666667,3,28.0,3387142.6054728585,0.0772937789460508,0.0,3,0.0959597191738234,0.0,0.0001865499153569
4220,29,100,1,0,1.0,0.0,0.0,1,32.0,0.0,0.0602652157470324,0.0,1,0.0709548668761771,0.0,8.621019649956635e-05
4221,29,100,6,0,1.0,0.2,0.0,6,31.0,85221.85828291523,0.0641291930626233,0.0,2,0.0784388748474318,0.2,0.0003942491959057
4222,29,100,3,0,1.0,0.3333333333333333,0.0,3,32.0,34531.0,0.0602755103285869,0.0,2,0.0714305753782011,0.3333333333333333,0.0002300199305214
4223,16,133,1,0,1.0,0.0,0.0,1,35.0,0.0,0.0514197685069531,0.0,1,0.0580438634655177,0.0,0.0001146507455708
4224,16,133,7,0,1.0,0.0,0.0,7,33.0,29619.0,0.0573059254790961,1.171194925811893e-16,1,0.0679392359796064,0.0,0.0006471343797308
4225,32,77,1,0,1.0,0.0,0.0,1,32.0,0.0,0.0592496641719439,4.7442410457194845e-19,1,0.067655005623283,0.0,0.0001113110674456
4226,16,133,1,0,1.0,0.0,0.0,1,33.0,0.0,0.056108946764649,4.489483995381317e-18,1,0.0631603114082191,0.0,0.0001126565103113
4227,29,100,1,1,0.5,0.0,0.5,2,32.0,8084.398129455082,0.0609079476240968,0.0,2,0.0751328402704498,0.0,0.0001410685269657
4228,16,133,1,0,1.0,0.0,0.0,1,35.0,0.0,0.0514197685069531,0.0,1,0.0580438634655177,0.0,0.0001146507455708
4229,16,133,1,0,1.0,0.0,0.0,1,35.0,0.0,0.0514197685069531,0.0,1,0.0580438634655177,0.0,0.0001146507455708
4230,16,133,1,0,1.0,0.0,0.0,1,33.0,0.0,0.0567613838747113,0.0,1,0.0650777138852321,0.0,0.0001014495233606
4231,16,133,1,0,1.0,0.0,0.0,1,33.0,0.0,0.0567613838747113,0.0,1,0.0650777138852321,0.0,0.0001014495233606
4232,16,133,1,0,1.0,0.0,0.0,1,33.0,0.0,0.0567613838747113,0.0,1,0.0650777138852321,0.0,0.0001014495233606
4233,16,133,1,0,1.0,0.0,0.0,1,35.0,0.0,0.0514197685069531,0.0,1,0.0580438634655177,0.0,0.0001146507455708
4234,16,133,1,0,1.0,0.0,0.0,1,32.0,0.0,0.0598860467935507,0.0,1,0.0697308973949954,0.0,9.340044764453474e-05
4235,16,133,1,0,1.0,0.0,0.0,1,32.0,0.0,0.059435006496944,0.0,1,0.0681453298905143,0.0,0.0001075447612049
4236,16,133,1,0,1.0,0.0,0.0,1,32.0,0.0,0.059435006496944,0.0,1,0.0681453298905143,0.0,0.0001075447612049
4237,16,133,1,0,1.0,0.0,0.0,1,34.0,0.0,0.0544838919586628,2.003546753687681e-17,1,0.0627462511665725,0.0,0.0001060116418893
4238,16,133,1,0,1.0,0.0,0.0,1,34.0,0.0,0.0542017313832413,0.0,1,0.0621861502965761,0.0,0.0001060258091253
4239,16,133,1,0,1.0,0.0,0.0,1,35.0,0.0,0.0512081601343436,3.0959937030271313e-18,1,0.057349961848534,0.0,0.0001127667095702
4240,16,133,1,0,1.0,0.0,0.0,1,35.0,0.0,0.0512081601343436,9.315666425471077e-19,1,0.057349961848534,0.0,0.0001127667095702
4241,29,100,1,0,1.0,0.0,0.0,1,33.0,0.0,0.0569006427238591,0.0,1,0.065738598014467,0.0,0.0001070173958253
4242,16,133,1,0,1.0,0.0,0.0,1,33.0,0.0,0.0568927789934354,0.0,1,0.0650550128227,0.0,0.0001077338755346
4243,16,133,2,0,1.0,0.0,0.0,2,33.0,4939.0,0.0576227691589875,1.367186961936437e-18,1,0.0681695562699114,0.0,0.0001780080348465
4244,29,100,1,0,1.0,0.0,0.0,1,33.0,0.0,0.0569006427238591,0.0,1,0.065738598014467,0.0,0.0001070173958253
4245,29,100,1,0,1.0,0.0,0.0,1,34.0,0.0,0.053798571179648,0.0,1,0.0610016388054911,0.0,0.0001027857738956
4246,29,100,3,0,1.0,0.0,0.0,3,34.0,9877.0,0.0538009148333696,2.660248033039602e-17,1,0.0612715443385546,0.0,0.0002978677040465
4247,29,100,1,0,1.0,0.0,0.0,1,35.0,0.0,0.0510546822517802,0.0,1,0.0570369268336207,0.0,0.0001147540765594
4248,29,100,1,0,1.0,0.0,0.0,1,35.0,0.0,0.0510546822517802,1.061219930066187e-19,1,0.0570369268336207,0.0,0.0001147540765594
4249,16,133,1,0,1.0,0.0,0.0,1,33.0,0.0,0.0568927789934354,0.0,1,0.0650550128227,0.0,0.0001077338755346
4250,29,100,1,0,1.0,0.0,0.0,1,32.0,0.0,0.0582609003314031,1.925080788407974e-17,1,0.0668740318719575,0.0,0.0001049362072869
4251,16,133,1,0,1.0,0.0,0.0,1,33.0,0.0,0.0567561667758131,1.5426410263869068e-17,1,0.0648989014695776,0.0,0.0001068500020582
4252,29,100,1,0,1.0,0.0,0.0,1,33.0,0.0,0.0565858352138005,1.639943920258689e-17,1,0.0645891157699642,0.0,0.0001070449772271
4253,16,133,1,0,1.0,0.0,0.0,1,34.0,0.0,0.0539625320880441,1.538148122727177e-17,1,0.0612576269167247,0.0,0.0001080744677447
4254,16,133,1,0,1.0,0.0,0.0,1,33.0,0.0,0.0561134081512108,0.0,1,0.0632682736214446,0.0,0.0001121641364346
4255,16,133,1,0,1.0,0.0,0.0,1,34.0,0.0,0.0531891985012274,3.2518702240684506e-18,1,0.059282763504802,0.0,0.0001145104264743
4256,16,133,1,0,1.0,0.0,0.0,1,32.0,0.0,0.059435006496944,0.0,1,0.0681453298905143,0.0,0.0001075447612049
4257,16,133,1,0,1.0,0.0,0.0,1,33.0,0.0,0.0561134081512108,0.0,1,0.0632682736214446,0.0,0.0001121641364346
4258,16,133,1,0,1.0,0.0,0.0,1,33.0,0.0,0.0568927789934354,0.0,1,0.0650550128227,0.0,0.0001077338755346
4259,16,133,1,0,1.0,0.0,0.0,1,34.0,0.0,0.0542017313832413,0.0,1,0.0621861502965761,0.0,0.0001060258091253
4260,29,100,1,0,1.0,0.0,0.0,1,33.0,0.0,0.0569006427238591,0.0,1,0.065738598014467,0.0,0.0001070173958253
4261,16,133,1,0,1.0,0.0,0.0,1,32.0,0.0,0.059435006496944,0.0,1,0.0681453298905143,0.0,0.0001075447612049
4262,16,133,1,0,1.0,0.0,0.0,1,32.0,0.0,0.059435006496944,0.0,1,0.0681453298905143,0.0,0.0001075447612049
4263,16,133,1,0,1.0,0.0,0.0,1,34.0,0.0,0.0531891985012274,4.779968123876334e-18,1,0.059282763504802,0.0,0.0001145104264743
4264,16,133,3,0,1.0,0.0,0.0,3,33.0,9877.0,0.05617658096137,5.856720092456821e-17,1,0.0638719119983625,0.0,0.0002970077625698
4265,29,100,2,0,1.0,0.0,0.0,2,31.0,4939.0,0.0618644492310774,2.143768676455617e-17,1,0.0729018427424173,0.0,0.0001754776004878
4266,16,133,1,0,1.0,0.0,0.0,1,33.0,0.0,0.0561134081512108,0.0,1,0.0632682736214446,0.0,0.0001121641364346
4267,16,133,1,0,1.0,0.0,0.0,1,31.0,0.0,0.0631721633268967,0.0,1,0.0737720474613572,0.0,8.913278765286216e-05
4268,29,100,1,0,1.0,0.0,0.0,1,33.0,0.0,0.0594457347083669,0.0,1,0.0696242452018543,0.0,8.742316621918786e-05
4269,16,133,1,0,1.0,0.0,0.0,1,32.0,0.0,0.0602343530903637,0.0,1,0.0708092455116331,0.0,8.662435808916837e-05
4270,16,133,1,0,1.0,0.0,0.0,1,34.0,0.0,0.05420054200542,0.0,1,0.0622300099456989,0.0,0.0001089388303326
4271,16,133,1,0,1.0,0.0,0.0,1,34.0,0.0,0.05420054200542,0.0,1,0.0622300099456989,0.0,0.0001089388303326
4272,16,133,1,0,1.0,0.0,0.0,1,34.0,0.0,0.05420054200542,0.0,1,0.0622300099456989,0.0,0.0001089388303326
4273,16,133,1,0,1.0,0.0,0.0,1,34.0,0.0,0.05420054200542,0.0,1,0.0622300099456989,0.0,0.0001089388303326
4274,16,133,1,0,1.0,0.0,0.0,1,34.0,0.0,0.05420054200542,0.0,1,0.0622300099456989,0.0,0.0001089388303326
4275,16,133,1,0,1.0,0.0,0.0,1,34.0,0.0,0.05420054200542,0.0,1,0.0622300099456989,0.0,0.0001089388303326
4276,32,77,1,0,1.0,0.0,0.0,1,33.0,0.0,0.0559526101779383,0.0,1,0.0630538086863484,0.0,0.0001117037798443
4277,32,77,1,0,1.0,0.0,0.0,1,33.0,0.0,0.0559526101779383,0.0,1,0.0630538086863484,0.0,0.0001117037798443
4278,32,77,1,0,1.0,0.0,0.0,1,33.0,0.0,0.0559526101779383,0.0,1,0.0630538086863484,0.0,0.0001117037798443
4279,32,77,5,0,1.0,0.0,0.0,5,32.0,34546.0,0.0592681463707258,7.876762152935948e-17,1,0.0684546007649833,0.0,0.0004785032515577
4280,32,77,1,0,1.0,0.0,0.0,1,34.0,0.0,0.0530897367006985,4.723479271243641e-18,1,0.0591658534489956,0.0,0.0001172997169106
4281,32,77,1,0,1.0,0.0,0.0,1,34.0,0.0,0.053229317070017,0.0,1,0.0597188562675573,0.0,0.0001113305614018
4282,32,77,1,0,1.0,0.0,0.0,1,34.0,0.0,0.053229317070017,0.0,1,0.0597188562675573,0.0,0.0001113305614018
4283,32,77,1,0,1.0,0.0,0.0,1,34.0,0.0,0.053229317070017,0.0,1,0.0597188562675573,0.0,0.0001113305614018
4284,16,133,3,0,1.0,0.0,0.0,3,32.0,9877.0,0.0594686345086614,4.448645399642155e-17,1,0.068727072709099,0.0,0.0002790037255942
4285,32,77,2,0,1.0,0.0,0.0,2,31.0,12404.423118711356,0.0661072972285786,1.1686593324410089e-17,2,0.0788418430182048,0.0,0.0001565667694305
4286,32,77,1,0,1.0,0.0,0.0,1,34.0,0.0,0.053229317070017,0.0,1,0.0597188562675573,0.0,0.0001042955170289
4287,32,77,1,0,1.0,0.0,0.0,1,34.0,0.0,0.053229317070017,0.0,1,0.0597188562675573,0.0,0.0001042955170289
4288,32,77,1,0,1.0,0.0,0.0,1,32.0,0.0,0.0592496641719439,1.0831556855238377e-18,1,0.067655005623283,0.0,0.0001113110674456
4289,32,77,1,0,1.0,0.0,0.0,1,32.0,0.0,0.0592496641719439,3.898987080668231e-19,1,0.067655005623283,0.0,0.0001113110674456
4290,16,133,1,0,1.0,0.0,0.0,1,32.0,0.0,0.0594407277277759,0.0,1,0.0681925633588004,0.0,9.894846152414964e-05
4291,32,77,4,0,1.0,0.0,0.0,4,33.0,14814.0,0.0559564128994257,5.565491918493271e-17,1,0.0634586669859438,0.0,0.0004128071135545
4292,32,77,1,0,1.0,0.0,0.0,1,34.0,0.0,0.0529917830555019,0.0,1,0.0589022675438668,0.0,0.0001180797387098
4293,32,77,1,0,1.0,0.0,0.0,1,34.0,0.0,0.0529917830555019,0.0,1,0.0589022675438668,0.0,0.0001180797387098
4294,32,77,1,0,1.0,0.0,0.0,1,34.0,0.0,0.0529917830555019,0.0,1,0.0589022675438668,0.0,0.0001180797387098
4295,16,133,1,0,1.0,0.0,0.0,1,33.0,0.0,0.0561784975094957,0.0,1,0.0637706974234636,0.0,0.0001073986790502
4296,16,133,1,0,1.0,0.0,0.0,1,33.0,0.0,0.0561784975094957,0.0,1,0.0637706974234636,0.0,0.0001073986790502
4297,16,133,1,0,1.0,0.0,0.0,1,33.0,0.0,0.0561784975094957,0.0,1,0.0637706974234636,0.0,0.0001073986790502
4298,16,133,1,0,1.0,0.0,0.0,1,33.0,0.0,0.0561784975094957,0.0,1,0.0637706974234636,0.0,0.0001073986790502
4299,16,133,3,0,1.0,0.0,0.0,3,33.0,9877.0,0.0561216954659577,7.619982195186571e-17,1,0.0634634731587494,0.0,0.0003073424136024
4300,29,100,1,0,1.0,0.0,0.0,1,32.0,0.0,0.0597766241938021,0.0,1,0.0691937706243977,0.0,9.276003698657052e-05
4301,16,133,3,0,1.0,0.0,0.0,3,30.0,9877.0,0.067278620652085,1.0960346343506884e-17,1,0.0800300459895124,0.0,0.0002646275733793
4302,16,133,1,0,1.0,0.0,0.0,1,31.0,0.0,0.0630383462004721,4.187569836525513e-18,1,0.0727340183514658,0.0,0.000105336039537
4303,16,133,1,0,1.0,0.0,0.0,1,31.0,0.0,0.0630383462004721,4.0360275643632194e-18,1,0.0727340183514658,0.0,0.000105336039537
4304,16,133,1,0,1.0,0.0,0.0,1,33.0,0.0,0.0574211621392288,0.0,1,0.0684971945686106,0.0,9.016394856584288e-05
4305,32,77,3,0,1.0,0.0,0.0,3,33.0,4941.0,0.0572435050638485,2.6588476520149375e-17,2,0.0654728593108415,0.0,0.0002577400456963
4306,32,77,1,0,1.0,0.0,0.0,1,33.0,0.0,0.0572408518921925,0.0,1,0.0652029537777781,0.0,9.869252312594902e-05
4307,32,77,1,0,1.0,0.0,0.0,1,34.0,0.0,0.0541447000668588,1.873867940362613e-18,1,0.0606279274674087,0.0,0.0001033845733602
4308,32,77,1,0,1.0,0.0,0.0,1,33.0,0.0,0.0560656444711784,0.0,1,0.0635986158515168,0.0,0.0001099133983528
4309,32,77,1,0,1.0,0.0,0.0,1,33.0,0.0,0.0560656444711784,0.0,1,0.0635986158515168,0.0,0.0001099133983528
4310,32,77,1,0,1.0,0.0,0.0,1,33.0,0.0,0.0560656444711784,0.0,1,0.0635986158515168,0.0,0.0001099133983528
4311,32,77,1,0,1.0,0.0,0.0,1,33.0,0.0,0.0560656444711784,0.0,1,0.0635986158515168,0.0,0.0001099133983528
4312,32,77,1,0,1.0,0.0,0.0,1,33.0,0.0,0.0560656444711784,0.0,1,0.0635986158515168,0.0,0.0001099133983528
4313,16,133,1,0,1.0,0.0,0.0,1,34.0,0.0,0.0531954988424056,0.0,1,0.0594750711971098,0.0,0.0001152037974363
4314,16,133,1,0,1.0,0.0,0.0,1,34.0,0.0,0.0531954988424056,0.0,1,0.0594750711971098,0.0,0.0001152037974363
4315,16,133,1,0,1.0,0.0,0.0,1,34.0,0.0,0.0531954988424056,0.0,1,0.0594750711971098,0.0,0.0001152037974363
4316,16,133,1,0,1.0,0.0,0.0,1,34.0,0.0,0.0531954988424056,0.0,1,0.0594750711971098,0.0,0.0001152037974363
4317,29,100,7,0,1.0,0.14285714285714285,0.0,7,30.0,142666.40528213937,0.0678841846339888,0.0,3,0.0840690250975981,0.1428571428571428,0.0004277779809649
4318,16,133,1,0,1.0,0.0,0.0,1,34.0,0.0,0.0531399926851831,2.93647479660323e-18,1,0.0589963114807337,0.0,0.0001174385776002
4319,16,133,1,0,1.0,0.0,0.0,1,34.0,0.0,0.0531399926851831,3.0591035036224496e-18,1,0.0589963114807337,0.0,0.0001174385776002
4320,29,100,1,0,1.0,0.0,0.0,1,35.0,0.0,0.0540718038528896,0.0,1,0.062134753332852,0.0,0.0001003798695762
4321,16,133,1,0,1.0,0.0,0.0,1,33.0,0.0,0.0561312607944732,4.545857659038301e-18,1,0.0633434615913694,0.0,0.0001094092826646
4322,16,133,1,0,1.0,0.0,0.0,1,33.0,0.0,0.0561312607944732,4.149696078858489e-18,1,0.0633434615913694,0.0,0.0001094092826646
4323,13,136,1,0,1.0,0.0,0.0,1,34.0,0.0,0.0567972774098601,0.0,1,0.0660984624204263,0.0,9.899143678019264e-05
4324,13,136,1,0,1.0,0.0,0.0,1,34.0,0.0,0.0567972774098601,0.0,1,0.0660984624204263,0.0,9.899143678019264e-05
4325,29,100,1,0,1.0,0.0,0.0,1,34.0,0.0,0.0565075152707556,0.0,1,0.065059602420144,0.0,0.0001015096567095
4326,29,100,1,0,1.0,0.0,0.0,1,35.0,0.0,0.0538689697286923,0.0,1,0.061861360392645,0.0,0.0001012085158853
4327,23,107,5,0,1.0,0.2,0.0,5,41.0,10832.04549533711,0.0399621411294563,0.1835946875158256,3,0.049054245839299,0.2,0.000236512514006
4328,23,107,2,0,1.0,0.0,0.0,2,42.0,2453.8111111111098,0.0384429814321956,0.0669627647823164,2,0.0461178701384452,0.0,0.0001203285988604
4329,23,107,2,0,1.0,0.0,0.0,2,43.0,5.0,0.0370295411784988,0.0162375055281459,2,0.0435656211457058,0.0,0.0001267195502498
4330,23,107,1,0,1.0,0.0,0.0,1,41.0,0.0,0.0399279034617654,0.08295915163104,1,0.0472846776881522,0.0,6.215209054240366e-05
4331,23,107,3,0,1.0,0.0,0.0,3,43.0,2.5,0.0370287084926167,0.0233080279532952,2,0.0435892378798489,0.0,0.0001814547906366
4332,23,107,11,0,1.0,0.2545454545454545,0.0,11,41.0,66833.97443943427,0.0399802526687223,0.8477846382396889,5,0.0506483753939543,0.2545454545454545,0.0004038152965535
4333,23,107,7,0,1.0,0.3333333333333333,0.0,7,43.0,10402.425247906394,0.0370617671110577,0.2840334211391027,4,0.0460145318840907,0.3333333333333333,0.0003031313311669
4334,23,107,1,0,1.0,0.0,0.0,1,42.0,0.0,0.0384310186553811,0.0722851860743512,1,0.0454267191841366,0.0,6.462567342480741e-05
4335,23,107,6,0,1.0,0.6666666666666666,0.0,6,41.0,4939.0,0.0399666674757085,0.5409137577096452,5,0.0493562026544136,0.6666666666666667,0.0002418878565542
4336,23,107,9,0,1.0,0.3888888888888889,0.0,9,41.0,39357.72926211847,0.0399851067618538,0.8634800300163105,4,0.0508845427353847,0.3888888888888889,0.0003318712254607
4337,23,107,2,0,1.0,1.0,0.0,2,42.0,0.0,0.0384411865409157,0.130518216967532,2,0.0459692614372049,1.0,0.0001057707019326
4338,23,107,1,0,1.0,0.0,0.0,1,43.0,0.0,0.0370417582087985,0.059559880846961,1,0.0439704794453012,0.0,6.645126967021929e-05
4339,23,107,1,0,1.0,0.0,0.0,1,43.0,0.0,0.03704009177545,0.0391345113478268,1,0.0438822781728893,0.0,6.960694934375102e-05
4340,23,107,6,0,1.0,0.2,0.0,6,42.0,10033.439991807234,0.0384645332087518,0.2928455571451437,3,0.047804779720091,0.2,0.0002770498042173
4341,23,107,3,0,1.0,0.3333333333333333,0.0,3,40.0,395.2526424173566,0.0404569837434994,0.110580538755969,2,0.0483734030115463,0.3333333333333333,0.0001528911796215
4342,23,107,9,0,1.0,0.2222222222222222,0.0,9,42.0,7217.04926902545,0.0384663302809443,0.4456896455178366,4,0.0480724360403789,0.2222222222222222,0.0003821616274298
4343,23,107,4,0,1.0,0.5,0.0,4,42.0,5242.581245633539,0.0384573465987824,0.3146086888497257,3,0.0471198944299428,0.5,0.000175101376714
4344,23,107,6,0,1.0,0.8,0.0,6,40.0,1615.876190476206,0.0415807415512815,0.5043516367600593,5,0.050854667007625,0.8,0.0002141518743647
4345,23,107,14,0,1.0,0.21978021978021978,0.0,14,41.0,78001.01220251713,0.0399870487291565,0.954204464106483,4,0.0513906156098785,0.2197802197802197,0.0005373906589693
4346,23,107,10,0,1.0,0.13333333333333333,0.0,10,41.0,60490.11127604303,0.0399786348995678,0.4777777780343041,3,0.0504695629782998,0.1333333333333333,0.0004536256600055
4347,23,107,7,0,1.0,0.6666666666666666,0.0,7,41.0,100.6222342056107,0.039974752787713,0.7466651130165598,5,0.049997228295439,0.6666666666666666,0.0002543132672726
4348,23,107,1,0,1.0,0.0,0.0,1,43.0,0.0,0.0370259331434567,0.0119873637981469,1,0.0432248654102131,0.0,8.152694608826301e-05
4349,23,107,1,0,1.0,0.0,0.0,1,42.0,0.0,0.038437896342175,0.1003490178137311,1,0.0457652257068535,0.0,6.359879961335418e-05
4350,23,107,1,0,1.0,0.0,0.0,1,46.0,0.0,0.0333684580259922,0.0052805921509239,1,0.0382022349533701,0.0,8.131028229069999e-05
4351,23,107,3,0,1.0,0.3333333333333333,0.0,3,45.0,4938.999999999999,0.0345201076132909,0.0395149421120717,2,0.0407067913323519,0.3333333333333333,0.0001798307830979
4352,23,107,11,0,1.0,0.34545454545454546,0.0,11,39.0,381538.20866026194,0.0433702360780664,0.8282935946401778,5,0.0548721723210971,0.3454545454545454,0.0003843400054639
4353,23,107,3,0,1.0,0.0,0.0,3,43.0,25.323809523809523,0.0370389809031813,0.0593258681006055,2,0.0441729085950988,0.0,0.0001636656911611
4354,23,107,2,0,1.0,1.0,0.0,2,42.0,0.0,0.0384277301968837,0.0379469618588922,2,0.0454717034396471,1.0,0.0001119097628267
4355,23,107,3,0,1.0,0.3333333333333333,0.0,3,43.0,1839.8736201298705,0.037047591906526,0.0972569272041802,2,0.0445874063780178,0.3333333333333333,0.0001523796892802
4356,23,107,1,0,1.0,0.0,0.0,1,43.0,0.0,0.0370356486861341,0.0242521344559358,1,0.0437343121038706,0.0,7.273939357865767e-05
4357,23,107,7,0,1.0,0.19047619047619047,0.0,7,42.0,6784.714369089655,0.0384597418370365,0.1814799669678732,3,0.0475854814744771,0.1904761904761904,0.0003490213711685
4358,23,107,3,0,1.0,0.6666666666666666,0.0,3,44.0,243.99826297418076,0.0357331442996954,0.0711715024621224,3,0.0423434624533045,0.6666666666666666,0.0001467700129817
4359,23,107,10,0,1.0,0.24444444444444444,0.0,10,44.0,24826.985220701783,0.0357533165905521,0.2194062095757822,4,0.0440317303257828,0.2444444444444444,0.0004523091949966
4360,23,107,2,0,1.0,0.0,0.0,2,42.0,5.533333333333334,0.0384426822720092,0.082359360513029,2,0.0460841319468123,0.0,0.0001167783407385
4361,23,107,10,0,1.0,0.28888888888888886,0.0,10,42.0,8036.618024839733,0.0384654317238586,0.626975270463143,4,0.0481860212855431,0.2888888888888889,0.0004014019694538
4362,23,107,2,0,1.0,0.0,0.0,2,37.0,439901.1068577095,0.0473202739594808,0.0207740062949949,2,0.0579537427932636,0.0,0.0001267549856808
4363,23,107,4,0,1.0,0.0,0.0,4,38.0,435171.8711095969,0.0452600621180609,0.1525624207004579,3,0.0557865181141156,0.0,0.0001917400100299
4364,23,107,6,0,1.0,0.4,0.0,6,43.0,9673.939051845577,0.0370512041641353,0.2421682581451047,4,0.0452491569081896,0.4,0.0002544915517476
4365,23,107,6,0,1.0,0.3333333333333333,0.0,6,42.0,8346.937550690593,0.0384675284223641,0.3969449879751026,4,0.0479138665397042,0.3333333333333333,0.0002465054154897
4366,23,107,1,0,1.0,0.0,0.0,1,42.0,0.0,0.038428029124401,0.0334300994677155,1,0.0452944976045466,0.0,6.776601285221932e-05
4367,23,107,6,0,1.0,0.26666666666666666,0.0,6,41.0,18028.6632216948,0.0399634342666224,0.2501591502453847,4,0.0491296747963069,0.2666666666666666,0.0002640549583948
4368,23,107,7,0,1.0,0.3333333333333333,0.0,7,42.0,3345.17264328122,0.0384678279693814,0.3447265115071766,4,0.0479120993010948,0.3333333333333333,0.0002921526738516
4369,23,107,3,0,1.0,0.3333333333333333,0.0,3,39.0,19778.719690562477,0.0433242124465024,0.146282412009772,3,0.0524815804568234,0.3333333333333333,0.0001373151416716
4370,23,107,3,0,1.0,0.3333333333333333,0.0,3,39.0,19778.719690562477,0.0433242124465024,0.1462824120097719,3,0.0524815804568234,0.3333333333333333,0.0001373151416715
4371,23,107,6,0,1.0,0.4,0.0,6,44.0,8837.117663448293,0.0357481420373546,0.1423602159416336,3,0.0433232283014913,0.4,0.000279119416047
4372,23,107,8,0,1.0,0.32142857142857145,0.0,8,43.0,22972.152580297105,0.037065660241452,0.4526858660206483,4,0.0462506992255212,0.3214285714285714,0.0003195715930755
4373,23,107,11,0,1.0,0.2727272727272727,0.0,11,42.0,30264.42888860268,0.038466629809302,0.6758511662467862,4,0.0483884504353407,0.2727272727272727,0.0004349176633779
4374,23,107,8,0,1.0,0.39285714285714285,0.0,8,40.0,12229.583492970594,0.0415887929147513,0.4230261029058663,4,0.0514985844936477,0.3928571428571428,0.0003150309803485
4375,23,107,4,0,1.0,0.3333333333333333,0.0,4,41.0,2841.887549500302,0.0399669908253911,0.2637975817339378,3,0.0492043807920655,0.3333333333333333,0.0001722701411421
4376,23,107,6,0,1.0,0.6,0.0,6,40.0,4215.781714870938,0.0415880926724137,0.3885379437897405,4,0.0512961553438501,0.6,0.0002371017007852
4377,23,107,4,0,1.0,0.16666666666666666,0.0,4,42.0,9829.167464784963,0.0384519584033875,0.098198059366262,2,0.0467960077902668,0.1666666666666666,0.0002115253293641
4378,23,107,1,0,1.0,0.0,0.0,1,42.0,0.0,0.0374531835205992,0.0042203929489547,1,0.0431296798070312,0.0,9.015753256816028e-05
4379,23,107,1,0,1.0,0.0,0.0,1,46.0,0.0,0.0333691342263291,0.0078691452802762,1,0.0382629636983094,0.0,7.601922949776554e-05
4380,23,107,4,0,1.0,0.5,0.0,4,45.0,4939.0,0.03452083129516,0.0588852180464632,3,0.0408586131947002,0.5,0.0002148753054972
4381,23,107,11,0,1.0,0.32727272727272727,0.0,11,40.0,233250.7419909389,0.0416164713612966,1.0,5,0.05326309191605,0.3272727272727272,0.0003899960999146
4382,23,107,2,0,1.0,0.0,0.0,2,44.0,709.6406149406135,0.035726942019657,0.0158143749229533,2,0.0417341594755808,0.0,0.0001274815641962
4383,23,107,6,0,1.0,0.3333333333333333,0.0,6,43.0,8768.940064131466,0.0370581527936145,0.2506825456703802,4,0.0455928044886793,0.3333333333333333,0.0002611661156897
4384,23,107,11,0,1.0,0.38181818181818183,0.0,11,40.0,16915.288884326394,0.0415919442971045,0.7763397160656201,5,0.0519526041581939,0.3818181818181818,0.0003895987440002
4385,23,107,4,0,1.0,0.6666666666666666,0.0,4,41.0,41.60468252784905,0.0399634342666224,0.3651941100928918,4,0.0489665265410535,0.6666666666666666,0.0001518578889133
4386,23,107,4,0,1.0,0.3333333333333333,0.0,4,41.0,7117.969771683061,0.0399559998705878,0.2257576658181073,2,0.0486949340984085,0.3333333333333333,0.0001984560109141
4387,23,107,1,0,1.0,0.0,0.0,1,42.0,0.0,0.0384268334422352,0.024534735824685,1,0.0452692742898496,0.0,7.056535446065049e-05
4388,23,107,1,0,1.0,0.0,0.0,1,45.0,0.0,0.0345193839617631,0.0293204202315127,1,0.0404706239909213,0.0,6.880450865433522e-05
4389,23,107,1,0,1.0,0.0,0.0,1,43.0,0.0,0.0370409249733815,0.0530863861611392,1,0.043993614205278,0.0,6.859520747305197e-05
4390,23,107,1,0,1.0,0.0,0.0,1,43.0,0.0,0.0370409249733815,0.0530863861611392,1,0.043993614205278,0.0,6.859520747305197e-05
4391,23,107,9,0,1.0,0.16666666666666666,0.0,9,42.0,42329.00063010876,0.0384654317238586,0.3972481525068117,4,0.0481354139980938,0.1666666666666666,0.0004048621453423
4392,23,107,10,0,1.0,0.28888888888888886,0.0,10,40.0,37990.50036254212,0.0415887929147513,0.5190502739703831,4,0.0517839132000291,0.2888888888888889,0.0003851778917488
4393,23,107,1,0,1.0,0.0,0.0,1,43.0,0.0,0.0370434247920994,0.09174296423376,1,0.0441729085950988,0.0,6.464540208352415e-05
4394,23,107,1,0,1.0,0.0,0.0,1,44.0,0.0,0.0357305597546598,0.0330740527632112,1,0.0418475110363007,0.0,7.182314374008024e-05
4395,23,107,11,0,1.0,0.2727272727272727,0.0,11,42.0,22166.64951359331,0.038468127521064,0.6865173104218244,4,0.0485571413935054,0.2727272727272727,0.0004437163824036
4396,23,107,5,0,1.0,0.2,0.0,5,43.0,4989.60264911387,0.0370542612400426,0.2474948344801125,3,0.0452587963915133,0.2,0.0002439112744733
4397,23,107,2,0,1.0,0.0,0.0,2,45.0,18.99821428571429,0.0345157661591777,0.0211377129346717,2,0.0403660355968592,0.0,0.0001240798091363
4398,23,107,6,0,1.0,0.7333333333333333,0.0,6,40.0,34352.28812381115,0.0416024523550861,0.6300336249907685,5,0.0518831998782632,0.7333333333333333,0.0002197861146659
4399,23,107,3,0,1.0,0.0,0.0,3,43.0,5627.975733988224,0.0370450915253728,0.0972020663474228,2,0.0443213566382838,0.0,0.0001566685349423
4400,23,107,2,0,1.0,1.0,0.0,2,42.0,0.0,0.038449863401801,0.1524284874256692,2,0.0464586258739376,1.0,0.0001008108586228
4401,23,107,8,0,1.0,0.4642857142857143,0.0,8,40.0,8360.167131672286,0.0415880926724137,0.6207875898526961,5,0.0515091879253038,0.4642857142857143,0.0002992363620027
4402,23,107,10,0,1.0,0.28888888888888886,0.0,10,41.0,9257.23840973116,0.0399741058423693,0.7509168510995582,5,0.0501271203332257,0.2888888888888889,0.0003910655592203
4403,23,107,2,0,1.0,0.0,0.0,2,44.0,0.5333333333333333,0.0357346952061978,0.0464970047089279,2,0.0421511547609969,0.0,0.0001105310054316
4404,23,107,6,0,1.0,0.2,0.0,6,42.0,5047.7082362569245,0.038450461950388,0.1631828300261462,3,0.0468021127963718,0.2,0.0002881296599594
4405,23,107,2,0,1.0,1.0,0.0,2,43.0,0.0,0.0370431470178017,0.1741036349286441,2,0.0442909922658141,1.0,9.808466847141596e-05
4406,23,107,2,0,1.0,1.0,0.0,2,42.0,0.0,0.0384537543007488,0.2113014684897533,2,0.0466644288428984,1.0,9.710468449197906e-05
4407,23,107,3,0,1.0,0.3333333333333333,0.0,3,42.0,2478.1888888888902,0.0384495641344956,0.0912148992382521,2,0.0465328498955301,0.3333333333333333,0.0001627097653593
4408,23,107,6,0,1.0,0.7333333333333333,0.0,6,40.0,41.70697162877694,0.0415940454840149,0.5791838952598287,5,0.0514956926486506,0.7333333333333333,0.0002122829057853
4409,23,107,2,0,1.0,0.0,0.0,2,42.0,13.202976190476186,0.038450461950388,0.138521544095728,2,0.0464991117038971,0.0,0.0001126163119022
4410,23,107,4,0,1.0,0.3333333333333333,0.0,4,41.0,7786.3800252382525,0.0399430770723503,0.1207762333377539,3,0.0482281421184587,0.3333333333333333,0.0001916854929548
4411,23,107,2,0,1.0,1.0,0.0,2,43.0,0.0,0.0370456471364614,0.1056275204177669,2,0.0441968466453527,1.0,0.0001019269514949
4412,23,107,2,0,1.0,0.0,0.0,2,43.0,13.107663878948705,0.0370445359309501,0.0982456222788789,2,0.0443382257341002,0.0,0.0001103374468968
4413,23,107,7,0,1.0,0.6190476190476191,0.0,7,40.0,25375.83657618705,0.0415950961570846,0.6042902797524378,5,0.0515660608769136,0.6190476190476191,0.000245841752983
4414,23,107,1,0,1.0,0.0,0.0,1,43.0,0.0,0.0370270432331954,0.0218069906051658,1,0.0433167618178991,0.0,7.117659557385228e-05
4415,23,107,3,0,1.0,0.0,0.0,3,41.0,5034.387975818175,0.0389101993556975,0.0315814170649336,2,0.04607307790732,0.0,0.0002110563723124
4416,23,107,5,0,1.0,0.5,0.0,5,45.0,8.0,0.0345213137665967,0.0710055383543553,3,0.0409935659612319,0.5,0.0002465443205683
4417,23,107,3,0,1.0,0.3333333333333333,0.0,3,42.0,4939.0,0.0384492648718487,0.0897020585990992,2,0.0464991117038971,0.3333333333333333,0.000180595478854
4418,23,107,2,0,1.0,0.0,0.0,2,42.0,6.423957986457987,0.0384525570172024,0.1476340332236677,2,0.046647559747082,0.0,0.0001030355755835
4419,23,107,2,0,1.0,1.0,0.0,2,42.0,0.0,0.0384537543007488,0.2113014684897533,2,0.0466644288428984,1.0,9.710468449197906e-05
4420,6,172,1,0,1.0,0.0,0.0,1,36.0,0.0,0.0462079545029371,2.65109175744771e-08,1,0.0530824852127083,0.0,9.345398330716128e-05
4421,6,172,4,0,1.0,0.3333333333333333,0.0,4,35.0,5612.666666666648,0.04844609636262,1.983825570824508e-07,2,0.0571066463121596,0.3333333333333333,0.0002969212057769
4422,6,172,2,0,1.0,0.0,0.0,2,37.0,4939.000000000002,0.0443093040569024,2.2251561131166905e-08,1,0.0506718436686628,0.0,0.0002109646605952
4423,23,107,1,0,1.0,0.0,0.0,1,35.0,0.0,0.0485250925807687,8.362052180034857e-06,1,0.0567929232605824,0.0,9.6176918983932e-05
4424,6,172,1,0,1.0,0.0,0.0,1,38.0,0.0,0.0424296560964716,2.9735946250940782e-09,1,0.047715240614255,0.0,0.0001200182078325
4425,17,131,1,0,1.0,0.0,0.0,1,39.0,0.0,0.04290950784358,3.4229723842301e-08,1,0.0494350219508585,0.0,9.589431529448136e-05
4426,17,131,2,0,1.0,0.0,0.0,2,38.0,4939.0,0.0448023797863271,1.7742673121703718e-07,1,0.0520780360575186,0.0,0.0001956128003822
4427,6,172,2,0,1.0,0.0,0.0,2,36.0,4939.0,0.0459517785384729,1.0534271502003862e-09,1,0.0520598320733312,0.0,0.0002084697419873
4428,17,131,1,0,1.0,0.0,0.0,1,38.0,0.0,0.0445711604742227,2.5006999632341194e-08,1,0.0509669561463431,0.0,0.0001132517611193
4429,6,172,1,0,1.0,0.0,0.0,1,37.0,0.0,0.0439333706855918,1.4077509134197983e-10,1,0.0490108319618931,0.0,0.000118957867424
4430,17,131,1,0,1.0,0.0,0.0,1,39.0,0.0,0.0428815722085745,2.3710478990496792e-08,1,0.0488554626212994,0.0,0.000113493667242
4431,17,131,2,0,1.0,0.0,0.0,2,40.0,4939.0,0.0411471217838193,4.8316141090347885e-09,1,0.046802647388355,0.0,0.0002115719441467
4432,6,172,2,0,1.0,0.0,0.0,2,36.0,9876.000000000004,0.0463623395149786,1.6353597912513918e-07,1,0.0540077468782077,0.0,0.0001849198984895
4433,17,131,1,0,1.0,0.0,0.0,1,41.0,0.0,0.0395212646804697,6.456743365486165e-10,1,0.0442207336642611,0.0,0.0001202763033419
4434,6,172,1,0,1.0,0.0,0.0,1,36.0,0.0,0.0463605991215886,1.6056238449935948e-07,1,0.0538221868242265,0.0,9.525991773657406e-05
4435,6,172,5,0,1.0,0.1,0.0,5,35.0,22593.26005800458,0.0486139130263637,1.2014965649374862e-06,2,0.0581180214553532,0.1,0.0003817746509234
4436,6,172,4,0,1.0,0.3333333333333333,0.0,4,34.0,28585.13952366726,0.0507462993209857,1.9961846494747573e-07,2,0.0603333859675555,0.3333333333333333,0.0002824145273951
4437,6,172,3,0,1.0,0.3333333333333333,0.0,3,32.0,73981.27060577618,0.0559399381716472,5.237488597189074e-08,2,0.0676984488390632,0.3333333333333333,0.000211756695138
4438,6,172,1,0,1.0,0.0,0.0,1,34.0,0.0,0.0504519225859163,4.943863948025031e-09,1,0.0584677458688536,0.0,9.2204765352903e-05
4439,6,172,4,0,1.0,0.16666666666666666,0.0,4,33.0,36969.53952366737,0.0531319910514541,3.6995187792778645e-08,2,0.063318497148235,0.1666666666666666,0.000291042533051
4440,6,172,1,0,1.0,0.0,0.0,1,34.0,0.0,0.0503244603363792,2.6592994219631287e-09,1,0.0580761088482572,0.0,9.26576651404622e-05
4441,6,172,4,0,1.0,0.16666666666666666,0.0,4,33.0,28153.086637664383,0.0529906461855316,1.9899674186786847e-08,2,0.06283051728853,0.1666666666666666,0.000293173826169
4442,6,172,4,0,1.0,0.16666666666666666,0.0,4,34.0,19653.41997099769,0.0505981645362176,5.6880910118811494e-08,2,0.0596022839611495,0.1666666666666666,0.0002927638360365
4443,6,172,2,0,1.0,0.0,0.0,2,35.0,9876.0,0.0481636393771875,7.74207401513781e-09,1,0.0554781568833012,0.0,0.0001811701825819
4444,13,136,3,0,1.0,0.0,0.0,3,32.0,19589.1,0.0632814101250256,0.0,2,0.0764352981380249,0.0,0.0002438521032394
4445,13,136,3,0,1.0,0.3333333333333333,0.0,3,33.0,4938.999999999999,0.0602189336128922,0.0,2,0.0725304715706438,0.3333333333333333,0.0002306592928302
4446,29,100,6,0,1.0,0.06666666666666667,0.0,6,35.0,37904.65686107693,0.0549927641099855,0.0,2,0.0667664156503063,0.0666666666666666,0.0004186031304418
4447,13,136,1,0,1.0,0.0,0.0,1,33.0,0.0,0.0599951420937575,0.0,1,0.0712424977328068,0.0,8.942782773827507e-05
4448,13,136,6,1,0.8571428571428571,0.13333333333333333,0.24489795918367352,7,32.0,111306.96015297632,0.0638234648131161,0.0,2,0.0793584802785801,0.0952380952380952,0.0004864555348364
4449,13,136,1,0,1.0,0.0,0.0,1,34.0,0.0,0.0562181354697742,0.0,1,0.0643176363253525,0.0,0.0001019582381252
4450,13,136,1,0,1.0,0.0,0.0,1,34.0,0.0,0.0562181354697742,0.0,1,0.0643176363253525,0.0,0.0001019582381252
4451,13,136,1,0,1.0,0.0,0.0,1,33.0,0.0,0.0595109023009276,1.7976030785866292e-17,1,0.0692318393111849,0.0,0.0001065187028324
4452,13,136,1,0,1.0,0.0,0.0,1,33.0,0.0,0.0595109023009276,1.6435883316433206e-17,1,0.0692318393111849,0.0,0.0001065187028324
4453,13,136,1,0,1.0,0.0,0.0,1,33.0,0.0,0.0595109023009276,1.8042986850372885e-17,1,0.0692318393111849,0.0,0.0001065187028324
4454,13,136,3,0,1.0,0.0,0.0,3,32.0,9877.0,0.0632757361888537,0.0,1,0.0762733548181868,0.0,0.0002688016791277
4455,13,136,3,0,1.0,0.0,0.0,3,32.0,9877.0,0.0632757361888537,0.0,1,0.0762733548181868,0.0,0.0002688016791277
4456,13,136,1,0,1.0,0.0,0.0,1,33.0,0.0,0.0595109023009276,1.6608403156550564e-17,1,0.0692318393111849,0.0,0.0001065187028324
4457,13,136,2,0,1.0,0.0,0.0,2,32.0,19394.470707070708,0.0632960049201752,0.0,2,0.0764574689496693,0.0,0.0001460889496957
4458,13,136,16,2,0.8888888888888888,0.008333333333333333,0.20370370370370372,18,31.0,558624.1026105986,0.06754539488077,1.9560357378703104e-16,2,0.0860498401636974,0.0065359477124183,0.0012147174472872
4459,13,136,2,0,1.0,0.0,0.0,2,32.0,10891.454550724842,0.0634423239924999,0.0,2,0.0768915507248442,0.0,0.0001581076885135
4460,29,100,1,0,1.0,0.0,0.0,1,35.0,0.0,0.0544190709100322,0.0,1,0.063701686460308,0.0,9.315650763777638e-05
4461,29,100,5,1,0.8333333333333334,0.1,0.2777777777777777,6,34.0,63968.22509615237,0.0575502691115822,0.0,2,0.0699001613741274,0.0666666666666666,0.0004432819804108
4462,13,136,4,0,1.0,0.0,0.0,4,33.0,9903.952380952382,0.0595661558125233,7.193740454440046e-17,2,0.0701562657619268,0.0,0.0003369412284503
4463,13,136,1,0,1.0,0.0,0.0,1,32.0,0.0,0.0632724943964137,0.0,1,0.0760034492851234,0.0,8.771988431260114e-05
4464,13,136,1,0,1.0,0.0,0.0,1,32.0,0.0,0.0632724943964137,0.0,1,0.0760034492851234,0.0,8.771988431260114e-05
4465,13,136,1,0,1.0,0.0,0.0,1,32.0,0.0,0.0632724943964137,0.0,1,0.0760034492851234,0.0,8.771988431260114e-05
4466,13,136,1,0,1.0,0.0,0.0,1,32.0,0.0,0.0632724943964137,0.0,1,0.0760034492851234,0.0,8.771988431260114e-05
4467,31,89,2,0,1.0,0.0,0.0,2,39.0,7984.8719045084545,0.0459141943638932,0.0,2,0.0546495369157742,0.0,0.0001634452155774
4468,31,89,2,0,1.0,0.0,0.0,2,38.0,626.9984126984125,0.0470234355664705,0.0,2,0.0555775195245005,0.0,0.0001655099357809
4469,12,141,5,0,1.0,0.0,0.0,5,35.0,74883.69596307895,0.05030549898167,0.0,2,0.0589371608005415,0.0,0.0003953430516917
4470,31,89,3,0,1.0,0.0,0.0,3,38.0,5086.5,0.0460215574663921,3.962728098295054e-17,2,0.0531109335629498,0.0,0.0002664687266888
4471,27,102,2,0,1.0,0.0,0.0,2,42.0,9876.0,0.0454599832515851,1.2948675863003847e-17,1,0.0528788681828265,0.0,0.0001998503237028
4472,31,89,1,0,1.0,0.0,0.0,1,46.0,0.0,0.0385389524270178,1.5635238683535126e-17,1,0.0426056864542191,0.0,0.0001266418102248
4473,12,141,4,1,0.8,0.0,0.31999999999999984,5,34.0,137642.11633715846,0.0568855724830437,0.0,2,0.0703033124218818,0.0,0.0003573998440978
4474,12,141,2,2,0.5,0.0,0.625,4,33.0,605167.5540849711,0.0602387601058446,0.0,2,0.076494142737672,0.0,0.000258631685833
4475,27,102,2,0,1.0,0.0,0.0,2,43.0,4939.0,0.0434843843526636,4.882398568744465e-17,1,0.0497229263494702,0.0,0.0002208987987019
4476,25,102,4,2,0.6666666666666666,0.16666666666666666,0.5,6,34.0,959953.6487788392,0.0596366270296372,0.0,2,0.0761260535812309,0.0666666666666666,0.0003806620674279
4477,18,130,2,1,0.6666666666666666,0.0,0.4444444444444444,3,33.0,864188.0391899726,0.0622833007627813,0.0,2,0.076923105450068,0.0,0.0002037135496399
4478,31,89,3,0,1.0,0.0,0.0,3,37.0,36066.8359594341,0.0503198467994947,0.0,2,0.0612649985833325,0.0,0.0002432232140768
4479,31,89,2,0,1.0,0.0,0.0,2,36.0,40612.16929276719,0.0529106196112033,0.0,2,0.0654344998186152,0.0,0.0001578064465368
4480,31,89,2,0,1.0,0.0,0.0,2,37.0,21257.335959434156,0.0503167715781539,0.0,2,0.0610288312419018,0.0,0.0001604396490587
4481,31,89,2,0,1.0,0.0,0.0,2,36.0,26054.919292767525,0.0529072195863812,0.0,2,0.0653299114245531,0.0,0.0001570800533984
4482,27,102,3,0,1.0,0.0,0.0,3,40.0,32251.924210149835,0.0499196636991077,2.2809686231718545e-17,2,0.0603094066270875,0.0,0.0002609977582372
4483,27,102,2,1,0.6666666666666666,0.0,0.4444444444444444,3,39.0,95985.36330916292,0.0524850725653938,0.0,2,0.0650207931011662,0.0,0.0002342398971399
4484,12,141,2,0,1.0,0.0,0.0,2,33.0,57402.4542584823,0.0505391524972888,1.2827300579457335e-17,2,0.0564817713435227,0.0,0.0001760730856966
4485,31,89,7,0,1.0,0.0,0.0,7,38.0,49519.63777070071,0.0480143070971755,8.22108844082354e-17,2,0.0585008442389863,0.0,0.0005214785823472
4486,12,141,3,0,1.0,0.0,0.0,3,37.0,11020.659363749755,0.0440187124081087,2.524215476770705e-17,2,0.0487977564011185,0.0,0.0002425857915252
4487,12,141,3,0,1.0,0.0,0.0,3,36.0,45428.56631693114,0.0460361393012571,0.0,2,0.0515672207581,0.0,0.0002331654907218
4488,31,89,2,0,1.0,0.0,0.0,2,40.0,3316.763615736865,0.0443989071038251,0.0,2,0.0511747297510331,0.0,0.0001820687629178
4489,25,102,2,0,1.0,0.0,0.0,2,38.0,12706.276529755209,0.0464517099683112,1.2285409453936128e-17,2,0.052923810259515,0.0,0.0001866444254778
4490,31,89,2,0,1.0,0.0,0.0,2,40.0,23096.26854952961,0.0473035085031408,0.0,2,0.0550649232678999,0.0,0.0001799278005768
4491,25,102,5,0,1.0,0.0,0.0,5,38.0,45847.59402264448,0.0488866897575457,5.3835026772241504e-17,2,0.0591546680562508,0.0,0.0004006395409755
4492,25,102,3,0,1.0,0.0,0.0,3,37.0,51012.94164169167,0.0513620295279683,0.0,2,0.0633389312132527,0.0,0.0002242302095505
4493,12,141,4,0,1.0,0.0,0.0,4,33.0,21447.413215790388,0.0519196611558956,3.1838623536265777e-18,2,0.0591559010520224,0.0,0.0003262916835697
4494,31,89,2,0,1.0,0.0,0.0,2,36.0,63.44999999999999,0.0493245334638003,3.0763586052713685e-17,2,0.0565737793522746,0.0,0.0001804134929924
4495,31,89,1,1,0.5,0.0,0.5,2,40.0,2556.3723441124994,0.0448931742382246,0.0,2,0.0535457049646575,0.0,0.0001683847214026
4496,31,89,2,0,1.0,0.0,0.0,2,39.0,17027.792733469447,0.0458341065132677,0.0,2,0.05422995115965,0.0,0.0001698105498705
4497,12,141,3,0,1.0,0.3333333333333333,0.0,3,39.0,9876.0,0.040464937213817,1.2120855688887896e-17,2,0.0441650910064238,0.3333333333333333,0.0002489558957937
4498,31,89,2,0,1.0,0.0,0.0,2,42.0,24675.0,0.0455543055273786,0.0,1,0.0531717462579784,0.0,0.0001897314177756
4499,31,89,2,0,1.0,0.0,0.0,2,43.0,19744.0,0.0435729847494553,1.1342229809955897e-17,1,0.0500552555185015,0.0,0.0001995399212644
4500,31,89,5,0,1.0,0.0,0.0,5,41.0,57489.97882427154,0.0477234743462173,8.126895343877967e-17,2,0.0570289689387092,0.0,0.0004386395538744
4501,31,89,1,1,0.5,0.0,0.5,2,40.0,54518.77243234612,0.0498989898989899,0.0,2,0.0602348013482669,0.0,0.0001712949220944
4502,31,89,1,0,1.0,0.0,0.0,1,37.0,0.0,0.0487424641585018,0.0,1,0.0558629069349119,0.0,0.0001064467364203
4503,31,89,3,0,1.0,0.0,0.0,3,36.0,8646.729426129403,0.0512394979773882,4.1560394846418353e-17,2,0.0602071707123298,0.0,0.0002685476800265
4504,25,102,2,0,1.0,0.0,0.0,2,41.0,1933.0186147186107,0.0424322072478332,0.0,2,0.0486856155238735,0.0,0.0001766565408673
4505,12,141,2,0,1.0,0.0,0.0,2,34.0,16154.200349735238,0.0493265035097704,1.1682914031973393e-17,2,0.0548221253956776,0.0,0.0001777827455577
4506,12,141,3,0,1.0,0.0,0.0,3,33.0,25979.76701640212,0.0518689626207475,0.0,2,0.0585442881934456,0.0,0.0002441918021925
4507,12,141,3,0,1.0,0.0,0.0,3,34.0,77075.27018429602,0.0528709798255471,0.0,2,0.0618879174488274,0.0,0.000225101260479
4508,12,141,3,1,0.75,0.0,0.375,4,35.0,85210.63923113425,0.0538760197181869,0.0,2,0.0650641662042147,0.0,0.0002967355015361
4509,25,102,3,0,1.0,0.0,0.0,3,39.0,11019.762041518889,0.044441645600367,2.6141016550440264e-17,2,0.0504226897368169,0.0,0.0002781278129196
4510,12,141,2,0,1.0,0.0,0.0,2,34.0,5780.282454169304,0.0494311416192201,0.0,2,0.0558221757277118,0.0,0.0001723897308447
4511,31,89,2,0,1.0,0.0,0.0,2,35.0,5298.305194805201,0.0520701576861455,0.0,2,0.0613179733792299,0.0,0.0001719454418421
4512,31,89,4,0,1.0,0.0,0.0,4,36.0,27185.263188064884,0.0506786216235624,2.4337593274029282e-17,2,0.060740756615167,0.0,0.0003214597177271
4513,25,102,3,0,1.0,0.0,0.0,3,39.0,22437.521279596276,0.0468886442158016,4.2780339635549216e-17,2,0.0563945832044232,0.0,0.0002601237537799
4514,25,102,1,0,1.0,0.0,0.0,1,40.0,0.0,0.0447889750215331,6.650703328977111e-19,1,0.0524072413404823,0.0,0.0001040599573171
4515,25,102,2,0,1.0,0.0,0.0,2,40.0,11730.24069264063,0.0445868495870752,1.3456519736902985e-17,2,0.0518485856034166,0.0,0.0001826073595678
4516,25,102,3,0,1.0,0.0,0.0,3,38.0,85267.09592595736,0.0483323386394544,6.702876563348032e-18,2,0.0566705508984255,0.0,0.000247001181507
4517,25,102,2,0,1.0,0.0,0.0,2,37.0,89489.87211643423,0.0507311863292803,0.0,2,0.0599032081584216,0.0,0.0001652272621529
4518,31,89,4,0,1.0,0.0,0.0,4,37.0,9752.598948896866,0.0482605679897617,2.4490957301853608e-17,2,0.0568610807843456,0.0,0.0003298701189304
4519,25,102,2,0,1.0,0.0,0.0,2,42.0,3492.970416711192,0.0409774872671168,0.0,2,0.0473896573929446,0.0,0.000185275283994
4520,25,102,8,0,1.0,0.0,0.0,8,42.0,44886.43920556851,0.0410285372578984,1.0664632692511775e-16,2,0.0485171180008493,0.0,0.0007035231119491
4521,25,102,1,0,1.0,0.0,0.0,1,43.0,0.0,0.0394118538729725,0.0,1,0.0450770674005076,0.0,0.0001051075577241
4522,25,102,4,0,1.0,0.0,0.0,4,40.0,66550.97925929065,0.0441714280604808,3.3505661048155026e-18,2,0.0513806252908113,0.0,0.000341819005752
4523,31,89,2,0,1.0,0.0,0.0,2,37.0,8066.909536369489,0.0472885655482697,0.0,2,0.0545225254262022,0.0,0.0001786091561864
4524,25,102,2,0,1.0,0.0,0.0,2,40.0,13833.73675578679,0.0448617821206727,0.0,2,0.0532956079221691,0.0,0.0001715242273694
4525,15,135,2,0,1.0,0.0,0.0,2,38.0,4185.830425969422,0.0484546497827387,0.0,2,0.0567275746103937,0.0,0.0001689515503646
4526,12,141,3,0,1.0,0.0,0.0,3,36.0,9877.0,0.0478983856110922,2.7308177918738944e-17,1,0.0546832945224435,0.0,0.0002877984538309
4527,31,89,1,0,1.0,0.0,0.0,1,40.0,0.0,0.0422013019187069,0.0,1,0.0473550265326946,0.0,0.0001077258220981
4528,31,89,3,0,1.0,0.0,0.0,3,39.0,5213.808087346652,0.0440603287578376,4.321105675306278e-17,2,0.0504286093915046,0.0,0.0002730621000656
4529,31,89,2,0,1.0,0.0,0.0,2,41.0,700.3853174603174,0.0427738958014044,1.3929375083161933e-17,2,0.049447483278321,0.0,0.0001838673748257
4530,31,89,2,0,1.0,0.0,0.0,2,39.0,9288.82792864682,0.0470091163428049,0.0,2,0.0555118309524413,0.0,0.0001703363445965
4531,12,141,3,0,1.0,0.0,0.0,3,37.0,9511.071933621932,0.0487472740011249,7.714139067448012e-18,2,0.0569385155775318,0.0,0.0002505719542826
4532,12,141,2,1,0.6666666666666666,1.0,0.4444444444444444,3,34.0,9510.694805194811,0.0544826901655435,0.0,2,0.0647133213166165,0.3333333333333333,0.0002326816868014
4533,12,141,2,0,1.0,0.0,0.0,2,38.0,3038.047848802681,0.042166720726565,0.0,2,0.0462150677741363,0.0,0.0001666536554614
4534,12,141,5,0,1.0,0.0,0.0,5,34.0,22683.212401782774,0.0531680173926146,2.7247085614741505e-17,2,0.0627784478191046,0.0,0.0003994311691481
4535,12,141,3,0,1.0,0.0,0.0,3,33.0,55771.27895078632,0.0555006291569297,0.0,2,0.0653201892818432,0.0,0.0002265350695076
4536,12,141,2,0,1.0,0.0,0.0,2,33.0,2264.0895647497564,0.0554371002132196,0.0,2,0.0642245013440501,0.0,0.0001643679420889
4537,15,135,4,0,1.0,0.0,0.0,4,36.0,123298.75520093236,0.0535722031839673,0.0,2,0.0653819935538344,0.0,0.0002808281363655
4538,25,102,5,0,1.0,0.0,0.0,5,40.0,27012.443224806742,0.0442874560711468,9.042537507582284e-17,2,0.0512710205107433,0.0,0.0004678218905134
4539,15,135,3,0,1.0,0.0,0.0,3,40.0,9877.0,0.044133938462638,6.256855589760676e-17,1,0.049788009198011,0.0,0.0003208892653271
4540,12,141,3,0,1.0,0.0,0.0,3,34.0,56104.47473143058,0.0492066179912942,2.3593611446099908e-17,2,0.0550948288643437,0.0,0.0002608088800849
4541,12,141,3,0,1.0,0.0,0.0,3,34.0,18922.945935100688,0.0545217755998499,0.0,2,0.0652076661530668,0.0,0.0002418466192334
4542,12,141,4,0,1.0,0.16666666666666666,0.0,4,36.0,16649.505266955257,0.0511604304104226,0.0,2,0.060497138829193,0.1666666666666666,0.000295086953596
4543,25,102,2,0,1.0,0.0,0.0,2,36.0,49056.434115883705,0.0535756892176214,0.0,2,0.0650452880350835,0.0,0.0001524092248677
4544,25,102,1,0,1.0,0.0,0.0,1,42.0,0.0,0.0412071870672828,0.0,1,0.047412622824345,0.0,0.0001032623222592
4545,31,89,2,0,1.0,0.0,0.0,2,38.0,3286.8842903828213,0.0451809983720207,1.5187159378206562e-17,2,0.0514587555241904,0.0,0.0001836347134774
4546,12,141,2,0,1.0,0.0,0.0,2,34.0,19.0,0.0493141933036516,0.0,2,0.0547344207027098,0.0,0.0001752453943788
4547,12,141,3,0,1.0,0.3333333333333333,0.0,3,39.0,33.83333333333333,0.0404675890655591,1.0219102350696789e-17,2,0.0442141647397081,0.3333333333333333,0.0002384568968819
4548,31,89,2,0,1.0,0.0,0.0,2,41.0,4939.0,0.0432018330170446,3.221307613689599e-17,1,0.0483513768045985,0.0,0.0002189290762582
4549,31,89,3,0,1.0,0.0,0.0,3,40.0,14813.0,0.0451512658806324,4.2100406615381744e-17,1,0.0513289408883583,0.0,0.0002953349201039
4550,12,141,2,0,1.0,0.0,0.0,2,36.0,6162.820854376813,0.0448186387472555,1.4116516258574934e-17,2,0.0491936589816359,0.0,0.0001772616592236
4551,25,102,2,0,1.0,0.0,0.0,2,40.0,6857.740692640681,0.044586044748504,2.664347928869184e-17,2,0.0517979783159672,0.0,0.0001822546870222
4552,34,71,3,1,0.75,0.0,0.375,4,31.0,415961.26518246665,0.0583579444772593,0.0,2,0.0720013229351525,0.0,0.0002676939955448
4553,31,89,3,0,1.0,0.0,0.0,3,40.0,4389.088296240054,0.0441165964135171,3.5245233516120615e-17,2,0.0524879162198439,0.0,0.0002462279619277
4554,25,102,4,0,1.0,0.0,0.0,4,39.0,80537.64592595736,0.0461475226066811,3.389050713503329e-17,2,0.0537701907502394,0.0,0.00035160457132
4555,25,102,2,0,1.0,0.0,0.0,2,42.0,12141.543749668996,0.0412657043571237,0.0,2,0.0482463779098562,0.0,0.000180798529459
4556,31,89,2,0,1.0,0.0,0.0,2,38.0,26828.16067880553,0.0478450363196125,0.0,2,0.0551958766441483,0.0,0.0001745955537202
4557,31,89,2,0,1.0,0.0,0.0,2,35.0,6775.5372405372445,0.0520921208031044,0.0,2,0.0615099378475102,0.0,0.0001720460880038
4558,12,141,1,0,1.0,0.0,0.0,1,35.0,0.0,0.0469930176366507,3.788722004993376e-18,1,0.0513272421580384,0.0,0.0001060577170909
4559,27,102,1,0,1.0,0.0,0.0,1,44.0,0.0,0.0416726419948879,1.8151848954159988e-17,1,0.0468853381257448,0.0,0.0001242402165278
4560,31,89,1,1,0.5,0.0,0.5,2,37.0,39333.90706552854,0.0508806262230919,0.0,2,0.0605872204197443,0.0,0.0001672188100722
4561,31,89,3,0,1.0,0.0,0.0,3,36.0,5525.766666666666,0.0503824579296277,3.913276017934082e-17,2,0.058914497527891,0.0,0.0002705213833233
4562,31,89,4,0,1.0,0.0,0.0,4,39.0,20281.83008140157,0.0462993336269998,5.406460800093016e-17,2,0.0539372261989522,0.0,0.0003461971837052
4563,25,102,2,0,1.0,0.0,0.0,2,38.0,2450.2230769230746,0.0484456212611552,2.811671484378209e-17,2,0.0565802139058813,0.0,0.0001749699504672
4564,12,141,5,0,1.0,0.1,0.0,5,37.0,14814.0,0.0467506411651698,2.6381810139055138e-17,2,0.0537951377490629,0.1,0.0004229289428188
4565,12,141,3,0,1.0,0.3333333333333333,0.0,3,37.0,4939.0,0.0467501987356626,0.0,2,0.0536264467908982,0.3333333333333333,0.0002392248920367
4566,15,135,2,0,1.0,0.0,0.0,2,38.0,19744.0,0.048401003292052,1.4551504314031798e-17,1,0.0562063504454452,0.0,0.0001816898391951
4567,15,135,3,0,1.0,0.0,0.0,3,37.0,34428.46666666666,0.0508581017779745,0.0,2,0.0604325497340513,0.0,0.0002363690213024
4568,31,89,2,0,1.0,0.0,0.0,2,41.0,726.0642135642137,0.0429303901972712,1.1905633654528652e-17,2,0.0502244363403417,0.0,0.0001760988508978
4569,12,141,2,0,1.0,0.0,0.0,2,34.0,11220.986782375405,0.0544844928751047,0.0,2,0.0646627140291671,0.0,0.000166830446527
4570,25,102,5,0,1.0,0.0,0.0,5,37.0,45554.56530655086,0.0507228519796287,3.543603210756951e-17,2,0.0604287279602575,0.0,0.0004022157945798
4571,25,102,2,0,1.0,0.0,0.0,2,36.0,49804.34149702701,0.0533730930463719,0.0,2,0.0641562918238373,0.0,0.0001601742952275
4572,12,141,1,0,1.0,0.0,0.0,1,33.0,0.0,0.0579064587973273,0.0,1,0.0682502544285765,0.0,9.047030139425876e-05
4573,12,141,3,1,0.75,0.3333333333333333,0.375,4,32.0,248030.5000825407,0.0614649562653195,0.0,2,0.0753220330511856,0.1666666666666666,0.0002828803497162
4574,18,130,3,2,0.6,0.0,0.56,5,33.0,313516.0401069345,0.0609552953370432,4.951154523101687e-17,2,0.0752425106280292,0.0,0.000371941663526
4575,12,141,2,0,1.0,0.0,0.0,2,36.0,32061.139638820197,0.0511927708346287,0.0,2,0.0605356376970263,0.0,0.0001653688038808
4576,31,89,1,0,1.0,0.0,0.0,1,41.0,0.0,0.0432010774033878,1.9296651972777512e-18,1,0.0482164240380668,0.0,0.0001140364544423
4577,25,102,2,0,1.0,0.0,0.0,2,37.0,10871.624830360715,0.0507082734551426,0.0,2,0.059766269074114,0.0,0.0001644900211736
4578,12,141,1,0,1.0,0.0,0.0,1,36.0,0.0,0.049187020202523,0.0,1,0.056153589512784,0.0,0.0001028311228782
4579,25,102,4,0,1.0,0.0,0.0,4,41.0,21806.50803538299,0.0429778237909224,6.312128645804149e-17,2,0.0507171093185765,0.0,0.000343078094963
4580,25,102,1,0,1.0,0.0,0.0,1,39.0,0.0,0.0466086103274868,0.0,1,0.0546444553718952,0.0,9.846694904543924e-05
4581,25,102,3,0,1.0,0.0,0.0,3,38.0,55536.19942711412,0.0491630341752751,0.0,2,0.0605630674857885,0.0,0.0002333112023636
4582,25,102,2,1,0.6666666666666666,0.0,0.4444444444444444,3,37.0,66746.00695292192,0.0516385302879841,0.0,2,0.0653395624421234,0.0,0.0002152564938926
4583,31,89,2,0,1.0,0.0,0.0,2,39.0,4939.0,0.0462300083288881,3.200002069678378e-17,1,0.0531216313511156,0.0,0.0002040079194563
4584,25,102,2,0,1.0,0.0,0.0,2,39.0,11722.407359307295,0.0466345699990559,0.0,2,0.0550097558384102,0.0,0.0001759251910299
4585,25,102,3,0,1.0,0.0,0.0,3,41.0,6962.740692640682,0.0427243243243243,4.10005683002518e-17,2,0.04937605622829,0.0,0.0002732372640777
4586,25,102,2,0,1.0,0.0,0.0,2,41.0,2025.2406926406936,0.0427235853217674,1.3454868818043228e-17,2,0.0492411034617583,0.0,0.0001814782441293
4587,25,102,1,0,1.0,0.0,0.0,1,42.0,0.0,0.0409740884509472,0.0,1,0.0463815767056249,0.0,0.0001077754519015
4588,12,141,3,1,0.75,0.0,0.375,4,35.0,79155.45455389436,0.0482431297486279,5.3722479028126426e-18,2,0.0545977485030606,0.0,0.0003153111840606
4589,25,102,3,0,1.0,0.0,0.0,3,42.0,822.0000000000007,0.0410227452022487,2.3896671368679774e-17,2,0.0472947833291193,0.0,0.0002599827355251
4590,27,102,2,1,0.6666666666666666,0.0,0.4444444444444444,3,41.0,23869.54231073174,0.0476227200863764,2.754017614646069e-17,2,0.0566165614728265,0.0,0.0002668592017938
4591,12,141,2,0,1.0,0.0,0.0,2,35.0,4939.0,0.0516844528143963,2.759908006830251e-17,1,0.0598797699308431,0.0,0.0001977008702468
4592,25,102,3,0,1.0,0.0,0.0,3,43.0,10526.047429999651,0.0397240225799707,0.0,2,0.0466279021921566,0.0,0.0002736572018817
4593,12,141,1,0,1.0,0.0,0.0,1,38.0,0.0,0.0455396074743954,0.0,1,0.0515376924176371,0.0,0.0001017154046361
4594,18,130,1,0,1.0,0.0,0.0,1,34.0,0.0,0.0574538856970063,0.0,1,0.0682375971431196,0.0,9.358830987898296e-05
4595,18,130,1,0,1.0,0.0,0.0,1,34.0,0.0,0.0574538856970063,0.0,1,0.0682375971431196,0.0,9.358830987898296e-05
4596,31,89,1,1,0.5,0.0,0.5,2,35.0,4608.694805194801,0.051687156683233,1.457968938679331e-17,2,0.0599114063668318,0.0,0.0001729604395284
4597,25,102,2,0,1.0,0.0,0.0,2,41.0,7776.490843854369,0.0424982794218857,0.0,2,0.0487995786257729,0.0,0.0001886299441643
4598,25,102,2,0,1.0,0.0,0.0,2,40.0,12694.437946262997,0.0448210786092763,0.0,2,0.0529759832148922,0.0,0.0001769640524967
4599,12,141,1,0,1.0,0.0,0.0,1,38.0,0.0,0.0465225785186231,0.0,1,0.0533188001131011,0.0,0.0001023125098044
4600,12,141,2,0,1.0,0.0,0.0,2,34.0,11966.793916986646,0.0472682039996172,3.319601174075894e-17,2,0.0520793881325748,0.0,0.0001840866851535
4601,31,89,2,0,1.0,0.0,0.0,2,37.0,8864.989401640507,0.0483205195923078,0.0,2,0.057234285233967,0.0,0.0001638868022434
4602,12,141,6,0,1.0,0.06666666666666667,0.0,6,36.0,61735.62172858449,0.0490385856239514,0.0,2,0.0576930895407553,0.0666666666666666,0.0004520269686873
4603,15,135,1,0,1.0,0.0,0.0,1,38.0,0.0,0.050531914893617,0.0,1,0.0617102213274574,0.0,8.95251746806198e-05
4604,12,141,1,0,1.0,0.0,0.0,1,36.0,0.0,0.0510821346955235,0.0,1,0.0592851858377664,0.0,0.0001024203703031
4605,12,141,3,0,1.0,0.0,0.0,3,35.0,13484.679884291254,0.0538314009240693,0.0,2,0.0643571174050603,0.0,0.0002543369760832
4606,12,141,3,0,1.0,0.3333333333333333,0.0,3,38.0,16707.785484531134,0.042166360804063,0.0,2,0.0463792603067499,0.3333333333333333,0.0002355295144349
4607,31,89,3,0,1.0,0.0,0.0,3,35.0,52881.5219056626,0.0533097360412664,0.0,2,0.0649538670888522,0.0,0.0002304939756219
4608,31,89,4,0,1.0,0.0,0.0,4,34.0,364077.0538265802,0.0562770562770562,0.0,2,0.070650633697653,0.0,0.0002795317155481
4609,15,135,2,0,1.0,0.0,0.0,2,38.0,4939.0,0.0484346964987793,8.933300323011313e-19,1,0.05646256914802,0.0,0.000190506060827
4610,25,102,2,0,1.0,0.0,0.0,2,37.0,17552.776529754818,0.0486718688421218,2.9253584389254195e-17,2,0.0560916743692325,0.0,0.000182313689579
4611,12,141,3,0,1.0,0.0,0.0,3,37.0,5296.677489177492,0.0477119511676872,0.0,2,0.0553713660534177,0.0,0.0002518488619644
4612,31,89,1,0,1.0,0.0,0.0,1,40.0,0.0,0.0442509584721774,0.0,1,0.0503363250854329,0.0,0.0001039251286169
4613,31,89,2,0,1.0,0.0,0.0,2,37.0,3329.4126518662297,0.0482950101673705,0.0,2,0.0568508332158996,0.0,0.0001690101398034
4614,25,102,2,0,1.0,0.0,0.0,2,38.0,594.2238095238093,0.0483139034504342,0.0,2,0.0564189676863161,0.0,0.0001687185802518
4615,31,89,2,0,1.0,0.0,0.0,2,35.0,35623.62134584388,0.0521245502411024,0.0,2,0.0618272259912154,0.0,0.0001656045386078
4616,12,141,3,0,1.0,0.0,0.0,3,34.0,10014.666666666668,0.049896973859642,2.1921271739178688e-20,2,0.0565037796036459,0.0,0.000261636271337
4617,31,89,1,1,0.5,0.0,0.5,2,35.0,13027.962759462744,0.0538448961796283,0.0,2,0.0642977994737788,0.0,0.0001672047099168
4618,12,141,1,0,1.0,0.0,0.0,1,35.0,0.0,0.0504844050198258,0.0,1,0.0578343875354044,0.0,9.826152583476696e-05
4619,12,141,3,0,1.0,0.0,0.0,3,36.0,6503.698366237674,0.051108030375137,2.9708486445828657e-17,2,0.0598943208547965,0.0,0.0002688122144102
4620,25,102,3,0,1.0,0.0,0.0,3,41.0,46653.37731123861,0.0423808788455929,0.0,2,0.049103968210553,0.0,0.0002681210838166
4621,25,102,3,0,1.0,0.0,0.0,3,38.0,17038.490569812195,0.0482950101673705,0.0,2,0.0564067745263497,0.0,0.0002443991545212
4622,31,89,3,0,1.0,0.0,0.0,3,38.0,34635.407065528605,0.048469387755102,1.4593639781980072e-17,2,0.0569307784897453,0.0,0.0002616964886665
4623,31,89,1,0,1.0,0.0,0.0,1,40.0,0.0,0.0441876274643099,1.6813032277616618e-17,1,0.0498421641158299,0.0,0.0001170615928485
4624,12,141,2,0,1.0,0.0,0.0,2,35.0,8772.302906681034,0.0459214501510574,3.286062654235264e-17,2,0.0503288214440597,0.0,0.0001839312734398
4625,12,141,1,0,1.0,0.0,0.0,1,37.0,0.0,0.0486234829768595,0.0,1,0.0555801259199315,0.0,0.0001065216878291
4626,12,141,3,0,1.0,0.0,0.0,3,35.0,11857.26357494191,0.0481636393771875,0.0,2,0.0554274913761229,0.0,0.0002565688976702
4627,34,71,3,0,1.0,0.0,0.0,3,32.0,140140.4650185665,0.0551942973341377,0.0,2,0.0665728005076143,0.0,0.0002090821553557
4628,25,102,4,0,1.0,0.16666666666666666,0.0,4,35.0,64490.50816369464,0.0563290345385922,0.0,2,0.0695031511591491,0.1666666666666666,0.000289126508562
4629,31,89,1,0,1.0,0.0,0.0,1,38.0,0.0,0.045142188756488,1.6938676095655206e-17,1,0.05085808294388,0.0,0.0001144392928954
4630,31,89,2,0,1.0,0.0,0.0,2,36.0,16537.923796963838,0.050620977989097,1.1887706406622169e-17,2,0.0599781957656802,0.0,0.0001704119269915
4631,12,141,2,0,1.0,0.0,0.0,2,34.0,61.19999999999989,0.0528009063799313,1.4376309499033818e-17,2,0.0606396526681739,0.0,0.0001635643807185
4632,34,71,2,0,1.0,0.0,0.0,2,32.0,1564.454514310937,0.0533667505698575,0.0,2,0.0625064706197316,0.0,0.0001604069944991
4633,25,102,2,0,1.0,0.0,0.0,2,39.0,12144.591002712375,0.0461044536528913,0.0,2,0.0529701512710495,0.0,0.0001782493726221
4634,12,141,2,0,1.0,0.0,0.0,2,33.0,17972.500438596497,0.0549872549783501,0.0,2,0.0630596967752251,0.0,0.0001678357344251
4635,25,102,1,0,1.0,0.0,0.0,1,44.0,0.0,0.0382066095887762,0.0,1,0.043721178035652,0.0,0.0001078944342793
4636,25,102,1,1,0.5,0.0,0.5,2,36.0,22438.443196421344,0.0511318352602651,0.0,2,0.0600034003717709,0.0,0.0001708978392268
4637,12,141,3,0,1.0,0.0,0.0,3,35.0,7835.685148612957,0.0517093390834676,4.099901538898673e-17,2,0.0602810791479421,0.0,0.0002677002686552
4638,31,89,1,0,1.0,0.0,0.0,1,42.0,0.0,0.0414130744597018,1.7235053815402326e-17,1,0.0456949939644467,0.0,0.0001234030844892
4639,31,89,2,0,1.0,0.0,0.0,2,37.0,9934.666666666668,0.0482209966323393,0.0,2,0.0563760621447071,0.0,0.0001718571386809
4640,12,141,3,0,1.0,0.0,0.0,3,38.0,4940.5,0.0446658649716543,1.8776091059196248e-17,2,0.0503934157263238,0.0,0.0002574056145203
4641,12,141,3,0,1.0,0.0,0.0,3,37.0,14807.0,0.0467501987356626,0.0,2,0.0536095776950817,0.0,0.0002522493747615
4642,12,141,1,0,1.0,0.0,0.0,1,36.0,0.0,0.049167438018174,0.0,1,0.0559398951998994,0.0,0.0001062066365318
4643,31,89,4,0,1.0,0.0,0.0,4,34.0,61991.29711452035,0.0549255058928174,3.3160696894439804e-17,2,0.0666551241553598,0.0,0.0003060712265848
4644,31,89,2,1,0.6666666666666666,0.0,0.4444444444444444,3,33.0,389707.0770783669,0.0580609522466297,0.0,2,0.0723662495725284,0.0,0.0002087106014555
4645,12,141,2,0,1.0,0.0,0.0,2,38.0,4939.0,0.0446634419782107,3.055410837199041e-17,1,0.0501741174807098,0.0,0.0001998174188329
4646,12,141,2,0,1.0,0.0,0.0,2,35.0,7311.639177489179,0.0538296411720478,0.0,2,0.0641951740852222,0.0,0.0001550633994449
4647,31,89,1,0,1.0,0.0,0.0,1,45.0,0.0,0.0400827619781735,3.3395644391620997e-18,1,0.0447724631385641,0.0,0.0001189040687097
4648,31,89,3,0,1.0,0.0,0.0,3,39.0,34245.05893234937,0.0472831340869282,2.1295570143799345e-17,2,0.0545874082892336,0.0,0.0002647088800186
4649,34,71,5,0,1.0,0.1,0.0,5,32.0,91187.19957035183,0.0534123345731338,0.0,2,0.0636885925913277,0.1,0.0003326178732137
4650,12,141,1,0,1.0,0.0,0.0,1,38.0,0.0,0.0464818683076459,8.001312951613603e-19,1,0.0529569572478346,0.0,0.0001013536141263
4651,12,141,6,0,1.0,0.06666666666666667,0.0,6,33.0,85783.74845422065,0.057615376540978,0.0,2,0.0708733228788106,0.0666666666666666,0.0004279327764365
4652,12,141,4,2,0.6666666666666666,0.16666666666666666,0.5,6,32.0,1098422.2495730247,0.0610849377403519,0.0,2,0.0774168636462168,0.0666666666666666,0.0003805535235739
4653,31,89,2,0,1.0,0.0,0.0,2,37.0,4939.0,0.0472758940790292,1.48730944966491e-17,1,0.0543187183246218,0.0,0.0001978378019196
4654,31,89,4,0,1.0,0.0,0.0,4,36.0,32694.48905135967,0.0496203141950259,5.5209293789549115e-17,2,0.0584344753670616,0.0,0.0003303820041364
4655,31,89,4,1,0.8,0.0,0.31999999999999984,5,35.0,492062.8639796601,0.0558122719210041,0.0,2,0.0715614043050718,0.0,0.0003443233851111
4656,31,89,1,1,0.5,0.0,0.5,2,34.0,217591.2412425856,0.0580309420042994,0.0,2,0.0715576556833196,0.0,0.0001521232853477
4657,31,89,1,1,0.5,0.0,0.5,2,41.0,7798.583827316651,0.0465120658324624,1.3465165895692677e-17,2,0.054450096866165,0.0,0.0001826240524864
4658,12,141,2,0,1.0,0.0,0.0,2,33.0,9855.0,0.0518602502729486,0.0,2,0.0583152774381189,0.0,0.0001698543327307
4659,25,102,2,1,0.6666666666666666,0.0,0.4444444444444444,3,39.0,24797.56029037508,0.046933191457019,1.9395369261459552e-17,2,0.0568376320584031,0.0,0.0002409243709774
4660,12,141,5,0,1.0,0.0,0.0,5,32.0,134801.82049190463,0.0546932087420562,0.0,2,0.0629679957781025,0.0,0.0003752742096467
4661,25,102,3,0,1.0,0.0,0.0,3,36.0,110087.4969467959,0.0533967464735448,6.7567040500084034e-18,2,0.0643530760337794,0.0,0.0002290071775754
4662,25,102,4,0,1.0,0.16666666666666666,0.0,4,35.0,168196.39772934763,0.0563553811403408,0.0,2,0.0697153731476868,0.1666666666666666,0.0002753840239163
4663,25,102,1,0,1.0,0.0,0.0,1,41.0,0.0,0.0422540030108115,0.0,1,0.0472737799157853,0.0,0.0001090029455078
4664,25,102,3,0,1.0,0.0,0.0,3,40.0,8265.919277997398,0.0441177783930054,3.847045347391696e-17,2,0.050314900819483,0.0,0.0002775695944528
4665,12,141,1,0,1.0,0.0,0.0,1,36.0,0.0,0.0491449377729583,1.7178209412936902e-17,1,0.0557062590654537,0.0,0.0001143810969344
4666,25,102,1,0,1.0,0.0,0.0,1,40.0,0.0,0.0441122630305303,0.0,1,0.0501285751119023,0.0,0.000105074198485
4667,15,135,3,0,1.0,0.0,0.0,3,38.0,14925.0,0.0484422958118007,0.0,2,0.0567927214518563,0.0,0.0002439410597195
4668,12,141,1,0,1.0,0.0,0.0,1,39.0,0.0,0.0427542754275427,1.837503768927212e-17,1,0.0472317849592853,0.0,0.0001152806300834
4669,25,102,2,0,1.0,0.0,0.0,2,39.0,16594.407359307752,0.0466354504946756,0.0,2,0.0550367463917166,0.0,0.0001760750768617
4670,31,89,3,0,1.0,0.0,0.0,3,37.0,32504.20760218301,0.0488122999090945,1.2033001602359784e-17,2,0.0571897516181798,0.0,0.0002443640375366
4671,31,89,2,0,1.0,0.0,0.0,2,45.0,4939.0,0.0400834124453315,3.3862267108321293e-17,1,0.0449074159050957,0.0,0.0002265496074008
4672,31,89,2,0,1.0,0.0,0.0,2,37.0,11640.923796963853,0.0482017055988134,1.374698318666578e-17,2,0.0561058156345823,0.0,0.0001758754670256
4673,12,141,2,0,1.0,0.0,0.0,2,35.0,9876.0,0.0504864688087646,0.0,1,0.0580199475893856,0.0,0.0001891049509811
4674,31,89,3,0,1.0,0.0,0.0,3,44.0,14813.0,0.0417561239497574,5.969071469008762e-17,1,0.0474348849448928,0.0,0.0003125147351655
4675,12,141,3,0,1.0,0.3333333333333333,0.0,3,36.0,2445.4833333333336,0.0511201945464893,7.939070471908578e-18,2,0.0599364059626711,0.3333333333333333,0.0002256959960072
4676,31,89,3,0,1.0,0.0,0.0,3,38.0,6982.757130297175,0.046030991716285,1.5964163999839485e-17,2,0.053180477291283,0.0,0.0002579723681459
4677,25,102,3,1,0.75,0.0,0.375,4,36.0,91404.4112779831,0.053576270267339,0.0,2,0.065528023922678,0.0,0.0002951211507627
4678,25,102,3,0,1.0,0.0,0.0,3,35.0,133605.2919806134,0.0565469717608543,0.0,2,0.0706303384680164,0.0,0.0002059759518695
4679,31,89,2,0,1.0,0.0,0.0,2,40.0,3108.483853832103,0.044423661444938,0.0,2,0.0513197702705675,0.0,0.0001787671402485
4680,12,141,1,0,1.0,0.0,0.0,1,35.0,0.0,0.0516666143725225,0.0,1,0.0595809605530862,0.0,9.854969000664208e-05
4681,25,102,2,0,1.0,0.0,0.0,2,40.0,4939.0,0.0442307520123201,3.125278884724461e-17,1,0.0503760376225778,0.0,0.0002086017826547
4682,12,141,1,0,1.0,0.0,0.0,1,35.0,0.0,0.049577984966028,0.0,1,0.055109062784399,0.0,0.0001056072749349
4683,12,141,3,0,1.0,0.0,0.0,3,34.0,13183.16710526316,0.0521636290680239,4.289414375275913e-17,2,0.0591727858102206,0.0,0.0002655848747837
4684,25,102,2,0,1.0,0.0,0.0,2,37.0,7181.956410256453,0.0508670044071007,5.944585897198514e-19,2,0.0604362164529508,0.0,0.0001674337005652
4685,15,135,1,1,0.5,0.0,0.5,2,38.0,46066.00751052103,0.0484736682006849,0.0,2,0.0569016431194824,0.0,0.0001729629219091
4686,15,135,5,0,1.0,0.0,0.0,5,37.0,78989.35460315844,0.0508984503791625,1.4873105242872376e-17,2,0.0610837457040737,0.0,0.0003854295662123
4687,31,89,2,0,1.0,0.0,0.0,2,40.0,8000.60386475385,0.0465510742555597,2.9023293615891723e-17,2,0.0542518199687653,0.0,0.0001803663958398
4688,12,141,2,0,1.0,0.0,0.0,2,32.0,60596.44526878757,0.0521751988255299,0.0,2,0.0588930603700308,0.0,0.0001689859041404
4689,31,89,4,0,1.0,0.0,0.0,4,36.0,58756.44925367843,0.050652639781804,2.1934548988566212e-17,2,0.0606383571292833,0.0,0.00031058559548
4690,31,89,2,0,1.0,0.0,0.0,2,35.0,63267.46195209107,0.0533114619643223,0.0,2,0.064777564534007,0.0,0.0001557581556729
4691,31,89,3,0,1.0,0.0,0.0,3,37.0,5055.320634920635,0.0482459567153683,0.0,2,0.0566681018936113,0.0,0.0002532507917577
4692,20,122,1,0,1.0,0.0,0.0,1,37.0,0.0,0.0460859587092199,2.120327594183772e-21,1,0.0515764028785822,0.0,0.0001017159299646
4693,20,122,1,0,1.0,0.0,0.0,1,36.0,0.0,0.0481673963279673,2.394534394086209e-18,1,0.0542542352676514,0.0,9.838854898225788e-05
4694,20,122,2,1,0.6666666666666666,0.0,0.4444444444444444,3,36.0,39717.50547882588,0.0483120134569495,1.633959282904357e-17,2,0.0552924013304413,0.0,0.0002518507160651
4695,20,122,4,0,1.0,0.0,0.0,4,35.0,51920.98482451077,0.0506043843474697,1.6871767615519034e-16,2,0.0584507495353406,0.0,0.0003201426913068
4696,31,89,1,0,1.0,0.0,0.0,1,37.0,0.0,0.0482346508358069,0.0,1,0.056099690240567,0.0,9.866841709658288e-05
4697,25,102,2,0,1.0,0.0,0.0,2,44.0,4939.0,0.0379200761471974,3.009979255689788e-17,1,0.0428297716752836,0.0,0.0002187335661723
4698,25,102,1,0,1.0,0.0,0.0,1,44.0,0.0,0.0379194939973594,0.0,1,0.042694818908752,0.0,0.0001139115723749
4699,25,102,3,0,1.0,0.0,0.0,3,43.0,14813.0,0.0394137405554624,0.0,1,0.0453975802210206,0.0,0.0002948941598661
4700,12,141,3,0,1.0,0.0,0.0,3,34.0,4940.0,0.0493097631334657,5.858721938509822e-17,2,0.0547512897985263,0.0,0.0002671746706284
4701,25,102,1,0,1.0,0.0,0.0,1,40.0,0.0,0.0441122630305303,0.0,1,0.0501285751119023,0.0,0.000105074198485
4702,31,89,2,0,1.0,0.0,0.0,2,36.0,393.7551948051952,0.0495079272814736,3.2446733856550504e-17,2,0.0571842226660166,0.0,0.0001801107743843
4703,12,141,3,0,1.0,0.0,0.0,3,37.0,29043.9521511967,0.0440183201753604,0.0,2,0.0488927856408846,0.0,0.0002367211626962
4704,34,71,2,0,1.0,0.0,0.0,2,36.0,9886.833333333332,0.0452613061643333,2.5086983020458962e-17,2,0.0509010481885305,0.0,0.0001871640226604
4705,34,71,2,0,1.0,0.0,0.0,2,35.0,14783.166666666666,0.0473870002302202,3.0028013520543663e-17,2,0.0537718626525786,0.0,0.0001868790441542
4706,34,71,2,0,1.0,0.0,0.0,2,33.0,7404.5,0.0522673889582495,1.6979488417602112e-17,2,0.0606528510011963,0.0,0.0001760351766357
4707,34,71,2,0,1.0,0.0,0.0,2,35.0,2.0,0.0473252605763335,3.2993088737116853e-17,2,0.0530992896115843,0.0,0.0001874840354705
4708,34,71,5,0,1.0,0.0,0.0,5,34.0,56195.6067654568,0.0497562547842552,0.0,2,0.0582672858546114,0.0,0.0003864442507911
4709,34,71,2,0,1.0,0.0,0.0,2,36.0,9.666666666666664,0.0452749951883861,0.0,2,0.0511716766828431,0.0,0.000164875302536
4710,34,71,2,0,1.0,0.0,0.0,2,37.0,4923.166666666666,0.043292319556911,3.0958903336065204e-17,2,0.0479723921134266,0.0,0.0001962981600078
4711,34,71,2,0,1.0,0.0,0.0,2,37.0,4956.833333333333,0.0433052229254694,3.5536430306125556e-17,2,0.0481372199756229,0.0,0.0001933563537868
4712,34,71,2,0,1.0,0.0,0.0,2,35.0,121.91666666666669,0.0456680102059682,0.0,2,0.0520308063476749,0.0,0.0001613744652671
4713,34,71,2,0,1.0,0.0,0.0,2,34.0,2469.5,0.049673702098563,3.248691720136057e-17,2,0.0565520201261871,0.0,0.0001848538922246
4714,34,71,2,0,1.0,0.0,0.0,2,36.0,9853.166666666666,0.0452472109765703,3.6445647777232544e-17,2,0.0506622299891861,0.0,0.0001932085388483
4715,34,71,2,0,1.0,0.0,0.0,2,35.0,108.25,0.0460885385081867,0.0,2,0.0525150877620553,0.0,0.0001608328126468
4716,34,71,2,0,1.0,0.0,0.0,2,34.0,2469.5,0.049673702098563,3.623612411477899e-17,2,0.0565520201261871,0.0,0.0001848538922247
4717,34,71,2,0,1.0,0.0,0.0,2,36.0,3963.802625152624,0.0452758250923388,0.0,2,0.0512222839702925,0.0,0.0001686890222619
4718,34,71,2,0,1.0,0.0,0.0,2,35.0,7380.333333333333,0.0460575999701651,3.197255862590852e-17,2,0.0517379044190824,0.0,0.0001836618085669
4719,34,71,3,0,1.0,0.0,0.0,3,32.0,24677.0,0.0551468536152446,1.0535789926678913e-17,2,0.0657368163163668,0.0,0.0002368731012731
4720,34,71,2,0,1.0,0.0,0.0,2,36.0,16.583333333333336,0.0436754577523937,2.629556238009887e-17,2,0.0488968701502908,0.0,0.0001750992114706
4721,34,71,3,0,1.0,0.0,0.0,3,34.0,14874.866666666669,0.0482926495459122,0.0,2,0.0556566765611271,0.0,0.0002394300199681
4722,12,141,3,0,1.0,0.0,0.0,3,35.0,5039.999999999999,0.0517309988062077,0.0,2,0.060619110999132,0.0,0.0002557866910543
4723,12,141,3,0,1.0,0.0,0.0,3,34.0,17190.404264883877,0.054499520095319,0.0,2,0.0649172767179405,0.0,0.0002474778027282
4724,34,71,2,0,1.0,0.0,0.0,2,38.0,10.0,0.0415045831477949,3.2591847415374044e-17,2,0.0456537824693956,0.0,0.0001972383621594
4725,34,71,2,0,1.0,0.0,0.0,2,34.0,21546.978083028083,0.0482836812886074,0.0,2,0.0553029075231478,0.0,0.0001591472419639
4726,34,71,3,0,1.0,0.3333333333333333,0.0,3,33.0,4939.0,0.0506770619614279,7.592933670931808e-18,2,0.058326440049487,0.3333333333333333,0.0002471735133317
4727,34,71,6,0,1.0,0.0,0.0,6,35.0,16840.478083028076,0.0460941290635613,9.728795013922224e-17,2,0.0529458120085695,0.0,0.0004736654673889
4728,34,71,5,0,1.0,0.0,0.0,5,35.0,19441.406765456777,0.0474206615854243,1.4838148453385266e-17,2,0.0549118922136609,0.0,0.0003759625312207
4729,34,71,2,0,1.0,0.0,0.0,2,35.0,2454.733333333332,0.0473992765373581,0.0,2,0.0540568700428492,0.0,0.0001661257532917
4730,34,71,2,0,1.0,0.0,0.0,2,35.0,1041.4984848484848,0.0460889685027616,0.0,2,0.0523761185441386,0.0,0.0001632900004957
4731,34,71,2,0,1.0,0.0,0.0,2,36.0,2461.333333333333,0.044037547803917,3.301430695342585e-17,2,0.0489301256090205,0.0,0.0001884873688502
4732,34,71,2,0,1.0,0.0,0.0,2,33.0,7404.5,0.0522673889582495,2.1810836692684705e-17,2,0.0606528510011963,0.0,0.0001760351766355
4733,34,71,5,0,1.0,0.0,0.0,5,33.0,101269.645691989,0.0523371615035809,1.624899821803696e-17,2,0.0621614301413544,0.0,0.0003840818575096
4734,34,71,2,0,1.0,0.0,0.0,2,36.0,2495.666666666667,0.0440512921117868,2.915873262674351e-17,2,0.0491640364350366,0.0,0.0001833915328574
4735,34,71,2,0,1.0,0.0,0.0,2,38.0,26.83333333333333,0.0415112097072367,3.379090732696894e-17,2,0.0457266408975172,0.0,0.0001963609813567
4736,34,71,2,0,1.0,0.0,0.0,2,36.0,989.7807081807076,0.0440650450016502,0.0,2,0.0494839796497166,0.0,0.0001718779998347
4737,34,71,2,0,1.0,0.0,0.0,2,34.0,12312.333333333332,0.0482775470315172,1.1306922489897302e-19,2,0.0551024062700152,0.0,0.0001722269405317
4738,34,71,2,0,1.0,0.0,0.0,2,37.0,19.0,0.0421966157289166,3.548750293567848e-17,2,0.0466059641605797,0.0,0.0001884067603053
4739,34,71,4,0,1.0,0.0,0.0,4,33.0,45707.56107346653,0.0507223311736983,0.0,2,0.0592996262200423,0.0,0.0003002938579353
4740,34,71,2,0,1.0,0.0,0.0,2,34.0,5966.105593200053,0.0497377191127757,0.0,2,0.057445760888349,0.0,0.0001719450689088
4741,34,71,2,0,1.0,0.0,0.0,2,35.0,304.3382712891723,0.0460713453019351,3.3588344836554716e-17,2,0.05189462635212,0.0,0.0001790067901582
4742,34,71,2,0,1.0,0.0,0.0,2,34.0,3920.294406799791,0.0482770752301467,8.787023860883926e-19,2,0.0550922848125253,0.0,0.000170248557708
4743,34,71,2,0,1.0,0.0,0.0,2,32.0,1322.0932039391707,0.0533621388063732,2.985122143130501e-17,2,0.0611836241814343,0.0,0.0001717146764833
4744,34,71,2,0,1.0,0.0,0.0,2,35.0,7427.666666666668,0.0460777912508161,0.0,2,0.0521815616390553,0.0,0.000171671606231
4745,34,71,2,0,1.0,0.0,0.0,2,34.0,19713.166666666664,0.0497392214905656,0.0,2,0.0574693776224921,0.0,0.0001750757366215
4746,34,71,2,0,1.0,0.0,0.0,2,35.0,14816.833333333332,0.0474024603220296,0.0,2,0.054158084617748,0.0,0.0001755984593447
4747,34,71,2,0,1.0,0.0,0.0,2,35.0,1325.3771978225896,0.0473933649289099,3.2731433507383e-17,2,0.0538404636422322,0.0,0.000179512767183
4748,34,71,2,0,1.0,0.0,0.0,2,35.0,99.86666666666666,0.0456650551400918,0.0,2,0.051868863027837,0.0,0.0001636701075976
4749,34,71,4,0,1.0,0.16666666666666666,0.0,4,32.0,35364.7807081807,0.0533794370306337,0.0,2,0.0629831430700884,0.1666666666666666,0.0002891796548857
4750,34,71,2,0,1.0,0.0,0.0,2,33.0,27905.04848484849,0.0507218103784627,0.0,2,0.0590297206869787,0.0,0.0001502752432129
4751,34,71,5,0,1.0,0.0,0.0,5,34.0,23240.24848484849,0.0482997321027004,4.034541390056281e-17,2,0.0559715663497007,0.0,0.0003727763393365
4752,34,71,1,0,1.0,0.0,0.0,1,35.0,0.0,0.0473983669631463,0.0,1,0.0539219172763175,0.0,9.60537497140491e-05
4753,34,71,3,0,1.0,0.3333333333333333,0.0,3,32.0,15664.864041514043,0.0533950150241034,0.0,2,0.063084678961098,0.3333333333333333,0.000205659702444
4754,34,71,3,0,1.0,0.0,0.0,3,33.0,26438.64474969476,0.0507061914928559,0.0,2,0.0588404654977233,0.0,0.0002177167306032
4755,34,71,3,0,1.0,0.0,0.0,3,35.0,9877.0,0.0460700563285709,5.541333941417473e-17,1,0.0520842028574859,0.0,0.0002890142484355
4756,34,71,1,0,1.0,0.0,0.0,1,34.0,0.0,0.0482332379734229,0.0,1,0.0542960780952664,0.0,0.0001003907225235
4757,34,71,1,0,1.0,0.0,0.0,1,34.0,0.0,0.0497347146294562,0.0,1,0.0572332102810614,0.0,9.565214285617928e-05
4758,34,71,1,0,1.0,0.0,0.0,1,36.0,0.0,0.0440414738737774,1.969058380055977e-18,1,0.0488518048070155,0.0,0.0001122455974696
4759,15,135,2,0,1.0,0.0,0.0,2,39.0,632.957142857143,0.0465690664504755,1.094026091918377e-17,2,0.0545033636416739,0.0,0.0001719301106563
4760,25,102,1,0,1.0,0.0,0.0,1,39.0,0.0,0.0460537355732478,1.3681846306127574e-18,1,0.0523124789838222,0.0,0.0001125397791466
4761,25,102,3,0,1.0,0.0,0.0,3,38.0,9877.0,0.0482766034379977,3.171035109480944e-17,1,0.0560843338091724,0.0,0.0002900525367074
4762,25,102,1,0,1.0,0.0,0.0,1,42.0,0.0,0.0405872831990009,1.7479202124711878e-17,1,0.0453046920999992,0.0,0.0001160563640631
4763,15,135,2,0,1.0,0.0,0.0,2,39.0,14811.0,0.0461695187715543,1.5856767980077928e-17,1,0.0527295087084586,0.0,0.0001984950339135
4764,31,89,1,0,1.0,0.0,0.0,1,42.0,0.0,0.0455501051156271,0.0,1,0.0529153360015684,0.0,0.0001049269512382
4765,31,89,1,0,1.0,0.0,0.0,1,42.0,0.0,0.0455501051156271,0.0,1,0.0529153360015684,0.0,0.0001049269512382
4766,31,89,1,0,1.0,0.0,0.0,1,39.0,0.0,0.0439971499821873,0.0,1,0.0497060576926163,0.0,0.0001058576996414
4767,31,89,3,0,1.0,0.0,0.0,3,40.0,12357.574876326593,0.0438608173738557,4.2160402436786085e-17,2,0.0511545197864244,0.0,0.0002686938476686
4768,25,102,2,0,1.0,0.0,0.0,2,41.0,4939.0,0.0423039375203384,9.839678921686109e-18,1,0.0480824603828664,0.0,0.0002016426752555
4769,31,89,2,0,1.0,0.0,0.0,2,41.0,4939.0,0.0420189510572784,3.3721296123569586e-17,1,0.0480333705284793,0.0,0.0002071117708074
4770,31,89,1,0,1.0,0.0,0.0,1,42.0,0.0,0.0403248846985837,1.6477517250298248e-17,1,0.0453020498990679,0.0,0.0001183807296726
4771,25,102,2,1,0.6666666666666666,0.0,0.4444444444444444,3,39.0,41337.96346290193,0.0462763466042154,2.3999035668757746e-18,2,0.0537995009069941,0.0,0.0002720529479065
4772,27,102,1,0,1.0,0.0,0.0,1,41.0,0.0,0.047546632273961,0.0,1,0.0558126300175495,0.0,0.0001043075919134
4773,15,135,1,0,1.0,0.0,0.0,1,39.0,0.0,0.0461975835110163,1.53000523380245e-17,1,0.0526793553081027,0.0,0.000111323302931
4774,34,71,1,0,1.0,0.0,0.0,1,36.0,0.0,0.044063472808199,0.0,1,0.0492984195957355,0.0,9.746083495967316e-05
4775,34,71,1,0,1.0,0.0,0.0,1,36.0,0.0,0.044063472808199,0.0,1,0.0492984195957355,0.0,9.746083495967316e-05
4776,25,102,1,0,1.0,0.0,0.0,1,42.0,0.0,0.0406581015794108,0.0,1,0.0459428435291438,0.0,0.0001063258674942
4777,25,102,1,0,1.0,0.0,0.0,1,39.0,0.0,0.0460537355732478,1.6540407873554342e-18,1,0.0523124789838222,0.0,0.0001125397791466
4778,31,89,1,0,1.0,0.0,0.0,1,38.0,0.0,0.0460391425908667,0.0,1,0.0528172425463499,0.0,0.0001004556273523
4779,15,135,2,0,1.0,0.0,0.0,2,39.0,9876.0,0.0462062256809338,1.4564027780373718e-17,1,0.0530316784235841,0.0,0.0001907966674863
4780,15,135,2,0,1.0,0.0,0.0,2,40.0,4939.0,0.0441666890182299,4.5328746825746636e-17,1,0.0498754838578541,0.0,0.0002148748395754
4781,31,89,1,0,1.0,0.0,0.0,1,38.0,0.0,0.0460258452823508,0.0,1,0.0527194886622777,0.0,0.0001021126180776
4782,31,89,2,0,1.0,0.0,0.0,2,38.0,124.9277777777778,0.046057170560704,0.0,2,0.0531551114925187,0.0,0.0001742588884385
4783,34,71,1,0,1.0,0.0,0.0,1,34.0,0.0,0.0482332379734229,0.0,1,0.0542960780952664,0.0,0.0001003907225234
4784,34,71,3,0,1.0,0.3333333333333333,0.0,3,33.0,4939.0,0.0506770619614279,9.09231195860967e-18,2,0.058326440049487,0.3333333333333333,0.0002471735133315
4785,12,141,1,0,1.0,0.0,0.0,1,37.0,0.0,0.0439333706855918,1.8506275866123095e-17,1,0.0486124657148964,0.0,0.0001160949432737
4786,12,141,2,0,1.0,0.0,0.0,2,36.0,4939.0,0.0459517785384729,3.148252147104163e-17,1,0.0517451079121493,0.0,0.0002017334498688
4787,12,141,1,0,1.0,0.0,0.0,1,40.0,0.0,0.0388881454133243,1.4766183005411717e-17,1,0.0417399601720445,0.0,0.000116674803947
4788,12,141,2,0,1.0,0.0,0.0,2,36.0,17233.0,0.0460275606324596,0.0,2,0.0511932088051405,0.0,0.0001732608212565
4789,12,141,1,0,1.0,0.0,0.0,1,35.0,0.0,0.0468993278395929,0.0,1,0.0515248801564357,0.0,0.0001042540764369
4790,12,141,1,0,1.0,0.0,0.0,1,36.0,0.0,0.0453710506980161,1.856172165897521e-17,1,0.0496840739917844,0.0,0.000117050240723
4791,12,141,2,0,1.0,0.0,0.0,2,35.0,4939.0,0.0475269624113679,3.2819875712063404e-17,1,0.0528449797977353,0.0,0.0002039812085729
4792,12,141,3,0,1.0,0.0,0.0,3,37.0,12326.833333333334,0.0440104769880441,3.9282824319789404e-17,2,0.0486062519990879,0.0,0.0002678787090498
4793,12,141,3,0,1.0,0.0,0.0,3,38.0,9897.833333333334,0.042166360804063,7.812001758426475e-18,2,0.046402877040893,0.0,0.0002596447676085
4794,12,141,2,0,1.0,0.0,0.0,2,39.0,4939.0,0.0404612914851095,3.1542832854773643e-17,1,0.0439424189416466,0.0,0.0002030978279236
4795,12,141,1,0,1.0,0.0,0.0,1,38.0,0.0,0.0421555659854076,0.0,1,0.0458115750680121,0.0,0.0001062571946436
4796,12,141,1,0,1.0,0.0,0.0,1,36.0,0.0,0.0478965279865036,0.0,1,0.0544133889893801,0.0,9.756654586716764e-05
4797,12,141,1,0,1.0,0.0,0.0,1,34.0,0.0,0.0493575525048458,0.0,1,0.0548999299572879,0.0,9.969520983814502e-05
4798,12,141,2,0,1.0,0.0,0.0,2,40.0,4939.0,0.038892125525516,2.8131793553159555e-17,1,0.0419794137009717,0.0,0.0001983565149203
4799,12,141,2,0,1.0,1.0,0.0,2,37.0,0.0,0.0486718688421218,0.0,2,0.0560878685917619,1.0,0.0001570114035872
4800,25,102,1,0,1.0,0.0,0.0,1,43.0,0.0,0.0394118538729725,0.0,1,0.0450770674005076,0.0,0.0001051075577241
4801,25,102,1,0,1.0,0.0,0.0,1,43.0,0.0,0.0394118538729725,0.0,1,0.0450770674005076,0.0,0.0001051075577241
4802,25,102,1,0,1.0,0.0,0.0,1,43.0,0.0,0.0394118538729725,0.0,1,0.0450770674005076,0.0,0.0001051075577241
4803,12,141,1,0,1.0,0.0,0.0,1,37.0,0.0,0.0457094213224272,1.4904973487197202e-19,1,0.0510517293730655,0.0,0.0001119011223316
4804,12,141,1,0,1.0,0.0,0.0,1,37.0,0.0,0.0457094213224272,0.0,1,0.0510517293730655,0.0,0.0001119011223316
4805,25,102,1,0,1.0,0.0,0.0,1,41.0,0.0,0.0424096220049277,0.0,1,0.0479229440430164,0.0,0.0001098879484668
4806,25,102,1,0,1.0,0.0,0.0,1,41.0,0.0,0.0424096220049277,0.0,1,0.0479229440430164,0.0,0.0001098879484668
4807,25,102,1,0,1.0,0.0,0.0,1,41.0,0.0,0.0424096220049277,0.0,1,0.0479229440430164,0.0,0.0001098879484668
4808,15,135,1,0,1.0,0.0,0.0,1,41.0,0.0,0.0422688263127722,3.807566862700393e-18,1,0.0469192138044669,0.0,0.0001212768522555
4809,15,135,1,0,1.0,0.0,0.0,1,41.0,0.0,0.0422688263127722,1.1984501990128689e-18,1,0.0469192138044669,0.0,0.0001212768522555
4810,12,141,1,0,1.0,0.0,0.0,1,37.0,0.0,0.0458579332367903,1.8313795142531884e-17,1,0.050870616036303,0.0,0.0001212016522259
4811,31,89,1,0,1.0,0.0,0.0,1,37.0,0.0,0.0479662876617891,0.0,1,0.0547674485709988,0.0,0.0001070059523545
4812,34,71,1,0,1.0,0.0,0.0,1,36.0,0.0,0.0440414738737774,3.108044494077333e-18,1,0.0488518048070155,0.0,0.0001122455974696
4813,12,141,1,0,1.0,0.0,0.0,1,38.0,0.0,0.0446630381715277,0.0,1,0.0500965196399541,0.0,0.0001022561473587
4814,12,141,1,0,1.0,0.0,0.0,1,38.0,0.0,0.0446630381715277,0.0,1,0.0500965196399541,0.0,0.0001022561473587
4815,12,141,1,0,1.0,0.0,0.0,1,38.0,0.0,0.0446630381715277,0.0,1,0.0500965196399541,0.0,0.0001022561473587
4816,12,141,2,0,1.0,0.0,0.0,2,35.0,4939.0,0.051704468145233,2.7941829395450653e-17,1,0.0600691054491261,0.0,0.000195203019773
4817,12,141,1,0,1.0,0.0,0.0,1,36.0,0.0,0.0491630341752751,1.697119114160653e-17,1,0.0558422342014288,0.0,0.000113319510483
4818,25,102,1,0,1.0,0.0,0.0,1,45.0,0.0,0.0365349485626382,1.452590558873917e-17,1,0.0405952125076758,0.0,0.0001233199927027
4819,12,141,1,0,1.0,0.0,0.0,1,38.0,0.0,0.0465225785186231,0.0,1,0.0533188001131011,0.0,0.0001023125098044
4820,12,141,4,0,1.0,0.0,0.0,4,37.0,32391.67655321288,0.0487920510439918,1.4210598026233198e-17,2,0.0575240624266235,0.0,0.0003386083892937
4821,12,141,1,0,1.0,0.0,0.0,1,39.0,0.0,0.0427564956983849,1.9377424039074373e-18,1,0.0473296257150207,0.0,0.0001032898178602
4822,12,141,1,0,1.0,0.0,0.0,1,41.0,0.0,0.0374364376274089,1.5882416363602705e-17,1,0.0399816510302385,0.0,0.0001146597459206
4823,12,141,2,0,1.0,0.0,0.0,2,36.0,4939.0,0.0480614875711436,4.408751898660677e-17,1,0.0542040940773618,0.0,0.0002137492356386
4824,15,135,1,0,1.0,0.0,0.0,1,41.0,0.0,0.0422988663218823,1.8623391083931884e-17,1,0.0470414489427773,0.0,0.000121680033899
4825,25,102,1,0,1.0,0.0,0.0,1,41.0,0.0,0.0423576217995987,1.7403694457506278e-17,1,0.0474131055138265,0.0,0.0001190139847078
4826,12,141,3,0,1.0,0.3333333333333333,0.0,3,34.0,4939.0,0.0544808875752696,0.0,2,0.0646525925716773,0.3333333333333333,0.0002406757515073
4827,31,89,2,0,1.0,0.0,0.0,2,38.0,484.2439082460343,0.0465703834986236,1.2946561848749446e-17,2,0.0536040118759038,0.0,0.000173654731968
4828,15,135,3,0,1.0,0.0,0.0,3,34.0,75227.75183559251,0.0581326931676433,0.0,2,0.0690502586355821,0.0,0.0002090870290686
4829,15,135,2,0,1.0,0.0,0.0,2,35.0,9921.207911150155,0.0557883205908593,0.0,2,0.0666144768255817,0.0,0.0001496604445883
4830,15,135,3,0,1.0,0.0,0.0,3,38.0,5973.56046483601,0.050506599597174,0.0,2,0.0612086680332934,0.0,0.000225286221598
4831,15,135,3,0,1.0,0.0,0.0,3,37.0,16872.73116174759,0.0520405368392221,0.0,2,0.0646913830933115,0.0,0.0002182981851873
4832,18,130,3,1,0.75,0.0,0.375,4,32.0,1208289.204117224,0.0651027938850817,0.0,2,0.0788721508718631,0.0,0.0002644617107862
4833,15,135,2,0,1.0,0.0,0.0,2,38.0,2469.0,0.0484142851542592,1.8590523374523008e-17,2,0.0562505800578439,0.0,0.0001765751128894
4834,38,56,2,1,0.6666666666666666,0.0,0.4444444444444444,3,38.0,43011.177199172285,0.0538595726122983,2.3225993615995666e-17,2,0.063672770372768,0.0,0.0002597880794752
4835,15,135,1,0,1.0,0.0,0.0,1,33.0,0.0,0.059858472276076,0.0,1,0.0679784749249466,0.0,9.009022132885872e-05
4836,15,135,4,1,0.8,0.0,0.31999999999999984,5,32.0,148262.38100102983,0.0636688190336259,1.962488317446411e-17,2,0.0744633553078194,0.0,0.0003513646720546
4837,30,96,1,2,0.3333333333333333,0.0,0.6666666666666667,3,31.0,1299182.1113649271,0.0677994016085202,0.0,2,0.0802431708954809,0.0,0.0002034386551359
4838,18,130,3,0,1.0,0.0,0.0,3,39.0,6135.696235580716,0.0521751988255299,3.845440478659905e-17,2,0.0604420286789699,0.0,0.0002471375744443
4839,18,130,2,0,1.0,0.0,0.0,2,40.0,26.48333333333333,0.0487761530030904,3.6064242182501205e-17,2,0.05507363141335,0.0,0.0001837886346872
4840,18,130,3,1,0.75,0.0,0.375,4,34.0,149501.27686618542,0.0597397571711894,0.0,2,0.0725576297697488,0.0,0.0003182663218235
4841,18,130,4,0,1.0,0.0,0.0,4,33.0,189362.97164130455,0.0625340202792511,0.0,2,0.0750433559643719,0.0,0.0002901119533413
4842,18,130,1,0,1.0,0.0,0.0,1,35.0,0.0,0.0563727448049206,0.0,1,0.066149216806676,0.0,9.798982046708276e-05
4843,18,130,1,0,1.0,0.0,0.0,1,35.0,0.0,0.0563727448049206,0.0,1,0.066149216806676,0.0,9.798982046708276e-05
4844,18,130,1,0,1.0,0.0,0.0,1,34.0,0.0,0.0588543652306519,0.0,1,0.0683623071083755,0.0,9.200701716460635e-05
4845,15,135,2,0,1.0,0.0,0.0,2,39.0,560.3425324675333,0.0480816024605322,0.0,2,0.0567590975041083,0.0,0.0001643010984272
4846,18,130,1,0,1.0,0.0,0.0,1,37.0,0.0,0.0567177202691221,0.0,1,0.0671814417685789,0.0,9.175381416750756e-05
4847,18,130,2,1,0.6666666666666666,0.0,0.4444444444444444,3,37.0,56178.99276866174,0.0568770580514426,0.0,2,0.0688093851847458,0.0,0.0002298639775645
4848,18,130,4,1,0.8,0.0,0.31999999999999984,5,36.0,884533.0424553065,0.0601273141104443,1.6117852814757928e-17,2,0.0739028801432694,0.0,0.0003611505122819
4849,15,135,2,0,1.0,0.0,0.0,2,33.0,5703.079779917445,0.0598947598147384,0.0,2,0.0685083251916386,0.0,0.0001552436268116
4850,18,130,5,0,1.0,0.0,0.0,5,38.0,17569.190669545365,0.0531714510209133,7.431480315791329e-17,2,0.0609687909553881,0.0,0.0004347470040246
4851,18,130,2,0,1.0,0.0,0.0,2,36.0,957.4119047619048,0.0576476491662096,2.8455402715777043e-17,2,0.065563092151055,0.0,0.0001789326870272
4852,30,96,2,0,1.0,0.0,0.0,2,35.0,32188.593966405697,0.0603948896631823,1.7257391930740564e-17,2,0.0694492459357167,0.0,0.0001730646737935
4853,12,141,1,0,1.0,0.0,0.0,1,34.0,0.0,0.0552387342055238,0.0,1,0.0614754670457191,0.0,0.000102028752416
4854,12,141,2,1,0.6666666666666666,0.0,0.4444444444444444,3,33.0,10090.281931725249,0.0584677657975405,2.748480611329592e-17,2,0.0664646367525113,0.0,0.0002529547953053
4855,18,130,2,0,1.0,0.0,0.0,2,36.0,12.5,0.0569774281726854,3.101661983751157e-17,2,0.0642271598494207,0.0,0.0001803092680875
4856,30,96,2,0,1.0,0.0,0.0,2,35.0,7345.373266026178,0.0605629658689682,0.0,2,0.0693104111416558,0.0,0.0001730749972859
4857,30,96,1,0,1.0,0.0,0.0,1,35.0,0.0,0.0578366290845655,0.0,1,0.0646042605054682,0.0,0.0001021900214849
4858,30,96,1,0,1.0,0.0,0.0,1,36.0,0.0,0.057005700570057,0.0,1,0.0636837423697529,0.0,0.0001055788421114
4859,30,96,4,0,1.0,0.0,0.0,4,34.0,44932.52728097168,0.0613862862539453,5.4181212108563056e-17,2,0.0701300341354331,0.0,0.0003380319736721
4860,30,96,3,0,1.0,0.0,0.0,3,35.0,35339.06950647486,0.0604510578935131,3.1073838208821856e-17,2,0.0689503074340137,0.0,0.0002654845236419
4861,15,135,3,0,1.0,0.0,0.0,3,35.0,125854.43481493332,0.0561523159988633,0.0,2,0.0692649849590212,0.0,0.000211966311178
4862,15,135,2,1,0.6666666666666666,0.0,0.4444444444444444,3,38.0,9930.025828673237,0.0551031790295594,0.0,2,0.0650552637624396,0.0,0.0002564317119482
4863,15,135,2,0,1.0,0.0,0.0,2,37.0,4193.972562758309,0.0549023094534219,1.3450978042238513e-17,2,0.0635659434062645,0.0,0.0001741368164966
4864,18,130,2,1,0.6666666666666666,0.0,0.4444444444444444,3,35.0,245517.72278174604,0.0611870788743559,0.0,2,0.0724375697368324,0.0,0.0002241018820703
4865,38,56,2,0,1.0,0.0,0.0,2,40.0,24343.8636904582,0.0488799176759281,0.0,2,0.0570718958214298,0.0,0.0001733710317072
4866,15,135,4,0,1.0,0.0,0.0,4,35.0,108936.94207498767,0.0562732098512291,0.0,2,0.0693845930369075,0.0,0.000272557829775
4867,15,135,5,2,0.7142857142857143,0.0,0.44897959183673464,7,34.0,293921.10555635474,0.0591234411278933,0.0,2,0.0743228384962197,0.0,0.000491454434182
4868,15,135,1,0,1.0,0.0,0.0,1,35.0,0.0,0.055823624467472,0.0,1,0.0671051807208948,0.0,9.00348369445262e-05
4869,15,135,1,0,1.0,0.0,0.0,1,35.0,0.0,0.055823624467472,0.0,1,0.0671051807208948,0.0,9.00348369445262e-05
4870,18,130,2,0,1.0,0.0,0.0,2,37.0,3535.089589917004,0.0536530796216045,1.892410813368321e-17,2,0.0616734090061057,0.0,0.0001809629060645
4871,30,96,1,1,0.5,0.0,0.5,2,35.0,8646.983291159553,0.0613260834481645,0.0,2,0.0713879577573351,0.0,0.0001667881783553
4872,18,130,4,0,1.0,0.0,0.0,4,37.0,31883.08753629808,0.0568973659053476,3.38939612766284e-17,2,0.0673547429864704,0.0,0.0003120645764034
4873,18,130,3,0,1.0,0.0,0.0,3,36.0,728223.0495627612,0.0602997900493139,0.0,2,0.0728080008683777,0.0,0.0002247551011683
4874,15,135,3,0,1.0,0.0,0.0,3,34.0,54057.63650362132,0.0581005586592178,0.0,2,0.0685413783167046,0.0,0.0002166482776998
4875,27,102,3,0,1.0,0.0,0.0,3,39.0,36344.518297174,0.0524388302107106,0.0,2,0.0646277673235249,0.0,0.0002241362996998
4876,27,102,4,1,0.8,0.0,0.31999999999999984,5,38.0,642027.1331121371,0.0553272032882726,0.0,2,0.0708185614571168,0.0,0.0003360703725665
4877,15,135,2,0,1.0,0.0,0.0,2,36.0,4773.076187964497,0.0551690249377394,0.0,2,0.0639226637825258,0.0,0.0001673480887021
4878,18,130,8,1,0.8888888888888888,0.0,0.19753086419753085,9,37.0,81452.96113208157,0.0581826747541369,1.0064545934910163e-16,2,0.0705885263497708,0.0,0.0006829786681318
4879,18,130,3,0,1.0,0.0,0.0,3,36.0,288230.01121400105,0.061146938320811,0.0,2,0.0733583522144318,0.0,0.0002232893273991
4880,18,130,3,0,1.0,0.0,0.0,3,36.0,13321.032447059895,0.0566760744361074,3.8258997434157416e-17,2,0.0664525021547459,0.0,0.0002581954557998
4881,18,130,2,0,1.0,0.0,0.0,2,38.0,8286.424175108554,0.0549952129672923,0.0,2,0.0646380960510934,0.0,0.0001648840807179
4882,30,96,1,1,0.5,0.0,0.5,2,34.0,33554.06120110336,0.0614634267726724,0.0,2,0.0721074951339901,0.0,0.0001587901921931
4883,38,56,1,2,0.3333333333333333,0.0,0.6666666666666667,3,37.0,778291.2604143522,0.0574779512717287,0.0,2,0.0714267081946344,0.0,0.0002154754441139
4884,15,135,3,0,1.0,0.0,0.0,3,33.0,82249.76180966839,0.0605406995269491,0.0,2,0.0706823082927215,0.0,0.0002107152249129
4885,15,135,4,1,0.8,0.0,0.31999999999999984,5,35.0,78307.20212869061,0.0571448401910997,3.4677610066024326e-17,2,0.0677576856642006,0.0,0.0003704806741853
4886,18,130,2,1,0.6666666666666666,0.0,0.4444444444444444,3,35.0,36709.14831737696,0.0586768024706022,0.0,2,0.0701355750818802,0.0,0.0002082950208404
4887,18,130,4,0,1.0,0.0,0.0,4,34.0,231974.4986722452,0.0617307091533895,0.0,2,0.0736784482211218,0.0,0.0002716143752576
4888,18,130,3,1,0.75,0.0,0.375,4,34.0,381892.0827324827,0.0605770763589988,0.0,2,0.0732425246415319,0.0,0.0002693507030932
4889,18,130,3,0,1.0,0.0,0.0,3,33.0,337169.3452094304,0.0626736529605054,0.0,2,0.0753229237837266,0.0,0.0002015114197712
4890,18,130,2,0,1.0,0.0,0.0,2,38.0,2807.0220604721303,0.0538689697286923,0.0,2,0.0625563929496558,0.0,0.0001666942623245
4891,18,130,2,0,1.0,0.0,0.0,2,35.0,718657.4672147266,0.0626029654036243,0.0,2,0.0743178079702779,0.0,0.0001569119165063
4892,18,130,2,0,1.0,0.0,0.0,2,35.0,5881.9119047619015,0.0611643513359582,0.0,2,0.0709229700288885,0.0,0.0001692776964952
4893,18,130,4,1,0.8,0.0,0.31999999999999984,5,34.0,737965.8332278931,0.0651440025319126,3.861769741758573e-18,2,0.0777951914185536,0.0,0.0003698416319367
4894,18,130,2,0,1.0,0.0,0.0,2,34.0,36875.73166100355,0.0646427636744307,0.0,2,0.0768610810460429,0.0,0.0001523518421097
4895,15,135,1,0,1.0,0.0,0.0,1,36.0,0.0,0.0531708787187325,0.0,1,0.0629531490946139,0.0,9.78287244218752e-05
4896,15,135,2,0,1.0,0.0,0.0,2,39.0,0.5,0.046179877165266,3.25422099537012e-17,2,0.0527181815223929,0.0,0.0001804470730354
4897,15,135,3,1,0.75,0.0,0.375,4,33.0,52048.33523400503,0.0603749602796313,0.0,2,0.0703856060897619,0.0,0.0002875652522509
4898,15,135,3,0,1.0,0.0,0.0,3,37.0,14811.5,0.0508759101535546,2.519587201048923e-17,2,0.0605366829025644,0.0,0.0002453889874228
4899,15,135,3,0,1.0,0.0,0.0,3,36.0,36181.96700712868,0.0535989410411648,0.0,2,0.0655718660462087,0.0,0.0002292067566614
4900,18,130,3,0,1.0,0.0,0.0,3,35.0,269839.382183695,0.0600732066202132,0.0,2,0.0723131964634761,0.0,0.0002221462177179
4901,18,130,4,0,1.0,0.0,0.0,4,36.0,48570.40495525983,0.0589386274696955,3.5687918646616505e-17,2,0.0687938123389073,0.0,0.0003290528682508
4902,18,130,3,0,1.0,0.0,0.0,3,35.0,307387.9380633291,0.0626061389501432,0.0,2,0.0744776679339807,0.0,0.0002291718571314
4903,18,130,2,0,1.0,0.0,0.0,2,39.0,3941.642775408289,0.0511006289308176,3.2330438741439966e-17,2,0.0581376579862917,0.0,0.0001825220142021
4904,18,130,2,0,1.0,0.0,0.0,2,40.0,1021.8405579250468,0.0495909250614867,1.6270626995060114e-17,2,0.0563850992898701,0.0,0.0001784907095807
4905,18,130,2,0,1.0,0.0,0.0,2,38.0,8852.15944207497,0.0538378543326394,2.6670526365281483e-18,2,0.0622213624830462,0.0,0.0001742438056012
4906,18,130,2,0,1.0,0.0,0.0,2,38.0,4464.419047619046,0.0527428412803484,1.031573592779092e-17,2,0.0594514003614153,0.0,0.0001839132819422
4907,18,130,2,0,1.0,0.0,0.0,2,37.0,9246.116666666669,0.0556625990152001,0.0,2,0.0635491059255352,0.0,0.0001784451064083
4908,18,130,3,0,1.0,0.0,0.0,3,39.0,5092.30238095238,0.0504905968928863,1.0508536746482609e-17,2,0.0569309951291841,0.0,0.0002742913575501
4909,18,130,2,0,1.0,0.0,0.0,2,37.0,19774.75733621216,0.0556751456682708,0.0,2,0.063796358672788,0.0,0.0001741889522668
4910,18,130,2,0,1.0,0.0,0.0,2,39.0,2.0,0.0521256502516592,9.333988842030945e-18,2,0.0598542839338362,0.0,0.000169956337407
4911,18,130,1,0,1.0,0.0,0.0,1,38.0,0.0,0.0527259531229987,1.6833474615995084e-17,1,0.0590238089469815,0.0,0.0001142513671267
4912,38,56,1,0,1.0,0.0,0.0,1,40.0,0.0,0.0487131446602899,1.5375851382382573e-18,1,0.0556294658634,0.0,0.0001062898303406
4913,18,130,2,0,1.0,0.0,0.0,2,38.0,763.0800661074755,0.0521146522349168,3.213696159256129e-17,2,0.0593989046948388,0.0,0.0001822336466864
4914,18,130,2,0,1.0,0.0,0.0,2,38.0,2466.5,0.0549854188464192,0.0,2,0.0644207257021441,0.0,0.0001670932113565
4915,18,130,1,0,1.0,0.0,0.0,1,37.0,0.0,0.0536367683304198,6.8889409711224535e-19,1,0.06134357801838,0.0,0.0001035136062228
4916,38,56,1,0,1.0,0.0,0.0,1,39.0,0.0,0.0511075016294395,0.0,1,0.0588495438545966,0.0,0.0001039648495975
4917,18,130,2,0,1.0,0.0,0.0,2,38.0,5680.761711406889,0.0538507657927726,0.0,2,0.06241101931744,0.0,0.0001720636669594
4918,18,130,2,0,1.0,0.0,0.0,2,39.0,2168.990476190477,0.0521586721711311,1.2158892863982476e-17,2,0.0600630849169288,0.0,0.0001763910224223
4919,18,130,1,0,1.0,0.0,0.0,1,40.0,0.0,0.0480642932894852,0.0,1,0.0532499052878071,0.0,0.0001080741117187
4920,18,130,1,0,1.0,0.0,0.0,1,38.0,0.0,0.0549841948265883,0.0,1,0.0642857729356125,0.0,9.486176795867418e-05
4921,18,130,2,0,1.0,0.0,0.0,2,37.0,4939.0,0.0556600903631426,2.0140554911158396e-17,1,0.0634715080847794,0.0,0.0001973956236405
4922,18,130,2,0,1.0,0.0,0.0,2,39.0,2729.933333333334,0.0511980764447392,0.0,2,0.0587519302445566,0.0,0.0001773922762215
4923,38,56,3,0,1.0,0.0,0.0,3,39.0,33489.51053250548,0.0512070985062868,3.8222567494628056e-17,2,0.0598857568543731,0.0,0.0002679938938626
4924,18,130,3,0,1.0,0.0,0.0,3,38.0,8891.467552940105,0.0549903154707571,0.0,2,0.064650145405248,0.0,0.000242059395886
4925,15,135,3,0,1.0,0.0,0.0,3,35.0,43192.79557855725,0.0561561459150382,0.0,2,0.0688249480801001,0.0,0.0002381311670905
4926,15,135,2,0,1.0,0.0,0.0,2,38.0,2469.0,0.0484142851542592,1.7381243426472476e-17,2,0.0562505800578439,0.0,0.0001765751128892
4927,20,122,2,0,1.0,0.0,0.0,2,35.0,4182.716666666667,0.0499686431591511,1.3478968515310942e-16,2,0.0567728415370553,0.0,0.0001682360646362
4928,20,122,3,0,1.0,0.0,0.0,3,34.0,19029.54645755001,0.0515453160541747,1.0199281713223257e-15,2,0.0583961896421349,0.0,0.0002465206434846
4929,20,122,2,0,1.0,0.0,0.0,2,35.0,9876.0,0.0490210671509233,1.538424104091825e-16,1,0.0545640200419176,0.0,0.0001918157145152
4930,20,122,3,0,1.0,0.0,0.0,3,39.0,9877.0,0.0413347613628756,7.450569173974838e-17,1,0.0447302155507466,0.0,0.0003282978229558
4931,20,122,1,0,1.0,0.0,0.0,1,40.0,0.0,0.0396943375304336,3.674884298993571e-18,1,0.0424643105392642,0.0,0.0001233759435835
4932,20,122,2,0,1.0,0.0,0.0,2,36.0,24675.0,0.0471765683343997,1.4816948455344457e-15,1,0.0522815642674667,0.0,0.000186946268807
4933,20,122,2,0,1.0,0.0,0.0,2,36.0,4353.320548895576,0.0471774694158206,1.4914804765949685e-15,2,0.0522931316474552,0.0,0.000180720590056
4934,20,122,3,0,1.0,0.0,0.0,3,35.0,38849.48721556291,0.0495069349795558,1.0829421739860221e-14,2,0.0556789393908134,0.0,0.0002556473520253
4935,20,122,2,0,1.0,0.0,0.0,2,37.0,19744.0,0.0450549049651599,2.3456060297276493e-16,1,0.0494180540993484,0.0,0.0001980108831067
4936,20,122,1,0,1.0,0.0,0.0,1,37.0,0.0,0.0446456813888964,1.867606686685272e-17,1,0.0484249306221795,0.0,0.0001219681988612
4937,20,122,2,0,1.0,0.0,0.0,2,38.0,14811.0,0.0431151103624636,4.594452927152707e-17,1,0.0469177706869385,0.0,0.000207530568904
4938,20,122,2,0,1.0,0.0,0.0,2,36.0,4939.0,0.0467316242550373,6.23461377011049e-17,1,0.0513327240785918,0.0,0.0002155528747806
4939,20,122,2,0,1.0,0.0,0.0,2,37.0,318.9119047619044,0.0450581925644861,2.90102307438109e-16,2,0.049471794218878,0.0,0.0001833622272219
4940,20,122,2,0,1.0,0.0,0.0,2,36.0,923.174689199686,0.0463540738099483,4.86496748798539e-16,2,0.0508868186088318,0.0,0.0001792888220436
