node,degree,eccentricity,betweenness_centrality,closeness_centrality,eigenvector_centrality,coreness_centrality,harmonic_centrality,clustering_coefficient,pagerank
0,3,9.0,80.32465811421682,0.20752512269221782,0.00041023665278964934,2,0.22149470899470539,0.3333333333333333,0.0009076280768003253
1,8,8.0,3687.763829639478,0.24130434782608695,0.0029077559685191413,4,0.2602115508365474,0.25,0.001964877711052579
2,9,9.0,457.14155154039946,0.2050334795659201,0.0005167631273001785,4,0.22538922851422485,0.25,0.002157719926830277
3,2,9.0,0.0,0.19495060373216247,0.0001718686919018856,2,0.205195373945372,1.0,0.0005812818254423871
4,8,7.0,1947.4441443609744,0.2870071105365223,0.0436290466343063,5,0.30886154011154004,0.07142857142857142,0.0012754234058871944
5,4,9.0,932.7986332667397,0.20200181983621474,0.00037464476932197655,2,0.2173106141856111,0.16666666666666666,0.001221875968971984
6,4,10.0,284.0537198220399,0.19456617002629273,0.0002118394258538769,3,0.21207368082367836,0.16666666666666666,0.001060364029385225
7,25,8.0,17901.345373917397,0.24707846410684475,0.0036693978184565114,4,0.27629638567138215,0.06,0.006503740060327728
8,12,9.0,4016.8285542771114,0.23313205565765294,0.002625295788210887,4,0.2632270663520615,0.10606060606060606,0.002480193381927633
9,1,10.0,0.0,0.16824554755589238,2.6799039538262345e-05,1,0.1764724545974558,0.0,0.0004017834351678425
10,2,9.0,0.0,0.19856887298747763,0.00021009373453817116,2,0.21198430573430313,1.0,0.0005936407306941898
11,2,9.0,347.9447157173182,0.1958103638368247,0.0001501512117820551,2,0.2074663949663928,0.0,0.0006420670279494431
12,16,8.0,8752.92144329016,0.26795413397706697,0.016938722901680872,4,0.29790460102959954,0.05,0.0034134925756932016
13,8,9.0,3791.4867434189323,0.24183006535947713,0.004445225986081268,4,0.26741920491920074,0.03571428571428571,0.0016058441412851534
14,1,10.0,0.0,0.17587641117052882,5.148312850523278e-05,1,0.1881868475618483,0.0,0.00037104721111107876
15,6,9.0,986.7978061885622,0.2225006264094212,0.0011886825635370232,4,0.24330938080937564,0.2,0.0013758461324469599
16,1,9.0,0.0,0.1981700513278286,0.0001841585885433229,1,0.21033265408265162,0.0,0.0003898560709381723
17,3,9.0,38.589633738542155,0.19834710743801653,0.00021117733245582936,3,0.211834155584153,0.3333333333333333,0.0008431010275012937
18,2,9.0,0.0,0.1982585398526457,0.00020474741719702982,2,0.21108340483340232,1.0,0.0006470173593647684
19,11,9.0,3228.7953853757294,0.21335896203748198,0.0010258119424061867,4,0.23917354854854386,0.10909090909090909,0.002618236852311429
20,5,7.0,21227.963725584883,0.2982868659724555,0.050840316625688664,4,0.3212194337194345,0.3,0.0011437366859181697
21,15,7.0,19825.643652888364,0.31816553206735937,0.08526624822551974,5,0.3464821964821993,0.03809523809523809,0.002565520869495266
22,5,9.0,896.594578971753,0.20223183785014803,0.0005339763841385177,3,0.21821151508651193,0.3,0.0013709089781227099
23,4,10.0,36.683162165106786,0.17728089439009784,0.00010465690717597068,3,0.19325977763477786,0.3333333333333333,0.0010223734384784671
24,12,9.0,4104.468707391417,0.2301710730948678,0.002121737294136657,4,0.2571754790504744,0.0606060606060606,0.0026801879184932364
25,4,9.0,1840.631101564046,0.19856887298747763,0.0001957885206786498,2,0.2130541255541229,0.0,0.001327833393206146
26,1,9.0,0.0,0.1981700513278286,0.00018415858854332,1,0.21033265408265162,0.0,0.0003898560709381723
27,2,9.0,285.31357655175236,0.21279654924514738,0.0008689178745313994,2,0.2277111933361891,0.0,0.0006097193453772565
28,2,10.0,299.94285726223603,0.17802726543704891,4.7001374573951066e-05,2,0.1897464428714433,0.0,0.0007103936774832414
29,1,9.0,0.0,0.1981700513278286,0.00018415858854332345,1,0.21033265408265162,0.0,0.0003898560709381723
30,2,10.0,64.32709046441512,0.16651040690043128,1.0063195068589584e-05,2,0.175684613184614,0.0,0.0007750364395816205
31,4,9.0,227.99392277825314,0.20646361311322947,0.0003317571101904025,3,0.22414378664378298,0.5,0.0010147071000239437
32,5,8.0,1961.371870163411,0.24680377987770985,0.0036641139655801025,4,0.26553115615615297,0.3,0.001201005929132512
33,3,9.0,38.94311585211361,0.20579374275782156,0.0003265146132064618,3,0.2222106034605999,0.6666666666666666,0.0008044150599498975
34,8,7.0,2357.4153271569107,0.30286493860845837,0.06711902321665761,5,0.3279493779493793,0.14285714285714285,0.0014617456382873552
35,2,8.0,520.0565813465096,0.24382207578253706,0.004299904591205919,2,0.25655700343200044,0.0,0.0005712697132516626
36,3,8.0,403.6998185334587,0.23617021276595745,0.0027625155168962594,3,0.25017025954525585,0.6666666666666666,0.0008173458338249253
37,1,9.0,0.0,0.2432876712328767,0.010276926063229627,1,0.25933522808522447,0.0,0.0002936550985535136
38,2,9.0,396.12277452865214,0.19932659932659932,0.00018837625441834387,2,0.2137861075361048,0.0,0.0006544259332012459
39,2,8.0,1033.428922118612,0.2468723936613845,0.004463474351095531,2,0.2625710531960501,0.0,0.0005352355868760395
40,1,9.0,0.0,0.2113782432754106,0.0008501153201786203,1,0.2243515837265797,0.0,0.00035007070197070993
41,2,9.0,396.12277452865214,0.19932659932659932,0.00018837625441834457,2,0.2137861075361048,0.0,0.0006544259332012459
42,1,8.0,0.0,0.23252160251374707,0.003368548517092914,1,0.24326469326468925,0.0,0.00032403938295502455
43,1,9.0,0.0,0.1981700513278286,0.00018415858854331716,1,0.21033265408265162,0.0,0.0003898560709381723
44,5,9.0,1244.626798540662,0.19959541469993258,0.00021097825778338387,3,0.2160383597883569,0.2,0.0013642135815087255
45,1,9.0,0.0,0.1981700513278286,0.00018415858854331732,1,0.21033265408265162,0.0,0.0003898560709381723
46,8,9.0,6177.80399434175,0.2189889025893958,0.0008305200808512882,3,0.23760099385098885,0.10714285714285714,0.0021429515988699286
47,1,10.0,0.0,0.16808631459398068,1.8802554352776838e-05,1,0.17607831045331163,0.0,0.00042837755229353797
48,8,9.0,1685.991400258169,0.23864552539639883,0.004585149694792066,4,0.2641842735592692,0.14285714285714285,0.0015452839592909517
49,10,10.0,4656.90532395924,0.18339529120198264,8.403786151475567e-05,2,0.20179018304018206,0.022222222222222223,0.003112586614861665
50,13,7.0,3050.739080675365,0.29172141918528255,0.07006822614652293,6,0.320498176748177,0.025641025641025644,0.0020378257524177783
51,1,10.0,0.0,0.16570255644709833,9.82617295945024e-06,1,0.17329293579293645,0.0,0.00045089350494329395
52,10,9.0,1231.4419909163298,0.23510722795869737,0.0051001931202821395,4,0.26141588016587564,0.13333333333333333,0.0019165076013623436
53,3,10.0,171.58317513885302,0.1818926669397788,6.669057291168859e-05,2,0.19373838123838102,0.3333333333333333,0.0008855403432659764
54,11,9.0,1210.1785131057238,0.23717948717948717,0.003606853297618332,4,0.26445508008007557,0.09090909090909091,0.0020790106494684873
55,5,9.0,1252.8952483135533,0.2139243555769694,0.0007987609848579601,3,0.23063375875875436,0.0,0.0012902614832440223
56,22,8.0,6655.863836193385,0.27031963470319637,0.034310190515093625,5,0.30809872372372255,0.15151515151515152,0.003769755388836147
57,6,9.0,274.0584075839836,0.23405376910911965,0.0030645010943255962,4,0.2555506399256355,0.0,0.0011356464163950553
58,16,8.0,5553.17447451898,0.272142200429053,0.020770236230891175,5,0.30689752252252145,0.13333333333333333,0.0028864332486206444
59,5,9.0,487.8561090555811,0.20913801224682055,0.0004843677681892708,3,0.22504066566566178,0.3,0.0012483223124900213
60,5,9.0,274.647784306112,0.22161217868729724,0.002979928593488421,4,0.2444958351208299,0.2,0.0009883151871205407
61,1,10.0,0.0,0.18523153942428036,0.0002886926801055801,1,0.1971744065494058,0.0,0.00033217255793258754
62,7,9.0,1079.1353682169688,0.2313705054715998,0.0030271891053263605,4,0.255357589732585,0.0,0.001372973669737519
63,2,9.0,1041.3527568072082,0.2125927699305722,0.0008524742104460126,2,0.22678079865579445,0.0,0.0006519880149011022
64,2,9.0,6.350075818574271,0.27106227106227104,0.04663214497247966,2,0.29103701916201746,0.0,0.0004026627200230607
65,2,10.0,42.40720987421047,0.19593998234774934,0.0002816011854260644,2,0.21234984984984728,0.0,0.0005352336317855453
66,3,8.0,3221.5586139012985,0.24476295479603086,0.00433190887327265,2,0.258535767910765,0.0,0.0009025904782771776
67,3,9.0,37.52227849564543,0.27331486611265005,0.047861044172745414,3,0.2948846167596157,0.3333333333333333,0.0005312798970284256
68,2,10.0,9.666666666666666,0.16808631459398068,1.3935556315565495e-05,2,0.17807763120263242,0.0,0.0006515483150021703
69,6,8.0,1092.8382571083316,0.26365795724465557,0.014260614459209566,4,0.28296466108965823,0.06666666666666667,0.0011627775661920106
70,1,9.0,0.0,0.2113782432754106,0.00085011532017862,1,0.2243515837265797,0.0,0.00035007070197070993
71,3,8.0,5.458928549763454,0.25791460935230903,0.025095433898345117,3,0.27587811025310727,0.6666666666666666,0.0005190538674387852
72,3,7.0,1785.316739536953,0.29959514170040485,0.05488719898962893,3,0.3214178464178473,0.0,0.0005758402618785004
73,8,9.0,871.4416387117865,0.22339622641509435,0.004235118955137011,4,0.24836220148719643,0.03571428571428571,0.0016294378489096137
74,3,10.0,94.55108211401193,0.20250855188141392,0.00034890780905750174,2,0.2167560417560386,0.3333333333333333,0.000790747267462666
75,2,11.0,1772.0,0.15510917030567686,4.228343136174214e-06,1,0.165260837135836,0.0,0.0008937139310987929
76,1,9.0,0.0,0.2324607329842932,0.011412279069671188,1,0.24586997711997316,0.0,0.00028353641815442307
77,6,8.0,863.0112510356387,0.2572421784472769,0.01397569115387716,4,0.27948439510939177,0.33333333333333337,0.0011523494886010342
78,1,10.0,0.0,0.17587641117052882,5.1483128505234037e-05,1,0.1881868475618483,0.0,0.00037104721111107876
79,1,13.0,0.0,0.11844737895158063,1.0677261152474243e-08,1,0.12292829792829829,0.0,0.0006291440688354957
80,2,12.0,887.0,0.13434190620272315,2.1274662815329488e-07,1,0.1411690099190108,0.0,0.0010833297881141647
81,2,10.0,0.0,0.18085539714867618,4.589954759337154e-05,2,0.19242992992992988,1.0,0.0006609873785300283
82,1,9.0,0.0,0.19667774086378736,0.00021740848587950058,1,0.20365365365365168,0.0,0.0004244628777321832
83,2,9.0,21.90835390757459,0.217061843070154,0.0016727513979412046,2,0.23277473902473445,0.0,0.0004914920340179502
84,1,10.0,0.0,0.1898652982681206,0.0004843561660846856,1,0.2024453024453009,0.0,0.0003283473317456052
85,1,11.0,0.0,0.1550008727526619,4.217665875019093e-06,1,0.16422855485355367,0.0,0.0004332987711502729
86,2,11.0,32.170238023532,0.15521761929732564,4.722714357573023e-06,2,0.16556113743613635,0.0,0.0007626892579724616
87,16,8.0,9591.515092984237,0.2692540933899333,0.01314109125401555,4,0.2986821643071628,0.075,0.003191853693406324
88,1,9.0,0.0,0.2121863799283154,0.0006595209723748034,1,0.2248730873730833,0.0,0.0003382961363492097
89,7,8.0,3075.1110386559662,0.2669873722188815,0.01678293448920863,4,0.2947916666666648,0.09523809523809523,0.0013458992872937537
90,4,8.0,4303.635891885839,0.2465981671757845,0.007048471229643922,3,0.2618873337623308,0.16666666666666666,0.0009520259001352759
91,1,9.0,0.0,0.22745901639344263,0.001894482198950026,1,0.24045920920920466,0.0,0.0003140817767955905
92,4,9.0,887.0000000000001,0.22606924643584522,0.003754912259372128,3,0.2461863649363603,0.5,0.0009254660647756301
93,1,9.0,0.0,0.21284755512943432,0.0017219490964241343,1,0.22869521307020887,0.0,0.00031437854891020866
94,4,9.0,877.9614157791812,0.2452361226180613,0.004706326723241344,3,0.26367081367081013,0.0,0.0008685080195410579
95,4,8.0,334.2709832160904,0.2566473988439306,0.012570422240987134,4,0.2771946053196022,0.5,0.0008035553450565458
96,1,10.0,0.0,0.17968433832456496,4.1681881718348754e-05,1,0.18884509509509542,0.0,0.00039641751626695473
97,17,8.0,5699.3394086383505,0.2943321179980113,0.03774794812948336,5,0.3257252788502796,0.1323529411764706,0.0029070573581717204
98,1,9.0,0.0,0.20869565217391303,0.0007157072523886542,1,0.21780396467896126,0.0,0.00033345573076419544
99,2,10.0,37.939806659953234,0.19117330462863294,0.0001465730529945898,2,0.20581831831831646,0.0,0.0005779200052648714
100,1,10.0,0.0,0.17626042080190552,4.008796615483893e-05,1,0.18490007865007954,0.0,0.00038807336103847484
101,2,9.0,1.7666666666666666,0.22018348623853212,0.0023028121897685533,2,0.23612362362361874,0.0,0.0004822681008516412
102,1,9.0,0.0,0.20728291316526612,0.0010926792253902558,1,0.21909096596596248,0.0,0.00033855199852393365
103,11,8.0,3295.623934336527,0.2781954887218045,0.025065373673918555,5,0.3084043865293857,0.21818181818181817,0.0018847757386148058
104,9,9.0,562.0197560004876,0.24873949579831933,0.009713017693770795,5,0.2727736665236629,0.2222222222222222,0.0015730242762192481
105,4,8.0,108.2359387699647,0.2503524104877361,0.005808881346105731,4,0.26846042471042153,0.0,0.0007922763953907299
106,1,9.0,0.0,0.2121863799283154,0.0006595209723748038,1,0.2248730873730833,0.0,0.0003382961363492097
107,12,8.0,1576.9704614139891,0.2576900754497969,0.013838235122530339,5,0.28303169240668896,0.21212121212121213,0.002063900605387214
108,12,8.0,3546.8426033225073,0.274582560296846,0.027460537107303982,5,0.3042672136422124,0.13636363636363635,0.002015278698486774
109,9,8.0,2930.971030309184,0.27289489858635524,0.02839386881684271,5,0.3032912376662364,0.05555555555555555,0.0015403205756447998
110,3,9.0,121.80599864048132,0.21433743664011587,0.0008353309045558795,3,0.22926497926497488,0.3333333333333333,0.0007125254708696451
111,2,10.0,0.0,0.18753959873284054,0.00012399596269098992,2,0.2010604354354342,1.0,0.0005826206122277814
112,17,9.0,3999.726373514845,0.2971887550200803,0.1313491623082181,7,0.33974197411697643,0.051470588235294115,0.0025917206566362606
113,9,9.0,1017.56797396463,0.22728436140261069,0.005752261129730569,5,0.2521548334048286,0.2777777777777778,0.0017305798134243122
114,4,9.0,141.42675416918533,0.22933884297520662,0.0031281785520617914,3,0.2504562598312553,0.16666666666666666,0.0008304389814448727
115,1,9.0,0.0,0.2121863799283154,0.0006595209723748031,1,0.2248730873730833,0.0,0.0003382961363492097
116,2,10.0,28.996089725699917,0.1955085865257596,0.00038772441789742976,2,0.21281102531102278,0.0,0.0005073124195558206
117,13,8.0,7793.290789680769,0.30801248699271594,0.07342239778818103,5,0.33954981767481984,0.10256410256410257,0.0020419025996889113
118,2,8.0,208.18506230172144,0.2257244534824606,0.004342139623306561,2,0.23901490776490314,0.0,0.000540947625136482
119,6,8.0,915.3055121592798,0.25162935675828846,0.02795539844505592,5,0.2724930287430252,0.2,0.0010631205307801302
120,13,9.0,4630.599982058556,0.23851732473811443,0.006841566849464523,5,0.26782541470041016,0.10256410256410257,0.002638931736728329
121,4,9.0,4.784695864684377,0.23035019455252917,0.004775734107355139,4,0.2508490633490587,0.6666666666666666,0.0007504842852961481
122,20,8.0,6363.356606939739,0.26844014510278114,0.019548523276613314,5,0.2999316280566264,0.14210526315789473,0.0034626792712674336
123,5,9.0,991.9489278860433,0.21590080233406272,0.0013128636039041429,3,0.2343392499642453,0.2,0.0011628199970105412
124,6,9.0,111.65164528075545,0.22757560225525372,0.004221111075342997,4,0.25020288145287684,0.4,0.0011363499722012093
125,2,10.0,0.0,0.19499341238471674,0.0005559132382030125,2,0.21098911411411167,1.0,0.000514402216965679
126,1,9.0,0.0,0.2113782432754106,0.0008501153201786201,1,0.2243515837265797,0.0,0.00035007070197070993
127,10,8.0,1238.8389015439773,0.2650746268656716,0.02880465670540794,5,0.2950638138138118,0.13333333333333333,0.0016834912861275243
128,2,9.0,4.493589743589744,0.21233859397417504,0.001074684539571956,2,0.22576102888602476,0.0,0.0005004536210795577
129,12,8.0,2577.026585773334,0.26690712353471596,0.04365983478610936,5,0.29878941441441276,0.1212121212121212,0.0020650315264242867
130,1,9.0,0.0,0.21072615092548647,0.0021911861150084545,1,0.2248154404404365,0.0,0.00031500197534202104
131,24,8.0,1821.4223945279336,0.32255721031601886,0.4803738883260321,9,0.36418248605748915,0.2898550724637681,0.002833655877437836
132,8,8.0,859.5360681705356,0.27724008741804557,0.04131904961295501,5,0.3046117546117537,0.2857142857142857,0.0012691981282382902
133,5,8.0,178.31568629597592,0.26094622392007055,0.029860229756411054,4,0.2862987987987953,0.2,0.0008674994425326277
134,3,10.0,18.407757664012617,0.1950362398418625,0.00037487056832422413,3,0.21081081081080835,0.0,0.0006979801798716688
135,5,9.0,26.76955291886397,0.25517241379310346,0.023214242505126912,4,0.2765730015729982,0.2,0.0008558292401959253
136,3,9.0,38.98652719917608,0.23233908948194662,0.002288052646449442,3,0.24946821821821408,0.0,0.0006478603711552804
137,2,9.0,1.6584150326797387,0.23076923076923078,0.0029368923101548952,2,0.24623998998998575,0.0,0.00046742354312836364
138,10,9.0,205.68614030200905,0.29888926287445305,0.17080127119460667,7,0.3303012834262849,0.24444444444444446,0.001270536785840579
139,3,8.0,435.2492712280749,0.2538593481989708,0.012168821183411348,3,0.27261502574002255,0.3333333333333333,0.000600843979316574
140,4,9.0,278.4436125869397,0.21438918396909706,0.001239017827180353,3,0.23248650436149987,0.0,0.0008615868018324893
141,1,10.0,0.0,0.18442367601246107,0.00018845036052287487,1,0.194616491491491,0.0,0.00036539044765177594
142,10,9.0,1357.7679872953033,0.24368825466520308,0.011593504625793947,5,0.26970765408264996,0.15555555555555556,0.0017314218392673506
143,1,9.0,0.0,0.23405376910911965,0.005956073365670131,1,0.24801229801229435,0.0,0.00030772277346456694
144,1,9.0,0.0,0.21397590361445784,0.0010424101112048668,1,0.2289392070642028,0.0,0.00032207067521997253
145,2,10.0,0.0,0.18861512319456245,0.00017237467423439543,2,0.2031598562848548,1.0,0.0005562549526051631
146,2,9.0,30.90177782366425,0.2296947749612002,0.005422944781692995,2,0.24619038681538272,0.0,0.00045696870490698514
147,11,8.0,3009.8116295212694,0.3044223517312307,0.08223756507900494,5,0.33268849206349377,0.14545454545454545,0.0018541980360039366
148,1,9.0,0.0,0.21315410465674509,0.0016284232220306026,1,0.22463847776347362,0.0,0.0003195252516646406
149,1,10.0,0.0,0.18714436248682825,0.00010648508683975168,1,0.19980292792792684,0.0,0.000358575553113596
150,3,10.0,35.79455821618417,0.19680851063829788,0.0004079684286194287,3,0.21448948948948673,0.0,0.0006933073662491355
151,9,9.0,1360.0279194803952,0.23430079155672823,0.00965089639992033,5,0.2607764014013965,0.1388888888888889,0.001690077418503108
152,2,9.0,0.0,0.21305182341650672,0.003085244042566552,2,0.22859913484913058,1.0,0.0004752018665895813
153,3,8.0,69.57212581468613,0.23294858342077648,0.004429366472780374,3,0.2472436722436682,0.3333333333333333,0.0006530322018499109
154,5,8.0,1241.6936965735986,0.29143419757138167,0.0658050098044793,3,0.3163408944658947,0.3,0.0009751161416087481
155,10,9.0,1502.7162657650413,0.2315514993481095,0.006794801374033108,5,0.25888343700843225,0.06666666666666667,0.0018433491231349551
156,2,9.0,0.0,0.20742817098808689,0.0012501506946308442,2,0.22090125840125477,1.0,0.0004901134990582919
157,8,7.0,4267.357122575579,0.31839368949444247,0.12081616728897467,5,0.347581510081513,0.2857142857142857,0.0012112622635497452
158,1,9.0,0.0,0.20108695652173914,0.0014030167821849954,1,0.21105033605033333,0.0,0.00031933765074747955
159,4,8.0,323.45211750558485,0.2625665286812537,0.018423470216439718,3,0.28808987558987215,0.3333333333333333,0.0008037189842596707
160,6,8.0,901.721159185372,0.2579895409645555,0.014729690721407703,4,0.28060113685113347,0.13333333333333333,0.0010693490159200706
161,6,9.0,637.6919020889919,0.22492401215805471,0.005085188605427062,4,0.24564207064206575,0.06666666666666667,0.0011817248997383041
162,10,8.0,1574.7794323393086,0.2626441881100266,0.014209112081655961,5,0.29091725654225364,0.2,0.0016976846066012296
163,9,8.0,809.9012898478718,0.2905759162303665,0.1101785372484999,6,0.318732571857572,0.1111111111111111,0.0012862923965467259
164,3,8.0,43.43400452424694,0.2589676290463692,0.02189408717578162,3,0.2822152509652474,0.3333333333333333,0.0005595660123196615
165,13,8.0,3968.9379650255028,0.27933312362378104,0.03651916302451179,4,0.31187660875160794,0.08974358974358974,0.002344504238667561
166,2,9.0,3.4636506037821833,0.2208955223880597,0.001513940019118958,2,0.23653921778921283,0.0,0.0004772738166228253
167,2,10.0,22.41111392558491,0.18048780487804877,9.53314734494322e-05,2,0.191540200915201,0.0,0.0006110336641943709
168,2,9.0,0.0,0.21228783169973703,0.001468569054192949,2,0.22673789861289445,1.0,0.0004644561817807548
169,66,7.0,44438.18564910679,0.3440526927547462,0.29395927407443345,7,0.4033998283998273,0.04895104895104895,0.010178130567006323
170,6,9.0,28.301562204145085,0.2261268143621085,0.00638985816496278,5,0.24834477334476857,0.4666666666666667,0.001059917547473171
171,2,9.0,14.313264806934708,0.21438918396909706,0.0011936459878478729,2,0.22992858930358492,0.0,0.00048902054936227
172,5,9.0,417.791310171834,0.24456072707243184,0.00845323082217791,4,0.26273237523237186,0.0,0.0009842893274034131
173,3,9.0,894.3904006369082,0.22045680238331677,0.001804357631634828,2,0.23605927355926856,0.0,0.0008273992314553009
174,4,9.0,912.0250805772044,0.22857142857142856,0.005041869757013464,3,0.24765703203202724,0.0,0.0009265817246125389
175,2,9.0,0.0,0.21335896203748198,0.0020106417765297195,2,0.230140408265404,1.0,0.0004778221979555968
176,1,9.0,0.0,0.2288659793814433,0.004788371803093822,1,0.240523559273555,0.0,0.00036528035597275155
177,6,8.0,1569.507972118562,0.2601054481546573,0.016313117745242463,4,0.2817540755040723,0.06666666666666667,0.001191681642896581
178,4,8.0,1045.44144130955,0.29788661522978865,0.059341584314197296,4,0.32065771128271214,0.0,0.0006893497895687004
179,3,9.0,898.9233025746179,0.23264343725438827,0.007697737029089947,2,0.2498248248248207,0.0,0.0008890965465419848
180,2,9.0,46.05782234948442,0.21674395899438614,0.003081421393888699,2,0.2349706849706803,0.0,0.00046245294453080353
181,1,9.0,0.0,0.23405376910911965,0.00595607336567013,1,0.24801229801229435,0.0,0.00030772277346456694
182,2,9.0,0.0,0.2172742843161243,0.0020726898468635736,2,0.23205080080079615,1.0,0.00045767077624450024
183,1,10.0,0.0,0.1926247288503254,0.00034336241442257096,1,0.20609046546546347,0.0,0.0003412744455192471
184,2,10.0,0.0,0.19270833333333334,0.000361551471673097,2,0.20684121621621415,1.0,0.000620609244635148
185,3,10.0,887.0,0.1927501627957456,0.00036242071316236875,2,0.20740427927927718,0.3333333333333333,0.0009858875262914151
186,4,8.0,165.19234066795764,0.24853064651553317,0.008277607008190625,4,0.2667068854568821,0.3333333333333333,0.0007491247259666242
187,1,9.0,0.0,0.2257244534824606,0.003302601223480706,1,0.23686633061632614,0.0,0.0003344986529604592
188,9,8.0,552.6272259142518,0.25635103926096997,0.011540780417583477,5,0.2785178035178002,0.16666666666666666,0.00154666249439463
189,4,9.0,241.55104314668736,0.22687787429739398,0.0031796398816525875,4,0.2468848312598265,0.3333333333333333,0.0008092341720896404
190,8,8.0,1711.9294540686433,0.3108155407770389,0.12843993924728855,5,0.33983939296439525,0.2857142857142857,0.0012880750200529418
191,1,8.0,0.0,0.2560553633217993,0.014753135986093876,1,0.27668918918918584,0.0,0.00029981089346206406
192,12,8.0,3229.175903774658,0.269009391093608,0.03377823216620813,5,0.297959566709565,0.16666666666666666,0.0020386394590175038
193,1,9.0,0.0,0.21839645843580915,0.0018328123169284042,1,0.23240472615472155,0.0,0.0003220234167998447
194,6,8.0,1122.5169422921206,0.26140712393288196,0.021771858687854268,4,0.2868900150150115,0.26666666666666666,0.00119875122096694
195,6,8.0,1306.2121576797335,0.26171529619805484,0.0165469817475344,4,0.2842060810810779,0.06666666666666667,0.001124699981563461
196,7,8.0,1331.7291936779527,0.2956058588548602,0.07813296543010201,5,0.3211644680394687,0.14285714285714285,0.001130444419031546
197,1,10.0,0.0,0.18067141403865716,9.05565357339796e-05,1,0.18883571071071092,0.0,0.00040315869113258885
198,26,8.0,6742.540630743338,0.32138979370249726,0.2047698691390878,7,0.3626434470184504,0.1846153846153846,0.00382127168391748
199,1,10.0,0.0,0.18608549874266556,0.0002530397803695774,1,0.19578775203775126,0.0,0.0003656275253670774
200,1,9.0,0.0,0.21974758723088345,0.002519324763784229,1,0.23465206277705794,0.0,0.0003096866174651239
201,4,8.0,565.6393009321454,0.30515463917525776,0.06917309225203974,4,0.33015470827971,0.16666666666666666,0.0007071401990263145
202,2,8.0,887.0,0.25620311598384304,0.01479039007843446,1,0.27743993993993654,0.0,0.0006939028822167833
203,55,8.0,29778.315224608024,0.3686176836861768,0.7303739545230458,9,0.42214848777348335,0.10437710437710439,0.007007374884511838
204,19,8.0,4538.493553975499,0.28154724159797084,0.05019806496854739,5,0.31713052338052294,0.1111111111111111,0.0031508193682177736
205,3,8.0,155.4008482691611,0.2738205365402405,0.034443544843699124,3,0.29380764693264566,0.0,0.0005602158275891696
206,7,8.0,1775.2278700699185,0.27398950941067574,0.020262924535806175,5,0.2974434255684241,0.14285714285714285,0.0012241918396895455
207,1,10.0,0.0,0.1880559085133418,0.0003410153633874695,1,0.20102289789789665,0.0,0.0003254135843534503
208,5,8.0,1108.2041283143546,0.288780487804878,0.058368670615235825,4,0.31504584942084946,0.2,0.0009595138282111896
209,6,8.0,422.8328584931949,0.24922817850126297,0.019457260161851102,5,0.2706295581295546,0.2,0.0010418403342775683
210,3,8.0,435.7698356895473,0.25127334465195245,0.013548572865960644,3,0.26843227155726845,0.3333333333333333,0.0005864108120725558
211,19,8.0,5120.743585964732,0.2966922819913131,0.1108932017153311,7,0.3358617546117561,0.0935672514619883,0.0031061976482454285
212,3,9.0,135.78417836095576,0.2405852072609049,0.0065068091456694545,3,0.2564367939367905,0.0,0.0006262583917893857
213,7,8.0,789.5215452748946,0.265947888589398,0.023397268279999158,5,0.29394573144572933,0.19047619047619047,0.0011973679234475805
214,5,8.0,945.983409944451,0.25620311598384304,0.015258613756003342,4,0.27864918489918145,0.3,0.0009515656900746275
215,14,8.0,2203.2689422505227,0.26795413397706697,0.04959383129524134,6,0.3013218575718561,0.1868131868131868,0.0022840506604363494
216,2,10.0,199.15892936305258,0.1967649013959672,0.0005866356454793747,2,0.2099099099099074,0.0,0.0005755890725073045
217,4,8.0,280.507306086327,0.28443305573350414,0.058486889203610094,4,0.30710666023166006,0.0,0.0006756430787488158
218,4,8.0,389.2617820809071,0.26041055718475076,0.017407926902075894,3,0.2803651866151835,0.0,0.0007741170605371907
219,2,10.0,22.541090283998795,0.1863197650020982,0.0004477956841139569,2,0.20027304089803982,0.0,0.0005395986706294588
220,3,9.0,46.013849927691815,0.22283563362609787,0.001922716083648634,3,0.23712909337908838,0.3333333333333333,0.000640894332834304
221,1,9.0,0.0,0.2039972432804962,0.0007422954652530084,1,0.21434961747461442,0.0,0.0004636376338290814
222,13,7.0,3923.0212851760457,0.288780487804878,0.08321235296635572,7,0.3177391677391678,0.10256410256410257,0.002116594475895572
223,17,8.0,4553.529544578769,0.31234611326064016,0.10778535185887128,7,0.34518849206349467,0.16911764705882354,0.002504897763403484
224,6,9.0,344.40835115335176,0.24769874476987447,0.01755880220053741,3,0.2678830616330581,0.2,0.0011251556161606473
225,4,8.0,424.31434171882574,0.26202419592800236,0.020718662578056837,3,0.2855105105105072,0.16666666666666666,0.0007745271831232436
226,4,9.0,34.780686827816005,0.21464829586656997,0.0033176118450262086,3,0.2314117689117644,0.16666666666666666,0.0008231334478659738
227,9,7.0,1063.0129336533937,0.3029682702149437,0.12907771959394354,6,0.33149667524667664,0.2222222222222222,0.0012983438532598642
228,3,9.0,87.22677618529248,0.22188905547226387,0.0030002806504218285,3,0.23872980122979617,0.0,0.0006735622299846391
229,33,7.0,21192.18824601175,0.3227917121046892,0.20641274769458304,7,0.36419187044187407,0.05113636363636364,0.004684753948686358
230,7,8.0,487.9537417408891,0.30091494408675024,0.12927900193726938,6,0.3293851887601902,0.3333333333333333,0.0009746264772917616
231,3,9.0,2.8511904761904763,0.20742817098808689,0.0021456841599469144,3,0.22035964535964175,0.3333333333333333,0.0006893320367927188
232,20,8.0,5649.893092060182,0.3169164882226981,0.14751902537139916,7,0.35342798155298477,0.2210526315789474,0.0029877897845256014
233,2,10.0,15.243463889052123,0.19295958279009126,0.0004453762731889096,2,0.20494825182324988,0.0,0.0005262930985230735
234,1,9.0,0.0,0.183206106870229,0.00021012486322959038,1,0.19021566209066196,0.0,0.0004685019167903711
235,5,9.0,54.7689664747033,0.21877309682187732,0.008052874972456487,4,0.2377618690118641,0.5,0.0008857260064566155
236,22,8.0,5639.83611025784,0.29580279813457694,0.13785319703339816,7,0.3329512548262558,0.09090909090909091,0.003321800911427773
237,2,9.0,64.2153428965531,0.21616358325219084,0.003305673628136401,2,0.2282125875875831,0.0,0.0005501788247479357
238,18,8.0,5164.958766465197,0.3236151603498542,0.20385760997276742,7,0.3603724259974294,0.1111111111111111,0.0026564063628726113
239,5,9.0,173.05076980170418,0.2476296709425544,0.013490025898813334,4,0.26769805519805173,0.3,0.000898924721605998
240,4,9.0,900.1889610389609,0.2138728323699422,0.0028470642208207973,3,0.23008454883454446,0.16666666666666666,0.0009701375830407028
241,3,9.0,310.5549612850234,0.2837967401725791,0.06028717169474137,3,0.3102481946231948,0.3333333333333333,0.0005659261317158264
242,6,8.0,558.7350100246523,0.27424336009882644,0.03447292382177253,4,0.2955450986700976,0.0,0.0009889075746706084
243,2,8.0,0.0,0.2576900754497969,0.021993131777970267,2,0.2800300300300265,1.0,0.00042134600353555706
244,4,8.0,180.88756064029778,0.2569444444444444,0.018923522374214966,3,0.2742438867438838,0.0,0.0007234687806353145
245,2,9.0,0.8343071213520619,0.24735376044568244,0.02077531617383024,2,0.26554500929500574,0.0,0.00039456417143198793
246,16,8.0,2576.0038106955926,0.31136044880785413,0.121987520948049,7,0.3446817353067379,0.225,0.002349186879708523
247,4,8.0,183.80908619873983,0.2493681550126369,0.01188029189796989,3,0.2679912054912021,0.3333333333333333,0.0007896397803259012
248,4,9.0,1772.0,0.2315514993481095,0.0045604902910091,2,0.24566352066351665,0.3333333333333333,0.0010518026378750426
249,2,10.0,0.0,0.1880957424274518,0.00024097440653411803,2,0.19590528028027934,1.0,0.000682151251191833
250,2,10.0,0.0,0.1880957424274518,0.0002409744065341227,2,0.19590528028027934,1.0,0.0006821512511916334
251,1,11.0,0.0,0.16163087004004367,1.8189057250526732e-05,1,0.1697921541671544,0.0,0.00044806370800286923
252,1,8.0,0.0,0.2258967183922666,0.0035165621901157695,1,0.2380898755898709,0.0,0.00030197136192968555
253,7,9.0,493.2123676247823,0.25335235378031384,0.019544701277602303,5,0.2771762834262799,0.14285714285714285,0.0012233521239685423
254,8,9.0,1433.430295847757,0.28599033816425123,0.06678854917824764,4,0.3107629951379953,0.10714285714285714,0.0013048741853904481
255,7,9.0,379.40765347059613,0.2512022630834512,0.027087765615640653,4,0.273006935506932,0.2380952380952381,0.001219436199230456
256,11,8.0,3621.5368614699787,0.2976868923902112,0.07553236248062546,5,0.32536867224367316,0.18181818181818182,0.0018434462432252723
257,11,8.0,478.1456335413081,0.26626686656671666,0.05100293333625957,6,0.29754129129128964,0.2363636363636364,0.0016929032677445153
258,22,8.0,3298.5122520010227,0.2974874371859296,0.13412913799061307,7,0.3378512441012456,0.15584415584415584,0.0030687712820305336
259,21,8.0,2909.225270170842,0.27314672408489693,0.10305176949533949,7,0.3136717074217068,0.23333333333333334,0.003113661367921514
260,4,9.0,550.1266534707222,0.22606924643584522,0.0037890253976154975,2,0.24339562777062318,0.0,0.0008948384102280825
261,2,9.0,1276.7573981050077,0.28163653663177923,0.022804015332126677,2,0.3007967789217788,0.0,0.0004325561060509599
262,6,8.0,1041.8553514486186,0.2608695652173913,0.023909766144259426,4,0.2871433933933898,0.26666666666666666,0.0011665710032696482
263,2,8.0,279.16704981453694,0.2566473988439306,0.015139467601359076,2,0.27819069069068725,0.0,0.0005517215816487174
264,1,10.0,0.0,0.18877551020408162,0.0003863316152651804,1,0.1976521164021153,0.0,0.00042063959707385276
265,19,8.0,1658.68976899181,0.2982868659724555,0.18493775885142463,7,0.33632963320463455,0.19883040935672514,0.0026021993367564074
266,6,9.0,326.0197918153532,0.24537164962696878,0.014854397341010244,4,0.26505970255969913,0.13333333333333333,0.0011350379765677856
267,1,10.0,0.0,0.1986132856184299,0.0009652312469437572,1,0.20850850850850608,0.0,0.00033310240911869747
268,2,9.0,0.0,0.24825272574783339,0.01700855723460068,2,0.26700092950092585,1.0,0.0004122212617226279
269,5,9.0,889.1467857967859,0.24776785714285715,0.0192324314595212,4,0.268062705562702,0.4,0.00096690294253995
270,7,8.0,637.824575549517,0.26357969723953695,0.03653967894064372,5,0.2906236593736564,0.3333333333333333,0.0011413464548924413
271,3,8.0,219.70074245684347,0.3027616774633481,0.06630029510699988,3,0.3268889425139439,0.3333333333333333,0.0005572453197272104
272,92,7.0,99943.95880918395,0.3996399639963996,1.0,9,0.46412483912483266,0.0599617773530817,0.011836615081551516
273,2,10.0,331.7547283704907,0.2346103038309115,0.005396410287276849,2,0.2483823108823075,0.0,0.000503254537729832
274,8,8.0,57.75174531662386,0.26444312090530075,0.04361869574320879,6,0.29280083655083405,0.4642857142857143,0.001229079093925186
275,2,9.0,0.0,0.23974082073434125,0.01198886232752443,2,0.2552436364936329,1.0,0.00041116613971133427
276,3,8.0,72.81470589622755,0.2585905649388468,0.018087673702332264,3,0.2817272629772594,0.3333333333333333,0.0005857212547549648
277,5,8.0,422.4307359092212,0.2595732242034493,0.019968604525859746,3,0.2835102960102925,0.3,0.0009478600114260059
278,1,9.0,0.0,0.2283363332476215,0.006918533080322367,1,0.24344344344343913,0.0,0.000297071216828505
279,8,8.0,828.45503924403,0.3073727933541018,0.10076935184819726,6,0.33557888245388445,0.32142857142857145,0.0011570033895954284
280,13,8.0,1953.0194269683857,0.26958105646630237,0.0543599564096521,7,0.2992090304590288,0.1923076923076923,0.002069219048365016
281,2,9.0,4.605699855699855,0.21320528211284515,0.003601864051630305,2,0.2274421743171701,0.0,0.0004685238758749578
282,1,9.0,0.0,0.2221110555277639,0.006882111498283442,1,0.23587471399970913,0.0,0.0002872405275405372
283,5,9.0,1540.6624104453879,0.3004059539918809,0.1037355613852187,4,0.32887485699985863,0.1,0.000849249803937815
284,22,8.0,3861.5762533226634,0.3194244604316547,0.22061854728153105,7,0.3576697232947268,0.18614718614718614,0.002942372611688687
285,3,9.0,669.6501306823427,0.21632155907429965,0.007683403437008954,2,0.23633454883454413,0.0,0.0006627619988942228
286,1,12.0,0.0,0.1469955305413011,5.502839078080871e-06,1,0.15222950222950057,0.0,0.0005986283309621544
287,2,9.0,1.3083997873471558,0.23896663078579117,0.00991306605092099,2,0.2542033104533069,0.0,0.00043597758066592733
288,13,8.0,651.938191913352,0.2894393741851369,0.11483192742201814,7,0.3226860789360794,0.1923076923076923,0.0018055313908355295
289,11,8.0,971.3416024557557,0.3002028397565923,0.0965296008102199,7,0.3297230265980279,0.32727272727272727,0.0015826172103813375
290,2,9.0,3.620404595404595,0.21157969978556113,0.0028147453100801556,2,0.22684559559559153,0.0,0.00045587087917694136
291,2,9.0,33.949613413424196,0.2149080348499516,0.0035732000300465576,2,0.22937401687401246,0.0,0.0004759781628728695
292,1,9.0,0.0,0.2288659793814433,0.005565473278537766,1,0.24506872944372532,0.0,0.00030769038262425525
293,1,9.0,0.0,0.2288659793814433,0.005565473278537764,1,0.24506872944372532,0.0,0.00030769038262425525
294,1,10.0,0.0,0.1992371550370204,0.0014882430566660458,1,0.2097494816244791,0.0,0.0003729233619780968
295,1,9.0,0.0,0.2069447681193195,0.001199975855269819,1,0.21913565351065004,0.0,0.0003339931343501369
296,5,9.0,302.26622696083825,0.2751781840718934,0.09836579679172908,4,0.29923897111397024,0.4,0.0007606258722106473
297,4,8.0,697.2034241424293,0.26233382570162483,0.020764888073892363,3,0.2857062419562386,0.3333333333333333,0.0007975550873520737
298,16,8.0,820.4523067929855,0.2766355140186916,0.09462214411981937,7,0.31089124839124754,0.175,0.0022758046258939783
299,2,8.0,36.895114654788415,0.28747167368080284,0.054936553359089514,2,0.30934014371514373,0.0,0.0003989910602821146
300,6,8.0,248.45673330126587,0.26666666666666666,0.038329452458075314,4,0.2893447018446992,0.13333333333333333,0.00097299539023801
301,1,10.0,0.0,0.20608029705268044,0.001390453145095451,1,0.21559103746603425,0.0,0.000337885620010117
302,4,8.0,121.97653384178086,0.261099676565716,0.022466802750590074,4,0.28531209781209427,0.0,0.0007153517109808679
303,1,9.0,0.0,0.24071564109514773,0.007403638645839103,1,0.25527313027312687,0.0,0.00029570997472928227
304,1,9.0,0.0,0.2334384858044164,0.004127313161307492,1,0.24536322036321664,0.0,0.0003120078480327287
305,9,7.0,2522.3292761357325,0.2993931220498989,0.06737962549582248,5,0.3267481767481777,0.1111111111111111,0.0015881335376681373
306,2,9.0,54.38740745203924,0.22987315557856589,0.005060685878266706,2,0.24253181753181335,0.0,0.000598691113662591
307,6,8.0,655.1427742133752,0.3045267489711934,0.07743761552533443,4,0.33064269626769793,0.2,0.0010146338097804834
308,3,9.0,6.809815958035773,0.23993515266144286,0.011804522510859339,3,0.2554045116545082,0.3333333333333333,0.0005981957565458153
309,2,8.0,82.0336439533455,0.28654404646660214,0.05204628799486687,2,0.3077447983697983,0.0,0.0004273280305749746
310,8,8.0,466.5285772281716,0.2730627306273063,0.04897559929568226,6,0.29843817031316894,0.07142857142857142,0.0011838900832214032
311,2,11.0,887.0000000000001,0.18861512319456245,0.0002939420543969835,1,0.19666813729313626,0.0,0.000987568930113303
312,1,12.0,0.0,0.15871313672922252,1.4752271770323365e-05,1,0.16363421050921026,0.0,0.0005884457041850083
313,8,9.0,238.51185188028552,0.2550991094513071,0.022781516216362045,5,0.27739614614614294,0.17857142857142858,0.0013142333631844267
314,2,9.0,85.00079729530799,0.21485603677715945,0.005425914052003852,2,0.2328247890747846,0.0,0.0005492017827996221
315,7,8.0,1040.4467083726397,0.28316326530612246,0.09472736118539771,6,0.309377681252681,0.047619047619047616,0.0011270885936279307
316,18,8.0,2785.430235739008,0.3125659978880676,0.1442584077912663,7,0.3474970506220533,0.24836601307189543,0.0025736846839151516
317,3,9.0,120.2930686079445,0.22384673556843962,0.002595492691040944,3,0.2366335085085037,0.0,0.0006963090562071409
318,8,9.0,205.44509128037703,0.25407725321888414,0.03460490855150553,5,0.2773478835978802,0.2857142857142857,0.0012230504696197134
319,1,9.0,0.0,0.24456072707243184,0.010231141885888532,1,0.25920920920920587,0.0,0.0002941703204670606
320,5,9.0,78.33984863529207,0.2862669245647969,0.08814734908261572,4,0.31785758973259043,0.6,0.0008159455347485826
321,19,8.0,3826.7046561718844,0.3223230490018149,0.23799834180579116,7,0.358889693264697,0.18128654970760233,0.0024699944170974305
322,2,8.0,887.0,0.22424242424242424,0.004186781191346726,1,0.23721310596310116,0.0,0.0007053482538904247
323,7,8.0,364.7163183608287,0.2868217054263566,0.07768729035440078,6,0.31527107464607473,0.14285714285714285,0.0009951342575066652
324,2,9.0,0.0,0.24355458036204058,0.011636398360694189,2,0.2604613542113505,1.0,0.00044172949417410845
325,4,9.0,124.75583185920085,0.24388904147212304,0.015302215840370843,3,0.2673883705133664,0.3333333333333333,0.0007639553373117161
326,5,8.0,198.9497036572615,0.24032476319350474,0.010463892638078183,4,0.25770323895323516,0.0,0.0008870099329820814
327,9,8.0,1365.1486869824387,0.2708142726440988,0.03244666819890175,5,0.29634679322179175,0.19444444444444445,0.0015966671588227546
328,1,9.0,0.0,0.23890234059725585,0.012460632800325248,1,0.253077184327181,0.0,0.00029276668070380747
329,3,8.0,64.48135093140881,0.2796850393700787,0.04329172813896533,3,0.3026222651222646,0.0,0.0005126842696159166
330,2,9.0,3.4033780715283544,0.23492063492063492,0.007454689225160904,2,0.2500017875017838,0.0,0.00045519767869488264
331,1,9.0,0.0,0.2288659793814433,0.005565473278537762,1,0.24506872944372532,0.0,0.00030769038262425525
332,3,9.0,890.2830086580085,0.21516840319844924,0.002744305404162127,2,0.22969308594308152,0.0,0.0008246312612732796
333,4,8.0,118.359359259012,0.27492260061919505,0.033251175520682054,4,0.2970278314028303,0.0,0.0006943869856931575
334,4,8.0,448.6952824753792,0.2567215958369471,0.019784313780573073,3,0.27941066066065723,0.3333333333333333,0.0007935260900440832
335,5,8.0,57.942908836496315,0.26420708122582565,0.04580475060235209,5,0.2883794508794478,0.4,0.0007360894782517074
336,16,9.0,1699.5117646072242,0.27373612823674476,0.0855471054318597,6,0.30485217360217265,0.13333333333333333,0.002416566809817117
337,1,10.0,0.0,0.1771041084962106,0.00013773034017197235,1,0.18489560989561063,0.0,0.0004023744329143396
338,2,9.0,887.0000000000001,0.2750077423350883,0.049230303475158416,1,0.30067612255112225,0.0,0.0006734515488142395
339,1,10.0,0.0,0.2255524511049022,0.003689774540454752,1,0.23806216931216514,0.0,0.0003309171098604048
340,5,8.0,825.2081649618049,0.25791460935230903,0.017180937770550575,3,0.28190690690690334,0.2,0.0010029060806726277
341,4,8.0,290.5756128022221,0.23579394583112057,0.007249921749781539,3,0.25404332904332494,0.16666666666666666,0.0008139147236632893
342,4,9.0,442.5035822588379,0.28775113415424497,0.050781144078521315,4,0.3095242563992568,0.0,0.0006723768177758036
343,9,9.0,1090.6650414314352,0.25583405358686256,0.03215459408552409,5,0.2795250607750575,0.19444444444444445,0.0014750162276861091
344,4,10.0,50.52326494497591,0.22933884297520662,0.010015601686198415,4,0.2499722937222896,0.16666666666666666,0.0007459516734007888
345,1,9.0,0.0,0.23673687016795522,0.021751150602501997,1,0.255172583297579,0.0,0.00027986458270474595
346,6,8.0,252.63467471064257,0.29959514170040485,0.10760496616521519,6,0.3267200235950247,0.2,0.0008927148058546867
347,5,8.0,71.59407137134255,0.30494505494505497,0.13757913807032396,5,0.3326884920634937,0.4,0.0007309241716033896
348,2,8.0,30.609483684287273,0.26990881458966565,0.024984277871982402,2,0.29130469755469557,0.0,0.0004252523050419253
349,6,9.0,66.61952431837922,0.25184344866704483,0.030489922010175193,5,0.2735699985699951,0.2,0.0009778959478975373
350,15,9.0,1370.043824407661,0.26063985911358967,0.056737818254887454,6,0.2900918775918743,0.2380952380952381,0.0023183824779937443
351,2,9.0,2.6633819396977283,0.2449655172413793,0.01231730188524437,2,0.2606664700414668,0.0,0.00042465429011688077
352,3,8.0,137.19554057339735,0.2646795827123696,0.031885002076800874,3,0.28354113041612733,0.3333333333333333,0.0005416693019888313
353,4,9.0,3.4120169672492584,0.26555023923444976,0.08684699894309834,4,0.28806082868582583,0.8333333333333334,0.0005904079160549043
354,1,9.0,0.0,0.22412922766279655,0.002929388561138072,1,0.23588231088230618,0.0,0.0003318462596828324
355,16,8.0,5662.17213546298,0.30546955624355004,0.11867598892579742,6,0.3393701737451757,0.125,0.0026163550979312125
356,1,10.0,0.0,0.17622544155586425,0.00014288756748078327,1,0.18478970041470133,0.0,0.00037488314528309004
357,6,8.0,994.0507761644706,0.2661072819898112,0.03805104025332489,4,0.2900579150579124,0.13333333333333333,0.001067888732095077
358,2,9.0,7.753782188951579,0.22641509433962265,0.005988662673473271,2,0.24219174531674068,0.0,0.000441512649005324
359,1,8.0,0.0,0.2560553633217993,0.014753135986093884,1,0.27668918918918584,0.0,0.00029981089346206406
360,11,8.0,2718.0846260759504,0.3314669652855543,0.2106199770231096,7,0.3637695731445759,0.2363636363636364,0.0015146223678726887
361,6,9.0,1402.2230915249118,0.25949736995908823,0.027705065387592195,3,0.2794204919204888,0.0,0.001194047372634191
362,2,8.0,94.32352121992209,0.25620311598384304,0.015289769070104127,2,0.27743993993993654,0.0,0.0005148995634668941
363,14,8.0,2430.333010288137,0.3173695496783417,0.19776098972827044,7,0.3508941977692009,0.21978021978021978,0.0019522549510788362
364,2,8.0,30.540243695924875,0.2564250649725671,0.01628335464321172,2,0.27790915915915576,0.0,0.0004383461527472663
365,1,9.0,0.0,0.24537164962696878,0.01600005085843742,1,0.26084075146574787,0.0,0.00028515485958133463
366,3,8.0,246.91668325981857,0.28425096030729835,0.05443102826824437,3,0.3093977906477904,0.0,0.0005561308258965983
367,11,8.0,1456.4436892570113,0.30286493860845837,0.1379576499079738,7,0.334602906477908,0.14545454545454545,0.001526765550629973
368,5,8.0,233.35941611062307,0.2891566265060241,0.08203040117809442,5,0.31271852209352213,0.2,0.0007526950487537412
369,16,8.0,1674.3983100713374,0.32599118942731276,0.2770810704315232,7,0.36148782711283023,0.2,0.002047664447583888
370,3,9.0,340.5455771904181,0.2664266426642664,0.04507470098911194,3,0.2894242456742432,0.0,0.0005396257401561311
371,13,8.0,1279.9895476865186,0.2854387656702025,0.1371274895074257,7,0.3174683612183613,0.12820512820512822,0.0018125306382313399
372,3,8.0,29.65665967967468,0.24625623960066556,0.013149969866238504,3,0.2648568211068176,0.3333333333333333,0.0005974805899793274
373,2,9.0,8.050917526889625,0.27048431312823634,0.04218538521569368,2,0.29006104318604126,0.0,0.00039850787334144293
374,4,9.0,336.0179770919553,0.2559077809798271,0.019984304030806702,3,0.2737898612898582,0.0,0.0007354768318091665
375,3,11.0,2657.0,0.17229336437718276,0.00010964520236673074,1,0.18106860919361054,0.0,0.0015172920779129133
376,7,8.0,682.68685852181,0.2819047619047619,0.058250434896005655,6,0.3056721900471896,0.09523809523809523,0.0010411323432315577
377,1,8.0,0.0,0.23510722795869737,0.0069423920839134816,1,0.24753190690690308,0.0,0.0002927780474807182
378,3,9.0,21.46031806592398,0.2434877981902934,0.01671212128538424,3,0.2603862791362756,0.0,0.0005537661256570238
379,35,8.0,14271.400538151373,0.33458929917106256,0.41414523269273673,9,0.3812325718575727,0.08067226890756303,0.004799955150425576
380,11,8.0,955.135938105117,0.310598111227702,0.18762444120472277,7,0.34250455812956043,0.2363636363636364,0.0014440469201090695
381,1,10.0,0.0,0.20680018630647415,0.002847539853621635,1,0.21973223223222874,0.0,0.0003001039159732413
382,2,10.0,7.363317922636135,0.2208955223880597,0.005296377328148683,2,0.23535723223222732,0.0,0.0004533978474176497
383,3,8.0,16.19552258480404,0.24825272574783339,0.013279253121618737,3,0.26343441655941324,0.0,0.00061519939637047
384,9,8.0,1448.1849853137148,0.2939424031777557,0.17019746368186106,7,0.3222342878592884,0.2777777777777778,0.0012972214182717854
385,22,8.0,2615.7384465016025,0.310598111227702,0.22901469619829812,7,0.34682137494637744,0.12121212121212122,0.002832075055509012
386,3,8.0,279.892255921358,0.28498074454428757,0.07756344429868557,3,0.3086081617331615,0.3333333333333333,0.0005432906735211747
387,6,8.0,716.8484601614846,0.3110332749562172,0.15765064836988255,5,0.3402710746460769,0.5333333333333333,0.0009273887711195052
388,6,8.0,2702.6351050902645,0.2966922819913131,0.09540929471284752,3,0.32326657014157095,0.06666666666666667,0.001387421979429239
389,3,9.0,47.15613649028121,0.24790619765494137,0.009434943822212497,3,0.26490687115686795,0.0,0.0005921402946444869
390,4,8.0,11.764923626349033,0.2687651331719128,0.08520046612786346,4,0.29183692621192403,0.16666666666666666,0.0006025240727309463
391,14,8.0,470.25746030749633,0.3170296322741878,0.3022919090851214,9,0.350706510081513,0.3186813186813187,0.0016868185657058846
392,22,7.0,1618.9024489064275,0.3076923076923077,0.3537588359863765,9,0.3467932217932239,0.18614718614718614,0.0026127865711650217
393,1,9.0,0.0,0.22073079791200598,0.008486721539625836,1,0.233324395824391,0.0,0.0002911889989924518
394,4,8.0,134.68338415802623,0.2549526270456503,0.02139655225077222,4,0.2764988202488167,0.0,0.0006791445985378509
395,14,8.0,4663.379248487341,0.32408759124087594,0.19878114155719287,7,0.3577260296010332,0.054945054945054944,0.0020693320523869907
396,1,10.0,0.0,0.21269461077844312,0.002366689062376227,1,0.2241625554125513,0.0,0.0003439435847455501
397,13,8.0,1234.836673527522,0.29949409780775715,0.18501120724565123,7,0.33092422779922903,0.20512820512820515,0.0017662507998679516
398,56,8.0,15313.048356959138,0.3475538160469667,0.7485592275727353,9,0.4041787323037307,0.10454545454545454,0.006955226583275339
399,1,9.0,0.0,0.21569103716298277,0.005125994645027532,1,0.22819024381523942,0.0,0.00029818569663539647
400,2,9.0,0.0,0.2764632627646326,0.06285633382418543,2,0.3026656120406119,1.0,0.0003986634142876466
401,1,9.0,0.0,0.23717948717948717,0.006446103446564766,1,0.24946285571285223,0.0,0.00030558687976757866
402,7,9.0,1428.6792681879099,0.28039153773287023,0.05039894927871748,5,0.30729881667381614,0.19047619047619047,0.0012672874163973263
403,15,8.0,3232.3347769908173,0.3137809187279152,0.24828067577932642,7,0.3483979515229543,0.21904761904761907,0.002188901855591717
404,5,9.0,1043.8811424365176,0.29114754098360657,0.07351951791353208,3,0.3190024846274854,0.1,0.0009540482410205145
405,9,8.0,2551.6716154654596,0.3012211668928087,0.11864550150178463,6,0.33154359716859877,0.16666666666666666,0.00134781404504879
406,6,9.0,2966.8106489707525,0.3020408163265306,0.11611117824500958,4,0.3313335657085675,0.06666666666666667,0.0011389079317449928
407,18,7.0,2404.1772219610166,0.32150615496017376,0.2615374683417205,8,0.35548316173316513,0.1568627450980392,0.0023095537177117475
408,1,9.0,0.0,0.20140621456112498,0.0007807914447957599,1,0.20989069426569168,0.0,0.00035982315942559225
409,21,8.0,2080.2361580896086,0.3120168657765285,0.2898977875918126,8,0.3499369905619933,0.16666666666666669,0.002510315400663831
410,3,9.0,888.9553571428569,0.24728487886382622,0.019036709055577715,2,0.2634589947089914,0.0,0.0007297093631811232
411,4,9.0,34.961610109401924,0.24721603563474387,0.028631008753881283,3,0.2657970470470436,0.3333333333333333,0.0006651474553265338
412,8,9.0,2141.827135133772,0.2774133083411434,0.03942753413656205,4,0.3023545867295864,0.0,0.001513045797261217
413,2,9.0,27.62363467830512,0.22839506172839505,0.005168460857900044,2,0.24436981624481205,0.0,0.00046858851692211013
414,16,7.0,7080.410186425066,0.30726643598615916,0.13832859259556166,6,0.3378110253110271,0.09166666666666666,0.0023350426088233796
415,49,8.0,8471.290088643218,0.3418013856812933,0.7378228231052829,9,0.3951589982839976,0.1522108843537415,0.005943883918482362
416,9,8.0,1198.1566943711287,0.27492260061919505,0.1021364993979619,6,0.3029976404976393,0.1388888888888889,0.001370718929101159
417,8,7.0,1425.500237744789,0.26941747572815533,0.048434107509612384,5,0.2927767052767035,0.07142857142857142,0.0013645959763625023
418,5,8.0,1432.3638758066627,0.252129471890971,0.015557430402053651,3,0.26968307593307284,0.0,0.001124083826698069
419,4,8.0,126.94203021642119,0.2588166715243369,0.021798366783443837,4,0.27776437151436845,0.0,0.0006965956521420642
420,14,9.0,551.6586353222842,0.3100558659217877,0.3070998600386295,9,0.347043025168028,0.3186813186813187,0.001709830166670817
421,1,9.0,0.0,0.21791411042944786,0.0017501443406777108,1,0.22969532032031564,0.0,0.00032852152333108216
422,6,8.0,166.77294495026374,0.2787193973634652,0.055913335790089995,4,0.30232062419562344,0.13333333333333333,0.0009654728838566254
423,2,9.0,4.155738913652288,0.2411077925604127,0.010692524760069391,2,0.2553937866437832,0.0,0.0005060909882472997
424,14,8.0,800.7925202958136,0.28635923895517573,0.13796383734566478,7,0.3175233268983269,0.13186813186813187,0.001899303484806523
425,11,8.0,968.4993164930003,0.2970893275342924,0.14994722046545003,7,0.3265511046761056,0.12727272727272726,0.0015321212826903473
426,4,8.0,3.5095598727555104,0.27654936156960447,0.10981274971236203,4,0.30183263620763506,0.6666666666666666,0.0005938375611820812
427,10,7.0,1015.1557381998321,0.3029682702149437,0.181956096397475,6,0.3334861647361662,0.3111111111111111,0.0013821908882135257
428,2,8.0,26.334026439587845,0.28728566806858624,0.06264831962376673,2,0.30902107464607464,0.0,0.0004021267113483589
429,10,8.0,658.8306535345548,0.3134486410165902,0.1914086474313868,7,0.34556386743886996,0.17777777777777778,0.0013318392176675028
430,102,8.0,74204.65769870007,0.378839590443686,0.9784531844851422,9,0.4554442835692774,0.04601048340128131,0.014162243443710846
431,1,8.0,0.0,0.2304697638203997,0.003381627542665115,1,0.2421573359073316,0.0,0.0003187192985556083
432,24,7.0,4722.72195996121,0.30726643598615916,0.24592027656672893,8,0.344672350922353,0.10869565217391304,0.0031328296252918376
433,17,8.0,396.8163464803134,0.30546955624355004,0.29206839262926143,8,0.3405713749463769,0.25,0.0020101345293760016
434,3,9.0,142.08794388518675,0.2547332185886403,0.023226327519994927,3,0.2741370835120801,0.0,0.000587642980827503
435,4,8.0,35.00781224292089,0.26578868602214906,0.059502826744479535,4,0.2893152080652053,0.16666666666666666,0.00063408237340617
436,12,8.0,360.28121870081645,0.28775113415424497,0.13913551817704561,7,0.316697501072501,0.19696969696969696,0.001499899489980804
437,7,8.0,87.11036754369395,0.28416,0.14776920722096726,7,0.31248257185757156,0.2857142857142857,0.000935313233543874
438,7,9.0,1486.2841649191425,0.2806573957016435,0.029627084642676767,5,0.30410008222508195,0.047619047619047616,0.0011446566272993947
439,3,9.0,8.927146225422089,0.2781954887218045,0.0687961273932315,3,0.3057624588874588,0.6666666666666666,0.000565361755918837
440,5,8.0,277.39179882743304,0.2884990253411306,0.08374290373219744,4,0.3126622157872158,0.1,0.0007647694372620288
441,10,7.0,295.5970717388234,0.3012211668928087,0.20200858285644957,7,0.3314403689403702,0.3333333333333333,0.001325885426666545
442,2,8.0,124.06828537963169,0.253280091272105,0.015054402067763525,2,0.2699297511797483,0.0,0.00042404494313228564
443,2,9.0,366.1754349638082,0.2751781840718934,0.04965730793845812,2,0.30095765408265374,0.0,0.000500995183917869
444,6,8.0,479.0798651524194,0.26071638285378745,0.04179092206725478,5,0.2797243672243642,0.13333333333333333,0.0009492506254372775
445,1,10.0,0.0,0.19830281375614114,0.0009554083922303128,1,0.2065029315029292,0.0,0.00037547989512155903
446,32,8.0,5373.494436685759,0.33421151674821226,0.4622827558134081,9,0.37666371728871895,0.13306451612903225,0.0038502741906812905
447,36,8.0,6535.677746427821,0.3393198318685518,0.6063251804321759,9,0.3855413449163453,0.19365079365079366,0.004239305145299421
448,26,8.0,2397.3893020602018,0.3087621696801113,0.4063817269428956,9,0.34931762119262366,0.1753846153846154,0.0032521048607571505
449,3,8.0,5.9113496644280925,0.26523297491039427,0.057820530050274724,3,0.2860293329043299,0.3333333333333333,0.0005029257266163271
450,12,8.0,215.65435037803678,0.28507223113964686,0.1906737484788569,8,0.3151209244959244,0.2424242424242424,0.0015052005504142176
451,19,9.0,10260.455587016313,0.31223628691983124,0.12407185273355073,6,0.3508906227656259,0.05263157894736842,0.003323600681472894
452,26,8.0,2193.4876283715794,0.30494505494505497,0.41349005402528494,9,0.3475158193908215,0.16307692307692306,0.0031550642383571465
453,2,8.0,2.8077388662723726,0.25687011859994213,0.028607883012739133,2,0.27351190476190174,0.0,0.0004023998905119069
454,16,8.0,948.5253129193455,0.3126760563380282,0.2905064383267902,8,0.348510564135567,0.2833333333333333,0.0019457318059171998
455,14,9.0,276.96534364490606,0.3097314265783048,0.3166621501035737,9,0.3458498677248705,0.4065934065934066,0.0017094470308096942
456,2,9.0,75.65788853179977,0.2611764705882353,0.020874434842206562,2,0.28159900972400664,0.0,0.00047436980592468006
457,21,8.0,609.667657194505,0.31212653778558874,0.3918965151133127,9,0.3506689725439752,0.2523809523809524,0.0024791256171849117
458,10,8.0,167.2811109808917,0.2916256157635468,0.21217936068490997,8,0.3229555448305453,0.5777777777777778,0.0012511996221466685
459,8,8.0,1063.0463830993428,0.3201153568853641,0.18347811214028004,7,0.3499745280995312,0.21428571428571427,0.001079216946142968
460,10,9.0,92.73035469592267,0.28334396936821954,0.18819340770766144,8,0.3124334155584153,0.35555555555555557,0.00122952454643062
461,9,7.0,1847.9208365327736,0.3178239083750895,0.17373905390857178,6,0.3499731874731903,0.16666666666666666,0.001310788088780876
462,10,8.0,224.0230551306101,0.3163519771998575,0.2502584406859622,8,0.3482290326040354,0.4444444444444444,0.0012398546340457797
463,11,8.0,401.0186148772152,0.2837967401725791,0.1842136452603551,7,0.31605936293436293,0.2363636363636364,0.001404807775430501
464,10,8.0,140.99889887372242,0.2980866062437059,0.17051686567147248,7,0.32720801158301255,0.3111111111111111,0.0012731506951933944
465,18,8.0,738.4155409350009,0.30779896013864816,0.3442381337396507,9,0.34753458815959065,0.2549019607843137,0.0021822494339917412
466,2,9.0,4.543462546308846,0.2460515378221114,0.009261770229736111,2,0.25939287501787184,0.0,0.00046103624160173206
467,3,8.0,212.37413224817894,0.23598192931171938,0.016836790366443446,2,0.25198412698412304,0.0,0.0006068970436318375
468,7,8.0,2255.379453699911,0.2883116883116883,0.0620154164908926,5,0.31548825611325637,0.047619047619047616,0.0012245888732143103
469,7,8.0,291.24162278092825,0.2926829268292683,0.13066775110598663,7,0.32193398755898806,0.3333333333333333,0.0009627407863943725
470,19,8.0,2997.7600938376463,0.3223230490018149,0.25777885166892184,7,0.3569377413127449,0.14619883040935674,0.0023921795728206793
471,2,9.0,0.0,0.27577639751552796,0.06499884281257506,2,0.3018960925210923,1.0,0.0003905354596929435
472,1,9.0,0.0,0.2604869463185685,0.020284690568342444,1,0.28004120191619875,0.0,0.00029159839747303545
473,3,8.0,6.702563814754218,0.25851528384279476,0.02702500729133968,3,0.27481767481767194,0.3333333333333333,0.0005340272914256598
474,3,8.0,22.277385465159874,0.28887443070917374,0.08133622892670728,3,0.31198654011154014,0.0,0.0004882720046695941
475,1,9.0,0.0,0.21780721118469462,0.008404131401720118,1,0.2309085871585826,0.0,0.00028997489184986975
476,5,9.0,231.26232737761165,0.27348321527563907,0.03947884046861347,5,0.2997014872014871,0.0,0.0007672819494542526
477,1,9.0,0.0,0.21022727272727273,0.0019096936915400408,1,0.2213168525668488,0.0,0.0003200131459337402
478,4,9.0,792.9877827832313,0.24943820224719102,0.009657915433007824,3,0.26763772701272376,0.0,0.0008840700037385482
479,1,9.0,0.0,0.2288659793814433,0.004788371803093823,1,0.240523559273555,0.0,0.00036528035597275155
480,11,8.0,1552.709817686987,0.2943321179980113,0.1795056742486432,7,0.32921626984127084,0.18181818181818182,0.0016024052218224448
481,34,8.0,6558.573381705174,0.3100558659217877,0.4333961570897217,9,0.357715304590307,0.13368983957219252,0.004445426952712178
482,5,8.0,148.2071392943005,0.3020408163265306,0.11708065045358969,5,0.32763969326469455,0.3,0.0007143671250518758
483,12,8.0,2268.7147379208227,0.2966922819913131,0.13886140611752337,7,0.3309322715572727,0.18181818181818182,0.00175402953090452
484,7,7.0,146.44236650319067,0.267308850090307,0.0426048551735216,6,0.28874141999141734,0.2380952380952381,0.0010262331010835587
485,7,8.0,369.2012751736863,0.2860824742268041,0.10902638742057952,7,0.3129625160875159,0.047619047619047616,0.0009590856238669875
486,12,8.0,541.6120775279602,0.3162393162393162,0.24752971521874909,8,0.35080035392535686,0.3484848484848485,0.0015434515858704185
487,7,9.0,2038.6158819070904,0.3003043625295908,0.1485839079484311,4,0.3308080401830418,0.2857142857142857,0.0012321954238490858
488,2,9.0,1.0442215250742142,0.2505643340857788,0.03368943361329515,2,0.2684434434434401,0.0,0.00037889379959277507
489,13,8.0,389.19283733547815,0.28443305573350414,0.18760727539263655,7,0.31707287644787635,0.1923076923076923,0.0016153092860264097
490,4,9.0,204.58479359667325,0.27680798004987534,0.051766271511605996,3,0.2992577398827391,0.16666666666666666,0.000698064696162095
491,8,8.0,710.2339618301983,0.3108155407770389,0.1442990265203189,5,0.34104059416559646,0.10714285714285714,0.0011460862479152746
492,1,9.0,0.0,0.2748375116063138,0.04910630199433935,1,0.2999253718003715,0.0,0.00028674760425121423
493,4,8.0,44.685901140808454,0.29413713150049686,0.12177744493710582,4,0.32045125482625536,0.5,0.0006092749076555771
494,1,10.0,0.0,0.23294858342077648,0.009982740208969398,1,0.25563912126411725,0.0,0.0002979950881246043
495,14,8.0,729.4083027882939,0.3006093432633717,0.183440405830592,8,0.33278233590733725,0.16483516483516483,0.0017816874851699436
496,2,9.0,0.9623834297747342,0.25517241379310346,0.04040642394757526,2,0.2740070427570395,0.0,0.0003944616311726517
497,5,8.0,23.510166796679542,0.2880311385014596,0.13213040916467483,5,0.3164535070785074,0.6,0.0006905504261795338
498,12,8.0,2026.1240624074562,0.31125131440588855,0.24023939610824846,7,0.3450946482196507,0.25757575757575757,0.0017663196126754335
499,7,8.0,570.9591126377657,0.27056672760511885,0.03703301126357743,4,0.29512414199914105,0.047619047619047616,0.0012290278085933428
500,1,9.0,0.0,0.2748375116063138,0.04910630199433933,1,0.2999253718003715,0.0,0.00028674760425121423
501,7,8.0,95.69075125041036,0.2651537772469394,0.054300652062963244,6,0.28632963320463034,0.14285714285714285,0.001022059742764285
502,11,8.0,1566.8050922755565,0.28316326530612246,0.16909967517494515,8,0.3121929965679961,0.2,0.00158477763665992
503,31,8.0,2330.6583659394987,0.3193096008629989,0.5100767310958136,9,0.365391731016734,0.2129032258064516,0.0036303923064114844
504,4,8.0,1206.6818977682,0.3055746730901583,0.07814207828207086,3,0.33167497854998024,0.3333333333333333,0.0008201265650960965
505,18,8.0,580.0189192274253,0.29413713150049686,0.35362435077433113,9,0.33305314242814343,0.27450980392156865,0.0021523115191539417
506,1,9.0,0.0,0.23411547587661483,0.003921770152553419,1,0.24555895180894824,0.0,0.0003430058039698384
507,9,7.0,326.7240017941624,0.2884990253411306,0.1254256388233552,7,0.31543060918060906,0.2777777777777778,0.001202007813376513
508,8,8.0,2385.8519123228716,0.2943321179980113,0.09800210785134175,6,0.32286170098670147,0.0,0.0013280451488540351
509,3,9.0,99.65124072686397,0.2567215958369471,0.03908652891920788,3,0.2777406871156837,0.0,0.0006153003060708269
510,12,8.0,158.49883356385,0.2803030303030303,0.19989720258934054,8,0.31034293221793147,0.4696969696969697,0.0014890016206293556
511,1,9.0,0.0,0.25480631276901006,0.037029620777195404,1,0.274062008437005,0.0,0.0002718370993096095
512,13,8.0,7380.795635675541,0.3108155407770389,0.14272146987886394,7,0.34229810167310404,0.11538461538461538,0.0018293146325107298
513,1,9.0,0.0,0.22745901639344263,0.004918499096880274,1,0.23982777420276968,0.0,0.0003098337059526699
514,8,8.0,2144.948292876996,0.2894393741851369,0.0632479366091145,6,0.3158904440154442,0.07142857142857142,0.001474241252815728
515,1,10.0,0.0,0.2161109759065466,0.002163505511486771,1,0.22920465107964655,0.0,0.000324805384550095
516,4,8.0,9.62946542476454,0.2699908786865309,0.08984920842251284,4,0.29321777134276966,0.5,0.0005881150577774936
517,8,8.0,86.06077325323872,0.2777604003753519,0.16169594392775558,7,0.3064765658515648,0.35714285714285715,0.0010632599327081022
518,4,8.0,12.260900736014772,0.29277942631058357,0.12273134789517676,4,0.31881837194337237,0.5,0.0005933451579719955
519,1,9.0,0.0,0.23890234059725585,0.01246063280032524,1,0.253077184327181,0.0,0.00029276668070380747
520,2,9.0,4.240762667271956,0.23826133619533135,0.02433391572601222,2,0.25550639925639523,0.0,0.00041969542880031246
521,2,8.0,104.06616504765474,0.25524576027594137,0.011679256433206397,2,0.27128780566280264,0.0,0.00046070444688132826
522,14,8.0,204.4992479380554,0.27802128991859737,0.25837796445874245,9,0.3108416452166446,0.3736263736263736,0.0016849799547000639
523,2,9.0,8.96878770322222,0.2777604003753519,0.06948438307759931,2,0.3047489453739453,0.0,0.000393762438207992
524,6,8.0,1280.2570276217773,0.27854454203262236,0.034871986565841374,5,0.30430206992706976,0.0,0.00112794786666439
525,12,8.0,495.4012877233666,0.3127861923212399,0.27397221709416886,9,0.34828533891034186,0.3181818181818182,0.0015799879064003928
526,2,8.0,0.0,0.29000653167864143,0.07338858899608226,2,0.31209915272415284,1.0,0.0003803618477214741
527,7,8.0,699.2335607264305,0.30951551063088184,0.09315216116554774,6,0.3357370763620782,0.19047619047619047,0.0010409543783579324
528,10,9.0,598.3690506845228,0.290671031096563,0.17957380006826493,7,0.3234131452881462,0.24444444444444446,0.0013668767761735063
529,2,9.0,9.690122645908248,0.23554376657824933,0.010978906958936368,2,0.24982214357213994,0.0,0.0005041119521575462
530,9,8.0,92.35025686473777,0.290956749672346,0.1766064251069521,7,0.32148353710853755,0.3055555555555556,0.0011514449185352853
531,5,9.0,194.62798153853512,0.2801261829652997,0.06351213326733222,4,0.3096288252538254,0.2,0.000864689757924507
532,1,10.0,0.0,0.21942179392142327,0.001947906209354967,1,0.23226306663806193,0.0,0.00032002806291477157
533,4,9.0,904.2689341178404,0.27007299270072993,0.0471567671708432,3,0.29445293507793385,0.16666666666666666,0.0008245396510994578
534,2,9.0,7.10169968919969,0.2512022630834512,0.023012448050602426,2,0.26865660303159966,0.0,0.00042849526632820166
535,60,7.0,18581.87154353003,0.3572003218020917,0.7756661191931125,9,0.4113470613470587,0.10451977401129944,0.007447401529832552
536,7,9.0,1024.195799934198,0.2622563496751329,0.035492512520072864,5,0.2897647647647618,0.19047619047619047,0.0012748900186037276
537,27,8.0,4037.3760132053444,0.32901074472026676,0.41649681771956715,9,0.37136019948520155,0.1794871794871795,0.0034628874936127067
538,11,8.0,1217.2349561517865,0.27836990595611283,0.1674540496613355,7,0.30840170527670435,0.2363636363636364,0.0015690656618735724
539,9,9.0,678.5618882510789,0.2907662082514735,0.11891974093609181,7,0.3272232053482068,0.16666666666666666,0.0013131409470957319
540,1,10.0,0.0,0.20733130982955872,0.002162705751342406,1,0.21862844987844637,0.0,0.0003537536829580012
541,2,10.0,1772.0000000000002,0.23227831545906355,0.005842103722231655,1,0.2458967896467861,0.0,0.0007497909945156341
542,13,9.0,488.95898647780785,0.29959514170040485,0.20715106483809845,8,0.33279752967253123,0.11538461538461538,0.0016370324064665903
543,5,8.0,103.63970177271266,0.2959013662112629,0.12700111319041327,5,0.3268326362076374,0.3,0.0007204600509474984
544,24,8.0,3943.4937025141085,0.2976868923902112,0.19549419793658818,7,0.33759518447018577,0.13405797101449277,0.003410271000079893
545,14,8.0,2241.0104059811943,0.30567986230636834,0.20336232022304052,7,0.3446147039897061,0.32967032967032966,0.0019308934808606674
546,18,8.0,3507.3425310658395,0.32611090708777085,0.21014627793399493,7,0.36381515444015716,0.20261437908496732,0.002486650622494353
547,21,8.0,3348.2383080934874,0.32503660322108346,0.31880430980461477,8,0.3643594487344517,0.19523809523809524,0.0028764058406851914
548,5,9.0,68.30876356167478,0.2605633802816901,0.04771068379000503,5,0.28386734949234615,0.2,0.0008010844662010888
549,50,8.0,22138.70573045372,0.352101506740682,0.40417663877801885,8,0.40668302230801984,0.06448979591836734,0.007227616975652182
550,9,9.0,691.0929864655612,0.2795969773299748,0.08288115409060305,5,0.31083807021307014,0.05555555555555555,0.0013574470188337632
551,17,8.0,5387.551645088104,0.32185574483508517,0.13753155938762993,7,0.357087891462895,0.15441176470588236,0.0024927051278913867
552,2,9.0,13.786042426163329,0.23448640084499603,0.009871063297096498,2,0.24858876733876356,0.0,0.0004992401442851191
553,3,9.0,30.79389490423039,0.24150122382376937,0.011374019777079995,3,0.25728675103674764,0.3333333333333333,0.0005687120852470916
554,7,7.0,1532.7394109763086,0.30962343096234307,0.10773520722562756,5,0.3333172458172476,0.09523809523809523,0.0010821017812314164
555,4,8.0,41.1751690517212,0.2546601663320906,0.032674677455107,4,0.2747922029171996,0.3333333333333333,0.0006728045463432149
556,16,8.0,3966.2482284645034,0.2926829268292683,0.09645365313394261,6,0.32742251179751247,0.075,0.002601943015180088
557,6,8.0,439.5771563717697,0.2847066367425457,0.10624436454914825,5,0.31485816173316195,0.26666666666666666,0.0009016775614758123
558,3,9.0,10.428485757988781,0.25995316159250587,0.045288529686326594,3,0.27904377591877283,0.0,0.0004969897093565151
559,14,8.0,1571.3870061149405,0.3027616774633481,0.22739201170636109,8,0.33499705062205215,0.19780219780219782,0.0018909472114646765
560,3,9.0,51.601622375947876,0.2781954887218045,0.07907113521102715,3,0.3060815279565279,0.3333333333333333,0.0004996847893272146
561,31,8.0,5212.148236225054,0.30833333333333335,0.40080038186837036,9,0.35391596954097215,0.13548387096774192,0.004260982489842961
562,1,9.0,0.0,0.22722620266120777,0.008541817005409302,1,0.23946446446446001,0.0,0.00029124426505708356
563,14,9.0,1962.949824535951,0.27942101950912523,0.06188236723296575,6,0.3148277742027746,0.16483516483516483,0.0021791946155833306
564,1,9.0,0.0,0.26941747572815533,0.03665577929360107,1,0.2879589410839388,0.0,0.0002770247025567077
565,4,8.0,33.88510503458175,0.2882181110029211,0.10370612078184266,4,0.31485816173316167,0.5,0.0006179885104090958
566,7,9.0,1948.7660296120146,0.25414997137950773,0.02802515184655223,5,0.2839571714571677,0.047619047619047616,0.001283067293428033
567,27,8.0,2751.5340157110913,0.31816553206735937,0.4060374640287637,9,0.35953587516087826,0.17094017094017094,0.003399294725694769
568,1,9.0,0.0,0.2374331550802139,0.01205705957453348,1,0.2514898827398791,0.0,0.00029384321478474285
569,10,8.0,856.2804012328571,0.30515463917525776,0.14605166946716455,6,0.33379584942085105,0.2,0.0013913266599541421
570,6,8.0,466.4170189653715,0.2803030303030303,0.043999308352403343,5,0.3041867760617755,0.0,0.0009525091016390271
571,6,8.0,2.1489564123655183,0.2696629213483146,0.12874821993280486,6,0.2953574109824093,0.8666666666666666,0.0008328525885620327
572,9,9.0,613.2291891851829,0.25407725321888414,0.02191030053024304,5,0.28077318389818035,0.1111111111111111,0.0014542057948582047
573,6,9.0,501.9038500169071,0.264049955396967,0.07135222717337138,5,0.2881667381667352,0.2,0.0009347128625217483
574,10,8.0,172.25024000728922,0.29152987524622453,0.18720917722534,7,0.32519975332475404,0.4222222222222222,0.001306738943373902
575,3,8.0,0.0,0.27526348419094854,0.09661258839576134,3,0.2995803839553827,1.0,0.0004966375582390903
576,1,8.0,0.0,0.2632671212570412,0.038928888269618135,1,0.28188143500643204,0.0,0.0002742337638929274
577,1,9.0,0.0,0.23598192931171938,0.02039535884257935,1,0.2519698269698229,0.0,0.00027504772164245337
578,5,8.0,349.9901687998711,0.2905759162303665,0.0932914155278932,5,0.3191562097812102,0.3,0.000780418688947417
579,1,9.0,0.0,0.2374331550802139,0.012057059574533477,1,0.2514898827398791,0.0,0.00029384321478474285
580,2,9.0,0.0,0.249789029535865,0.040493325127185516,2,0.268619065494062,1.0,0.00039257713369423637
581,5,9.0,8.178115024107436,0.2545871559633027,0.06455920264195467,5,0.27633302945802596,0.0,0.0007280942658181508
582,1,9.0,0.0,0.2245259165613148,0.0031742676347671153,1,0.23616652366651908,0.0,0.00032536704199859944
583,11,9.0,185.13135699388604,0.2858982614294913,0.19300092872757707,8,0.3175653331903334,0.5818181818181818,0.0013800422949937264
584,2,8.0,0.0,0.25635103926096997,0.0471679642692421,2,0.2759799978549944,1.0,0.00038453736057601074
585,8,8.0,348.289673419343,0.30844043070510596,0.16203411582259877,6,0.3390511046761067,0.25,0.0010879951956696446
586,4,9.0,51.92159994869685,0.26539151225343693,0.02926446988729798,4,0.28852468539968273,0.16666666666666666,0.0007106800273370787
587,19,8.0,3163.686189733305,0.28925081433224753,0.15174023458177863,7,0.3245133526383529,0.14035087719298245,0.0027457691054079947
588,1,9.0,0.0,0.2357313512078577,0.02011524404392554,1,0.25357053482053077,0.0,0.0002855622997374586
589,1,9.0,0.0,0.22073079791200598,0.004754147136783769,1,0.23244762619762133,0.0,0.000305589666684629
590,2,9.0,20.750926656132293,0.2801261829652997,0.0708574525968413,2,0.3078270234520235,0.0,0.0003978832780687607
591,6,8.0,386.2852708564608,0.27040194884287455,0.07847655735337179,4,0.2950195731445715,0.2,0.0010210426387634295
592,9,8.0,787.5075560860956,0.29858776059179554,0.17488706285462835,6,0.3318626662376676,0.3055555555555556,0.0012420559752175642
593,1,10.0,0.0,0.21574344023323616,0.002470755053034238,1,0.2278532997282953,0.0,0.00045494581713297104
594,1,10.0,0.0,0.2082063305978898,0.0030877516845782263,1,0.22035517660517293,0.0,0.00032027608406492915
595,5,9.0,168.27467515644668,0.2792452830188679,0.0752195534791735,5,0.30837131774631776,0.2,0.0007847449873203086
596,10,9.0,1001.7061420008082,0.2723926380368098,0.12822865535422812,7,0.29945347132847033,0.4222222222222222,0.0014160845388227236
597,2,9.0,18.940873746136898,0.252129471890971,0.02661234268826571,2,0.2704208672958639,0.0,0.00044664453858472744
598,2,10.0,887.0,0.2207856787667827,0.003743432772806568,1,0.23874856999856586,0.0,0.0007242962126641454
599,1,9.0,0.0,0.2357313512078577,0.020115244043925534,1,0.25357053482053077,0.0,0.0002855622997374586
600,4,8.0,25.907617749273882,0.27994955863808324,0.0712037897186162,4,0.30477933290433207,0.5,0.0006624361131878696
601,6,8.0,392.55656957538645,0.26771178776002413,0.03452192320691137,4,0.2894640175890152,0.13333333333333333,0.0009891258479082057
602,1,8.0,0.0,0.254222731176639,0.011176356825979538,1,0.26924200986700686,0.0,0.0002937655414466367
603,3,9.0,12.77368966400652,0.27828267000940143,0.07390829462767425,3,0.3058750715000715,0.3333333333333333,0.0005324731791150032
604,1,9.0,0.0,0.22745901639344263,0.009008974562221597,1,0.2423736236236193,0.0,0.00029255113057322985
605,18,8.0,6040.369031209333,0.32023079697078977,0.17247836015885493,7,0.3563183719433754,0.08496732026143791,0.002643197993600348
606,2,9.0,0.0,0.2755197021408626,0.05383989282175562,2,0.30133302945802914,1.0,0.0004331679939610815
607,5,8.0,360.6559391773549,0.27205882352941174,0.03399090255646944,4,0.2914910446160431,0.0,0.0008293315862737685
608,9,8.0,799.0873285744885,0.27854454203262236,0.10336510472000371,6,0.3070959352209343,0.2777777777777778,0.0013524243233256192
609,6,8.0,155.84589480622395,0.2678733031674208,0.02644317474317967,5,0.28901356713856463,0.13333333333333333,0.000960307646818711
610,8,9.0,1673.4714694739457,0.26287744227353466,0.06152408847693709,5,0.2892539861289831,0.21428571428571427,0.0014263263546160968
611,1,8.0,0.0,0.21228783169973703,0.002430795819265326,1,0.2228925353925314,0.0,0.0003137172313754634
612,8,9.0,599.2254160608953,0.30101694915254235,0.14355095983028898,7,0.3366344022594044,0.2857142857142857,0.0011262443928923803
613,4,9.0,173.70250111597775,0.2506350550381033,0.011922717250676033,4,0.2715496746746715,0.0,0.0007428039976181872
614,3,9.0,900.1458770589575,0.25349700256922636,0.024785979142381724,2,0.27273746961246614,0.0,0.0007552577755866072
615,1,9.0,0.0,0.2357313512078577,0.02011524404392553,1,0.25357053482053077,0.0,0.0002855622997374586
616,32,7.0,18533.173956586783,0.340752110514198,0.22269121239433842,7,0.3814108751608761,0.08064516129032258,0.00470726146107131
617,1,11.0,0.0,0.17209302325581396,0.00010909215545148196,1,0.1792855761605776,0.0,0.0005147274932772556
618,11,8.0,245.24083757171087,0.2959013662112629,0.20553358026452448,7,0.33055689618189726,0.32727272727272727,0.0014145480427889287
619,3,9.0,12.818708715302007,0.26018165836507473,0.04021884210781671,3,0.28246505434005104,0.3333333333333333,0.0005254626969881726
620,1,9.0,0.0,0.2579895409645555,0.03756845608221768,1,0.2780691405691372,0.0,0.00027429931238310315
621,5,9.0,109.00090960235416,0.2857142857142857,0.09431777248608601,3,0.3179246210496218,0.4,0.0008612964100596828
622,1,10.0,0.0,0.220675944333996,0.0037340037997065064,1,0.2379978192478151,0.0,0.00031922463328540443
623,4,9.0,187.8654744873192,0.2529193961834235,0.035834938988101035,3,0.2728795760045726,0.0,0.0007530164468090569
624,5,8.0,270.98057707080125,0.27994955863808324,0.04203095088549766,3,0.30048128485628434,0.1,0.000886761934934787
625,6,9.0,6185.409749802763,0.26148409893992935,0.04309235767232562,4,0.28550023237522915,0.13333333333333333,0.0013060572287371202
626,8,9.0,398.14820506115143,0.26334519572953735,0.03318601108557404,5,0.28476825039324744,0.14285714285714285,0.0013567108226138131
627,1,9.0,0.0,0.24262295081967214,0.008656289923473356,1,0.2570829758329726,0.0,0.0002935465919180566
628,4,9.0,148.25439407220094,0.2483916083916084,0.03255435306496833,3,0.2720832439582402,0.0,0.0007544730849586838
629,4,8.0,93.57922097850621,0.2677925211097708,0.04873371810092938,3,0.2892575611325586,0.16666666666666666,0.0007097204662240996
630,1,9.0,0.0,0.2245259165613148,0.0031742676347671153,1,0.23616652366651908,0.0,0.00032536704199859944
631,1,9.0,0.0,0.2476296709425544,0.02090301185066962,1,0.26391882954382606,0.0,0.0002777457373895712
632,1,10.0,0.0,0.1992371550370204,0.0014882430566660466,1,0.2097494816244791,0.0,0.0003729233619780968
633,3,10.0,85.4368360144661,0.2334998685248488,0.009490210618937513,3,0.25526240526240135,0.0,0.0005956725950684301
634,37,9.0,7821.103196658753,0.2953109411373462,0.1488986002556032,7,0.3474103567853592,0.08708708708708708,0.005554927686309332
635,5,9.0,1809.8326307556504,0.24873949579831933,0.029653549523045924,3,0.27028144215643857,0.0,0.0012011438417129563
636,9,9.0,1424.7541304573588,0.26163818503241015,0.03983758380253717,6,0.29352790290290093,0.027777777777777776,0.0015226488445918393
637,3,10.0,14.009106352558405,0.24143556280587275,0.009675081706101266,3,0.2585911804661774,0.3333333333333333,0.0005916515963038275
638,7,8.0,286.0847255087709,0.27977315689981097,0.07294641760737686,5,0.3060073466323458,0.2857142857142857,0.001079710455755023
639,2,9.0,0.0,0.22040208488458674,0.0068531846354418354,2,0.23458592521092028,1.0,0.0004406083976590063
640,2,12.0,887.0,0.14704421261798312,5.5167346508839375e-06,1,0.15298025298025136,0.0,0.001161718831336062
641,2,9.0,0.0,0.21663820444010734,0.00567839294030646,2,0.22901606964106513,1.0,0.00043562373634753026
642,3,9.0,44.0679182826468,0.22710997442455244,0.006752855119660556,3,0.2462158587158541,0.3333333333333333,0.0006371024444452832
643,2,9.0,13.63807582630188,0.21861152141802068,0.003175093391901512,2,0.23293829543829064,0.0,0.0004952960162912246
644,7,9.0,170.5184116406764,0.26287744227353466,0.03150718534833175,5,0.2862804769054741,0.14285714285714285,0.0010820940174784582
645,18,8.0,3529.49558661418,0.2956058588548602,0.09712516939199427,7,0.33185194122694245,0.14379084967320263,0.0027423209585667415
646,3,9.0,40.04909506562013,0.25731671979136483,0.028546162622185012,3,0.27682101744601406,0.0,0.0005463857520767086
647,1,10.0,0.0,0.2043728423475259,0.0007412812844384788,1,0.2147330366080335,0.0,0.00038808480981360264
648,2,9.0,202.86498397880203,0.2187192118226601,0.0025435698368113813,2,0.23134831259830788,0.0,0.0006021801852016993
649,3,8.0,23.963492869564686,0.2660275614140204,0.056661514598506865,3,0.28724930287429995,0.6666666666666666,0.0005307858763737734
650,4,9.0,941.5472924971073,0.24308787298111142,0.016231164027269974,3,0.2667475511225471,0.0,0.000883245726860524
651,9,9.0,1727.434959670565,0.2764632627646326,0.04039347372545157,5,0.30160383597883544,0.027777777777777776,0.0014669166280574881
652,5,9.0,20.651288975132605,0.2573913043478261,0.03856876153938407,5,0.2791000822250788,0.5,0.0007783420627059945
653,5,9.0,484.317936779895,0.2717258261933905,0.033204603672097065,4,0.2976731195481189,0.2,0.0008995286662193787
654,8,9.0,550.4749901644268,0.2707317073170732,0.04128596455412996,5,0.2956541362791355,0.03571428571428571,0.0012805225020716526
655,1,10.0,0.0,0.20227790432801823,0.0012439509588102128,1,0.21179125554125272,0.0,0.0003827186119697666
656,6,8.0,1075.2444188036714,0.2733990147783251,0.0268920316368429,3,0.2935824217074203,0.0,0.0011359571068673276
657,1,9.0,0.0,0.2283363332476215,0.005556208660362754,1,0.24426926926926512,0.0,0.0003062657769659801
658,15,9.0,3651.42089191944,0.27906976744186046,0.056656987753656476,6,0.3157099063349067,0.10476190476190475,0.002515977355251233
659,19,9.0,3341.064731192316,0.282532612153993,0.0908097581090926,6,0.32087131774631844,0.0935672514619883,0.002922884713898161
660,2,9.0,4.089113159279064,0.22520923154958153,0.009249319048070236,2,0.24084128771628308,0.0,0.00045189147836649437
661,2,8.0,151.24992569292277,0.2547332185886403,0.011671762659348595,2,0.27055582368082065,0.0,0.0005059426027678122
662,3,9.0,61.46935489952169,0.25627705627705627,0.025209600555062037,3,0.27602200414700073,0.0,0.0005968759632858067
663,1,10.0,0.0,0.21985640009903443,0.0033475790465947145,1,0.23317156442155992,0.0,0.0003434709225973518
664,9,9.0,2049.486496097984,0.2756052141527002,0.04310829305797456,4,0.3046926390676389,0.05555555555555555,0.001652574448198254
665,20,9.0,6161.87570914326,0.2830729996812241,0.07440079501656652,7,0.3239225832975844,0.09473684210526316,0.0035410758682002615
666,1,10.0,0.0,0.19287576020851432,0.0008502301570404907,1,0.20353970041469863,0.0,0.0003548275445586596
667,14,9.0,1389.845537931429,0.2774133083411434,0.05548583482410926,6,0.31135555198055204,0.10989010989010989,0.002154359103588279
668,3,10.0,892.8404645865385,0.1979933110367893,0.000912167607849494,2,0.21093727656227407,0.0,0.0009905316517640492
669,6,9.0,108.55560931844661,0.26350148367952525,0.02908086364535248,5,0.2892017017016989,0.13333333333333333,0.000995749124264792
670,5,9.0,133.09539559916846,0.23454833597464342,0.0065289943047109455,4,0.2535571285571246,0.0,0.0009507728550234125
671,4,9.0,956.3307706308103,0.2817258883248731,0.06670120219669373,3,0.31080053267553287,0.16666666666666666,0.0008223153586374136
672,8,9.0,441.6729496935205,0.25414997137950773,0.022436488281154836,5,0.2827733983983946,0.03571428571428571,0.0013456480082380924
673,1,10.0,0.0,0.19559471365638767,0.0008146045769805392,1,0.20730283855283635,0.0,0.0003564186258447465
674,3,10.0,4419.0,0.20781652234963727,0.002173683673353187,1,0.22084316459316092,0.0,0.0012211714743189936
675,1,10.0,0.0,0.21413069688931757,0.0064354995967090154,1,0.2262472293722251,0.0,0.00028909609468682747
676,5,9.0,572.2711002408398,0.26666666666666666,0.027420554965172123,4,0.29144322894322694,0.1,0.0008871009516366379
677,11,8.0,749.5851576866895,0.2809237583043341,0.05052636620261382,6,0.30941521879021827,0.14545454545454545,0.001673420653027091
678,4,9.0,185.37661203157626,0.23711615487316423,0.007358163850892558,3,0.25629334691834305,0.0,0.0007825327846032793
679,1,11.0,0.0,0.20348304307974335,0.002507626902670611,1,0.21901905964405638,0.0,0.00031474533258947263
680,9,8.0,419.24648722005384,0.28334396936821954,0.05781213557586231,6,0.311723777348777,0.25,0.001348479653274679
681,2,9.0,24.05075936450703,0.26210153482880755,0.021950219699624483,2,0.28278144215643913,0.0,0.00043574892237548894
682,4,9.0,891.8710004810006,0.23890234059725585,0.016941011049813166,3,0.2602428321178281,0.3333333333333333,0.0008757582855141863
683,1,10.0,0.0,0.23313205565765294,0.007638424242044837,1,0.25325280637780256,0.0,0.00029631401802719003
684,1,10.0,0.0,0.21904292057227429,0.0025294066826307905,1,0.2311244279994233,0.0,0.00032261380944948744
685,1,10.0,0.0,0.23040996367410482,0.007207581857051458,1,0.24889845202344824,0.0,0.00030159858542014203
686,12,9.0,4102.954678557894,0.27424336009882644,0.04145473937664697,6,0.30677731302731276,0.10606060606060606,0.0020976165548607165
687,2,10.0,871.4178612420329,0.21542940320232898,0.002086161797201749,2,0.23062079937079485,0.0,0.0006259154249721294
688,1,9.0,0.0,0.2550991094513071,0.013177719422885998,1,0.274130380380377,0.0,0.00029486148489529725
689,24,9.0,5194.476131692546,0.30390143737166325,0.15219717674808447,7,0.35311606249106525,0.15579710144927536,0.0036024030816071933
690,14,8.0,4344.362258032591,0.3230265551109494,0.15594761844928193,6,0.3576321857571893,0.12087912087912088,0.002294485032564327
691,13,8.0,4059.773073999272,0.2781083620419668,0.05590397379120903,6,0.3079137172887164,0.08974358974358974,0.0023733581400608265
692,7,10.0,407.82424695203355,0.23623304070231443,0.015395896930630055,4,0.26449798012297604,0.047619047619047616,0.001254620032124571
693,2,10.0,79.2505580506659,0.21931341071869598,0.0021763220299518995,2,0.23229211354210869,0.0,0.0005155538540172971
694,1,10.0,0.0,0.23040996367410482,0.007207581857051452,1,0.24889845202344824,0.0,0.00030159858542014203
695,1,9.0,0.0,0.22647283856159142,0.004840785736463173,1,0.241028975403971,0.0,0.00030695713156840364
696,37,8.0,15212.285328650094,0.31839368949444247,0.17940382225576695,7,0.3704700235950257,0.060060060060060066,0.0054681649685295606
697,1,10.0,0.0,0.2280431432973806,0.007472876318077025,1,0.2487027205777165,0.0,0.00029634211249134626
698,3,10.0,957.1701229607407,0.20348304307974335,0.0014513080202620808,2,0.21935819748319413,0.0,0.0009217691975309975
699,1,11.0,0.0,0.16911064559131594,7.283779240526793e-05,1,0.1779123279123293,0.0,0.00042989684818730753
700,1,10.0,0.0,0.19759679572763686,0.0007822141501300065,1,0.20898532461032227,0.0,0.00035263246103296253
701,14,8.0,1519.5623949261756,0.2907662082514735,0.08295980366078075,7,0.3233041076791081,0.13186813186813187,0.00207570326147281
702,1,9.0,0.0,0.2283363332476215,0.005556208660362755,1,0.24426926926926512,0.0,0.0003062657769659801
703,3,9.0,20.532018655753795,0.24019475250202868,0.01175077616027249,2,0.2599827506077467,0.3333333333333333,0.0006450755592422041
704,6,8.0,1122.8040884128698,0.27933312362378104,0.049768985435915264,5,0.30507963320463244,0.33333333333333337,0.001078592764576438
705,3,9.0,3.4945436785673776,0.24368825466520308,0.017216259618431793,3,0.267791899041895,0.3333333333333333,0.0005585215667579038
706,20,9.0,4773.578625575087,0.2992922143579373,0.12999109257042823,7,0.3452894859144887,0.16842105263157894,0.0031981078256611006
707,3,9.0,424.62104853671445,0.2336842105263158,0.011834099159978408,2,0.25308388745888316,0.0,0.0006369488694735157
708,22,8.0,5407.6928120841985,0.29580279813457694,0.11070860228942797,7,0.3347905941655955,0.13852813852813853,0.003559777762045392
709,14,8.0,2638.241744911604,0.2882181110029211,0.05739964887549155,6,0.3202260296010299,0.09890109890109891,0.00229122241592448
710,1,10.0,0.0,0.21371841155234658,0.002033458718426098,1,0.22876537251536824,0.0,0.00033611321362342784
711,2,10.0,886.9999999999999,0.2183427587902631,0.002850663419904487,1,0.2348406442156395,0.0,0.0007118912431650463
712,1,11.0,0.0,0.17924909164311667,0.00014306820295721223,1,0.1882172757172761,0.0,0.0004712826872320239
713,4,9.0,115.87887059458039,0.2559815508792159,0.022346224581789472,4,0.28112576862576494,0.16666666666666666,0.0006889733290662332
714,5,9.0,180.1206939118721,0.251131221719457,0.017736793867826176,4,0.2718875125125092,0.1,0.0009402913321652192
715,2,9.0,10.381066809869154,0.25679583574320414,0.016568384059874826,2,0.2772084584584551,0.0,0.00044688852866503384
716,7,10.0,312.8736199511726,0.24143556280587275,0.011599638916968493,4,0.26527956527956165,0.0,0.001235389427494347
717,4,9.0,6.840432802028095,0.2638930163447251,0.027915988801032788,4,0.28899524524524245,0.6666666666666666,0.0006832716256258054
718,2,10.0,7.229065013144472,0.19865771812080538,0.0010968256697054138,2,0.21273371585871315,0.0,0.0005161366606727205
719,3,9.0,13.61963540682588,0.24557522123893805,0.013248069824778547,3,0.2689984627484591,0.3333333333333333,0.0005662137483374032
720,1,9.0,0.0,0.22379032258064516,0.0028807556015386787,1,0.2374293936793891,0.0,0.0003078388412823193
721,2,10.0,13.323870705013121,0.21818181818181817,0.004298030532535149,2,0.23702094952094466,0.0,0.0004669985919521146
722,6,9.0,2480.158760326293,0.2461879678403105,0.015585778098954955,4,0.26987121049620694,0.06666666666666667,0.001298142721031272
723,6,9.0,614.1117287613508,0.23749665686012303,0.010020378285136777,3,0.2605203417703378,0.0,0.001178392273658707
724,5,9.0,940.475227543745,0.24435883324160704,0.01450445766095117,4,0.26997980122979715,0.1,0.0010329255008374929
725,1,9.0,0.0,0.2604869463185685,0.02028469056834244,1,0.28004120191619875,0.0,0.00029159839747303545
726,2,8.0,37.22832594100008,0.2664266426642664,0.017700309069741176,2,0.2844527563277536,0.0,0.00042968512403694317
727,1,11.0,0.0,0.16530156366344007,4.577958223324168e-05,1,0.17256725069225182,0.0,0.00044937954355335323
728,5,10.0,242.79946296548604,0.23203553697413118,0.007360416198936637,3,0.25522620835120435,0.0,0.0010081529308633682
729,5,8.0,2006.3866980779242,0.2897226753670473,0.05351431569672885,3,0.31316897254397275,0.0,0.001020092726841574
730,1,10.0,0.0,0.220675944333996,0.0037340037997065064,1,0.2379978192478151,0.0,0.00031922463328540443
731,1,9.0,0.0,0.25049365303244003,0.009896330652940063,1,0.26637887887887574,0.0,0.00029758992911398856
732,1,11.0,0.0,0.1889763779527559,0.0007878189954796214,1,0.2013138544388531,0.0,0.00034884443143788694
733,2,9.0,13.422527910685803,0.23504499735309686,0.00403540857859416,2,0.2468955562705525,0.0,0.0005030719292559176
734,8,8.0,630.5421139604939,0.2747524752475248,0.041849671391245895,6,0.3003874410124399,0.21428571428571427,0.0012944187788798164
735,43,8.0,22742.36918597292,0.34232845026985353,0.2625687744734027,7,0.39417497854997774,0.12513842746400886,0.0063808244333646786
736,2,11.0,62.3076830444218,0.20136054421768707,0.0029990680165228978,2,0.22126594939094615,0.0,0.0005498113025227686
737,19,9.0,3692.853209826591,0.2992922143579373,0.14361255346171842,7,0.3436378342628369,0.14619883040935674,0.0029700280636838056
738,1,11.0,0.0,0.18089223874516194,0.0001878742316462285,1,0.1905691811941813,0.0,0.0004765547992691071
739,5,10.0,902.2419256474518,0.23294858342077648,0.015697455797298168,3,0.2574972293722254,0.1,0.0010595030738293437
740,1,10.0,0.0,0.2172211350293542,0.001978776735466328,1,0.2285329972829927,0.0,0.0003294900248459385
741,6,9.0,1429.9348356193818,0.2595732242034493,0.025721553860771736,4,0.2836086086086053,0.26666666666666666,0.0012055957811303887
742,4,10.0,985.032411442302,0.2183427587902631,0.00297019110349568,2,0.2370102245102197,0.0,0.0009801544430470153
743,1,10.0,0.0,0.22034739454094293,0.004557531700491627,1,0.23661027098526652,0.0,0.0002994895408244683
744,4,9.0,393.0032418265864,0.23380726698262244,0.007174129619893509,3,0.2540236665236626,0.0,0.0007898706835237304
745,2,9.0,9.54693467838554,0.22710997442455244,0.006416132871917032,2,0.24541148291147885,0.0,0.0004487286318676921
746,2,10.0,1.2416666666666665,0.21407907425265188,0.0033429906226413336,2,0.22866884741884305,0.0,0.0004885329202086552
747,1,10.0,0.0,0.20742817098808689,0.0019993561796843437,1,0.2221650221650184,0.0,0.0003125346330983788
748,3,9.0,887.0,0.2582145972666473,0.018097791795718784,2,0.2791590697840664,0.3333333333333333,0.0007478984155770948
749,23,8.0,11258.804385377229,0.3340857787810384,0.1971864271759529,7,0.3749932968682982,0.18972332015810275,0.003486827606144798
750,8,8.0,3987.9508923825397,0.30515463917525776,0.0724842510188408,4,0.3309805341055357,0.07142857142857142,0.0014399673121663578
751,1,9.0,0.0,0.21764705882352942,0.002805691128819087,1,0.23057343057342594,0.0,0.00032391001804475916
752,8,9.0,129.63005154198208,0.26714801444043323,0.05133700865193729,6,0.29620245245245125,0.35714285714285715,0.0012163847085490621
753,1,10.0,0.0,0.220675944333996,0.0037340037997065072,1,0.2379978192478151,0.0,0.00031922463328540443
754,2,10.0,11.563946232142388,0.23775100401606425,0.012481024662255558,2,0.26295625983125587,0.0,0.00043556301758811334
755,1,9.0,0.0,0.24422442244224424,0.007826650235594113,1,0.2582520020019988,0.0,0.00030803692872117557
756,8,9.0,761.4059943960993,0.2846153846153846,0.07301687771671206,6,0.3176430895180903,0.25,0.001293887646574095
757,4,9.0,71.65790886352015,0.24469550840451915,0.015430290148920797,4,0.2684729372229335,0.0,0.0007457468025256782
758,1,10.0,0.0,0.22509505703422053,0.005050276513344296,1,0.2422757579007539,0.0,0.00030625443355566457
759,1,10.0,0.0,0.20527045769764216,0.0009082863068393859,1,0.2155181967681936,0.0,0.00038063345996704873
760,3,10.0,10.949522365176389,0.2050334795659201,0.0018831332608609701,3,0.22247381309880954,0.0,0.0006763146495158125
761,43,9.0,10760.017749265025,0.3035897435897436,0.19890815538258072,7,0.3618060024310051,0.10852713178294573,0.006539347890847274
762,16,9.0,2718.0706745600187,0.29698996655518395,0.13265824963901973,7,0.33958378020878266,0.2916666666666667,0.002408687860543467
763,3,9.0,73.43756039659283,0.25934579439252337,0.019112523118626337,3,0.2809984091234058,0.3333333333333333,0.0005910424090272316
764,9,9.0,2771.2162044110487,0.28443305573350414,0.0686876423380634,5,0.3180560024310032,0.16666666666666666,0.0016928341471232312
765,1,10.0,0.0,0.21305182341650672,0.0029995254516743137,1,0.22836854711854285,0.0,0.00032474585135152
766,2,10.0,887.0,0.21382133397543945,0.002038593535792284,1,0.22951612326611892,0.0,0.0007507362601600397
767,4,9.0,21.489678999043566,0.24395604395604395,0.022113812042145777,4,0.27015006077505654,0.5,0.0006999738743619154
768,21,9.0,2615.0681215886643,0.27802128991859737,0.09423808738994041,7,0.31922100672100717,0.16666666666666669,0.003248506290885881
769,5,8.0,71.4220121278874,0.2948207171314741,0.0809247082914322,5,0.31849930287430334,0.4,0.0007757922629268446
770,10,8.0,1618.78565377619,0.27289489858635524,0.030656026710049668,5,0.2992425461175448,0.06666666666666667,0.0017531941220107756
771,4,10.0,906.7241098775427,0.22963537626066718,0.0058672709232837576,3,0.24822143572143193,0.0,0.0009367607641136046
772,8,9.0,253.33232692824245,0.26578868602214906,0.04707281391911128,6,0.2952264764764749,0.21428571428571427,0.0012797962250651522
773,3,10.0,37.81526529844608,0.2334384858044164,0.011221375069954983,2,0.25757230444730045,0.0,0.0006728251897136282
774,1,10.0,0.0,0.21305182341650672,0.0029995254516743146,1,0.22836854711854285,0.0,0.00032474585135152
775,7,9.0,973.7105380346155,0.26163818503241015,0.02765504874042356,5,0.28679929929929626,0.19047619047619047,0.0012130185103914292
776,11,9.0,358.9818764447173,0.27424336009882644,0.06610594571065712,7,0.30726530101530075,0.41818181818181815,0.0016566914554595887
777,3,10.0,22.056541076181883,0.23215686274509803,0.008798383942713973,3,0.2544191512941474,0.3333333333333333,0.0006171961632817559
778,3,10.0,66.81508221256553,0.20631970260223048,0.0008196216741065456,2,0.2184836622336588,0.0,0.0008182127265793556
779,5,9.0,106.37129811975578,0.2660275614140204,0.030206158757284194,5,0.2917810667810647,0.2,0.0008662826734312499
780,17,9.0,3103.024351878708,0.29038587311968606,0.10062780002415712,6,0.3309313778063794,0.16911764705882354,0.0027505104933752693
781,1,10.0,0.0,0.21305182341650672,0.0029995254516743124,1,0.22836854711854285,0.0,0.00032474585135152
782,2,10.0,0.0,0.23417721518987342,0.008347251295009317,2,0.24868529243528908,1.0,0.0004782021653935329
783,9,9.0,2573.3286748969567,0.2540045766590389,0.02112701697831579,4,0.28474545974545595,0.027777777777777776,0.0017648728350610824
784,10,9.0,3083.6701113670083,0.28599033816425123,0.07257192978508484,5,0.3208900865150875,0.17777777777777778,0.001857609157183392
785,8,9.0,2026.6372625339418,0.2810126582278481,0.038812432543616306,5,0.3096006721006721,0.14285714285714285,0.0014239920379095679
786,2,9.0,0.0,0.2339920948616601,0.009573214519524807,2,0.25437491062490647,1.0,0.00043387410774701514
787,2,10.0,1.8152236652236653,0.22898401237751417,0.01005842485752284,2,0.24974572787072388,0.0,0.0004454753386524317
788,3,9.0,919.3514080153489,0.25679583574320414,0.014770182316755776,2,0.27792167167166826,0.0,0.0007741972973885024
789,1,9.0,0.0,0.21764705882352942,0.002805691128819087,1,0.23057343057342594,0.0,0.00032391001804475916
790,6,9.0,522.666995612096,0.2598010532475132,0.018535294253780803,4,0.2830080080080048,0.0,0.0011068242739726356
791,1,9.0,0.0,0.2283363332476215,0.005556208660362755,1,0.24426926926926512,0.0,0.0003062657769659801
792,1,10.0,0.0,0.23800589654248192,0.006226879288595601,1,0.25374213499213166,0.0,0.0003174163077949284
793,2,9.0,40.512272868947825,0.2525597269624573,0.008935849549312012,2,0.26926926926926625,0.0,0.0004607484700177283
794,4,9.0,219.6934580502272,0.23692636072572038,0.009034385022612942,3,0.2583833833833794,0.0,0.0007977285080457044
795,1,10.0,0.0,0.21759372702768928,0.004729591616766442,1,0.23500464750464278,0.0,0.0003002160682799458
796,1,10.0,0.0,0.18966253737718924,0.00018303464315918468,1,0.1959763334763324,0.0,0.0004782187383229867
797,2,9.0,887.0,0.2339920948616601,0.0036470029751140215,1,0.24568765193764827,0.0,0.0007282113633791207
798,3,9.0,211.0472587256019,0.2777604003753519,0.054871284713162126,3,0.3052932396682396,0.3333333333333333,0.0005776938697168024
799,4,9.0,79.25722305264249,0.24557522123893805,0.01933434380142497,4,0.2728903010152968,0.16666666666666666,0.000724419823272748
800,7,9.0,171.61664998546388,0.26397146254458975,0.04536150449792104,6,0.2922234734734711,0.38095238095238093,0.0011389580125643916
801,10,9.0,293.0602710989333,0.27197549770290963,0.05697476777551347,7,0.3031174031174026,0.2888888888888889,0.0015181395898796735
802,18,9.0,3713.455794803418,0.2901012740934335,0.09978838757396859,6,0.3301806270556286,0.08496732026143791,0.0029482074020553417
803,11,9.0,1422.2288619100239,0.26958105646630237,0.05404178625406596,6,0.3004334691834684,0.2363636363636364,0.0018682096100184347
804,3,9.0,55.45937458144911,0.24530386740331492,0.010891468149005901,3,0.26882954382954016,0.3333333333333333,0.0006153516212221146
805,3,9.0,344.03202884433557,0.25320786997433703,0.012993371409710231,2,0.27214089089088767,0.3333333333333333,0.0006797577305663602
806,19,9.0,4528.823379912072,0.2706491923194148,0.0597661626092977,6,0.30636440011439947,0.1111111111111111,0.0034874375374439478
807,1,11.0,0.0,0.16856492027334852,5.3349189089907916e-05,1,0.17701410826410965,0.0,0.00048732482159422036
808,2,10.0,887.0,0.20269344898425018,0.0010629935840155832,1,0.2176502395252363,0.0,0.000749637441664415
809,1,9.0,0.0,0.22384673556843962,0.0031124103010702077,1,0.2359265515515471,0.0,0.0003174289863486829
810,1,9.0,0.0,0.2748375116063138,0.049106301994339345,1,0.2999253718003715,0.0,0.00028674760425121423
811,1,9.0,0.0,0.24422442244224424,0.007826650235594108,1,0.2582520020019988,0.0,0.00030803692872117557
812,2,9.0,19.250785665189685,0.22520923154958153,0.0037020605792618022,2,0.24059059059058605,0.0,0.00047382688492070063
813,1,10.0,0.0,0.21305182341650672,0.0029995254516743132,1,0.22836854711854285,0.0,0.00032474585135152
814,2,10.0,5.002873414078846,0.22922044398554467,0.007220985545168322,2,0.24798146360645978,0.0,0.0004873242552301278
815,9,9.0,881.6372481280924,0.2712278558338424,0.049251677871637346,5,0.3011466823966818,0.2777777777777778,0.0014706863526398387
816,4,9.0,46.065285167409044,0.25162935675828846,0.024498254730509008,4,0.27765086515086124,0.0,0.0007146406578867178
817,7,9.0,298.0058499321889,0.249789029535865,0.028036665129613572,5,0.2795840483340443,0.09523809523809523,0.001198452377777404
818,12,9.0,4637.679151496172,0.2717258261933905,0.040517083913026934,6,0.30556002431002427,0.045454545454545456,0.0023630725374572605
819,8,9.0,1968.0266547598142,0.28334396936821954,0.06755969146211291,5,0.3161603567853574,0.10714285714285714,0.0014308427648942143
820,1,10.0,0.0,0.21238938053097345,0.002712232243898426,1,0.2262101387101345,0.0,0.0003130905605701176
821,13,9.0,1911.8565664708103,0.2904808635917566,0.10347670986792405,6,0.32836005648505806,0.24358974358974358,0.0020731610432957034
822,6,9.0,116.49764534907716,0.2828926409684613,0.07423754518638509,5,0.31418963606463657,0.4,0.0009744710824157565
823,2,11.0,887.0,0.19499341238471674,0.0016799675004022048,1,0.21111651424151184,0.0,0.0007638439787070206
824,4,9.0,210.05200413364335,0.25949736995908823,0.0174590692527954,3,0.28010689260688937,0.0,0.0007892578499601856
825,5,9.0,494.112713365822,0.28110161443494774,0.06344281864788733,4,0.3109426390676393,0.3,0.0008705649591002149
826,3,10.0,143.89500173046378,0.23832528180354268,0.017358099032443668,2,0.2645328364078324,0.0,0.0006384912557458982
827,2,10.0,0.6666666666666666,0.22560975609756098,0.004854369251402031,2,0.24270743958243565,0.0,0.0004741340496069125
828,12,9.0,1441.6297011276781,0.25,0.030988869967043416,6,0.2822492134992095,0.1212121212121212,0.0021100761056746294
829,1,11.0,0.0,0.18679007151872107,0.0002944647556060544,1,0.19637856200356116,0.0,0.00036779057126103777
830,2,10.0,1.1,0.206993006993007,0.0019430125448678989,2,0.2196102352352317,0.0,0.0005321196682071791
831,8,9.0,176.07380862335611,0.251772044230224,0.039843704726907674,6,0.28405101530101146,0.17857142857142858,0.0012609287337468252
832,2,10.0,1.6407598148977454,0.2339920948616601,0.01499088855314793,2,0.25864212426712024,0.0,0.0004372159932213714
833,4,8.0,709.6027203045576,0.30546955624355004,0.10248631295951538,4,0.3326134169884187,0.16666666666666666,0.0006801407317117196
834,1,10.0,0.0,0.20612813370473537,0.001290905289776695,1,0.21750813313312975,0.0,0.0003395216445470389
835,1,10.0,0.0,0.1964167219641672,0.0007279451786316888,1,0.208968343343341,0.0,0.0003443262440292436
836,5,9.0,58.149625391187236,0.2895337463319204,0.0796820240719644,5,0.3226731195481209,0.6,0.0008074629081337814
837,3,9.0,260.8179252473426,0.23307086614173228,0.005221907267895429,2,0.25132632632632235,0.0,0.0007074741268158863
838,17,10.0,2105.089929973258,0.2553925798101812,0.04996498267577761,6,0.2903412340912308,0.11764705882352941,0.0029203284740516554
839,10,9.0,646.2893180792043,0.2837967401725791,0.07560381393639425,6,0.31724894537394605,0.15555555555555556,0.0015554911770203725
840,13,10.0,834.03110707017,0.23948220064724918,0.0355250910813981,6,0.27495218432717994,0.16666666666666666,0.0022653468035889438
841,4,9.0,71.12274467141106,0.25731671979136483,0.01954910164760064,4,0.2781281281281248,0.16666666666666666,0.0007159249401227731
842,9,9.0,651.7558840900367,0.288780487804878,0.09095232891534238,6,0.3239869333619346,0.4166666666666667,0.001399887212787658
843,1,11.0,0.0,0.1761904761904762,0.00010231229393464117,1,0.18484560047060136,0.0,0.0004877918194548373
844,8,10.0,2717.709427601669,0.24202780049059688,0.03338938488221008,5,0.274198752323748,0.14285714285714285,0.0016541822113733283
845,3,9.0,75.5839059306833,0.2486698403808457,0.019774422050749797,3,0.2754549192049153,0.0,0.0006037306167087945
846,4,10.0,902.2739225646294,0.23011142783104432,0.006745837926411064,3,0.2519604425854386,0.0,0.0009296818658459375
847,1,10.0,0.0,0.21371841155234658,0.002033458718426097,1,0.22876537251536824,0.0,0.00033611321362342784
848,1,10.0,0.0,0.20004505519261095,0.0015552597009183288,1,0.21492742742742454,0.0,0.0003181926330388423
849,3,10.0,899.68389643774,0.24019475250202868,0.00803002749881394,2,0.2587909337909304,0.0,0.0008021357319172847
850,4,10.0,478.033782575062,0.2449655172413793,0.009935809809936713,3,0.2659042971542938,0.3333333333333333,0.0008274167213930845
851,5,9.0,988.0241998507896,0.24790619765494137,0.021001234467460137,3,0.274835549835546,0.1,0.0010392609838022141
852,16,9.0,2837.159382142947,0.2897226753670473,0.09576138886711014,6,0.32888558201058354,0.21666666666666667,0.002574726862376328
853,3,10.0,0.0,0.2285126093669583,0.011878356496376766,3,0.24923897111396717,1.0,0.0005837392672492005
854,5,9.0,303.0206658456773,0.28334396936821954,0.06454466038423753,4,0.31448993636493694,0.3,0.0008556400074890428
855,24,10.0,4528.266909400696,0.2513444664590999,0.05821858890801461,6,0.29459638209637945,0.10869565217391304,0.004163647659867782
856,1,10.0,0.0,0.19870217050794362,0.0010540033783585582,1,0.21179304304304045,0.0,0.00034540327613324473
857,5,10.0,52.6861538791996,0.2444260941370768,0.01708150192847841,5,0.26787501787501444,0.4,0.0009169108606092969
858,8,10.0,140.31037303461423,0.2313705054715998,0.016483907576657922,5,0.2572532353782313,0.07142857142857142,0.0014524260882785456
859,2,10.0,0.0,0.23215686274509803,0.009031579146432251,2,0.25387485699985307,1.0,0.0004506649151797791
860,2,11.0,2.651791264291264,0.2039503904455673,0.0031221056943640892,2,0.2203891797641764,0.0,0.000493362669603641
861,2,10.0,41.74610282436641,0.2261268143621085,0.005443088729109821,2,0.24375849063348679,0.0,0.0004955031585757327
862,2,10.0,3.7068181818181816,0.24189594116044674,0.011420135996967081,2,0.2601985914485882,0.0,0.0004529691452409174
863,8,10.0,484.3361115528913,0.23711615487316423,0.019107079550328848,5,0.2623891748891711,0.14285714285714285,0.0014509543614320533
864,2,10.0,6.579575979575979,0.2286891578676281,0.006791070489745993,2,0.24901374588874195,0.0,0.00045606864344908016
865,2,10.0,0.0,0.22757560225525372,0.007727898901658438,2,0.24775623838123442,1.0,0.0004529737947373266
866,1,10.0,0.0,0.22150162135195808,0.0034472738823032836,1,0.23638236450736017,0.0,0.0003286076894485466
867,1,9.0,0.0,0.2748375116063138,0.04910630199433932,1,0.2999253718003715,0.0,0.00028674760425121423
868,3,9.0,536.8620579681465,0.27698066126013726,0.05160932717711892,3,0.30407326969826953,0.0,0.0006168247360889104
869,2,11.0,5.4637889343771695,0.20140621456112498,0.0014575954356608816,2,0.21558437495937202,0.0,0.0004987188630850848
870,1,10.0,0.0,0.23100936524453694,0.0074570826391189135,1,0.24431216931216562,0.0,0.0003183526389257329
871,4,10.0,264.87661473380143,0.24288840262582057,0.01224361652401291,3,0.26290129415129077,0.16666666666666666,0.0008405521741859536
872,3,10.0,7.587132312132313,0.22481012658227847,0.007916780357613788,3,0.24345819033318622,0.3333333333333333,0.0006408247396881175
873,4,10.0,14.90858721664772,0.23961144090663788,0.01581144285032497,4,0.26505434005433615,0.6666666666666666,0.0007509206643407262
874,1,10.0,0.0,0.22244488977955912,0.003642217284226627,1,0.23777125339624916,0.0,0.00032662568724748617
875,1,11.0,0.0,0.20090497737556562,0.002921856307418124,1,0.21978321665821351,0.0,0.0003161914301738942
876,1,10.0,0.0,0.23040996367410482,0.006523952243761636,1,0.2495392714142676,0.0,0.00030464849147750596
877,2,10.0,34.57601350062634,0.2095327984898537,0.001538459211646846,2,0.2231012262262223,0.0,0.0005496938172922927
878,1,11.0,0.0,0.19490781387181738,0.0016757359916957143,1,0.21036576349076117,0.0,0.00034448576884530015
879,1,10.0,0.0,0.20781652234963727,0.001781287102934499,1,0.22058889246388882,0.0,0.0003235369825745303
880,1,11.0,0.0,0.18710493046776233,0.00033855800121241724,1,0.19831085143585042,0.0,0.00036628630537911166
881,3,11.0,27.20994317267137,0.20149761742682096,0.004977954485474349,2,0.22250468812968482,0.3333333333333333,0.0006748991020336943
882,1,11.0,0.0,0.20090497737556562,0.002921856307418121,1,0.21978321665821351,0.0,0.0003161914301738942
883,2,11.0,1.0,0.17752898840463815,0.0001124642392674902,2,0.1868677118677125,0.0,0.0007261302198805987
884,2,11.0,14.582138757966773,0.17935770551403757,0.00015471134092721853,2,0.18998198685698708,0.0,0.0006856170714836364
885,1,10.0,0.0,0.23800589654248192,0.0062268792885956,1,0.25374213499213166,0.0,0.0003174163077949284
886,1,11.0,0.0,0.193717277486911,0.00040300850529410154,1,0.20323184385684206,0.0,0.0003960006995967562
887,1,12.0,0.0,0.16320529314464252,8.43136827837528e-05,1,0.17247251309751432,0.0,0.0004933625998373183
888,1,13.0,0.0,0.12821253248628356,2.76872150950942e-07,1,0.13209826334826413,0.0,0.0006624594122045973
